0.	0.	0.	0.	0.	0.	0.	0.	0.	0.	0.	0.	0.	0.	0.	0.	0.	0.	0.	0.	0.	0.	0.	0.	0.	0.	0.	0.	0.	0.	0.	0.	0.	0.	0.	0.	0.	0.	0.	0.	0.	0.	0.	0.	0.	0.	0.	0.	0.	0.	0.	0.	0.	0.	0.	0.	0.	0.	0.	0.	0.	-162970.0497400365	-239965.10490643684	-302070.0446375211	-356850.5872525818	-407874.5116386627	-455851.6353413313	-502441.61899645254	-547380.8067829472	-591793.8838506767	-635499.4617565357	-678785.9670756814	-722093.3791982033	-764745.7621384251	-808183.8899759986	-850938.704807355	-893915.2235051156	-937030.1479180881	-980362.4574431861	-1.0241174506411467e6	-1.0679112637442737e6	-1.1115348854113345e6	-1.1563879795046605e6	-1.2010440854952827e6	-1.2458475721945958e6	-1.2912993291676275e6	-1.3368502537840889e6	-1.3830293131116438e6	-1.4294932894991774e6	-1.476587678599089e6	-1.5238561260719218e6	-1.5709620995265483e6	-1.6194712108233338e6	-1.6673385990729672e6	-1.7167363146572323e6	-1.765868309711089e6	-1.815439603491297e6	-1.8659591752980917e6	-1.916451492652222e6	-1.9678811285495695e6	-2.0190628267706877e6	-2.0710466989630219e6	-2.1237251835471704e6	-2.1760758778035673e6	-2.230087452679507e6	-2.28401870869173e6	-2.337741945858659e6	-2.393396654259377e6	-2.448339663751422e6	-2.5039716928034825e6	-2.560335148186943e6	-2.6160897765944474e6	-2.6733776526715173e6	-2.7304651723482977e6	-2.7890340202513435e6	-2.847006251119436e6	-2.906632955182063e6	-2.9656945329606226e6	-3.0264834353026366e6	-3.086731487683505e6	-3.148013482669835e6	-3.2093446658480004e6	-3.2704211137012457e6	-3.332951759109121e6	-3.3968526975538535e6	-3.459454387898198e6	-3.5237312750168694e6	-3.5881035042358683e6	-3.652572088138187e6	-3.7185402054392775e6	-3.784329139336708e6	-3.850771538699027e6	-3.9166534449654846e6	-3.984828998336899e6	-4.052502893278396e6	-4.12106027935796e6	-4.1890811995881745e6	-4.258534660150745e6	-4.328559133747315e6	-4.398483227369198e6	-4.469699200265116e6	-4.540847315281139e6	-4.612833153937887e6	-4.684707161283785e6	-4.75793366872e6	-4.831220962258132e6	-4.904275960273546e6	-4.978958889799522e6	-5.0533781300936835e6	-5.129471548446635e6	-5.205268831742341e6	-5.28099558249911e6	-5.358149840978554e6	-5.434965368689938e6	-5.5125857201435035e6	-5.59154964888942e6	-5.670355566888486e6	-5.748932614843956e6	-5.829050394338587e6	-5.908887453977647e6	-5.9899867182125375e6	-6.069957439166237e6	-6.152871068727639e6	-6.234750237959e6	-6.316586257316576e6	-6.400396467616329e6	-6.48526881556576e6	-6.568985029590459e6	-6.652902011853033e6	-6.7391759524253905e6	-6.824326061837175e6	-6.910514042536458e6	-6.99718840011345e6	-7.085380789143842e6	-7.1734396268358845e6	-7.259045320971934e6	-7.349107645362573e6	-7.438865952019759e6	-7.529391463210728e6	-7.617303465726286e6	-7.708895306005099e6	-7.799282493218718e6	-7.8917566583732e6	-7.985354750028298e6	-8.0780258190593645e6	-8.169909303221353e6	-8.263755667261215e6	-8.359814045860785e6	-8.452895785096107e6	-8.548531533514818e6	-8.643301748101493e6	-8.740119965648644e6	-8.837074520898994e6	-8.935194352942772e6	-9.031264764642257e6	-9.129897195854228e6	-9.227934539674453e6	-9.329519835783778e6	-9.428451109833112e6	-9.527798991767155e6	-9.629955356322402e6
-0.000013522304008884842	0.	0.	0.	0.	0.	0.	0.	0.	0.	0.	0.	0.	0.	0.	0.	0.	0.	0.	0.	0.	0.	0.	0.	0.	0.	0.	0.	0.	0.	0.	0.	0.	0.	0.	0.	0.	0.	0.	0.	0.	0.	0.	0.	0.	0.	0.	0.	0.	0.	0.	0.	0.	0.	0.	0.	0.	0.	0.	0.	0.	-162388.2771858825	-239548.37656490202	-301601.5434637089	-356386.0897860785	-407209.20340610907	-455345.75296553795	-501795.9969862629	-547263.1435392908	-591670.3289565173	-635370.5404889766	-678523.1998112123	-721736.9076162915	-764603.0938930378	-807627.9899887628	-850788.2992406267	-893761.3469644826	-936810.6848623168	-980202.2325952557	-1.0239542798902649e6	-1.067381268421448e6	-1.111366413963784e6	-1.1562169532623787e6	-1.2008707041513436e6	-1.2456719747656814e6	-1.2909697210998035e6	-1.3366704819536374e6	-1.3828475773646703e6	-1.4293096882640736e6	-1.4764022616814624e6	-1.5236689975762086e6	-1.5707733986038158e6	-1.619280884250303e6	-1.6671468340485785e6	-1.7165430423151387e6	-1.765201450386823e6	-1.8152436377740805e6	-1.8657618835192493e6	-1.916252972307131e6	-1.9676813738546192e6	-2.018861951312862e6	-2.0708447076086327e6	-2.123522091842151e6	-2.175795933412091e6	-2.2298823053611172e6	-2.283383345995063e6	-2.337534926510217e6	-2.3917452136223926e6	-2.4481307987068603e6	-2.5037619798017708e6	-2.5601245921381153e6	-2.615878491139374e6	-2.6731655753382575e6	-2.7302523798335358e6	-2.787913297851324e6	-2.846792019947684e6	-2.906417988611243e6	-2.9654789285722766e6	-3.0262671216967455e6	-3.0865145572135733e6	-3.147795914211399e6	-3.2091265067204772e6	-3.27020242955127e6	-3.3327324998567e6	-3.3966328211832587e6	-3.459234025199012e6	-3.523510363755423e6	-3.587882083082662e6	-3.6522880544246333e6	-3.718317789798877e6	-3.784106254966783e6	-3.8505481877965997e6	-3.9164296993556046e6	-3.9846047656683e6	-4.052278240891423e6	-4.1208351958832685e6	-4.188855750950078e6	-4.258308804782283e6	-4.328332877169165e6	-4.397958581163661e6	-4.469472189073508e6	-4.540619947943732e6	-4.612605421518814e6	-4.684479101695332e6	-4.757705247887027e6	-4.830992208955348e6	-4.904046915930131e6	-4.978729508284038e6	-5.053148453459977e6	-5.129241529982616e6	-5.205038514128387e6	-5.2807649969349615e6	-5.357918952761079e6	-5.434734219892921e6	-5.512354303128233e6	-5.59131793398095e6	-5.670123587238204e6	-5.748700405284666e6	-5.828817917652421e6	-5.9086547463580975e6	-5.989753754368253e6	-6.069724286915915e6	-6.151601421115498e6	-6.234516593023253e6	-6.316352421888407e6	-6.400162391071221e6	-6.485034482202162e6	-6.56875050376488e6	-6.65266730766728e6	-6.738941008117836e6	-6.824090938156298e6	-6.910278724315197e6	-6.996952891368309e6	-7.085145059361224e6	-7.173203701076732e6	-7.258809299139459e6	-7.348871401188365e6	-7.438629515304621e6	-7.529154829024775e6	-7.617066734734663e6	-7.708658381541702e6	-7.799045430759029e6	-7.891519412340988e6	-7.985117305087289e6	-8.077788220917065e6	-8.169671592072756e6	-8.263517802618451e6	-8.359575981433442e6	-8.452657622740777e6	-8.548293217232991e6	-8.643063318298273e6	-8.7398813817082e6	-8.836835795292506e6	-8.934955470185062e6	-9.031025795075648e6	-9.129658086538484e6	-9.22769532139684e6	-9.329280431772009e6	-9.42821160368876e6	-9.527559387145523e6	-9.629715597047653e6
-0.000028667205376194548	-0.00001169723609567121	0.	0.	0.	0.	0.	0.	0.	0.	0.	0.	0.	0.	0.	0.	0.	0.	0.	0.	0.	0.	0.	0.	0.	0.	0.	0.	0.	0.	0.	0.	0.	0.	0.	0.	0.	0.	0.	0.	0.	0.	0.	0.	0.	0.	0.	0.	0.	0.	0.	0.	0.	0.	0.	0.	0.	0.	0.	0.	0.	-160048.0380004686	-237951.37218254458	-300030.8067997729	-355139.3840999211	-406330.7778558015	-454514.8235151317	-501047.7180501509	-546358.9814832336	-590732.1494567163	-634399.6866420043	-677520.8086699056	-721025.5168264555	-763539.8708869827	-806858.2813972186	-849817.1610644961	-892520.5948298012	-936026.3677478061	-979159.2612257373	-1.0228879811253165e6	-1.0668821042332966e6	-1.1108594200218702e6	-1.155082523320521e6	-1.199387044535606e6	-1.245143536481496e6	-1.290283069919149e6	-1.3361294812850154e6	-1.3818703447474192e6	-1.428316898648922e6	-1.4749023090622905e6	-1.5219749933067556e6	-1.5702055268444875e6	-1.617701624251834e6	-1.6665697411195366e6	-1.7159614138475542e6	-1.7646158485643975e6	-1.8146539035500279e6	-1.8651681590097318e6	-1.9156555504415743e6	-1.9670802377026426e6	-2.0182574420345891e6	-2.0702368401823125e6	-2.122910913266338e6	-2.1751817998253335e6	-2.2282683244282026e6	-2.2821763971061204e6	-2.3369119278899604e6	-2.391119616129447e6	-2.4475022462024624e6	-2.503130875423201e6	-2.5589858248943537e6	-2.6152426541293e6	-2.6725273554042787e6	-2.7296120072837863e6	-2.787366381679595e6	-2.846147317903281e6	-2.9057710739006796e6	-2.9648300941251093e6	-3.025616153490614e6	-3.0858617324798135e6	-3.1471411697409023e6	-3.2084699846295645e6	-3.269544326932004e6	-3.3320726666156338e6	-3.395372777469474e6	-3.458773078650685e6	-3.522845559370699e6	-3.5872157442431347e6	-3.6516203036293e6	-3.7176484583007847e6	-3.783435512854355e6	-3.8498760417708308e6	-3.915756364997868e6	-3.9839299660274712e6	-4.051602178087814e6	-4.11944617848076e6	-4.187900404242861e6	-4.257629121575058e6	-4.327651986691128e6	-4.39727665003741e6	-4.468789027721872e6	-4.539935714758046e6	-4.611920089768165e6	-4.683792785190937e6	-4.757017844475566e6	-4.830303805030894e6	-4.90335763584808e6	-4.978039213715929e6	-5.052457270631287e6	-5.128549318819139e6	-5.204345402731543e6	-5.280071078962534e6	-5.357224124160577e6	-5.434038606940997e6	-5.51165788296251e6	-5.590620617628857e6	-5.669425474204727e6	-5.748001600117666e6	-5.828118308746392e6	-5.907954442340328e6	-5.98905267941025e6	-6.069022644518127e6	-6.150899060914444e6	-6.233813468254247e6	-6.315648723546658e6	-6.399457967323083e6	-6.484329285981877e6	-6.568044728179873e6	-6.651960995059904e6	-6.738233973239235e6	-6.82338336328703e6	-6.909570563988309e6	-6.996244157666733e6	-7.084435660776763e6	-7.172493712824009e6	-7.258099020959149e6	-7.348160454305529e6	-7.43791798915123e6	-7.528442708840051e6	-7.616354322542228e6	-7.707945387370789e6	-7.798332021062972e6	-7.890805450417374e6	-7.984402744952968e6	-8.075173478294279e6	-8.168956230421721e6	-8.262801979074171e6	-8.358859557148109e6	-8.451940903307078e6	-8.5475760346778e6	-8.642345793858802e6	-8.7391633935584e6	-8.83611738086688e6	-8.934236583048578e6	-9.030306646275349e6	-9.128938517273307e6	-9.226975424047807e6	-9.32855997604106e6	-9.427490840399051e6	-9.526838327281e6	-9.628994072098467e6
-0.00004306493032999713	-0.00013607933447555234	-1.1880289838392427e-6	0.	0.	0.	0.	0.	0.	0.	0.	0.	0.	0.	0.	0.	0.	0.	0.	0.	0.	0.	0.	0.	0.	0.	0.	0.	0.	0.	0.	0.	0.	0.	0.	0.	0.	0.	0.	0.	0.	0.	0.	0.	0.	0.	0.	0.	0.	0.	0.	0.	0.	0.	0.	0.	0.	0.	0.	0.	0.	-156165.08504198657	-235261.5938651653	-298065.37886649003	-353068.5031398855	-404391.5389054722	-452800.6004726265	-499378.9131267319	-544502.3335537249	-588808.3928265773	-632818.2940618268	-676152.4343468596	-719238.002366468	-762334.1106294688	-805472.2490540963	-848187.909942826	-891749.480150651	-934417.8523670062	-978010.435447846	-1.021453403819749e6	-1.0654607202911691e6	-1.1090990060898776e6	-1.1538431552697301e6	-1.1985181264120159e6	-1.2434242407007618e6	-1.288981253101695e6	-1.3344970464810873e6	-1.3806412876654065e6	-1.4273963080441044e6	-1.4739729219860903e6	-1.5210371249503142e6	-1.5688185520818098e6	-1.6167476120894528e6	-1.6656079195709983e6	-1.7139419213895004e6	-1.7636398455269057e6	-1.8136710131764985e6	-1.8633120343397395e6	-1.914148950069681e6	-1.9647598417171263e6	-2.0172499265707196e6	-2.0692237278050366e6	-2.120655838874194e6	-2.1741582438473385e6	-2.2272398434317773e6	-2.2811429910910856e6	-2.3358735968561466e6	-2.390076953641151e6	-2.4448855661122813e6	-2.5011628666597065e6	-2.5568071464419262e6	-2.614182925779136e6	-2.671331980109923e6	-2.728544719700835e6	-2.7862955378320506e6	-2.845072814495912e6	-2.904692882716377e6	-2.9637487033798024e6	-3.0245312064803694e6	-3.084773691256854e6	-3.146049928956717e6	-3.2073757811446865e6	-3.268447489233207e6	-3.330972944547171e6	-3.393562133790777e6	-3.45766775771141e6	-3.5210430965189356e6	-3.585844665330677e6	-3.6505073856370617e6	-3.715467826728951e6	-3.7820818171151737e6	-3.8487557983945343e6	-3.9146341410682932e6	-3.9822715564998123e6	-4.050475406748453e6	-4.1178763230909733e6	-4.186769713520785e6	-4.256496316229673e6	-4.326517169227723e6	-4.3961400981603125e6	-4.466971452238411e6	-4.538795326115225e6	-4.6107778701837445e6	-4.682648924350274e6	-4.755872172123125e6	-4.829156465156795e6	-4.902208835711321e6	-4.976888722769074e6	-5.051305299250131e6	-5.127395633546672e6	-5.203190217070134e6	-5.278914549008484e6	-5.356066076493066e6	-5.43287925202112e6	-5.510497182686299e6	-5.589458423708697e6	-5.666302022833162e6	-5.746836924839326e6	-5.826952293903007e6	-5.906787268977375e6	-5.987884221146909e6	-6.067853240521808e6	-6.149728460579349e6	-6.232641593639232e6	-6.314475892977074e6	-6.398283927742852e6	-6.483153958948067e6	-6.5668684355381895e6	-6.650783807380944e6	-6.737055581774899e6	-6.822204071838247e6	-6.908390296776827e6	-6.995062934830769e6	-7.08325332980266e6	-7.171470178306805e6	-7.256915223991963e6	-7.346975542834133e6	-7.436732112228909e6	-7.527255841865511e6	-7.615166968888168e6	-7.706757063752605e6	-7.797143004902877e6	-7.889615513878015e6	-7.983211811395762e6	-8.073607117353972e6	-8.16776396100333e6	-8.261608939833703e6	-8.3576655166725535e6	-8.450746370917577e6	-8.546380730419146e6	-8.64114991979302e6	-8.737966746642064e6	-8.834920023490831e6	-8.933038437821103e6	-9.029108064941512e6	-9.127739235164676e6	-9.225775595132748e6	-9.32735921648948e6	-9.426289568249537e6	-9.525636560840124e6	-9.627791530516487e6
-0.000056827662276655856	-0.00032216111020389696	-0.00006575062189055099	-1.2374794126978007e-7	0.	0.	0.	0.	0.	0.	0.	0.	0.	0.	0.	0.	0.	0.	0.	0.	0.	0.	0.	0.	0.	0.	0.	0.	0.	0.	0.	0.	0.	0.	0.	0.	0.	0.	0.	0.	0.	0.	0.	0.	0.	0.	0.	0.	0.	0.	0.	0.	0.	0.	0.	0.	0.	0.	0.	0.	0.	-150751.21519461196	-231404.05150834177	-294637.68747167673	-350417.05638560635	-401608.8879092045	-450141.759101187	-496840.20753445535	-542083.9844602256	-586739.1366167583	-630605.1431159885	-674200.691820993	-717571.4137631902	-760505.6158972426	-803399.6767941467	-846616.1060450781	-889088.9498605239	-932612.0564236497	-975726.2784830988	-1.0193806393533192e6	-1.063536884159483e6	-1.1079169958274714e6	-1.1519795994689262e6	-1.1963758213055842e6	-1.2412437611051924e6	-1.287069004931692e6	-1.3328155911237088e6	-1.3789362127007528e6	-1.4253948866387345e6	-1.4716071198389335e6	-1.5197241092509346e6	-1.567171986156664e6	-1.615411995061811e6	-1.6632343117675767e6	-1.7125856192882683e6	-1.7614428661745556e6	-1.8110100676691346e6	-1.8619273211491033e6	-1.9123819647961797e6	-1.9633581313493869e6	-2.0144451268553457e6	-2.0664340033318645e6	-2.11923058652062e6	-2.172725265478007e6	-2.225799970036653e6	-2.279696222669914e6	-2.3344199334086934e6	-2.388617226157431e6	-2.443419884255696e6	-2.4989497703948924e6	-2.555329590788628e6	-2.612699306088823e6	-2.6692622065300886e6	-2.7270505170846297e6	-2.7847963564454177e6	-2.8435685097255283e6	-2.9031834150582915e6	-2.9622347563363123e6	-3.0220859102067207e6	-3.082813697589293e6	-3.144522191858807e6	-3.2044961718996367e6	-3.2669119164548456e6	-3.3294333336512796e6	-3.3919089729209105e6	-3.4559182562394436e6	-3.519433881464819e6	-3.5837739147466747e6	-3.6489493004478943e6	-3.713906500804401e6	-3.779512026842405e6	-3.845863493346239e6	-3.9130630275668623e6	-3.980307177569228e6	-4.0479495434769625e6	-4.116296258729371e6	-4.1851867465098538e6	-4.254677025238959e6	-4.324928424778937e6	-4.394548925532359e6	-4.465377651340037e6	-4.53719878201526e6	-4.609089345093026e6	-4.68104751917333e6	-4.754268230829693e6	-4.827550189333043e6	-4.900600515519844e6	-4.975278035443465e6	-5.049692539316497e6	-5.124059861746471e6	-5.199818488732304e6	-5.277295407072803e6	-5.353032386031766e6	-5.431256155133278e6	-5.508705167641039e6	-5.587155175002037e6	-5.664673655661265e6	-5.745206379449643e6	-5.825319873122259e6	-5.905153226269233e6	-5.986248379578222e6	-6.066216074926952e6	-6.148089620110208e6	-6.231000969178204e6	-6.312833930179649e6	-6.396640272330523e6	-6.479065288256855e6	-6.565221625839829e6	-6.649135744630394e6	-6.735405833724823e6	-6.820553063809942e6	-6.906737922680747e6	-6.993409222860416e6	-7.0815980664389115e6	-7.168296872642484e6	-7.255257908237897e6	-7.345316666774174e6	-7.435071884537653e6	-7.523826908044022e6	-7.613504673772481e6	-7.705093410687142e6	-7.79547838227874e6	-7.887949602722907e6	-7.981544504415671e6	-8.071939204420431e6	-8.166094783817578e6	-8.259938684897047e6	-8.352237498843877e6	-8.449074025572274e6	-8.544707304457027e6	-8.63947569610092e6	-8.736291440959195e6	-8.83324372316436e6	-8.931361034502635e6	-9.02743005107414e6	-9.126060240212593e6	-9.22409583465166e6	-9.325678153117267e6	-9.424607787240217e6	-9.5239540878229e6	-9.626107972301714e6
-0.00006985650090011108	-0.0005098032234107505	-0.00027520693692400426	-0.000023994487561597477	-1.497820996080566e-8	0.	0.	0.	0.	0.	0.	0.	0.	0.	0.	0.	0.	0.	0.	0.	0.	0.	0.	0.	0.	0.	0.	0.	0.	0.	0.	0.	0.	0.	0.	0.	0.	0.	0.	0.	0.	0.	0.	0.	0.	0.	0.	0.	0.	0.	0.	0.	0.	0.	0.	0.	0.	0.	0.	0.	0.	-143081.0092154065	-226357.1630560054	-290623.1636816821	-346634.4577295182	-398132.1972991499	-446859.9594420541	-493682.49368837127	-539339.3838018532	-584017.1626153796	-627904.2532838308	-671022.3970791763	-714294.8709013483	-757385.4751933205	-800617.0591987475	-843840.1677208196	-887018.8837336873	-930400.8004021735	-973561.6695635123	-1.0171707736863414e6	-1.0611824697024818e6	-1.104738956336611e6	-1.149819965397093e6	-1.1939961609880137e6	-1.2396607240783733e6	-1.2846092078981618e6	-1.3305142743248916e6	-1.376601231476827e6	-1.4228202162070724e6	-1.4699354325126759e6	-1.5169484146418513e6	-1.5646525662022114e6	-1.6125582738506696e6	-1.6615041013953707e6	-1.709655260198095e6	-1.7595255344972597e6	-1.8092421193433667e6	-1.859030669631263e6	-1.9100457805574515e6	-1.961555932304838e6	-2.0126328533671356e6	-2.0646116104643757e6	-2.1173981192086283e6	-2.169623960805832e6	-2.2239487042426975e6	-2.277260588491661e6	-2.3312175294257053e6	-2.386740433678179e6	-2.4415354361541984e6	-2.497057711606082e6	-2.553429876377092e6	-2.6096585222220873e6	-2.667348057501775e6	-2.7251293994350955e6	-2.782868837519627e6	-2.841634403592065e6	-2.9000048863192284e6	-2.9602882529945825e6	-3.019406582763549e6	-3.0799892596783205e6	-3.1405511407997957e6	-3.2025274336249004e6	-3.2649376085968744e6	-3.3274538339279187e6	-3.3899247316122926e6	-3.452990135869499e6	-3.517439894628019e6	-3.5817753312487677e6	-3.6469460480617667e6	-3.7118990817584964e6	-3.777500460744595e6	-3.8438477492023828e6	-3.9110430244935458e6	-3.9782832482789704e6	-4.0459218301337105e6	-4.11426474740727e6	-4.1831515032100487e6	-4.252404891273e6	-4.322594908676664e6	-4.392503132153529e6	-4.463328478756384e6	-4.535146082458132e6	-4.605971987120198e6	-4.678988569660087e6	-4.750654672086195e6	-4.823900069407346e6	-4.898532675273636e6	-4.973207151739087e6	-5.047618990830375e6	-5.121983925336533e6	-5.19773985589239e6	-5.275213653155479e6	-5.350948450086954e6	-5.429169316277466e6	-5.506164250535053e6	-5.583974504890832e6	-5.662580040725953e6	-5.7431099639486065e6	-5.823221046404139e6	-5.902021564933849e6	-5.984145154704183e6	-6.064111147733553e6	-6.145982539507014e6	-6.228891594871158e6	-6.310722835154376e6	-6.394527001086087e6	-6.477088977759651e6	-6.563104299084783e6	-6.647016806808247e6	-6.731418393911898e6	-6.818430339202115e6	-6.904613441700064e6	-6.991061034904264e6	-7.076922071387966e6	-7.164491437182352e6	-7.253127073696947e6	-7.342715188471968e6	-7.432937306077463e6	-7.520261205370852e6	-7.611367437195164e6	-7.702954428174396e6	-7.793338153190557e6	-7.885807716952051e6	-7.97940082401269e6	-8.069794744934443e6	-8.163948698864463e6	-8.257791214264196e6	-8.350277192980474e6	-8.446923867271164e6	-8.542555756791443e6	-8.637323122782504e6	-8.734137476509787e6	-8.830320186482543e6	-8.929204373093173e6	-9.025272604673231e6	-9.123901532417051e6	-9.221936142604545e6	-9.323516785924418e6	-9.422445497371083e6	-9.521790908229321e6	-9.623943397454146e6
-0.00008202735188873222	-0.0006836617215063429	-0.0005768508870886173	-0.00016644808722863916	-8.34746983604431e-6	-2.107550101666484e-9	0.	0.	0.	0.	0.	0.	0.	0.	0.	0.	0.	0.	0.	0.	0.	0.	0.	0.	0.	0.	0.	0.	0.	0.	0.	0.	0.	0.	0.	0.	0.	0.	0.	0.	0.	0.	0.	0.	0.	0.	0.	0.	0.	0.	0.	0.	0.	0.	0.	0.	0.	0.	0.	0.	0.	-133679.1133161651	-219876.49729861226	-285378.8323672458	-342172.5333346898	-393918.2960421161	-443160.85938439734	-490225.9049568511	-535628.8580760141	-580168.0380590099	-624340.4655043882	-667822.9252091331	-711298.0423815964	-754366.0795034271	-797512.5490722401	-840652.9519873639	-883902.6298331092	-927054.4096343461	-970138.8093702773	-1.0136723747311892e6	-1.057609462649514e6	-1.1019112745856256e6	-1.1462397009167573e6	-1.19106545375587e6	-1.235979045450215e6	-1.2816828993375641e6	-1.3276575572106852e6	-1.3737022832166364e6	-1.4197590740358408e6	-1.4667908293221162e6	-1.5139271436532713e6	-1.5614022749000303e6	-1.609283732896188e6	-1.6581054266307384e6	-1.7075254064938077e6	-1.7566516381098614e6	-1.805845111861722e6	-1.856855997601067e6	-1.907082136516463e6	-1.958191661499941e6	-2.010001679919127e6	-2.0623842414036933e6	-2.1137624515383136e6	-2.1673734434951693e6	-2.220403850669155e6	-2.2742555684912484e6	-2.328934506992396e6	-2.3829100302434484e6	-2.4392322218076605e6	-2.4947451953084003e6	-2.551108003207204e6	-2.607328131848982e6	-2.6638557468291167e6	-2.7211609438932273e6	-2.7805129810545878e6	-2.8380549938394683e6	-2.8976338777111513e6	-2.957909193354535e6	-3.017021005182461e6	-3.07759658098526e6	-3.1381519441653755e6	-3.2001211979556535e6	-3.2625245656592376e6	-3.3250344453770313e6	-3.387499547790544e6	-3.450559232781103e6	-3.514034708377711e6	-3.5793326180845676e6	-3.643466868823844e6	-3.709445569591197e6	-3.775041879958306e6	-3.8413840619153716e6	-3.9085741318483124e6	-3.975241119702283e6	-4.0434435138252275e6	-4.11178178912464e6	-4.180663983621339e6	-4.249912992850311e6	-4.318859190514283e6	-4.390002718023797e6	-4.460823934487424e6	-4.530844934695325e6	-4.6034597317096265e6	-4.6764720758105265e6	-4.748135015716413e6	-4.821376750728953e6	-4.896005314972676e6	-4.969025310416113e6	-5.045084653791748e6	-5.119446669724356e6	-5.195199304643573e6	-5.272669287256497e6	-5.348401417265488e6	-5.426618735453667e6	-5.503326380212625e6	-5.581005625079293e6	-5.660021178027214e6	-5.739004434852102e6	-5.818152145678158e6	-5.8994542319031935e6	-5.979479743022684e6	-6.061538458941602e6	-6.143407218769758e6	-6.226313470718081e6	-6.308142607901248e6	-6.391944114009537e6	-6.474504177712323e6	-6.560516455273044e6	-6.644426993914496e6	-6.728826651270073e6	-6.815835898014756e6	-6.902016853834771e6	-6.987862036531937e6	-7.074321879353576e6	-7.161889248294116e6	-7.250522720369107e6	-7.340108549599655e6	-7.430328376848327e6	-7.517651207467335e6	-7.608755259156209e6	-7.700340116214365e6	-7.790722317638325e6	-7.883189856565438e6	-7.975320100106196e6	-8.067173738896003e6	-8.161325706143981e6	-8.255166527935147e6	-8.347651425711082e6	-8.444295896014247e6	-8.539926087422386e6	-8.634692199837765e6	-8.731504853293834e6	-8.827686229426073e6	-8.92656845359271e6	-9.022635725738777e6	-9.121263111778053e6	-9.2192965189914e6	-9.320875114910929e6	-9.41980269864214e6	-9.519147022059385e6	-9.620153975538922e6
-0.00009322208147930671	-0.0008405578952193546	-0.0009074064881970261	-0.0004575120900520808	-0.00009015380314425671	-2.950887178532387e-6	-3.3899388995936263e-10	0.	0.	0.	0.	0.	0.	0.	0.	0.	0.	0.	0.	0.	0.	0.	0.	0.	0.	0.	0.	0.	0.	0.	0.	0.	0.	0.	0.	0.	0.	0.	0.	0.	0.	0.	0.	0.	0.	0.	0.	0.	0.	0.	0.	0.	0.	0.	0.	0.	0.	0.	0.	0.	0.	-121313.62109360096	-212158.31698633858	-279025.86376160296	-336599.46818715293	-389070.70284572284	-438218.5536971593	-485631.54233281466	-531396.7162055464	-576445.007825726	-620232.6263272004	-664260.149409899	-707212.2638659645	-750579.7181821658	-793733.9789591759	-836914.2981851207	-879924.4608721406	-923314.2001838612	-966527.5317529022	-1.0107198430056133e6	-1.0541128529793215e6	-1.0984764334413968e6	-1.1430845224367375e6	-1.1875039628568238e6	-1.232682699924684e6	-1.2783681766097334e6	-1.3243283850097635e6	-1.370324226465622e6	-1.4162951034001613e6	-1.463317755953983e6	-1.5107496288256263e6	-1.557907523532379e6	-1.6068068600340497e6	-1.6547575440233613e6	-1.7037810240273662e6	-1.752842683071025e6	-1.8032931556515128e6	-1.8530255337884228e6	-1.9034441363515388e6	-1.9546910238189504e6	-2.0064602285088329e6	-2.058334175727096e6	-2.111117301237429e6	-2.1632919281517304e6	-2.2177313433445795e6	-2.2715702561183786e6	-2.3247302401680476e6	-2.3802008547012513e6	-2.4348884245560896e6	-2.490419316938731e6	-2.5469307493582615e6	-2.6038763050281126e6	-2.6610920608961713e6	-2.7182940783103234e6	-2.77598591538869e6	-2.8352624809769476e6	-2.8948317766286447e6	-2.953193281751952e6	-3.014201686222784e6	-3.0747688698023567e6	-3.135316529960874e6	-3.196447956110911e6	-3.257675993194173e6	-3.320382056077537e6	-3.384633421455598e6	-3.4476863473128565e6	-3.5111552984255687e6	-3.5755093254667274e6	-3.6405741004261314e6	-3.7053456390082524e6	-3.772136284483489e6	-3.8384724314851617e6	-3.9045005845016795e6	-3.9721083098413926e6	-4.0405145945514734e6	-4.108847383881446e6	-4.1763626267522806e6	-4.24633813239805e6	-4.315909709968673e6	-4.387047683143131e6	-4.456766822697494e6	-4.527970811655271e6	-4.600490702587981e6	-4.671782742221492e6	-4.745157240006614e6	-4.818394646836255e6	-4.893018434616945e6	-4.966035027357011e6	-5.042089528200594e6	-5.116448094909916e6	-5.192196834985837e6	-5.267641879546736e6	-5.345391287567349e6	-5.421314427630344e6	-5.5003090545965005e6	-5.577985099086484e6	-5.656997067565032e6	-5.735977093193876e6	-5.815247132399454e6	-5.896420111048752e6	-5.976442815471133e6	-6.058498008551085e6	-6.140363657898428e6	-6.223266596718965e6	-6.305093248420252e6	-6.388891611100863e6	-6.471449414020002e6	-6.557602503337709e6	-6.641366305949135e6	-6.72576368269335e6	-6.812769740247857e6	-6.898948159084859e6	-6.984412898533379e6	-7.071248925131099e6	-7.158813934153456e6	-7.247444848254371e6	-7.336559756144746e6	-7.427245096850243e6	-7.514566664490436e6	-7.605668139655611e6	-7.69700395507761e6	-7.787630875622036e6	-7.880096021563063e6	-7.970406264081661e6	-8.0640761863051085e6	-8.158225805656125e6	-8.252064625909898e6	-8.344548246210879e6	-8.441190111801514e6	-8.536818296349855e6	-8.6315829272667e6	-8.72839357131134e6	-8.824573371086597e6	-8.923453276001247e6	-9.019519414270781e6	-9.118144978295589e6	-9.216176963812217e6	-9.317753140076796e6	-9.416679391053379e6	-9.516022429313088e6	-9.61567426988999e6
-0.00010333802043714951	-0.0009800347196897204	-0.0012311941279849357	-0.0008488928187263352	-0.00031742841091208975	-0.00004723131405995215	-1.0819185155161002e-6	-6.124656715682226e-11	0.	0.	0.	0.	0.	0.	0.	0.	0.	0.	0.	0.	0.	0.	0.	0.	0.	0.	0.	0.	0.	0.	0.	0.	0.	0.	0.	0.	0.	0.	0.	0.	0.	0.	0.	0.	0.	0.	0.	0.	0.	0.	0.	0.	0.	0.	0.	0.	0.	0.	0.	0.	0.	-105869.87241146961	-203322.83756765962	-271777.0468121271	-329998.65312234306	-383070.5900359483	-432682.1025484314	-480150.87748177454	-526312.1169546361	-571252.4321231052	-615446.4719294844	-659604.6304899461	-702873.5967340064	-745895.4937532325	-789559.0133091409	-832486.7395378741	-876058.0621858098	-919268.8354515932	-962637.9211126502	-1.0063615196726038e6	-1.050057679324224e6	-1.094304000980037e6	-1.1388323471693627e6	-1.183459724759358e6	-1.228713640159319e6	-1.2738856250516248e6	-1.3196190358927418e6	-1.3657297775706071e6	-1.412506200471767e6	-1.4596008752092493e6	-1.5066892138633316e6	-1.5539683968713563e6	-1.6028176712747114e6	-1.6510860414099006e6	-1.6996974673265496e6	-1.7487895190767613e6	-1.7992598499390637e6	-1.8487569518271382e6	-1.9005303523445777e6	-1.9511367945225413e6	-2.0022598816495028e6	-2.0545419017121543e6	-2.1066212545181387e6	-2.1602250565954233e6	-2.2132000403126846e6	-2.2669960659187804e6	-2.321619043444729e6	-2.3754851496770442e6	-2.4317497682977347e6	-2.487267901309632e6	-2.5437663393645827e6	-2.6001843183248607e6	-2.6564189952756376e6	-2.715094231246946e6	-2.772775399531606e6	-2.83129212312783e6	-2.890006024708688e6	-2.9499512000937476e6	-3.009671336563866e6	-3.0698298039506935e6	-3.1320448981861975e6	-3.1928613640798014e6	-3.254387495783784e6	-3.3170846705647497e6	-3.37950567555307e6	-3.4433137410106687e6	-3.5076254796810113e6	-3.5716155689457855e6	-3.636434204556408e6	-3.7020010240668533e6	-3.7675034922637236e6	-3.833842634383265e6	-3.9011349089809903e6	-3.9684214623842645e6	-4.0359165878208303e6	-4.10399329961998e6	-4.1730487828429984e6	-4.242940593075471e6	-4.312506463185175e6	-4.382256704463492e6	-4.453352375648726e6	-4.524366138779139e6	-4.5963571553691e6	-4.668352419179474e6	-4.741721344956768e6	-4.81495375772922e6	-4.887957804196997e6	-4.962584700750286e6	-5.03695192706327e6	-5.112988200893193e6	-5.188732446919158e6	-5.264173619952491e6	-5.3410494225479225e6	-5.4179524489990575e6	-5.496827525039385e6	-5.574499876787042e6	-5.653507709339391e6	-5.732484006665107e6	-5.811750517147164e6	-5.89291920237051e6	-5.972938668296227e6	-6.054989796561989e6	-6.1368518568930095e6	-6.217555345298725e6	-6.301574756711376e6	-6.383750250955462e6	-6.467924686682677e6	-6.551188306083309e6	-6.637834742912147e6	-6.722229488181717e6	-6.809231865901406e6	-6.895407357450319e6	-6.980869838891256e6	-7.067703208720523e6	-7.155265494760364e6	-7.2438934573527295e6	-7.333005475426251e6	-7.421003503576966e6	-7.511007576440148e6	-7.602106078693361e6	-7.692352074932191e6	-7.784063827141683e6	-7.876526211944922e6	-7.966834932232029e6	-8.060502087161751e6	-8.154648997400893e6	-8.24848550818844e6	-8.340967654479861e6	-8.43760651463296e6	-8.531012601866787e6	-8.627995305069301e6	-8.724803630562289e6	-8.820981611464113e6	-8.918222486591164e6	-9.01592367026923e6	-9.113961326955862e6	-9.212577477066997e6	-9.312024783377443e6	-9.413075574604798e6	-9.51241712999043e6	-9.611857649957981e6
-0.00011229205063294787	-0.001102194120621987	-0.0015309184268797714	-0.0012836318287695826	-0.0006889233987381479	-0.00020829144948908906	-0.00002469492375967037	-4.1384365652889805e-7	-1.224035542940764e-11	0.	0.	0.	0.	0.	0.	0.	0.	0.	0.	0.	0.	0.	0.	0.	0.	0.	0.	0.	0.	0.	0.	0.	0.	0.	0.	0.	0.	0.	0.	0.	0.	0.	0.	0.	0.	0.	0.	0.	0.	0.	0.	0.	0.	0.	0.	0.	0.	0.	0.	0.	0.	-84794.48429394323	-192288.54417636577	-263457.0978164346	-322522.25860401854	-376387.08973830414	-426524.83331124374	-474363.4625366509	-520640.91240843176	-566042.6317072309	-610169.2623313178	-654446.1086862123	-697776.7601298266	-741158.2757964608	-784235.5235682272	-827766.963948911	-870841.473859631	-914218.2365396804	-957849.5663829558	-1.0019471228428993e6	-1.0456440508778662e6	-1.089669436122371e6	-1.134284701536007e6	-1.1792834348671963e6	-1.2238633059163785e6	-1.269503050173319e6	-1.3156437654414785e6	-1.3615609270252092e6	-1.4077683107429135e6	-1.4549514629393942e6	-1.5018154706403587e6	-1.549615142385517e6	-1.5978106844311845e6	-1.6468042955819494e6	-1.6953689646507448e6	-1.744648069334673e6	-1.7945629833177167e6	-1.8450111122731843e6	-1.895949667970746e6	-1.9467759059275803e6	-1.9979266140386388e6	-2.050496384036643e6	-2.1031645811377647e6	-2.155279088818125e6	-2.20903695875708e6	-2.2634867880285773e6	-2.3165353706623013e6	-2.37194475098162e6	-2.426633207251481e6	-2.482292895687033e6	-2.5390722375457445e6	-2.5958885707413782e6	-2.652806962558426e6	-2.709696235807728e6	-2.7691368148931186e6	-2.827089069963052e6	-2.8863437567960983e6	-2.9462768408807293e6	-3.0057380188584253e6	-3.066134045906934e6	-3.1264096477713995e6	-3.1886851730271773e6	-3.250660532051715e6	-3.313347633649978e6	-3.3757596823106394e6	-3.4392581699165273e6	-3.5029769864750314e6	-3.5672180669856933e6	-3.632292201876956e6	-3.698210460466396e6	-3.7637051580700823e6	-3.83003637875013e6	-3.8964279133995855e6	-3.9641380054487423e6	-4.0320876186215263e6	-4.100157372785144e6	-4.1692056162719624e6	-4.238071857642954e6	-4.308649450163745e6	-4.378393645748626e6	-4.449482668993334e6	-4.520490432065258e6	-4.592214011944882e6	-4.664464719731747e6	-4.736630140771358e6	-4.811054083407817e6	-4.884053173221761e6	-4.958674330595911e6	-5.033036531600123e6	-5.109066987674159e6	-5.184701002168873e6	-5.260242925745605e6	-5.337113739174016e6	-5.414012223247315e6	-5.4915352372601945e6	-5.570549958180943e6	-5.649553103350271e6	-5.728525175265778e6	-5.807787686527845e6	-5.887788175496738e6	-5.968967301497947e6	-6.051013822974297e6	-6.131198523064187e6	-6.2135723781270925e6	-6.297587132774606e6	-6.379623531715983e6	-6.463929995700334e6	-6.547190583683484e6	-6.633832304803524e6	-6.7182240677351635e6	-6.8036917712563e6	-6.889463772242669e6	-6.976854371296815e6	-7.063684730121839e6	-7.151243930114829e6	-7.239868547664176e6	-7.3289772906119265e6	-7.416972979765076e6	-7.506973943316461e6	-7.598069076269452e6	-7.688312474873873e6	-7.78002117219726e6	-7.872480427711004e6	-7.962787422802425e6	-8.0564514414659245e6	-8.149178769871963e6	-8.244429174770769e6	-8.336909650518021e6	-8.433545104508583e6	-8.526763064485332e6	-8.623929333245566e6	-8.720735031046683e6	-8.816910950558614e6	-8.912112787051471e6	-9.011848493734127e6	-9.109884029857056e6	-9.208498058755733e6	-9.306236812694242e6	-9.408991249296393e6	-9.508331124091404e6	-9.607770159286674e6
-0.00012002259575940382	-0.0012072454769067667	-0.0017986472385739354	-0.001719960544195256	-0.0011588162837083452	-0.0005230459353286798	-0.00013380029681463765	-0.000013065221224964672	-1.6520252840048428e-7	-2.671473586624876e-12	0.	0.	0.	0.	0.	0.	0.	0.	0.	0.	0.	0.	0.	0.	0.	0.	0.	0.	0.	0.	0.	0.	0.	0.	0.	0.	0.	0.	0.	0.	0.	0.	0.	0.	0.	0.	0.	0.	0.	0.	0.	0.	0.	0.	0.	0.	0.	0.	0.	0.	0.	-52633.0073963376	-179715.80684790248	-253464.38362776666	-314200.87663145986	-368586.1009006309	-419287.9485166598	-467583.57819608686	-514353.077388943	-559798.1846012815	-604247.0713681041	-648319.5396923014	-692165.0293132307	-735644.4880301518	-779011.3195505771	-822399.5420611505	-865710.264796385	-909115.7739831716	-952471.1248032638	-996351.8335646768	-1.0400291433693243e6	-1.084614123179532e6	-1.1287569169984434e6	-1.1736517007812473e6	-1.2186286867369649e6	-1.2642244928237733e6	-1.3104770864006102e6	-1.356395559961133e6	-1.4030948398323737e6	-1.450267383025875e6	-1.4971876315523789e6	-1.5449307249349812e6	-1.5928941605638391e6	-1.642009026399062e6	-1.690395283741026e6	-1.739330358967247e6	-1.789936672942186e6	-1.8403961548606863e6	-1.8908949268760255e6	-1.9420839080028725e6	-1.993336233209462e6	-2.045452793370066e6	-2.097913855163644e6	-2.150612233829547e6	-2.204307678634724e6	-2.2580390875020265e6	-2.312597169544093e6	-2.3664598890956356e6	-2.422660129192614e6	-2.4783033581002913e6	-2.5341313293126626e6	-2.590739931679773e6	-2.647614408244392e6	-2.7056457442594054e6	-2.763536532189256e6	-2.82226339570846e6	-2.8804527473609997e6	-2.9403409804283855e6	-3.0007910065010632e6	-3.0620034927987657e6	-3.12226813405932e6	-3.1838571367819533e6	-3.2464951019978565e6	-3.307786016248486e6	-3.3715729839805304e6	-3.4342683851966946e6	-3.4981468705092706e6	-3.5630013430888695e6	-3.6274021790370424e6	-3.692735538380622e6	-3.758230939636557e6	-3.824664784811989e6	-3.8916163429876366e6	-3.9589511834797123e6	-4.026434380726773e6	-4.0958701604401353e6	-4.1639193098951853e6	-4.233769341507691e6	-4.30276047962364e6	-4.373459854164373e6	-4.443747841007412e6	-4.515437227029012e6	-4.587484319225963e6	-4.660119643878272e6	-4.7322791067713e6	-4.804911187880076e6	-4.879689173896382e6	-4.954303916893848e6	-5.0286605013765e6	-5.103348006094183e6	-5.179065237419311e6	-5.255849796926049e6	-5.332394708231725e6	-5.409608441524691e6	-5.487013328152479e6	-5.5661353432681635e6	-5.645133249597647e6	-5.723151933246047e6	-5.803358640541476e6	-5.883354567179218e6	-5.964528715076276e6	-6.0465700877879895e6	-6.126751455459698e6	-6.209120826582268e6	-6.293130376609924e6	-6.37516340772595e6	-6.459465341072957e6	-6.542722541001276e6	-6.626993244190594e6	-6.7137474213536745e6	-6.797983823670683e6	-6.884112813763544e6	-6.972366495750045e6	-7.059193489335036e6	-7.14674924021684e6	-7.235370119188692e6	-7.323210576580086e6	-7.412468276681167e6	-7.502465765119366e6	-7.593557132383875e6	-7.683797627749842e6	-7.775502910788757e6	-7.867958668861303e6	-7.95826373579284e6	-8.051924249217621e6	-8.144648933469996e6	-8.239895625656873e6	-8.332374234325351e6	-8.42900588142837e6	-8.52222218922198e6	-8.618912249270665e6	-8.716187772764511e6	-8.811118596622668e6	-8.909597410299297e6	-9.007293884665461e6	-9.104741817811243e6	-9.203938708878418e6	-9.301675804208895e6	-9.404426415128157e6	-9.503764411616001e6	-9.603201787359906e6
-0.00012649043775010227	-0.0012954516525867587	-0.0020310520811824954	-0.0021315142218623065	-0.0016749985417259727	-0.0009736007859773087	-0.00038468206978858367	-0.00008557408444822741	-7.037324424772175e-6	-6.869405289287786e-8	-6.299620260057575e-13	0.	0.	0.	0.	0.	0.	0.	0.	0.	0.	0.	0.	0.	0.	0.	0.	0.	0.	0.	0.	0.	0.	0.	0.	0.	0.	0.	0.	0.	0.	0.	0.	0.	0.	0.	0.	0.	0.	0.	0.	0.	0.	0.	0.	0.	0.	0.	0.	0.	0.	0.	-164938.92691440825	-242260.5810521275	-304698.9220113574	-360220.7909655454	-411415.51774872775	-459960.7138939082	-507078.00391480356	-552699.456618476	-597558.0583352906	-641932.7294895389	-685569.1758842266	-728983.7253190222	-772653.5979860459	-816081.2298030445	-859677.7096352323	-903027.9294254427	-946398.0918605981	-990706.7227950697	-1.0344343366535914e6	-1.0790707762608242e6	-1.1233752039709766e6	-1.1683513343481703e6	-1.213199097970448e6	-1.258557848846115e6	-1.3045015170447845e6	-1.3508841427188052e6	-1.3976390708789052e6	-1.4444035241464155e6	-1.4921517840916028e6	-1.5392505620983355e6	-1.5871417144020665e6	-1.6356446688322297e6	-1.6846750627468429e6	-1.7340474501194246e6	-1.7839014918238267e6	-1.834291889589911e6	-1.8854010201692458e6	-1.9367369057902163e6	-1.9874363726207495e6	-2.0397063540245453e6	-2.092423521240286e6	-2.1456942017686944e6	-2.1985563190616327e6	-2.252238930739189e6	-2.306747946832526e6	-2.3620892773725013e6	-2.4168959641029183e6	-2.472809945043313e6	-2.528771948170622e6	-2.584845267137301e6	-2.642635658794474e6	-2.6994662197502903e6	-2.757857707038804e6	-2.8165479955416806e6	-2.8759315913116517e6	-2.9358048880668115e6	-2.9951656212043543e6	-3.055548262206661e6	-3.1176906715349336e6	-3.177928614176392e6	-3.2398302559216307e6	-3.302318467937094e6	-3.3648922931326604e6	-3.4287678451733394e6	-3.4929942891329383e6	-3.5571789661508463e6	-3.622195400562113e6	-3.6876853001614055e6	-3.7535404136516517e6	-3.819964313066718e6	-3.886500918206063e6	-3.9542316215652092e6	-4.021706090869731e6	-4.0897234520141976e6	-4.1586757214270257e6	-4.227705019874955e6	-4.297997681053143e6	-4.3682384637888735e6	-4.438969131273466e6	-4.509835235692222e6	-4.58211509078884e6	-4.653547968061813e6	-4.726733768954107e6	-4.8000957314823065e6	-4.8736200257383445e6	-4.947615495612399e6	-5.022525858189866e6	-5.097905476094034e6	-5.1742163605647e6	-5.250994233493794e6	-5.327213305173026e6	-5.404741103831158e6	-5.482140482043988e6	-5.5593427172528915e6	-5.638043214516712e6	-5.718262422587562e6	-5.798463379188034e6	-5.8784542632492455e6	-5.959497422294027e6	-6.039169104730366e6	-6.121836275475713e6	-6.204200690664233e6	-6.285593177879572e6	-6.370233797000058e6	-6.454392724408143e6	-6.537784178036669e6	-6.622050820317664e6	-6.707652912561364e6	-6.793032807631551e6	-6.879157704451645e6	-6.967406212250935e6	-7.0542294863600945e6	-7.141781425066384e6	-7.230398171926269e6	-7.3182354427163545e6	-7.407489394325224e6	-7.49748304184885e6	-7.588570247036619e6	-7.678807533560084e6	-7.770509042916164e6	-7.861958692944565e6	-7.953263871203261e6	-8.04692051041683e6	-8.139642272183577e6	-8.234884860846747e6	-8.327361405901844e6	-8.423330236736828e6	-8.517203327088773e6	-8.613140469118962e6	-8.71116185571577e6	-8.806090842306493e6	-8.902945851325516e6	-9.002259843063228e6	-9.099705480413944e6	-9.198899427435046e6	-9.296634689567171e6	-9.39938107210009e6	-9.498716992564226e6	-9.598152534177668e6
-0.00013167868938882444	-0.0013671564227885952	-0.002227148462118158	-0.0025029032934400924	-0.0021947981685797335	-0.0015147752107865114	-0.0007877200909330064	-0.0002790400351244604	-0.00005496590340092874	-3.868356962090953e-6	-2.9674095661802987e-8	-1.5908177468161494e-13	0.	0.	0.	0.	0.	0.	0.	0.	0.	0.	0.	0.	0.	0.	0.	0.	0.	0.	0.	0.	0.	0.	0.	0.	0.	0.	0.	0.	0.	0.	0.	0.	0.	0.	0.	0.	0.	0.	0.	0.	0.	0.	0.	0.	0.	0.	0.	0.	0.	0.	-146899.80855780124	-229932.66580695283	-294578.24871222547	-350838.0023596535	-402982.64782044943	-452027.9939516425	-499401.14031211275	-545406.543073916	-590190.9345579252	-634554.7331325714	-678550.0496377904	-722555.5915270098	-765922.6729701869	-809715.7181692305	-852695.8746705614	-896558.0115640042	-940326.5892905183	-984031.6379701061	-1.0281932996451359e6	-1.072765124972966e6	-1.1170565402341573e6	-1.1617369064271455e6	-1.206938419730147e6	-1.2526964106216005e6	-1.2980940911747585e6	-1.344684870082316e6	-1.3913465269060377e6	-1.4380202520515039e6	-1.4858420864950116e6	-1.53365393199805e6	-1.5816554053307103e6	-1.6302310824036652e6	-1.6792044808044767e6	-1.7285212149158814e6	-1.7781780916652658e6	-1.8283158309672612e6	-1.8795637581811603e6	-1.9308441928870284e6	-1.981646225759724e6	-2.0340669939423038e6	-2.086223430352179e6	-2.139753184572983e6	-2.19256804947075e6	-2.246203171326475e6	-2.3006644601713824e6	-2.355957826036381e6	-2.411027353159304e6	-2.4668220715213283e6	-2.522823569656381e6	-2.579981054430512e6	-2.6360205466043777e6	-2.694566083857182e6	-2.7522090827461616e6	-2.8116130871764873e6	-2.8691212951706243e6	-2.9292260417303555e6	-2.9890118833152438e6	-3.0505512096889867e6	-3.110982038927015e6	-3.1729030854559815e6	-3.2347910987779223e6	-3.296636342675369e6	-3.3598272753466163e6	-3.4232672685309155e6	-3.486821716581212e6	-3.5511716805968904e6	-3.6159290228931447e6	-3.6817396670924523e6	-3.747322440704865e6	-3.8139537744917553e6	-3.880795489677543e6	-3.9478858220382463e6	-4.0166021488499106e6	-4.0845354550269567e6	-4.152915595445737e6	-4.22249832287651e6	-4.29269825599866e6	-4.362357405647175e6	-4.433735306326534e6	-4.504593417664019e6	-4.575724459184793e6	-4.6482901383612575e6	-4.721195916880185e6	-4.794821660189331e6	-4.868338639725161e6	-4.942326980796095e6	-5.017229927080046e6	-5.092602318307928e6	-5.16807372047996e6	-5.2435932690929705e6	-5.321024612501658e6	-5.399295984830466e6	-5.476803555353613e6	-5.554000548298715e6	-5.632694956841093e6	-5.712207770645882e6	-5.793101902467493e6	-5.871884687035055e6	-5.9526352650620565e6	-6.033792062888989e6	-6.116452983112211e6	-6.198811970372965e6	-6.280200397656035e6	-6.364834699538286e6	-6.447350242703778e6	-6.532375494789643e6	-6.616637689409144e6	-6.702234740516843e6	-6.787610266255292e6	-6.873730679967119e6	-6.9600353181320345e6	-7.048792721197005e6	-7.136340484663445e6	-7.224952705876895e6	-7.312786486579835e6	-7.402036332697234e6	-7.492025773504904e6	-7.58310842022767e6	-7.67334219230459e6	-7.764870156356888e6	-7.854871683442045e6	-7.947787829033683e6	-8.041440225063543e6	-8.134158786012699e6	-8.226404573827428e6	-8.321871165247489e6	-8.416102429703992e6	-8.511706478085704e6	-8.607363507985892e6	-8.702489146508351e6	-8.800584254245888e6	-8.897436397050679e6	-8.996746368927421e6	-9.09418949183592e6	-9.193380214425614e6	-9.291113468769068e6	-9.389635536065772e6	-9.493188866936063e6	-9.592622399739953e6
-0.00013559208468989133	-0.0014228162102578887	-0.002387235177263352	-0.002825866568940804	-0.002687747248725585	-0.0020974815254259935	-0.001314836283178629	-0.0006249858117213226	-0.00020160449654407677	-0.00003561671549294455	-2.1712976694747698e-6	-1.3278283644229141e-8	-4.270041367221101e-14	0.	0.	0.	0.	0.	0.	0.	0.	0.	0.	0.	0.	0.	0.	0.	0.	0.	0.	0.	0.	0.	0.	0.	0.	0.	0.	0.	0.	0.	0.	0.	0.	0.	0.	0.	0.	0.	0.	0.	0.	0.	0.	0.	0.	0.	0.	0.	0.	0.	-124555.59706185787	-215672.14257403536	-282624.8306723873	-340363.3650892009	-393363.13593171426	-443181.31356734596	-490467.3735743088	-537091.4452567969	-582226.0499353841	-627091.7159109205	-670915.6782717041	-715074.8483301903	-758556.3046306943	-802028.220533727	-845677.7124125801	-889267.0453180308	-932958.1435349744	-977305.4765681581	-1.0213226119748419e6	-1.065660275566825e6	-1.1105552236566378e6	-1.1551168170259108e6	-1.2007315657540997e6	-1.2458833500793183e6	-1.2916921594702045e6	-1.338290616670032e6	-1.3848586816061637e6	-1.431770947435637e6	-1.4792167256325546e6	-1.5272393402148518e6	-1.5746375244520886e6	-1.623346598355214e6	-1.672007420302075e6	-1.721973396363758e6	-1.7720246898048143e6	-1.82144167662683e6	-1.8726146936025505e6	-1.923459848477075e6	-1.9753061439951397e6	-2.0269026611293803e6	-2.0801379637635448e6	-2.1328761248742384e6	-2.18646034700633e6	-2.240051597411942e6	-2.294468830806239e6	-2.3490765721530886e6	-2.4046682416135366e6	-2.4598320142838582e6	-2.5161390628313283e6	-2.5730579070713124e6	-2.630715577556873e6	-2.687741382664189e6	-2.7455966828353377e6	-2.804696409254841e6	-2.863742450836647e6	-2.9225829086075667e6	-2.9835000763072446e6	-3.0431662205364686e6	-3.104224188554145e6	-3.1657196672393386e6	-3.2273330851026177e6	-3.2902950510897283e6	-3.3543218212307557e6	-3.41698821508388e6	-3.4803376750249835e6	-3.545415286928186e6	-3.6103713948211917e6	-3.6751229141481975e6	-3.7409051946168584e6	-3.807436791297795e6	-3.874304793758895e6	-3.9420167482597143e6	-4.0094822475337735e6	-4.0776580173854097e6	-4.1466591852644575e6	-4.215363900508269e6	-4.28559831601546e6	-4.356194938077936e6	-4.426459103369027e6	-4.498053293695893e6	-4.5700186153963e6	-4.642575106077807e6	-4.71446723940094e6	-4.787247942171675e6	-4.861832053644332e6	-4.936578595126001e6	-5.010675370458483e6	-5.086838016366326e6	-5.161841808787774e6	-5.237815131744274e6	-5.315238478240602e6	-5.391532842285851e6	-5.4691285394674195e6	-5.548193842913598e6	-5.6268816332805e6	-5.706387637313057e6	-5.784997063368135e6	-5.866052186390949e6	-5.946796603473836e6	-6.027947452191728e6	-6.110601578369169e6	-6.191261770949228e6	-6.274338680021654e6	-6.357974776760427e6	-6.441477314817077e6	-6.526496491260179e6	-6.610753851465017e6	-6.695922573336986e6	-6.781716199541887e6	-6.86783174030995e6	-6.954131862698899e6	-7.04091992860575e6	-7.130426419008006e6	-7.217721133165102e6	-7.30686370817051e6	-7.396109091797183e6	-7.48609396008751e6	-7.575029020491031e6	-7.665415066774497e6	-7.756913536119312e6	-7.848311990613918e6	-7.94183560928409e6	-8.035483393157747e6	-8.12767647952816e6	-8.220441546641231e6	-8.315903512362278e6	-8.409057018738844e6	-8.505731642212762e6	-8.601385177977074e6	-8.69650808932514e6	-8.794598832440846e6	-8.891447859795384e6	-8.990753462258028e6	-9.088193852077164e6	-9.18738106985011e6	-9.285112141814576e6	-9.383842945794381e6	-9.487180034731505e6	-9.586611384046758e6
-0.00013825569898271857	-0.001463019480388579	-0.002512384084323121	-0.0030966814622907695	-0.003133907745322237	-0.002679695277748774	-0.0019205721033687235	-0.0011152082670456492	-0.000491289676968112	-0.0001458813360977007	-0.00002333387349690759	-1.2440241073912894e-6	-6.137578214065766e-9	-1.2106525067179301e-14	0.	0.	0.	0.	0.	0.	0.	0.	0.	0.	0.	0.	0.	0.	0.	0.	0.	0.	0.	0.	0.	0.	0.	0.	0.	0.	0.	0.	0.	0.	0.	0.	0.	0.	0.	0.	0.	0.	0.	0.	0.	0.	0.	0.	0.	0.	0.	0.	-95801.43425775699	-198947.27200323984	-269485.5338688284	-328747.21214439435	-382613.23527510045	-433169.30538740865	-481344.0534644648	-528043.5319654096	-573608.2542934576	-618263.3658161662	-663083.7183737274	-706965.0545317418	-750608.0707805379	-794555.7153732296	-838153.8895074729	-881647.00233615	-925600.4348930402	-969690.8273421109	-1.0135420158588648e6	-1.0583998933550054e6	-1.1028217489018363e6	-1.1480303659394383e6	-1.193336744962479e6	-1.2383621007418234e6	-1.2846448073758583e6	-1.3309104637621848e6	-1.3773658671577943e6	-1.4248796134991606e6	-1.4714585254099634e6	-1.5199491976565726e6	-1.5677774216342284e6	-1.6164041677109508e6	-1.6656463924329432e6	-1.7143681877641098e6	-1.7644596880784086e6	-1.8148897972396547e6	-1.8658014651532155e6	-1.9166910816751795e6	-1.9685229644673215e6	-2.0201112704878445e6	-2.0725062119070687e6	-2.1256000989996786e6	-2.179272362372351e6	-2.233420264704416e6	-2.2876740719298436e6	-2.342351694919241e6	-2.3973215348942354e6	-2.4527820872387392e6	-2.508852888454834e6	-2.5656583926006295e6	-2.6233238861675537e6	-2.680833460889775e6	-2.7386479447127706e6	-2.797152543577215e6	-2.8561483128769877e6	-2.915989386890137e6	-2.9760212394210533e6	-3.0373038784470675e6	-3.0975370914357305e6	-3.1598233387705595e6	-3.2214211810382484e6	-3.2829903411715967e6	-3.346256807245724e6	-3.409919506209947e6	-3.4736294120222325e6	-3.5384461204272583e6	-3.6033569922892535e6	-3.668300288210891e6	-3.7343640085760364e6	-3.800867173363406e6	-3.8671841909616007e6	-3.934877296004222e6	-4.002302544585695e6	-4.0706129475539005e6	-4.1395770457551447e6	-4.209253828921267e6	-4.279476878937287e6	-4.349409432570924e6	-4.420317250373933e6	-4.491090629713407e6	-4.562391459117435e6	-4.634706707224738e6	-4.708286827061313e6	-4.781059021161655e6	-4.855068151512251e6	-4.928453738889873e6	-5.003870655471055e6	-5.078616092517703e6	-5.154888129998484e6	-5.231574743407484e6	-5.30759244306162e6	-5.385277253409869e6	-5.462865597623871e6	-5.541807968842357e6	-5.620603243834901e6	-5.699157986895819e6	-5.778705632408053e6	-5.859111751146376e6	-5.939681159547003e6	-6.021635272638557e6	-6.102134897697773e6	-6.184937611145062e6	-6.268008024976407e6	-6.350376500525147e6	-6.435134552699329e6	-6.519332072353509e6	-6.604399306485258e6	-6.689140125920025e6	-6.775350607491316e6	-6.861460885480116e6	-6.947756130831025e6	-7.03453941818547e6	-7.123138124608995e6	-7.209697097265341e6	-7.300467107488364e6	-7.389707671625055e6	-7.479687601596653e6	-7.567656793677513e6	-7.658834032726183e6	-7.750494653602315e6	-7.841888973077751e6	-7.935407211954471e6	-8.026133056796155e6	-8.120718215604277e6	-8.214001477280085e6	-8.309458447246198e6	-8.402609200171228e6	-8.499278819469932e6	-8.59437596998356e6	-8.690048547567222e6	-8.788134576891353e6	-8.884980239559622e6	-8.981012172728064e6	-9.080138954585211e6	-9.180901993708529e6	-9.278630708703687e6	-9.377358844216159e6	-9.479950334252372e6	-9.58011948709807e6
-0.00013971319820654633	-0.0014884926109124976	-0.002604180691600932	-0.003314539070168936	-0.0035213645071540357	-0.0032295820299442176	-0.0025577810004028738	-0.001714624430989574	-0.0009338986135134203	-0.0003849398395302156	-0.00010605181397298108	-0.000015470772387194272	-7.269444184074908e-7	-2.92288208861744e-9	-3.6063203772748024e-15	0.	0.	0.	0.	0.	0.	0.	0.	0.	0.	0.	0.	0.	0.	0.	0.	0.	0.	0.	0.	0.	0.	0.	0.	0.	0.	0.	0.	0.	0.	0.	0.	0.	0.	0.	0.	0.	0.	0.	0.	0.	0.	0.	0.	0.	0.	0.	-48541.987643058106	-179725.3754334383	-254671.23864291172	-316226.82915215567	-371146.07566578605	-422560.8159523449	-471281.57933772285	-518551.60597364214	-564277.0320209697	-609371.3828585916	-653647.7006920662	-697940.3843496914	-742128.662145165	-785632.1753881607	-829499.8641310605	-873659.7892987671	-917572.7120667591	-961476.9222505684	-1.0057176547479918e6	-1.0500907415362094e6	-1.0946736295305179e6	-1.1403418388947777e6	-1.1851669579859322e6	-1.2308437327508198e6	-1.2765491578101628e6	-1.322798878730353e6	-1.370178784047379e6	-1.4165154637893604e6	-1.4639112576674763e6	-1.5117232174407153e6	-1.5602473780094346e6	-1.608559723905847e6	-1.6577596523105185e6	-1.70756413110662e6	-1.7570806599156356e6	-1.8079063361636058e6	-1.8580817218363432e6	-1.909287362436085e6	-1.9613957368341943e6	-2.0128744898322495e6	-2.0652595723728514e6	-2.1184568781000366e6	-2.172356785325867e6	-2.2258411092765154e6	-2.280150921316583e6	-2.3352921314771813e6	-2.3899101276430185e6	-2.445222576339045e6	-2.5027522127960483e6	-2.559028059309202e6	-2.6157089346033563e6	-2.6734208633118444e6	-2.7309354438865837e6	-2.790937607477034e6	-2.84991275044164e6	-2.9091673067697375e6	-2.969395271935517e6	-3.0291313818035806e6	-3.0906280341027244e6	-3.151549782508709e6	-3.213328248102082e6	-3.276625239846e6	-3.3398745222554016e6	-3.402191015241533e6	-3.466429180196376e6	-3.530791815187192e6	-3.595648633114336e6	-3.6610693051840207e6	-3.72700021854557e6	-3.793524939114465e6	-3.860042437797785e6	-3.9269944370160364e6	-3.995519536315432e6	-4.0634865670048525e6	-4.13247114069052e6	-4.201169185630063e6	-4.271571947367809e6	-4.341767805903726e6	-4.412082314422353e6	-4.483683776234624e6	-4.555774804728697e6	-4.62807969506382e6	-4.700463882808124e6	-4.774411661558005e6	-4.84764790749605e6	-4.921788203636329e6	-4.996399983395575e6	-5.071932129828119e6	-5.147933727708389e6	-5.224252153022969e6	-5.300882293495504e6	-5.378558287579901e6	-5.456138734162079e6	-5.533712449224255e6	-5.611586595947558e6	-5.69240775021779e6	-5.771948169524832e6	-5.851832549556347e6	-5.93272599561047e6	-6.014114772302081e6	-6.095349655724858e6	-6.178144995058968e6	-6.261208432520267e6	-6.343571355639146e6	-6.427230501494287e6	-6.510703624619585e6	-6.597574054469845e6	-6.681167918147375e6	-6.76851349010356e6	-6.8546181154776e6	-6.940908122528394e6	-7.027686277363594e6	-7.114277694562135e6	-7.202833877489477e6	-7.291556081174551e6	-7.380764348106119e6	-7.471109387817349e6	-7.560772965225608e6	-7.651944885767215e6	-7.743600298306209e6	-7.83499017646476e6	-7.928502637044813e6	-8.019225642164749e6	-8.113805142778839e6	-8.207084365743978e6	-8.302535969899237e6	-8.395683765413363e6	-8.492348009857211e6	-8.587165485400494e6	-8.683110521234596e6	-8.779593527896713e6	-8.878033536343386e6	-8.974062930409018e6	-9.073185222155944e6	-9.171357070215516e6	-9.27166916943639e6	-9.370394438817285e6	-9.471032343242157e6	-9.573146708893884e6
-0.00014002471567943665	-0.0015000946479553218	-0.0026645787488896225	-0.0034805356788793072	-0.003844019728887267	-0.003725101932911209	-0.003185638940820526	-0.002377245121547373	-0.0015078738357533444	-0.0007769889094959511	-0.0003017185412215793	-0.00007758980375372707	-0.000010383507556343158	-4.3280938341309337e-7	-1.4307182844997097e-9	-1.1235272807929177e-15	0.	0.	0.	0.	0.	0.	0.	0.	0.	0.	0.	0.	0.	0.	0.	0.	0.	0.	0.	0.	0.	0.	0.	0.	0.	0.	0.	0.	0.	0.	0.	0.	0.	0.	0.	0.	0.	0.	0.	0.	0.	0.	0.	0.	0.	0.	0.	-157166.7133499796	-238433.4572873109	-302326.61724841833	-358847.2859332027	-411132.89004281245	-460538.332543552	-507770.98636211344	-554377.1657050719	-599545.6717852695	-644499.1027280929	-688702.1073387068	-733085.0164013323	-776554.7916637621	-820943.1783779032	-864519.94329924	-908495.4305343581	-952661.6313875174	-997026.8021276406	-1.041635813107939e6	-1.0863237657742086e6	-1.1312143291917662e6	-1.1770195686855179e6	-1.2228480601199116e6	-1.268423196044296e6	-1.3146987112973053e6	-1.3615972091370556e6	-1.408878362559382e6	-1.4560588945707341e6	-1.503928850347984e6	-1.552307854061674e6	-1.6005244234745505e6	-1.6501648918955578e6	-1.699156089249563e6	-1.7486337251195281e6	-1.7994952726723666e6	-1.8506942894645543e6	-1.901495884849398e6	-1.9531307615382087e6	-2.0052930983256963e6	-2.0575652505736714e6	-2.110751049657259e6	-2.163332819772476e6	-2.2181836138149295e6	-2.2724378185773594e6	-2.3275231840334577e6	-2.3819097192740724e6	-2.4386459490648583e6	-2.494577012304922e6	-2.5513612984621134e6	-2.60800606359391e6	-2.665627333382861e6	-2.724318260871915e6	-2.7824833337344527e6	-2.8416773837283654e6	-2.9004790880408227e6	-2.9611966212207377e6	-3.020751181036456e6	-3.0817728928857744e6	-3.1447840896470244e6	-3.206439602034911e6	-3.2680526276616333e6	-3.33101693342991e6	-3.3940471862580124e6	-3.458596227300403e6	-3.52311148112459e6	-3.587926505671963e6	-3.652839886346511e6	-3.7192548538961955e6	-3.785492455332448e6	-3.8523853869336727e6	-3.9200343133438383e6	-3.987348950874282e6	-4.055478271495102e6	-4.1247636437290437e6	-4.194156458779504e6	-4.263518406842558e6	-4.333371466706503e6	-4.405033174504765e6	-4.475941484767581e6	-4.547563293185758e6	-4.619504427808464e6	-4.693369641885817e6	-4.765541646777441e6	-4.839298949643518e6	-4.914662976296023e6	-4.989265100992273e6	-5.0647872041941425e6	-5.139440107790864e6	-5.21571242963943e6	-5.293041134865563e6	-5.369545751342485e6	-5.447492088332371e6	-5.526227936880822e6	-5.604380993643114e6	-5.683666980087241e6	-5.764724674718432e6	-5.843583495156251e6	-5.924755399416584e6	-6.005224141774416e6	-6.088096466029502e6	-6.169843892540461e6	-6.2525522132138265e6	-6.336296890416029e6	-6.419546596798784e6	-6.503416597010425e6	-6.587618237736934e6	-6.673867334026872e6	-6.75878512037672e6	-6.844421922732795e6	-6.933587837790982e6	-7.019980036150357e6	-7.10694724252311e6	-7.195497332211724e6	-7.284213890720718e6	-7.373416627856736e6	-7.462394488827389e6	-7.553414389983825e6	-7.644580625224784e6	-7.735807649194066e6	-7.827615600774929e6	-7.921121884555099e6	-8.011841854110414e6	-8.105006694498608e6	-8.1996902120328965e6	-8.295136080321385e6	-8.38828071446523e6	-8.484939213374583e6	-8.57947724176833e6	-8.675694010327246e6	-8.772172955464864e6	-8.869356807525791e6	-8.966634429998951e6	-9.06575192197288e6	-9.163920227801517e6	-9.264227524012681e6	-9.36294972959775e6	-9.462375783620391e6	-9.565693049434194e6
-0.0001392644552925614	-0.0014988038137361778	-0.0026958062807932387	-0.0035970351372467393	-0.004099904182754053	-0.004152421607711979	-0.00377246865997405	-0.0030574419989465315	-0.002173096901749626	-0.0013144695559675584	-0.0006447305864062066	-0.00023708669711310592	-0.00005718098113898335	-7.053869093625385e-6	-2.622696586959749e-7	-7.182856693169932e-10	-3.6464468304390795e-16	0.	0.	0.	0.	0.	0.	0.	0.	0.	0.	0.	0.	0.	0.	0.	0.	0.	0.	0.	0.	0.	0.	0.	0.	0.	0.	0.	0.	0.	0.	0.	0.	0.	0.	0.	0.	0.	0.	0.	0.	0.	0.	0.	0.	0.	0.	-129379.34240728694	-219841.96520140086	-286705.7946913983	-344943.8676818027	-398333.74000976235	-448502.995139281	-496773.7614560237	-543457.3302636135	-588857.8122215308	-634322.1633966776	-678576.8994643659	-722861.311079174	-767270.0973425028	-811368.533391664	-855482.2012816826	-899572.4327922142	-943886.5316764088	-987994.8092202389	-1.032570427877672e6	-1.0775661320329073e6	-1.12290001811826e6	-1.1682135694826832e6	-1.2134085166139028e6	-1.2601163272912474e6	-1.3061081784649617e6	-1.3530740951236605e6	-1.400230088066553e6	-1.4475248695925446e6	-1.494555935315503e6	-1.5438378640193457e6	-1.5921720536260202e6	-1.6417269498747324e6	-1.6904339001106427e6	-1.7410050405482687e6	-1.7907596132253997e6	-1.841619348691006e6	-1.8925230211474167e6	-1.9441217270114888e6	-1.9965596873589563e6	-2.049525755177811e6	-2.1021642097007395e6	-2.1551156338325897e6	-2.20995403921454e6	-2.2641473579844446e6	-2.3192536740896977e6	-2.373444213958598e6	-2.430117667043174e6	-2.486049353932909e6	-2.542878649535577e6	-2.599803159371298e6	-2.65646148977819e6	-2.715563542149599e6	-2.7736743439716278e6	-2.832761895952946e6	-2.8917725304075456e6	-2.9521558156213616e6	-3.0135944482929776e6	-3.0745948568064785e6	-3.135578260502836e6	-3.1973010676076473e6	-3.2608134988488345e6	-3.3226324454722074e6	-3.3866617570157307e6	-3.450161448639355e6	-3.514079006992359e6	-3.579821160717415e6	-3.64440145553692e6	-3.7108284582673227e6	-3.7768746401808206e6	-3.843668571945149e6	-3.9113123582366584e6	-3.9790028675821787e6	-4.047093397843151e6	-4.115889956464954e6	-4.1852319741387386e6	-4.255408823098091e6	-4.325881671448212e6	-4.395958249859977e6	-4.467923690009793e6	-4.539525174846631e6	-4.611965778551541e6	-4.684296083960826e6	-4.75798020925161e6	-4.831726506474763e6	-4.905241668072347e6	-4.980386215247487e6	-5.055268080801277e6	-5.131825784992905e6	-5.208088204274461e6	-5.284280847995218e6	-5.361902636737253e6	-5.439186142785181e6	-5.51761031726844e6	-5.596710513770402e6	-5.675987736719322e6	-5.755036238798718e6	-5.83562744433767e6	-5.91640055114476e6	-5.997512317236704e6	-6.0803753286116775e6	-6.161348372039867e6	-6.243704090004798e6	-6.328553104855769e6	-6.411393974055181e6	-6.4956594385876125e6	-6.579854706302162e6	-6.666095744479096e6	-6.751007736712426e6	-6.83663859917114e6	-6.923308874329731e6	-7.01135664123488e6	-7.099143858094349e6	-7.187687461432062e6	-7.276398010560072e6	-7.365594861139542e6	-7.454567701140361e6	-7.5455810679521505e6	-7.636741251098871e6	-7.727045354464457e6	-7.819765246008243e6	-7.909892032508408e6	-8.0039816926331315e6	-8.097141461327165e6	-8.191819016146826e6	-8.2838471912757065e6	-8.380400047326823e6	-8.47396808056915e6	-8.571311300464805e6	-8.667799014845159e6	-8.764273636424439e6	-8.861453053101791e6	-8.95872667149785e6	-9.057839054036012e6	-9.156003589102687e6	-9.256305772432549e6	-9.355024716557546e6	-9.454447387433818e6	-9.55775850871899e6
-0.00013751811922706815	-0.0014856983266100484	-0.0027002946064740656	-0.003667250467199028	-0.00428994440580069	-0.004504149037370831	-0.004295838726915467	-0.0037159716567698644	-0.0028832561262306248	-0.001966022705027363	-0.001140386314465489	-0.0005348641498249648	-0.00018701250635825423	-0.000042465597367880796	-4.848566136911931e-6	-1.615817648982726e-7	-3.69154887067659e-10	-1.2286914415321565e-16	0.	0.	0.	0.	0.	0.	0.	0.	0.	0.	0.	0.	0.	0.	0.	0.	0.	0.	0.	0.	0.	0.	0.	0.	0.	0.	0.	0.	0.	0.	0.	0.	0.	0.	0.	0.	0.	0.	0.	0.	0.	0.	0.	0.	0.	-92125.38713881839	-198678.72105489785	-269954.4790915037	-330403.445988727	-384531.9237776038	-435815.6845814067	-484749.9236492756	-531558.8471868512	-577872.9203827262	-623344.0482897448	-668261.7713688674	-712615.0303791973	-757015.2276449383	-800822.1274083698	-845406.9612662494	-889297.8402561827	-934008.5316731965	-978235.2428846475	-1.022953416526176e6	-1.0679783600374402e6	-1.113163434022389e6	-1.158630792958673e6	-1.2041309084034152e6	-1.2504911319544313e6	-1.2968797861929913e6	-1.3438176125735221e6	-1.3908351106738548e6	-1.4378726646258512e6	-1.4860656891863858e6	-1.5342557180288688e6	-1.5826417571908424e6	-1.6316081586761572e6	-1.6809779872479122e6	-1.7317543051816765e6	-1.781983362812477e6	-1.832324413326851e6	-1.8841805143137376e6	-1.9346752281282828e6	-1.9870749844951034e6	-2.0397467434006229e6	-2.0928702986404058e6	-2.146551776050985e6	-2.199828369072457e6	-2.254583711204131e6	-2.308860768345469e6	-2.364628394659415e6	-2.4198636314562554e6	-2.476210060379271e6	-2.5332890508594867e6	-2.590570646702321e6	-2.6487069572591064e6	-2.7063279323096946e6	-2.7646488937130393e6	-2.8238088989861268e6	-2.884232567058054e6	-2.942760229687634e6	-3.0039421446220074e6	-3.0653079352853373e6	-3.1260172938408004e6	-3.1887289009302254e6	-3.251142845005295e6	-3.314270901593655e6	-3.377125868081441e6	-3.4413696157481936e6	-3.5052355127063957e6	-3.57055010498966e6	-3.6354509851921657e6	-3.7018226446033074e6	-3.767771609971502e6	-3.834559106031833e6	-3.902301676494845e6	-3.9701449504629537e6	-4.03798873585803e6	-4.107177596349576e6	-4.17603288865099e6	-4.24638343292235e6	-4.316408852830244e6	-4.38800238671997e6	-4.458907616221557e6	-4.52984034654342e6	-4.602820248514201e6	-4.676289058076011e6	-4.748409887320392e6	-4.822110807071762e6	-4.897200067114952e6	-4.972332778619452e6	-5.047204281133148e6	-5.1220300572567545e6	-5.19824796614215e6	-5.2761851383169e6	-5.352384050404494e6	-5.431070658346096e6	-5.509150770365886e6	-5.58789888910403e6	-5.665883299846103e6	-5.7468835118504595e6	-5.827465340434097e6	-5.907767694602255e6	-5.989333109393451e6	-6.069771063075769e6	-6.153152789407295e6	-6.23550096769986e6	-6.317806731794683e6	-6.402087815982786e6	-6.487432149351117e6	-6.571620657810565e6	-6.656010520675502e6	-6.742758996462256e6	-6.828383559029839e6	-6.915047003849544e6	-7.002642246471096e6	-7.090867541275827e6	-7.179404265150471e6	-7.268108440692594e6	-7.356028266475534e6	-7.446266562684306e6	-7.537272999130559e6	-7.628426763389457e6	-7.718478798861343e6	-7.811439112164684e6	-7.901562476733086e6	-7.995645157732886e6	-8.088799547357358e6	-8.181165069265943e6	-8.275495916592627e6	-8.372041763998123e6	-8.465606353842838e6	-8.561728437100133e6	-8.659425534788324e6	-8.755895570775429e6	-8.852300097412385e6	-8.950339654905703e6	-9.049446618345326e6	-9.147607154119017e6	-9.24790391469598e6	-9.346619399696661e6	-9.446038482387388e6	-9.54587430770428e6
-0.00013488025470062017	-0.0014619336721330505	-0.0026806177761563733	-0.0036949556181535294	-0.004417072790093173	-0.00477775941655549	-0.004741479523464357	-0.00432231081124982	-0.0035942892746412885	-0.0026880378765341065	-0.0017674227425808486	-0.0009871504231174339	-0.000444300978145774	-0.00014819004293164538	-0.000031784191587278796	-3.370587244494946e-6	-1.0110825005264838e-7	-1.9388500265537394e-10	-4.285594606346028e-17	0.	0.	0.	0.	0.	0.	0.	0.	0.	0.	0.	0.	0.	0.	0.	0.	0.	0.	0.	0.	0.	0.	0.	0.	0.	0.	0.	0.	0.	0.	0.	0.	0.	0.	0.	0.	0.	0.	0.	0.	0.	0.	0.	0.	0.	-173797.07043546316	-250927.460816773	-314153.84994169336	-370022.66589361214	-421974.0959591417	-471409.7434874296	-519456.81805462093	-566090.8690998731	-611747.4317925889	-656812.3376344275	-701480.8091236076	-745810.7266358646	-790053.6870950287	-834341.8378839254	-879372.8043132707	-923500.4919145056	-967949.197650071	-1.0129228112151067e6	-1.0575100011171496e6	-1.1028554516053372e6	-1.14840679114444e6	-1.1940655732012142e6	-1.2404346532916334e6	-1.2869621352709378e6	-1.33342819668935e6	-1.3807141696121327e6	-1.428206427776358e6	-1.4764766601326936e6	-1.524494934966027e6	-1.5733495412173327e6	-1.6224297352591297e6	-1.6714684239737955e6	-1.721818176437214e6	-1.7722592342440232e6	-1.8231707476901235e6	-1.8736446244187122e6	-1.925946309210022e6	-1.9775619224648792e6	-2.030355657307347e6	-2.08339813276568e6	-2.136789568891941e6	-2.1909686544491877e6	-2.2450081645710883e6	-2.299877781696794e6	-2.3555834158574385e6	-2.4110691328910966e6	-2.4672835984479208e6	-2.523708178772084e6	-2.581292276986362e6	-2.639493054414767e6	-2.6967391876012012e6	-2.755548411317464e6	-2.814659856689012e6	-2.8744675979241e6	-2.9347680669555045e6	-2.9945590761303767e6	-3.055374451684318e6	-3.117952240822056e6	-3.1786278181722267e6	-3.240969543623606e6	-3.3047536911732233e6	-3.3675556058768537e6	-3.4321040248871236e6	-3.495916146121541e6	-3.5611939025109634e6	-3.626020266568328e6	-3.692334319142025e6	-3.7582756113126012e6	-3.825157215185287e6	-3.8931078740810384e6	-3.9603445779496557e6	-4.0296550970124677e6	-4.098171716541165e6	-4.1675913263322855e6	-4.236984906198273e6	-4.308014177430791e6	-4.3782118547502775e6	-4.449755824757247e6	-4.521219976858469e6	-4.593401373227352e6	-4.666111274791975e6	-4.739934679530814e6	-4.813623280607811e6	-4.887085004331953e6	-4.962170661557474e6	-5.036997990539307e6	-5.11349565201565e6	-5.189702475577835e6	-5.265607167251453e6	-5.343816758186767e6	-5.420316584450069e6	-5.499659169079176e6	-5.577799220563849e6	-5.657276216223081e6	-5.736722284986672e6	-5.81645929235357e6	-5.898100547214294e6	-5.978592025738387e6	-6.061117473502917e6	-6.1434540427831635e6	-6.226829095548699e6	-6.309127785579718e6	-6.393399923089049e6	-6.476431028656697e6	-6.562916092262112e6	-6.6472993318512e6	-6.732172355407698e6	-6.819656802308861e6	-6.906313026484611e6	-6.993456471773855e6	-7.082118292067519e6	-7.170807507840064e6	-7.256725816477212e6	-7.347259921587268e6	-7.437491073459194e6	-7.528490183519034e6	-7.616876758150013e6	-7.708943579210065e6	-7.799806401101489e6	-7.892756946341919e6	-7.98683224940966e6	-8.079980952589171e6	-8.172342275569945e6	-8.266667426213271e6	-8.363205864479116e6	-8.456766814160641e6	-8.552883185586201e6	-8.64813382433717e6	-8.745433823399963e6	-8.843154776756618e6	-8.941473380222498e6	-9.038025510065211e6	-9.138730922850488e6	-9.2356621853928e6	-9.337733779015085e6	-9.4371490684811e6	-9.536981236041928e6
-0.00013145160773751557	-0.0014287180766223112	-0.0026394373238665713	-0.0036842761407190894	-0.004485581054676401	-0.004974302598738101	-0.005101827167958773	-0.004854855963309657	-0.004268967403718897	-0.003434414324966023	-0.002487376438434512	-0.001582985524045932	-0.0008540320575723206	-0.00036991468799220736	-0.00011801328976826086	-0.00002397430327349838	-2.3685721644436054e-6	-6.419707074771928e-8	-1.0390539008444508e-10	-1.543267295749665e-17	0.	0.	0.	0.	0.	0.	0.	0.	0.	0.	0.	0.	0.	0.	0.	0.	0.	0.	0.	0.	0.	0.	0.	0.	0.	0.	0.	0.	0.	0.	0.	0.	0.	0.	0.	0.	0.	0.	0.	0.	0.	0.	0.	0.	-143766.40353248804	-229956.63218588778	-296462.9336404582	-354415.45008788625	-407728.2313789136	-458038.11163616425	-506114.6326655066	-553491.2876330463	-599445.7310232045	-644861.6538767777	-689844.8025397715	-734435.2833987881	-779069.1224655306	-823710.9031125775	-867782.3842667683	-912493.8910318073	-957435.7817121297	-1.0021742551163734e6	-1.0472256663099952e6	-1.092120403004028e6	-1.1378100591836525e6	-1.183988628273506e6	-1.2297791619844642e6	-1.2762294971444577e6	-1.3228348174592077e6	-1.3705787506975285e6	-1.418362399011675e6	-1.466122656129931e6	-1.5140020718850836e6	-1.5629352980731362e6	-1.6120625369115663e6	-1.6617732452310834e6	-1.711888092493229e6	-1.7615209096176573e6	-1.8131599101822102e6	-1.8635889769778377e6	-1.9157352066903177e6	-1.967961904058862e6	-2.019950068013662e6	-2.0727493588775499e6	-2.126252022813729e6	-2.180527800968271e6	-2.2351300430031703e6	-2.289925059783741e6	-2.345319075206933e6	-2.401133987073021e6	-2.4573583069556993e6	-2.5140761382803284e6	-2.571409352657672e6	-2.6294848247376774e6	-2.686932246103612e6	-2.7452120800228356e6	-2.8047392977589285e6	-2.864215789138076e6	-2.924735619475227e6	-2.984842570001243e6	-3.0449466355412095e6	-3.1077577746693986e6	-3.1683839341768045e6	-3.232424885858068e6	-3.294703554631379e6	-3.3583297918271637e6	-3.421745860876463e6	-3.486202120906315e6	-3.5507826209954186e6	-3.616195789040586e6	-3.6824527156008757e6	-3.7484835694118747e6	-3.8155650004776292e6	-3.8828585006040866e6	-3.9504021716718627e6	-4.019499555603021e6	-4.0879640443402976e6	-4.1572523731534476e6	-4.226844782979578e6	-4.297589441175662e6	-4.368283900454186e6	-4.439469758007508e6	-4.51160772878948e6	-4.583530492578727e6	-4.657285611172338e6	-4.729805887444891e6	-4.802893282341982e6	-4.878127321506215e6	-4.953199812379624e6	-5.028015612711957e6	-5.103163526724179e6	-5.179342316096714e6	-5.256589692306193e6	-5.333598492009259e6	-5.41127724301959e6	-5.489148098828544e6	-5.568737642585181e6	-5.648203884836321e6	-5.7276402600118015e6	-5.80736809269756e6	-5.8878348450579755e6	-5.96948124308361e6	-6.051996122331262e6	-6.132649671440375e6	-6.215493574056945e6	-6.299979707136675e6	-6.382487400804289e6	-6.467266737579705e6	-6.551000177970378e6	-6.638117267955108e6	-6.722983449677535e6	-6.81045832900818e6	-6.897106942234901e6	-6.983042915471761e6	-7.070350676973757e6	-7.158388121426287e6	-7.24749220013306e6	-7.3370810506501235e6	-7.42824123346501e6	-7.516037754217882e6	-7.607615399648297e6	-7.699674654988173e6	-7.790532075052708e6	-7.883475441334887e6	-7.9760821580128325e6	-8.068412759932359e6	-8.163042574106479e6	-8.257361720137625e6	-8.350324934203554e6	-8.447449461522548e6	-8.543559812368715e6	-8.638806006624082e6	-8.736099977452582e6	-8.833531088934612e6	-8.93212784744822e6	-9.028676575661331e6	-9.12778720644902e6	-9.226303519855374e6	-9.328367854512809e6	-9.427779145714935e6	-9.527607457803158e6
-0.00012733656282599325	-0.0013872876025920492	-0.0025794507233650272	-0.0036395296625476013	-0.004500643538739222	-0.005097378905443638	-0.005374573178524531	-0.005300060732452153	-0.004878700977515912	-0.004163024311391885	-0.00325456392548114	-0.002290609350291654	-0.0014150215848323963	-0.0007392772172738751	-0.0003088734902108023	-0.00009446939613259929	-0.0000182208648858185	-1.6816403268640546e-6	-4.132307131907081e-8	-5.6740529564159115e-11	-5.7244321337188074e-18	0.	0.	0.	0.	0.	0.	0.	0.	0.	0.	0.	0.	0.	0.	0.	0.	0.	0.	0.	0.	0.	0.	0.	0.	0.	0.	0.	0.	0.	0.	0.	0.	0.	0.	0.	0.	0.	0.	0.	0.	0.	0.	0.	-104149.02753453495	-205999.2140305435	-276929.19151323574	-337214.26647239894	-391987.5385528851	-443222.2219332194	-492174.80194193823	-539526.4673607729	-586128.8423014404	-632230.4225964883	-677333.0260815461	-722177.1558260013	-767155.3870177924	-811545.4881460717	-855966.258649276	-901067.8848825019	-945828.2214860527	-990771.3080141024	-1.0357369157534903e6	-1.0814070424427385e6	-1.1263707752552486e6	-1.1728584145426005e6	-1.218523825560217e6	-1.2656745872119542e6	-1.312218579454254e6	-1.3594924097665322e6	-1.407108471904533e6	-1.4550255268901736e6	-1.5035922843113274e6	-1.552345593670992e6	-1.6009430297723191e6	-1.6509708977206165e6	-1.700354854991394e6	-1.7512975346049801e6	-1.801496365905124e6	-1.8531045590197279e6	-1.9052001285041326e6	-1.9572710836227783e6	-2.0098808866968835e6	-2.0630727009315896e6	-2.116665132283751e6	-2.169705797798939e6	-2.224853767519774e6	-2.279572213948094e6	-2.335125998511759e6	-2.3901603666402176e6	-2.4473765357015803e6	-2.503846127052245e6	-2.5610539326739055e6	-2.617658834767487e6	-2.676331108329823e6	-2.735273440287796e6	-2.794195091226268e6	-2.8536110840241425e6	-2.913875164947193e6	-2.974333221701689e6	-3.036044560516627e6	-3.096709805061138e6	-3.159430250205944e6	-3.221464972920209e6	-3.2834732109272955e6	-3.3471811381752873e6	-3.4113831586541897e6	-3.4761786702014697e6	-3.5407077582983e6	-3.6060683531814166e6	-3.6722715317120194e6	-3.7384941577058793e6	-3.805370115114668e6	-3.872780307708342e6	-3.9402748048298517e6	-4.008852031505836e6	-4.0774776200996507e6	-4.1469302941970504e6	-4.216088057140777e6	-4.286777259452695e6	-4.357830230557553e6	-4.428551882908021e6	-4.500605353163998e6	-4.573031300916657e6	-4.646049845706174e6	-4.719138616549436e6	-4.793491676993681e6	-4.867466062905574e6	-4.941913097027855e6	-5.0172759786549155e6	-5.09310957687878e6	-5.169043339759914e6	-5.2450262471554205e6	-5.3229224645392485e6	-5.401774345617902e6	-5.479634446902437e6	-5.557298756957395e6	-5.636461990508281e6	-5.717144820151325e6	-5.797810677674235e6	-5.878267585004292e6	-5.959777748165324e6	-6.039917214899593e6	-6.123053367662231e6	-6.205887594407568e6	-6.288918683381547e6	-6.372862922720542e6	-6.457632482857492e6	-6.541358612182486e6	-6.626098900823115e6	-6.713323318012268e6	-6.798030976204391e6	-6.88463192045336e6	-6.9733585524498625e6	-7.060659052118102e6	-7.148689053751768e6	-7.237785065001851e6	-7.32736601668619e6	-7.415834949512302e6	-7.506309580213734e6	-7.597879099684796e6	-7.688597623113286e6	-7.7807821425397415e6	-7.87371796171197e6	-7.964501662090261e6	-8.0586435556072e6	-8.153265964875531e6	-8.247578798365669e6	-8.340537983472138e6	-8.437654295928542e6	-8.532741688433453e6	-8.628999839284575e6	-8.726287472738562e6	-8.822945106724406e6	-8.922303056582857e6	-9.018848208723824e6	-9.117953093158206e6	-9.216464922751835e6	-9.318521626189813e6	-9.417928714088885e6	-9.517752972987963e6
-0.0001226407361326868	-0.001338881999010312	-0.0025033434937772967	-0.003565099741350707	-0.004467959634397263	-0.0051523397449646435	-0.005561371643868748	-0.005651148090791111	-0.005403640408481416	-0.004839174710898106	-0.004023853583564667	-0.003066737201018304	-0.002103032669938287	-0.0012639192411436572	-0.0006407726820579423	-0.00025874716847416163	-0.00007601946396686779	-0.00001395024113441933	-1.2056594693513518e-6	-2.694406398805098e-8	-3.15336319717117e-11	-2.1827138114619694e-18	0.	0.	0.	0.	0.	0.	0.	0.	0.	0.	0.	0.	0.	0.	0.	0.	0.	0.	0.	0.	0.	0.	0.	0.	0.	0.	0.	0.	0.	0.	0.	0.	0.	0.	0.	0.	0.	0.	0.	0.	0.	0.	-29178.871815194136	-178127.67029669217	-255285.1317176644	-318351.4014540777	-375204.0255265931	-427601.68151868327	-477503.5385946128	-525493.2731594379	-572537.0534826589	-618891.1583302852	-664339.761764501	-709530.161184301	-754309.2278423486	-799092.3167243123	-843930.3374755982	-888719.4718161466	-933882.5868442908	-978773.7408421824	-1.0240524881913885e6	-1.0694776612621902e6	-1.1151633636947414e6	-1.1611183774010832e6	-1.207540423482007e6	-1.2534729470094938e6	-1.300572073806438e6	-1.3479642764833998e6	-1.3954059314547712e6	-1.4439231532609141e6	-1.4924130082267276e6	-1.541019805917699e6	-1.5899197212895972e6	-1.639359438149758e6	-1.6895166609375165e6	-1.7394081464455328e6	-1.790798800857931e6	-1.8420533852113942e6	-1.893356923091175e6	-1.9462562226672312e6	-1.998208040119726e6	-2.0515883415027217e6	-2.105075918183512e6	-2.1594890074217976e6	-2.213282217555667e6	-2.2679043496078714e6	-2.323361313609865e6	-2.379659019592759e6	-2.435181365806841e6	-2.493147456775296e6	-2.5488275390404724e6	-2.607412873317099e6	-2.665457217892312e6	-2.7245744098918694e6	-2.783168673796981e6	-2.842794867272158e6	-2.90326967035304e6	-2.963186380192229e6	-3.0248349916432407e6	-3.0859487757776487e6	-3.1481014616309605e6	-3.210308246484095e6	-3.2740353020649846e6	-3.3365873881145953e6	-3.4004706218426083e6	-3.4651466453329953e6	-3.5298633790215114e6	-3.595248736763818e6	-3.6611138388297637e6	-3.727491170839074e6	-3.794464250808858e6	-3.861431795691883e6	-3.9294483243239373e6	-3.99781454302164e6	-4.0668254946668823e6	-4.13623416207848e6	-4.2063572023909995e6	-4.275696964976839e6	-4.346435831440462e6	-4.418770413323265e6	-4.4899970872614235e6	-4.561752609728192e6	-4.634523893096165e6	-4.708561512054192e6	-4.781792522911005e6	-4.856261877001465e6	-4.93212680797214e6	-5.006282905374519e6	-5.081197485004645e6	-5.158502861097455e6	-5.235087850915628e6	-5.312970313610222e6	-5.389725672166143e6	-5.467783166775117e6	-5.547311223695048e6	-5.626463073984132e6	-5.706434198379721e6	-5.7855096984833935e6	-5.867032046499168e6	-5.948244591547726e6	-6.029864484500444e6	-6.112988951504344e6	-6.195813030384741e6	-6.277668135637994e6	-6.362768957900717e6	-6.445752806318604e6	-6.531246726111993e6	-6.615978699559406e6	-6.702046282358772e6	-6.787893181457533e6	-6.874485744243232e6	-6.961263236862118e6	-7.050494665074154e6	-7.138516860824627e6	-7.227604411083555e6	-7.315913713579932e6	-7.405640095164432e6	-7.496106861136033e6	-7.587667858259491e6	-7.6783798112009615e6	-7.770556603562569e6	-7.862482198285441e6	-7.9542638441211805e6	-8.048397804729448e6	-8.141597254209707e6	-8.2373186608973835e6	-8.33027362050979e6	-8.427381317378603e6	-8.521075020734392e6	-8.618242596525446e6	-8.715996309257895e6	-8.812232292891094e6	-8.910364082571432e6	-9.008540409252679e6	-9.107053905988459e6	-9.206146394082172e6	-9.304364398684468e6	-9.407597773602933e6	-9.507417781596325e6
-0.00011746877735412361	-0.001284722187070517	-0.002413745510242364	-0.003465333872750784	-0.004393481519382699	-0.005145667364217397	-0.005666747505983611	-0.005906740633729177	-0.005831859528030442	-0.005436888983793679	-0.004755623535100686	-0.003865011441833726	-0.0028786626191295564	-0.00192738670524651	-0.001129027069086551	-0.0005563879602109813	-0.00021751013473558952	-0.00006149206303198614	-0.000010756530769071733	-8.724663709539829e-7	-1.7782783804717135e-8	-1.7815455612244797e-11	-8.539699808406535e-19	0.	0.	0.	0.	0.	0.	0.	0.	0.	0.	0.	0.	0.	0.	0.	0.	0.	0.	0.	0.	0.	0.	0.	0.	0.	0.	0.	0.	0.	0.	0.	0.	0.	0.	0.	0.	0.	0.	0.	0.	0.	0.	-144050.5984709013	-231392.00042973692	-298125.40315235726	-356833.4877589788	-410570.76622169814	-461416.25425683486	-510164.47034379997	-557873.2903640203	-604322.3824630574	-650410.8500391947	-695610.5418202298	-741101.9418997028	-785690.2090523313	-830904.1441567151	-876149.8406952729	-920999.4597428733	-966144.1545773076	-1.0113059741672019e6	-1.0570458472993427e6	-1.102720640791329e6	-1.148612113983495e6	-1.1954381153782979e6	-1.2413492969069378e6	-1.2889099698613107e6	-1.3362376814187483e6	-1.3835038701909652e6	-1.4318446568634857e6	-1.4800355133946692e6	-1.528817258560754e6	-1.5781050147872553e6	-1.6278028620968666e6	-1.6780956699855789e6	-1.7284046855534976e6	-1.7788431081070404e6	-1.8303003973208633e6	-1.8818240855550603e6	-1.9339170024035838e6	-1.9867135963694435e6	-2.0397871327767007e6	-2.0933170760405078e6	-2.147409350333214e6	-2.202094872828915e6	-2.2570901593009788e6	-2.3124728052982385e6	-2.3671675119459387e6	-2.4242075385419624e6	-2.4806970806524362e6	-2.538313110346332e6	-2.595973250030008e6	-2.6537418416146985e6	-2.7132596522637606e6	-2.7717908413353576e6	-2.8311632719703657e6	-2.8907384782911534e6	-2.9515506270451695e6	-3.0133217733719754e6	-3.0748558763002953e6	-3.1362762086147275e6	-3.199114953948473e6	-3.262392945135363e6	-3.3257822563836817e6	-3.389131035088824e6	-3.4530785323454374e6	-3.5184147326371307e6	-3.5836406758468174e6	-3.649706084682637e6	-3.71555704535321e6	-3.7833013644318683e6	-3.850637807266702e6	-3.918660031331995e6	-3.986494204662592e6	-4.055072633812952e6	-4.1248088040247587e6	-4.194654136168917e6	-4.264470104645477e6	-4.336219080388257e6	-4.406897785708816e6	-4.478945937659767e6	-4.551485387400637e6	-4.6242405983635485e6	-4.697076954883971e6	-4.771477654560435e6	-4.845169021610006e6	-4.919765558455887e6	-4.994834912416813e6	-5.070825818762232e6	-5.147287495645728e6	-5.224067274566938e6	-5.301159954856865e6	-5.379299690705977e6	-5.457344930369036e6	-5.535384334926677e6	-5.615999091574689e6	-5.695014738176223e6	-5.775023980216527e6	-5.8553780102657955e6	-5.936742323216678e6	-6.01934418524515e6	-6.100309901580935e6	-6.183579087927856e6	-6.267117043895955e6	-6.349954112221881e6	-6.435181536122424e6	-6.519849359988983e6	-6.605387791259894e6	-6.690600492201732e6	-6.777283861373353e6	-6.863867652860288e6	-6.950637017082445e6	-7.037895094036147e6	-7.127871542644835e6	-7.214165089804926e6	-7.305252712443163e6	-7.394971061544365e6	-7.485429596984757e6	-7.574839097626922e6	-7.665700141135221e6	-7.757674292565767e6	-7.849549016213468e6	-7.943549848571978e6	-8.037675507299084e6	-8.130346527398633e6	-8.223590024995549e6	-8.319531845316492e6	-8.414239488560105e6	-8.510320316163184e6	-8.606454801824555e6	-8.702058510391163e6	-8.800632137620326e6	-8.897963388329143e6	-8.997753177247873e6	-9.095676410496086e6	-9.195347933846371e6	-9.29356201016649e6	-9.394570187169457e6	-9.496601883628234e6
-0.00011192242199188526	-0.0012259900366077253	-0.002313192212005556	-0.0033444604568233496	-0.004283204839239213	-0.005084494938469357	-0.005697202336139474	-0.006069576715891179	-0.006158129723095934	-0.005938807101709124	-0.005418295381484946	-0.004642165900479797	-0.003695881079047777	-0.0026951854002538233	-0.001764826221705275	-0.0010091774236179903	-0.0004841380913116069	-0.00018350158978719549	-0.0000499962160407387	-8.350695145087505e-6	-6.369465014476962e-7	-1.1871408150959878e-8	-1.022176345825947e-11	-3.422517182031244e-19	0.	0.	0.	0.	0.	0.	0.	0.	0.	0.	0.	0.	0.	0.	0.	0.	0.	0.	0.	0.	0.	0.	0.	0.	0.	0.	0.	0.	0.	0.	0.	0.	0.	0.	0.	0.	0.	0.	0.	0.	0.	-97468.46751051187	-203894.39533491118	-276255.06413032784	-337230.87228521606	-392817.614852511	-444725.1943069948	-494289.8772528111	-542603.079956018	-589695.2510558185	-635603.3239075582	-681905.6165195855	-727250.0011536232	-772356.1108559292	-817710.654536038	-862690.5161554017	-907894.0609084176	-952725.1335822596	-998410.1035433505	-1.0438705679600239e6	-1.08977007965846e6	-1.136066776356364e6	-1.1824136125723957e6	-1.2291411564448082e6	-1.2760874257374636e6	-1.323050449832325e6	-1.3711605203703742e6	-1.4193180187651166e6	-1.4674590025141789e6	-1.5166859996325842e6	-1.5658696678946428e6	-1.6157172789538752e6	-1.665723338156832e6	-1.7162716156969399e6	-1.7671734411211386e6	-1.8185696748027978e6	-1.8699792465676959e6	-1.9218985611233623e6	-1.9747847969634575e6	-2.0283784466982207e6	-2.081233262978647e6	-2.135606521777813e6	-2.1901132227633432e6	-2.2446373004056024e6	-2.299919185827037e6	-2.356041028298367e6	-2.411946507258713e6	-2.4688310441762637e6	-2.5260724143230524e6	-2.583449449578073e6	-2.6420835796467178e6	-2.7000876968189515e6	-2.76019944761763e6	-2.8192629083825396e6	-2.878816519457503e6	-2.9395633645950183e6	-3.000877686887095e6	-3.0629600419396455e6	-3.1240991190689253e6	-3.186567693062947e6	-3.250090525833842e6	-3.3136553896312057e6	-3.376949586046501e6	-3.4416347237385353e6	-3.506282423113291e6	-3.5717043576087947e6	-3.6379944593768856e6	-3.7038740084340586e6	-3.771555165388511e6	-3.8387859916853444e6	-3.9057122276890916e6	-3.9744316637338307e6	-4.0435336344182636e6	-4.1127749724377003e6	-4.182563544034541e6	-4.2527220419813385e6	-4.324111356205267e6	-4.394639849682529e6	-4.466379469047588e6	-4.539114634935216e6	-4.612011467334919e6	-4.684799382730714e6	-4.758942574027646e6	-4.83314920791862e6	-4.90712570029659e6	-4.982733216779011e6	-5.058078890971223e6	-5.135102251166612e6	-5.211831005817302e6	-5.288490617027813e6	-5.366581149313822e6	-5.444333678629242e6	-5.523563499152851e6	-5.602800409911788e6	-5.68254999923374e6	-5.762815649662136e6	-5.843396924468919e6	-5.925035573710307e6	-6.005971955062911e6	-6.089313130107446e6	-6.171530050924827e6	-6.256097014742798e6	-6.338925084303109e6	-6.42304968681343e6	-6.506989591193e6	-6.591664684424087e6	-6.678388986127328e6	-6.763781500185221e6	-6.852777646304491e6	-6.939538520867855e6	-7.026788279600718e6	-7.113852055411484e6	-7.202881210039655e6	-7.292077139851916e6	-7.381759845688285e6	-7.474110330729413e6	-7.562719427063741e6	-7.654367965042449e6	-7.746500682258373e6	-7.838368207909751e6	-7.93235967544263e6	-8.023560640312743e6	-8.118620455574497e6	-8.2123795338854175e6	-8.3083126578922225e6	-8.401940537504954e6	-8.499087624721996e6	-8.59466291137388e6	-8.690814122886682e6	-8.789379544626815e6	-8.886704938289162e6	-8.983216759946508e6	-9.082824534006156e6	-9.184069542044418e6	-9.282279515492043e6	-9.381489457073402e6	-9.485305279083678e6
-0.00010609882250218343	-0.0011638108858361596	-0.0022040913082729645	-0.0032065217198608024	-0.004143007513655621	-0.004976236581819213	-0.0056604962718423794	-0.006145383177462707	-0.006382584680141355	-0.006335312289012992	-0.005989112125921204	-0.005361761493573954	-0.004509048082798951	-0.0035228987759949263	-0.0025192234012116144	-0.0016155437730241114	-0.0009029904599312005	-0.0004222496826520808	-0.00015537228506438416	-0.00004085332590509535	-6.525500189133435e-6	-4.6891763790261165e-7	-8.011148333137902e-9	-5.950660764521637e-12	-1.4030455796456012e-19	0.	0.	0.	0.	0.	0.	0.	0.	0.	0.	0.	0.	0.	0.	0.	0.	0.	0.	0.	0.	0.	0.	0.	0.	0.	0.	0.	0.	0.	0.	0.	0.	0.	0.	0.	0.	0.	0.	0.	0.	0.	-171234.15897147136	-251413.6482547633	-316111.15746360394	-373724.74839158764	-426784.3010956419	-477525.0962865432	-526289.1017679487	-573681.2013835094	-620334.6171238648	-666769.13867131	-712423.9329303543	-758214.2151534739	-803370.3278426325	-848628.0325475394	-893884.8328162826	-939083.161964331	-984450.182289626	-1.0304784692130615e6	-1.0764681630539284e6	-1.1229679018115138e6	-1.1689712762427265e6	-1.2157008562242202e6	-1.2632686259436922e6	-1.3105846022631647e6	-1.358196832439831e6	-1.4062402028865216e6	-1.4548773989886134e6	-1.5038166616691018e6	-1.5529494274200352e6	-1.6029319078563561e6	-1.6523526219918614e6	-1.7033166631660073e6	-1.754307849895282e6	-1.8051776771606794e6	-1.8573700109900776e6	-1.9093669507951913e6	-1.9622768119227004e6	-2.0145659450878813e6	-2.0691426788148505e6	-2.1230331489815027e6	-2.1775110548923113e6	-2.231857872072013e6	-2.2872361207347075e6	-2.3430580728213154e6	-2.399923276453528e6	-2.4565616893414767e6	-2.513697233770938e6	-2.571451623283664e6	-2.6299516620139317e6	-2.6878265549337226e6	-2.7472663336395365e6	-2.8064977264264603e6	-2.866410357626421e6	-2.9273694248364842e6	-2.9879173136227853e6	-3.0504208517972124e6	-3.111722748283456e6	-3.174519994696528e6	-3.2372887679709634e6	-3.3006489231287558e6	-3.364099507740096e6	-3.428856164190764e6	-3.4939682414624887e6	-3.559042593311705e6	-3.6249528621015004e6	-3.6917102003264236e6	-3.7580969246084206e6	-3.8254258135707197e6	-3.893825720420196e6	-3.9624295784289106e6	-4.0312767780851806e6	-4.100247629887142e6	-4.1702003182080104e6	-4.239974022671117e6	-4.311462800838214e6	-4.382120361214735e6	-4.454126316979789e6	-4.526238072002814e6	-4.599445233971074e6	-4.671874217502612e6	-4.746165102554553e6	-4.820321544736159e6	-4.895867458956259e6	-4.9716694203679e6	-5.04678957143592e6	-5.122076189176976e6	-5.198756076391907e6	-5.277156623478316e6	-5.353819650722024e6	-5.43297200041471e6	-5.511518598929365e6	-5.591410909494563e6	-5.671147486353965e6	-5.750657059752258e6	-5.831709634463986e6	-5.912483074988537e6	-5.994521064082627e6	-6.075562792071653e6	-6.159287768406556e6	-6.242110340528427e6	-6.326945048610424e6	-6.410736400313592e6	-6.495471386262209e6	-6.580137016536156e6	-6.666849353162523e6	-6.752233263835293e6	-6.838336778857331e6	-6.925480565998781e6	-7.014002916509002e6	-7.102265211865868e6	-7.191284735245739e6	-7.280471742037756e6	-7.37014570722956e6	-7.459595819290828e6	-7.551088130713824e6	-7.642727682249577e6	-7.734428853496554e6	-7.826711620529073e6	-7.920693324733113e6	-8.0118894914527e6	-8.105531043376701e6	-8.200692000600209e6	-8.29661605823696e6	-8.390238940845065e6	-8.487376946410809e6	-8.58239429167088e6	-8.679091250807395e6	-8.776050802993774e6	-8.873715847844455e6	-8.971474936717777e6	-9.071075124039467e6	-9.169725762847288e6	-9.270516914661111e6	-9.369722013468424e6	-9.470840115166517e6
-0.00010008917397892032	-0.00109923907676925	-0.0020886953876516068	-0.0030553207270985943	-0.00397852664320222	-0.004828304177499385	-0.005565080438945047	-0.0061419246955942905	-0.006509439393721439	-0.0066232979773728365	-0.006453789898189096	-0.005995920452980743	-0.005277716127278108	-0.004363693822558417	-0.0033504331770367445	-0.0023524148780929392	-0.001479166252403814	-0.0008090458903388027	-0.0003691764474717752	-0.00013203132576997	-0.000033545130324721045	-5.131310149907082e-6	-3.4797680420361054e-7	-5.461650096950829e-9	-3.512008129197572e-12	-5.875082048042416e-20	0.	0.	0.	0.	0.	0.	0.	0.	0.	0.	0.	0.	0.	0.	0.	0.	0.	0.	0.	0.	0.	0.	0.	0.	0.	0.	0.	0.	0.	0.	0.	0.	0.	0.	0.	0.	0.	0.	0.	0.	-129896.65557208275	-223476.6591212018	-292973.37450560805	-352982.3846976651	-407874.81128027715	-459697.60086041625	-509128.4416894267	-557104.1315051044	-604347.4861613681	-651155.921468315	-696919.8717583634	-742979.7817411144	-788364.6180387523	-833953.3139020432	-879587.3374195521	-925224.1497383707	-970266.8042354279	-1.0168116845357193e6	-1.0621455189362192e6	-1.1087275171503678e6	-1.1552196981420766e6	-1.2018794575310554e6	-1.2493053903809206e6	-1.296951215897818e6	-1.3446125986232604e6	-1.3923693593701483e6	-1.4412092882332022e6	-1.4900702997609496e6	-1.5393634902482901e6	-1.5893879000925075e6	-1.6392062272016117e6	-1.6899318873056027e6	-1.741277491842932e6	-1.7923366715865387e6	-1.843473868368853e6	-1.896466242369137e6	-1.9490481064378524e6	-2.0017772161397012e6	-2.0560274002666576e6	-2.110018546496884e6	-2.163414603013967e6	-2.219088154755584e6	-2.2741729434951674e6	-2.330096772958486e6	-2.3868655531768026e6	-2.442917364761982e6	-2.499706593910366e6	-2.5576649694078076e6	-2.6160056585413865e6	-2.674965144687237e6	-2.7344618506159014e6	-2.7938093365717735e6	-2.8536540879030055e6	-2.9143497861997033e6	-2.9752421543198195e6	-3.03739072795951e6	-3.09849500197471e6	-3.161657752072049e6	-3.224136277719763e6	-3.2879675216146377e6	-3.3507464146177224e6	-3.4162914366617803e6	-3.4806473881501243e6	-3.546612956513478e6	-3.6124610629763063e6	-3.6791548662493583e6	-3.745625406440734e6	-3.813148161498805e6	-3.8808851858047848e6	-3.9488743879657467e6	-4.0184188036356326e6	-4.087332462098376e6	-4.157071587804326e6	-4.227116436736014e6	-4.29831520095785e6	-4.369465253752299e6	-4.441108172773448e6	-4.513704834968286e6	-4.586309670804725e6	-4.6602111191593995e6	-4.7332867146450095e6	-4.807390805910745e6	-4.882537257666643e6	-4.958076273984056e6	-5.033358975932387e6	-5.110312549520214e6	-5.186977156965349e6	-5.263341237649863e6	-5.342010680367849e6	-5.41897227213479e6	-5.498777181591376e6	-5.577380993887919e6	-5.657322740999422e6	-5.737234604344219e6	-5.817438344624198e6	-5.8995475894679455e6	-5.98050762619397e6	-6.063503057655457e6	-6.146310307600845e6	-6.230157219455387e6	-6.3129277566252155e6	-6.397673427161131e6	-6.483483050517535e6	-6.568138831591207e6	-6.652996920217386e6	-6.740213670899313e6	-6.826308006080001e6	-6.913441840441948e6	-7.0012858736823555e6	-7.090205435930341e6	-7.179214934949746e6	-7.268392654516623e6	-7.356786609817216e6	-7.447499874683498e6	-7.538982087573867e6	-7.630612285873086e6	-7.721388209302639e6	-7.814579254071411e6	-7.905179883812667e6	-7.999741969169591e6	-8.093375683020808e6	-8.188527425139899e6	-8.281031618668279e6	-8.378059727994795e6	-8.472104610041577e6	-8.569924550831655e6	-8.666889894153278e6	-8.763842764476776e6	-8.861500954643756e6	-8.959253855397927e6	-9.05884614631889e6	-9.157490957585502e6	-9.258274207673678e6	-9.357474266042706e6	-9.457378491478557e6
-0.00009397763826783401	-0.0010332466208513881	-0.0019690806085074846	-0.0028943811621315145	-0.0037950664974000996	-0.004647893596836327	-0.0054196553350194	-0.006068225041670839	-0.006545843656073467	-0.006804834145062699	-0.006805533137827346	-0.006525628538327293	-0.005969327135941882	-0.005174001187954214	-0.004211479529619895	-0.003181404066616409	-0.0021955543719377434	-0.0013550053163818585	-0.0007259759029375339	-0.00032358981979313333	-0.00011259848497320645	-0.00002767438844026156	-4.059306699825793e-6	-2.601934193842856e-7	-3.759726598151128e-9	-2.099756717598735e-12	-2.5096313910768665e-20	0.	0.	0.	0.	0.	0.	0.	0.	0.	0.	0.	0.	0.	0.	0.	0.	0.	0.	0.	0.	0.	0.	0.	0.	0.	0.	0.	0.	0.	0.	0.	0.	0.	0.	0.	0.	0.	0.	0.	-66587.74785954734	-191153.70469966045	-267302.68782458134	-330452.45273155463	-387404.3074920944	-440165.72930243035	-491178.0905901037	-540121.051944541	-587674.3110361692	-634528.8920508183	-680982.97811932	-727277.890732762	-772768.7087424784	-818473.4094640074	-864307.1724478914	-910038.7769643931	-955865.8793959698	-1.0020769127134621e6	-1.0479490366067871e6	-1.0942703983845336e6	-1.1409563381453215e6	-1.187642515724811e6	-1.2350619661360611e6	-1.282358778773606e6	-1.330658343211187e6	-1.378899783077905e6	-1.4275436025408923e6	-1.476551058583923e6	-1.5253208723556793e6	-1.5749405793308017e6	-1.6254594383645572e6	-1.6758378559282506e6	-1.7266541483278293e6	-1.7782954475079367e6	-1.8301428133857914e6	-1.8820620147522762e6	-1.9345555082770188e6	-1.988283701125216e6	-2.0418147954087956e6	-2.0964101799791951e6	-2.149696215085532e6	-2.2052520758186732e6	-2.260225748138986e6	-2.316037913679005e6	-2.3726944824701264e6	-2.4302013645434114e6	-2.4869737691842234e6	-2.544736758429362e6	-2.602686659820825e6	-2.661432206857166e6	-2.7199153341556145e6	-2.780641482316322e6	-2.8406888405934363e6	-2.900349760298571e6	-2.961931966927606e6	-3.0240104319154397e6	-3.085557080937388e6	-3.148145111262326e6	-3.210789696017412e6	-3.274957144326041e6	-3.339082238601371e6	-3.4022792405440398e6	-3.467569130900098e6	-3.533120644465416e6	-3.59888547808619e6	-3.66533722598157e6	-3.73206526845671e6	-3.7998381715308833e6	-3.8670497146073636e6	-3.935640930624956e6	-4.005070735338112e6	-4.0741402703130334e6	-4.1440384655826907e6	-4.21364402850604e6	-4.284782124405057e6	-4.356285787660139e6	-4.427459997931161e6	-4.499967338296976e6	-4.572848713915425e6	-4.646324167255779e6	-4.719871223846196e6	-4.794684075720815e6	-4.869119366353208e6	-4.944028502954403e6	-5.019854866847543e6	-5.096153128303858e6	-5.173385124532468e6	-5.251086720416313e6	-5.328231830270639e6	-5.406688038908585e6	-5.4850177816509195e6	-5.565066541762953e6	-5.644993675268616e6	-5.72394356830503e6	-5.8050836373993335e6	-5.88601473216974e6	-5.968126306175952e6	-6.051107375294008e6	-6.132228370298902e6	-6.2155404324942585e6	-6.300495752587315e6	-6.383473322949438e6	-6.46872362487914e6	-6.552928491127925e6	-6.64051873082026e6	-6.725857927880326e6	-6.81380751672281e6	-6.900931008000189e6	-6.987720306469671e6	-7.075125575073301e6	-7.163639811728021e6	-7.253221777454322e6	-7.343757844020889e6	-7.434929579306974e6	-7.526401297643839e6	-7.615261957180493e6	-7.707802788536608e6	-7.799140552051837e6	-7.892566556495622e6	-7.987118073463389e6	-8.080743641866423e6	-8.173582235765062e6	-8.268385402719533e6	-8.365402898954121e6	-8.4594425667131e6	-8.55603878882902e6	-8.654020642552454e6	-8.749550288792111e6	-8.848037231064165e6	-8.94655351598694e6	-9.046137600844407e6	-9.14477635603879e6	-9.245551394529728e6	-9.344746214796226e6	-9.444645006693974e6
-0.00008784056004869316	-0.0009667149747019993	-0.0018471314226921314	-0.002726918766274616	-0.0035975324162766604	-0.004441827024736734	-0.005232833647095416	-0.005933944633583295	-0.006500901637887031	-0.006885883873815207	-0.0070437564476860635	-0.006940124297772509	-0.0065602426139812434	-0.0059171250274986055	-0.005056539414778836	-0.004056294388003551	-0.003017714846731932	-0.0020488855095203927	-0.0012422142654933627	-0.0006525115974944536	-0.00028435853462120914	-0.00009636367735669794	-0.00002293535780648947	-3.229793789176128e-6	-1.9596463389741763e-7	-2.612022680286617e-9	-1.2708837699441987e-12	-1.0920713627421174e-20	0.	0.	0.	0.	0.	0.	0.	0.	0.	0.	0.	0.	0.	0.	0.	0.	0.	0.	0.	0.	0.	0.	0.	0.	0.	0.	0.	0.	0.	0.	0.	0.	0.	0.	0.	0.	0.	0.	0.	-151740.98170999967	-238482.96603928416	-306305.3413084722	-365426.31550117733	-420021.9072016563	-472089.0703526705	-521757.57054726686	-569890.6256808648	-617409.4605809822	-664392.8366675545	-710748.2623599516	-756958.2664836178	-802795.5907596325	-848658.1695012301	-894224.4189086208	-940452.9006478933	-986301.4300420112	-1.0326689522841638e6	-1.0795363383680866e6	-1.1259291818640558e6	-1.1730998494848353e6	-1.2204400590425709e6	-1.2679978606099198e6	-1.316019093528684e6	-1.364230902810968e6	-1.41265299989473e6	-1.4621678463838112e6	-1.5110866402693377e6	-1.5607386509691195e6	-1.611376131918879e6	-1.661850143469856e6	-1.7127406252427106e6	-1.7639912066204194e6	-1.8155974783084893e6	-1.8682369703436953e6	-1.9209421163170773e6	-1.9742233463139208e6	-2.0270236436124232e6	-2.08147666280421e6	-2.1362592374270014e6	-2.191255725350508e6	-2.246120757067486e6	-2.30182377581807e6	-2.3583706916338042e6	-2.4157674145458844e6	-2.4729358752409522e6	-2.5301626554079037e6	-2.5889624394164532e6	-2.6471046966821137e6	-2.7064132058159797e6	-2.7655901226946656e6	-2.826359056011855e6	-2.886903868359228e6	-2.948135634365014e6	-3.009151067709215e6	-3.070612435065795e6	-3.1341387425220213e6	-3.1965791712776506e6	-3.2611206134045525e6	-3.3249464676115415e6	-3.388734186827085e6	-3.4531227305834075e6	-3.518902151641679e6	-3.58457334814582e6	-3.651086102993027e6	-3.7184516560984943e6	-3.7855818876141026e6	-3.8535158752439125e6	-3.921920282338946e6	-3.9901381227228916e6	-4.0597612819495145e6	-4.129369993891825e6	-4.199676153461922e6	-4.270982659137934e6	-4.3420856543896645e6	-4.41331022911763e6	-4.485824914821276e6	-4.558832155377328e6	-4.632055902360411e6	-4.706547155439739e6	-4.7802338316936325e6	-4.855159976549882e6	-4.930524479101238e6	-5.006098739245878e6	-5.081368735765123e6	-5.159241530805094e6	-5.236289703484188e6	-5.314636720277443e6	-5.39185720615349e6	-5.470381127836108e6	-5.550377164138419e6	-5.629997574708995e6	-5.710438450112718e6	-5.792137888831869e6	-5.87197800704536e6	-5.953662869501572e6	-6.035755852083242e6	-6.11935527986472e6	-6.202654362232835e6	-6.284983559245612e6	-6.37056243771512e6	-6.455799624642017e6	-6.539994683363691e6	-6.625204557455637e6	-6.712899214670862e6	-6.798078128738096e6	-6.885151027143173e6	-6.974350609149675e6	-7.0621246149011655e6	-7.150628867286687e6	-7.240200010814998e6	-7.330256831670598e6	-7.419201622343418e6	-7.5101533953080755e6	-7.602201066985688e6	-7.693817984561002e6	-7.786061374290682e6	-7.8794772545625875e6	-7.970739588387625e6	-8.065362861996712e6	-8.16046727216273e6	-8.2552619710743865e6	-8.34870173261884e6	-8.446302710428622e6	-8.542890441983867e6	-8.638614666773556e6	-8.736387172712503e6	-8.834297397655286e6	-8.933373918484798e6	-9.030402532782055e6	-9.1299938855289e6	-9.228991136625104e6	-9.331537859728971e6	-9.43143101304945e6
-0.00008174595971265086	-0.0009004297949412797	-0.0017245310844938601	-0.0025558233646033757	-0.003390386586703584	-0.0042164410600512205	-0.005012889244329334	-0.005748894979346654	-0.006384862157173318	-0.006875149755169078	-0.007172736045491124	-0.007235780943731239	-0.00703560646993774	-0.006565034760729021	-0.005845375267770656	-0.0049298249844301895	-0.0039009419705049357	-0.0028605548644859598	-0.0019122978465523494	-0.001139885181175337	-0.0005875024139724548	-0.0002505245295467746	-0.00008275351378609788	-0.000019091668797824668	-2.583997427406415e-6	-1.4860994106126383e-7	-1.8305744915236613e-9	-7.781999494840148e-13	-4.833670147382601e-21	0.	0.	0.	0.	0.	0.	0.	0.	0.	0.	0.	0.	0.	0.	0.	0.	0.	0.	0.	0.	0.	0.	0.	0.	0.	0.	0.	0.	0.	0.	0.	0.	0.	0.	0.	0.	0.	0.	-96754.2811991961	-205762.0449492909	-279654.92075057613	-342189.33614749456	-398586.13041766954	-451340.8704634153	-502464.2852854556	-551576.352280624	-599520.6865947589	-647077.7061228831	-693602.9789773946	-739812.7056690699	-786476.0145013593	-832337.441616004	-878205.5666814984	-924399.1913417918	-970298.8029517129	-1.0171707736863414e6	-1.0637030615097932e6	-1.1106904220411933e6	-1.1572463164222396e6	-1.2045834575795461e6	-1.2526611135130532e6	-1.3004648486218406e6	-1.3485790577493187e6	-1.3977854088030022e6	-1.4470811278039983e6	-1.4964033737856378e6	-1.5456467372588676e6	-1.5959649688446026e6	-1.646957725530773e6	-1.6981120029580889e6	-1.7487505705874534e6	-1.8007900977053926e6	-1.8531835842510324e6	-1.906075258467232e6	-1.9589521388766575e6	-2.0127939443438787e6	-2.0663935057125904e6	-2.120818724857448e6	-2.1759597023685547e6	-2.2316932415127824e6	-2.28779816361156e6	-2.343722899082063e6	-2.4010087411468704e6	-2.4580710700841853e6	-2.5156338568188585e6	-2.573818778339104e6	-2.632752685671259e6	-2.6925634196223286e6	-2.751482275200223e6	-2.8121709463830306e6	-2.8728313700202815e6	-2.933990451122003e6	-2.9946457254266604e6	-3.0563304095571917e6	-3.1197832258318625e6	-3.182676733240175e6	-3.2466266418942995e6	-3.3092362586757164e6	-3.374349426031063e6	-3.4391698082908066e6	-3.504216961660888e6	-3.5704169219951415e6	-3.6365676875017458e6	-3.70347265464109e6	-3.7715998668573555e6	-3.8392787291427697e6	-3.907811019576133e6	-3.9762149925985266e6	-4.045381106575502e6	-4.1150773519361154e6	-4.1853224293965064e6	-4.256405691802042e6	-4.3277881647867365e6	-4.39907498249533e6	-4.471658305398718e6	-4.5441779605092425e6	-4.617539810123367e6	-4.692316948071508e6	-4.765404166095155e6	-4.840174766935565e6	-4.916363837015996e6	-4.991888896456748e6	-5.068336618863962e6	-5.14525648059164e6	-5.221497381793661e6	-5.300049309411419e6	-5.378650962970662e6	-5.457159361721813e6	-5.535662982543746e6	-5.616743196990487e6	-5.69622512544263e6	-5.7767016951392535e6	-5.857523947010967e6	-5.939541050768324e6	-6.022430139693408e6	-6.103866304270148e6	-6.187607811951281e6	-6.271618843039267e6	-6.354928907793637e6	-6.440631613201383e6	-6.526590555316651e6	-6.611789406943189e6	-6.697901259042086e6	-6.784639656631746e6	-6.871701444725062e6	-6.958949082332344e6	-7.048650892540578e6	-7.1371447975925775e6	-7.226704725388439e6	-7.3154872735344665e6	-7.405687513091634e6	-7.496628860716757e6	-7.588665235328946e6	-7.6798530771046085e6	-7.7725065900652055e6	-7.865911978013531e6	-7.957168527358934e6	-8.051781285251886e6	-8.145459535773508e6	-8.241661323732814e6	-8.335095484040956e6	-8.432685041188125e6	-8.526858661859298e6	-8.624981702423478e6	-8.72274539786616e6	-8.819880138513217e6	-8.918078735539926e6	-9.01673870557625e6	-9.116322069490451e6	-9.215313086993366e6	-9.317849200840924e6	-9.417736510544958e6
-0.00007575328093758008	-0.0008350784537722682	-0.0016027575299707257	-0.0023836503859760967	-0.003177622344984962	-0.003977512336720964	-0.004767577029906565	-0.005522670264823357	-0.006208470088203383	-0.00678308515086313	-0.007200325164717887	-0.007414769479100592	-0.007388480695128966	-0.007098772891998142	-0.006545885097527733	-0.005758829859077358	-0.004797280828059129	-0.003747428488912229	-0.0027106116400750727	-0.0017854593831988508	-0.0010471079263023688	-0.0005299202292661669	-0.0002212789058264213	-0.00007130416399023762	-0.000015959737129014343	-2.0782786553762743e-6	-1.1344093755105608e-7	-1.2936120586389605e-9	-4.818061544570232e-13	-2.1719340420400787e-21	0.	0.	0.	0.	0.	0.	0.	0.	0.	0.	0.	0.	0.	0.	0.	0.	0.	0.	0.	0.	0.	0.	0.	0.	0.	0.	0.	0.	0.	0.	0.	0.	0.	0.	0.	0.	0.	0.	-166304.79598323294	-249695.88583508407	-316617.61631955975	-375841.8340270949	-430046.0331209385	-482221.79460624553	-532268.402472185	-580951.9113620266	-628390.6880047466	-675646.7732607673	-722555.5915270098	-768821.5906124549	-815168.0554965792	-861621.5162990624	-907956.2453205532	-954136.6010496289	-1.0006309140490222e6	-1.0476516903817481e6	-1.094304000980037e6	-1.1413318654649814e6	-1.1890011850180158e6	-1.2370966745971309e6	-1.284787205286638e6	-1.333175947338809e6	-1.3818703447474192e6	-1.4309247130614454e6	-1.4802960367734865e6	-1.5307984336116402e6	-1.5810484195705245e6	-1.6311491332520344e6	-1.6827075729933102e6	-1.7336199146226207e6	-1.7861193737877125e6	-1.8378691239156276e6	-1.891053765341541e6	-1.9438420263632748e6	-1.9974843730540564e6	-2.0516692272409452e6	-2.1059705865877946e6	-2.1612064554935237e6	-2.2172790728742154e6	-2.27276831856172e6	-2.3291005449875565e6	-2.3862816621832196e6	-2.4427498582640747e6	-2.499958868415517e6	-2.559154762553746e6	-2.6171077760254676e6	-2.6766290030198633e6	-2.7364267519267607e6	-2.796209587755208e6	-2.8564923439078648e6	-2.9183965111073186e6	-2.9789644498033333e6	-3.0415595045565055e6	-3.1039193193835155e6	-3.166724226904305e6	-3.2310213102125935e6	-3.29479140863338e6	-3.3592987517515197e6	-3.424062041658778e6	-3.4894277901213397e6	-3.55553719936623e6	-3.62188407425927e6	-3.689079985317754e6	-3.7559080124821668e6	-3.823679924065386e6	-3.892524623930468e6	-3.960730212498191e6	-4.0308713578170054e6	-4.100292758438141e6	-4.17069766917603e6	-4.240925105185185e6	-4.312869476175421e6	-4.383983718947741e6	-4.456448140972947e6	-4.529019575129115e6	-4.602911603256406e6	-4.677295655615843e6	-4.750333988548226e6	-4.825843261515263e6	-4.900968131563612e6	-4.977026781682697e6	-5.052825901473255e6	-5.1303029204332745e6	-5.207487507730541e6	-5.284604676382344e6	-5.3631533282181285e6	-5.441365730034483e6	-5.521056082393379e6	-5.600754948612409e6	-5.6809676096912725e6	-5.760952789212434e6	-5.842483611616477e6	-5.924848790847826e6	-6.006252385046096e6	-6.0900618464631e6	-6.172747831980198e6	-6.257785189421603e6	-6.341083957853194e6	-6.425680311781167e6	-6.510092454562048e6	-6.5979035493947305e6	-6.68243963280061e6	-6.770729659187879e6	-6.857779947133949e6	-6.945016927509985e6	-7.032743422659748e6	-7.120834773507022e6	-7.209791762365698e6	-7.301509516488425e6	-7.391699224567503e6	-7.482629781051722e6	-7.572512542541574e6	-7.663847157790511e6	-7.756295421506567e6	-7.848645035967643e6	-7.943121288750006e6	-8.037723161954331e6	-8.130871001087474e6	-8.224591813562829e6	-8.321011823232022e6	-8.41619796514727e6	-8.512758049199337e6	-8.609372226868846e6	-8.706849825601198e6	-8.804510690949975e6	-8.902323043450972e6	-9.00259544583671e6	-9.101000538601825e6	-9.201155105795417e6	-9.29985140081475e6	-9.40356149918049e6
-0.00006991336575362965	-0.0007712500325897762	-0.0014830840879154017	-0.0022126207227138378	-0.002962754091026874	-0.003730213884379465	-0.004504010801004446	-0.005264377540549282	-0.005982462661528971	-0.006621078514160732	-0.0071368066312056475	-0.007483693686586845	-0.007618595849118063	-0.007507923598248556	-0.007135099894262274	-0.006507513804606586	-0.005661241533150725	-0.004661519221988071	-0.0035971709305781903	-0.0025682207504639544	-0.0016679058101150743	-0.0009630048186968958	-0.00047885509152209327	-0.00019593970691419229	-0.0000616395541615838	-0.000013396304826601476	-1.680022211827361e-6	-8.713958582689808e-8	-9.21418166550537e-10	-3.0145070969530943e-13	-9.86881229365169e-22	0.	0.	0.	0.	0.	0.	0.	0.	0.	0.	0.	0.	0.	0.	0.	0.	0.	0.	0.	0.	0.	0.	0.	0.	0.	0.	0.	0.	0.	0.	0.	0.	0.	0.	0.	0.	0.	-113820.40864075611	-216271.56279004386	-288807.31967935304	-350941.0042160311	-407247.6465331329	-460643.43974934646	-511810.27901824	-560929.8868243775	-609371.3828585916	-656917.7944087556	-703955.7156321569	-751050.3850710298	-797541.789780654	-844020.5072303627	-890512.1684708062	-937062.1653648849	-983870.6593856275	-1.0305440983991469e6	-1.0776997544124564e6	-1.125283776138237e6	-1.1724034804307134e6	-1.2204750406425213e6	-1.268387751424768e6	-1.3167727438495168e6	-1.3653563842972266e6	-1.4151933014539392e6	-1.4640596330958346e6	-1.5141144642327994e6	-1.5646525662022114e6	-1.6156027974943533e6	-1.6663773768098422e6	-1.7177062992501392e6	-1.769400081372535e6	-1.8227644494625153e6	-1.875228285257031e6	-1.927860488861222e6	-1.9816060952661e6	-2.0356414097799486e6	-2.0908878494318833e6	-2.1458575492510404e6	-2.2003618093995415e6	-2.2571726747967247e6	-2.313384809767815e6	-2.3704452880045082e6	-2.4268004947486767e6	-2.4855451274321745e6	-2.54372414723133e6	-2.602093687172231e6	-2.661262133876669e6	-2.720171321920651e6	-2.7813268223788966e6	-2.8418063241372667e6	-2.903140287410917e6	-2.9639217258990533e6	-3.026440713218378e6	-3.0884295097658713e6	-3.151462483245985e6	-3.214553756004972e6	-3.2791712803763454e6	-3.3437479090082496e6	-3.408597042103168e6	-3.473762118130319e6	-3.539909533167353e6	-3.6061572502598464e6	-3.67325169442447e6	-3.740369408636648e6	-3.808438154006357e6	-3.876457009359623e6	-3.9457738857385437e6	-4.0143439140348476e6	-4.085121924251617e6	-4.1550838520209272e6	-4.225803443579902e6	-4.297453361216501e6	-4.369056323764492e6	-4.441153684294723e6	-4.514206316880604e6	-4.587621310767135e6	-4.661628986016863e6	-4.735164529318722e6	-4.81096232636496e6	-4.88533940460185e6	-4.961342583171848e6	-5.037090117491379e6	-5.114510554260559e6	-5.191642532895173e6	-5.268474261849347e6	-5.347614152575209e6	-5.427221600012022e6	-5.505322457158652e6	-5.584811020120239e6	-5.664813229990285e6	-5.74674375081706e6	-5.8282582305275975e6	-5.909495111179417e6	-5.9919971942338515e6	-6.0733728273843955e6	-6.157695483780805e6	-6.240985340898042e6	-6.326288050157708e6	-6.410548522101708e6	-6.495753464750314e6	-6.580889843826807e6	-6.668073967273089e6	-6.753930147543875e6	-6.84050667512301e6	-6.928124364552395e6	-7.017121740939193e6	-7.105859498026988e6	-7.195355334561185e6	-7.285019163222111e6	-7.375170599787244e6	-7.4650982882101545e6	-7.557069940265239e6	-7.649189226983607e6	-7.741793501745838e6	-7.83413377412659e6	-7.928597872560808e6	-8.020273663695036e6	-8.115807550080008e6	-8.210042027228391e6	-8.306450750192009e6	-8.400555450553384e6	-8.498179449669298e6	-8.5942324992884e6	-8.690861971344149e6	-8.789906261745661e6	-8.88771101254806e6	-8.987972753563415e6	-9.086371177590495e6	-9.186517193031237e6	-9.285208163045848e6	-9.38489961419972e6
-0.0000642686265332735	-0.0007094374679497634	-0.001366584391073	-0.002044627739095857	-0.002748820192539655	-0.003479096516316193	-0.004228588273920462	-0.004982448755778034	-0.0057171918936912616	-0.006400803683639794	-0.006993915627385652	-0.007452313268267461	-0.0077309601622414055	-0.0077895209656186175	-0.007599047908509753	-0.007149059960011104	-0.006453746690994343	-0.005555591305954614	-0.004524533265730017	-0.0034511486564527205	-0.0024334723682968833	-0.0015591004978122323	-0.000886749825538735	-0.0004335067236607512	-0.00017393220844163864	-0.000053453947583609165	-0.000011289055131038488	-1.3646959601959365e-6	-6.733876505116487e-8	-6.61283420452943e-10	-1.9050564578823962e-13	-4.514196754701676e-22	0.	0.	0.	0.	0.	0.	0.	0.	0.	0.	0.	0.	0.	0.	0.	0.	0.	0.	0.	0.	0.	0.	0.	0.	0.	0.	0.	0.	0.	0.	0.	0.	0.	0.	0.	0.	0.	-175753.32226020462	-257844.57270279378	-324336.95014789386	-383107.3001770416	-437912.54354483145	-490269.808341898	-540284.916256326	-589645.7759121512	-637674.5063357011	-685038.0793595352	-732323.5180663231	-779184.728295415	-825960.7981471879	-872637.3412282339	-919456.4282361764	-966239.9988712212	-1.0132161186779836e6	-1.060930508498643e6	-1.108119626158238e6	-1.1552882855528498e6	-1.203573924801876e6	-1.2513378209609652e6	-1.3001431730680205e6	-1.3486152213531919e6	-1.398187838094234e6	-1.4478576759339178e6	-1.4975610876317236e6	-1.5482952316621402e6	-1.599154439227053e6	-1.650318416814626e6	-1.7016729854107588e6	-1.753451366921095e6	-1.8054525032140573e6	-1.8584375772594516e6	-1.9119838675519363e6	-1.9649600860553572e6	-2.019466460591099e6	-2.0746936137326006e6	-2.1291688618692816e6	-2.184584528697171e6	-2.2404222959778863e6	-2.2974385320413494e6	-2.3534188202829347e6	-2.4111944720864734e6	-2.4689149665516084e6	-2.5274655262203612e6	-2.5852259446534384e6	-2.644716572505128e6	-2.7049635562090976e6	-2.7645633274419806e6	-2.825619865472014e6	-2.8867315263398048e6	-2.9483950008976967e6	-3.0098447595154145e6	-3.0734202690842813e6	-3.135709125773817e6	-3.199421202124574e6	-3.263577529850223e6	-3.3278497338725976e6	-3.3920853499261173e6	-3.458065673249552e6	-3.523909246386256e6	-3.590058789958392e6	-3.6570527799057737e6	-3.7249025132914735e6	-3.79276454393328e6	-3.860625071753378e6	-3.9295381463796347e6	-3.9988045459144954e6	-4.068719221110412e6	-4.139034956510288e6	-4.210068505132889e6	-4.281653389898457e6	-4.3529520342779225e6	-4.425230732770035e6	-4.4981900111674e6	-4.571524958156487e6	-4.645455482348697e6	-4.71945913224177e6	-4.7947299372103205e6	-4.869624542406648e6	-4.944994231746947e6	-5.021282465668445e6	-5.098043819340625e6	-5.175740293290448e6	-5.253907571553161e6	-5.33151888854017e6	-5.410442842272142e6	-5.489240914944896e6	-5.569759974459715e6	-5.650157925442729e6	-5.730527878208975e6	-5.811191058706793e6	-5.893759420453292e6	-5.975181322488172e6	-6.058638337030648e6	-6.141908850340799e6	-6.226219720748879e6	-6.309456178139207e6	-6.394667885835716e6	-6.47863985778804e6	-6.566068556541844e6	-6.651395944974003e6	-6.739082415093556e6	-6.825647602868687e6	-6.913252997688113e6	-7.001569376165647e6	-7.090962127753756e6	-7.18044558125445e6	-7.2700979374608e6	-7.360238136054368e6	-7.450156238989445e6	-7.542115416386586e6	-7.634223149106888e6	-7.725476566310344e6	-7.819146733208439e6	-7.910225214739419e6	-8.005267900874875e6	-8.09938186107904e6	-8.1950151987187555e6	-8.28951894087411e6	-8.385510540562041e6	-8.483308468544085e6	-8.578616472944625e6	-8.675789707242182e6	-8.773226198003579e6	-8.871368672288254e6	-8.969605830162985e6	-9.069684377553603e6	-9.168814149906216e6	-9.270084819120381e6	-9.369770043850487e6
-0.00005885338260054321	-0.0006500415007545546	-0.001254140813554115	-0.0018812502206692898	-0.0025383964811662237	-0.0032280903410797585	-0.003946954064756807	-0.004684519817179085	-0.005422354179972103	-0.006133720985346978	-0.006784040340467335	-0.007332418520598209	-0.007734488395042218	-0.007946687118854105	-0.007931883108129902	-0.00766593618580444	-0.007144349227429325	-0.006387709935007655	-0.005444257068671042	-0.0043878391144376305	-0.003310014884675418	-0.00230628743286761	-0.00145847459226058	-0.0008175779685653631	-0.0003931742158359478	-0.00015477185951005617	-0.000046498065602387835	-9.549517957595969e-6	-1.1137335599083985e-6	-5.2336738555745705e-8	-4.780241021178937e-10	-1.215479452848109e-13	-2.051222814783288e-22	0.	0.	0.	0.	0.	0.	0.	0.	0.	0.	0.	0.	0.	0.	0.	0.	0.	0.	0.	0.	0.	0.	0.	0.	0.	0.	0.	0.	0.	0.	0.	0.	0.	0.	0.	0.	-123151.9483566174	-222588.91521786075	-295235.0448376627	-357390.80798148515	-414168.3181093355	-467519.85164435767	-518688.37263666786	-568342.8518222133	-617333.1745380759	-665438.7973419862	-712953.7845345907	-759929.8832546527	-807064.1572294032	-854089.481718058	-901191.8322329648	-947931.5933409797	-995006.440966387	-1.0429335686906223e6	-1.0898707231945416e6	-1.1375702814054505e6	-1.1855131027303883e6	-1.23442973682793e6	-1.2824299239773885e6	-1.3314507220856708e6	-1.3810188701869778e6	-1.4305931227908523e6	-1.4807847223683074e6	-1.5312119591084889e6	-1.5818450883807521e6	-1.6333481171578658e6	-1.6842892804422828e6	-1.7368022659224307e6	-1.7885086969755099e6	-1.8417771801529683e6	-1.8953089635325824e6	-1.9489281454800484e6	-2.0024609922785796e6	-2.057524780828753e6	-2.1123381398379127e6	-2.1679872209435715e6	-2.2243600966413766e6	-2.280316266279005e6	-2.337119594096716e6	-2.3947759901261325e6	-2.451902113732798e6	-2.510951127080729e6	-2.5698453394958954e6	-2.6291877464709654e6	-2.6879117272032555e6	-2.7482067235595165e6	-2.8082990435979646e6	-2.8690782644159566e6	-2.930909950075867e6	-2.9936059338712473e6	-3.055722072729002e6	-3.1196088463071226e6	-3.1829390451383507e6	-3.2473281880086595e6	-3.3108432464572066e6	-3.375935964345584e6	-3.4415021697433647e6	-3.507581183685792e6	-3.573910877312533e6	-3.6407521169429184e6	-3.708508774036387e6	-3.775891207866307e6	-3.844026926459616e6	-3.9130181386096776e6	-3.9824514789557103e6	-4.0524585243057185e6	-4.1230927127875863e6	-4.1938397549862415e6	-4.264560742531469e6	-4.337136299394224e6	-4.408807875234884e6	-4.481770418348648e6	-4.555227219537889e6	-4.628902358642436e6	-4.702660809029153e6	-4.777987482586213e6	-4.853369388316042e6	-4.928131954429364e6	-5.005223950134833e6	-5.081059196121416e6	-5.159287697661822e6	-5.236798179570885e6	-5.315608790833315e6	-5.393293674710168e6	-5.4742710839204965e6	-5.552746299935541e6	-5.632834476606545e6	-5.71409408359984e6	-5.796039059279629e6	-5.877427532902002e6	-5.959871190122424e6	-6.040945866382278e6	-6.125019439655826e6	-6.208792817521068e6	-6.294209380734011e6	-6.377651687425659e6	-6.463366039326352e6	-6.548037160191686e6	-6.636092505147222e6	-6.721899630027297e6	-6.810316814034321e6	-6.897909523938729e6	-6.984790824895203e6	-7.073045421445781e6	-7.162031185869838e6	-7.252085332365813e6	-7.343094335944302e6	-7.434739838999403e6	-7.52668614571773e6	-7.616021863519091e6	-7.70903864509952e6	-7.8008527353223665e6	-7.894756039728032e6	-7.98978576463151e6	-8.083889735135083e6	-8.17720673479694e6	-8.2724894577066945e6	-8.3699880143802e6	-8.464507384044515e6	-8.561585000589095e6	-8.660238958565276e6	-8.75766693322694e6	-8.85503024777022e6	-8.954029942206258e6	-9.054098425556744e6	-9.153220770650964e6	-9.254481369038327e6	-9.354160169680428e6
-0.00005369432884656093	-0.000593376073039804	-0.0011464557386691055	-0.0017237700721745943	-0.0023336181379130065	-0.002980522138182227	-0.0036639927619379186	-0.004377363715619329	-0.005106808996297362	-0.005830710333753025	-0.00651959306491682	-0.007136884085252896	-0.007640747998666325	-0.007987205240206775	-0.008134605029501769	-0.00804929688337546	-0.007712011845443723	-0.0071240528245998715	-0.006311974308157959	-0.005329140142314	-0.0042525829281192425	-0.003174179446225003	-0.0021864723528284996	-0.0013654535149374351	-0.0007547886120490136	-0.00035724529389595256	-0.00013804974256003403	-0.000040568039626170206	-8.107685728099858e-6	-9.129998130355693e-7	-4.090109672592398e-8	-3.479416755145327e-10	-7.826194043774533e-14	-9.033240667726427e-23	0.	0.	0.	0.	0.	0.	0.	0.	0.	0.	0.	0.	0.	0.	0.	0.	0.	0.	0.	0.	0.	0.	0.	0.	0.	0.	0.	0.	0.	0.	0.	0.	0.	0.	0.	0.	-180743.47784021345	-262656.5631749253	-329081.0365482415	-388443.5488636381	-443355.4334076104	-495971.8659000744	-546547.6410451595	-596317.1932852531	-644861.6538767777	-692761.9004401696	-740493.5859139046	-788015.7590520422	-835154.2116403856	-881831.0491103549	-929167.5005855832	-976671.1166834519	-1.0241834325928731e6	-1.0715348405846418e6	-1.1196413307043773e6	-1.168041363400809e6	-1.2158056367735956e6	-1.2644369076859583e6	-1.3139813170857928e6	-1.363577397431647e6	-1.4127263996062095e6	-1.4629839112401002e6	-1.5134026460305466e6	-1.564312186398986e6	-1.615640957980861e6	-1.6668005782911608e6	-1.7193360662371912e6	-1.7718292361054674e6	-1.824312368455941e6	-1.8772494725630307e6	-1.9316423252290948e6	-1.9856294319923823e6	-2.039908300904932e6	-2.0946574082407071e6	-2.150612233829547e6	-2.2063607159910467e6	-2.2636932161397887e6	-2.3203745647552274e6	-2.3779084753959742e6	-2.434679180805549e6	-2.4939042802909934e6	-2.5523744794817204e6	-2.6118515234086e6	-2.6711192506177896e6	-2.730465837350115e6	-2.7921805946971816e6	-2.852880018083452e6	-2.9144360809728852e6	-2.976194369443548e6	-3.0392145677207545e6	-3.1020029988823645e6	-3.1652392256604335e6	-3.228979135932611e6	-3.294176430619368e6	-3.3591225772198206e6	-3.4243269660347295e6	-3.490736490550732e6	-3.5566908733229907e6	-3.6234851809595837e6	-3.6911306614262173e6	-3.758409626340737e6	-3.827752625370154e6	-3.8959343940414316e6	-3.9654418050164855e6	-4.035195840677445e6	-4.105076384843904e6	-4.175942461202264e6	-4.247651847602749e6	-4.319040697009395e6	-4.392003049327587e6	-4.464649056643631e6	-4.538293555112382e6	-4.612102844901672e6	-4.685805980270483e6	-4.760867303579701e6	-4.83599461080629e6	-4.912732269532787e6	-4.988712722999745e6	-5.065616937493587e6	-5.141759002807163e6	-5.219316608902763e6	-5.298707279498163e6	-5.377770546758442e6	-5.456741832265559e6	-5.535709423813256e6	-5.617254769463847e6	-5.69720274592703e6	-5.7781463941004835e6	-5.860592965787952e6	-5.942732895008362e6	-6.02528230971374e6	-6.109337674944656e6	-6.191402307833763e6	-6.27588617347714e6	-6.361923881776253e6	-6.445846773164792e6	-6.532281430733172e6	-6.617955669108617e6	-6.704967383808871e6	-6.79175968922148e6	-6.879299279003414e6	-6.968965158493518e6	-7.057207888145067e6	-7.146181489913933e6	-7.236222453005102e6	-7.3267499413616415e6	-7.416166875002697e6	-7.50759085191185e6	-7.600111324554492e6	-7.6917817784533715e6	-7.784919918776969e6	-7.878810890100536e6	-7.970549117355645e6	-8.06564878992818e6	-8.161230324590509e6	-8.256502731884483e6	-8.350420416649713e6	-8.448500650025314e6	-8.545567923523262e6	-8.641771774307227e6	-8.740024979338156e6	-8.838416307028888e6	-8.937974796158293e6	-9.035484517637499e6	-9.135558554512918e6	-9.235038274356976e6	-9.338069991689526e6
-0.00004881110464128219	-0.0005396748245583788	-0.0010440649766023905	-0.0015731936187099083	-0.00213620795533921	-0.00273914488101331	-0.003383845359605885	-0.004066866492046053	-0.00477847033034947	-0.005501816532050979	-0.006212535973090643	-0.006878906161484176	-0.007462874119447495	-0.00792216112932038	-0.00821361552996554	-0.008297833254528385	-0.00814482552039537	-0.007740179859314609	-0.007090766258026018	-0.006228663643688461	-0.005211761710614805	-0.004119622268808335	-0.003043870732974379	-0.0020737583931124135	-0.001279474137684645	-0.0006977450088044299	-0.0003251859291952345	-0.00012342029986040745	-0.00003549661384354944	-6.907910087126105e-6	-7.51671123399171e-7	-3.21330160437226e-8	-2.5493528565240814e-10	-5.0832884713065655e-14	-3.557604506587016e-23	0.	0.	0.	0.	0.	0.	0.	0.	0.	0.	0.	0.	0.	0.	0.	0.	0.	0.	0.	0.	0.	0.	0.	0.	0.	0.	0.	0.	0.	0.	0.	0.	0.	0.	0.	-126115.24027800538	-225716.51426260683	-298125.40315235726	-360973.4377703811	-418380.79124623403	-472153.2360505246	-523668.48232190585	-573778.464170188	-623369.6244815444	-671937.12770691	-720075.997806005	-767442.1628295087	-815021.5522950077	-862660.1440620212	-909976.533051376	-957594.9296624704	-1.0052628002064409e6	-1.0528246984010353e6	-1.100862205221991e6	-1.1487489958761837e6	-1.1978925053627826e6	-1.2460947253929346e6	-1.2951253667599766e6	-1.344721005811843e6	-1.3946382217451548e6	-1.4446252337858551e6	-1.494555935315503e6	-1.5457221069771643e6	-1.597278170378646e6	-1.6485687399931492e6	-1.7007338569411538e6	-1.753490349780481e6	-1.8058843727264872e6	-1.8592679065799743e6	-1.9132179690090292e6	-1.9679218283153994e6	-2.022869911693803e6	-2.0771670562292954e6	-2.1328761248742384e6	-2.188509933446768e6	-2.2451729930890785e6	-2.3016995634273584e6	-2.3590779108605683e6	-2.4173139454203197e6	-2.4753285489959326e6	-2.534342120254797e6	-2.593067600119618e6	-2.653231907584009e6	-2.7140276155590634e6	-2.7738455714840093e6	-2.8352624809769476e6	-2.896987238999826e6	-2.959423140398222e6	-3.02070780689862e6	-3.084773691256854e6	-3.148232410525058e6	-3.2117525950840283e6	-3.2768008288480975e6	-3.341811215631864e6	-3.406772841722831e6	-3.472700469265615e6	-3.5392886913988325e6	-3.6059794561029873e6	-3.673519011527863e6	-3.7410837899435945e6	-3.809797648150878e6	-3.878956719069055e6	-3.947840887223359e6	-4.0182837096397076e6	-4.0880993833921375e6	-4.1588565116735776e6	-4.229697147422113e6	-4.301807919909557e6	-4.37485674299487e6	-4.447843734409834e6	-4.5206728182635605e6	-4.594354032027293e6	-4.6683066815389125e6	-4.743508010382699e6	-4.818578160921961e6	-4.895040322857754e6	-4.971550444775565e6	-5.047803306251366e6	-5.12401372982625e6	-5.20337504677596e6	-5.280950041727608e6	-5.359957116655876e6	-5.438629652423653e6	-5.518780833852353e6	-5.5989419260970345e6	-5.679617924493277e6	-5.7600676360009415e6	-5.842063846272881e6	-5.924895486563446e6	-6.006766506681934e6	-6.091044536679894e6	-6.174199801700055e6	-6.259707832805788e6	-6.343477491571751e6	-6.428545813978142e6	-6.513928298591467e6	-6.601716276382661e6	-6.687868193997244e6	-6.775492065092443e6	-6.863018205549641e6	-6.9507314723693775e6	-7.038934880919449e6	-7.129858668705081e6	-7.2198860548569895e6	-7.3091380550796995e6	-7.399807690118822e6	-7.491219046880141e6	-7.583725844127813e6	-7.675385754687085e6	-7.768511495767116e6	-7.861387596209064e6	-7.954120990847193e6	-8.049207933868623e6	-8.143361506282062e6	-8.240038790365733e6	-8.333949694687019e6	-8.432016103049986e6	-8.526667467111368e6	-8.62526871219927e6	-8.723511251892626e6	-8.821125281849014e6	-8.921440392019065e6	-9.018944095230533e6	-9.11900846141381e6	-9.218480635329153e6	-9.321499509877753e6
-0.00004421693320686417	-0.0004890983606244473	-0.0009473526860726253	-0.0014302754390826799	-0.001947509158895739	-0.002506176169656626	-0.003109943296667746	-0.003758036384212426	-0.004444256100287016	-0.005156087525926622	-0.005874041800274397	-0.006571413453926479	-0.007214673382926627	-0.007764731935982986	-0.008179282422897543	-0.008416352829010949	-0.008439033727004015	-0.008221101879462287	-0.007752928397768411	-0.0070466860905436905	-0.006139537905389738	-0.005093337412464564	-0.003989588739969184	-0.002919182395249076	-0.0019678300425361303	-0.0011999955512999728	-0.0006458716408964782	-0.00029653068288333986	-0.00011059103702543351	-0.00003114613184995877	-5.905761211796862e-6	-6.214136157352132e-7	-2.5372527129288386e-8	-1.8797538534746042e-10	-3.3294286907004546e-14	0.	0.	0.	0.	0.	0.	0.	0.	0.	0.	0.	0.	0.	0.	0.	0.	0.	0.	0.	0.	0.	0.	0.	0.	0.	0.	0.	0.	0.	0.	0.	0.	0.	0.	0.	0.	-181731.4043383748	-264103.0773383296	-331228.6691136507	-391321.42989767715	-446839.38675144035	-499992.51620854717	-550785.6301639068	-601011.3749412968	-649998.2274674927	-698844.8648888816	-746857.5917688347	-794614.0955534467	-842246.8178197795	-890111.5512040496	-937557.9532422564	-985592.511034693	-1.0329316840347667e6	-1.081574323508907e6	-1.1300575311251208e6	-1.1779174227468197e6	-1.2273344542455806e6	-1.2762294971444577e6	-1.3256591493289946e6	-1.376127885578987e6	-1.4258365493297346e6	-1.4766626562607647e6	-1.5276526045435986e6	-1.5784461934080485e6	-1.630460595115773e6	-1.682784729454246e6	-1.7344749856161987e6	-1.7877644815564496e6	-1.8414220593635484e6	-1.8953486949236381e6	-1.949368002325322e6	-2.0044881809579355e6	-2.0587793429211578e6	-2.1140066192583647e6	-2.1700740642679157e6	-2.2268695902730455e6	-2.284267480454152e6	-2.3415206620932305e6	-2.399184291237843e6	-2.45752601592711e6	-2.5159285603261343e6	-2.5749600852407403e6	-2.6347473540330874e6	-2.6954182814038787e6	-2.7559332939377013e6	-2.816762556774931e6	-2.8782998159090136e6	-2.9403409804283855e6	-3.003248634424214e6	-3.06635144343893e6	-3.1307362454762515e6	-3.193736047971142e6	-3.257456760033488e6	-3.324154667722132e6	-3.388822375329694e6	-3.455034051183525e6	-3.520821538755213e6	-3.588104196029169e6	-3.655538879129222e6	-3.7230031102853394e6	-3.792138336137005e6	-3.8604457997670425e6	-3.9305650063811135e6	-3.9995245480183815e6	-4.0698915279563856e6	-4.140661224244848e6	-4.212150455451448e6	-4.28419265268643e6	-4.356603761197844e6	-4.428688368530129e6	-4.502952500716013e6	-4.5759070461860215e6	-4.650301829724974e6	-4.725314178993912e6	-4.800508484887836e6	-4.877019914048949e6	-4.9535678472177e6	-5.029766024801426e6	-5.107268718928537e6	-5.185116720306721e6	-5.262508855347232e6	-5.342103299743178e6	-5.419992095270519e6	-5.5007268381433515e6	-5.580262110988759e6	-5.661137772659394e6	-5.743529247048816e6	-5.825506435497202e6	-5.907207451388039e6	-5.990174399343054e6	-6.072016318748685e6	-6.156805677666412e6	-6.240563466036647e6	-6.326334978618616e6	-6.411065187184387e6	-6.496740739458681e6	-6.582348446702439e6	-6.670005089524359e6	-6.756334066131019e6	-6.8433841462579155e6	-6.933965658938723e6	-7.021775934341745e6	-7.110163182772503e6	-7.200135922129283e6	-7.2902771189664705e6	-7.38090656204643e6	-7.474205237617709e6	-7.563763870001273e6	-7.656363442092632e6	-7.749448613488428e6	-7.842269596339155e6	-7.937216686758369e6	-8.032290531256218e6	-8.125390499306953e6	-8.220107617118802e6	-8.31700156049316e6	-8.411588384546855e6	-8.5096989332324e6	-8.606789588305049e6	-8.703350418742731e6	-8.802882656219015e6	-8.901173244297963e6	-9.001924240289746e6	-9.100808678129544e6	-9.201443064735036e6	-9.300619570664916e6
-0.00003991930422600202	-0.00044174199030766687	-0.0008565672073366418	-0.0012955437565618376	-0.0017685211722272228	-0.002283342774727913	-0.002845055204054114	-0.003455037914170706	-0.004110082779147861	-0.004801487771775156	-0.005514268496121478	-0.006226634258869171	-0.0069099157947090095	-0.007529160747131599	-0.008044617680481474	-0.008414293275785044	-0.008597672021176	-0.0085605167117805	-0.008280413953983743	-0.00775240359173644	-0.0069936791449226494	-0.006046057995131722	-0.004974835844638778	-0.0038629366533737683	-0.0028001087341174985	-0.0018683453953205176	-0.0011265054380217797	-0.0005986503461126108	-0.0002708739574713593	-0.00009931391791321128	-0.000027402935477608076	-5.065613304442755e-6	-5.157760605674752e-7	-2.0131895212222312e-8	-1.3944657781232078e-10	-2.1982435713326497e-14	0.	0.	0.	0.	0.	0.	0.	0.	0.	0.	0.	0.	0.	0.	0.	0.	0.	0.	0.	0.	0.	0.	0.	0.	0.	0.	0.	0.	0.	0.	0.	0.	0.	0.	0.	-123490.4752483129	-225214.76916895618	-298687.2770243313	-362039.9131371158	-419971.75441725925	-474700.2650487881	-526940.1904320195	-577700.4268308132	-627297.0585017359	-676493.1370020934	-724848.1129835553	-773377.9881358036	-821150.8164647227	-869188.3195446056	-917322.8033602096	-964949.1265163646	-1.0131183495237003e6	-1.0614481384566897e6	-1.1102848268874893e6	-1.1586651288065573e6	-1.207714691569967e6	-1.257214635224124e6	-1.3063229573350819e6	-1.3561529268011935e6	-1.4066045853384908e6	-1.4572831705494968e6	-1.5081568017183924e6	-1.5597183148220214e6	-1.6114905327510003e6	-1.6631189644094468e6	-1.7162328404657673e6	-1.768696931819544e6	-1.822777085357041e6	-1.8761001699773287e6	-1.9308840995041335e6	-1.9852680438666677e6	-2.0399486902810086e6	-2.096328900239489e6	-2.1522551715853703e6	-2.207633599151807e6	-2.265385926651616e6	-2.3224901785273207e6	-2.3804509324436258e6	-2.4392740984321455e6	-2.497309986111269e6	-2.5562161241806196e6	-2.6161328259433983e6	-2.6765013338669892e6	-2.737152911106823e6	-2.7977954680012926e6	-2.860730298009198e6	-2.9217197338652937e6	-2.9847992637530514e6	-3.0485958413123195e6	-3.111199894620087e6	-3.175306599191907e6	-3.2393920683439397e6	-3.3049294781341134e6	-3.370911926349428e6	-3.4358143568463344e6	-3.502534138194361e6	-3.5696178240280333e6	-3.6366566761319693e6	-3.704453741690562e6	-3.773477328548804e6	-3.842055976630019e6	-3.911491914065399e6	-3.98098182066597e6	-4.0518275323556834e6	-4.122912071604724e6	-4.194111215380467e6	-4.265285845619401e6	-4.3383168794849e6	-4.41044509482863e6	-4.483866000795192e6	-4.557782617094971e6	-4.631918791763979e6	-4.707325429586236e6	-4.781930054489007e6	-4.858059611899771e6	-4.934923060052976e6	-5.010859547421907e6	-5.088867050649792e6	-5.166180654266702e6	-5.243547043994182e6	-5.322829886391074e6	-5.403072302336207e6	-5.482326114276695e6	-5.563300695797809e6	-5.644156229294425e6	-5.724036701841381e6	-5.806109311206703e6	-5.887974853741686e6	-5.971023067840594e6	-6.054943020402134e6	-6.1386779934158325e6	-6.223454096657373e6	-6.307157430222775e6	-6.392836384090529e6	-6.477276963217638e6	-6.565174574134162e6	-6.650972157409579e6	-6.739129550752129e6	-6.826166491106149e6	-6.914244422145747e6	-7.003256521357328e6	-7.09290115055125e6	-7.182859541313665e6	-7.272987444671754e6	-7.363603865975148e6	-7.453998480217666e6	-7.546435612173792e6	-7.639021796299147e6	-7.7307533991923435e6	-7.824903660037357e6	-7.920014006137208e6	-8.011984766137272e6	-8.106579741132886e6	-8.202695577734829e6	-8.299576014068104e6	-8.39415539360472e6	-8.492252412483243e6	-8.588780612872297e6	-8.685885731767656e6	-8.785405224548222e6	-8.883686715512466e6	-8.981155950155353e6	-9.081721528172556e6	-9.183925562574605e6	-9.283095695957858e6
-0.00003592067556945286	-0.00039764366865009996	-0.0007718372792941041	-0.0011693265241224204	-0.0015999369193333071	-0.0020719289016360113	-0.00259134222806921	-0.003161243953353236	-0.0037808941685062505	-0.004444870714871686	-0.0051422273949771405	-0.005855798407202396	-0.006561801550845532	-0.00722992823344727	-0.007824130182957132	-0.008304308118369168	-0.008629060468670992	-0.008759543466945179	-0.008664313645401886	-0.008324766297862121	-0.007740465872619765	-0.006933336533493421	-0.005949437195337467	-0.004857024999131224	-0.0037399811386140966	-0.0026865716267169487	-0.001774950711067647	-0.001058523441044745	-0.0005556158644730133	-0.00024786220073825805	-0.00008937818869759434	-0.00002417288162725482	-4.358780153633869e-6	-4.2973878437513106e-7	-1.6048425292771908e-8	-1.0405090592810752e-10	-1.4625915122506154e-14	0.	0.	0.	0.	0.	0.	0.	0.	0.	0.	0.	0.	0.	0.	0.	0.	0.	0.	0.	0.	0.	0.	0.	0.	0.	0.	0.	0.	0.	0.	0.	0.	0.	0.	0.	-178119.85264364514	-262846.0588562467	-330933.5352037313	-391433.37453082274	-447774.4287979002	-501684.52161201986	-553538.8465243098	-604096.4491781001	-653463.7007854322	-702417.9997393386	-751135.4769176971	-799267.928220768	-847856.5283079069	-895653.6325479419	-944107.9598027501	-992378.6111288373	-1.0410425899245023e6	-1.089434601204801e6	-1.1384229659129565e6	-1.1872614953378208e6	-1.2370263731446257e6	-1.2866415262886456e6	-1.3364180149749608e6	-1.3860930699361858e6	-1.4373561086360165e6	-1.4887278288807701e6	-1.5395140611148921e6	-1.5918300029712254e6	-1.64361891207799e6	-1.696025948692131e6	-1.7488674160553769e6	-1.8031753730571729e6	-1.8569350765839936e6	-1.9107223529137247e6	-1.9650401837906486e6	-2.0203530741991135e6	-2.0763966397139912e6	-2.132289772722168e6	-2.188550925175574e6	-2.245626271513542e6	-2.303889423608667e6	-2.3617146535104644e6	-2.4190276688215625e6	-2.4785553288952685e6	-2.537633883877458e6	-2.597201099715104e6	-2.6575053791148462e6	-2.7179100966627393e6	-2.779913308499818e6	-2.8412475823653564e6	-2.903442180942539e6	-2.965089627903978e6	-3.028480413597502e6	-3.0921516890832675e6	-3.1558626341326227e6	-3.220983262218633e6	-3.2861230642946707e6	-3.3502182255151565e6	-3.417208936317998e6	-3.483723738206654e6	-3.5500728908708547e6	-3.617775780241354e6	-3.685304909634486e6	-3.7542104887923724e6	-3.8228741289090645e6	-3.892614354722863e6	-3.9625644542462677e6	-4.032763319068474e6	-4.103090728600033e6	-4.1744051945739156e6	-4.246564635019551e6	-4.318405424276504e6	-4.391821201027243e6	-4.464922279654784e6	-4.53902340384379e6	-4.613290753269458e6	-4.687453139880995e6	-4.762975340708112e6	-4.83856465212414e6	-4.915766237303575e6	-4.992211116952383e6	-5.069581218813101e6	-5.14742597394487e6	-5.226212631947561e6	-5.3040753991511315e6	-5.383609096376242e6	-5.46305116627109e6	-5.543966561393141e6	-5.624509797267738e6	-5.705875465579762e6	-5.786348555944726e6	-5.869271726746512e6	-5.951887916378772e6	-6.03491422814285e6	-6.119448902340607e6	-6.203685247853767e6	-6.28681540399459e6	-6.373473255477081e6	-6.459653326530953e6	-6.544791950243568e6	-6.633314342224759e6	-6.719590622946345e6	-6.80847711937416e6	-6.896540413973374e6	-6.9838932497858675e6	-7.072619935476514e6	-7.162078498395079e6	-7.252606203031381e6	-7.344089598059183e6	-7.436210326383086e6	-7.528632607555978e6	-7.618444064973366e6	-7.712432183635072e6	-7.804229541217011e6	-7.898611434115519e6	-7.994120762779687e6	-8.088704211197702e6	-8.183272820989789e6	-8.278263767630458e6	-8.376244786471995e6	-8.471244546721159e6	-8.57002018873739e6	-8.667942560217561e6	-8.765853500232527e6	-8.86447085024551e6	-8.963183771743933e6	-9.063737737407139e6	-9.163344472259788e6	-9.26509171509415e6
-0.000032219173430947085	-0.00035679191232129096	-0.0006931881862817313	-0.0010517774624276641	-0.0014421804660949464	-0.0018728261670145781	-0.0023504184861054852	-0.0028792999491626956	-0.0034607149620348356	-0.004091996374305298	-0.004765725940604485	-0.005468951819611587	-0.006182582691192503	-0.006881114765096268	-0.00753287857806739	-0.008101007494053578	-0.008545316370584144	-0.008825221519208358	-0.00890371619135467	-0.008752227925153988	-0.008355925292497993	-0.0077187336039993785	-0.006867016767314047	-0.005850682621207222	-0.004740509490870161	-0.0036209281712794973	-0.002578441054251805	-0.0016872907132658153	-0.0009956025012487905	-0.0005163512049174224	-0.00022718703565551473	-0.00008060439987404372	-0.00002137774500963969	-3.762069114284521e-6	-3.5937654391950174e-7	-1.2850791586918016e-8	-7.807584260800173e-11	-9.803480451365592e-15	0.	0.	0.	0.	0.	0.	0.	0.	0.	0.	0.	0.	0.	0.	0.	0.	0.	0.	0.	0.	0.	0.	0.	0.	0.	0.	0.	0.	0.	0.	0.	0.	0.	0.	-114851.87049249982	-221561.3640012759	-296507.74818696675	-361094.8784630152	-419893.08968887076	-475014.6119152126	-528020.4672891324	-579238.5490423556	-629561.1142311749	-679471.1471299878	-728537.0620406498	-777431.3345507997	-825636.1369713494	-873904.1948507834	-922355.0612469363	-971272.1456446628	-1.0193479711425514e6	-1.0683459754578902e6	-1.1171581460773703e6	-1.1664445545188428e6	-1.2157008562242202e6	-1.2658871445295515e6	-1.3159832054181625e6	-1.3663441781710004e6	-1.4165889172524242e6	-1.4676446061786185e6	-1.519836653453755e6	-1.571076263542095e6	-1.6234230036132138e6	-1.6759919663766401e6	-1.7291815479693504e6	-1.782805418103122e6	-1.8368044025965314e6	-1.8911728941906763e6	-1.9460563444901658e6	-2.0009325514974927e6	-2.0567963254201922e6	-2.1124195290779397e6	-2.168887427867841e6	-2.22608794471569e6	-2.2838952886891374e6	-2.3415622137345322e6	-2.4000902710217386e6	-2.458406488026993e6	-2.5172336758583034e6	-2.576782702764928e6	-2.6368205324653164e6	-2.6980174839211237e6	-2.760156664482094e6	-2.8214477134229904e6	-2.884017139533756e6	-2.946536207413426e6	-3.0088475775439977e6	-3.0732897593373675e6	-3.1364506956426986e6	-3.2010399424839276e6	-3.266078319803713e6	-3.331236877843604e6	-3.3977797501159683e6	-3.463766694377066e6	-3.530791815187192e6	-3.5983522115310896e6	-3.666295851438764e6	-3.7345872220355254e6	-3.8033278299193806e6	-3.872959659008409e6	-3.9431676664750036e6	-4.01263332767339e6	-4.084309889940548e6	-4.1551742397992318e6	-4.226799507353506e6	-4.2993584806447355e6	-4.371873397013796e6	-4.444885629039276e6	-4.519578501073739e6	-4.593584044193885e6	-4.668123730976669e6	-4.743782881986686e6	-4.819312217264784e6	-4.896235075000037e6	-4.973207151739087e6	-5.049922933592732e6	-5.128318581764647e6	-5.206424736922063e6	-5.284465892787862e6	-5.363940800632008e6	-5.443081575315832e6	-5.523702800083932e6	-5.604334505886312e6	-5.68548207397417e6	-5.768406326910106e6	-5.85015312079922e6	-5.932912801545644e6	-6.016912827194985e6	-6.099280416591944e6	-6.183953852953292e6	-6.268899006056855e6	-6.353145490513205e6	-6.439785911585689e6	-6.526684619373123e6	-6.6128249624213595e6	-6.699879944747179e6	-6.787563113721585e6	-6.87557114914014e6	-6.963916660953336e6	-7.054418591235332e6	-7.143863176177057e6	-7.234375729736211e6	-7.32411083889828e6	-7.415265934385915e6	-7.507163761345812e6	-7.600158818700655e6	-7.692304550225621e6	-7.785918692351469e6	-7.880286411409364e6	-7.972680428821076e6	-8.0680791773456475e6	-8.164139461971407e6	-8.259890963327426e6	-8.357856563148642e6	-8.452848747923097e6	-8.550396952728216e6	-8.647081455159288e6	-8.745816750413189e6	-8.844974818481073e6	-8.944732335241199e6	-9.045274378887644e6	-9.144872315295748e6	-9.246607628073761e6
-0.00002880927367098957	-0.00031913349882380803	-0.0006205574561569592	-0.0009429014333605697	-0.001295444009801717	-0.00168658363580511	-0.002123413831308007	-0.002611195523879286	-0.0031527212836748334	-0.003747582040849291	-0.00439136800048121	-0.005074862166679201	-0.00578331655232149	-0.006495935784696068	-0.007185726399294297	-0.007819895984503895	-0.008360994768286178	-0.008768970480747706	-0.009004240632156298	-0.009031760499287014	-0.008825871163392379	-0.008375453564729157	-0.007688617804000859	-0.006795880816379499	-0.005750629039133608	-0.004625760639242827	-0.0035058983448976143	-0.002475550761176479	-0.0016050157606250486	-0.000937328838817175	-0.0004804830784643748	-0.00020857925273886399	-0.0000728394271824529	-0.00001895232396993093	-3.2566547253984643e-6	-3.0160515916128426e-7	-1.0334852304646681e-8	-5.890170400160481e-11	-6.617965188968146e-15	0.	0.	0.	0.	0.	0.	0.	0.	0.	0.	0.	0.	0.	0.	0.	0.	0.	0.	0.	0.	0.	0.	0.	0.	0.	0.	0.	0.	0.	0.	0.	0.	0.	0.	-170703.65580611312	-258420.44359722675	-328021.4825706049	-389838.24790379347	-446880.5321326599	-501181.3780998113	-553681.5231979932	-605169.324904079	-654840.812315518	-704675.2204856155	-754081.8211979521	-802795.5907596325	-851240.9256328408	-899974.953028074	-948894.2235550636	-997956.6054983459	-1.0462712711572531e6	-1.095986347723404e6	-1.1453506673846215e6	-1.1943085159473957e6	-1.2440931447519977e6	-1.294661382331899e6	-1.3449739559185195e6	-1.3956252770860551e6	-1.4474139341454133e6	-1.498233308574454e6	-1.5501053949398117e6	-1.6031223021590908e6	-1.6557460158000896e6	-1.7086096956524497e6	-1.7625213116270597e6	-1.8157547407682207e6	-1.8703752602994845e6	-1.925587400525375e6	-1.980522571938202e6	-2.0363349038749097e6	-2.0923016728584322e6	-2.148430272097694e6	-2.2056216225428074e6	-2.2637757873842726e6	-2.3212871824608715e6	-2.379659019592759e6	-2.438897208811776e6	-2.4973520318621323e6	-2.5566804988145046e6	-2.617022997757463e6	-2.678309655212038e6	-2.7389042361880676e6	-2.801403865721348e6	-2.8633551740445634e6	-2.926030933587347e6	-2.9883070698564816e6	-3.0525500306961383e6	-3.115600579619889e6	-3.1809307132726735e6	-3.246758181790743e6	-3.3120726445848704e6	-3.377125868081441e6	-3.4435788490010006e6	-3.5107566108937217e6	-3.5777120016272776e6	-3.6465453975845333e6	-3.7141741566771828e6	-3.7837038096993268e6	-3.852833484284171e6	-3.9227285547654084e6	-3.993494530398136e6	-4.063711977982776e6	-4.1355113764186446e6	-4.20744343733986e6	-4.279930318720868e6	-4.352134510807088e6	-4.425321723184776e6	-4.499192605958447e6	-4.5734421216694275e6	-4.6482901383612575e6	-4.723757209360134e6	-4.799407809139755e6	-4.875753715444979e6	-4.953383829798663e6	-5.0300424056576565e6	-5.10837500887079e6	-5.186422854874669e6	-5.264173619952491e6	-5.344233545375745e6	-5.424763767581794e6	-5.503790584153562e6	-5.584206870232334e6	-5.665138903424664e6	-5.748001600117666e6	-5.8304503384331465e6	-5.912623135792089e6	-5.996063428990202e6	-6.0807964815617455e6	-6.164026892649199e6	-6.24787596363409e6	-6.334607337202897e6	-6.419734486795492e6	-6.505485172589814e6	-6.591570581012758e6	-6.679707801323285e6	-6.768937862906941e6	-6.856930499823291e6	-6.945111382796918e6	-7.033783209543062e6	-7.124273481587962e6	-7.212726380476729e6	-7.305394859124988e6	-7.396535853141989e6	-7.488419230947134e6	-7.580808558816033e6	-7.673532291130869e6	-7.766962779142373e6	-7.860483359711187e6	-7.9536924310252275e6	-8.04925558852387e6	-8.143886013654925e6	-8.241040943327755e6	-8.335429672602521e6	-8.43397513616881e6	-8.529291811486457e6	-8.62818664491983e6	-8.726909729135064e6	-8.825004382241296e6	-8.925801640647119e6	-9.023786363819268e6	-9.12433327397616e6	-9.224287807278069e6
-0.00002568245064002681	-0.00028458079616383927	-0.00055380980689352	-0.0008425786548153207	-0.0011597234230118526	-0.001513456597006352	-0.001911036659745395	-0.002358339570877771	-0.002859321785161964	-0.0034153760163507033	-0.004024597019437371	-0.004680995860183114	-0.005373727552864538	-0.0060864277194305864	-0.006796786738616388	-0.007476520350188351	-0.008091916904195019	-0.008605143535196579	-0.008976463948157761	-0.009167445207634923	-0.00914509721377463	-0.008886689935121386	-0.008384737045031647	-0.007651350467156295	-0.006720921077231387	-0.005649966728471406	-0.004513140924518795	-0.0033949457536690663	-0.002377710187476249	-0.0015277867220924886	-0.0008833210535478351	-0.00044767754320549323	-0.00019180358438402782	-0.00006595232281187116	-0.000016842105405488197	-2.8271975518161903e-6	-2.5399006093645344e-7	-8.346164021894306e-9	-4.46675739991015e-11	-4.4982127230156966e-15	0.	0.	0.	0.	0.	0.	0.	0.	0.	0.	0.	0.	0.	0.	0.	0.	0.	0.	0.	0.	0.	0.	0.	0.	0.	0.	0.	0.	0.	0.	0.	0.	0.	-98464.05902345505	-213823.00295862168	-291801.44425712526	-357460.38323255087	-417519.8985109925	-473131.999162242	-526986.2576052068	-579140.7007271363	-629751.4026793505	-679901.1743676696	-729883.1184253268	-779155.8268379468	-828064.7748660571	-877165.9359912655	-925882.6487589249	-975245.1203484794	-1.0242816408939766e6	-1.0733987910232225e6	-1.123171552891259e6	-1.172927395954671e6	-1.222953085547156e6	-1.2731402487584678e6	-1.3236535537606596e6	-1.3743936453432885e6	-1.42572613365699e6	-1.4772950430961372e6	-1.5290426754672625e6	-1.581769215160736e6	-1.6344198412726964e6	-1.687331209765371e6	-1.741472099910542e6	-1.7948766422916714e6	-1.8488754060509903e6	-1.9038305703137065e6	-1.9591122393770106e6	-2.0145659450878813e6	-2.071168903569323e6	-2.1280682436343203e6	-2.1847074698320227e6	-2.242782979578025e6	-2.300126206478248e6	-2.358329090502818e6	-2.417397541683798e6	-2.477158418739528e6	-2.5363650838391297e6	-2.5968200429162886e6	-2.6582900686332346e6	-2.7183794075653413e6	-2.7808128173319674e6	-2.842579966590663e6	-2.905210414484847e6	-2.9678675602715476e6	-3.0311276843021475e6	-3.0958389772983887e6	-3.1607405454213144e6	-3.2249683234769665e6	-3.290558544992561e6	-3.3572287010040074e6	-3.423311422593575e6	-3.4906036788694216e6	-3.5574451986024007e6	-3.625130762845973e6	-3.6936717166040065e6	-3.763079550085227e6	-3.832096234739852e6	-3.902077298126798e6	-3.972378114248677e6	-4.043488574121746e6	-4.1145356155835525e6	-4.186136526716415e6	-4.258580678065171e6	-4.331328795272475e6	-4.405260566115017e6	-4.479128162220342e6	-4.553493199766981e6	-4.62807969506382e6	-4.702752347621693e6	-4.77899604749159e6	-4.855297714106332e6	-4.932899628297033e6	-5.009294043232786e6	-5.087760304676996e6	-5.16553424141339e6	-5.243362143599026e6	-5.323107620835597e6	-5.40381399188952e6	-5.483532723789282e6	-5.564973602501629e6	-5.646296369006241e6	-5.7275936855247505e6	-5.809186332628788e6	-5.892685808458626e6	-5.975041156601176e6	-6.059433531748171e6	-6.143641338836783e6	-6.228891594871158e6	-6.313068496293568e6	-6.399223159407037e6	-6.486444874642726e6	-6.572514640218232e6	-6.658788683597806e6	-6.747425426660943e6	-6.834940419484943e6	-6.92349771708356e6	-7.013435857521692e6	-7.103116490167188e6	-7.193556697654365e6	-7.284166521750047e6	-7.375265409080784e6	-7.466141859901745e6	-7.559063876782363e6	-7.652134931200569e6	-7.745692378534001e6	-7.838986720709534e6	-7.934407239036526e6	-8.027038166299576e6	-8.123531121098748e6	-8.2187241948115975e6	-8.316094477254605e6	-8.411158529975686e6	-8.509746731919384e6	-8.607315681345822e6	-8.704164728474982e6	-8.804367040826656e6	-8.902930341048105e6	-9.004369346210834e6	-9.103734550331786e6	-9.204850578853883e6
-0.000022827783053552017	-0.00025301860731104795	-0.0004927511112960443	-0.0007505873795396467	-0.0010348517429971294	-0.0013534530562684278	-0.0017136349898232723	-0.002121635780687847	-0.002582244137430469	-0.0030982461037222554	-0.0036697694996242307	-0.004293548855635496	-0.0049621550172175306	-0.005663259717372346	-0.006379035277156032	-0.007085820577141438	-0.007754211873759286	-0.00834975371244368	-0.008834401179801468	-0.009168887752335918	-0.009316049814090467	-0.009245018349922255	-0.008935986298638305	-0.00838500692749691	-0.007608008146675137	-0.006642985604307875	-0.005549264608384661	-0.0044029239633116436	-0.003288073025002139	-0.0022847135356680883	-0.0014552781677614197	-0.0008332286746446785	-0.000417635940618264	-0.00017665417586534065	-0.000059830855449283284	-0.000015001375296104609	-2.4611519638381367e-6	-2.146008631593271e-7	-6.7672602207019804e-9	-3.4043025230164874e-11	-3.077641339692713e-15	0.	0.	0.	0.	0.	0.	0.	0.	0.	0.	0.	0.	0.	0.	0.	0.	0.	0.	0.	0.	0.	0.	0.	0.	0.	0.	0.	0.	0.	0.	0.	0.	0.	-158139.5305822598	-250763.87842068032	-322474.21416487836	-385472.8682361701	-443805.18482504215	-498778.8771065973	-552485.6834897012	-604146.6565747826	-654735.5580144349	-704839.7229985672	-754536.6344866125	-804099.026883048	-853756.9988954988	-902872.8608584659	-952153.6138294151	-1.0009551199673105e6	-1.0509728690828322e6	-1.1002555339277205e6	-1.1503336286331615e6	-1.200696781154787e6	-1.2507733616233128e6	-1.3010009745447799e6	-1.3528739228003172e6	-1.4036076125615847e6	-1.4554495804598166e6	-1.5073571586404657e6	-1.5599828464157362e6	-1.6125201402399712e6	-1.6659541753284917e6	-1.7196464152861224e6	-1.7733146842203613e6	-1.8278432153683212e6	-1.8822602890832839e6	-1.9380547110560935e6	-1.9936577386574973e6	-2.050213283952826e6	-2.1061332535703843e6	-2.163005686806507e6	-2.220732774647528e6	-2.279200187782623e6	-2.337244193820767e6	-2.396153088115481e6	-2.455932780698645e6	-2.5151707513074162e6	-2.5750446264927112e6	-2.6356810285853734e6	-2.697207896251847e6	-2.7585847075436283e6	-2.821490644069595e6	-2.88449108008721e6	-2.947443990277851e6	-3.01019160541851e6	-3.0750733925451413e6	-3.1386754052492613e6	-3.2037086765897535e6	-3.2691933388683917e6	-3.334799977345315e6	-3.401794001380248e6	-3.469018824056334e6	-3.536179851267667e6	-3.604512654308878e6	-3.67293982447051e6	-3.741396331765382e6	-3.8110058992792233e6	-3.8810645780592686e6	-3.9508515198207144e6	-4.0222014355214336e6	-4.0935538926236182e6	-4.1650945870156405e6	-4.2376642508512e6	-4.310963657976621e6	-4.383438345952718e6	-4.457267608264638e6	-4.531118519745967e6	-4.606474438202306e6	-4.682237134447633e6	-4.758209343722096e6	-4.834250654197724e6	-4.9113343060865095e6	-4.988804785998501e6	-5.066631055970681e6	-5.144933364560306e6	-5.223558858812849e6	-5.302501984770105e6	-5.38249699168715e6	-5.462401676005823e6	-5.543780746820811e6	-5.624788836798652e6	-5.706620442646372e6	-5.787560238944421e6	-5.870951486932008e6	-5.954036543843212e6	-6.037532613735175e6	-6.122538444044858e6	-6.207246489089693e6	-6.293599508837789e6	-6.377980328140714e6	-6.464634941167809e6	-6.550247665518648e6	-6.6392473681269465e6	-6.72599929566079e6	-6.815364181435234e6	-6.903905281373167e6	-6.992936733726028e6	-7.083489795997482e6	-7.173913689329453e6	-7.264508398921532e6	-7.354321993956747e6	-7.446456302991874e6	-7.539361885005713e6	-7.6324177174899895e6	-7.724620863680827e6	-7.819241889023795e6	-7.911272358894022e6	-8.007268669250916e6	-8.102337282028311e6	-8.198926944553038e6	-8.296281869675378e6	-8.391337458082533e6	-8.489910276820999e6	-8.586363392357938e6	-8.684498126501128e6	-8.78289687949539e6	-8.883255540830078e6	-8.98120387596445e6	-9.082249052701669e6	-9.184933418863297e6
-0.000020232509535372126	-0.00022431044736378718	-0.0004371412164421183	-0.0006666247689166593	-0.0009205301667445718	-0.00120637719235491	-0.001531254480739032	-0.0019015562356764796	-0.002322622851044386	-0.0027982761658165616	-0.003330248434245091	-0.003917516202837664	-0.004555566839156401	-0.005235646796672139	-0.005944066515219552	-0.006661665781380332	-0.007363572500339006	-0.008019412208126058	-0.0085941378773335	-0.009049639688848466	-0.009347250490216407	-0.009451172254228087	-0.009332702355773716	-0.00897493418756249	-0.008377357988394226	-0.007559531909621204	-0.006562798568551556	-0.005448989542189065	-0.004295310880047044	-0.0031852433016513445	-0.002196346628106122	-0.0013871803288405837	-0.000786730389943675	-0.0003900911601117577	-0.00016295066957470013	-0.00005437862134331116	-0.00001339168529200901	-2.1482201036117287e-6	-1.819003337013183e-7	-5.5083398678011555e-9	-2.6071003700453878e-11	-2.119122082369347e-15	0.	0.	0.	0.	0.	0.	0.	0.	0.	0.	0.	0.	0.	0.	0.	0.	0.	0.	0.	0.	0.	0.	0.	0.	0.	0.	0.	0.	0.	0.	0.	0.	-69207.26722156962	-202288.30429656385	-283772.4912424155	-351276.2895421236	-412703.1390329576	-469653.34123690723	-524430.2777234564	-576737.7552277112	-628416.3827043521	-679524.9005347356	-729771.3576355653	-779329.2355827276	-829201.8157885589	-878389.2849549722	-928507.9385800605	-977754.2601089102	-1.027701498864517e6	-1.0773656984635582e6	-1.1275670361118754e6	-1.1773303643221736e6	-1.2277901122825812e6	-1.278723623885242e6	-1.3301541021091195e6	-1.381164650857815e6	-1.4326554605697142e6	-1.4846987433148718e6	-1.5374316977550385e6	-1.59018563188812e6	-1.6435039202437974e6	-1.6977253043315695e6	-1.751375479068734e6	-1.8054132423492898e6	-1.8610964932346037e6	-1.9160140035609137e6	-1.9710477363049695e6	-2.0284187979351454e6	-2.0845062914572025e6	-2.1415081490778998e6	-2.1988845900321803e6	-2.257337705788215e6	-2.3152088187068067e6	-2.3739440349508924e6	-2.4335492645525914e6	-2.4940304175436064e6	-2.5537676033836002e6	-2.6145220388511936e6	-2.675735318949731e6	-2.7372383415985936e6	-2.799282791020104e6	-2.862537589705704e6	-2.9256423393537165e6	-2.98835037610467e6	-3.0530280096326154e6	-3.118213810109176e6	-3.182851607838959e6	-3.248555893708762e6	-3.31431486673383e6	-3.3798141691141985e6	-3.4477747437888053e6	-3.515371217767359e6	-3.5827524165144186e6	-3.651041586273338e6	-3.7201919179935018e6	-3.7891144627393787e6	-3.859414985845603e6	-3.9304302473303876e6	-4.000289550253755e6	-4.0723585481810365e6	-4.1442192048710906e6	-4.215635459245459e6	-4.288591018586878e6	-4.362402835482517e6	-4.436511509124501e6	-4.5101532022987725e6	-4.585128526857613e6	-4.661080134330104e6	-4.735988935760831e6	-4.8131644953935305e6	-4.88892247773204e6	-4.966311053485546e6	-5.045130732646996e6	-5.122260716857861e6	-5.201560452877625e6	-5.281042564123931e6	-5.360976198603265e6	-5.440577368688993e6	-5.521659719761402e6	-5.602753922154984e6	-5.684365093120676e6	-5.767753882217915e6	-5.849966517603984e6	-5.933193010448405e6	-6.017660937364268e6	-6.100497080669842e6	-6.185640295567755e6	-6.271056118146356e6	-6.355773684400154e6	-6.442886817509892e6	-6.530259053519047e6	-6.616873042926908e6	-6.704826040190318e6	-6.792561282294488e6	-6.8810453651419e6	-6.971657883821605e6	-7.060848156993337e6	-7.150770804862413e6	-7.241762622811735e6	-7.33324242747415e6	-7.426296395312368e6	-7.515990299710546e6	-7.609467671348653e6	-7.703429757621674e6	-7.796191791974801e6	-7.891043437725246e6	-7.9870227987788115e6	-8.082078348101615e6	-8.176348300815708e6	-8.272584900845932e6	-8.371038769998673e6	-8.466514198458841e6	-8.5645493551505e6	-8.664162532077627e6	-8.762550148633791e6	-8.861644659269648e6	-8.96083540709815e6	-9.061867423167517e6	-9.161953063033935e6
-0.00001788252916752926	-0.00019830420165183445	-0.0003867055145914285	-0.0005903257894791534	-0.0008163562616155865	-0.001071869260755735	-0.0013636924363710085	-0.001698211322346963	-0.0020810853168699503	-0.002516865496564411	-0.003008508295578173	-0.003556787735023011	-0.004159621339977151	-0.004811341715849422	-0.0055019671680320535	-0.006216550231773623	-0.006934710926081699	-0.007630488784853442	-0.008272669050478913	-0.008825746276048527	-0.009251673054010673	-0.00951249107701084	-0.009573844738076003	-0.009409225910163509	-0.009004592997429247	-0.0083627642037441	-0.007506744426024492	-0.006480977647877686	-0.0053495225174346305	-0.004190443757854772	-0.003086389795743752	-0.0021123920568311924	-0.0013232001631915528	-0.0007435321131923638	-0.0003648042416777424	-0.00015053482457348162	-0.00004951262865227488	-0.000011980604560671798	-1.8799194322541958e-6	-1.546592104358862e-7	-4.5004121792678574e-9	-2.0058940249923657e-11	-1.468105035551314e-15	0.	0.	0.	0.	0.	0.	0.	0.	0.	0.	0.	0.	0.	0.	0.	0.	0.	0.	0.	0.	0.	0.	0.	0.	0.	0.	0.	0.	0.	0.	0.	0.	-139710.197571799	-239535.9498876015	-314169.52550496784	-379068.72883049614	-438460.6443531483	-494585.43460231303	-548691.1458004045	-601111.4682597397	-652480.4605524455	-703709.1274620008	-754138.6728590637	-803981.5975223011	-853938.3531623723	-903369.0802726756	-953691.753290598	-1.0029529943393363e6	-1.0533698899154582e6	-1.1037610443368086e6	-1.1538774376246058e6	-1.2042701543037745e6	-1.2553050784648147e6	-1.3064303467701352e6	-1.3580880753556767e6	-1.4097585892759308e6	-1.4623904095264538e6	-1.5143017848123186e6	-1.5675503833301512e6	-1.6206173322674138e6	-1.674720555177299e6	-1.7286765873990573e6	-1.7830794365333144e6	-1.8378691239156276e6	-1.8930392461602297e6	-1.9492880283534557e6	-2.0056150652727825e6	-2.0625462318808492e6	-2.1189862575457045e6	-2.1762402902085e6	-2.2345729964337847e6	-2.2933514160882337e6	-2.3519218419655235e6	-2.4113615910136406e6	-2.471008230684431e6	-2.5316871990844104e6	-2.591924926521908e6	-2.6533593910916825e6	-2.7154355482670586e6	-2.7765424048038786e6	-2.840473939911925e6	-2.903528436237288e6	-2.9660412517598122e6	-3.030303124574492e6	-3.0954471048051454e6	-3.160784221928493e6	-3.225450034178499e6	-3.291480773652465e6	-3.3585940536247175e6	-3.4253577256841958e6	-3.492861477451636e6	-3.5601518951931405e6	-3.629489337808396e6	-3.6985226245276188e6	-3.7671460019866833e6	-3.8374955564894835e6	-3.908215020190818e6	-3.9785980817241254e6	-4.050340194187729e6	-4.1223249877604195e6	-4.194427919173729e6	-4.266509457080274e6	-4.340451005033397e6	-4.413492142405818e6	-4.4889374686840335e6	-4.562665251712823e6	-4.638893618606461e6	-4.71405521191164e6	-4.791427909965924e6	-4.867695688384413e6	-4.944442386722637e6	-5.022111394016061e6	-5.100257311286082e6	-5.179342316096714e6	-5.25890186536912e6	-5.338549106051567e6	-5.41823058258153e6	-5.499891271049649e6	-5.580355050250076e6	-5.662161317738888e6	-5.745485901516447e6	-5.828398152308803e6	-5.911035780018499e6	-5.994941709057421e6	-6.080141354750528e6	-6.163839553382879e6	-6.248157213541679e6	-6.335358249742068e6	-6.42115717126841e6	-6.507177643518397e6	-6.5952113310027225e6	-6.682345431715185e6	-6.772049930131724e6	-6.860517055134949e6	-6.949172960135004e6	-7.038320461397498e6	-7.130189856381786e6	-7.221164555581642e6	-7.311365019761604e6	-7.4029846912412355e6	-7.495347589018618e6	-7.588807717767441e6	-7.681421392421391e6	-7.775502910788757e6	-7.870338541940097e6	-7.963025511592403e6	-8.059072447504404e6	-8.155602812935623e6	-8.251826018061801e6	-8.3466966012494825e6	-8.445729334881658e6	-8.543751061050102e6	-8.640910744979864e6	-8.740120711091466e6	-8.839469981519805e6	-8.93998768014044e6	-9.03845699934539e6	-9.141081924645942e6
-0.00001576284474914886	-0.00017483713933676316	-0.00034114521466425236	-0.0005212800443272127	-0.0007218492319381146	-0.0009494416310252545	-0.0012105471652171752	-0.0015114147300384659	-0.001857833776752051	-0.002254826986937461	-0.002706244945852688	-0.0032142596094694807	-0.0037787623733694362	-0.004396685378281315	-0.005061281808085091	-0.0057614223994247715	-0.006480990490527262	-0.007198484856265503	-0.0078869648924625	-0.008514491007677006	-0.009045216669913576	-0.009441267599416537	-0.009665486918685098	-0.009685022076180428	-0.009475573516029614	-0.009025919193673473	-0.008342092280214297	-0.0074503647281695925	-0.006398048880878348	-0.00525117224803296	-0.004088416708933678	-0.0029914234031055255	-0.0020326330128420675	-0.0012630617767836576	-0.0007033649974400237	-0.0003415613098128421	-0.00013926760069842486	-0.00004516127423892687	-0.000010740700803110273	-1.6492388860857187e-6	-1.3189053512149288e-7	-3.690221280633487e-9	-1.5502780390242494e-11	-1.0231281313232616e-15	0.	0.	0.	0.	0.	0.	0.	0.	0.	0.	0.	0.	0.	0.	0.	0.	0.	0.	0.	0.	0.	0.	0.	0.	0.	0.	0.	0.	0.	0.	0.	0.	-186573.12998703698	-272448.174725091	-342871.301157771	-405550.9803669549	-463538.13110749697	-519365.5453091893	-572658.4975873074	-625118.8002435416	-676600.3677386285	-727501.0073657904	-777911.5376820536	-828124.3370494666	-878266.8061059953	-928696.3848674082	-978741.6141435457	-1.0285539535507871e6	-1.079436040956027e6	-1.1300235076525596e6	-1.1801819876992456e6	-1.2311945498303403e6	-1.2824299239773885e6	-1.3343528585929747e6	-1.3859530549815558e6	-1.4382047363335602e6	-1.4907042443430924e6	-1.5443654520476188e6	-1.5974303172508061e6	-1.6512779475587022e6	-1.7049419261806023e6	-1.7600771059201255e6	-1.8148504816247174e6	-1.87025645617995e6	-1.926265339151918e6	-1.9820074002023276e6	-2.0390601240072825e6	-2.0966540191983082e6	-2.1538079939482287e6	-2.2119262930464176e6	-2.2706288518140535e6	-2.3293080924815056e6	-2.3885755196578945e6	-2.4487174477109457e6	-2.508137636825971e6	-2.570014421999877e6	-2.6310550955759496e6	-2.6929895183957154e6	-2.754778646076973e6	-2.8168912935148794e6	-2.8797207506673415e6	-2.9438780454525943e6	-3.0080671742620002e6	-3.07337676583531e6	-3.137410374296526e6	-3.2028774315404156e6	-3.2687984772968246e6	-3.33484396622805e6	-3.4022792405440398e6	-3.4699476456670193e6	-3.5383130829054285e6	-3.6063350444167047e6	-3.6752120198493265e6	-3.7449555244943565e6	-3.814714631207311e6	-3.885244995370433e6	-3.9561194463310437e6	-4.0267496000505667e6	-4.099345058867158e6	-4.1715567299389676e6	-4.244616712474625e6	-4.3173617619296e6	-4.391684814801986e6	-4.465696411519714e6	-4.540711179035157e6	-4.615895013921871e6	-4.692500025256605e6	-4.767420549435311e6	-4.845169021610006e6	-4.922064018888205e6	-5.000233588371183e6	-5.07774026292391e6	-5.157348689679261e6	-5.236243478385397e6	-5.316441994166915e6	-5.395517884088231e6	-5.477778124575344e6	-5.557763293388191e6	-5.639252385817271e6	-5.722267164650709e6	-5.805270123546128e6	-5.888068192864159e6	-5.972050951011911e6	-6.056907619116034e6	-6.141581082246964e6	-6.227297845394713e6	-6.311942578946758e6	-6.398565697242108e6	-6.486256822317317e6	-6.572796950452232e6	-6.659542083712325e6	-6.748650953783822e6	-6.83663859917114e6	-6.925669408752611e6	-7.016082132795799e6	-7.106237843938682e6	-7.197153971467999e6	-7.288240253227671e6	-7.37981625517072e6	-7.4740628772852635e6	-7.564570939543912e6	-7.658121362351123e6	-7.75215880832895e6	-7.845933095230159e6	-7.94183560928409e6	-8.03786612592007e6	-8.132444422153996e6	-8.227597179264661e6	-8.325451756978595e6	-8.423808012336023e6	-8.520071248307753e6	-8.61962418660865e6	-8.718820395980507e6	-8.817389851841616e6	-8.917024561164185e6	-9.017122251603084e6	-9.118144978295589e6
-0.00001385794845672689	-0.00015374027925700243	-0.00030014630759162724	-0.00045904652290088135	-0.0006364721916058813	-0.0008385108152724159	-0.0010712623386044833	-0.0013407427403139378	-0.001652721623850442	-0.002012481127024039	-0.0024244853868777448	-0.002891953528327326	-0.0034163353681943907	-0.00399669843669272	-0.004629048132335854	-0.00530562021992417	-0.0060142063589613114	-0.006737598031749677	-0.007453260078726386	-0.008133368406219133	-0.00874536170237987	-0.009253156409403971	-0.00961914803364276	-0.009807059405991216	-0.009785588076986729	-0.009532645645332505	-0.009039776456540279	-0.008316113509998255	-0.007391021031699998	-0.006314459396563634	-0.005154186633976127	-0.003989284995977027	-0.002900238763923288	-0.001956856094085852	-0.0012065063874254756	-0.000665983466756286	-0.0003201708220259237	-0.00012902664416376136	-0.00004126264615179416	-9.648705899710824e-6	-1.4503644385544988e-6	-1.1279879985097778e-7	-3.0364682414596826e-9	-1.2033639233229907e-11	-7.171139075740786e-16	0.	0.	0.	0.	0.	0.	0.	0.	0.	0.	0.	0.	0.	0.	0.	0.	0.	0.	0.	0.	0.	0.	0.	0.	0.	0.	0.	0.	0.	0.	0.	-112508.78143138564	-224641.49855989323	-302814.585935818	-369969.05757808476	-430783.94119662634	-488115.6339155785	-543386.8278053087	-596466.6334727223	-648984.9027577366	-700352.6509335636	-751360.0244540664	-801940.2629305521	-852454.2839877829	-902934.8882852606	-953564.6539308336	-1.0038817058799446e6	-1.054013517874397e6	-1.1046377930263176e6	-1.156065917363196e6	-1.2066939262533789e6	-1.2582397193041386e6	-1.310333731917197e6	-1.3619600302554967e6	-1.4148627608699994e6	-1.4670135537194842e6	-1.5203243449992747e6	-1.5736904779559802e6	-1.627535226065692e6	-1.681132205199489e6	-1.7366077972266336e6	-1.7911123019181753e6	-1.846782714762662e6	-1.9024501304831565e6	-1.9585919127508523e6	-2.0148478542971255e6	-2.0722630649365813e6	-2.129984134635854e6	-2.1880590244298996e6	-2.2463679998444524e6	-2.305877961503582e6	-2.364961393647834e6	-2.424918510405131e6	-2.485755221807482e6	-2.54604471456008e6	-2.607497614785216e6	-2.6690069866596553e6	-2.730636603363377e6	-2.7940665063414373e6	-2.8564923439078648e6	-2.9205544479631856e6	-2.9849291824976285e6	-3.050029778121886e6	-3.1139448763526953e6	-3.1794745816890346e6	-3.246845875055038e6	-3.313039877668748e6	-3.378976829448274e6	-3.4473769596470366e6	-3.5153572861539535e6	-3.58324095914724e6	-3.6519764373868112e6	-3.7215752030895003e6	-3.7920488778803935e6	-3.861700703671383e6	-3.9331703480284354e6	-4.0044231909201653e6	-4.076169739777883e6	-4.148331023682099e6	-4.221683361607163e6	-4.295140001910741e6	-4.368556520446058e6	-4.442473518411713e6	-4.517351976148732e6	-4.592990363552653e6	-4.668443894460595e6	-4.745019804204622e6	-4.821468507771804e6	-4.899313859366651e6	-4.977210860234194e6	-5.054853371104069e6	-5.134179302948672e6	-5.213217228610928e6	-5.293987036354915e6	-5.372602997184498e6	-5.454793361469695e6	-5.535152128579119e6	-5.618091888056615e6	-5.699437307034216e6	-5.781781443099667e6	-5.865632246344568e6	-5.949178777401845e6	-6.033137466490902e6	-6.118606300057624e6	-6.203778964728398e6	-6.290597062579447e6	-6.375445099767427e6	-6.462567101129878e6	-6.548648576558718e6	-6.638117267955108e6	-6.725339579351955e6	-6.815175494803426e6	-6.9041885455039255e6	-6.9936927163410485e6	-7.084719420210547e6	-7.175617661135982e6	-7.266687371572441e6	-7.356976195652635e6	-7.449587018066742e6	-7.542969960608235e6	-7.636503694307174e6	-7.729184611038241e6	-7.824285147237558e6	-7.9201695293951295e6	-8.013270974379002e6	-8.110229415455309e6	-8.205891760306712e6	-8.3037295004763035e6	-8.399265886839852e6	-8.49832284573025e6	-8.596087028852396e6	-8.693876424164511e6	-8.79435941556864e6	-8.893603733207295e6	-8.995308071326768e6	-9.095148794197317e6
-0.000012152151218025074	-0.00013484212283426016	-0.0002633872548970023	-0.0004031663108067259	-0.0005596514825616616	-0.0007384254850084202	-0.000945166211824561	-0.0011855873692645678	-0.0014653230037012354	-0.001789743774096872	-0.0021636935901409465	-0.0025911373397563796	-0.00307471445565698	-0.0036151996706559808	-0.004210882136557554	-0.004856887676423216	-0.005544486577700434	-0.006260450779036475	-0.006986548502229704	-0.007699289084408696	-0.008370052133799842	-0.008965747396135607	-0.009450147053347471	-0.009786001015678678	-0.009937977875583856	-0.009876360862342694	-0.009581265889372225	-0.009046944686819205	-0.008285514233911304	-0.007329261915758382	-0.006230588349359082	-0.00505876243121525	-0.0038930725526383366	-0.002812719076555011	-0.0018848533244730454	-0.0011532919693968747	-0.0006311633131380759	-0.00030046110990687345	-0.00011970411918283934	-0.000037763096697684464	-8.684830727983145e-6	-1.2784592402609752e-6	-9.674038908472252e-8	-2.5069841194778366e-9	-9.380110726152944e-12	-5.054167379803773e-16	0.	0.	0.	0.	0.	0.	0.	0.	0.	0.	0.	0.	0.	0.	0.	0.	0.	0.	0.	0.	0.	0.	0.	0.	0.	0.	0.	0.	0.	0.	0.	-164938.92691440825	-258407.15990434907	-331245.03578417294	-396038.12248621765	-455345.75296553795	-511991.05856623076	-567069.3563376036	-620079.6401321026	-672097.3731642044	-723673.6095882179	-774880.2386939769	-825755.1087817062	-876455.7690600569	-927148.552150631	-977818.4824164548	-1.0284228066760179e6	-1.079636635780139e6	-1.1305678832134532e6	-1.1820331489870963e6	-1.2331039012193733e6	-1.2850364016304822e6	-1.337103282488457e6	-1.3902312709805756e6	-1.442058534074005e6	-1.496104608922076e6	-1.5490871780962145e6	-1.6032365387407278e6	-1.6573754586213594e6	-1.712236855890759e6	-1.7672906327133365e6	-1.8229345502902763e6	-1.8777001210361775e6	-1.9342362553403073e6	-1.991336512349747e6	-2.0480800365956621e6	-2.106011253333442e6	-2.164141968861831e6	-2.2222540480473987e6	-2.281556353497108e6	-2.341479110451929e6	-2.4012592329991707e6	-2.461918217865227e6	-2.5223602029767116e6	-2.5833225570726837e6	-2.644928910638858e6	-2.707308577631953e6	-2.770592248748572e6	-2.8334798509636656e6	-2.897159675989514e6	-2.961326388110186e6	-3.0260067344142944e6	-3.0909762980982824e6	-3.155993608037039e6	-3.222428394323346e6	-3.288889750274593e6	-3.35643591561132e6	-3.423399730718894e6	-3.491577631199015e6	-3.559308825763252e6	-3.629088928655734e6	-3.6985672193935076e6	-3.767637551117613e6	-3.8388307859996553e6	-3.9096065778636015e6	-3.9804421061885767e6	-4.052638807720012e6	-4.1250797657990465e6	-4.197640200505328e6	-4.271209308457117e6	-4.344583035350581e6	-4.419725812678092e6	-4.494247044113438e6	-4.569653441393828e6	-4.645409762090429e6	-4.721516451010105e6	-4.79835299488117e6	-4.875615925283974e6	-4.954165903829571e6	-5.031746754271068e6	-5.111004528323574e6	-5.1899796266231695e6	-5.26865923569437e6	-5.349651778832393e6	-5.431117032542892e6	-5.511982879039848e6	-5.594200174902914e6	-5.676266981932705e6	-5.758110981533422e6	-5.841504159148087e6	-5.925736009444616e6	-6.009462404807712e6	-6.094694528913671e6	-6.180299893955261e6	-6.266179169074425e6	-6.3513620732327625e6	-6.438940209969992e6	-6.526778683429595e6	-6.613860517899528e6	-6.702281855056361e6	-6.790486570811403e6	-6.879440853555183e6	-6.970524104736097e6	-7.060186289930017e6	-7.150581554761445e6	-7.242046734083869e6	-7.334000674027432e6	-7.427529707311606e6	-7.51769866197467e6	-7.611652402072141e6	-7.70609160252642e6	-7.799330794637452e6	-7.894660844804884e6	-7.991119610215567e6	-8.086654483765106e6	-8.181403523149617e6	-8.278120602921605e6	-8.377056733995354e6	-8.473012454657575e6	-8.57302147559052e6	-8.671626891442543e6	-8.77049734233508e6	-8.870075330655243e6	-8.969749607590277e6	-9.071266951140964e6
-0.000010629858377897364	-0.00011797178299368673	-0.00023054545812730765	-0.00035317334717207156	-0.0004907931498735396	-0.0006484905843170896	-0.0008315057501599335	-0.0010452032125457785	-0.0012949951510535902	-0.0015862063484151914	-0.0019238697623005277	-0.002312442333323933	-0.0027554330290910575	-0.0032549394841092927	-0.0038110965927479487	-0.004421450652143532	-0.005080286607708905	-0.0057779537973276	-0.006500256951500339	-0.007228002864717016	-0.007936816671932849	-0.008597361017784216	-0.009176100687329942	-0.0096367466274143	-0.009942477347679248	-0.010058962726622475	-0.009958097519202508	-0.00962218738307699	-0.009048128080271571	-0.008250905118376468	-0.007265566096179921	-0.0061467563276536505	-0.004965053420480317	-0.0037997781855368105	-0.0027287399094082405	-0.0018164235646631792	-0.001103192681877513	-0.0005986998875960539	-0.00028227818833095083	-0.00011120483724103316	-0.00003461604063885697	-7.832200850875915e-6	-1.1294868424312061e-6	-8.319267539867637e-8	-2.076603924983421e-9	-7.341477845033907e-12	-3.581267411806626e-16	0.	0.	0.	0.	0.	0.	0.	0.	0.	0.	0.	0.	0.	0.	0.	0.	0.	0.	0.	0.	0.	0.	0.	0.	0.	0.	0.	0.	0.	0.	-66591.40660864994	-205333.23618392693	-288792.707607342	-358169.49583414965	-420913.34958088025	-479407.8565800597	-535628.8580760141	-589843.6764867286	-642881.3993769893	-695365.5610551541	-747027.293249713	-798722.6319459607	-849316.4304570945	-900098.8054082931	-951221.0425495014	-1.0023689399221689e6	-1.0535499540513111e6	-1.1045029086125817e6	-1.1563198895783934e6	-1.2078889596579114e6	-1.2601517028925056e6	-1.312039329597421e6	-1.3645213496461732e6	-1.4169194578361877e6	-1.470566958836018e6	-1.5243072219229012e6	-1.57806710605161e6	-1.6319906798628944e6	-1.6870610333525515e6	-1.7423672970214682e6	-1.7974748511340618e6	-1.8534601725605908e6	-1.9100855789313512e6	-1.967320692163438e6	-2.024281373996438e6	-2.0815577960793967e6	-2.140161315853219e6	-2.1983511497050356e6	-2.2576265100233173e6	-2.316328096919263e6	-2.3774916791586187e6	-2.4363531308098016e6	-2.4976883978690403e6	-2.5599133783799754e6	-2.621372893845186e6	-2.683196276352862e6	-2.7455539491895046e6	-2.808513486118374e6	-2.8733050149398167e6	-2.9370577135762624e6	-3.0013977692032834e6	-3.0665253614645256e6	-3.1326556027841573e6	-3.1982846128999414e6	-3.2648937350889193e6	-3.3313688444918203e6	-3.399235467607447e6	-3.467004109617881e6	-3.5353817973192693e6	-3.6046015513873096e6	-3.67391998718295e6	-3.7441070073622684e6	-3.8143118247108413e6	-3.885289849757421e6	-3.9566138766268506e6	-4.0284572427393757e6	-4.1007440439481293e6	-4.173410492637911e6	-4.246927039213953e6	-4.320604181022884e6	-4.394912622133036e6	-4.470064262244924e6	-4.544862193694906e6	-4.620509581042686e6	-4.697580417142973e6	-4.774732568573361e6	-4.851423247623634e6	-4.9285456773071615e6	-5.007774583284505e6	-5.087160817275061e6	-5.165857447840047e6	-5.244610221266324e6	-5.326148483480063e6	-5.406919816893992e6	-5.487570224850585e6	-5.569945852982357e6	-5.652205015601805e6	-5.734440135121223e6	-5.816972129257233e6	-5.901414740762968e6	-5.98680923954463e6	-6.070051720034884e6	-6.15624369485732e6	-6.241407215759437e6	-6.329069357226458e6	-6.414728812316082e6	-6.501818152244526e6	-6.588841582084218e6	-6.6779179807002e6	-6.768089117300178e6	-6.857024882857808e6	-6.946150390953175e6	-7.035768257229382e6	-7.128108105271054e6	-7.219554591706152e6	-7.310227846307017e6	-7.402320840260435e6	-7.4951577709892625e6	-7.589092682644428e6	-7.682181787726497e6	-7.776739487595299e6	-7.872052050556824e6	-7.96521592846019e6	-8.061741108198117e6	-8.158750404200225e6	-8.255452857352862e6	-8.350802346434352e6	-8.450316339257358e6	-8.548819151106797e6	-8.646459600645084e6	-8.746151811549759e6	-8.846552412448488e6	-8.946984848268824e6	-9.048487482837815e6
-9.275795174417904e-6	-0.00010296154855205281	-0.00020130258779094484	-0.00030860335123391794	-0.00042929673747939983	-0.0005679877316307237	-0.0007294758384426569	-0.0009187480677312649	-0.0011409332656373027	-0.0014012077088779587	-0.001704641316676113	-0.002055973903720369	-0.0024593120009231643	-0.0029177393991120576	-0.0034328392863013516	-0.004004133248226481	-0.0046284530432228535	-0.005299275349822273	-0.006006067691165358	-0.006733714964237577	-0.007462119064132692	-0.00816608638178176	-0.008815635274410275	-0.009376861937615418	-0.00981349060144129	-0.010089193465302921	-0.010170688091741046	-0.010031498324014137	-0.00965609866107545	-0.009043962409388845	-0.008212829402636495	-0.007200350981962672	-0.00606323345823126	-0.004873177313681232	-0.0037093806883486515	-0.0026481722070642658	-0.0017513734554854394	-0.0010559981572644916	-0.0005684064019052138	-0.0002654838078437633	-0.00010344464211935349	-0.000031780940978185207	-7.07639042512401e-6	-1.0000685579594183e-6	-7.17297748614159e-8	-1.7255599066050735e-9	-5.76856086541468e-12	-2.5507964887783803e-16	0.	0.	0.	0.	0.	0.	0.	0.	0.	0.	0.	0.	0.	0.	0.	0.	0.	0.	0.	0.	0.	0.	0.	0.	0.	0.	0.	0.	0.	0.	-135084.02232016664	-239927.96366191068	-317065.8747840681	-383768.26577405824	-445267.94485922577	-503292.79898917256	-558787.8219247832	-613079.1873564769	-665651.2868943262	-717986.8024426725	-770003.3488047576	-821328.7919676453	-872848.8297722965	-924211.1591640805	-975373.4291844018	-1.0264659566992387e6	-1.077966999171514e6	-1.1300915545976816e6	-1.181894798592422e6	-1.2332643423442026e6	-1.2864634101873534e6	-1.3387236380042168e6	-1.3916022350220976e6	-1.444846943425281e6	-1.4981959629665276e6	-1.5527229897641537e6	-1.6072641288702316e6	-1.6619654908280128e6	-1.717008345089166e6	-1.7726501416426864e6	-1.8283552156005048e6	-1.88524229320118e6	-1.94212386523834e6	-1.99941359048645e6	-2.0569582043998768e6	-2.1142100923584034e6	-2.1735850524996254e6	-2.2321871331904675e6	-2.2917708264177167e6	-2.3517970937723992e6	-2.412071846454083e6	-2.4732297123687733e6	-2.534342120254797e6	-2.596311967184523e6	-2.6589661486398424e6	-2.7204273096856857e6	-2.7841538501368356e6	-2.8471272538931733e6	-2.9119282026351877e6	-2.9764107819716637e6	-3.0416029293127214e6	-3.107888488085253e6	-3.1737333902011346e6	-3.2395673433750165e6	-3.306863134703862e6	-3.3746138490834865e6	-3.442385863044497e6	-3.5108895067376713e6	-3.5801764644503924e6	-3.6493499509251122e6	-3.7193887201958126e6	-3.789203895021029e6	-3.860400981770458e6	-3.932316874040529e6	-4.0040180947827525e6	-4.0762148390993234e6	-4.148828056725175e6	-4.222634149754734e6	-4.296546161488758e6	-4.370419423723841e6	-4.444794605996728e6	-4.520855204461863e6	-4.596494166385533e6	-4.672148643345969e6	-4.749188690198327e6	-4.827687870117937e6	-4.904414531973892e6	-4.982779236416883e6	-5.062805063534342e6	-5.1406860878850445e6	-5.220194550005359e6	-5.301437616218226e6	-5.382357978601014e6	-5.463190342756503e6	-5.545499531614855e6	-5.627439712342324e6	-5.710205644779406e6	-5.794360683958413e6	-5.877614211146955e6	-5.962052451072576e6	-6.047365282505544e6	-6.130824033160654e6	-6.216477601240523e6	-6.303779678182276e6	-6.390863997595701e6	-6.476713006843677e6	-6.5660215048361765e6	-6.653232357753178e6	-6.742806132120829e6	-6.831261030164824e6	-6.920759497153002e6	-7.011640170728538e6	-7.102265211865868e6	-7.193651362754723e6	-7.285208639104791e6	-7.377256404245136e6	-7.470445175612422e6	-7.562956800458635e6	-7.656981089751021e6	-7.751493146438297e6	-7.845742783599458e6	-7.942121315832072e6	-8.038628600404014e6	-8.134206468501142e6	-8.2293145310942745e6	-8.327647853240332e6	-8.427142410900697e6	-8.523225961648617e6	-8.623259643768713e6	-8.722936861372776e6	-8.82198730415841e6	-8.923740830855845e6	-9.022683668992132e6
-8.075186191802014e-6	-0.0000896489307746058	-0.00017534886502166538	-0.0002690010637402061	-0.00037456660640380787	-0.0004961921631888101	-0.0006382438535989076	-0.0008053175781958593	-0.0010022180139200654	-0.0012338974256327871	-0.0015053445582061883	-0.0018214133776847836	-0.002186581646412905	-0.002604630648691716	-0.003078240314742563	-0.0036084990689439086	-0.0041943355219866245	-0.004831890148597718	-0.005513859677043776	-0.00622886503941452	-0.006960914766384937	-0.007689058125217661	-0.008387343318209672	-0.0090252113351846	-0.009568459469050012	-0.009980892240795708	-0.010226732614410032	-0.010273784282466081	-0.010097210667864932	-0.009683629038881581	-0.00903502161026156	-0.008171770240821979	-0.007133980173604417	-0.00598024639311254	-0.004783221596380069	-0.0036218430568880754	-0.002570884648208822	-0.0016895180038878346	-0.0010115127053359756	-0.0005401123488409474	-0.00024995372590129906	-0.00009634901453655305	-0.000029222451317460345	-6.405036151776628e-6	-8.873679709494623e-7	-6.200344985198448e-8	-1.4382615701028238e-9	-4.549949557890421e-12	-1.8259830791571376e-16	0.	0.	0.	0.	0.	0.	0.	0.	0.	0.	0.	0.	0.	0.	0.	0.	0.	0.	0.	0.	0.	0.	0.	0.	0.	0.	0.	0.	0.	0.	-180239.78084276014	-271139.81929960015	-343658.33568658086	-408609.1838814114	-468763.5851157766	-526220.0562078565	-581197.0383329813	-635396.4053132761	-688539.6651216773	-740718.8306968216	-792873.6753374907	-844291.0164945717	-896372.5299314498	-947709.810886423	-998928.3870231098	-1.051105191530571e6	-1.1027543434948323e6	-1.1548767610881673e6	-1.206763596688653e6	-1.2600102004874698e6	-1.3122544294256188e6	-1.3651022433164965e6	-1.4189504727061333e6	-1.4729691839435315e6	-1.5266401027902118e6	-1.5813519124506274e6	-1.6355298412485356e6	-1.6911990046429618e6	-1.7469199915897099e6	-1.8031753730571729e6	-1.858912051156904e6	-1.9161334879340231e6	-1.9737421029000054e6	-2.0309609258610848e6	-2.0890803436854226e6	-2.147776882168437e6	-2.206607080473784e6	-2.266418067207511e6	-2.3264370651829247e6	-2.387199205173127e6	-2.4481727022071527e6	-2.5084321522025648e6	-2.571155728901716e6	-2.633049763937925e6	-2.6958443801772166e6	-2.758499178072474e6	-2.8226927021744866e6	-2.8869900393689396e6	-2.9512480327570685e6	-3.0165872638040637e6	-3.0815118733920064e6	-3.1484506586818853e6	-3.2141598427504753e6	-3.281410040152911e6	-3.348633658207422e6	-3.4173855133052915e6	-3.485671038899253e6	-3.554915990312579e6	-3.623929932820775e6	-3.693805456350204e6	-3.7645541974780904e6	-3.8349173418561146e6	-3.90625073577238e6	-3.978688034137026e6	-4.0513317529663676e6	-4.1242217201804663e6	-4.197233009914006e6	-4.271254638320954e6	-4.345082511542756e6	-4.420681212032911e6	-4.495911386642262e6	-4.571524958156487e6	-4.647741495262057e6	-4.724581487401548e6	-4.801609160635908e6	-4.880056668576418e6	-4.958352300112605e6	-5.036399165350831e6	-5.1161251714683585e6	-5.195568839370676e6	-5.276740272694852e6	-5.357594699414178e6	-5.438119536258919e6	-5.520127409519494e6	-5.602149581316533e6	-5.684690879202946e6	-5.769012168409998e6	-5.852159105148008e6	-5.936322009862542e6	-6.021728786409716e6	-6.105504121298062e6	-6.191589690346477e6	-6.277949498084445e6	-6.365867570357067e6	-6.453311831134732e6	-6.539994683363691e6	-6.627558092633211e6	-6.717611474019805e6	-6.807911059478723e6	-6.8973902063656645e6	-6.986160807956815e6	-7.076307480543478e6	-7.168864755750041e6	-7.259140762290271e6	-7.352520928520245e6	-7.445602471607816e6	-7.539456834363674e6	-7.633462967373458e6	-7.7266175031497e6	-7.822191719299774e6	-7.918728297807622e6	-8.012127678164131e6	-8.108152787767162e6	-8.205700943436749e6	-8.304015947814799e6	-8.400030072744168e6	-8.499565611591838e6	-8.598085139812188e6	-8.696077453207945e6	-8.797040884537306e6	-8.896765680878088e6	-8.998951758581745e6
-7.013893350956211e-6	-0.00007787824321501852	-0.00015238639810345733	-0.00023392596357291027	-0.00032602100135515266	-0.00043238651162490964	-0.0005569699494346505	-0.0007039742648090831	-0.0008778559550972657	-0.0010832905225790432	-0.0013250966678781814	-0.001608109701530145	-0.0019369942684626593	-0.0023159868750329687	-0.0027485602880299312	-0.003237005117784014	-0.0037819293356791102	-0.0043816846503970976	-0.005031740044119182	-0.005724037615413034	-0.00644638407055936	-0.0071819520013500435	-0.007908986808727996	-0.008600834847040315	-0.009226421590799973	-0.009751309169984686	-0.010139442714223455	-0.010355645927300209	-0.010368840121857754	-0.010155832747886747	-0.009705353576152815	-0.009021823748327884	-0.008128157242334844	-0.007066770038003842	-0.005897984336663618	-0.0046952484722135104	-0.003537115960438429	-0.0024967454821803303	-0.001630680897179305	-0.0009695544740823732	-0.0005136620428109067	-0.00023557617394998767	-0.000089851865352051	-0.000026909689134732016	-5.807516640041558e-6	-7.889971138769146e-7	-5.372800735905912e-8	-1.2023651122311445e-9	-3.6020523711162e-12	-1.3135084347225026e-16	0.	0.	0.	0.	0.	0.	0.	0.	0.	0.	0.	0.	0.	0.	0.	0.	0.	0.	0.	0.	0.	0.	0.	0.	0.	0.	0.	0.	0.	-89740.64940927576	-216852.269922908	-299648.1185648048	-369287.72123269143	-432486.3885131264	-492042.7632866027	-548570.1713922118	-603985.801892699	-657640.0930591269	-710775.8085563948	-763282.4790903867	-815571.0920075907	-867569.2301645407	-919425.1627720823	-971464.3051886249	-1.023051569627458e6	-1.0752651223826008e6	-1.1277030224989585e6	-1.1797672710075867e6	-1.2324720992773066e6	-1.2851076005858614e6	-1.3385792975594962e6	-1.3918214134072745e6	-1.4454381691303467e6	-1.5002458263235358e6	-1.5540816156992663e6	-1.6090169927418644e6	-1.6651462452276393e6	-1.720383494277269e6	-1.7768871773957515e6	-1.8331882493463506e6	-1.8903787018630775e6	-1.9472556135524912e6	-2.0053333441940828e6	-2.063477677124449e6	-2.1223812251672745e6	-2.1810347451176005e6	-2.2402987297892394e6	-2.3002918229992143e6	-2.3615065291426624e6	-2.4222837323238323e6	-2.4825448664819575e6	-2.5450742954953616e6	-2.607370502583041e6	-2.669730109625875e6	-2.7337356914357636e6	-2.7965096191531224e6	-2.8615909131027856e6	-2.9259877564502778e6	-2.991266402871452e6	-3.0559827885125126e6	-3.12248610846523e6	-3.189275401200804e6	-3.2554836615872737e6	-3.3243746121358587e6	-3.39124755915138e6	-3.459676127726938e6	-3.529023640585332e6	-3.598529967049456e6	-3.668255745171512e6	-3.738851348359363e6	-3.809797648150878e6	-3.881199122250131e6	-3.9535124502258324e6	-4.0250384094356736e6	-4.0985327449491657e6	-4.171647157387698e6	-4.245613324009243e6	-4.319267580128284e6	-4.394503463457274e6	-4.470109806335032e6	-4.545363964697723e6	-4.622960899463434e6	-4.69899926532742e6	-4.776612166806145e6	-4.854287638692373e6	-4.933267524979934e6	-5.011043724385333e6	-5.0908960849332325e6	-5.170212861237854e6	-5.251364181183875e6	-5.331287405563445e6	-5.412528844140757e6	-5.495109970457854e6	-5.576498070905395e6	-5.659230256829415e6	-5.743482660037681e6	-5.82732541865289e6	-5.910895719214947e6	-5.995736260676474e6	-6.081872761323029e6	-6.1668931153678e6	-6.252880396564459e6	-6.339910657010758e6	-6.426854697927471e6	-6.514116365292409e6	-6.603787387339054e6	-6.69182531553477e6	-6.781338979272226e6	-6.870757614379915e6	-6.960365911636288e6	-7.0524329900453435e6	-7.143295425874147e6	-7.235228063552624e6	-7.327650359143673e6	-7.418964532707427e6	-7.512288848138254e6	-7.6067130108712e6	-7.701623505722018e6	-7.795335700339528e6	-7.891138632648394e6	-7.988070820309147e6	-8.084080407454397e6	-8.179305128973282e6	-8.276498069554602e6	-8.375910455138846e6	-8.472343516519472e6	-8.572830193629695e6	-8.671913982187346e6	-8.771263336908696e6	-8.87132077074629e6	-8.971474936717777e6
-6.0785171785848955e-6	-0.0000675017679734416	-0.00013213168013124688	-0.00020295662717580544	-0.00028309910416564506	-0.0003758717361963161	-0.00048482344649084506	-0.0006137713935720771	-0.0007668133390433135	-0.0009483140251897242	-0.001162858013799839	-0.0014151603951461774	-0.0017099260035741454	-0.002051647523497694	-0.0024443334609464563	-0.002891158792831996	-0.0033940346605783296	-0.003953099263878195	-0.004566140646282535	-0.005227973768266317	-0.00592980933339227	-0.006658670057390391	-0.007396930582157799	-0.008122078222743405	-0.008806810120513233	-0.009419593554821465	-0.009925813886111603	-0.010289611169301015	-0.010476453505326288	-0.010456405215011302	-0.010207917055886109	-0.009721797659255998	-0.009004836422534367	-0.008082372299112255	-0.006998995475807051	-0.005816604247359001	-0.004609299048361758	-0.0034551405972483105	-0.0024256239463662874	-0.0015746946124839873	-0.0009299545966554466	-0.0004889132788500446	-0.00022225049900717494	-0.00008389449069294069	-0.000024815618733008546	-5.274685378895899e-6	-7.029399983765317e-7	-4.6668311347862477e-8	-1.0080604735058414e-9	-2.861866848506285e-12	-9.493378473189823e-17	0.	0.	0.	0.	0.	0.	0.	0.	0.	0.	0.	0.	0.	0.	0.	0.	0.	0.	0.	0.	0.	0.	0.	0.	0.	0.	0.	0.	0.	-146476.06660957477	-249100.74256647239	-326336.2541394206	-393880.79790056334	-455810.2271546943	-514398.41874015017	-570913.2538327973	-625575.2415150615	-679659.2840465582	-733085.0164013323	-785487.0912277017	-838153.8895074729	-890358.0849066966	-942391.0875305131	-994650.6778756804	-1.0471595995733354e6	-1.099582101652039e6	-1.1519795994689262e6	-1.2044094002041237e6	-1.2578155465814313e6	-1.3109788270924934e6	-1.3645939613549698e6	-1.4188034542825287e6	-1.4731922368419012e6	-1.5277277435124572e6	-1.582338264310824e6	-1.6380571450903711e6	-1.6938764862300968e6	-1.7502314478901802e6	-1.8057665901321908e6	-1.8630350917016324e6	-1.9207030051154892e6	-1.9786658049565498e6	-2.0367387137488108e6	-2.0947386404952595e6	-2.1543392226512674e6	-2.213693103770562e6	-2.273925068506921e6	-2.334918332304978e6	-2.39548540424187e6	-2.4569390345271653e6	-2.5178651833738387e6	-2.581080789477359e6	-2.643527478956206e6	-2.706754299841116e6	-2.7708918968952736e6	-2.834875825349808e6	-2.8991858106182767e6	-2.9642245153077417e6	-3.029782350009647e6	-3.0962308497916283e6	-3.1628806942729964e6	-3.2292419178311215e6	-3.2973904323522635e6	-3.3646720749680605e6	-3.4338266790110758e6	-3.5027555623346968e6	-3.5720595122608305e6	-3.642131744947994e6	-3.7125682214404712e6	-3.783882674262641e6	-3.8549498406014424e6	-3.9265004927554494e6	-3.9990745467034527e6	-4.072651992705447e6	-4.145710304000378e6	-4.219962887816299e6	-4.294323522155753e6	-4.368647393776683e6	-4.443474771879764e6	-4.519988870019923e6	-4.596083133336234e6	-4.672194380986529e6	-4.749692621472283e6	-4.82865163561219e6	-4.905839044143451e6	-4.984666041569652e6	-5.065155974549451e6	-5.144841045694211e6	-5.224853008005072e6	-5.305186044596557e6	-5.386574708880459e6	-5.467875951098724e6	-5.550655885996906e6	-5.633067009548966e6	-5.717005119846795e6	-5.800934320633116e6	-5.884661314893863e6	-5.969574687008276e6	-6.055364005840828e6	-6.140972370072696e6	-6.2276259702869225e6	-6.313209235961918e6	-6.400772891652937e6	-6.489406698767892e6	-6.576890448845207e6	-6.666425448278095e6	-6.754637182422449e6	-6.843572832889711e6	-6.936043675251288e6	-7.0261265970386e6	-7.116027544403693e6	-7.207898460358571e6	-7.301983338761178e6	-7.394544300199558e6	-7.487849776859065e6	-7.582253525596699e6	-7.675813477046211e6	-7.770841967441005e6	-7.866625939937174e6	-7.960263681628658e6	-8.057261570605092e6	-8.154744378954366e6	-8.251921461201039e6	-8.3477469081572415e6	-8.44773614929603e6	-8.546715415611569e6	-8.644833211915625e6	-8.745003030510087e6	-8.845597464334173e6	-8.94679314503243e6
-5.2564661005688265e-6	-0.00005838056156920167	-0.0001143173543056492	-0.00017569389925160378	-0.00024526631558645986	-0.000325975529981192	-0.00042099574171374594	-0.0005337721758764212	-0.0006680438220823973	-0.0008278458331825213	-0.0010174851403335307	-0.0012414817183928686	-0.001504466943144587	-0.0018110298078077738	-0.0021655016643210914	-0.002571670951636836	-0.003032421469585391	-0.003549291617984447	-0.004121958148110158	-0.00474765685100914	-0.005420564609770907	-0.006131182501886862	-0.006865777850623708	-0.007605963310630312	-0.008328511287219073	-0.009005519022045314	-0.009605048815795342	-0.010092362807346184	-0.010431844881763502	-0.010589645552528303	-0.010536992173816576	-0.010253973677333255	-0.00973344123020797	-0.00898448165873253	-0.008034754777196625	-0.0069308949817218175	-0.005736235329063157	-0.004525396878993773	-0.003375851039779111	-0.0023573913469674534	-0.0015214003735789536	-0.000892556345353157	-0.0004657361054043259	-0.00020988596023611993	-0.00007842466619310886	-0.00002291652623622698	-4.798647762873799e-6	-6.274900918722137e-7	-4.063023190049406e-8	-8.475227796170549e-10	-2.281700583503773e-12	-6.892871741190131e-17	0.	0.	0.	0.	0.	0.	0.	0.	0.	0.	0.	0.	0.	0.	0.	0.	0.	0.	0.	0.	0.	0.	0.	0.	0.	0.	0.	0.	0.	-187703.75971636214	-278511.4819469316	-351756.10485797905	-417590.3802271077	-478444.7410810486	-536478.0781506331	-592556.0371346483	-647391.4275301503	-701480.8091236076	-754565.060317136	-808096.0351523809	-860484.8523975096	-912774.3318925278	-965439.517591864	-1.0176930851779439e6	-1.0708349714384165e6	-1.1233752039709766e6	-1.1766397073517533e6	-1.2295336694824065e6	-1.2825722143849474e6	-1.3366704819536374e6	-1.3909446998664725e6	-1.4449208466384197e6	-1.5000963363885672e6	-1.5546514040917642e6	-1.6108041277582333e6	-1.6661465396382003e6	-1.7222838362168341e6	-1.7786866336501578e6	-1.8362523248754588e6	-1.8929995365438603e6	-1.9512567806464161e6	-2.0097198290672232e6	-2.0684770259626405e6	-2.1276606072509754e6	-2.186952247752065e6	-2.246491621232933e6	-2.307245081306186e6	-2.3690288991391105e6	-2.430368759543885e6	-2.4909235434393384e6	-2.5539364668868524e6	-2.6163871607474205e6	-2.680024673928241e6	-2.743716402418608e6	-2.807527050524477e6	-2.873175839052671e6	-2.9377921285300553e6	-3.003291978811576e6	-3.0690036933291787e6	-3.1360144780727695e6	-3.2027899320615367e6	-3.2700269355194666e6	-3.3394343646698305e6	-3.4070375857335236e6	-3.476355649130136e6	-3.545858868256076e6	-3.615262107524537e6	-3.6855277372933556e6	-3.756667430974957e6	-3.8286929944089768e6	-3.900461773876835e6	-3.972557983853533e6	-4.045471227168537e6	-4.1183277700514263e6	-4.1932063473997125e6	-4.267503657229931e6	-4.341949433609976e6	-4.417996994797924e6	-4.492867636197857e6	-4.569744734894445e6	-4.646415607772313e6	-4.723711416135611e6	-4.801196407230383e6	-4.880102605411423e6	-4.958858348014941e6	-5.037366498347597e6	-5.117555260995253e6	-5.197462704847067e6	-5.279099593801132e6	-5.360420335722871e6	-5.441412104231276e6	-5.523888534658706e6	-5.606379967185658e6	-5.690918042812958e6	-5.77418512275516e6	-5.857803851803814e6	-5.943433534398965e6	-6.028321507276357e6	-6.114720967308283e6	-6.200826883177537e6	-6.285968327808162e6	-6.374365280275095e6	-6.462426112036381e6	-6.549448121038684e6	-6.639859505720024e6	-6.728025567180778e6	-6.8188077124657305e6	-6.908767982284502e6	-6.999220839213346e6	-7.091198593948572e6	-7.183048871514387e6	-7.275071679381285e6	-7.367585856303931e6	-7.459880429752174e6	-7.554221459526477e6	-7.648714113400225e6	-7.743695392862017e6	-7.838415785817426e6	-7.935264358680479e6	-8.032242876600971e6	-8.127771838380676e6	-8.223876250300486e6	-8.322682766039874e6	-8.421992465059087e6	-8.51921087194206e6	-8.619719856533915e6	-8.719873445266902e6	-8.819401237230217e6	-8.921632095255462e6
-4.535998371787345e-6	-0.000050384952138852425	-0.00009869335048494517	-0.00015176303908379237	-0.00021201800243936454	-0.0002820585267777777	-0.00036471015720048675	-0.00046306481967897325	-0.0005805107027085294	-0.0007207465571345296	-0.0008877750133864512	-0.001085868392652162	-0.0013194993965144671	-0.0015932281360624832	-0.0019115363993554941	-0.002278600113094385	-0.0026979919595152306	-0.00317230846275313	-0.0037027200184583664	-0.004288448791711801	-0.004926188605896141	-0.005609493218685988	-0.006328174795578959	-0.007067772555056964	-0.007809171381957434	-0.0085284696162109	-0.009197210889121562	-0.009783101987576547	-0.010251330958713719	-0.010566569522863074	-0.010695683570279814	-0.010611078794922757	-0.010294473405629646	-0.0097407226841587	-0.008961140337462566	-0.007985606141190657	-0.006862675085441656	-0.005656982910260297	-0.004443550965165757	-0.003299176156993662	-0.002291921869802772	-0.0014706479957287358	-0.0008572143071712737	-0.0004440117047788912	-0.00019840066286977177	-0.00007339586082488972	-0.00002119157199057689	-4.372574419478073e-6	-5.611990386373284e-7	-3.545300852141519e-8	-7.144885165739431e-10	-1.825297612894305e-12	-5.0270516672448605e-17	0.	0.	0.	0.	0.	0.	0.	0.	0.	0.	0.	0.	0.	0.	0.	0.	0.	0.	0.	0.	0.	0.	0.	0.	0.	0.	0.	0.	-96748.99591798495	-222336.95374017447	-305846.19450287713	-376368.98115734576	-440145.380487808	-500470.2006864144	-557992.7644647581	-614312.8933471472	-669360.2873178707	-723367.6876368019	-776439.4048344016	-829529.6689653017	-882820.5839851067	-935499.4872118857	-988156.0615553544	-1.0413062446727335e6	-1.0941695905980195e6	-1.1476881612075442e6	-1.2009054887506529e6	-1.2545986614427706e6	-1.3083714637191095e6	-1.3621051587028604e6	-1.4164787370578288e6	-1.4712356337664975e6	-1.5272017707304182e6	-1.5821865178708076e6	-1.6382869615126394e6	-1.694557396128928e6	-1.751180617909347e6	-1.8084170767911912e6	-1.8657223018852829e6	-1.9229347096633841e6	-1.9815659647724766e6	-2.0408047772436594e6	-2.0994581702177348e6	-2.1597343571463446e6	-2.219499309728589e6	-2.2800269125947654e6	-2.341188248962815e6	-2.4022194517662874e6	-2.4641413369337483e6	-2.526959814497657e6	-2.5895549368375763e6	-2.65267947905075e6	-2.7164594993273695e6	-2.7810269861015226e6	-2.8449438740870245e6	-2.910504615704595e6	-2.9758481093985587e6	-3.041906902606233e6	-3.1090649088279246e6	-3.1757873019390744e6	-3.242503200145449e6	-3.3120726445848704e6	-3.379329393518138e6	-3.44905649269004e6	-3.518370421818535e6	-3.5883707315649744e6	-3.6588819274163214e6	-3.7294549800130497e6	-3.8013145654644985e6	-3.8731838481334914e6	-3.9456390812938795e6	-4.01877905429143e6	-4.0913024076189506e6	-4.165275398880325e6	-4.239656995166426e6	-4.314775294374187e6	-4.3904573387746615e6	-4.465833023025289e6	-4.5422164920436535e6	-4.618773407274477e6	-4.696756569810061e6	-4.774824256292034e6	-4.852956175646691e6	-4.932393770358044e6	-5.010629326217626e6	-5.090942199348765e6	-5.17072077215326e6	-5.252335293870334e6	-5.333042899496553e6	-5.4144294236210305e6	-5.497477410556718e6	-5.579332718375589e6	-5.6625335159496125e6	-5.747256207939529e6	-5.831569712682782e6	-5.915673217739846e6	-6.000924215365536e6	-6.087534928762758e6	-6.17302885837759e6	-6.260880176332724e6	-6.346997394099011e6	-6.435510420084088e6	-6.524285985933077e6	-6.612307184682274e6	-6.701669366042627e6	-6.790816638547351e6	-6.880715024521106e6	-6.972744422111881e6	-7.06335379659018e6	-7.154697744457467e6	-7.2471133851035535e6	-7.340487697071991e6	-7.434502663614935e6	-7.528822506271904e6	-7.620533807404499e6	-7.716425206769942e6	-7.812961605210372e6	-7.906417417813572e6	-8.003838780606272e6	-8.10033522267558e6	-8.198354493943145e6	-8.297141211690874e6	-8.3936300157955e6	-8.493638574405791e6	-8.592080438860994e6	-8.69110121363148e6	-8.792539847339898e6	-8.89274138384253e6
-3.906241016500863e-6	-0.00004339477701487083	-0.00008502749139523624	-0.00013081499893362924	-0.00018288193676883858	-0.0002435186190625898	-0.00031522913825392446	-0.00040077395032435013	-0.0005032043023546157	-0.0006258850256822526	-0.0007725012468055744	-0.0009470434979604398	-0.0011537646025413491	-0.0013971006644467202	-0.0016815476471582881	-0.002011484585441952	-0.00239093469187379	-0.002823256833350567	-0.0033107624578905953	-0.003854257500132431	-0.004452515553785366	-0.005101698096125894	-0.0057947500672174595	-0.006520814644243511	-0.007264729131038048	-0.008006683307440452	-0.00872214016264038	-0.009382133221668892	-0.009954059768448362	-0.010403078841854124	-0.01069418955371473	-0.01079500160506436	-0.010679110182191514	-0.010329850673662135	-0.009744042455427069	-0.008935156197213407	-0.00793519407278579	-0.006794514249807873	-0.005578931795719341	-0.004363758294224965	-0.0032250411859418215	-0.002229093175061996	-0.0014222956500620876	-0.0008237935906891918	-0.00042363137427316747	-0.00018772061364239297	-0.00006876655362753818	-0.00001962240818613641	-3.9905445299455744e-6	-5.028344764636233e-7	-3.1003122730102956e-8	-6.039267604236771e-10	-1.4649826158967227e-12	-3.682181829189841e-17	0.	0.	0.	0.	0.	0.	0.	0.	0.	0.	0.	0.	0.	0.	0.	0.	0.	0.	0.	0.	0.	0.	0.	0.	0.	0.	0.	0.	-149417.02521021504	-252938.4061068987	-331245.03578417294	-399448.1497645646	-462589.7910627474	-521930.987267803	-579583.7372044529	-635473.9997861558	-690142.9198885127	-744423.8459948328	-797892.6782814796	-851331.4509112423	-904832.880057151	-957913.2255630658	-1.0111105971133747e6	-1.0641018871504487e6	-1.117803583655282e6	-1.1712909359006018e6	-1.2252538393879018e6	-1.2789368922505213e6	-1.3332119829603161e6	-1.3879501935948238e6	-1.4426932401402814e6	-1.4977478156713827e6	-1.5534023027317629e6	-1.6090932042145296e6	-1.6659926481904336e6	-1.7225166661066308e6	-1.7793125314776646e6	-1.8372776120717041e6	-1.8957112490176312e6	-1.9536508489651522e6	-2.0123912169020162e6	-2.0714120505398342e6	-2.1313519479785087e6	-2.191460775994305e6	-2.2517441602744744e6	-2.313136081276118e6	-2.3739440349508924e6	-2.4356417020580135e6	-2.498234992630253e6	-2.5617298166999095e6	-2.6244690338349533e6	-2.688252416281383e6	-2.7525083564415425e6	-2.817062942501478e6	-2.883413942465712e6	-2.9485246841640375e6	-3.014722175876895e6	-3.080511298665877e6	-3.148319709787789e6	-3.214903901120077e6	-3.2830342384221153e6	-3.35103074409152e6	-3.421083639292835e6	-3.4910463844737853e6	-3.560107523117885e6	-3.631224444136567e6	-3.7020456189327403e6	-3.773745537361864e6	-3.845012401374395e6	-3.918390612144528e6	-3.990273082651048e6	-4.063937388960699e6	-4.1379959521243046e6	-4.212195715240982e6	-4.286958635366114e6	-4.362584554823885e6	-4.438514016060698e6	-4.514753388057676e6	-4.591496255713604e6	-4.668581107382278e6	-4.746531598026529e6	-4.824358854621594e6	-4.903587395875431e6	-4.98287127569263e6	-5.063819182011452e6	-5.143397986665579e6	-5.224437031479001e6	-5.3052323214901155e6	-5.387084423529617e6	-5.468850186496599e6	-5.552095948932413e6	-5.634973779676806e6	-5.719380025023797e6	-5.803778234371767e6	-5.887974853741686e6	-5.973359165957217e6	-6.0596206363875875e6	-6.145701595426587e6	-6.2328290935776355e6	-6.31888573591869e6	-6.407811224126714e6	-6.496035543238419e6	-6.583995256400727e6	-6.674008635655014e6	-6.762697380038098e6	-6.854995647615674e6	-6.945064155153451e6	-7.035626468108932e6	-7.128912418200201e6	-7.221306611217715e6	-7.312928633261659e6	-7.405972020654832e6	-7.499760858201092e6	-7.59464949774565e6	-7.688692672526423e6	-7.784206509080898e6	-7.880476801255664e6	-7.976415558346987e6	-8.072082168386163e6	-8.17005311828664e6	-8.267717300744876e6	-8.367599933429121e6	-8.464507384044515e6	-8.56397560910636e6	-8.665023804312045e6	-8.764848132354654e6	-8.865380979542818e6
-3.3571898409769308e-6	-0.00003729940625151127	-0.00007310566000017245	-0.00011252698032954507	-0.00015741963931496816	-0.0002097936805238597	-0.00027185919183636326	-0.0003460689040879336	-0.00043515511353214235	-0.000542158196589584	-0.000670443117821529	-0.0008236993466442259	-0.0010059185337697725	-0.0012213432200849218	-0.00147437885975218	-0.0017694606825247074	-0.0021108665999350147	-0.002502467742124242	-0.0029474096300849697	-0.003447719838766605	-0.004003842732592526	-0.004614108908066094	-0.005274156753807846	-0.0059763362745608815	-0.006709140957140848	-0.0074567314200246594	-0.0081986335842525	-0.008909711828460398	-0.009560530488194614	-0.01011822015924659	-0.010547952238229272	-0.010815088736982836	-0.010888007533546915	-0.010741500802710535	-0.01036050630445515	-0.009743766311239584	-0.008906839451013547	-0.007883756138145195	-0.006726566293304596	-0.005502149163191694	-0.004286005988842313	-0.0031533690125198043	-0.0021687868196103477	-0.0013762095719177482	-0.0007921690705224788	-0.0004044956006547015	-0.00017777888358985142	-0.00006449963905268301	-0.000018192851540413667	-3.647413996416041e-6	-4.513452339346675e-7	-2.7169365042024915e-8	-5.117831484199819e-10	-1.1795458202977478e-12	-2.708463986418019e-17	0.	0.	0.	0.	0.	0.	0.	0.	0.	0.	0.	0.	0.	0.	0.	0.	0.	0.	0.	0.	0.	0.	0.	0.	0.	0.	0.	0.	-188727.55596969117	-280864.56699931883	-355824.6773723537	-422541.05813828664	-484706.3585162143	-543527.8327218761	-600709.835003223	-656733.2450536507	-711608.9233888417	-765865.3735565194	-819638.3007708027	-873243.5795433489	-926991.6479568167	-980298.6678909509	-1.0340070889055952e6	-1.0874567158319585e6	-1.141058754687055e6	-1.19540338552913e6	-1.2492348640534356e6	-1.303517926812462e6	-1.3583055895239816e6	-1.41309339816358e6	-1.469229608974693e6	-1.5244573923574025e6	-1.5808966731304657e6	-1.6370113146983287e6	-1.6939537756152046e6	-1.7510247289818337e6	-1.8086528032346799e6	-1.8663556080287215e6	-1.9252683705834541e6	-1.9841838794894419e6	-2.0426632106674346e6	-2.103123914392107e6	-2.1624332041160404e6	-2.223907565002829e6	-2.2845983175786003e6	-2.3458178311088276e6	-2.4077826964651747e6	-2.470168923044069e6	-2.5329518189068497e6	-2.596438986117466e6	-2.6603692507290407e6	-2.724830558911822e6	-2.7889489950955724e6	-2.8540841266916385e6	-2.919863908169324e6	-2.985968532454235e6	-3.052810746479672e6	-3.1201755797625245e6	-3.1870048795598657e6	-3.2549136553694624e6	-3.324682534315074e6	-3.3924381039365293e6	-3.462484326565468e6	-3.532485735042886e6	-3.603179198132386e6	-3.67383088148182e6	-3.7453574536621836e6	-3.816907688799161e6	-3.8896425441851052e6	-3.9628342058809805e6	-4.0357364010349857e6	-4.1102468694589813e6	-4.18410128341663e6	-4.258807239134246e6	-4.333825393691839e6	-4.4100357899301965e6	-4.486189363942405e6	-4.562847780109749e6	-4.641432099621087e6	-4.71863494903291e6	-4.797114734664561e6	-4.875753715444979e6	-4.955684047536618e6	-5.034648753261429e6	-5.11529479690435e6	-5.195661223052452e6	-5.277758019054428e6	-5.359540219495579e6	-5.440994736460135e6	-5.523934968302399e6	-5.606891332510493e6	-5.69189566329738e6	-5.775629821716403e6	-5.860872925818877e6	-5.945815708327003e6	-6.031173677296631e6	-6.1180445652023e6	-6.204622416600068e6	-6.292848897273206e6	-6.379107096306613e6	-6.46764270849569e6	-6.557881559755618e6	-6.646027969157907e6	-6.73653708953059e6	-6.825930632816393e6	-6.916368903126384e6	-7.008190561889041e6	-7.099758670200863e6	-7.192089388598795e6	-7.284592842486079e6	-7.377588236772527e6	-7.473256168734739e6	-7.565188110370632e6	-7.66016435075963e6	-7.755629759615918e6	-7.850833619720692e6	-7.9481687710976545e6	-8.045633834725193e6	-8.142169444071012e6	-8.241231829606233e6	-8.337530286418068e6	-8.437988764997609e6	-8.537439854564363e6	-8.63603157879145e6	-8.736674367972422e6	-8.837458421128051e6
-2.8796942192563224e-6	-0.00003199759363309201	-0.00006273161153497631	-0.00009660240163030466	-0.00013522682193419444	-0.00018036296439932073	-0.00023395393021358264	-0.0002981693701533623	-0.0003754433156790455	-0.000468506200371331	-0.00058040821265145	-0.000714530237471925	-0.0008745776580809991	-0.001064551240128497	-0.0012886882780037278	-0.001551366252709868	-0.001856960583370776	-0.0022096478577513495	-0.0026131464708184487	-0.0030703882195342825	-0.003583117491248241	-0.004151419676412197	-0.0047731877677715875	-0.005443546143115058	-0.00615426345943079	-0.006893202283809076	-0.007643870904859493	-0.0083851613084839	-0.009091374152892424	-0.00973264308345944	-0.010275871855236318	-0.010686282165808275	-0.010929630747616353	-0.010975084366785473	-0.010798636466069197	-0.010386810083763945	-0.009740228371966322	-0.008876470051387954	-0.007831503053239257	-0.00665896339566591	-0.005426687067568956	-0.0042102731249363395	-0.0030840812110681072	-0.0021108885421225456	-0.0013322637319957886	-0.0007622246729700078	-0.0003865132205818478	-0.0001685148656530201	-0.000060561908710116315	-0.00001688860255947921	-3.3387042448605787e-6	-4.0583253505293925e-7	-2.3858850488795573e-8	-4.347797430264214e-10	-9.526695240124018e-13	-2.0003998049991062e-17	0.	0.	0.	0.	0.	0.	0.	0.	0.	0.	0.	0.	0.	0.	0.	0.	0.	0.	0.	0.	0.	0.	0.	0.	0.	0.	0.	-90665.1112385791	-221924.67642368076	-307433.76157434116	-379123.3548965091	-444417.52373915055	-505957.6633657073	-564373.3043330364	-621421.1835745836	-677386.6782496625	-732407.4871275092	-786882.6264118286	-840922.9685005666	-895190.2044656177	-948862.5219473288	-1.002531177260304e6	-1.0567143088579455e6	-1.1106228228489168e6	-1.1642956430920514e6	-1.218523825560217e6	-1.2734242016320804e6	-1.328269446354015e6	-1.3832851059155494e6	-1.4384261174720158e6	-1.4942415771721038e6	-1.550218530144641e6	-1.607416551815616e6	-1.6636572520806987e6	-1.7210817796372205e6	-1.7787648708785994e6	-1.8371198755799832e6	-1.895949667970746e6	-1.9542909565675037e6	-2.0134383082508252e6	-2.0728709323627888e6	-2.1336664694123236e6	-2.1937573432046054e6	-2.2559349423604854e6	-2.3162866421706555e6	-2.37911718448425e6	-2.441284176407318e6	-2.5043510105550853e6	-2.5666299758877927e6	-2.631479493099789e6	-2.6955461110358806e6	-2.760670062108526e6	-2.8255769255720577e6	-2.890566136271751e6	-2.958038960243997e6	-3.024444410719549e6	-3.0911504300960605e6	-3.1592555441772244e6	-3.2261069124078522e6	-3.295186751642384e6	-3.363659071410889e6	-3.4336941671553883e6	-3.5035084044118314e6	-3.574266088013469e6	-3.644668480312083e6	-3.7170683710024324e6	-3.78822013992287e6	-3.8607595257431287e6	-3.934023822016333e6	-4.007501568588811e6	-4.0806345726003894e6	-4.155557952241384e6	-4.229787698674256e6	-4.30507383892923e6	-4.381393197221358e6	-4.457495238067886e6	-4.5354197757324185e6	-4.612422666385307e6	-4.6893290716596125e6	-4.767603857011687e6	-4.847188854554193e6	-4.925925432414424e6	-5.006236863842357e6	-5.087299160521662e6	-5.16738113527999e6	-5.249606929655983e6	-5.330454066847229e6	-5.412621555334916e6	-5.496131219127955e6	-5.578449795393073e6	-5.662114792962547e6	-5.747302794950662e6	-5.832082759213864e6	-5.916715782093704e6	-6.002373103612012e6	-6.089453514424131e6	-6.176458552444466e6	-6.263740694538431e6	-6.3503295684914505e6	-6.439316077354745e6	-6.528565900502562e6	-6.617061325741118e6	-6.706899079929085e6	-6.796522095125804e6	-6.887764663609745e6	-6.979405374239168e6	-7.070492505630177e6	-7.162315061021283e6	-7.255210556359209e6	-7.349534951612346e6	-7.443562763301448e6	-7.538364916747118e6	-7.633320433298441e6	-7.727425666744241e6	-7.823952101883821e6	-7.921264737829094e6	-8.015795753520166e6	-8.114186553693347e6	-8.211282336883139e6	-8.310556495377089e6	-8.407528646930227e6	-8.508025979187975e6	-8.607506987906104e6	-8.709630147662817e6	-8.808389244279606e6
-2.4654299657087996e-6	-0.000027397192370917585	-0.000053726505104307054	-0.00008277039678546972	-0.00011593310506209883	-0.00015474742381821764	-0.00020091555363592906	-0.00025634882140242903	-0.00032320522341860677	-0.00040392321758492093	-0.0005012495388045538	-0.0006182580373049348	-0.000758355650878789	-0.0009252706421255676	-0.001123017204467012	-0.0013558295384073227	-0.001628057631966774	-0.0019440164028526542	-0.0023077797865184817	-0.0027229120572768387	-0.003192130485507528	-0.0037168967544299134	-0.004296939809919003	-0.004929720412100975	-0.005609857933040833	-0.006328553047559896	-0.007073055702057213	-0.007826245392550685	-0.008566408842975527	-0.00926731613531839	-0.009898706456511482	-0.010427293806690649	-0.010818384971568501	-0.011038159861468869	-0.011056591556121952	-0.010850876218531064	-0.010409103158885817	-0.009733733876392415	-0.008844300636106535	-0.007778621591121649	-0.006591818738092404	-0.005352584606208454	-0.004136532268614536	-0.003017098884036999	-0.0020552884395856957	-0.0012903394847618948	-0.0007338527045819396	-0.0003696006597619833	-0.00015987361595342161	-0.00005692359905732592	-0.000015697004277380956	-3.0605082100334905e-6	-3.655261081064608e-7	-2.099379002674215e-8	-3.7025801241245395e-10	-7.717524825598226e-13	-1.4833318864687174e-17	0.	0.	0.	0.	0.	0.	0.	0.	0.	0.	0.	0.	0.	0.	0.	0.	0.	0.	0.	0.	0.	0.	0.	0.	0.	0.	0.	-143766.40353248804	-251809.32895104893	-332212.82240639196	-401646.9370359684	-465960.76581947244	-526871.0896722006	-585240.7482678499	-642062.8279009991	-697913.1136463869	-753167.9560162626	-808184.3482792822	-862528.4855921734	-916223.3742639838	-970266.8042354279	-1.0245762657972347e6	-1.0791710583695052e6	-1.1330932345023667e6	-1.1876078775078151e6	-1.2428257476021084e6	-1.2974512238315456e6	-1.3531103093459022e6	-1.4086768262477347e6	-1.4639483515245668e6	-1.5205494334048796e6	-1.57730893133864e6	-1.6341519102440097e6	-1.691510186009258e6	-1.7486337251195281e6	-1.8077098974606788e6	-1.8658014651532155e6	-1.9251088556124892e6	-1.9844248049066137e6	-2.0433096222930185e6	-2.1041812497791597e6	-2.1643464686494553e6	-2.225799970036653e6	-2.2871120460787863e6	-2.349035000772574e6	-2.411612269404388e6	-2.474447037612554e6	-2.538186589146428e6	-2.6016242521493696e6	-2.666454787955177e6	-2.7302096883302196e6	-2.795780971472467e6	-2.8621503129136045e6	-2.927844373344229e6	-2.9944291021859515e6	-3.0623513288499974e6	-3.12914312176027e6	-3.1970165551667796e6	-3.265946699279848e6	-3.3341841329870136e6	-3.404699013639019e6	-3.4741602364545786e6	-3.5452822125298176e6	-3.615573334696554e6	-3.687551573808815e6	-3.758766999749097e6	-3.83169321943752e6	-3.9043659574808544e6	-3.9781483196596173e6	-4.0521430283307014e6	-4.1263894143747576e6	-4.200761995038754e6	-4.276150263615185e6	-4.352407018630699e6	-4.428324406871176e6	-4.505778524348676e6	-4.583073911356184e6	-4.661308822532921e6	-4.739705619860818e6	-4.817981740143415e6	-4.897659587169671e6	-4.977394938785692e6	-5.056880840734859e6	-5.138055685463985e6	-5.218946949491141e6	-5.301576446898906e6	-5.383887122548515e6	-5.466113048950178e6	-5.549819720421446e6	-5.633160022725934e6	-5.71802958874668e6	-5.802892425174486e6	-5.887554827690556e6	-5.97340588791955e6	-6.0601351741459835e6	-6.14668489970808e6	-6.234282218100251e6	-6.32159503698021e6	-6.410407613442795e6	-6.498903341200808e6	-6.587335927502945e6	-6.677823779614774e6	-6.769409388244031e6	-6.859761990858813e6	-6.950306423578184e6	-7.041345295967099e6	-7.135110359007117e6	-7.227983226113075e6	-7.320083349580033e6	-7.413606306933948e6	-7.507875578955876e6	-7.603245938201283e6	-7.698857680550861e6	-7.793766199008195e6	-7.890519865647929e6	-7.9884042817051625e6	-8.085367445609752e6	-8.181546595479821e6	-8.2796954147189865e6	-8.380065715993676e6	-8.477456115146387e6	-8.578903395885859e6	-8.678947705434997e6	-8.77925840527076e6
-2.10686321215871e-6	-0.000023414768267785642	-0.000045928220929135634	-0.00007078495137636788	-0.00009920116625543101	-0.00013250917397876434	-0.00017219507238086905	-0.00021993613416382315	-0.0002776371872669858	-0.00034746484726240674	-0.00043187790856572493	-0.0005336515349082915	-0.000655892107250782	-0.0008020386991851099	-0.0009758461811038557	-0.0011813439519144633	-0.001422763337094248	-0.0017044258886598869	-0.002030584337328554	-0.0024052079960044585	-0.002831705273482542	-0.0033125779651878616	-0.00384900553222849	-0.004440363076383104	-0.005083684563853599	-0.005773093349177039	-0.0064992353041493185	-0.0072487656109398585	-0.008003957728365957	-0.00874252059825809	-0.009437725215443084	-0.010058950407930877	-0.010572754932978271	-0.010944562538542162	-0.011141001700941346	-0.01113286628543066	-0.010898554146102265	-0.010427700269369549	-0.009724561710218883	-0.008810559184668767	-0.0077252771705148115	-0.006525228823187987	-0.005279869791653345	-0.004064750774562354	-0.002952343335970044	-0.0020018810582520816	-0.0012503252051072765	-0.0007069532240045098	-0.0003536812439479881	-0.00015180526890525337	-0.000053557996076663705	-0.000014606834522230303	-2.809410662214383e-6	-3.2976430989548283e-7	-1.8508866326931888e-8	-3.160551992201718e-10	-6.270278747032788e-13	-1.1041840081344316e-17	0.	0.	0.	0.	0.	0.	0.	0.	0.	0.	0.	0.	0.	0.	0.	0.	0.	0.	0.	0.	0.	0.	0.	0.	0.	0.	0.	-183116.31631562396	-278873.78496058646	-355539.6886450407	-423452.1655832977	-487050.6671951101	-547310.3559148178	-605445.7722032415	-662254.109388248	-718539.5293793808	-773723.5412043371	-829022.9867829793	-883219.6606490451	-937778.7031202873	-992410.9234775498	-1.0471265662050042e6	-1.1014035352481676e6	-1.1563542016837301e6	-1.211094375145687e6	-1.266241406725502e6	-1.321792594322221e6	-1.3772566334890965e6	-1.4336657080330476e6	-1.4896601003253893e6	-1.5459482161320474e6	-1.6034650119039943e6	-1.6604015372626039e6	-1.718171602024076e6	-1.7770436518526755e6	-1.8349225411575865e6	-1.8941118827978948e6	-1.9537308624154485e6	-2.0132772172740924e6	-2.0744017082970073e6	-2.134319003453076e6	-2.196094286782266e6	-2.2574202212839588e6	-2.3197523254104406e6	-2.3814512434130884e6	-2.4440480336228185e6	-2.507548606072769e6	-2.5719588707955657e6	-2.635553709328246e6	-2.7003860016681547e6	-2.7656329058301933e6	-2.8316786766002215e6	-2.8980218609379404e6	-2.9643542821971783e6	-3.0312144800629523e6	-3.099781809210456e6	-3.166942609440164e6	-3.2362371177844373e6	-3.305281052055892e6	-3.374790131118435e6	-3.4443299883069345e6	-3.515578840246944e6	-3.5864605602249983e6	-3.65745351834662e6	-3.729321083933008e6	-3.802075132036349e6	-3.874842847659082e6	-3.9482003657424524e6	-4.0222464668534053e6	-4.097088631317158e6	-4.1715567299389676e6	-4.246881738689653e6	-4.3234304657272035e6	-4.398802191560349e6	-4.475987033976647e6	-4.553766992362389e6	-4.631096128185383e6	-4.709706032857846e6	-4.787425924819171e6	-4.867925313863253e6	-4.94697167641738e6	-5.028245930092151e6	-5.109343779195504e6	-5.190164393986726e6	-5.27271554845466e6	-5.3535417925960515e6	-5.436867432945474e6	-5.520266710450576e6	-5.60368367729106e6	-5.6876229539433485e6	-5.773346265293788e6	-5.85789715340143e6	-5.944461138838513e6	-6.030285296470646e6	-6.117623264060807e6	-6.204669275037383e6	-6.293364942723857e6	-6.380093018451772e6	-6.469099595795123e6	-6.559810679688022e6	-6.648429432023013e6	-6.739412364703568e6	-6.829279820530903e6	-6.920192968891505e6	-7.012490759209505e6	-7.1045352873360505e6	-7.197343301668716e6	-7.29032448793714e6	-7.383798245499384e6	-7.480114692162713e6	-7.573319714714041e6	-7.669967938138129e6	-7.765773788923348e6	-7.861673144576815e6	-7.957263762874926e6	-8.055212420429549e6	-8.153647491089424e6	-8.251778296492182e6	-8.3485585089496e6	-8.449504057232497e6	-8.549440709321296e6	-8.648516504038215e6	-8.749646020545416e6
-1.7972078170081502e-6	-0.000019975138761129578	-0.000039190520619882534	-0.00006042376830466387	-0.00008472545639543578	-0.00011325028940464264	-0.000147291534042438	-0.00018831575442964792	-0.00023799741688952626	-0.0002982525699208736	-0.00037127034704411457	-0.00045954047642441525	-0.0005658743059770308	-0.0006934160670926501	-0.0008456402159253643	-0.0010263297360664572	-0.0012395293105239053	-0.0014894663544302948	-0.0017804321614926216	-0.0021166150226501253	-0.0025018773451446086	-0.0029394698138938908	-0.0034316778323439517	-0.0039793992413915645	-0.004581658047682569	-0.0052350669744947766	-0.005933262353242532	-0.006666348257917787	-0.007420402533478542	-0.008177114600114024	-0.00891364195231156	-0.009602786413512508	-0.010213598544473105	-0.010712513970617834	-0.011065102585825968	-0.011238464018691736	-0.01120422473708194	-0.010941981082832206	-0.01044289181648148	-0.00971296671548996	-0.008775451413083543	-0.007671616160890883	-0.006459275514116735	-0.00520856117155015	-0.003994891881821656	-0.0028897366102777775	-0.0019505654176972002	-0.0012121159215662748	-0.0006814334564874903	-0.00033868457527494054	-0.0001442645174877359	-0.00005044108926293872	-0.00001360812671001642	-2.582420534078315e-6	-2.9797754688908e-7	-1.6349094379701193e-8	-2.7040664068434257e-10	-5.10898836979649e-13	-8.250541265387691e-18	0.	0.	0.	0.	0.	0.	0.	0.	0.	0.	0.	0.	0.	0.	0.	0.	0.	0.	0.	0.	0.	0.	0.	0.	0.	0.	-69700.47831035177	-215706.08367414298	-304036.35745656217	-378327.4084511568	-444807.2089968798	-507681.09166105464	-567348.7744193218	-625575.2415150615	-682991.9732975134	-738654.2852211033	-794555.7153732296	-849376.7211418247	-904615.5889429839	-959454.7535483388	-1.0136723747311892e6	-1.068846839006173e6	-1.1236806805905013e6	-1.1792488751428775e6	-1.2345351083792984e6	-1.2896584438852414e6	-1.3453353132137314e6	-1.4015845923388524e6	-1.4580612565560911e6	-1.5146014977395309e6	-1.5726297858801046e6	-1.6299250654541722e6	-1.687292613134969e6	-1.7461410218032764e6	-1.8043531990004804e6	-1.863193344637695e6	-1.9224564872603125e6	-1.9822883136576766e6	-2.042744012120635e6	-2.104018582796542e6	-2.165303057124094e6	-2.2264581978744427e6	-2.2886173781928485e6	-2.3511733528067656e6	-2.4139831357957153e6	-2.477883406775323e6	-2.540970055544154e6	-2.605358883451687e6	-2.670337543559148e6	-2.7358287384843407e6	-2.8020802105053784e6	-2.867141880455833e6	-2.9348976695944197e6	-3.0013977692032834e6	-3.0686993367844056e6	-3.1370177784836e6	-3.2063520686111967e6	-3.2754400140818246e6	-3.344408145386545e6	-3.414350153186838e6	-3.484962929556498e6	-3.5559809201188334e6	-3.626713047358947e6	-3.6996820910407174e6	-3.7722703888900215e6	-3.8444300752883907e6	-3.918704934529906e6	-3.992014202692504e6	-4.066645139767496e6	-4.141022617074747e6	-4.216133316930308e6	-4.293325602455206e6	-4.369010887099179e6	-4.445204209688196e6	-4.52308943539105e6	-4.601267217896725e6	-4.6797663950317595e6	-4.758484305086678e6	-4.837279631465222e6	-4.917696944066772e6	-4.99736664488245e6	-5.077970744395961e6	-5.159887866799277e6	-5.241097113758355e6	-5.323616800650557e6	-5.4071052392823165e6	-5.489612179410296e6	-5.573849301957807e6	-5.657974087868202e6	-5.743622421071083e6	-5.828864558246156e6	-5.913836996089535e6	-6.000082925415965e6	-6.087628518307216e6	-6.1740592885013595e6	-6.262849713457968e6	-6.349907180188185e6	-6.439363060777839e6	-6.529083252813155e6	-6.618049810515722e6	-6.70835963065412e6	-6.798455349007742e6	-6.891571098471248e6	-6.982287062748107e6	-7.073849117165504e6	-7.166147375565765e6	-7.262474894165926e6	-7.354321993956747e6	-7.448828056836473e6	-7.544109352903762e6	-7.639544421240876e6	-7.735046934326475e6	-7.831136365942988e6	-7.928931196866794e6	-8.023941739051026e6	-8.122815975634054e6	-8.220393842423742e6	-8.320152481216553e6	-8.418681886672445e6	-8.518589489011282e6	-8.620054701272344e6	-8.721165823936569e6
-1.530378459057209e-6	-0.000017010862066738023	-0.00003338209949136178	-0.000051486942290005655	-0.00007223060108255377	-0.00009661110358187775	-0.00012575048788951042	-0.0001609267249596852	-0.00020360614477774218	-0.00025547584871225647	-0.0003184752149543815	-0.00039482513428660496	-0.00048705304067706375	-0.00059801112046793	-0.0007308842975170232	-0.0008891837132312501	-0.001076720480330935	-0.0012975535408630934	-0.001555904586555777	-0.0018560323261042264	-0.0022020580795964893	-0.0025977349693628287	-0.00304615414127986	-0.0035493838285712144	-0.0041080410416440925	-0.004720801626999584	-0.00538386274420229	-0.006090382705159608	-0.006829936616380492	-0.007588041987436236	-0.008345825460556238	-0.009079918315482069	-0.009762681622428855	-0.010362867874316138	-0.01084681943476825	-0.01118027904140046	-0.011330837503035915	-0.011270963321701421	-0.01098144622276536	-0.010454945779167973	-0.009699181797989315	-0.008739162932215806	-0.007617767935451083	-0.006394027827564087	-0.005138669230047589	-0.0039269156374265	-0.0028292019124821623	-0.0019012449830474974	-0.0011756129522794898	-0.0006572072497703672	-0.0003245459678823322	-0.00013721015103460585	-0.00004755126833434181	-0.000012692014959372877	-2.3769133122508455e-6	-2.6967441092265696e-7	-1.4468072232132657e-8	-2.318683327322912e-10	-4.174359183636037e-13	-6.1875516153602e-18	0.	0.	0.	0.	0.	0.	0.	0.	0.	0.	0.	0.	0.	0.	0.	0.	0.	0.	0.	0.	0.	0.	0.	0.	0.	0.	-129365.32717085189	-244890.2367901654	-328070.19863650366	-400054.74220599275	-465897.1911224557	-527974.3379365631	-587624.9453926943	-645942.4029096573	-702791.4598948444	-758727.3493691941	-814728.5836409606	-870414.4569985518	-925443.6494119498	-980395.1031866363	-1.0356711485308537e6	-1.0912138855326816e6	-1.1460687329298463e6	-1.2015663961374091e6	-1.2576388079469462e6	-1.3133145153175616e6	-1.370106062838255e6	-1.4260941858994577e6	-1.4833577895647506e6	-1.5406808558682608e6	-1.5977346109951115e6	-1.6559380707012266e6	-1.7138644184122959e6	-1.7728846860818733e6	-1.831872259446881e6	-1.8915699903544465e6	-1.9514167621449134e6	-2.0119079439717594e6	-2.072141491451336e6	-2.133748036167418e6	-2.195930151296959e6	-2.257667767771189e6	-2.320416047378213e6	-2.38253491362994e6	-2.447125114699813e6	-2.5107827454810576e6	-2.57432602585095e6	-2.640087601189338e6	-2.705006192962242e6	-2.7708490900171734e6	-2.836551333067375e6	-2.903830329768908e6	-2.971216881296487e6	-3.0385631963774636e6	-3.107017065312881e6	-3.1750443976934482e6	-3.2430728439964056e6	-3.313963145612431e6	-3.3843688559477483e6	-3.4545477384027625e6	-3.525017253694106e6	-3.5964484258153657e6	-3.6684339173290315e6	-3.74081589695349e6	-3.814088043323913e6	-3.8875109259924623e6	-3.9609549575703396e6	-4.0356012609456005e6	-4.111014329291814e6	-4.185774705685346e6	-4.2620228817236675e6	-4.338680134897415e6	-4.414447187168799e6	-4.492320864971875e6	-4.570566376400006e6	-4.648610180169123e6	-4.7280196734869005e6	-4.806702804364239e6	-4.886441888641918e6	-4.9665870796140805e6	-5.0481719370933445e6	-5.129795298913395e6	-5.211137894420486e6	-5.294218420822724e6	-5.376982805936981e6	-5.459664538459321e6	-5.543827200463894e6	-5.627625738696263e6	-5.712254331712544e6	-5.798276893041235e6	-5.883401236740456e6	-5.969714852895275e6	-6.056907619116034e6	-6.143922282917211e6	-6.231985343854822e6	-6.318979562364255e6	-6.40904549640664e6	-6.498010092655148e6	-6.586912462151961e6	-6.6778708801574875e6	-6.769928066114829e6	-6.860753012721241e6	-6.951770480525622e6	-7.045094542925929e6	-7.137523297794523e6	-7.23087169071317e6	-7.323447487716453e6	-7.417447159037066e6	-7.512193939123579e6	-7.608042846963765e6	-7.704380416516227e6	-7.799521037223066e6	-7.896755133114139e6	-7.995121146967725e6	-8.092565325663739e6	-8.1915327908418765e6	-8.289375749909644e6	-8.388710569036415e6	-8.489671283386076e6	-8.589067554262618e6	-8.689043729960434e6
-1.300941219755938e-6	-0.00001446169672054018	-0.000028385572092456707	-0.00004379550992309732	-0.00006146958682183047	-0.00008226815361904672	-0.00010716188539374789	-0.00013726084563678783	-0.00017384449599705282	-0.0002183923501118157	-0.0002726146664165577	-0.00033848218932712784	-0.0004182534700480745	-0.0005144977189292471	-0.0006301104567660871	-0.0007683184464818944	-0.0009326695149844993	-0.0011270019506920215	-0.0013553872420574422	-0.0016220390943731716	-0.0019311810534499724	-0.0022868648498439756	-0.002692731984123551	-0.003151712386620505	-0.0036656565413155278	-0.00423490163842725	-0.004857778497348006	-0.00553007451949482	-0.006244479001363967	-0.0069900507291171055	-0.007751763453419163	-0.008510201577234576	-0.009241494335903204	-0.00991758903813916	-0.010506968524484699	-0.010975909674472893	-0.011290352469840073	-0.011418396591394896	-0.011333359864315124	-0.01101721863570118	-0.010464109484836118	-0.009683419848863188	-0.00870186119279076	-0.007563846699990969	-0.006329543510768974	-0.005070197600219777	-0.0038607796737398867	-0.002770663939637456	-0.0018538275975266806	-0.0011407235482385055	-0.0006341945696183265	-0.0003112059372271574	-0.00013060464381335838	-0.00004486905700907248	-0.000011850599980403643	-2.1905818899227726e-6	-2.444300559607317e-7	-1.2826546634651543e-8	-1.9925534148431674e-10	-3.419955348481751e-13	-4.657027894728282e-18	0.	0.	0.	0.	0.	0.	0.	0.	0.	0.	0.	0.	0.	0.	0.	0.	0.	0.	0.	0.	0.	0.	0.	0.	0.	0.	-169860.3634906631	-271777.0468121271	-351224.8255309904	-421247.8809800011	-485827.82731297094	-547902.3320137408	-607345.1418209731	-665465.3585360387	-722611.1769001514	-779069.1224655306	-835154.2116403856	-890542.9851836241	-946113.156673373	-1.0019795703105414e6	-1.0571453088317446e6	-1.1129604751908262e6	-1.1685235404300138e6	-1.224038348295028e6	-1.2809714472994148e6	-1.3368508155098208e6	-1.3940167424562785e6	-1.4507854141749346e6	-1.508044523788122e6	-1.5656315522671812e6	-1.623461206242213e6	-1.6824761036104965e6	-1.741277491842932e6	-1.7999661181389494e6	-1.8591492881056196e6	-1.9199059677768147e6	-1.9801212670019118e6	-2.0409663801500876e6	-2.102204868109618e6	-2.163169253289493e6	-2.225882248516378e6	-2.2884519142285357e6	-2.3514228491930217e6	-2.4152658369649565e6	-2.478975280220222e6	-2.5435975708315726e6	-2.60800606359391e6	-2.6732081233338555e6	-2.7386479447127706e6	-2.805339736816147e6	-2.872702194133134e6	-2.939044954039429e6	-3.007069992290532e6	-3.0754214185368917e6	-3.144522191858807e6	-3.212409117174891e6	-3.2818490126581066e6	-3.351162786961343e6	-3.423002344154959e6	-3.4938354297811887e6	-3.565398217724996e6	-3.6376384479625844e6	-3.7100700999610643e6	-3.7831672160093817e6	-3.8560253146195714e6	-3.930744685115414e6	-4.0051157507686815e6	-4.079146294992912e6	-4.1548578825751636e6	-4.230104628056753e6	-4.307878047559443e6	-4.383529241451888e6	-4.461643603520907e6	-4.539388328209492e6	-4.617311366206495e6	-4.6966650312175155e6	-4.776107884353449e6	-4.855619101738044e6	-4.936440633869917e6	-5.0168615144810965e6	-5.097767132847441e6	-5.179619394774115e6	-5.261953933812142e6	-5.345252358504357e6	-5.429030193687078e6	-5.512215019095089e6	-5.596757001527206e6	-5.681153773166859e6	-5.76733445348722e6	-5.852345708343243e6	-5.93837687514942e6	-6.025656364798371e6	-6.113457063883788e6	-6.200967458489482e6	-6.288684171107064e6	-6.377323046710604e6	-6.466796773934726e6	-6.557975663166955e6	-6.647063894315406e6	-6.738516787190676e6	-6.828855275609345e6	-6.920240179579965e6	-7.013010563281206e6	-7.105528445354253e6	-7.198810610724269e6	-7.292266615734593e6	-7.388285133809017e6	-7.483009417110438e6	-7.578244074536499e6	-7.673817439370287e6	-7.770271239684134e6	-7.867482694245543e6	-7.962549334012447e6	-8.0609786337142e6	-8.159894982841896e6	-8.25850703780848e6	-8.35933717333833e6	-8.457196845820857e6	-8.557616590450425e6	-8.659616928618196e6
-1.1040631328990745e-6	-0.000012274048213300273	-0.000024096424915511225	-0.00003718993058467677	-0.000052221815014349995	-0.00006993188964327072	-0.00009115758533631666	-0.00011686019949082934	-0.00014815237914650927	-0.0001863267037974873	-0.000232884989746425	-0.0002895676260386633	-0.0003583818588839175	-0.0004416274564922126	-0.0005419176014884518	-0.0006621921706033021	-0.0008057197765187782	-0.0009760840824588482	-0.001177148992120894	-0.0014129964259217288	-0.0016878296110434312	-0.002005834268719013	-0.0023709899559937906	-0.002786824342152782	-0.0032561046583509203	-0.00378046328896354	-0.004359958845072967	-0.004992580446308163	-0.0056737116556452374	-0.006395581743767132	-0.007146745628800674	-0.007911649451850956	-0.008670355208175419	-0.00939851323499476	-0.010067682712498666	-0.010646103562294458	-0.011100013003745364	-0.011395570539495227	-0.011501400280742171	-0.011391674741660253	-0.011049548688306616	-0.010470611243592408	-0.009665875495846764	-0.008663697238085266	-0.007509953122565652	-0.006265870429115767	-0.005003144112982255	-0.00379643986142908	-0.0027140491323309774	-0.0018082253851014023	-0.0011073605470613148	-0.0006123210330008094	-0.0002986097379515226	-0.00012441378847605238	-0.000042376878982963755	-0.000011076832741369383	-2.0213945486236195e-6	-2.2187642990704514e-7	-1.1391233639315252e-8	-1.7159266288861531e-10	-2.809292057713212e-13	-3.517351963180587e-18	0.	0.	0.	0.	0.	0.	0.	0.	0.	0.	0.	0.	0.	0.	0.	0.	0.	0.	0.	0.	0.	0.	0.	0.	0.	0.	-203333.56027087898	-296507.74818696675	-373095.16132198554	-441758.1050797558	-506047.3601084834	-567276.3347075182	-627040.3802631837	-684957.0993572416	-742185.0355203052	-798945.9738105497	-855361.1869397239	-911176.523300312	-966591.4279488189	-1.02278982802402e6	-1.078234243930518e6	-1.1344890952262166e6	-1.1907533665505361e6	-1.24723901795097e6	-1.3034821572099074e6	-1.3604366778936533e6	-1.4176240406799538e6	-1.4747164316470693e6	-1.5324901288257628e6	-1.5905655041716974e6	-1.648875599890689e6	-1.7082611741371937e6	-1.767603143625853e6	-1.8272524458696025e6	-1.8869089263657136e6	-1.9474954673649368e6	-2.0079895715072162e6	-2.0699531687166844e6	-2.1315150479339333e6	-2.1932652216595756e6	-2.2566775818222417e6	-2.3198352906564134e6	-2.3823681951350435e6	-2.4473765357015803e6	-2.51176061072283e6	-2.575425062126575e6	-2.6416164357524533e6	-2.7069674836068247e6	-2.7732462751906686e6	-2.8406028803208317e6	-2.907108030969164e6	-2.974939176780445e6	-3.042731972974323e6	-3.111635606006229e6	-3.1808870023954166e6	-3.250660532051715e6	-3.319942404675846e6	-3.390806616638355e6	-3.4621747895074915e6	-3.5336526804310367e6	-3.6055349707108364e6	-3.6779892373092463e6	-3.7514855165534047e6	-3.824172354438689e6	-3.8988462496268386e6	-3.972842757291684e6	-4.047453880215283e6	-4.1235443157447404e6	-4.198816528880254e6	-4.275107676746989e6	-4.352270764718894e6	-4.429097825396448e6	-4.507465022322975e6	-4.585676424324655e6	-4.664830620856243e6	-4.744149377458667e6	-4.823349527150246e6	-4.903955011919192e6	-4.9846200219317805e6	-5.066953730031573e6	-5.148487640904953e6	-5.23097381712319e6	-5.313942384166103e6	-5.395795910260487e6	-5.480841056415039e6	-5.565531238069567e6	-5.650111400666387e6	-5.734673007556475e6	-5.820600298043619e6	-5.907347512191594e6	-5.9940536807773e6	-6.082059940411947e6	-6.168953975615377e6	-6.258207233091304e6	-6.345730229189201e6	-6.435651370353372e6	-6.525838042864874e6	-6.615272639006115e6	-6.706051018217773e6	-6.796616400193214e6	-6.88880300777431e6	-6.981389487638767e6	-7.073423631196239e6	-7.166194688091007e6	-7.262661009065321e6	-7.355317319592707e6	-7.45029854422012e6	-7.5460558147419505e6	-7.641967500516158e6	-7.7383700977366995e6	-7.834514397387998e6	-7.932788235264608e6	-8.030108575276139e6	-8.128153273790745e6	-8.225689010565087e6	-8.325929169209408e6	-8.427333536083022e6	-8.525329103875855e6	-8.627277780629821e6
-9.354618948162848e-7	-0.000010400416165457583	-0.000020421963744935662	-0.0000315285431968233	-0.00004429109171699106	-0.000059344247722869405	-0.00007740860369176192	-0.00009931423971008878	-0.00012602566608391138	-0.0001586681620102374	-0.00019855530763208975	-0.00024721725838031366	-0.0003064289920869194	-0.00037823735964611423	-0.0004649852788880704	-0.0005693308216556906	-0.0006942582540962006	-0.0008430773069005625	-0.0010194060956959356	-0.0012271322204931263	-0.0014703457103266196	-0.0017532367404324983	-0.0020799505697028176	-0.0024543921079072002	-0.002879973159668136	-0.003359296993152968	-0.0038937777808945957	-0.004483197022795906	-0.005125205647397496	-0.005814789395357489	-0.006543726468918178	-0.007300080163105708	-0.008067784729880342	-0.008826398896017013	-0.009551116260022979	-0.01021313221255438	-0.010780468903923403	-0.011219347892720373	-0.011496168516190227	-0.011580092926339457	-0.011446151967277593	-0.011078669373183771	-0.01047466185467481	-0.009646726698528132	-0.008624807283402262	-0.0074561757861097335	-0.006203047787464383	-0.004937501704467167	-0.0037338508567128486	-0.0026592858629219504	-0.0017643546310830227	-0.0010754420395485578	-0.0005915174767503308	-0.0002867069456127819	-0.0001186063691768333	-0.00004005885192030749	-0.000010364413377443029	-1.8675589603192454e-6	-2.0169404587932045e-7	-1.0133846210520944e-8	-1.4807589293708712e-10	-2.3136116539459683e-13	-2.665631002847105e-18	0.	0.	0.	0.	0.	0.	0.	0.	0.	0.	0.	0.	0.	0.	0.	0.	0.	0.	0.	0.	0.	0.	0.	0.	0.	-101720.19924766914	-232521.24896128106	-320215.09970106866	-394529.7656772365	-461967.11937763897	-525539.2560477628	-586739.1366167583	-646125.2189335647	-704510.7179725752	-761717.0946088512	-818302.8112102462	-875011.3394021196	-931123.8189466295	-987704.5550169647	-1.043672665644198e6	-1.0999861610174861e6	-1.1564571379997362e6	-1.212884970005224e6	-1.2696135976807466e6	-1.3261626817739327e6	-1.3836132523286673e6	-1.4412831356976281e6	-1.4995552753850815e6	-1.5573410262557892e6	-1.616175204791936e6	-1.675105831298342e6	-1.7340085832560798e6	-1.794131702228506e6	-1.8537762734857888e6	-1.915018300451601e6	-1.975426454848601e6	-2.036980999673144e6	-2.098645372820871e6	-2.160961105769006e6	-2.2240721219623024e6	-2.28641792176294e6	-2.3504248636479736e6	-2.41459819409931e6	-2.478807299690242e6	-2.543850723631087e6	-2.6086839953388185e6	-2.674578003049473e6	-2.7413660518975053e6	-2.80731260800406e6	-2.8751134773597936e6	-2.941896212095066e6	-3.010365028370056e6	-3.0791626979480083e6	-3.148712556470077e6	-3.2187936681204904e6	-3.2883188468184327e6	-3.35894640268812e6	-3.429430237804028e6	-3.5014270174926687e6	-3.573511265273978e6	-3.645824703053415e6	-3.7189871212969627e6	-3.7925856274200594e6	-3.866018729224864e6	-3.9404095779529046e6	-4.0156228478707885e6	-4.090580599342495e6	-4.167274836110931e6	-4.243574800415695e6	-4.319494463247173e6	-4.397003877586907e6	-4.475394894258791e6	-4.554086417057031e6	-4.632330123553275e6	-4.711857731968687e6	-4.7924368627350535e6	-4.871920797194992e6	-4.953751864636738e6	-5.034095991548984e6	-5.1161251714683585e6	-5.197878431415052e6	-5.281366392511061e6	-5.364542985419091e6	-5.448048645532245e6	-5.532644300025479e6	-5.618370927587537e6	-5.702509828556565e6	-5.787653445329012e6	-5.875514080891218e6	-5.9622860608842475e6	-6.049937971297619e6	-6.13741374505388e6	-6.225938470841269e6	-6.313396888853053e6	-6.402839201314128e6	-6.493355797601413e6	-6.582724860347763e6	-6.674149937283153e6	-6.764252856770925e6	-6.857968713202986e6	-6.9494563259958e6	-7.041439822047398e6	-7.1361512345624715e6	-7.22997200501806e6	-7.323021047670992e6	-7.417494576964264e6	-7.5127159387042895e6	-7.609040224033187e6	-7.705853937802781e6	-7.801471023725613e6	-7.899182603654404e6	-7.998027024847252e6	-8.095949759331484e6	-8.195396832458687e6	-8.295613492552215e6	-8.393534492557459e6	-8.494976937641354e6	-8.594854205634095e6
-7.913566682463749e-7	-8.798852610647753e-6	-0.000017280277330566732	-0.000026686034571474005	-0.00003750360769673969	-0.000050276166342858586	-0.00006562222301686126	-0.00008425659916370747	-0.00010701288409849942	-0.0001348674630721371	-0.00016896504453622077	-0.00021064542189709856	-0.0002614709510739816	-0.0003232539007548927	-0.00039808242633351565	-0.0004883434215260387	-0.0005967399073044371	-0.0007262999255402769	-0.0008803731233123287	-0.0010626103654086988	-0.00127692083829813	-0.0015274002752345057	-0.0018182232381834143	-0.0021534919768763103	-0.0025370344342409137	-0.0029721447179110703	-0.003461261098409403	-0.004005579659314302	-0.00460460647207407	-0.0052556579462019835	-0.005953328092442495	-0.006688952951431506	-0.00745011622061422	-0.008220255553382929	-0.008978444870229318	-0.009699442239998649	-0.010354102370974064	-0.010910253294941401	-0.011334123205289343	-0.011592369772753738	-0.011654705022069604	-0.01149702022249819	-0.011104797549264862	-0.010476455993731475	-0.00962613620111529	-0.008585314139624784	-0.0074025924836962345	-0.006141107205502518	-0.0048732592008137055	-0.0036729665587173924	-0.00260630457139332	-0.0017221356469785969	-0.0010448910504987242	-0.0005717195594736127	-0.0002754510780069325	-0.00011315386977886108	-0.000037900605848379684	-9.707703191381555e-6	-1.7274912845632254e-6	-1.836050342547592e-7	-9.030290400890174e-9	-1.2803965482258149e-10	-1.910176670748408e-13	-2.026873059528023e-18	0.	0.	0.	0.	0.	0.	0.	0.	0.	0.	0.	0.	0.	0.	0.	0.	0.	0.	0.	0.	0.	0.	0.	0.	0.	-147895.14297623374	-259532.98597536812	-342837.64178074047	-415074.1868550216	-481704.5550121376	-544643.4997246471	-605747.1736454745	-665385.6749538728	-723562.3652422806	-781276.0320228884	-838243.7685844839	-895190.2044656177	-951379.7060367112	-1.0080459092735568e6	-1.0643012999707297e6	-1.1213005067189154e6	-1.177744758504297e6	-1.2349917184351669e6	-1.2923173239090513e6	-1.3498252834544263e6	-1.4072551027575182e6	-1.4657143280679793e6	-1.5238942532279938e6	-1.5822244544808122e6	-1.641817373342014e6	-1.700277515266122e6	-1.7604673231357064e6	-1.8204187718677165e6	-1.8811102979633713e6	-1.942443523122074e6	-2.0030241020399726e6	-2.065178577134294e6	-2.1279051890809843e6	-2.190640573419099e6	-2.2529810864362256e6	-2.316452461165087e6	-2.3809510879283655e6	-2.444801812863337e6	-2.510866936280894e6	-2.5752559796226365e6	-2.6418712415129626e6	-2.707649671657078e6	-2.774359254021148e6	-2.8421501652276674e6	-2.9098575307361227e6	-2.9773629970953604e6	-3.0455980068843854e6	-3.114947012540742e6	-3.185212414922472e6	-3.2548698087373227e6	-3.326398100742092e6	-3.3973386236033905e6	-3.4685322984507307e6	-3.5404416832546517e6	-3.613039056295791e6	-3.6855277372933556e6	-3.758901014777231e6	-3.8331709422127265e6	-3.9083496870623785e6	-3.9831833924031574e6	-4.0582737286231886e6	-4.1345627202401026e6	-4.210566362817766e6	-4.287140011279535e6	-4.364583467578903e6	-4.442336983847888e6	-4.521128783759317e6	-4.600216638361364e6	-4.679629131730877e6	-4.759263362286326e6	-4.83897769447879e6	-4.920317188959647e6	-5.001706830740761e6	-5.084440066758565e6	-5.165903620186712e6	-5.249514442733462e6	-5.33207061259931e6	-5.415310179965544e6	-5.500216213808311e6	-5.584346289437235e6	-5.670961322878371e6	-5.755595282932303e6	-5.841784002710485e6	-5.9291840776572535e6	-6.017286882279626e6	-6.103398356547886e6	-6.191823918487369e6	-6.280528653843556e6	-6.370797181083021e6	-6.460734242914427e6	-6.549636249151617e6	-6.641931356035049e6	-6.731983865033749e6	-6.824656998051713e6	-6.9165105351917595e6	-7.00974997410416e6	-7.102738144255492e6	-7.196491315765489e6	-7.29041922587848e6	-7.386910013920176e6	-7.482107781470986e6	-7.577816660489908e6	-7.673864964076857e6	-7.770794406794599e6	-7.868482240938638e6	-7.964025484510307e6	-8.0629324745792365e6	-8.162327212455439e6	-8.261418053555229e6	-8.362728248288897e6	-8.461067130762802e6	-8.56196749795186e6
-6.684206907621756e-7	-7.43243944536372e-6	-0.000014599234027580406	-0.000022551947064007968	-0.000031705951500200166	-0.000042525109894074896	-0.00005553905344726545	-0.0000713617536975796	-0.00009071160452159784	-0.00011443315274416562	-0.000143520505179299	-0.0001791422898930848	-0.00022266785017857371	-0.00027569409049177325	-0.00034007206330226075	-0.0004179319737628118	-0.0005117047763142434	-0.0006241379384121025	-0.0007583022522544673	-0.000917585796068417	-0.0011056703065385435	-0.0013264843671105882	-0.001584127012741317	-0.001882754702622418	-0.0022264242610215666	-0.0026188845217467146	-0.003063310273579905	-0.0035619739821585237	-0.004115853989670391	-0.004724182819940885	-0.005383946178741359	-0.006089352494970092	-0.006831304486333872	-0.00759691804807269	-0.008369149096170559	-0.009126604546040362	-0.009843627231551487	-0.010490753113657388	-0.011035638349490028	-0.011444538471721537	-0.011684386305715118	-0.011725453957379587	-0.011544493832630986	-0.011128135097440612	-0.01047617348938748	-0.00960425285519869	-0.008545328496483536	-0.007349271373912477	-0.00608007366487313	-0.004810401996740347	-0.0036137404904101737	-0.0025550378582889634	-0.0016814926246140763	-0.0010156352346674777	-0.0005528673944861461	-0.00026479925221268755	-0.0001080302131247232	-0.00003588912284071317	-9.101647919567178e-6	-1.5997895868528254e-6	-1.6736726286913036e-7	-8.059999165865244e-9	-1.1093217864249928e-10	-1.5809551282779545e-13	-1.5461880766846293e-18	0.	0.	0.	0.	0.	0.	0.	0.	0.	0.	0.	0.	0.	0.	0.	0.	0.	0.	0.	0.	0.	0.	0.	0.	0.	-183689.32341604074	-284207.2491294095	-364063.4228350925	-435012.7015790933	-501092.2714000607	-564123.2300364051	-624734.8341447139	-684105.5586742029	-742544.7098634474	-800470.5819061063	-857544.2301387981	-914648.4871116127	-971752.5445044939	-1.0284555933947118e6	-1.0856047184720845e6	-1.1428453623754138e6	-1.1993175310857333e6	-1.2573913738586432e6	-1.314555232455019e6	-1.3720885913127703e6	-1.4306299661542533e6	-1.489249900889785e6	-1.5481443847223e6	-1.6072260231338849e6	-1.6664158496717818e6	-1.7261494269568713e6	-1.7867460815091827e6	-1.8471775621755985e6	-1.9082505318600032e6	-1.9694847823103156e6	-2.0312837357563968e6	-2.0936013889314723e6	-2.1560554999993886e6	-2.2197460027123857e6	-2.283341999126945e6	-2.347301575968729e6	-2.4117793883315516e6	-2.477379465185349e6	-2.5421976125736614e6	-2.608090805062025e6	-2.6744077942896914e6	-2.741622453772545e6	-2.8079988240693887e6	-2.8762330017149625e6	-2.945182540464848e6	-3.0136378224308216e6	-3.081598879889929e6	-3.1515934321400714e6	-3.222121851149623e6	-3.292095592759057e6	-3.363174591448756e6	-3.434975115093678e6	-3.5074482957001394e6	-3.580043225550527e6	-3.6523325711443215e6	-3.7263307381453346e6	-3.800419781262311e6	-3.8745289828839735e6	-3.9492338664848353e6	-4.0246331274479306e6	-4.100834301050127e6	-4.177230913744115e6	-4.254223927952598e6	-4.331283402573941e6	-4.4093081367774205e6	-4.488390660023892e6	-4.5672341636274215e6	-4.646187006480977e6	-4.725772111239138e6	-4.8055532487331e6	-4.886763446486935e6	-4.967829197192479e6	-5.050337643289953e6	-5.13288717544355e6	-5.215157940521988e6	-5.2991700484337695e6	-5.382867693250182e6	-5.46648418624461e6	-5.551584958858524e6	-5.63632247074283e6	-5.722593132027939e6	-5.808859981871901e6	-5.896093359572119e6	-5.984285369695786e6	-6.070332376993999e6	-6.159334600307312e6	-6.247313463818907e6	-6.337798715494364e6	-6.4270895751567315e6	-6.518015340190481e6	-6.6087298112122165e6	-6.699550163796331e6	-6.791005248682175e6	-6.882791451280378e6	-6.976712648911128e6	-7.069216047722374e6	-7.162456998597005e6	-7.2567731683559e6	-7.352520928520245e6	-7.447974225452418e6	-7.544204302261723e6	-7.640589671124333e6	-7.7374666994565055e6	-7.8340861962189125e6	-7.932835853022606e6	-8.031718675393257e6	-8.129154541742173e6	-8.227167841307256e6	-8.327886559355738e6	-8.429770382157668e6	-8.528431416296288e6
-5.637362060560226e-7	-6.26879094603982e-6	-0.00001231552370697421	-0.00001902924629242782	-0.000026763188042133393	-0.00003591264823324503	-0.000046930117612099	-0.000060341643793754144	-0.00007676467645384236	-0.00009692757120718317	-0.00012169084951246445	-0.000152070198741576	-0.00018926104293451166	-0.0002346643109905756	-0.00028991276449103723	-0.0003568969111026912	-0.0004377891112776457	-0.0005350639773937048	-0.0006515125610960198	-0.0007902471284399745	-0.0009546925455339386	-0.0011485594662162795	-0.0013757936742261486	-0.0016404951579097123	-0.001946799891498716	-0.002298717009374049	-0.0026999142807283107	-0.0031534457637007575	-0.0036614175307968628	-0.004224590740461166	-0.004841926429075605	-0.005510083536516084	-0.006222891093613132	-0.006970827249448051	-0.0077405516532424055	-0.008514552917214212	-0.009270988108688488	-0.009983804242340936	-0.010623239352075937	-0.011156798636627788	-0.011550784186661361	-0.01177241925224083	-0.011792544747256118	-0.011588773688583645	-0.011148869995664341	-0.01047398049722904	-0.009581212824047908	-0.008504950079642692	-0.00729627201186496	-0.00601996634361787	-0.004748912642038219	-0.0035561261145727547	-0.002505420542624922	-0.0016423534835203323	-0.0009876065883042695	-0.0005349052115855986	-0.00025471187385191674	-0.0001032115278283244	-0.0000340125952974898	-8.541710708920995e-6	-1.483210929538429e-6	-1.5276935017390077e-7	-7.205378867983839e-9	-9.629477609630006e-11	-1.3116045333097169e-13	-1.1832221346435686e-18	0.	0.	0.	0.	0.	0.	0.	0.	0.	0.	0.	0.	0.	0.	0.	0.	0.	0.	0.	0.	0.	0.	0.	0.	-42613.061435365475	-214005.26635512747	-307493.0626115757	-385132.7103584204	-454577.29683779785	-520104.05991937255	-582408.1449142483	-643650.0375934115	-702900.9756803889	-761519.5692313517	-819549.3966423437	-877165.9359912655	-934417.8523670062	-991830.2413681104	-1.0493633728723226e6	-1.1063266644323291e6	-1.1638141747197746e6	-1.2211047094415228e6	-1.2790079817056097e6	-1.336959015643525e6	-1.3952231434286896e6	-1.4538391400810538e6	-1.5130654689873306e6	-1.5720398290885868e6	-1.6314168980827776e6	-1.6917033246099781e6	-1.7518431458512389e6	-1.8131205945672633e6	-1.8734069480765327e6	-1.934635321511195e6	-1.9971225395212017e6	-2.059143570625377e6	-2.122707187074393e6	-2.1853110621156762e6	-2.2495176931830486e6	-2.313384809767815e6	-2.378283592009587e6	-2.442540475141688e6	-2.5077169005736858e6	-2.573818778339104e6	-2.640852018470908e6	-2.707052757113107e6	-2.77418802650877e6	-2.8424080460454654e6	-2.910547754702493e6	-2.9784883422415117e6	-3.0491172728794413e6	-3.1186497589210398e6	-3.187921548857009e6	-3.257763686458447e6	-3.3297412558304616e6	-3.4011323116114326e6	-3.47323129369797e6	-3.546125017052807e6	-3.6193489886503583e6	-3.692334319142025e6	-3.766207590009446e6	-3.84098091308658e6	-3.9153523643832225e6	-3.990722949078233e6	-4.067231293190499e6	-4.14394809593849e6	-4.220913675963886e6	-4.297997681053143e6	-4.376121258269233e6	-4.454035265058488e6	-4.533777616086694e6	-4.612605421518814e6	-4.692866179626801e6	-4.773219721215249e6	-4.853644863428942e6	-4.935382930906596e6	-5.016723359756489e6	-5.098551077911461e6	-5.181328046618085e6	-5.264589811103805e6	-5.348818204454456e6	-5.433528490776251e6	-5.518149130650296e6	-5.603125824209415e6	-5.688460689583458e6	-5.775583218524104e6	-5.862692666019888e6	-5.949505742450785e6	-6.036737746680364e6	-6.125487552035253e6	-6.213947245625602e6	-6.304061157518986e6	-6.393963462087568e6	-6.484940456039457e6	-6.574773122090225e6	-6.666660950991666e6	-6.757229643643873e6	-6.851409092303971e6	-6.943363959988659e6	-7.035815520269533e6	-7.13099416931093e6	-7.225284169027727e6	-7.318804029443641e6	-7.413748560715545e6	-7.509441577698015e6	-7.606238069409568e6	-7.703524823511129e6	-7.799616158515872e6	-7.897802277268765e6	-7.997121915343793e6	-8.095520746613038e6	-8.195444536676178e6	-8.296138646006131e6	-8.394537486556882e6	-8.496458696937868e6
-4.7475207421271675e-7	-5.279585432674286e-6	-0.000010373753568089684	-0.000016032963783543575	-0.00002255702650701309	-0.000030282129020909488	-0.00003959401471501517	-0.00005094233602293985	-0.00006485642335654287	-0.00008196267282035477	-0.00010300369718334215	-0.00012885930121676165	-0.0001605692265427963	-0.00019935745384379148	-0.00024665764186899297	-0.0003041390126338872	-0.00037373164988346944	-0.00045764975341846734	-0.0005584108775715798	-0.0006788485744285835	-0.0008221151646219194	-0.0009916705843743918	-0.0011912524354981036	-0.001424821544131271	-0.001696476589613275	-0.0020103308060241453	-0.0023703435347941326	-0.0027800997126332908	-0.003242531458944339	-0.0037595780716312525	-0.00433178427652769	-0.00495784184276876	-0.005634086984611781	-0.006353975535666226	-0.0071075697318454655	-0.007881084286113497	-0.008656554516411407	-0.009411704172209611	-0.010120103020743666	-0.010751710929427689	-0.011273901804047939	-0.011653042124558519	-0.01185665940186361	-0.011856170732806008	-0.011630048114856852	-0.011167177317957935	-0.010470030578960569	-0.009557140679059679	-0.008464268694311716	-0.007243646269574124	-0.00596079935154561	-0.004688771348208413	-0.0035000770945721026	-0.0024573896913413105	-0.0016046497147351743	-0.0009607411763585063	-0.0005177810455549751	-0.0002451523554014024	-0.00009867593947079613	-0.00003226030049418316	-8.023813479322885e-6	-1.376651590390711e-6	-1.3962642662968693e-7	-6.4513482869849495e-9	-8.37452213265429e-11	-1.0906841462597945e-13	-9.082756048742133e-19	0.	0.	0.	0.	0.	0.	0.	0.	0.	0.	0.	0.	0.	0.	0.	0.	0.	0.	0.	0.	0.	0.	0.	0.	-112508.78143138564	-241066.2824101446	-329420.7214024894	-404952.8946124884	-473806.61941909086	-538556.0353430766	-601111.4682597397	-662015.7650755405	-721653.5887741757	-780403.3333915161	-838453.4864307875	-896558.0115640042	-954136.6010496289	-1.0115339140632884e6	-1.069544278666729e6	-1.1275330395151034e6	-1.1849246566647736e6	-1.243036980460476e6	-1.300786524175618e6	-1.3595286734784367e6	-1.4185829266471097e6	-1.4772578438705304e6	-1.5366206754911486e6	-1.5960790449471476e6	-1.6562837695232558e6	-1.7168144689333257e6	-1.7776304310661082e6	-1.8383423333907325e6	-1.9007006801545157e6	-1.9623969585256719e6	-2.0246846489400114e6	-2.0876188255013241e6	-2.150612233829547e6	-2.2140218127424703e6	-2.2788694978577523e6	-2.3429334178974214e6	-2.4080333067527744e6	-2.473607502961679e6	-2.539451801145441e6	-2.6062264927634294e6	-2.6726975473866747e6	-2.739416819138653e6	-2.807398385012227e6	-2.8760607671987857e6	-2.9455419690380762e6	-3.0143318086363124e6	-3.084033823225225e6	-3.153164818869072e6	-3.224136277719763e6	-3.2954063866473846e6	-3.366718618452566e6	-3.439125627477946e6	-3.511465388728113e6	-3.5843068703461066e6	-3.658010544760752e6	-3.7320206302991705e6	-3.8065866280011334e6	-3.8815130586954765e6	-3.9569734622965264e6	-4.033033599247252e6	-4.109795422498489e6	-4.185910388571997e6	-4.263518406842558e6	-4.341540771270912e6	-4.420317250373933e6	-4.498736881053426e6	-4.57820891186175e6	-4.658747514661356e6	-4.73897262891683e6	-4.819082824657652e6	-4.900600515519844e6	-4.982180981124537e6	-5.065432552315933e6	-5.147887568275342e6	-5.231297392814734e6	-5.315192189166512e6	-5.400059188525844e6	-5.483950396312868e6	-5.569574095937072e6	-5.655089551735021e6	-5.7421316367147835e6	-5.828771277058685e6	-5.915206343492215e6	-6.002793748586796e6	-6.091746458263316e6	-6.180627813352523e6	-6.269789987137303e6	-6.360515421568808e6	-6.449135612781316e6	-6.540276875533097e6	-6.633031817181794e6	-6.723548920799397e6	-6.816684987857894e6	-6.909004035726798e6	-7.002264231156492e6	-7.096164384039699e6	-7.190385416792324e6	-7.284782318368759e6	-7.37967404123041e6	-7.477409785244333e6	-7.572037735381296e6	-7.670110512257839e6	-7.767343256012461e6	-7.865673990705651e6	-7.961692214368529e6	-8.06107394302469e6	-8.160944179930092e6	-8.260511343732472e6	-8.362298393717698e6	-8.461114912058381e6
-3.9924428235835533e-7	-4.440128643585742e-6	-8.725603425570811e-6	-0.000013488924477223136	-0.000018984094045517677	-0.000025496469157256387	-0.00003335420453580045	-0.00004294078589850775	-0.000054708893557642286	-0.00006919581039675632	-0.00008704054828653193	-0.00010900280753676589	-0.00013598379860433872	-0.00016904883635844716	-0.00020945145597301774	-0.0002586585862283335	-0.0003183760402937962	-0.00039057323555551635	-0.00047750562332809793	-0.0005817327893245694	-0.0007061295739477747	-0.0008538868623767409	-0.0010284979233804435	-0.0012337253634058312	-0.0014735429600941363	-0.0017520459253123415	-0.0020733226341148386	-0.002441280695153496	-0.0028594206279279125	-0.0033305515988707756	-0.003856445942458608	-0.004437432879281063	-0.005071937272466928	-0.005755976734352379	-0.006482640102227116	-0.0072415822428366465	-0.008018583990767485	-0.008795240959738774	-0.00954885950284395	-0.010252649901810212	-0.010876312611152567	-0.011387108730896081	-0.011751485666027373	-0.01193728769879233	-0.011916514250935383	-0.011668493685373968	-0.011183220161809606	-0.010464465694070734	-0.009532150398095608	-0.008423365166817944	-0.007191439157966497	-0.0059025823784468944	-0.0046299564258150345	-0.003445547508243784	-0.002410884625759674	-0.0015683162234946283	-0.000934978875193419	-0.0005014464493822272	-0.00023608686070150897	-0.00009440338345515436	-0.00003062248938079281	-7.544285539501002e-6	-1.2791299501099813e-6	-1.277765244950511e-7	-5.784953761912112e-9	-7.2964257912408e-11	-9.090422759240074e-14	-6.993210430764726e-19	0.	0.	0.	0.	0.	0.	0.	0.	0.	0.	0.	0.	0.	0.	0.	0.	0.	0.	0.	0.	0.	0.	0.	0.	-154033.58458947166	-266177.17912090936	-350735.00889196026	-424317.9634401092	-492837.9870012428	-557080.2604274822	-619273.2206815061	-680660.12319897	-739868.9800649233	-799063.0481415633	-857453.3887550536	-915817.6349825062	-973753.9903621164	-1.0320449643762405e6	-1.089669436122371e6	-1.1479961454662525e6	-1.2061017275534472e6	-1.2641890903467403e6	-1.322727001272642e6	-1.3818338953853687e6	-1.44102466957213e6	-1.5006195511609316e6	-1.5603229584647743e6	-1.62035004266402e6	-1.6806309968568494e6	-1.7420170024998167e6	-1.803371677381071e6	-1.865049414107823e6	-1.9267438840647403e6	-1.9893915680843708e6	-2.051952327324723e6	-2.1153916266754726e6	-2.1790675591770103e6	-2.243524707909085e6	-2.3075765042886166e6	-2.372777785968846e6	-2.439022838685233e6	-2.5046034523065e6	-2.571113458275723e6	-2.6368269018994914e6	-2.7051767399748205e6	-2.7727325926535088e6	-2.8413765227742596e6	-2.9099438087319206e6	-2.9783152122190297e6	-3.0493779886629987e6	-3.1193472770200116e6	-3.1896252412025775e6	-3.26133998094435e6	-3.3317647444364666e6	-3.40431658182723e6	-3.476886585916131e6	-3.5494962351446394e6	-3.6231738546567475e6	-3.697918959928829e6	-3.772225687421177e6	-3.84617705354639e6	-3.9223244185521775e6	-3.9980395436791084e6	-4.0747716608132133e6	-4.151605043638963e6	-4.228429429892107e6	-4.306687443008726e6	-4.384574539692346e6	-4.464057073452798e6	-4.543174418503596e6	-4.623966377170668e6	-4.703210040584404e6	-4.784038872018364e6	-4.866030328303651e6	-4.9471556247588135e6	-5.030272723037848e6	-5.11321886049431e6	-5.19589218225689e6	-5.280302384953343e6	-5.364404019698995e6	-5.449892393971102e6	-5.5343626269974215e6	-5.621021803131279e6	-5.70703949224634e6	-5.794453927031814e6	-5.880974419556099e6	-5.968686969723949e6	-6.057281828394871e6	-6.145701595426587e6	-6.235172842807657e6	-6.325631051704991e6	-6.415057599186875e6	-6.505438159508465e6	-6.598421327133834e6	-6.689281451689222e6	-6.781621894474472e6	-6.87387225451889e6	-6.968256546565072e6	-7.061226366743804e6	-7.154934307083676e6	-7.249717738431409e6	-7.345932820739303e6	-7.441855100533321e6	-7.538554815463041e6	-7.6354109330653725e6	-7.731666600979698e6	-7.829851762435725e6	-7.929074050140786e6	-8.025513771346445e6	-8.12634145559292e6	-8.224830334650276e6	-8.326024651655571e6	-8.428384724585813e6
-3.352794671873084e-7	-3.728950149469532e-6	-7.329043539256194e-6	-0.00001133256496798674	-0.000015954325707521602	-0.00002143608291536367	-0.000028056439975057235	-0.000036141747021417474	-0.00004607823301005819	-0.000058325585316862694	-0.00007343216706385641	-0.00009205202175771224	-0.00011496375395753837	-0.00014309128701182682	-0.00017752637673372045	-0.00021955259444678645	-0.0002706702744558107	-0.00033262163947697643	-0.0004074149628139067	-0.0004973461891291326	-0.0006050159101788627	-0.0007333389761814345	-0.0008855433233919616	-0.0010651538308990426	-0.001275956217260355	-0.001521935204100649	-0.0018071804903041807	-0.002135753612010659	-0.0025115086656438967	-0.0029378603442724257	-0.0034174940293286546	-0.00395201508082442	-0.004541538300635895	-0.005184224130092301	-0.005875775769139682	-0.006608921244437915	-0.007372916475336508	-0.008153119220260463	-0.008930698565248769	-0.009682558798139526	-0.010381567700710944	-0.010997184111694185	-0.011496573702751419	-0.011846280129860495	-0.012014475731613548	-0.011973747272355291	-0.011704275988982986	-0.011197150508427386	-0.010457417110905174	-0.009506346274619985	-0.008382312194420437	-0.007139689561290477	-0.005845321265601805	-0.0045724446617044275	-0.00339249202197306	-0.0023658469095896497	-0.0015332911727358373	-0.0009102631304601423	-0.00048585623029118175	-0.00022748407309034272	-0.00009037543710080375	-0.000029090287881308226	-7.099818487775737e-6	-1.1897716618026048e-6	-1.1707749653590309e-7	-5.195047146454805e-9	-6.368461489659533e-11	-7.593382295778091e-14	-5.400317888976035e-19	0.	0.	0.	0.	0.	0.	0.	0.	0.	0.	0.	0.	0.	0.	0.	0.	0.	0.	0.	0.	0.	0.	0.	0.	-187148.77293491428	-289509.185278216	-371128.16408492415	-443764.23965939024	-511043.57316017285	-575582.186944457	-637726.3454844783	-698844.8648888816	-758470.782261417	-817829.085870934	-876425.1762235848	-935184.441140352	-993309.0358147849	-1.0516158922635028e6	-1.1103862256759256e6	-1.1685235404300138e6	-1.2272643530091099e6	-1.2854991948404084e6	-1.3448294130004216e6	-1.404408967948595e6	-1.4636516006678352e6	-1.5240068810538817e6	-1.583537662277764e6	-1.6442322018603084e6	-1.7050580163959134e6	-1.7671734411211386e6	-1.8283946002337486e6	-1.8909743461087835e6	-1.9533708018891097e6	-2.0167260185294678e6	-2.0797728640251535e6	-2.142854982302431e6	-2.2070176879450027e6	-2.2724378185773594e6	-2.337161127338066e6	-2.402553440902663e6	-2.468747121800919e6	-2.5352266995042465e6	-2.6021360423614155e6	-2.6692622065300886e6	-2.7371101958609377e6	-2.8055112908324925e6	-2.8745967738112393e6	-2.942673827928378e6	-3.013724570706508e6	-3.083859736629545e6	-3.1534267166572334e6	-3.224836947831094e6	-3.2965484886733713e6	-3.3693319796651737e6	-3.441457985078308e6	-3.5139461111484165e6	-3.5880153508505663e6	-3.6619181395563013e6	-3.736239001635713e6	-3.811274399529964e6	-3.886814898914968e6	-3.9631039575156905e6	-4.038709483001393e6	-4.1159351011610003e6	-4.193975485183354e6	-4.271617277231646e6	-4.350136120100575e6	-4.428324406871176e6	-4.508057575665291e6	-4.588345360705093e6	-4.668169468617231e6	-4.748868006660354e6	-4.831038102550311e6	-4.913283900036571e6	-4.994788880917436e6	-5.077233203685396e6	-5.160995871360728e6	-5.244055520080859e6	-5.329296651963592e6	-5.413780445261915e6	-5.499612748685082e6	-5.584671600915338e6	-5.67221792633862e6	-5.7577848724555e6	-5.846187802900414e6	-5.933613323802545e6	-6.022289869036671e6	-6.111490991890118e6	-6.2004051572416965e6	-6.290972368361742e6	-6.379576583042403e6	-6.4704624903655555e6	-6.563057247379115e6	-6.653561970303284e6	-6.746435577830922e6	-6.838195263883483e6	-6.933493382504048e6	-7.026410175279507e6	-7.11969964796346e6	-7.214023088990637e6	-7.310796433034311e6	-7.40620911029083e6	-7.50237085610469e6	-7.599636383092855e6	-7.697146549344785e6	-7.793956441593811e6	-7.8926141539571965e6	-7.992405818457334e6	-8.091278287508396e6	-8.191675903494352e6	-8.292657793865016e6	-8.391719551034693e6
-2.8118147305706776e-7	-3.12743314561079e-6	-6.147616045540827e-6	-9.50784509468627e-6	-0.000013389476150083292	-0.000017996957369308892	-0.00002356636676797267	-0.000030374857512219907	-0.000038751229595539875	-0.00004908783904621315	-0.00006185404088549357	-0.00007761133609444335	-0.00009703035132918333	-0.00012090971752195901	-0.00015019682320795337	-0.00018601029270943226	-0.00022966386943509048	-0.0002826911609221899	-0.0003468704148347991	-0.0004242481341454855	-0.0005171598966693691	-0.0006282462133019158	-0.0007604606399916529	-0.000917066657708598	-0.00110161907098066	-0.0013179248835541212	-0.0015699778454947833	-0.00186186021336811	-0.002197604841979811	-0.0025810106907602198	-0.0030154053832897147	-0.0035033498537479953	-0.00404628263959941	-0.00464410535329992	-0.005294716604655823	-0.005993509420546455	-0.006732857173956925	-0.007501625127359144	-0.008284758507303753	-0.009063012642128781	-0.009812904513831839	-0.01050697564603706	-0.011114460150590508	-0.011602444602993655	-0.011937583106459402	-0.012088386208035297	-0.012028032007713827	-0.011737550346722594	-0.011209110020217523	-0.010449006243594995	-0.009479823745770881	-0.008341175112599741	-0.00708843089356136	-0.005789018509739866	-0.00451621164401498	-0.0033408660310160804	-0.0023222203222608433	-0.0014995158288882736	-0.000886540729651926	-0.00047096820679341745	-0.00021931498484882887	-0.00008657516884510012	-0.0000276556091728969	-6.687426567428267e-6	-1.1077967752994957e-6	-1.0740438089309307e-7	-4.6720157153878205e-9	-5.568204213906776e-11	-6.356681891429597e-14	-4.182212033242568e-19	0.	0.	0.	0.	0.	0.	0.	0.	0.	0.	0.	0.	0.	0.	0.	0.	0.	0.	0.	0.	0.	0.	0.	-35440.420538013896	-216271.56279004386	-311806.97214049415	-390701.84332975803	-462321.4344785695	-529447.3748912674	-593325.46506037	-655746.7094777919	-716544.8195922811	-776468.2515417446	-836296.4768899524	-895313.7852876005	-954041.2765298556	-1.0129228112151067e6	-1.0713682050736703e6	-1.1303637423781406e6	-1.189035841634957e6	-1.2479439703285717e6	-1.3069672939453318e6	-1.3670937593624783e6	-1.426315017244918e6	-1.4865501616843182e6	-1.5474430209278245e6	-1.6077213977063703e6	-1.6692354391846466e6	-1.7298030379019624e6	-1.7916217411410417e6	-1.8537367608701396e6	-1.9165715973020778e6	-1.9799206145337604e6	-2.0427844128472346e6	-2.106499254281202e6	-2.170524167729984e6	-2.235747640773373e6	-2.3007058643016233e6	-2.366085265233697e6	-2.4326285920501286e6	-2.4985713586371453e6	-2.5654471788425446e6	-2.6332619626998273e6	-2.701493293011454e6	-2.7699929524551593e6	-2.8378401851577456e6	-2.907280541558642e6	-2.9768436070278934e6	-3.048438152683783e6	-3.1187369486834123e6	-3.189450321201691e6	-3.2616032219921052e6	-3.332468566560275e6	-3.405625617676478e6	-3.4784793962740893e6	-3.5517483706901283e6	-3.6256644650793863e6	-3.700796962687908e6	-3.775622999053255e6	-3.8513547630275153e6	-3.926635204826519e6	-4.0037480306911427e6	-4.0800031821002504e6	-4.1577495328635294e6	-4.2358979547535805e6	-4.314185398265048e6	-4.393048677054554e6	-4.472547226782465e6	-4.552854350377694e6	-4.632467234149707e6	-4.713368499429471e6	-4.795326136573884e6	-4.877341465511965e6	-4.959410400272035e6	-5.042826789884576e6	-5.124567312868897e6	-5.209474427068114e6	-5.294403528396971e6	-5.379021664533699e6	-5.46356148005094e6	-5.54958745220604e6	-5.635252819207708e6	-5.722453431723412e6	-5.809652547995767e6	-5.897820474520038e6	-5.986949454536231e6	-6.073934141302619e6	-6.164261066732097e6	-6.255162822015949e6	-6.344228404110904e6	-6.435557403507182e6	-6.527154939655484e6	-6.618002739812169e6	-6.710197097695286e6	-6.802180399170475e6	-6.897720681184888e6	-6.9907775504251e6	-7.08580716470672e6	-7.18049291380463e6	-7.27535589320531e6	-7.370714562990809e6	-7.465857249440402e6	-7.563051749816593e6	-7.660401907551318e6	-7.758244859900607e6	-7.856441876825299e6	-7.955549523587073e6	-8.055403039050531e6	-8.155745885265832e6	-8.255786908340197e6	-8.358047609624731e6
-2.3550090082420906e-7	-2.6194771879308964e-6	-5.149779471316412e-6	-7.966252907807162e-6	-0.00001122175475694257	-0.000015088879970234179	-0.000019767300894328004	-0.000025491923362504703	-0.00003254206253632017	-0.0000412518401347237	-0.000052021997887026214	-0.00006533330730088433	-0.00008176172928902467	-0.00010199543451397256	-0.00012685373057781186	-0.0001573078490134892	-0.00019450341554281696	-0.00023978425258431148	-0.0002947169340085468	-0.00036111521880352495	-0.00044106312314149613	-0.0005369349412928744	-0.0006514099898931342	-0.0007874792274125076	-0.0009484401995820582	-0.0011378760020930808	-0.0013596131706390372	-0.0016176526637178253	-0.001916067481957209	-0.0022588600898219664	-0.0026497728323810377	-0.0030920451766986044	-0.003588113104691452	-0.004139248631778631	-0.004745141537589892	-0.005403431281166715	-0.006109204990954405	-0.006854487502627552	-0.007627761573629025	-0.00841357018407876	-0.009192267275839511	-0.009939996731533892	-0.010628989346359146	-0.01122827053202476	-0.011704863115772027	-0.012025544789313352	-0.012159173413005785	-0.012079521482098069	-0.011768462483108009	-0.011219230779717298	-0.010439345420845986	-0.009452670146777503	-0.0083000125881168	-0.007037691685552853	-0.005733673707487782	-0.0044612320418449675	-0.003290625771215117	-0.0022799508207128946	-0.0014669344110699756	-0.0008637615887673766	-0.00045674298508767766	-0.00021155270587453368	-0.00008298700267009979	-0.0000263110756222262	-6.304411763855039e-6	-1.0325085392294053e-6	-9.864714309348786e-8	-4.2075551407708e-9	-4.8767975272308314e-11	-5.332715518180835e-14	-3.2480662462703533e-19	0.	0.	0.	0.	0.	0.	0.	0.	0.	0.	0.	0.	0.	0.	0.	0.	0.	0.	0.	0.	0.	0.	0.	-107849.98031509084	-242222.92971741193	-332921.30857190257	-410044.90085901454	-480689.1378131634	-547286.7497270566	-611122.1102658664	-673335.1281137762	-734491.34705783	-794789.2360940546	-854301.0616959542	-913999.9496724083	-973337.2952984244	-1.0322748546581466e6	-1.0914489085808655e6	-1.1504021170646253e6	-1.2096132353517907e6	-1.2691839464428532e6	-1.3285933876651323e6	-1.3884977364208468e6	-1.448597245581299e6	-1.5093558319171784e6	-1.5702055268444875e6	-1.6311491332520344e6	-1.6925917621732051e6	-1.7547367468453282e6	-1.8167689502998283e6	-1.879880997110869e6	-1.942803138241261e6	-2.0061785074301574e6	-2.070155791192134e6	-2.1341966533204373e6	-2.198843556160862e6	-2.264601499829087e6	-2.32984771596576e6	-2.39590270666288e6	-2.462631293792895e6	-2.529235517249726e6	-2.5967777032719743e6	-2.664110856299834e6	-2.7335221152063073e6	-2.8023375415299265e6	-2.8718410215521376e6	-2.9403409804283855e6	-3.010538451321601e6	-3.081076840902388e6	-3.1523791255045794e6	-3.2242238614836796e6	-3.296372780669375e6	-3.369596372110835e6	-3.442164939719215e6	-3.516066259251517e6	-3.5896145640653917e6	-3.664150411519217e6	-3.7392531878445316e6	-3.8147593874846967e6	-3.8906294435863774e6	-3.966970397613123e6	-4.0442545991625567e6	-4.122144346577556e6	-4.199223719471571e6	-4.277328840074872e6	-4.356967159526648e6	-4.436557020645779e6	-4.515984298206078e6	-4.596448496046721e6	-4.67793621768664e6	-4.758942574027646e6	-4.840128872433878e6	-4.9227535570178935e6	-5.005822490052917e6	-5.089650995713851e6	-5.1733389447529e6	-5.257514561531366e6	-5.342659015995154e6	-5.428288206538339e6	-5.513329291360243e6	-5.599732217962712e6	-5.685994023532018e6	-5.774045313178264e6	-5.862086085952885e6	-5.949832707499726e6	-6.038000182590944e6	-6.127687680218542e6	-6.217086760925595e6	-6.308142607901248e6	-6.398988351490992e6	-6.490911117371144e6	-6.581689722823122e6	-6.674526741624859e6	-6.768466337569851e6	-6.861177736376568e6	-6.954084635055434e6	-7.049454588260341e6	-7.143626613550844e6	-7.238874158211703e6	-7.334616749351972e6	-7.431941169462702e6	-7.529107354345793e6	-7.625216008677283e6	-7.722909458421789e6	-7.821811096038358e6	-7.921502826619086e6	-8.01841580734589e6	-8.119192571946257e6	-8.218676490594108e6	-8.3203434461088795e6
-1.9698755069054424e-7	-2.191192851517985e-6	-4.308314607222555e-6	-6.66590105686118e-6	-9.392582772130516e-6	-0.000012633818687502166	-0.00001655818777420523	-0.000021364409203316137	-0.000027289277690142733	-0.00003461670310261668	-0.00004368804257142343	-0.000054913906921937066	-0.00006878760825769002	-0.00008590038818698099	-0.00010695852183696856	-0.00013280232579883556	-0.000164427001802665	-0.00020300511449200209	-0.00024991032246245723	-0.00030674174734134183	-0.00037534806645204706	-0.0004578500413452754	-0.0005566597396129737	-0.0006744941665755848	-0.0008143803977412843	-0.0009796486018633938	-0.0011739085896148426	-0.0014010047527883884	-0.0016649435341790325	-0.001969786977966439	-0.002319505576818289	-0.0027177837237329183	-0.003167771787802697	-0.003671780438667826	-0.004230915605135305	-0.004844656703508598	-0.005510386799051128	-0.006222891418738725	-0.0069738529264082565	-0.007751379581692013	-0.008539622145144076	-0.009318545153129892	-0.010063933061154887	-0.010747720784376899	-0.011338740242884653	-0.011803964936637646	-0.012110308301881999	-0.01222698364909058	-0.012128360078484637	-0.01179714915377775	-0.011227635974035255	-0.010428538592159538	-0.009424965398470082	-0.008258877245283711	-0.006987496109896566	-0.005679283947355876	-0.004407479845533727	-0.003241728406505712	-0.002238986492240188	-0.0014354939445152203	-0.000841878552452613	-0.0004431437532495234	-0.00020417228971187685	-0.00007959659609272461	-0.000025049949226942345	-5.948333030429251e-6	-9.63283645681236e-7	-9.070873752546662e-8	-3.794478258000533e-9	-4.27835192248544e-11	-4.482997639739805e-14	-2.529534425570781e-19	0.	0.	0.	0.	0.	0.	0.	0.	0.	0.	0.	0.	0.	0.	0.	0.	0.	0.	0.	0.	0.	0.	0.	-148959.9191922899	-266149.92497330054	-353034.0557630393	-429067.3033644841	-498667.8598924112	-565074.5961599692	-628519.1615027417	-691152.8555286959	-752254.2696448214	-812848.1702933908	-872848.8297722965	-932580.5939589766	-992088.2532967291	-1.0514029170379315e6	-1.110960818810267e6	-1.1704228209853992e6	-1.2302271014195823e6	-1.290176111007016e6	-1.3503774760032294e6	-1.4101620265209344e6	-1.4709012963012732e6	-1.531963823648109e6	-1.5930841887053521e6	-1.6547575440233613e6	-1.7169307946268306e6	-1.77892134533548e6	-1.8419350116149269e6	-1.9052796857735089e6	-1.968643191697701e6	-2.0320504092577228e6	-2.0972229773762194e6	-2.1615744800802916e6	-2.226746172553466e6	-2.2923835088422885e6	-2.358329090502818e6	-2.42504397602804e6	-2.492850152858838e6	-2.5602090776413702e6	-2.62675932916958e6	-2.69588699005455e6	-2.7644349780353922e6	-2.834231399304564e6	-2.904089095653151e6	-2.9740735266679334e6	-3.0440347156607434e6	-3.1151212970951824e6	-3.1871360355089395e6	-3.2596607342473147e6	-3.331852722201944e6	-3.405449121669343e6	-3.4787448646670775e6	-3.553362967678424e6	-3.6273576972672734e6	-3.702402377859831e6	-3.777679266619959e6	-3.8540088008355666e6	-3.930969283533289e6	-4.007591599449947e6	-4.085121924251617e6	-4.1626988298085434e6	-4.2406986569675505e6	-4.319449086623395e6	-4.39907498249533e6	-4.479674835902065e6	-4.559516636865818e6	-4.64129493884628e6	-4.72197435690999e6	-4.803397758726508e6	-4.88598252029189e6	-4.968427253804296e6	-5.052319034065549e6	-5.136255936439029e6	-5.219917305446643e6	-5.305324875277234e6	-5.390420737596801e6	-5.477314043993567e6	-5.56385833136575e6	-5.650297499771757e6	-5.736722284986672e6	-5.825832919653351e6	-5.913136692071778e6	-6.001718766984574e6	-6.0916060739466315e6	-6.181424189031583e6	-6.271525055557115e6	-6.363191495962948e6	-6.454392724408143e6	-6.544838982271803e6	-6.638541055519547e6	-6.730004716107269e6	-6.824090938156298e6	-6.9173603275840115e6	-7.012018210053413e6	-7.1064270168945305e6	-7.201603231184828e6	-7.296956143830852e6	-7.3948762256899625e6	-7.491503773924175e6	-7.589235165082922e6	-7.6861263383717155e6	-7.784491872959327e6	-7.883618233719612e6	-7.983878734187796e6	-8.083222382017491e6	-8.181785049363495e6	-8.282320101047952e6
-1.645656245086975e-7	-1.8306268611904285e-6	-3.599789129522807e-6	-5.5707111592973935e-6	-7.85146875821847e-6	-0.000010564451700047386	-0.000013851742334374174	-0.000017881139788597727	-0.00002285299929360027	-0.000029008061371063993	-0.000036636448986170745	-0.000046088010451473464	-0.00005778417946953384	-0.00007223150816613503	-0.00009003700046141749	-0.00011192532693892455	-0.00013875793281242012	-0.00017155395093612584	-0.00021151269431140773	-0.00026003731855525186	-0.0003187590050065229	-0.0003895607100766916	-0.0004745991472254492	-0.0005763232074445781	-0.0006974864786737727	-0.0008411508961495241	-0.0010106778549860886	-0.001209702366474758	-0.0014420850809653905	-0.0017118362956257459	-0.0020230055062774787	-0.0023795297749437745	-0.0027850343347951617	-0.0032425796513231237	-0.0037543508551498546	-0.004321288346023364	-0.004942662746039064	-0.0056156035469501295	-0.006334598981999669	-0.007090994948893158	-0.007872533067380946	-0.008662981648019649	-0.009441927421461264	-0.010184808572761052	-0.01086327833380378	-0.011445989565163364	-0.011899879987616376	-0.012192010017835497	-0.012291955658434578	-0.01217468405096742	-0.011823738731878811	-0.01123444052865793	-0.010416681976637683	-0.009396782634013851	-0.008217816232125173	-0.006937864450998895	-0.005625844155456618	-0.004354928572722848	-0.003194132095969496	-0.002199277500538973	-0.0014051441188271284	-0.0008208472069577354	-0.0004301360917672605	-0.0001971505752553722	-0.00007639073024973695	-0.000023866069557596775	-5.616979114912113e-6	-8.995637174826471e-7	-8.350344006868822e-8	-3.4265536399057854e-9	-3.7594501398068227e-11	-3.7763382866092204e-14	-1.975178970905308e-19	0.	0.	0.	0.	0.	0.	0.	0.	0.	0.	0.	0.	0.	0.	0.	0.	0.	0.	0.	0.	0.	0.	0.	-181731.4043383748	-288399.86254020175	-372476.8928576769	-446921.677513849	-516646.63964098785	-582250.5905067819	-646177.4520832252	-708507.354157639	-770032.0770042376	-830814.6490266173	-890789.5188861174	-951094.1117597127	-1.0110129085864477e6	-1.0709349527450432e6	-1.1306019066860026e6	-1.1905053201005473e6	-1.2507028042060959e6	-1.3109071498508018e6	-1.3713059627885679e6	-1.4321763492887847e6	-1.4933086338327343e6	-1.5545381602535178e6	-1.6164041677109508e6	-1.6788189359253945e6	-1.7413553350699765e6	-1.8038820686231814e6	-1.866751424368345e6	-1.9310038193554475e6	-1.994508890144607e6	-2.0586984034313299e6	-2.1238887989876233e6	-2.1886329086331846e6	-2.2546661968868524e6	-2.3211212519689403e6	-2.387699683167601e6	-2.455094235841503e6	-2.5220653332714615e6	-2.589978149281226e6	-2.658838593904456e6	-2.7271359000912723e6	-2.7961238644986604e6	-2.8659370193250263e6	-2.9367121065391772e6	-3.007330126717875e6	-3.078292632968712e6	-3.1500220454110093e6	-3.222297018677465e6	-3.2948792626353814e6	-3.367511553907154e6	-3.4415463544084216e6	-3.5158890159771275e6	-3.5898810996011924e6	-3.665203602581569e6	-3.7404140574683337e6	-3.816370613470551e6	-3.893242470269631e6	-3.970055020408991e6	-4.0472285787327006e6	-4.1255765290519046e6	-4.20471748663241e6	-4.283013709249164e6	-4.362266545976492e6	-4.441836357113859e6	-4.522451083697001e6	-4.603368376967424e6	-4.68461636499621e6	-4.766091569506575e6	-4.848887350439057e6	-4.932761667040946e6	-5.015479967235026e6	-5.098689421158053e6	-5.183423686830126e6	-5.267503149162968e6	-5.353125005407091e6	-5.439232516981974e6	-5.526042181420094e6	-5.61163308370436e6	-5.699902840598211e6	-5.786907794252277e6	-5.876634150360947e6	-5.965276266473616e6	-6.05480269192257e6	-6.1441564029842345e6	-6.234563468007854e6	-6.325959550931349e6	-6.416527011982614e6	-6.50764777433189e6	-6.601575064271999e6	-6.6933798989959285e6	-6.786667215581153e6	-6.87986557721049e6	-6.9752009434638e6	-7.069121495284757e6	-7.163781749303742e6	-7.262474894165926e6	-7.356691816899506e6	-7.4535715645256415e6	-7.551230554750764e6	-7.6490466929085925e6	-7.747356533260649e6	-7.84540973824573e6	-7.945597412165839e6	-8.045919762656667e6	-8.145316488308182e6	-8.247244747378332e6
-1.3731152693493382e-7	-1.527515946463105e-6	-3.0040777377301998e-6	-4.649681655924617e-6	-6.554997022419792e-6	-8.822841083811967e-6	-0.000011572765245068336	-0.000014946209949162273	-0.00001911238072983978	-0.00002427500498332361	-0.00003068013522498274	-0.000038625168585320146	-0.00004846925216746231	-0.000060645237192368305	-0.00007567332849180436	-0.0000941765459911538	-0.00011689806659087067	-0.00014472044257414003	-0.00017868658958927232	-0.00022002229563162953	-0.0002701598136635202	-0.0003307618553554987	-0.00040374499261852914	-0.000491301088553356	-0.000595914913519839	-0.0007203755521928818	-0.0008677785766231795	-0.0010415152603277665	-0.0012452443639674208	-0.0014828412763620105	-0.0017583186104687472	-0.0020757118263265524	-0.002438923210433123	-0.002851517752034618	-0.0033164653327072482	-0.0038358254395062046	-0.004410373610874086	-0.005039173331242005	-0.00571910339069393	-0.006444359037003491	-0.007205955640099847	-0.007991275884982305	-0.008783715146630301	-0.00956249357804324	-0.010302715753302005	-0.010975766794843767	-0.01155013419921306	-0.011992732634102783	-0.01227077987310073	-0.01235422102598475	-0.012218622008770415	-0.01184835175555305	-0.011239751694272309	-0.010403864659127984	-0.009368188770435912	-0.008176871732423992	-0.00688881352573261	-0.005573347400396092	-0.0043035514446841845	-0.0031477960436364816	-0.002160776026729156	-0.001375837151462017	-0.0008006257052274107	-0.0004176877990888715	-0.00019046604261261415	-0.00007335721077852793	-0.000022753798322609432	-5.308344530667214e-6	-8.408478677280265e-7	-7.695541132878748e-8	-3.0983690519819736e-9	-3.308739475734804e-11	-3.1873984720624206e-14	-1.5464552574942322e-19	0.	0.	0.	0.	0.	0.	0.	0.	0.	0.	0.	0.	0.	0.	0.	0.	0.	0.	0.	0.	0.	0.	0.	-209876.95765523615	-310000.10434317804	-391414.717091992	-465072.7344900241	-533862.9702432199	-599570.6569757765	-663375.334707007	-726049.4983496739	-787986.6874698043	-848688.3064549193	-909271.327013156	-969658.8286258049	-1.0300190649103571e6	-1.0898036275038214e6	-1.1502993844174286e6	-1.2107455280725476e6	-1.2712031341518317e6	-1.3315227565287938e6	-1.3923328296392933e6	-1.4538391400810538e6	-1.5158987546046807e6	-1.5774984750168943e6	-1.639321135412722e6	-1.7024653349200876e6	-1.7646548886858942e6	-1.8281189078010402e6	-1.8918876672854489e6	-1.956390530870622e6	-2.0200709698692993e6	-2.0853711164391392e6	-2.1505713849896686e6	-2.216428073871816e6	-2.282135060865521e6	-2.348993429392059e6	-2.4163943865220225e6	-2.4835712582717743e6	-2.552078968351007e6	-2.620651874943399e6	-2.6886782776290365e6	-2.7579432365099606e6	-2.828033793899868e6	-2.898366734917304e6	-2.969654936362519e6	-3.040387036138649e6	-3.111897032837911e6	-3.184338041928594e6	-3.2561852077014935e6	-3.3299172113614217e6	-3.4033493003008673e6	-3.4776829910951173e6	-3.5523952587961457e6	-3.626579624129245e6	-3.702669947055146e6	-3.7783944901214074e6	-3.8551738976885546e6	-3.932586392141975e6	-4.0096623092560405e6	-4.0876482532193367e6	-4.165682225575863e6	-4.245160318766236e6	-4.324883032080401e6	-4.404714826250413e6	-4.484503786757177e6	-4.566275581870908e6	-4.647055691388053e6	-4.729210482792229e6	-4.811879896793535e6	-4.894764610824918e6	-4.977717076250811e6	-5.0622391701033935e6	-5.146179669252592e6	-5.23097381712319e6	-5.316256837870561e6	-5.40251603517122e6	-5.487802265141462e6	-5.574825164201659e6	-5.661742594751823e6	-5.750191189640928e6	-5.83823931758676e6	-5.927136880913227e6	-6.017473909821947e6	-6.105457326525835e6	-6.197453075690805e6	-6.286205798712066e6	-6.378496763550084e6	-6.470321501272062e6	-6.5638571263754675e6	-6.655304208068133e6	-6.749122310369545e6	-6.841827481545592e6	-6.938074463920378e6	-7.031939950977185e6	-7.12853391799825e6	-7.224242427696538e6	-7.319183087261832e6	-7.415550441949109e6	-7.512668484196952e6	-7.610892495733537e6	-7.709609040436248e6	-7.809964197026672e6	-7.906750600044584e6	-8.007506855962347e6	-8.10734243041011e6	-8.208706309138657e6
-1.1443408841157596e-7	-1.2730674845354768e-6	-2.5039341713530732e-6	-3.876233952203274e-6	-5.465922504764872e-6	-7.3592431370193326e-6	-9.656627864126698e-6	-0.000012477096628955372	-0.000015963290797481848	-0.000020287285130830558	-0.000025657330465924104	-0.00003232568622981403	-0.00004059770620185517	-0.00005084234069709464	-0.00006350421108854509	-0.00007911739516296436	-0.00009832103028404644	-0.00012187679090703315	-0.0001506882218752237	-0.0001858218023547096	-0.00022852946948096522	-0.0002802721372225307	-0.0003427434955096323	-0.00041789305822896523	-0.0005079470379880176	-0.0006154251544144758	-0.0007431509288031373	-0.0008942523849485055	-0.0010721493770441326	-0.0012805230267397315	-0.0015232620167633924	-0.001804379825063573	-0.0021278964873706055	-0.00249767827843414	-0.002917228973701187	-0.0033894273069235512	-0.00391620712885243	-0.004498179883553306	-0.005134203650619733	-0.0058209094313329355	-0.006552203787742358	-0.007318777426581069	-0.008107661647931726	-0.008901888153349255	-0.00968032138428936	-0.010417744484250166	-0.011085287444732113	-0.01165128539493756	-0.012082641901461747	-0.01234674166856652	-0.012413904563926938	-0.012260295372178015	-0.011871101438848453	-0.01124366959004086	-0.010390169138086713	-0.009339245029999754	-0.008136081429027543	-0.006840357060195187	-0.0055217851621229535	-0.004253321536810964	-0.003102680533772992	-0.002123436206809489	-0.0013475276567035998	-0.0007811746034439494	-0.00040576873094832263	-0.00018409868176649135	-0.00007048477834373254	-0.000021707969788997375	-5.020608278785704e-6	-7.866861861418523e-7	-7.099745637092558e-8	-2.8052157212793803e-9	-2.916595013715671e-11	-2.6955435543719483e-14	-1.2138814186071433e-19	0.	0.	0.	0.	0.	0.	0.	0.	0.	0.	0.	0.	0.	0.	0.	0.	0.	0.	0.	0.	0.	0.	-85289.93562608365	-235273.8235431629	-329998.65312234306	-410006.2575164158	-482395.42719776236	-550785.6301639068	-616727.0724618203	-680794.6460824962	-743205.4224410765	-805384.0877821649	-866197.0281834812	-927242.6946669047	-987962.5587532127	-1.0483124597706241e6	-1.108930147481021e6	-1.1699748459734241e6	-1.2305981607951196e6	-1.2914425299544474e6	-1.3529654524569323e6	-1.4137302718564118e6	-1.4762623111893008e6	-1.537544591853434e6	-1.5999916518227924e6	-1.6625422276187604e6	-1.7256058808650237e6	-1.78854786620809e6	-1.8526699202475399e6	-1.9166910816751795e6	-1.9812449208234814e6	-2.0462611759010886e6	-2.111727720537687e6	-2.1777977793658227e6	-2.243895572074601e6	-2.310640022643814e6	-2.378075193890915e6	-2.444424923243081e6	-2.5133183292615404e6	-2.5815883594989623e6	-2.6508097209380837e6	-2.719275364743012e6	-2.7903804063093634e6	-2.860601205745158e6	-2.9301759387457827e6	-3.001889741162723e6	-3.07420332756575e6	-3.1463554763762914e6	-3.2190564194122734e6	-3.291217279749637e6	-3.36449590043638e6	-3.4393023507293877e6	-3.513414527772648e6	-3.5888149574579834e6	-3.664239485507668e6	-3.7402354621415967e6	-3.816639151134857e6	-3.8939603166087875e6	-3.971433798823178e6	-4.0488507494072816e6	-4.1276539026547377e6	-4.207171878602646e6	-4.2860064118206585e6	-4.366168615271689e6	-4.447160845000036e6	-4.527013245005231e6	-4.6092720966811e6	-4.689923879296728e6	-4.773632315949281e6	-4.85589457685094e6	-4.939475781503754e6	-5.0226640129144685e6	-5.108282745030342e6	-5.192335410508502e6	-5.278128108639726e6	-5.363616547285117e6	-5.450495447710229e6	-5.536359601586417e6	-5.624416784090766e6	-5.711835282112586e6	-5.80065459141292e6	-5.888942384319627e6	-5.977704308454089e6	-6.067712912042248e6	-6.1585852898951955e6	-6.24843846344927e6	-6.340802365651011e6	-6.432722916350468e6	-6.525602882723693e6	-6.617390820665987e6	-6.710526899471905e6	-6.804682153284929e6	-6.899939583542525e6	-6.994165205475435e6	-7.089921676496561e6	-7.185557496673952e6	-7.281371752480497e6	-7.377683046066067e6	-7.47684033115625e6	-7.572892388269794e6	-7.672391698173195e6	-7.771222452612251e6	-7.870814516555854e6	-7.968263464971884e6	-8.0690799251057785e6	-8.170386953723789e6
-9.525702434684893e-8	-1.0597648937260277e-6	-2.0846112421969612e-6	-3.2276312241670705e-6	-4.552364896783086e-6	-6.131046785458221e-6	-8.047916507899717e-6	-0.000010402963636038227	-0.000013316227443508383	-0.000016932780741733484	-0.000021428536057255773	-0.000027017021122291442	-0.00003395727791837119	-0.000042563043833513756	-0.000053213372906229625	-0.00006636484710926947	-0.00008256550897442952	-0.00010247061359802646	-0.00012686024533559344	-0.00015665876647829701	-0.0001929559550994342	-0.00023702953931981264	-0.0002903686369314616	-0.0003546973536417053	-0.0004319974712460755	-0.00052452876085658	-0.00063484498017494	-0.0007658030559874263	-0.00092056231825	-0.0011025699545253484	-0.0013155281207359861	-0.001563337421919192	-0.001850010834095148	-0.0021795516739356027	-0.002555789070010184	-0.0029821647209026963	-0.0034614657560984897	-0.003995500499451113	-0.004584717156592144	-0.0052277702012358054	-0.0059210457902748375	-0.006658166083310157	-0.00742950290929582	-0.008221743576319834	-0.009017565125886515	-0.009795486802037658	-0.010529982036748414	-0.011191938100344995	-0.01174955008850212	-0.012169721689648146	-0.012420013362632713	-0.012471124677503283	-0.012299818801595985	-0.011892094148311053	-0.011246287706551117	-0.010375671829186634	-0.009310007416010943	-0.008095478923240376	-0.006792506027236118	-0.0054711475689432024	-0.004204211906660286	-0.003058746953989842	-0.002087214066742656	-0.0013201725202675884	-0.000762456708350314	-0.000394350652337156	-0.0001780298728133814	-0.00006776302779069158	-0.000020723846387059043	-4.752114980146554e-6	-7.366740279367407e-7	-6.55699522070749e-8	-2.5429900533178725e-9	-2.574840813781302e-11	-2.2839306785301747e-14	-9.552335562251364e-20	0.	0.	0.	0.	0.	0.	0.	0.	0.	0.	0.	0.	0.	0.	0.	0.	0.	0.	0.	0.	0.	0.	-131298.72095309588	-259029.27108703787	-349400.9164385711	-427741.1990208096	-500014.76179383544	-568149.4642512308	-633663.9172119298	-697722.2187231847	-760591.2646939378	-822607.3682784572	-884117.6460671083	-945638.264694453	-1.0063940206332295e6	-1.0672481579712934e6	-1.1282469680471702e6	-1.1891744681027143e6	-1.2505969680802661e6	-1.311931779683315e6	-1.3736658957362813e6	-1.4349931401321604e6	-1.4972996683761862e6	-1.5599450561880637e6	-1.6226589510331666e6	-1.6859417310707353e6	-1.7486726736088367e6	-1.8133564882569406e6	-1.8768927924502445e6	-1.94212386523834e6	-2.0067017037191193e6	-2.0718983444808407e6	-2.1377686423656144e6	-2.204512982370371e6	-2.2715702561183786e6	-2.3379502589237075e6	-2.4056704814353026e6	-2.4738173866244014e6	-2.5422397940793964e6	-2.61162211852181e6	-2.680535486746055e6	-2.750627207499093e6	-2.821104268250155e6	-2.8909969913202547e6	-2.962797079523902e6	-3.03485386419355e6	-3.1073656344218324e6	-3.1788900196706615e6	-3.2525020906017176e6	-3.32666203403855e6	-3.400250058586332e6	-3.4745583547788346e6	-3.549673667675783e6	-3.625130762845973e6	-3.701599670273874e6	-3.77776866955764e6	-3.8549946520188646e6	-3.932855910243419e6	-4.010382556145104e6	-4.0888211916686124e6	-4.168301341784638e6	-4.247244142884051e6	-4.327425023198448e6	-4.407716395505706e6	-4.489074170849069e6	-4.570201202397536e6	-4.651444836181616e6	-4.734065320729234e6	-4.817201805279158e6	-4.900554563514373e6	-4.983975747001569e6	-5.069074159574565e6	-5.153380540807859e6	-5.238647183522496e6	-5.324403714910038e6	-5.411138176228349e6	-5.498359398044523e6	-5.584811020120239e6	-5.673753775012246e6	-5.760719854156778e6	-5.850526327189693e6	-5.939541050768324e6	-6.0294436725302385e6	-6.120057448433871e6	-6.210386004389751e6	-6.302372281498725e6	-6.394151308420408e6	-6.48700903161895e6	-6.578725465366182e6	-6.672501418288183e6	-6.765861192294879e6	-6.861036161824792e6	-6.954887504994345e6	-7.051203808356298e6	-7.146323427489661e6	-7.242520252870758e6	-7.339682008693275e6	-7.437491073459194e6	-7.535611385366227e6	-7.633890569598514e6	-7.73157151986418e6	-7.8311839438506635e6	-7.931835880104656e6	-8.0326241138429465e6	-8.131967627891414e6
-7.920344240416321e-8	-8.811957078905998e-7	-1.7335249321130376e-6	-2.684464074494188e-6	-3.787094372886043e-6	-5.101830798704816e-6	-6.699225438494938e-6	-8.663147716405217e-6	-0.000011094447719705852	-0.000014115217518170305	-0.000017873774850759716	-0.00002255050328305666	-0.000028364692075049085	-0.00003558252639814694	-0.00004452638267894761	-0.00005558558273023892	-0.00006922875139062006	-0.00008601790238883084	-0.00010662434204965863	-0.00013184642535817243	-0.00016262911794183302	-0.0002000852038877391	-0.0002455178252398757	-0.00030044383602937226	-0.0003666171928885294	-0.0004460512769730844	-0.000541038640425611	-0.0006541661896916559	-0.0007883232565794849	-0.0009466993715946893	-0.0011327678581236002	-0.0013502506395303472	-0.0016030589416193633	-0.001895203951398964	-0.0022306710603255944	-0.0026132512118469675	-0.003046323264078322	-0.003532582384991716	-0.004073711574121744	-0.0046699967342887705	-0.005319890589187755	-0.0060195374187892075	-0.006762279240086796	-0.0075381747060423426	-0.008333574367908119	-0.009130809375724372	-0.009908063948358397	-0.010639513081337301	-0.011295813190339034	-0.01184503104255482	-0.012254080984507663	-0.012490707353054999	-0.012525993712544165	-0.012337300601000934	-0.011911429847431876	-0.011247693371451397	-0.010360443528366237	-0.009280527147210905	-0.00805509411463358	-0.006745268948933718	-0.005421423606406259	-0.00415619570249235	-0.0030159578081646503	-0.0020520674561473615	-0.0012937307795842599	-0.000744436934697081	-0.00038340710107882836	-0.00017224227667710578	-0.00006518233502203361	-0.00001979707891001378	-4.501358121786274e-6	-6.904469986557189e-7	-6.061991876194488e-8	-2.308110005952956e-9	-2.276518579484124e-11	-1.938780676469865e-14	-7.535527293854527e-20	0.	0.	0.	0.	0.	0.	0.	0.	0.	0.	0.	0.	0.	0.	0.	0.	0.	0.	0.	0.	0.	0.	-165713.33991523675	-280807.492236506	-368514.84214655403	-445370.55522109073	-516828.55719121324	-584823.288022211	-650437.0667219415	-714267.2568153769	-777651.6664468597	-839627.9466520266	-901532.6874466278	-963363.3775345498	-1.0245107935965174e6	-1.0859887087454174e6	-1.1476881612075442e6	-1.2089098936810219e6	-1.2703353733152868e6	-1.3324552349085598e6	-1.3943823185085738e6	-1.4563552174833636e6	-1.5191613474563651e6	-1.5819588982107732e6	-1.6446155079742211e6	-1.7086096956524497e6	-1.7726892323825518e6	-1.8370015732111905e6	-1.9017344462578478e6	-1.9671603891895753e6	-2.0317679505993463e6	-2.098157694382725e6	-2.1641828688193564e6	-2.23115819219527e6	-2.2985942536592195e6	-2.3656273916246514e6	-2.4338422058033645e6	-2.503130875423201e6	-2.5717475176656083e6	-2.641319162365189e6	-2.7100799665859565e6	-2.7815409911484476e6	-2.852191956021609e6	-2.9227123848189064e6	-2.994862348667367e6	-3.067134074554105e6	-3.1393733533610986e6	-3.2127592622900135e6	-3.2870892086051386e6	-3.360796235270943e6	-3.435240138805045e6	-3.510579416435122e6	-3.586416137635696e6	-3.6620962786031803e6	-3.7387174018643065e6	-3.8155650004776292e6	-3.893332201062025e6	-3.971149090110446e6	-4.0500697690662798e6	-4.128376467386147e6	-4.208348633130568e6	-4.287638795041436e6	-4.3684656471154345e6	-4.449710298796596e6	-4.530022740191044e6	-4.612833865435695e6	-4.695383490921864e6	-4.778033326445549e6	-4.86132695716545e6	-4.944810283405511e6	-5.029766024801426e6	-5.1145566861807825e6	-5.199079419278115e6	-5.2853448555529155e6	-5.371305983796982e6	-5.459061440355849e6	-5.5464750581195755e6	-5.6335320754338065e6	-5.7221274643461825e6	-5.810724843339817e6	-5.900294449985956e6	-5.99082873597052e6	-6.081638787461881e6	-6.171342699993232e6	-6.263412438350893e6	-6.353755606951248e6	-6.446504541088099e6	-6.539524363081346e6	-6.634161917353647e6	-6.726564766782649e6	-6.8215908402848765e6	-6.915802374864882e6	-7.011403896150492e6	-7.106758069567262e6	-7.202881210039655e6	-7.301225223124772e6	-7.3980532268124055e6	-7.495632316062649e6	-7.594317038722501e6	-7.692161976105917e6	-7.791483287980794e6	-7.891567009802563e6	-7.992786917195636e6	-8.093089674541842e6
-6.578221211249932e-8	-7.319002840603178e-7	-1.4399586285053954e-6	-2.2301972085159518e-6	-3.1469011974543225e-6	-4.240530224211832e-6	-5.570087277312634e-6	-7.205813305419176e-6	-9.23230058719893e-6	-0.000011752126355781465	-0.00001489011765465942	-0.000018798368538598183	-0.000023662140897619613	-0.000029706789517284435	-0.0000372058593292646	-0.0000464905065999973	-0.00005796039402137517	-0.0000720961996975624	-0.00008947385857518363	-0.00011078061786336834	-0.00013683293048101595	-0.00016859612665528177	-0.00020720568662615732	-0.00025398977924642784	-0.0003104925236621991	-0.0003784971654354558	-0.00046004802590981586	-0.0005574696769947012	-0.0006733813080492557	-0.0008107036867636591	-0.0009726554782956793	-0.0011627349928970817	-0.0013846827123207707	-0.0016424192485901773	-0.0019399527884095174	-0.0022812496754186003	-0.0026700617184764464	-0.0031097042641518016	-0.0036027802531300975	-0.004150847648076852	-0.004754031055741061	-0.005410583354182673	-0.006116409929367985	-0.006864576886013551	-0.007644835315594429	-0.008443206089733705	-0.009241682995206744	-0.010018125066185976	-0.010746419709747322	-0.011397003834675942	-0.011937826988306498	-0.01233582406471813	-0.01255893074775729	-0.012578618285170012	-0.012372843097056227	-0.011929202511029437	-0.01124796818058029	-0.01034454983771092	-0.0092508510545272	-0.008014953545158115	-0.006698652167739994	-0.0053726013013251795	-0.004109246254869946	-0.0029742767208792995	-0.0020179559813918056	-0.0012681635097346632	-0.0007270821721798498	-0.0003729132620485815	-0.00016671973530890528	-0.00006273379079513395	-0.00001892367079154545	-4.2669651608781815e-6	-6.476765436023269e-7	-5.610021277741527e-8	-2.0974438005492596e-9	-2.0156953052815075e-11	-1.6487956449023808e-14	-5.958861038431856e-20	0.	0.	0.	0.	0.	0.	0.	0.	0.	0.	0.	0.	0.	0.	0.	0.	0.	0.	0.	0.	0.	0.	-194651.9137070287	-301571.23630006687	-386633.90352141374	-462881.02299464226	-533816.5090693106	-601459.2353421962	-667033.8830184683	-731331.5707508061	-794643.2856435527	-857211.1450650025	-919362.6318438904	-981505.2553600667	-1.0431779098544891e6	-1.1044691875091458e6	-1.1663757195712132e6	-1.2283246078247596e6	-1.2903187228898588e6	-1.3528568097902e6	-1.4151933014539392e6	-1.4775182384497726e6	-1.540906822567889e6	-1.6039219582304948e6	-1.6673007254963128e6	-1.7320263732251825e6	-1.7961806332992462e6	-1.8612547461707054e6	-1.9261855816664451e6	-1.991698170966447e6	-2.0576057203185898e6	-2.124011034702779e6	-2.1909686544491877e6	-2.258080345249898e6	-2.324979135905887e6	-2.3941917667366774e6	-2.4625893481500912e6	-2.531434791178726e6	-2.60081958324745e6	-2.670550244674956e6	-2.7414942528350255e6	-2.81242841986297e6	-2.8839309685240355e6	-2.9542307478825105e6	-3.0273086708265305e6	-3.100217336597115e6	-3.173471188702667e6	-3.2475035745372474e6	-3.3202941257972e6	-3.3961034693681537e6	-3.4708425837523323e6	-3.546391165849537e6	-3.6222843509343527e6	-3.6991915475159474e6	-3.7758018049286227e6	-3.8534710638264893e6	-3.931777837837636e6	-4.0097523401171733e6	-4.088640739599494e6	-4.168572624130836e6	-4.247968951272847e6	-4.328605233360378e6	-4.409353615099468e6	-4.490862808369244e6	-4.572757420414809e6	-4.654462373227107e6	-4.738743569246833e6	-4.821147358121824e6	-4.904965956039528e6	-4.990139699480436e6	-5.074421329726338e6	-5.160026367369459e6	-5.244933796957844e6	-5.3323484088556655e6	-5.418369649372767e6	-5.506349941714358e6	-5.59475802798458e6	-5.682410376627054e6	-5.771854963140234e6	-5.861292865865265e6	-5.9504399283048995e6	-6.040010728670746e6	-6.131104900588304e6	-6.2241103464418e6	-6.314382066531507e6	-6.4075294156461e6	-6.499984642071868e6	-6.592327426818135e6	-6.68758554245885e6	-6.781810504609303e6	-6.875948681278194e6	-6.972224773364358e6	-7.06708861787602e6	-7.162693561223208e6	-7.261022619803564e6	-7.357497556700041e6	-7.455326662370623e6	-7.553936611452601e6	-7.652705067500622e6	-7.751968619217334e6	-7.850976353443717e6	-7.952121045011354e6	-8.053401543530229e6
-5.457601687189657e-8	-6.072391574711502e-7	-1.1948036745879878e-6	-1.8507714192620363e-6	-2.6120415565354706e-6	-3.5207024227360358e-6	-4.626029306861426e-6	-5.98676266980068e-6	-7.673747914826172e-6	-9.773025823441761e-6	-0.000012389471974754543	-0.000015651093574185513	-0.000019714102688178105	-0.00002476889528725968	-0.000031047074866302376	-0.000038829666549617825	-0.00004845667091673895	-0.00006033810423472736	-0.00007496666070322004	-0.00009293210937081763	-0.00011493749943961971	-0.00014181718773738627	-0.00017455661526939866	-0.00021431363909132337	-0.00026244106353593116	-0.00032050980268816254	-0.00039033183526595704	-0.0004739817754102212	-0.0005738154713010205	-0.000692483553657412	-0.0008329372882687439	-0.0009984234480447198	-0.0011924642282518903	-0.0014188175154843073	-0.0016814121373272628	-0.0019842521407160913	-0.0023312837775876765	-0.002726218856517575	-0.0031723086274711267	-0.003672063622358627	-0.004226917131629832	-0.004836833535976186	-0.0054998678131373884	-0.006211689446657497	-0.006965092824516002	-0.007749527000995685	-0.00855069008772373	-0.009350246800748654	-0.01012574050838132	-0.010850781466600505	-0.011495597929722668	-0.012028032768115818	-0.012415050703571934	-0.012624785624454963	-0.012629099594211407	-0.012406542995168884	-0.011945500511549877	-0.011247188397200073	-0.010328051557272771	-0.009221021943594553	-0.007975080711052629	-0.006652660089603198	-0.0053246678838076225	-0.004063337153549746	-0.0029336684348239598	-0.0019848409387296885	-0.0012434337149603816	-0.0007103611612591459	-0.00036284585116074533	-0.00016144718048265183	-0.0000604091407276053	-0.000018099946006779962	-4.047684263085282e-6	-6.080660632981146e-7	-5.196882724243097e-8	-1.9082490385198634e-9	-1.7873030000985427e-11	-1.4046919149591249e-14	-4.7232050910110094e-20	0.	0.	0.	0.	0.	0.	0.	0.	0.	0.	0.	0.	0.	0.	0.	0.	0.	0.	0.	0.	0.	0.	-220455.10946266097	-321173.6165576776	-404448.9129189292	-479451.0814639167	-550501.2563264875	-618008.8950073081	-683369.3460273937	-748190.1061550509	-811457.0107688756	-874056.948320747	-936779.1605159666	-998734.0307182309	-1.0612820954853164e6	-1.1232733784311211e6	-1.1852015724603808e6	-1.2476267417586793e6	-1.310333731917197e6	-1.3731928584916305e6	-1.4352512519291495e6	-1.4986424718553734e6	-1.5624815945417515e6	-1.6260582744876235e6	-1.6901635855233187e6	-1.7547367468453282e6	-1.8195925795621728e6	-1.885123247975129e6	-1.9504522830214156e6	-2.0169678222408183e6	-2.083032930872591e6	-2.1492470095092175e6	-2.2176079968526633e6	-2.2849291547030434e6	-2.352670331124246e6	-2.4220746229522848e6	-2.490041147063266e6	-2.560589262406016e6	-2.6305033787949476e6	-2.700002466862036e6	-2.771491193188666e6	-2.84270890699956e6	-2.9144360809728852e6	-2.9864882074325257e6	-3.0585464937169375e6	-3.133091820354123e6	-3.2067897357297665e6	-3.2802687116393815e6	-3.355775261117404e6	-3.4303083072377555e6	-3.5053240823625247e6	-3.58190857014863e6	-3.65827771513613e6	-3.735346147797778e6	-3.813148161498805e6	-3.8908088798411526e6	-3.969515440085214e6	-4.0480396640699944e6	-4.127744223246164e6	-4.208167593972427e6	-4.287910858911564e6	-4.369192633760427e6	-4.45089397377355e6	-4.533367076175259e6	-4.614935549470988e6	-4.697946571513155e6	-4.781059021161655e6	-4.865341486079996e6	-4.948765172746355e6	-5.034188118501059e6	-5.119446669724356e6	-5.206193699789784e6	-5.291173766521067e6	-5.379438703792117e6	-5.465834695979353e6	-5.553721826440232e6	-5.642475531820032e6	-5.731273070001789e6	-5.8204604078621175e6	-5.910475536804289e6	-6.000456832060219e6	-6.091746458263316e6	-6.182970094761519e6	-6.274479361244881e6	-6.367557722605973e6	-6.460311275633939e6	-6.552034882591502e6	-6.647158069329724e6	-6.741910554607944e6	-6.835553651038293e6	-6.932887429239221e6	-7.027544488243139e6	-7.124178868506381e6	-7.221732778125932e6	-7.317619473761796e6	-7.414934008895522e6	-7.513000665748313e6	-7.612174837679931e6	-7.71233711165567e6	-7.813151916841082e6	-7.910891579201439e6	-8.012604051586993e6
-4.5230916857080475e-8	-5.032771491637826e-7	-9.903325759349723e-7	-1.5342553893288761e-6	-2.1657522018740417e-6	-2.919883292322505e-6	-3.837744205805124e-6	-4.968387986429597e-6	-6.3710584123464545e-6	-8.117812069416662e-6	-0.00001029661581832315	-0.000013015015984808573	-0.000016404486131258516	-0.000020625571102522607	-0.000025873955538716377	-0.000032387594320041734	-0.000040455049239740044	-0.00005042517897649555	-0.00006271832605110755	-0.0000778391322089364	-0.00009639108918342968	-0.00011909289089178906	-0.00014679659074406004	-0.0001805074779398423	-0.0002214054624891537	-0.00027086759250014806	-0.0003304911106863797	-0.000402116181506244	-0.00048784707773953	-0.0005900701989302807	-0.0007114668001009703	-0.0008550177383356292	-0.0010239969053960562	-0.0012219493251736304	-0.001452649188723701	-0.0017200324293582796	-0.002028097882772079	-0.002380770739412219	-0.002781722020265916	-0.003234138373568533	-0.0037404378185712404	-0.00430192940829043	-0.00491841842347107	-0.005587763920900135	-0.006305402475895804	-0.007063860915885938	-0.007852291689749397	-0.008656076912044444	-0.009456560289950532	-0.010230978733148342	-0.010952675389175551	-0.011591680237405817	-0.012115739477476314	-0.012491856365005622	-0.012688369279073587	-0.012677533716959722	-0.012438491713745836	-0.011960406979160476	-0.011245425321757901	-0.010311005045675047	-0.0091910789261424	-0.007935496345681107	-0.006607295402014349	-0.005277609929834235	-0.0040184423116086205	-0.002894098802404575	-0.0019526852479929313	-0.0012195062256245654	-0.0006942443772834331	-0.0003531830083187507	-0.00015641055038330225	-0.00005820073087685185	-0.00001732252019673962	-3.842372480868074e-6	-5.713474873263793e-7	-4.818828155881569e-8	-1.7381206108400358e-9	-1.5870048637171695e-11	-1.1988246454541554e-14	-3.752310409269708e-20	0.	0.	0.	0.	0.	0.	0.	0.	0.	0.	0.	0.	0.	0.	0.	0.	0.	0.	0.	0.	0.	-95286.0691027029	-243850.91927149773	-340329.90592756396	-421895.1596730263	-496196.868107276	-566332.0560628299	-634322.1633966776	-700161.3727595741	-764488.6025688228	-828064.7748660571	-891749.480150651	-954104.8262097057	-1.0169749068769258e6	-1.0795029058974008e6	-1.1414342820066914e6	-1.204165719878506e6	-1.2667373737997394e6	-1.3302261365522782e6	-1.3924789485627112e6	-1.4562440963911295e6	-1.520136771327928e6	-1.5833625527808063e6	-1.647955020198016e6	-1.7127793767313205e6	-1.7777477869087884e6	-1.8427241689246718e6	-1.9086086417268708e6	-1.9748249005812802e6	-2.041410788142753e6	-2.107556589667943e6	-2.1753046265426874e6	-2.2436071221680893e6	-2.31205825781205e6	-2.38028421394871e6	-2.4494717107161707e6	-2.518871102774212e6	-2.589089403149552e6	-2.6596464405618883e6	-2.7296546987871034e6	-2.80212309900947e6	-2.873778659859345e6	-2.9462768408807293e6	-3.0181053586284304e6	-3.091672826089389e6	-3.165020843124565e6	-3.2391291557973227e6	-3.3144027970141787e6	-3.389219223591432e6	-3.464562646811836e6	-3.5407964499795153e6	-3.616951626458329e6	-3.694206675588793e6	-3.7724938962342422e6	-3.8504585683264975e6	-3.927982325537203e6	-4.0077716611722177e6	-4.0871068970119744e6	-4.1674104747772263e6	-4.247334743932651e6	-4.328423662566236e6	-4.409626485031759e6	-4.491591836670562e6	-4.573944235922812e6	-4.6578784994906355e6	-4.740850918210793e6	-4.823716555321646e6	-4.908347221473167e6	-4.993638093433042e6	-5.078385611045652e6	-5.1649189686975395e6	-5.251919102718994e6	-5.338039782320824e6	-5.426386864469685e6	-5.513282863349196e6	-5.601545240478081e6	-5.691197362951365e6	-5.779591093061703e6	-5.869505026772276e6	-5.960744236127217e6	-6.051668689212274e6	-6.142423914488254e6	-6.23423534311565e6	-6.32703890553224e6	-6.419217789304546e6	-6.511549860083866e6	-6.60689405377362e6	-6.700962647949859e6	-6.794824603912387e6	-6.891712719614132e6	-6.986586465971549e6	-7.084104608104016e6	-7.180682244005354e6	-7.277440127914831e6	-7.37469655331954e6	-7.474632318615045e6	-7.5718003318011565e6	-7.672249124053484e6	-7.772030983601149e6	-7.872575622634156e6	-7.970977677177599e6
-3.744726149705331e-8	-4.166824422063747e-7	-8.200014108196694e-7	-1.27054210590264e-6	-1.793826843362086e-6	-2.4190246378323475e-6	-3.1803640916105138e-6	-4.118752097752947e-6	-5.283659154027952e-6	-6.735338947376871e-6	-8.547457979354157e-6	-0.000010810220243505221	-0.000013634082139355276	-0.00001715416360800946	-0.000021535472444680216	-0.000026979069228263496	-0.00003372930939416677	-0.000042082305423559166	-0.000052395754282384655	-0.00006510027097200434	-0.00008071235561097012	-0.00009984909542047983	-0.0001232446601109596	-0.00015176858437142903	-0.00018644573843935988	-0.00022847776016541785	-0.00027926555187018877	-0.0003404322243335509	-0.0004138455900251179	-0.0005016389602612995	-0.0006062285799763753	-0.0007303255358010613	-0.0008769393996560219	-0.0010493702300971664	-0.001251184866985954	-0.001486172756290156	-0.0017582758850444298	-0.00207148687054635	-0.0024297089416871294	-0.002836571617886548	-0.003295196514763294	-0.00380790910642913	-0.0043758947068573304	-0.004998800672491223	-0.005674292146363513	-0.006397575786994062	-0.007160914974164275	-0.007953170888896232	-0.00875941625618013	-0.009560681610679314	-0.0103339063090069	-0.01105217605365866	-0.01168533247714619	-0.012201034605516758	-0.0125663323934456	-0.012749774463055894	-0.012724011888904058	-0.01246877569787622	-0.01197400013740969	-0.011242745634420244	-0.01029346255210475	-0.009161057723053569	-0.007896218676117547	-0.006562559269603295	-0.005231413486622535	-0.003974536018498082	-0.0028555347726090525	-0.0019214533872486416	-0.0011963476004706974	-0.0006787039223651953	-0.0003439041985906294	-0.0001515967132661781	-0.00005610145832927846	-0.000016588274663846284	-3.6499852021753097e-6	-5.372782482280134e-7	-4.4725089858658716e-8	-1.5849460520992793e-9	-1.4110833254022702e-11	-1.0248853513912593e-14	-2.987800752508576e-20	0.	0.	0.	0.	0.	0.	0.	0.	0.	0.	0.	0.	0.	0.	0.	0.	0.	0.	0.	0.	0.	-136426.74598313632	-265749.7284191823	-358812.38880768605	-438827.70184299315	-512732.5860220597	-583035.6523366559	-650384.6333564448	-716351.1666621793	-780692.5853914935	-845226.4605019588	-908267.1673811531	-971624.4381418964	-1.0344014714422126e6	-1.0969952318622628e6	-1.1603557157422737e6	-1.2232681618288564e6	-1.2866415262886456e6	-1.349861468832987e6	-1.4129465987406368e6	-1.4770346485168792e6	-1.5411704503841072e6	-1.604950087464963e6	-1.6702749321038458e6	-1.734630453069564e6	-1.8004369636055003e6	-1.8663556080287215e6	-1.932600084039478e6	-1.9995342525813126e6	-2.0657860414234593e6	-2.133625686034775e6	-2.201004698364494e6	-2.269435949005327e6	-2.338074858647753e6	-2.4075320861775726e6	-2.4775474457153417e6	-2.546804172958523e6	-2.617022997757463e6	-2.6882098301466177e6	-2.760370580159775e6	-2.8315498254427584e6	-2.904304733890019e6	-2.9764540644772877e6	-3.0505512096889867e6	-3.123575980494761e6	-3.198109628254532e6	-3.2717380023295195e6	-3.347313185450938e6	-3.4234438847815534e6	-3.499832763682196e6	-3.5759089375052685e6	-3.652750851392328e6	-3.7307707618880356e6	-3.8086618927010843e6	-3.8870840252368846e6	-3.9660712254974577e6	-4.045606408058089e6	-4.125757170234761e6	-4.206628761128216e6	-4.286822603431051e6	-4.368556520446058e6	-4.4507118699309435e6	-4.533640769449549e6	-4.615666570004994e6	-4.699136573216236e6	-4.782709400097687e6	-4.867695688384413e6	-4.953199812379624e6	-5.037228307919488e6	-5.122952695661175e6	-5.210167538464937e6	-5.297411526478459e6	-5.384350499502299e6	-5.471216186748561e6	-5.559459988081212e6	-5.649785727231985e6	-5.738072945111113e6	-5.829051120621096e6	-5.918661527979435e6	-6.009135211859322e6	-6.100450285897615e6	-6.192151837884619e6	-6.284139471906279e6	-6.377698636099239e6	-6.470932454010529e6	-6.565880349719174e6	-6.658741596090648e6	-6.753977283202446e6	-6.850984368648635e6	-6.945772569805445e6	-7.0410617177262e6	-7.139084611127541e6	-7.236222453005102e6	-7.333858502798692e6	-7.433079611308141e6	-7.532145733800603e6	-7.63137246760652e6	-7.729755079457915e6	-7.8305654310508715e6	-7.93216920441064e6
-3.097180146381572e-8	-3.4463896587016473e-7	-6.782782241750691e-7	-1.0510850196090027e-6	-1.4842476484459224e-6	-2.0020041284840537e-6	-2.632827251200392e-6	-3.410785141708398e-6	-4.377129652494282e-6	-5.582171148115237e-6	-7.08750567490549e-6	-8.968669092229758e-6	-0.000011318302353624623	-0.000014249922568950364	-0.000017902405439625004	-0.000022445295670466042	-0.000028085072351782165	-0.00003507250513887759	-0.0000437112430647003	-0.000054367779323371085	-0.00006748293017341974	-0.00008358495144626107	-0.0001033043885268165	-0.00012739071082805957	-0.00015673071457334304	-0.00019236858208816833	-0.00023552735485948262	-0.0002876314036444387	-0.00035032925367389463	-0.00042551583818164736	-0.0005153529013883602	-0.0006222858466109742	-0.0007490548233929546	-0.0008986972715958742	-0.001074538500109716	-0.0012801661940990265	-0.001519384053429735	-0.0017961391217994468	-0.0021144168517594655	-0.002478097676159131	-0.0028907689674424514	-0.003355486946654385	-0.0038744845759396728	-0.004448823986217786	-0.005077995828810463	-0.005759473362400648	-0.006488236312588696	-0.007256288677779738	-0.008052205613200043	-0.008860756907977909	-0.009662667540425211	-0.010434587927768742	-0.01114935562653382	-0.011776633419507562	-0.01228400217330171	-0.012638566197179294	-0.012809089609736146	-0.012768620768136197	-0.012497476713630749	-0.011986353616121471	-0.01123921171246009	-0.01027547252207621	-0.00913099094163756	-0.007857263656009932	-0.006518451509624801	-0.005186064182752994	-0.003931592983502992	-0.002817944374028711	-0.0018911113287398982	-0.0011739260340030053	-0.0006637134244903268	-0.00033499012093506433	-0.0001469933975359589	-0.00005410472629626656	-0.000015894332927554287	-3.4695667214110076e-6	-5.056386050599429e-7	-4.154929674620894e-8	-1.4468672091523113e-9	-1.2563461888483728e-11	-8.776576336164381e-15	-2.3841797226089554e-20	0.	0.	0.	0.	0.	0.	0.	0.	0.	0.	0.	0.	0.	0.	0.	0.	0.	0.	0.	0.	0.	-168408.9968441304	-286252.7289480544	-376387.08973830414	-455345.75296553795	-528764.8615527716	-598651.4448680894	-666325.0459555144	-732351.5077533873	-797424.8269469878	-861651.8699925086	-925443.6494119498	-989217.755950831	-1.0521607751065975e6	-1.1154003151960485e6	-1.1790760765212746e6	-1.2425088983145175e6	-1.3058218066381058e6	-1.3699432289964915e6	-1.4336657080330476e6	-1.497449050807924e6	-1.5623681686588984e6	-1.6270388424293601e6	-1.6920896018113978e6	-1.7576596815150215e6	-1.8237218749564032e6	-1.8902992826303132e6	-1.9567907821216127e6	-2.023837771558488e6	-2.091367501930842e6	-2.1593663325595222e6	-2.2269930079926243e6	-2.2956276312544527e6	-2.3649197687742813e6	-2.434386239554789e6	-2.504940041308381e6	-2.5748332733627837e6	-2.645693327920269e6	-2.7175261150151496e6	-2.790337544681081e6	-2.862279405177638e6	-2.9352000757518867e6	-3.0079804627862214e6	-3.08112034415135e6	-3.1556443442919273e6	-3.2308898789496045e6	-3.3058084129385543e6	-3.380607438271378e6	-3.45766775771141e6	-3.534096043735717e6	-3.611438459411047e6	-3.689124565233156e6	-3.7665650802864903e6	-3.8449228127457798e6	-3.9242103875472313e6	-4.0040180947827525e6	-4.084219663905985e6	-4.1640549187937e6	-4.245341520863439e6	-4.326880310816014e6	-4.40853500530259e6	-4.49095393690691e6	-4.573761648921581e6	-4.658152925334021e6	-4.741583909154772e6	-4.825797374550341e6	-4.910920631262582e6	-4.995755542404322e6	-5.080967003532599e6	-5.168119892826625e6	-5.255433605774718e6	-5.342890564433477e6	-5.430838787362118e6	-5.518873701139741e6	-5.606937820267296e6	-5.69706308585783e6	-5.78592912721406e6	-5.877520872024478e6	-5.968032862251285e6	-6.059433531748171e6	-6.150664940847425e6	-6.242954090251213e6	-6.336719278719312e6	-6.429297421111771e6	-6.524333017961313e6	-6.6175320327766435e6	-6.713229072825289e6	-6.8091846942434525e6	-6.9043301775693055e6	-6.999976821828355e6	-7.097157542057917e6	-7.194219353356878e6	-7.291461343233211e6	-7.391272463222692e6	-7.48979541165997e6	-7.589425141667579e6	-7.688217425460737e6	-7.788486967257317e6	-7.889520318954867e6
-2.559086191012182e-8	-2.847705568234951e-7	-5.604944317441424e-7	-8.68669438715689e-7	-1.2268656749829386e-6	-1.6551998463354123e-6	-2.177327565754934e-6	-2.8215848983071277e-6	-3.622324029719031e-6	-4.621493535663316e-6	-5.870520467038868e-6	-7.432559325713989e-6	-9.38518192837112e-6	-0.000011823592026754831	-0.000014864459168514892	-0.000018650477323000887	-0.00002335576478035263	-0.000029192232070352262	-0.00003641705318125685	-0.00004534138089098371	-0.000056340447837505245	-0.00006986518882807276	-0.00008645550399044681	-0.00010675525317605181	-0.0001315290252171458	-0.00016168065603901685	-0.00019827337116022837	-0.0002425512938380971	-0.0002959618823474952	-0.0003601786304503491	-0.000437123075825657	-0.000528984804581409	-0.0006382377102093913	-0.0007676502599679529	-0.0009202869434553008	-0.001099497437753128	-0.001308889342916072	-0.0015522796579968503	-0.0018336195384720485	-0.002156886383271565	-0.002525937056390812	-0.0029443162020013954	-0.0034150143485957287	-0.003940172039844864	-0.004520728831668968	-0.0051560199275026905	-0.005843328748209242	-0.006577411058563782	-0.007350015492385809	-0.008149436324865178	-0.008960146711105763	-0.009762573474456478	-0.010533086424171957	-0.011244283919966548	-0.011865658980674789	-0.01236472286937327	-0.012708641425069871	-0.012866399050026517	-0.012811442685118968	-0.012524672124122125	-0.011997536743090297	-0.011234881924418624	-0.010257079879144655	-0.009100908329422251	-0.007818645177000857	-0.00647497074942178	-0.005141547324803531	-0.0038895883708907316	-0.0027812966947991817	-0.0018616264763563865	-0.0011522112687967078	-0.0006492479433710984	-0.000326422623860175	-0.00014258912765834468	-0.00005220440326833328	-0.000015238039565481962	-3.30024180313344e-6	-4.762292730210225e-7	-3.8634071304284245e-8	-1.3222472756735885e-9	-1.1200478037021737e-11	-7.528194594084752e-15	-1.9066090444086432e-20	0.	0.	0.	0.	0.	0.	0.	0.	0.	0.	0.	0.	0.	0.	0.	0.	0.	0.	0.	0.	0.	-195779.63084060003	-305876.85886638885	-393843.2997589683	-472089.0703526705	-544619.9720295051	-614465.0260401408	-682174.9310442503	-748416.5898024245	-813738.8375229806	-878113.7075447424	-942264.6686700132	-1.0062315158300898e6	-1.0697441308803253e6	-1.1331613289325451e6	-1.1968988948307177e6	-1.260929966120041e6	-1.3250117504710748e6	-1.388789759261352e6	-1.4535059544572518e6	-1.5178106353864665e6	-1.5828693768508432e6	-1.6482235226083957e6	-1.713825666923693e6	-1.7795863617771806e6	-1.846624775797482e6	-1.9130189203869295e6	-1.9804423109509451e6	-2.0474737496975057e6	-2.1163800818129526e6	-2.184174724914321e6	-2.252610008587712e6	-2.3221998001664635e6	-2.3912864421275677e6	-2.462295728650466e6	-2.532530278966045e6	-2.603579789343386e6	-2.674965144687237e6	-2.7470526086577177e6	-2.8192629083825396e6	-2.8913847608639025e6	-2.964916605384732e6	-3.039301417233193e6	-3.1129863113032356e6	-3.187877826629227e6	-3.263665276866137e6	-3.3396544434626168e6	-3.414879796770794e6	-3.491887525122064e6	-3.5689519090554356e6	-3.646723464463303e6	-3.7244461600914258e6	-3.8028356986081917e6	-3.8818718432044415e6	-3.96099990658477e6	-4.041821343150545e6	-4.122415308351851e6	-4.202209783807845e6	-4.284374028599854e6	-4.366350353319021e6	-4.449163987268765e6	-4.530753739678443e6	-4.615026927037739e6	-4.698953496031148e6	-4.782984463253689e6	-4.868430489916696e6	-4.954395925603367e6	-5.0388865930567905e6	-5.126899236458835e6	-5.212755154346387e6	-5.300465801453462e6	-5.3878721643510405e6	-5.47708200370268e6	-5.565949464745519e6	-5.654717353524285e6	-5.745020031405107e6	-5.834927835431659e6	-5.925689313728996e6	-6.017894721792169e6	-6.109899409799996e6	-6.201623476611898e6	-6.295006905521377e6	-6.388187187352703e6	-6.481157706088984e6	-6.575573001086554e6	-6.67075869820778e6	-6.764320288965905e6	-6.862121566721734e6	-6.957390570097999e6	-7.055127734517468e6	-7.1516697428420065e6	-7.249291571523216e6	-7.348350040140952e6	-7.447120394068363e6	-7.546672985568693e6	-7.646386056841646e6	-7.746595776814181e6	-7.846551608029937e6
-2.1124450641437288e-8	-2.350754979627595e-7	-4.627165127367175e-7	-7.172150224142565e-7	-1.0131245549118591e-6	-1.3671220316207273e-6	-1.7988373355956093e-6	-2.3318094619533387e-6	-2.9946076145371192e-6	-3.822160600899541e-6	-4.857343922285205e-6	-6.152881068554257e-6	-7.773623695990653e-6	-9.799284532808632e-6	-0.000012327706904213723	-0.000015478765488039502	-0.000019399003972521952	-0.000024267126195041846	-0.000030300467385981952	-0.000037762580342590616	-0.00004697207638869537	-0.00005831286107209257	-0.00007224589751354216	-0.00008932261310571057	-0.00011020003459591453	-0.00013565768774717255	-0.00016661622584057662	-0.00020415764998159413	-0.0002495468466157386	-0.0003042539861633023	-0.00036997709314361767	-0.0004486638045051201	-0.0005425309718122056	-0.0006540803290297326	-0.0007861079388441275	-0.0009417045501619898	-0.0011242433591469496	-0.0013373509888865035	-0.0015848568270585488	-0.0018707152455660439	-0.002198894755156852	-0.0025732279361540523	-0.0029972161830943084	-0.0034737840933021014	-0.004004979940847845	-0.004591621361675836	-0.005232889401617547	-0.005925879702786834	-0.006665127025699548	-0.007442128604509706	-0.008244902883389187	-0.009057632535558188	-0.009860453421484	-0.010629462801015153	-0.011337028450202938	-0.011952482317027956	-0.012443274182096651	-0.012776638136526628	-0.012921783217708541	-0.012852555878514199	-0.012550435148425326	-0.012007614816043611	-0.011229810902817695	-0.010238326284562522	-0.009070837006555397	-0.007780375260753895	-0.006432114567728669	-0.005097847982035759	-0.00384849782787316	-0.002745561860108461	-0.0018329676048202863	-0.00113117451253662	-0.0006352838825825214	-0.0003181846274496983	-0.00013837316537465257	-0.000050394785827046676	-0.000014616941097171492	-3.141208125023678e-6	-4.488693213700779e-7	-3.595535152996994e-8	-1.2096423945702156e-9	-9.998227328789064e-12	-6.4678279154424496e-15	-1.5278614564747873e-20	0.	0.	0.	0.	0.	0.	0.	0.	0.	0.	0.	0.	0.	0.	0.	0.	0.	0.	0.	0.	0.	-220443.57088945407	-324520.25099680247	-410532.08607931295	-488049.98589257186	-560786.0281484136	-630476.395867426	-697885.8429430798	-764431.3569067034	-829559.4737995412	-894317.0332974116	-959359.1841507782	-1.0231170050283079e6	-1.0874231917291365e6	-1.1516712359278603e6	-1.2154214414258583e6	-1.2794345184360966e6	-1.3442873770574864e6	-1.4089883908989646e6	-1.4737498690877676e6	-1.5387988494984864e6	-1.6040742736726522e6	-1.6701594328906112e6	-1.7364911160091523e6	-1.8029790687332687e6	-1.8693456202247909e6	-1.936976506747663e6	-2.004689410299882e6	-2.0718983444808407e6	-2.1407735127735473e6	-2.2101183937005405e6	-2.279076179060798e6	-2.348411430064835e6	-2.4183171005820422e6	-2.488906637436827e6	-2.560715990660896e6	-2.63190389062362e6	-2.70406818439304e6	-2.7754722328515816e6	-2.849568719410686e6	-2.9218060513395215e6	-2.995685516982041e6	-3.069699365431508e6	-3.145700731905771e6	-3.220589135280975e6	-3.2958017296563834e6	-3.3724984646640583e6	-3.448835501500174e6	-3.525549097201868e6	-3.603579234985338e6	-3.68151683943357e6	-3.759895041381289e6	-3.839368317771393e6	-3.919091328846267e6	-3.998399544731056e6	-4.0787404010999594e6	-4.1600655082093e6	-4.240970394828712e6	-4.323975178109654e6	-4.406079175911919e6	-4.489256440402448e6	-4.572209659411112e6	-4.657148395505428e6	-4.74094254207879e6	-4.824725882792992e6	-4.911196414478533e6	-4.996492046394325e6	-5.083059102388301e6	-5.169782097306543e6	-5.257560804992625e6	-5.345483906942678e6	-5.433899484350611e6	-5.522402658060506e6	-5.610935767352326e6	-5.701532208072185e6	-5.793148524004194e6	-5.882934541128081e6	-5.973919829505204e6	-6.065795089488274e6	-6.158538457994438e6	-6.250266587848602e6	-6.344509996313084e6	-6.438658309431425e6	-6.533080975213173e6	-6.626757890672836e6	-6.722936327084047e6	-6.819373772361151e6	-6.914999793161086e6	-7.012018210053413e6	-7.108791678842617e6	-7.206336486202689e6	-7.306105592534113e6	-7.404359811130036e6	-7.503367400758788e6	-7.603483408932099e6	-7.704095218847861e6	-7.803516131520962e6
-1.7421186677338748e-8	-1.938701653347958e-7	-3.816355188952638e-7	-5.916056087914342e-7	-8.358222423745767e-7	-1.1280952510331729e-6	-1.4846949489532084e-6	-1.925151687775404e-6	-2.473195203970033e-6	-3.1578708653801547e-6	-4.014875299707581e-6	-5.088160262899027e-6	-6.431860995754285e-6	-8.11261371060399e-6	-0.000010212336189843704	-0.000012831555641854226	-0.000016093378732012453	-0.000020148209745265187	-0.00002517933363219159	-0.00003140949051412621	-0.00003910857606746492	-0.000048602606716345695	-0.00006028408795096302	-0.00007462391605280294	-0.00009218492513400381	-0.00011363715906731085	-0.00013977489718830356	-0.0001715353883337755	-0.00021001914370675958	-0.0002565114982674634	-0.0003125049651931601	-0.0003797216703865766	-0.0004601348560960019	-0.000555988077353975	-0.0006698102770291201	-0.000804424413225412	-0.0009629467305732071	-0.001148773126970656	-0.001365548393587347	-0.0016171134382469683	-0.0019074250009392954	-0.0022404419209938824	-0.0026199718347733342	-0.003049472421838369	-0.0035318021647940483	-0.0040689172677839105	-0.004661514144076921	-0.005308621000664898	-0.006007147768389327	-0.006751411141242886	-0.007532660864778629	-0.008338644504315493	-0.00915326025600871	-0.00995636000571181	-0.010723776258790181	-0.011427654498161738	-0.01203717391921012	-0.01251973052848053	-0.012842632964714341	-0.01297531884466093	-0.01289203471776177	-0.012574835104403125	-0.012016649356243608	-0.011224049797062385	-0.010219250376700392	-0.009040801678710662	-0.007742464233429635	-0.006389879621478631	-0.0050549510604984685	-0.003808297506359866	-0.002710711007822036	-0.0018051048007224233	-0.0011107883595767554	-0.0006217989075508422	-0.0003102600512392451	-0.0001343354557411722	-0.00004867056475682	-0.000014028768695442516	-2.9917295006112913e-6	-4.233943068539301e-7	-3.3491532486217706e-8	-1.1077771556801608e-9	-8.936298317156568e-12	-5.5656317034416536e-15	-1.2268513373204576e-20	0.	0.	0.	0.	0.	0.	0.	0.	0.	0.	0.	0.	0.	0.	0.	0.	0.	0.	0.	0.	-81638.61308425447	-242756.60778848373	-342854.4714692633	-427087.45183290006	-503538.6016134273	-576435.6706157137	-646020.7526342075	-713880.6596115286	-780345.4829914978	-845767.9627946623	-911207.6649960255	-975662.1240651638	-1.040095009571246e6	-1.1046377930263176e6	-1.1690745998917974e6	-1.2342541175756368e6	-1.2980940911747585e6	-1.3637226208492871e6	-1.428316898648922e6	-1.4936071757013577e6	-1.559604944138996e6	-1.6252683474952038e6	-1.691587441449547e6	-1.758027240320047e6	-1.8247847632555382e6	-1.8921656346000659e6	-1.9594724655027955e6	-2.0285398516459188e6	-2.096938498287267e6	-2.1659822146120123e6	-2.2346553344144505e6	-2.3048836925561572e6	-2.3742355971963927e6	-2.444676182989919e6	-2.51609696233029e6	-2.5883699419953153e6	-2.6601991777485367e6	-2.7330095322556053e6	-2.805253959807974e6	-2.878213698650931e6	-2.9520261323550357e6	-3.0268312941420493e6	-3.1014803660183977e6	-3.176486505934946e6	-3.252282857441007e6	-3.3286415337619446e6	-3.4053167496639923e6	-3.482661574192479e6	-3.5594419419890237e6	-3.6383933980954625e6	-3.7171598885736177e6	-3.7955377498881486e6	-3.8749773611341286e6	-3.955355326782973e6	-4.0354661208562157e6	-4.116296258729371e6	-4.19795690429858e6	-4.2805651344178775e6	-4.362539124988543e6	-4.444840117518002e6	-4.528381197362428e6	-4.6130166205692e6	-4.697397339957883e6	-4.781884210629673e6	-4.867787538575949e6	-4.95421190818433e6	-5.0391629739130065e6	-5.127534075779369e6	-5.213956547434191e6	-5.302131769621626e6	-5.390003698338406e6	-5.479680854960614e6	-5.5690164603691455e6	-5.658253236526251e6	-5.7490265143626e6	-5.839405332430095e6	-5.931005323035671e6	-6.023318520519417e6	-6.115797625780997e6	-6.207996224086724e6	-6.3018562360480875e6	-6.395513194333492e6	-6.490252934232222e6	-6.583854101283731e6	-6.679519399152434e6	-6.776293658165482e6	-6.871843019276833e6	-6.9695320480362745e6	-7.065812159968206e6	-7.162835498798931e6	-7.263561019508092e6	-7.36175508475106e6	-7.459738124521501e6	-7.559775996967049e6	-7.659974305326281e6	-7.760669771073671e6
-1.4353946021197264e-8	-1.5974063911474542e-7	-3.144721699686966e-7	-4.875429759415361e-7	-6.889061283805271e-7	-9.299848330547011e-7	-1.2242495865881614e-6	-1.5878857323355186e-6	-2.040579203799647e-6	-2.606452116217855e-6	-3.3151846136170906e-6	-4.203365044472523e-6	-5.316117160749213e-6	-6.709060631283409e-6	-8.450669719243306e-6	-0.000010625104435589953	-0.000013335598718115769	-0.000016708500974894513	-0.00002089807331793199	-0.00002609216647153085	-0.000032518896921540534	-0.00004045446034397857	-0.000050232219328289684	-0.00006225320207165879	-0.00007699813972435697	-0.00009504115045565755	-0.00011706514442286348	-0.000143878971212051	-0.00017643625468151118	-0.00021585575331821606	-0.00026344294024413875	-0.0003207123082580596	-0.00038940966379361487	-0.00047153337159773934	-0.0005693531424084499	-0.0006854245141389259	-0.0008225966619172115	-0.0009840105884245038	-0.0011730841064653648	-0.001393479355654292	-0.0016490479355847775	-0.0019437481506129266	-0.002281528433911737	-0.002666170868867439	-0.0031010890070829523	-0.003589075083950429	-0.004131993479918261	-0.004730420120838529	-0.005383231717936013	-0.0060871545629392915	-0.00683629019932371	-0.0076216447396247125	-0.008430699725792707	-0.009247074736954682	-0.010050344474294242	-0.010816084228952682	-0.011516225171516474	-0.012119801705196349	-0.012594163379228644	-0.012906699273044631	-0.01302707914637773	-0.012929949913088653	-0.012597937636431841	-0.012024698345009268	-0.011217646508045864	-0.010199887991898506	-0.009010824832218631	-0.007704920884271972	-0.0063482617596011415	-0.005012841367756545	-0.0037689640793567044	-0.002676716262690425	-0.001778009405502499	-0.0010910267168121033	-0.0006087718689904155	-0.00030263374746928315	-0.0001304665775613216	-0.000047026794136529675	-0.00001347142253473448	-2.8511297943646705e-6	-3.9965461415406276e-7	-3.1223192407714236e-8	-1.0155234208876196e-9	-7.99705019269392e-12	-4.796735019883498e-15	-9.870997931089826e-21	0.	0.	0.	0.	0.	0.	0.	0.	0.	0.	0.	0.	0.	0.	0.	0.	0.	0.	0.	0.	-125592.27187147224	-263511.1320825457	-360185.7926037316	-443222.2219332194	-519456.81805462093	-591719.9053367374	-661052.9077988663	-728983.7253190222	-796049.1906863422	-861894.6995400236	-927336.8371831672	-992540.1728723899	-1.0573773857406508e6	-1.1227642507317415e6	-1.187226857120818e6	-1.2523787366446555e6	-1.3169880725125715e6	-1.3827017345143633e6	-1.4480425683457782e6	-1.5137398230737345e6	-1.579318094327738e6	-1.646574150658706e6	-1.712934382685758e6	-1.7794690059345323e6	-1.8472960163994753e6	-1.9153767535709671e6	-1.9827297490874934e6	-2.0517905558482797e6	-2.120330066907678e6	-2.1905585531615755e6	-2.2597306551646097e6	-2.3302213014548467e6	-2.4010922384309713e6	-2.472390177717844e6	-2.543977300030843e6	-2.615454599799326e6	-2.6879117272032555e6	-2.7613545922770863e6	-2.8345750931953625e6	-2.9078843286218056e6	-2.9829804013289083e6	-3.0567649358630343e6	-3.133048198597127e6	-3.2086012890477474e6	-3.283736594430402e6	-3.36101645343556e6	-3.4384629152850346e6	-3.5161991917073093e6	-3.593960118497216e6	-3.6727170602176795e6	-3.752021576665997e6	-3.83120064517911e6	-3.9113123582366584e6	-3.991172815505417e6	-4.073148085241312e6	-4.1542703620161777e6	-4.236260271901813e6	-4.318178541157612e6	-4.4022589968596585e6	-4.484777123598026e6	-4.569288267391355e6	-4.652816443929575e6	-4.738926816982831e6	-4.823166013064544e6	-4.909174416292403e6	-4.995847605403071e6	-5.082874684790286e6	-5.170212861237854e6	-5.258300700372761e6	-5.346687958821937e6	-5.435568955435227e6	-5.52470619419135e6	-5.61581306522074e6	-5.704604729594508e6	-5.796691760793433e6	-5.886948123394477e6	-5.978405137889061e6	-6.070753362432671e6	-6.164354736365257e6	-6.258676170502081e6	-6.350892752895803e6	-6.445517889203137e6	-6.5404179716178e6	-6.636940080276106e6	-6.731229903537948e6	-6.828147700740085e6	-6.924253088098884e6	-7.022959973348446e6	-7.119557757270513e6	-7.2199807586143715e6	-7.317287798170879e6	-7.416024621221099e6	-7.515515754637176e6	-7.616116851811416e6	-7.717708678491861e6
-1.1816132250951122e-8	-1.3150125393899012e-7	-2.588955364013493e-7	-4.01421482173662e-7	-5.67297295064021e-7	-7.659620159262185e-7	-1.0085558917837528e-6	-1.3084768840031237e-6	-1.6820368694140928e-6	-2.1492444691959792e-6	-2.7347456040119666e-6	-3.4689578726518133e-6	-4.389440734807557e-6	-5.542550285906813e-6	-6.985435162658671e-6	-8.788438798854073e-6	-0.000011037982799084173	-0.00001384001647909431	-0.000017324128402225707	-0.000021648426655151205	-0.000027005305110435496	-0.00003362822224884377	-0.00004179962620339816	-0.000051860163124025336	-0.00006421930389186536	-0.00007936751425556928	-0.00009789007262021007	-0.00012048260428722107	-0.00014796834642898218	-0.00018131707915128165	-0.00022166554846659843	-0.000270339059895482	-0.00032887372913184646	-0.0003990386308428598	-0.000482856780536614	-0.000582623510855192	-0.0007009203581564797	-0.0008406220571479858	-0.0010048936558803958	-0.0011971741245474967	-0.001421142165352443	-0.0016806592794961855	-0.001979684574326992	-0.0023221553879512417	-0.002711827689971819	-0.0031520705399828075	-0.0036456098409964268	-0.0041942184386241504	-0.004798352540541536	-0.005456738725783167	-0.006165921720456324	-0.006919790809253741	-0.00770911227049099	-0.008521106381973242	-0.009339119823726632	-0.010142456709346877	-0.010906442410089052	-0.011602801467679977	-0.01220043111196573	-0.012666641379853665	-0.012968907305040498	-0.013077133998149335	-0.012966368713608623	-0.012619804928970586	-0.012031816444353294	-0.011210645905852572	-0.010180272368272304	-0.008980926912983252	-0.00766775260980267	-0.006307256125138012	-0.004971503669314851	-0.0037304747527544006	-0.002643550709531526	-0.001751653960433148	-0.0010718647336538183	-0.0005961827314120505	-0.00029529143928173484	-0.00012675769782012782	-0.00004545886312436774	-0.000012942957607285822	-2.7187874522938683e-6	-3.775139785536963e-7	-2.9132851808216934e-8	-9.31881996331862e-10	-7.165213199228112e-12	-4.140373235554811e-15	-7.956582390333675e-21	0.	0.	0.	0.	0.	0.	0.	0.	0.	0.	0.	0.	0.	0.	0.	0.	0.	0.	0.	0.	-157911.07349850147	-283422.94193449424	-377004.13425581175	-458961.4618150122	-534844.0887975211	-607228.4695761319	-676573.5600544986	-744508.5324848825	-811633.9655232521	-878052.4681202312	-943981.4294448479	-1.0092995748387498e6	-1.0748979674566e6	-1.1402394223529978e6	-1.2055095288533324e6	-1.270406302032765e6	-1.3362016147075046e6	-1.4015113758917165e6	-1.4673847610484003e6	-1.534030048267322e6	-1.6002960927666614e6	-1.6669544697389049e6	-1.7340085832560798e6	-1.8013786545385073e6	-1.8698208410749752e6	-1.9380547110560935e6	-2.0065809661139771e6	-2.0758289643868904e6	-2.145571691156934e6	-2.2145148762003174e6	-2.2853427011085856e6	-2.356207432822338e6	-2.4266750291257803e6	-2.498361129882838e6	-2.571155728901716e6	-2.643272673195714e6	-2.716374170072345e6	-2.790466129565929e6	-2.863699420081971e6	-2.937921731168958e6	-3.013191655241062e6	-3.0877766850321447e6	-3.163666871402157e6	-3.2395235246172473e6	-3.316557088882682e6	-3.393143611957345e6	-3.4715061142927967e6	-3.5492744444807093e6	-3.6285995396913663e6	-3.707215469912033e6	-3.786655074993952e6	-3.866556634641821e6	-3.94725673462983e6	-4.028367163036812e6	-4.1102468694589813e6	-4.192346722817988e6	-4.274065089878781e6	-4.357330557855451e6	-4.440562034518137e6	-4.524366138779139e6	-4.609546224063214e6	-4.694468104996392e6	-4.7794086422256045e6	-4.865525177339639e6	-4.951819500590113e6	-5.038057450488142e6	-5.126991533144233e6	-5.213771717728376e6	-5.302409430982985e6	-5.390745101464442e6	-5.480887464473217e6	-5.570689367072925e6	-5.66039337623794e6	-5.751635386986048e6	-5.842483611616477e6	-5.934920965348753e6	-6.027339612679207e6	-6.120291504623588e6	-6.212963218442014e6	-6.307298169891129e6	-6.401430353817862e6	-6.496646713295979e6	-6.590723650310799e6	-6.688009519766443e6	-6.784120978760966e6	-6.88014872631403e6	-6.978318835948909e6	-7.075078298854494e6	-7.175617661135982e6	-7.273792717173165e6	-7.372468534921325e6	-7.473825610064521e6	-7.572417581109516e6	-7.674292686435984e6
-9.718489660090508e-9	-1.0815917582594141e-7	-2.129535270050249e-7	-3.302208591161139e-7	-4.667401292846344e-7	-6.303028285613638e-7	-8.301122469213845e-7	-1.0772467336810753e-6	-1.385206868662654e-6	-1.7705693957176013e-6	-2.2537744015309475e-6	-2.8600766046838666e-6	-3.620696809428523e-6	-4.574215627819668e-6	-5.7682585233306655e-6	-7.261529097834676e-6	-9.126256316114472e-6	-0.000011451130970292255	-0.000014344816989282016	-0.00001794013395230603	-0.00002239901799080222	-0.000027918378600399857	-0.000034736977943739587	-0.00004314346592328886	-0.00005348570719549935	-0.00006618153349539861	-0.00008173104372582455	-0.00010073055219926459	-0.00012388824845513765	-0.00015204157567887615	-0.00018617625355358853	-0.00022744675917283215	-0.0002771979294549155	-0.00033698715275099834	-0.00040860636819334885	-0.0004941027812283648	-0.0005957968262678623	-0.0007162954583083702	-0.0008584983344740197	-0.001025593859593883	-0.0012210414318752677	-0.0014485355625637483	-0.001711946900717024	-0.0020152346354918287	-0.0023623243643251845	-0.0027569454275588215	-0.003202422074448971	-0.003701413834310812	-0.004255602345760834	-0.00486532489786067	-0.005529159318065765	-0.0062434708386751355	-0.007001939350846644	-0.007795095039668739	-0.008609901582395892	-0.00942943833854824	-0.010232745243768894	-0.010994904806343358	-0.011687442337195295	-0.012279125185458335	-0.012737230467743839	-0.013029324327700058	-0.013125550102286904	-0.013001355094155133	-0.012640495906863846	-0.01203805520284562	-0.011203090031844956	-0.010160434333864422	-0.008951126490600786	-0.007630965544970789	-0.0062668572468677465	-0.004930922737685039	-0.003692807273157122	-0.002611188365719097	-0.0017260121536398644	-0.001053278735902721	-0.0005840125063509716	-0.0002882196634638316	-0.00012320052976790653	-0.00004396247017915682	-0.000012441570856875037	-2.59413058040029e-6	-3.568481692104699e-7	-2.720476132507366e-8	-8.559667447189347e-10	-6.4275499730190494e-12	-3.579178663764385e-15	-6.42413754435246e-21	0.	0.	0.	0.	0.	0.	0.	0.	0.	0.	0.	0.	0.	0.	0.	0.	0.	0.	0.	0.	-185329.06370821307	-302085.4542721584	-393438.058615235	-474700.2650487881	-549878.6928159009	-622279.8964507307	-692083.5727267887	-759929.8832546527	-827647.8395820066	-893946.5757421745	-959932.6005359887	-1.0260073188985112e6	-1.0916839316290095e6	-1.1570404437903182e6	-1.2230931194501403e6	-1.2889099698613107e6	-1.354431195740623e6	-1.420383902335932e6	-1.4869973670669699e6	-1.553628740387609e6	-1.6206555164964688e6	-1.688290717302129e6	-1.75555555011352e6	-1.8238793398896179e6	-1.8920465057509455e6	-1.9613156390988715e6	-2.0300328474120053e6	-2.0992549708685246e6	-2.169132938847176e6	-2.23972208757554e6	-2.310764361879337e6	-2.381534602660541e6	-2.4528239907390215e6	-2.524971906080164e6	-2.597836194379782e6	-2.6711617965162164e6	-2.7443146734603094e6	-2.8178353629411557e6	-2.891944872426941e6	-2.9667765974665745e6	-3.0424714244370335e6	-3.1191728974952702e6	-3.1948733741100044e6	-3.270816658662576e6	-3.3481494848633823e6	-3.4262850248853434e6	-3.504216961660888e6	-3.583018894314139e6	-3.6621408133649006e6	-3.7414409805970658e6	-3.8218445017648633e6	-3.902346552168455e6	-3.9837950060993046e6	-4.06465870409005e6	-4.1469302941970504e6	-4.228882186152826e6	-4.312551839808957e6	-4.395503629109134e6	-4.4800392850232115e6	-4.563532261598216e6	-4.648975942235255e6	-4.734340122876608e6	-4.820229787693307e6	-4.906344516203614e6	-4.993822219430546e6	-5.080413847999684e6	-5.168950995066586e6	-5.257653291915142e6	-5.346502720071282e6	-5.435847200615995e6	-5.525902864824548e6	-5.617022236521411e6	-5.7072257365129925e6	-5.798836351481634e6	-5.890504345546928e6	-5.982410593921832e6	-6.074308350581435e6	-6.168766624683779e6	-6.263177969645508e6	-6.355867548467546e6	-6.452606900739028e6	-6.54634400717528e6	-6.643343981249833e6	-6.739977992606446e6	-6.835506479380342e6	-6.934579618303799e6	-7.031278268415074e6	-7.130710294159469e6	-7.2292617268377105e6	-7.3283138248778e6	-7.428952759618415e6	-7.5294396770986635e6	-7.630089660931348e6
-7.986386052731815e-9	-8.888419671375418e-8	-1.7501360093026713e-7	-2.7141473699099847e-7	-3.836739333389374e-7	-5.182162657017729e-7	-6.826369730364093e-7	-8.860865564458189e-7	-1.139726360564354e-6	-1.4572739750150483e-6	-1.8556609443114151e-6	-2.3558290941869053e-6	-2.9836963305598637e-6	-3.7713281036777913e-6	-4.758356908235404e-6	-5.9936992510856975e-6	-7.537627479033372e-6	-9.46426270107416e-6	-0.000011864564689380508	-0.00001484990495215796	-0.0000185563198855251	-0.000023149551637408124	-0.0000288309944778105	-0.00003584467325557316	-0.00004448538682442338	-0.00005510815166602344	-0.00006813907740314161	-0.00008408779402662704	-0.00010356152737691368	-0.00012728088093589385	-0.00015609732372657694	-0.00019101230068497568	-0.00023319776703200235	-0.0002840177949516834	-0.00034505070172966153	-0.00041811089565682536	-0.0005052693220309935	-0.0006088710102541862	-0.0007315477704777363	-0.0008762235647018656	-0.0010461094891550937	-0.0012446846676956126	-0.0014756586979661468	-0.0017429106578255257	-0.002050399135201828	-0.002402037382187789	-0.002801527637008354	-0.0032521490629713887	-0.003756494814988936	-0.004316155688132315	-0.004931350879365996	-0.005600510859048331	-0.006319823433102622	-0.0070827619359898585	-0.007879624141992064	-0.008697121696595056	-0.009518072080931493	-0.010321257280231673	-0.011081523767558912	-0.011770204747120212	-0.012355944668565376	-0.01280599398512231	-0.013088014768514917	-0.013172391146775975	-0.013034969931463945	-0.012660066423218845	-0.01204346324774054	-0.011195018286320045	-0.010140402480417667	-0.008921440408968443	-0.007594564682475535	-0.0062270591215012935	-0.004891083394934933	-0.003655939932318316	-0.002579604153254547	-0.0017010587691662828	-0.0010352461633197803	-0.0005722431899865589	-0.0002814057173763974	-0.0001197872943335008	-0.00004253359948777265	-0.00001196558949646457	-2.476632511316921e-6	-3.375438141681506e-7	-2.5424714623758218e-8	-7.869907922882676e-10	-5.772568026913881e-12	-3.0985987785693e-15	-5.1974480214818125e-21	0.	0.	0.	0.	0.	0.	0.	0.	0.	0.	0.	0.	0.	0.	0.	0.	0.	0.	0.	0.	-209536.55995667164	-320215.09970106866	-409688.1573812251	-490225.9049568511	-565146.8716216321	-636781.6057543274	-707019.9899393638	-775276.817457675	-842667.2197678476	-909945.4110948655	-976478.5430299536	-1.0429005864399011e6	-1.10859243026325e6	-1.1747609430126357e6	-1.240680903495793e6	-1.306716718596921e6	-1.3736295082559264e6	-1.4402492711955202e6	-1.506764043115799e6	-1.573917769115064e6	-1.641855703953424e6	-1.7089194925548823e6	-1.777395719380741e6	-1.8459930199367278e6	-1.9147903546445328e6	-1.9841838794894419e6	-2.0528825133142248e6	-2.123481346603764e6	-2.1933062317883293e6	-2.264849213562523e6	-2.3359981965802074e6	-2.4075320861775726e6	-2.4796472023401293e6	-2.552458911233352e6	-2.624850749724074e6	-2.698230533307771e6	-2.772604172019218e6	-2.8464051987210438e6	-2.921503940179721e6	-2.997322020564028e6	-3.073681288578106e6	-3.149323651309184e6	-3.2255376179424133e6	-3.3035671291871974e6	-3.3801226626753258e6	-3.458949930000967e6	-3.537913970339942e6	-3.616284711089733e6	-3.6957669726277245e6	-3.7762935210858826e6	-3.8566526744634733e6	-3.9376623163856883e6	-4.0197697435948662e6	-4.1013758436621097e6	-4.183920372901092e6	-4.266509457080274e6	-4.350590299806602e6	-4.434918605879774e6	-4.519168132127551e6	-4.603733795936237e6	-4.688642755155243e6	-4.775557758041415e6	-4.86160246433575e6	-4.947845431039191e6	-5.035570022782169e6	-5.123137223342057e6	-5.212200665228937e6	-5.301298785537546e6	-5.390096373729161e6	-5.480701832240508e6	-5.570968184856886e6	-5.661137772659394e6	-5.7528466492754975e6	-5.844423063249246e6	-5.937069233603227e6	-6.029957998271599e6	-6.123381046327831e6	-6.216524459677836e6	-6.3113327070505675e6	-6.406824894444567e6	-6.5016300999191245e6	-6.598844963465828e6	-6.693945202072713e6	-6.79053372334511e6	-6.887906255995822e6	-6.985688400004537e6	-7.0854761120339725e6	-7.183948189967818e6	-7.282603345717927e6	-7.381759845688285e6	-7.483768689227873e6	-7.584818209489606e6
-6.557500900417898e-9	-7.298303295653703e-8	-1.4371230860419277e-7	-2.228927629549284e-7	-3.151235573228257e-7	-4.256978216019088e-7	-5.608774005076609e-7	-7.282125480991466e-7	-9.369207104814521e-7	-1.1983407211477605e-6	-1.52648145458793e-6	-1.9386872962173387e-6	-2.456446750302674e-6	-3.1063751848845122e-6	-3.921408164875378e-6	-4.9422481058484214e-6	-6.219114131400407e-6	-7.813853051606353e-6	-9.802478276030402e-6	-0.000012278213153231881	-0.00001535512553243385	-0.00001917245100762501	-0.00002389971292277043	-0.000029742757195685392	-0.00003695082852555958	-0.000045824820452872694	-0.00005672683353688463	-0.00007009117165033231	-0.00008643689357153584	-0.00010638201256307405	-0.00013065939663527303	-0.0001601343620924321	-0.0001958238673172077	-0.00023891709631476942	-0.000290797065331877	-0.00035306268337078966	-0.00042755044094128084	-0.0005163545836434805	-0.0006218442421222547	-0.0007466755340505589	-0.0008937961277389335	-0.0010664391677961888	-0.0012681028272955046	-0.0015025110971843003	-0.0017735507981278646	-0.002085179269998204	-0.002441296853550852	-0.0028455782521158695	-0.0033012573073492616	-0.003810860836646836	-0.00437588918746406	-0.004996444315039582	-0.005670810738105795	-0.006395000896841273	-0.00716228437577939	-0.007962730161701754	-0.008782802343268163	-0.009605061831779749	-0.0104080387127722	-0.011166350030667717	-0.011851143744060107	-0.012430948086959734	-0.012872992787881628	-0.013145040346319685	-0.013217717955742295	-0.013067271170299887	-0.012678569435648495	-0.012048086464328287	-0.011186467602827647	-0.010120203323933832	-0.008891883924551473	-0.007558553981359721	-0.006187855287402209	-0.004851970549465263	-0.0036198515686779644	-0.002548773870654427	-0.0016767696380762854	-0.0010177455106983803	-0.0005608577048486672	-0.00027483760973447797	-0.00011651068457759694	-0.0000411684993919011	-0.000011513460390741765	-2.3658078064805692e-6	-3.19497350617008e-7	-2.3779883186693365e-8	-7.242545367264125e-10	-5.1902752475119135e-12	-2.686418671098955e-15	-4.211706244632878e-21	0.	0.	0.	0.	0.	0.	0.	0.	0.	0.	0.	0.	0.	0.	0.	0.	0.	0.	0.	-12233.866382158853	-231896.18214548123	-337384.29905426723	-425608.86698482954	-505197.95395495533	-580045.6089523846	-652139.0958249886	-721957.0149437684	-790873.0562263425	-858610.575790319	-925631.7919892546	-992475.5481749717	-1.059163597901049e6	-1.125623463362386e6	-1.1919756379892314e6	-1.2583457624848022e6	-1.3251915834871798e6	-1.3918214134072745e6	-1.4593413844074113e6	-1.5258464688762815e6	-1.5940161732596941e6	-1.6619654908280128e6	-1.7297253516603892e6	-1.7989067158390938e6	-1.8677222615453303e6	-1.9371362407192907e6	-2.0064602285088329e6	-2.0765182844269376e6	-2.147082655368562e6	-2.2183069603068405e6	-2.2891551360768536e6	-2.3615897788897827e6	-2.4331307770514777e6	-2.5057815138130602e6	-2.579431186907067e6	-2.6524670065379543e6	-2.726495527541446e6	-2.8011894487065426e6	-2.875759356795473e6	-2.950858982958077e6	-3.026961487783272e6	-3.10291760639429e6	-3.1792396216685725e6	-3.256360594230047e6	-3.3340521663388046e6	-3.412930462297364e6	-3.4918432545616277e6	-3.5706832879841765e6	-3.650240285318921e6	-3.730547571100332e6	-3.810871649153853e6	-3.8923002969494783e6	-3.973577237989344e6	-4.055343058934385e6	-4.138086300331782e6	-4.221456983476789e6	-4.303985199256017e6	-4.3889570902968e6	-4.473002693275362e6	-4.5578738812934365e6	-4.643763832792785e6	-4.729576885655405e6	-4.815917206679197e6	-4.902484547744144e6	-4.990415888476697e6	-5.077463685157448e6	-5.166457688346691e6	-5.255618579619754e6	-5.344928190690708e6	-5.434734219892921e6	-5.524799064295894e6	-5.616836210167461e6	-5.70750510291297e6	-5.799582296068829e6	-5.8919389479405945e6	-5.985266874637007e6	-6.077800810898254e6	-6.171389537726131e6	-6.266272956556577e6	-6.361689138408346e6	-6.456786548296505e6	-6.550859081885678e6	-6.648335257008695e6	-6.745445729000902e6	-6.841450108281996e6	-6.941002577815327e6	-7.038178672277048e6	-7.138091048097439e6	-7.237122138700201e6	-7.336654536963906e6	-7.437775683920551e6	-7.538744714178964e6
-5.379862398055334e-9	-5.987750089966792e-8	-1.1791243527254716e-7	-1.8289443067744384e-7	-2.586064320881644e-7	-3.49404909303447e-7	-4.604473433400271e-7	-5.979572807879292e-7	-7.695388326635957e-7	-9.845543672332128e-7	-1.2545814865477578e-6	-1.5939682358386126e-6	-2.020508931548721e-6	-2.556267070139632e-6	-3.228576560131466e-6	-4.071258066030477e-6	-5.1260936189227105e-6	-6.444609873015116e-6	-8.090228482750754e-6	-0.000010140851014022269	-0.000012691955500485363	-0.000015860292046416192	-0.000019788275485722532	-0.000024649183611787562	-0.00003065327928444287	-0.00003805498294596904	-0.000047161227580832886	-0.000058341129401701434	-0.00007203710254999013	-0.00008877753233506305	-0.00010919109584625988	-0.00013402277728905278	-0.00016415156347467482	-0.00020060971706830656	-0.000244603405206819	-0.00029753430195325614	-0.0003610215772770982	-0.00043692342521915034	-0.0005273569624595498	-0.0006347149398431855	-0.0007616772503145079	-0.0009112146882703748	-0.0010865818252153278	-0.0012912952318841022	-0.0015290926277003202	-0.0018038679216473342	-0.0021195765930880897	-0.002480105542010496	-0.0028891015417571563	-0.0033497529139036144	-0.0038645202099969155	-0.004434813755386303	-0.005060619134958326	-0.0057400763296551515	-0.006469024465575084	-0.007240532152602638	-0.008044443153865984	-0.008866978383409057	-0.009690447360647725	-0.010493134146534544	-0.011249432761929981	-0.011930312516565816	-0.012504191832620127	-0.01293828535030699	-0.013200460196165525	-0.013261588632110168	-0.013098313980095179	-0.012696055171623841	-0.012051968163408217	-0.01117747261015782	-0.010099861453084552	-0.008862470833372008	-0.007522936465865385	-0.006149238890685322	-0.004813569227674477	-0.003584521566433059	-0.0025186741648465984	-0.0016531215915696277	-0.0010007562722495426	-0.0005498398453265358	-0.0002685040149361381	-0.00011336383292378483	-0.000039863662628301426	-0.00001108374039747986	-2.2612086472978106e-6	-3.026140859697508e-7	-2.225867023959847e-8	-6.671352058976518e-10	-4.671971629186944e-12	-2.3323679257455186e-15	-3.4181575980089524e-21	0.	0.	0.	0.	0.	0.	0.	0.	0.	0.	0.	0.	0.	0.	0.	0.	0.	0.	0.	-92627.02264896913	-252270.1115593697	-354415.45008788625	-440889.71143044793	-520081.2233331154	-594558.4512157221	-666795.7296157916	-737049.3779273494	-805736.7328697952	-873873.6441567865	-941573.7661715529	-1.0089091056415323e6	-1.0754987664263656e6	-1.142777030929314e6	-1.209258543362068e6	-1.2761584614409616e6	-1.3437453411144437e6	-1.4102720548604724e6	-1.4778530314802006e6	-1.545609052399719e6	-1.6134353468966535e6	-1.6826304165323735e6	-1.7511026734455905e6	-1.8199073194881058e6	-1.8899418960828653e6	-1.9588320635013906e6	-2.0295082813320537e6	-2.099539449957418e6	-2.1702377382541248e6	-2.2426593581895106e6	-2.3140066309970412e6	-2.386698727178638e6	-2.458699978726945e6	-2.5321087390252324e6	-2.6052741646846286e6	-2.679641564314873e6	-2.7543082339855507e6	-2.8289542142325467e6	-2.904563499774258e6	-2.980226122072872e6	-3.056026241143098e6	-3.1336152814380755e6	-3.2104833190416656e6	-3.2883188468184327e6	-3.3655529476264534e6	-3.4446392809623154e6	-3.524175168140142e6	-3.603979271838286e6	-3.6837005504905954e6	-3.7645541974780904e6	-3.845146784317319e6	-3.9266801088502086e6	-4.009167139519805e6	-4.0912121815843936e6	-4.174314767125188e6	-4.257991619285579e6	-4.3420856543896645e6	-4.426322617746918e6	-4.511881264378022e6	-4.59690519943483e6	-4.68296920538566e6	-4.769352158028871e6	-4.856261877001465e6	-4.943522645015447e6	-5.0317006907950295e6	-5.119723461245685e6	-5.20924338993584e6	-5.298799833285284e6	-5.388057515132551e6	-5.479123958262487e6	-5.569852913721036e6	-5.660486425790622e6	-5.752660301230967e6	-5.845081905732781e6	-5.93781645734391e6	-6.031173677296631e6	-6.12506625089377e6	-6.218679947794236e6	-6.313959847526455e6	-6.410125796124971e6	-6.505203094101716e6	-6.602893043971523e6	-6.698890601894634e6	-6.795531891917978e6	-6.894781177709965e6	-6.99284223589915e6	-7.091907992533023e6	-7.1908587422941215e6	-7.289992905142453e6	-7.391699224567503e6	-7.492120682519581e6
-4.410184028918117e-9	-4.908602107271749e-8	-9.666667364013065e-8	-1.4995297249010488e-7	-2.1205370375371785e-7	-2.86551114490488e-7	-3.776890446049834e-7	-4.905924050669929e-7	-6.315279581878391e-7	-8.082179557369049e-7	-1.0302201956494045e-6	-1.3093905161312685e-6	-1.660446712010081e-6	-2.1016563926905927e-6	-2.655675468258425e-6	-3.3505688152885056e-6	-4.221050298804221e-6	-5.3099857648369935e-6	-6.670209905724893e-6	-8.366716046983087e-6	-0.000010479286878350811	-0.00001310564386108776	-0.000016365203314644736	-0.000020403537732289683	-0.000025397651262552646	-0.000031562187894163946	-0.00003915669882345661	-0.00004849410058393937	-0.0000599504562175715	-0.00007397620604711727	-0.00009110895990590615	-0.00011198793580203078	-0.0001373700870335312	-0.0001681478960478131	-0.000205368723360146	-0.0002502554773281643	-0.00030422820854494035	-0.0003689260236109048	-0.000446228449533221	-0.0005382750549574936	-0.0006474817422612963	-0.0007765516623325596	-0.0009284781731554891	-0.0011065366723830856	-0.0013142615007378467	-0.0015554034683238575	-0.0018338629479815517	-0.0021535929787476127	-0.002518466524974159	-0.0029321020703602556	-0.0033976422527829575	-0.003917481461767351	-0.004492940452959365	-0.005123889330645526	-0.005808324957789687	-0.006541915187175294	-0.007317530396618491	-0.008124792629813221	-0.008949683916884717	-0.009774267435676292	-0.010576586943033244	-0.011330819599684528	-0.01200776245666323	-0.012575730244944246	-0.013001927865730479	-0.013254330988419787	-0.013304058692826658	-0.013128150902640363	-0.012712571283634694	-0.012055149237713165	-0.011168065782924903	-0.010079399666450207	-0.008833213587685535	-0.007487714315447055	-0.0061112027444588	-0.004775864601097428	-0.003549929852517116	-0.0024892825032351885	-0.0016300924160764464	-0.0009842588891184297	-0.0005391742267162464	-0.0002623942306608786	-0.00011034028092943857	-0.000038615808215457534	-0.000010675087573067852	-2.162421574125247e-6	-2.8680735710388325e-7	-2.085058143612445e-8	-6.150777540263631e-10	-4.210071589543654e-12	-2.027796525563995e-15	-2.778207031739063e-21	0.	0.	0.	0.	0.	0.	0.	0.	0.	0.	0.	0.	0.	0.	0.	0.	0.	0.	0.	-130997.37523210839	-271763.1721206422	-370621.6637338512	-456162.55840763095	-534690.3276760099	-609371.3828585916	-681144.4055793507	-751669.7225578881	-821032.1661294072	-889058.1600235002	-957467.6113022	-1.0245435296968765e6	-1.0919525293982679e6	-1.1591458306768606e6	-1.2263547770239117e6	-1.2941973979037323e6	-1.3615609270252092e6	-1.4293096882640736e6	-1.4971502859444425e6	-1.565355629244632e6	-1.6340370826602825e6	-1.7029296957815136e6	-1.7721028712845515e6	-1.8414615172290402e6	-1.911294538900458e6	-1.981285051317106e6	-2.0519523273247227e6	-2.123359110888604e6	-2.194003403977114e6	-2.2663767815852766e6	-2.338365591337187e6	-2.4114033707454316e6	-2.4851249386815517e6	-2.557707190384744e6	-2.6323282881474434e6	-2.7066263895816905e6	-2.781926494933636e6	-2.856449340029006e6	-2.9337312458441653e6	-3.0091077119713267e6	-3.086166384022236e6	-3.16336113585193e6	-3.2405313560459265e6	-3.318887241311769e6	-3.3982208766285414e6	-3.4772405437734593e6	-3.5567352453982513e6	-3.6366566761319693e6	-3.7178715688001504e6	-3.798176768458004e6	-3.8803021609777086e6	-3.9625194956404823e6	-4.0447502624242543e6	-4.1276087423590245e6	-4.211199999871243e6	-4.295638961761007e6	-4.379666182737067e6	-4.464603519475105e6	-4.550532898768037e6	-4.635483667271168e6	-4.722703965196099e6	-4.809889016577789e6	-4.897246019120425e6	-4.984343904104548e6	-5.073130633482822e6	-5.162272260972362e6	-5.252196563486554e6	-5.341095724705262e6	-5.432230013265985e6	-5.522588392635281e6	-5.61537470034738e6	-5.706387637313057e6	-5.798929594555032e6	-5.891752232811087e6	-5.985547304620211e6	-6.079626612255999e6	-6.172607318781501e6	-6.26796113123533e6	-6.363848777393085e6	-6.459418344708458e6	-6.55684965946818e6	-6.651913907552745e6	-6.749499395638121e6	-6.847267741015073e6	-6.946008708022777e6	-7.0454727444918025e6	-7.144052426278027e6	-7.243561994201911e6	-7.344042204625141e6	-7.445175555915785e6
-3.6124575948506276e-9	-4.020797292784745e-8	-7.918688943997414e-8	-1.2284787525477204e-7	-1.7374346115060884e-7	-2.3481661457584797e-7	-3.0955614646966455e-7	-4.021782308303098e-7	-5.178423669883299e-7	-6.629114769353919e-7	-8.452675417160305e-7	-1.0746962858785875e-6	-1.363356968219666e-6	-1.7263563876362005e-6	-2.1824498269203095e-6	-2.7548959000272974e-6	-3.4724972052445504e-6	-4.370864379482253e-6	-5.4939476496293815e-6	-6.895887319935061e-6	-8.643242825603336e-6	-0.000010817668985461474	-0.00001351911780274834	-0.00001686965441007404	-0.0000210179862352845	-0.000026144814731030642	-0.00003246912841816772	-0.00004025556364836649	-0.000049822964191020494	-0.00006155427089026387	-0.00007590786623806137	-0.00009343048298784158	-0.00011477175798144644	-0.00014070046785286778	-0.00017212241781072637	-0.00021009986258405913	-0.00025587221361171255	-0.0003108776216766917	-0.0003767748120179306	-0.00045546428202902355	-0.0005491076430903986	-0.0006601434924926053	-0.0007912977362085978	-0.0009455857504365684	-0.0011263031781985709	-0.001337001525448636	-0.001581444081032538	-0.0018635370858079408	-0.002187230589656728	-0.0025563831591013664	-0.0029745846618634206	-0.0034449319210059976	-0.003969753297575275	-0.004550280454319364	-0.005186268920641577	-0.005875573865143575	-0.006613693895439409	-0.0073933038661436	-0.00820380754609288	-0.009030952281992912	-0.009856559835778027	-0.010658439207184673	-0.011410556697323253	-0.012083543220325607	-0.012645615689379263	-0.013063974343179286	-0.01330670704230329	-0.013345181197014291	-0.013156831991344058	-0.012728162994813268	-0.012057668308058711	-0.011158277581602915	-0.010058839099479746	-0.008804123403224728	-0.007452888946752049	-0.006073739381896662	-0.004738842009539019	-0.0035160568918164853	-0.0024605771460650943	-0.0016076608102872966	-0.0009682346998580653	-0.0005288462375612887	-0.00025649813848239804	-0.00010743395138050683	-0.00003742186483616742	-0.000010286253157663567	-2.0690645365839067e-6	-2.719977766701915e-7	-1.9546110236948696e-8	-5.675869130369798e-10	-3.797952136209681e-12	-1.7654071459101526e-15	-2.261204569404097e-21	0.	0.	0.	0.	0.	0.	0.	0.	0.	0.	0.	0.	0.	0.	0.	0.	0.	0.	0.	-161043.6765401472	-289998.40990528197	-386578.4509777044	-471217.4972627791	-549191.103582145	-624048.4389443232	-696299.0160761378	-766209.1700384049	-835989.5287070132	-904739.7552939445	-973209.0814326359	-1.0410425899245023e6	-1.108524886819686e6	-1.1765361088061668e6	-1.2436706790354517e6	-1.311747489852617e6	-1.3795190866662548e6	-1.4478576759339178e6	-1.5163860967648295e6	-1.5852055766259853e6	-1.6539511517996027e6	-1.7230521318638127e6	-1.7927286614171015e6	-1.8626394593614615e6	-1.9329193369762488e6	-2.0030736740299556e6	-2.0751801925844534e6	-2.146551776050985e6	-2.218594768787962e6	-2.2906203546515643e6	-2.3635461479470083e6	-2.435934643308753e6	-2.509939158582636e6	-2.5839570195996207e6	-2.659348812845995e6	-2.734290989632341e6	-2.8086850401347005e6	-2.885611303213528e6	-2.9617156887785294e6	-3.038693470646123e6	-3.1149905836793524e6	-3.193386174414608e6	-3.270948279186426e6	-3.349602004895488e6	-3.4292535997691783e6	-3.509427652454212e6	-3.5892591833509905e6	-3.6696365793922767e6	-3.7515301882294524e6	-3.832499250042181e6	-3.9144096962823765e6	-3.997274541443714e6	-4.079867884135935e6	-4.1636480920981546e6	-4.247651847602749e6	-4.331918900353421e6	-4.41795149959055e6	-4.503134824821348e6	-4.588893342445709e6	-4.67592302260698e6	-4.761967149038007e6	-4.849346403380908e6	-4.937820246430759e6	-5.0264494545266265e6	-5.114925741542567e6	-5.204899891849018e6	-5.294912574226148e6	-5.384628525674571e6	-5.476153842539123e6	-5.567343553665354e6	-5.6584393356316155e6	-5.751076342852454e6	-5.843583495156251e6	-5.937162636570812e6	-6.030986649754318e6	-6.125347118321424e6	-6.219148858694187e6	-6.315179591318825e6	-6.411816700031917e6	-6.507365695843794e6	-6.605529003370556e6	-6.702423198674914e6	-6.79911548447962e6	-6.899373055281002e6	-6.997378131589254e6	-7.096921075863103e6	-7.196349318114951e6	-7.295961395446801e6	-7.398148062666807e6
-2.9567653282972987e-9	-3.291048485466482e-8	-6.481816639825373e-8	-1.0056476871385081e-7	-1.4224430777728186e-7	-1.9227243648589755e-7	-2.5351467609178043e-7	-3.294363670088103e-7	-4.24281296214815e-7	-5.432871149864416e-7	-6.929471172141796e-7	-8.813297448750367e-7	-1.1184693699072448e-6	-1.416844523632828e-6	-1.79196286462391e-6	-2.2630758566555875e-6	-2.854050435904971e-6	-3.5944299463394593e-6	-4.5207223752858145e-6	-5.6779604780352794e-6	-7.121585772951874e-6	-8.91971661924703e-6	-0.00001115586961662986	-0.000013932213284874484	-0.000017373443200650992	-0.000021631378180657976	-0.000026890387242238857	-0.00003337376628444671	-0.000041351190800550494	-0.00005114737522857083	-0.00006315206915411047	-0.00007783151341818348	-0.00009574146262064466	-0.0001175418512815071	-0.0001440131350502624	-0.00017607427108811202	-0.0002148022075432741	-0.00026145262458124416	-0.0003174815017535632	-0.00038456687120932336	-0.00046462984598808925	-0.0005598536806320303	-0.000672699222447652	-0.0008059146436611212	-0.0009625368098552932	-0.0011458810478681028	-0.0013595154461238585	-0.0016072151850058663	-0.0018928918048330564	-0.002220491846932352	-0.0025938590486949834	-0.003016554366864595	-0.003491628708916104	-0.0040213445683983644	-0.004606845014061424	-0.0052477719198868265	-0.0059418401855609575	-0.006684381187525526	-0.0074678769315041325	-0.008281516296533158	-0.00911081605759249	-0.009937361364704246	-0.010738731854772688	-0.011488688766247276	-0.012157702786737926	-0.012713898633526864	-0.013124476700098198	-0.013357640434077944	-0.013385006867406062	-0.013184404942549275	-0.012742873235634795	-0.012059561859932531	-0.011148136582800406	-0.010038199341989525	-0.008775210357810216	-0.007418461088300071	-0.0060368411037580744	-0.004702486980664251	-0.0034828836809091815	-0.002432537119193871	-0.0015858063440678028	-0.0009526658936937671	-0.0005188419950583595	-0.0002508061672617357	-0.00010463912251414179	-0.00003627895558052159	-9.916074264677764e-6	-1.9807842228531853e-6	-2.581125567139403e-7	-1.8336636190540492e-8	-5.24220243060508e-10	-3.4298229230549027e-12	-1.5390336218697564e-15	-1.8424822285892176e-21	0.	0.	0.	0.	0.	0.	0.	0.	0.	0.	0.	0.	0.	0.	0.	0.	0.	0.	0.	-186592.94565299968	-307523.8627536817	-402271.495095912	-485718.78010183485	-563653.2466217877	-638164.815258043	-710665.6237706078	-781333.919222769	-850969.3497975537	-919737.8174129657	-988252.812956411	-1.0569132319227944e6	-1.125215838693398e6	-1.1932326266426363e6	-1.261036092923775e6	-1.3289893159342215e6	-1.3978585777650485e6	-1.4664567427260391e6	-1.5349703389403536e6	-1.6041504313937286e6	-1.674142640995684e6	-1.7432624941322675e6	-1.8138282756362734e6	-1.8845280218448467e6	-1.9546110103686624e6	-2.0257734912875805e6	-2.097791935554101e6	-2.169296612833397e6	-2.2418698839190267e6	-2.3147113617234663e6	-2.3882418676615967e6	-2.462169891722054e6	-2.535859135245856e6	-2.6100822295626258e6	-2.68578242046485e6	-2.7613545922770863e6	-2.836723180012761e6	-2.913246762219562e6	-2.990209967367765e6	-3.0673514720860953e6	-3.1459626296939803e6	-3.2234793994903797e6	-3.3019669848195543e6	-3.380695579288842e6	-3.4613788370726868e6	-3.541151216704376e6	-3.622017499817632e6	-3.7029375162504623e6	-3.7848217132200324e6	-3.866511809190409e6	-3.9490091924104053e6	-4.0325380855861586e6	-4.1156190882886755e6	-4.199540423264817e6	-4.28441937257821e6	-4.369328943756362e6	-4.4546726285075955e6	-4.540802410126582e6	-4.627531252678075e6	-4.713917869415207e6	-4.801379853188394e6	-4.889014351402043e6	-4.978177272629551e6	-5.067414692975704e6	-5.156549099611422e6	-5.246455119720266e6	-5.336743321915291e6	-5.428334580735136e6	-5.519152303001909e6	-5.610006012216278e6	-5.702928808764155e6	-5.796878246940234e6	-5.8893624361081e6	-5.984425584687389e6	-6.077894383860063e6	-6.172419967849906e6	-6.268242493681789e6	-6.364599956170382e6	-6.460640250185429e6	-6.558399128517971e6	-6.654079932882023e6	-6.752138992518149e6	-6.851975390511083e6	-6.949598008926199e6	-7.04969096935439e6	-7.148594428701284e6	-7.248581293342892e6	-7.350008916200903e6
-2.4182787243765098e-9	-2.691729993214642e-8	-5.3016925964999137e-8	-8.226160189050549e-8	-1.1636776156965351e-7	-1.573165326137893e-7	-2.074594305997785e-7	-2.6964209173909224e-7	-3.473518448290413e-7	-4.448959022874989e-7	-5.676181857409902e-7	-7.221643296183537e-7	-9.168062684766429e-7	-1.161840058640541e-6	-1.470073266472081e-6	-1.857421433849457e-6	-2.3436368700054435e-6	-2.95319738372287e-6	-3.7163876261821903e-6	-4.670611522567721e-6	-5.8619808787371425e-6	-7.347232687187727e-6	-9.196035922853035e-6	-0.000011493757667152478	-0.000014344768116954094	-0.00001787637422376631	-0.000022243482048558212	-0.00002763409793364555	-0.000034275787607718444	-0.00004244321942010564	-0.00005246692179372688	-0.0000647433840504608	-0.00007974662188616262	-0.00009804131129082238	-0.00012029756432169655	-0.00014730737283109787	-0.00018000267724458912	-0.0002194749212078281	-0.0002669958230444492	-0.0003240389245339307	-0.0003923012591836938	-0.0004737242086282632	-0.0005705122804289338	-0.0006851481384131022	-0.0008204017458225325	-0.0009793309447759051	-0.0011652702028858218	-0.001381803629396403	-0.0016327177326876463	-0.0019219288099963198	-0.002253379402644377	-0.0026308980168002535	-0.0030580164326926215	-0.003537739569750435	-0.004072264240321641	-0.004662645438012645	-0.0053084123125484465	-0.006007140920185795	-0.006753997404689826	-0.0075412735619606215	-0.008357946707012672	-0.00918930706744588	-0.010016707866668355	-0.01081750462109485	-0.011565259118600775	-0.012230287516232967	-0.012780627720703423	-0.013183484851239158	-0.013407181100101306	-0.01342358420540272	-0.013210915219371584	-0.012756742772269883	-0.012060864371190444	-0.011137669600501112	-0.010017498546950198	-0.008746483482057504	-0.007384430848524238	-0.006000500020905959	-0.004666785246455648	-0.0034503917405742457	-0.0024051421873563404	-0.0015645094192029483	-0.0009375354664198864	-0.0005091483033165937	-0.0002453092591062826	-0.00010195040419098549	-0.00003518438392702744	-9.563467204797182e-6	-1.8972536392157233e-6	-2.450849010278219e-7	-1.7214334556119798e-8	-4.845820484189578e-10	-3.1006148710373045e-12	-1.3434572969582786e-15	-1.5026704314366277e-21	0.	0.	0.	0.	0.	0.	0.	0.	0.	0.	0.	0.	0.	0.	0.	0.	0.	0.	0.	-209536.55995667164	-324504.1545581275	-416958.7307476923	-500125.98972018954	-578021.0067723105	-652375.425251743	-724820.2781545422	-795961.5491884263	-865892.80106659	-935310.4595689801	-1.0041414755613797e6	-1.0728985283519928e6	-1.1411270323815413e6	-1.2098284842465064e6	-1.2784748107923917e6	-1.3472410044056731e6	-1.4158176558901777e6	-1.484586997169046e6	-1.5538174384341387e6	-1.6236896734042985e6	-1.6939537756152046e6	-1.7638350461344155e6	-1.8342524738669295e6	-1.905478578946947e6	-1.9762285272049685e6	-2.04779710270986e6	-2.119963573445337e6	-2.1926500697282613e6	-2.265840068496219e6	-2.338656324026616e6	-2.4125314235037663e6	-2.487099825809399e6	-2.5618565449547824e6	-2.6360205466043777e6	-2.712960999871136e6	-2.787366381679595e6	-2.8645600351754744e6	-2.940945792743215e6	-3.0184957258689706e6	-3.0965791808967264e6	-3.1750006974437055e6	-3.25342286987669e6	-3.332424577677537e6	-3.412621516187715e6	-3.492861477451636e6	-3.573600067949212e6	-3.654737402247504e6	-3.7359711454843353e6	-3.81859903419902e6	-3.9009554062865493e6	-3.9841998858838035e6	-4.0674567368147294e6	-4.15155985219735e6	-4.236033823684168e6	-4.320694944237139e6	-4.406579437454468e6	-4.492184172165379e6	-4.579329945331275e6	-4.665791111308043e6	-4.753993269465103e6	-4.841296588870099e6	-4.928821492559027e6	-5.018519371176366e6	-5.108744064232588e6	-5.197416513006179e6	-5.287842960253573e6	-5.379809405355153e6	-5.469917206218075e6	-5.563440104689794e6	-5.654996502182337e6	-5.748094774139933e6	-5.8408045502420915e6	-5.9351077712839255e6	-6.02939691564466e6	-6.1242236486108005e6	-6.218773664668862e6	-6.314991938427691e6	-6.4120985173497405e6	-6.508117905145383e6	-6.606752841662958e6	-6.704119322097554e6	-6.8012845010300735e6	-6.902016853834771e6	-7.000496559876175e6	-7.100515362024262e6	-7.200419917430356e6	-7.302551925488481e6
-1.976416163971638e-9	-2.19994070848083e-8	-4.3332513399675344e-8	-6.724017064162914e-8	-9.512817106186585e-8	-1.2861992601032792e-7	-1.6964349312776824e-7	-2.2053356366926528e-7	-2.8415323876126054e-7	-3.6404124989404254e-7	-4.64591324332495e-7	-5.912716919629844e-7	-7.508943138807634e-7	-9.519453283083878e-7	-1.2049905057854622e-6	-1.5231722382697435e-6	-1.922817816163511e-6	-2.424182537449911e-6	-3.0523556100029743e-6	-3.838361916371173e-6	-4.820498568889492e-6	-6.045951838907098e-6	-7.572747523882088e-6	-9.472096114957652e-6	-0.000011831203193522249	-0.00001475662520024123	-0.000018378260875599107	-0.00002285407893728744	-0.000028375692447897448	-0.00003517489914261974	-0.00004353131377818963	-0.00005378122205606091	-0.00006632778419579575	-0.00008165270764739219	-0.00010032949003670327	-0.00012303830190133863	-0.00015058253004891198	-0.00018390693164280377	-0.0002241172507968757	-0.0002725010172015061	-0.0003305490731582077	-0.0003999771540638234	-0.00048274657063311155	-0.0005810827025077237	-0.0006974896076272744	-0.0008347585781841422	-0.0009959679354191058	-0.001184470762502633	-0.0014038666481117654	-0.0016579528877234745	-0.0019506500177526708	-0.002285896114615875	-0.002667504078789065	-0.003098976276152887	-0.0035832715920520444	-0.0041225213672648085	-0.004717693057079647	-0.005368204027957886	-0.006071492916626319	-0.006822562615973658	-0.007613517315353798	-0.008433126032605272	-0.009266456386454895	-0.010094634243243184	-0.010894796093944264	-0.011640309709612485	-0.01230134220680889	-0.012845849840955888	-0.013241046793822951	-0.013455376934961946	-0.013460959600082728	-0.013236406168496334	-0.01276981032712601	-0.012061608431475735	-0.011126901798939052	-0.009996753531248459	-0.008717950842843205	-0.007350797777772764	-0.005964708092323473	-0.004631722756902769	-0.0034185631072883287	-0.0023783728279910604	-0.0015437512319114784	-0.0009228271787780008	-0.0004997526142737577	-0.0002399988376978501	-0.0000993627158550797	-0.000034135620851550994	-9.22742139030957e-6	-1.8181699143159765e-6	-2.3285345867813656e-7	-1.6172095910415987e-8	-4.483180443407738e-10	-2.805884558967925e-12	-1.17425446661105e-15	-1.2271394661828118e-21	0.	0.	0.	0.	0.	0.	0.	0.	0.	0.	0.	0.	0.	0.	0.	0.	0.	0.	0.	-230587.61030351263	-340865.456631455	-432031.34376977774	-514466.4307669204	-591952.2991416379	-666769.13867131	-739475.0592937666	-810216.6330851272	-880917.6675045545	-950341.5355434959	-1.019413307564086e6	-1.0889984792149211e6	-1.1572463164222396e6	-1.2262347415000615e6	-1.295196748979673e6	-1.3645576555005717e6	-1.4340344391717424e6	-1.5035922843113274e6	-1.5733495412173327e6	-1.6431972753526047e6	-1.7133994005490448e6	-1.7839014918238267e6	-1.8546749704241245e6	-1.9266641265792716e6	-1.9980874289421178e6	-2.0706015606381085e6	-2.1427325429183887e6	-2.2154569201276465e6	-2.2894366640780387e6	-2.363421273326341e6	-2.4383545690731066e6	-2.5126026207437697e6	-2.5878197658185284e6	-2.662622717720611e6	-2.738434368483355e6	-2.815260628142148e6	-2.891514017378451e6	-2.9700011555985184e6	-3.048438152683783e6	-3.1252761808607685e6	-3.204014924765821e6	-3.2831220329231517e6	-3.3630424605499916e6	-3.4434462950058347e6	-3.524308129017085e6	-3.6054460736324065e6	-3.686733782080548e6	-3.7687100219487194e6	-3.8519820993182207e6	-3.934922215687794e6	-4.018824085623405e6	-4.1022332861310756e6	-4.1865888030052506e6	-4.272025246006172e6	-4.357557681810953e6	-4.443065168188291e6	-4.529338764012456e6	-4.616717412022621e6	-4.703850810732193e6	-4.792941339119617e6	-4.88102134211151e6	-4.968979306061358e6	-5.058401442957935e6	-5.149226191833701e6	-5.239109434510397e6	-5.330361473656538e6	-5.420872851615008e6	-5.513654287437581e6	-5.605636163076808e6	-5.699018326826622e6	-5.793428253224398e6	-5.88601473216974e6	-5.979806796759003e6	-6.074495455220842e6	-6.170827484931343e6	-6.267117043895955e6	-6.363942674740246e6	-6.460452264727435e6	-6.558681438751982e6	-6.654833332996554e6	-6.753364519641016e6	-6.853674285132417e6	-6.951770480525622e6	-7.052338437607723e6	-7.151717055367247e6	-7.252180036123188e6
-1.6141352940315456e-9	-1.796717055930844e-8	-3.53917264188768e-8	-5.4922189337330465e-8	-7.770901745013383e-8	-1.0508141570904165e-7	-1.386189205124053e-7	-1.8023537460157855e-7	-2.3227930565190184e-7	-2.9765541803995527e-7	-3.799727893586687e-7	-4.83726459153406e-7	-6.145204402700059e-7	-7.793418120173307e-7	-9.868975137478376e-7	-1.2480277979349902e-6	-1.5762130793479568e-6	-1.9881941922446006e-6	-2.5047299048765287e-6	-3.1515200057070903e-6	-3.960327432565605e-6	-4.97033882224016e-6	-6.229809558902549e-6	-7.798046919155463e-6	-9.747793240445246e-6	-0.000012168080121107836	-0.000015167634369796966	-0.000018878926542400795	-0.000023462963095193155	-0.000029114932941665937	-0.00003607082781734651	-0.00004461516235972952	-0.000055089922901439516	-0.00006790487195880733	-0.00008354932610433154	-0.00010260550561103744	-0.00012576352158120497	-0.00015383801614155966	-0.0001877863988594143	-0.00022872852219047433	-0.000277967504160557	-0.00033701123066932643	-0.00040759384551889143	-0.0004916962563706787	-0.0005915643429866336	-0.0007097231457864827	-0.0008489848366106573	-0.0010124477333159332	-0.0012034830265768084	-0.001425705262568504	-0.0016829220046309075	-0.0019790575342718258	-0.002318045023324479	-0.0027036814182247147	-0.0031394394587209856	-0.0036282319746774212	-0.004172125066421955	-0.004771999203883964	-0.005427160919357734	-0.006134912850881651	-0.006890096604524072	-0.007684631330157425	-0.008507080956795539	-0.009342294348509663	-0.01017117447128453	-0.010970643742929255	-0.011713881179403458	-0.01237091014915824	-0.012909610199549148	-0.013297208689081878	-0.01350227388490808	-0.013497177431477651	-0.013260919130350532	-0.01278211269208148	-0.012061824853934876	-0.011115856797726125	-0.009975979869052442	-0.008689619620136282	-0.007317560924815463	-0.005929457159073645	-0.004597285691248118	-0.0033873803238966085	-0.002352210205682017	-0.001523513737068875	-0.0009085255171735829	-0.0004906429910868167	-0.0002348667788092341	-0.00009687126613395414	-0.00003313029296441473	-8.906993754715493e-6	-1.743252305406965e-6	-2.2136183203795845e-7	-1.520345455342474e-8	-4.151106757720196e-10	-2.5417320311370314e-12	-1.0276696700812482e-15	-1.002222723734001e-21	0.	0.	0.	0.	0.	0.	0.	0.	0.	0.	0.	0.	0.	0.	0.	0.	0.	0.	-72838.44370844471	-250290.2135110349	-356816.11768870224	-446798.2413701901	-528695.6123242424	-606319.6650616205	-680848.4552358878	-753281.5643682479	-824994.009369233	-895468.2613150487	-965749.5709127804	-1.0353751960289433e6	-1.104435466405709e6	-1.1736517007812473e6	-1.2432482133188222e6	-1.3126230845852583e6	-1.3820161421956192e6	-1.4516734675731435e6	-1.5215248164956903e6	-1.5922100592543292e6	-1.6625422276187604e6	-1.7333089797158355e6	-1.8045102424595745e6	-1.876060538853681e6	-1.9477752968127823e6	-2.01986946677657e6	-2.09278906638584e6	-2.1663095625845343e6	-2.2393513890095777e6	-2.3133433550191997e6	-2.387699683167601e6	-2.462463511221681e6	-2.5374652032566126e6	-2.613207975696941e6	-2.688635691494271e6	-2.765076725068328e6	-2.8425369864543634e6	-2.91977759069509e6	-2.9979004380259924e6	-3.0762914835162545e6	-3.154125110758987e6	-3.2345281862312783e6	-3.3141829713133057e6	-3.393408177465148e6	-3.4744256486707493e6	-3.5559809201188334e6	-3.6378164536697348e6	-3.7197903190946574e6	-3.802298828086892e6	-3.8854692673053695e6	-3.9690657898153993e6	-4.0530444454021733e6	-4.137589385190656e6	-4.222769976632957e6	-4.308694826787528e6	-4.393912456481172e6	-4.480722627125361e6	-4.56796451163238e6	-4.654233771935783e6	-4.743095702976717e6	-4.8316806128798e6	-4.920363158168293e6	-5.009708441400495e6	-5.099242794144417e6	-5.190302969509394e6	-5.281181347718416e6	-5.371769202863953e6	-5.464164578154399e6	-5.556230323166559e6	-5.650157925442729e6	-5.743715595093353e6	-5.8368867403684845e6	-5.931285514632351e6	-6.026404474967633e6	-6.121695841761883e6	-6.216711893427089e6	-6.313396888853053e6	-6.410971248078445e6	-6.507459722006493e6	-6.606564558848742e6	-6.704402009334659e6	-6.80203894156936e6	-6.903244331734729e6	-7.002642246471096e6	-7.10269085101653e6	-7.203070540240369e6
-1.3173395397769114e-9	-1.4663728489825033e-8	-2.888583671151532e-8	-4.4829213462955706e-8	-6.343463084189362e-8	-8.578954385978856e-8	-1.1318691505027461e-7	-1.4719428753264086e-7	-1.897364373238062e-7	-2.4319552053104456e-7	-3.1053337354648794e-7	-3.954415487748886e-7	-5.025258039417099e-7	-6.375331440597698e-7	-8.076311815783751e-7	-1.0217515776405559e-6	-1.2910117068842701e-6	-1.629231506288494e-6	-2.0535657861890975e-6	-2.5852761630080626e-6	-3.25067128378527e-6	-4.0822492154859834e-6	-5.1200818237222075e-6	-6.413487709160564e-6	-8.023047826584989e-6	-0.000010023026268547181	-0.00001250426779067177	-0.00001557765335771059	-0.00001937820507277168	-0.000024069941965512165	-0.00002985159774307147	-0.00003696332002421646	-0.00004569447679125761	-0.00005639269848556679	-0.00006947428162015239	-0.00008543606978706094	-0.000104868907738063	-0.00012847273041308985	-0.00015707329727020463	-0.00019164050816196065	-0.00023330813466511784	-0.00028339466384603063	-0.0003434247730026659	-0.00041515072674136563	-0.0005005727047616938	-0.000601956723741544	-0.0007218484054217598	-0.0008630803643517669	-0.001028770446896221	-0.0012223074597066948	-0.0014473204031968038	-0.001707626610070368	-0.002007153635404506	-0.0023498293307362287	-0.002739434364819285	-0.0031794116639770297	-0.003672628004172814	-0.004221084496169367	-0.004825575191925282	-0.005485296745184782	-0.006197417211749771	-0.006956618856262468	-0.007754638319656636	-0.008579837592495374	-0.009416850555702443	-0.010246361621665591	-0.011045083948930917	-0.011786012894145001	-0.012439033180161197	-0.012971952382954167	-0.013352014940301821	-0.013547916036777956	-0.013532280168417137	-0.013284493543039663	-0.012793684834881386	-0.01206154277976113	-0.011104556769800256	-0.009955191978358237	-0.00866149617774467	-0.0072847188883462515	-0.005894738974605535	-0.0045634604670770395	-0.0033568264296215725	-0.0023266361472560546	-0.0015037796140759435	-0.0008946156565955622	-0.00048180807382757884	-0.00022990538284347592	-0.00009447153394463931	-0.00003216617158553829	-8.60130364946428e-6	-1.672240386339657e-6	-2.1055813344116377e-7	-1.4302524678397978e-8	-3.8467500337535983e-10	-2.304730037363965e-12	-9.005097009944173e-16	-8.192948725342506e-22	0.	0.	0.	0.	0.	0.	0.	0.	0.	0.	0.	0.	0.	0.	0.	0.	0.	0.	-115651.90205298662	-268564.92805953155	-372387.0875056779	-461289.9831549013	-542673.5111867293	-620130.635530482	-694650.6995997166	-767499.517991828	-839358.1438217283	-910285.9287405101	-980459.3933837545	-1.0506267197423421e6	-1.1204066514049738e6	-1.1901186269468155e6	-1.2602578296962765e6	-1.3301541021091195e6	-1.4001568716193852e6	-1.4700840269417071e6	-1.5406808558682608e6	-1.6113379983081713e6	-1.6824375253800265e6	-1.7529206303898399e6	-1.8247453970222394e6	-1.8969828167674965e6	-1.9691241006192046e6	-2.0418955968620023e6	-2.114449175247792e6	-2.188263983073933e6	-2.2623945431202664e6	-2.336870394648609e6	-2.4115704896725975e6	-2.4869737691842234e6	-2.562574671732384e6	-2.639323183907742e6	-2.7153928836395447e6	-2.79248062609514e6	-2.8687340183786103e6	-2.947833040076882e6	-3.026093530175112e6	-3.104224188554145e6	-3.184075730030427e6	-3.2640601384377494e6	-3.344012003559569e6	-3.424783683321574e6	-3.505368367190589e6	-3.5876155475468524e6	-3.669324778116622e6	-3.752557636778584e6	-3.8348725623780796e6	-3.9194505610358194e6	-4.0026175658124667e6	-4.087558027184777e6	-4.1724610044262614e6	-4.257946307071763e6	-4.343856524525592e6	-4.429916739129084e6	-4.517306386883977e6	-4.6048757302137725e6	-4.693598488367188e6	-4.781288240458327e6	-4.870405269034688e6	-4.960054461238643e6	-5.049922933592732e6	-5.139855434488925e6	-5.231528518308693e6	-5.322366995650199e6	-5.414197645635633e6	-5.506814169662619e6	-5.599871681233126e6	-5.69371124419701e6	-5.786301952752429e6	-5.881627793413428e6	-5.975882151923151e6	-6.071034019391785e6	-6.16782987002579e6	-6.264584781877816e6	-6.361876933102672e6	-6.45885438833447e6	-6.557552197815939e6	-6.65417410789634e6	-6.753175977006729e6	-6.853957434235972e6	-6.952526122821071e6	-7.053567619296766e6	-7.153420306275948e6
-1.0743810945096093e-9	-1.1959464320090803e-8	-2.3559719255712603e-8	-3.6565819293321795e-8	-5.174648771069768e-8	-6.99907107919304e-8	-9.235603097585508e-8	-1.2012530624624735e-7	-1.5487469610774518e-7	-1.9855612481645868e-7	-2.5359809608422125e-7	-3.2302951133617533e-7	-4.1063210125534456e-7	-5.211282480257085e-7	-6.604123886988143e-7	-8.358358891236242e-7	-1.0565573090690076e-6	-1.333972394174727e-6	-1.682240985961319e-6	-2.1189313984431015e-6	-2.6658067330367127e-6	-3.3497821573367194e-6	-4.2040874203120865e-6	-5.269674871652233e-6	-6.596920037539711e-6	-8.247669397309885e-6	-0.000010297698388635961	-0.000012839651775837447	-0.000015986548208751553	-0.000019875940844282753	-0.00002467483593740127	-0.00003058548080452683	-0.00003785214077816395	-0.000046768990697150344	-0.000057689248769624315	-0.00007103567755965267	-0.00008731256615537536	-0.00010711928648547386	-0.00013116548182870008	-0.00016028789266462153	-0.00019546874924299595	-0.00023785555594266818	-0.0002887819532827887	-0.0003497891624215319	-0.00042264728694735537	-0.0005093754607580622	-0.0006122594827786723	-0.0007338651650883564	-0.0008770451399826697	-0.001044936328131696	-0.001240944676552494	-0.00146871315456815	-0.001732068385594565	-0.002034940748277092	-0.0023812523809167998	-0.0027747673743111776	-0.0032188986770909263	-0.003716467034312988	-0.004269408836219361	-0.004878432297036718	-0.005542625152642733	-0.0062590222874620285	-0.007022148550646039	-0.007823560568001393	-0.00865142148462282	-0.009490153888688242	-0.010320227878634451	-0.011118152033551074	-0.011856742986472628	-0.012505751734809476	-0.013032918422378185	-0.013405508267481452	-0.013592345702635494	-0.013566308461231035	-0.013307167040419328	-0.012804559999135401	-0.012060789776059348	-0.01109302253272042	-0.009934403201246403	-0.008633586128482487	-0.0072522698639283225	-0.005860545231767118	-0.004530233747509257	-0.003326884949550509	-0.0023016331175662146	-0.001484532234309136	-0.0008810834256106328	-0.0004732370473260781	-0.0002251073492435563	-0.00009215925098323381	-0.00003124116267609182	-8.309528167567643e-6	-1.6048923992402212e-6	-2.0039458525382871e-7	-1.3463943401190903e-8	-3.5675508352024336e-10	-2.091863029224756e-12	-7.900555366020699e-16	-6.695322548284864e-22	0.	0.	0.	0.	0.	0.	0.	0.	0.	0.	0.	0.	0.	0.	0.	0.	0.	0.	-146899.80855780124	-286073.6752492072	-387223.16262768384	-475330.1182155606	-556388.4801940271	-633741.385257454	-708507.354157639	-781900.9219499875	-853877.9017400872	-925224.1497383707	-995963.4434641055	-1.065893090055051e6	-1.1362031177733303e6	-1.2063455740769706e6	-1.2763715685514433e6	-1.3471686771978901e6	-1.4168460043731316e6	-1.4874818395647835e6	-1.5592270418622235e6	-1.6301545781662934e6	-1.701004581687509e6	-1.7730801397811896e6	-1.8456771420063314e6	-1.9173283316650281e6	-1.9903958839877553e6	-2.0638421556980102e6	-2.137156721444578e6	-2.211556495452963e6	-2.28567353823301e6	-2.359696155828388e6	-2.4352650633070553e6	-2.512055314230163e6	-2.588116014529107e6	-2.6637707103388766e6	-2.741622453772545e6	-2.818229498105066e6	-2.89685791125756e6	-2.9749824592860704e6	-3.0538536096137874e6	-3.1336152814380755e6	-3.2126717260112334e6	-3.293561452605347e6	-3.374217214504851e6	-3.455476153711486e6	-3.536854912568226e6	-3.619482414208723e6	-3.701733454871535e6	-3.7849558616425158e6	-3.8686589467791077e6	-3.9530180199300074e6	-4.0367274283571322e6	-4.122595949534714e6	-4.207986554814286e6	-4.294232802182978e6	-4.380075212483348e6	-4.466834840732836e6	-4.554907794843249e6	-4.643078028918761e6	-4.73117989818179e6	-4.819816881000473e6	-4.909036550489197e6	-4.999727161306637e6	-5.09029659753131e6	-5.180450630806319e6	-5.273131899238132e6	-5.364172410165502e6	-5.457020185236394e6	-5.549540998562959e6	-5.643923605412705e6	-5.736396263577323e6	-5.831569712682782e6	-5.926062879453959e6	-6.022009327723194e6	-6.117763697774638e6	-6.213244369065897e6	-6.31039444259489e6	-6.408434892218016e6	-6.5053911464271145e6	-6.6049641549279075e6	-6.703271260386235e6	-6.801378806097484e6	-6.903055488980889e6	-7.00292575795705e6	-7.103447542839923e6
-8.756453129940865e-10	-9.747383514076062e-9	-1.920276053386324e-8	-2.980553318706347e-8	-4.218337734390391e-8	-5.706248488842395e-8	-7.530717431778868e-8	-9.796648685059838e-8	-1.2633005252468082e-7	-1.6199592100736884e-7	-2.069535743766931e-7	-2.6368599218377515e-7	-3.3529544479711707e-7	-4.256586757452145e-7	-5.39618328535396e-7	-6.832189142324037e-7	-8.639973441823344e-7	-1.0913401143224858e-6	-1.3769216755307352e-6	-1.7352414154315776e-6	-2.1842800721599437e-6	-2.746300363710676e-6	-3.448821212071582e-6	-4.325800230836057e-6	-5.419065182116249e-6	-6.780041932475226e-6	-8.471834063687654e-6	-0.000010571717701927065	-0.000013174124246163816	-0.000016394193358644098	-0.000020371988584871644	-0.0000252774779251787	-0.000031316391043363614	-0.00003873707281257744	-0.00004783845853583321	-0.00005897929807406002	-0.0000725887524974361	-0.00008917847548992855	-0.00010935626976135642	-0.00013384137269150135	-0.00016348137117268305	-0.00019927066820390216	-0.000242370317539715	-0.00029412890123758494	-0.00035610394137378207	-0.0004300831043696175	-0.0005181041673937988	-0.0006224723652681692	-0.0007457733193136741	-0.0008908792662093712	-0.0010609457601588198	-0.001259395428260602	-0.0014898847406367526	-0.0017562491517633457	-0.0020624214343872914	-0.0024123176422773743	-0.00280968501010455	-0.003257906366184709	-0.003759756467613372	-0.004317107269817275	-0.00493058174091723	-0.005599159663340465	-0.006319744154315994	-0.007086704553291976	-0.007891419927909456	-0.008721857614030673	-0.009562232517999918	-0.01039280455963151	-0.011189882288427091	-0.011926108395080057	-0.012571104896544477	-0.013092548854883741	-0.0134577297787309	-0.013635603500310046	-0.01359930122958384	-0.013328975544648795	-0.012814769798326901	-0.012059591927489174	-0.011081273633790897	-0.00991362587833512	-0.008605894394214839	-0.007220211686786658	-0.005826867586851742	-0.004497592446718117	-0.0032975398837241784	-0.0022771841959816686	-0.0014657556300888466	-0.0008679152733111354	-0.0004649196110158587	-0.00022046575263261718	-0.00008993038548649563	-0.000030353297552817884	-8.03089785677428e-6	-1.5409837537562695e-6	-1.9082715875773305e-7	-1.2682819856658885e-8	-3.3112077907664377e-10	-1.900474494270176e-12	-6.939885075742408e-16	-5.477491072877276e-22	0.	0.	0.	0.	0.	0.	0.	0.	0.	0.	0.	0.	0.	0.	0.	0.	0.	0.	-172814.32883090738	-303302.7186094367	-402271.495095912	-489384.53972490784	-570230.4304813907	-647391.4275301503	-722583.3842135818	-795932.335355784	-867873.736024844	-939229.9929090128	-1.0108500943748829e6	-1.0816077797221385e6	-1.1520823873159364e6	-1.2228830685956604e6	-1.2930307781073588e6	-1.364121985247758e6	-1.4346981552212918e6	-1.50612799446978e6	-1.5774226575455933e6	-1.6484920250187614e6	-1.7206162560639286e6	-1.7929246563323746e6	-1.8656827202513162e6	-1.9384141124922077e6	-2.0119079439717594e6	-2.0854522891927646e6	-2.159857032008616e6	-2.2340377995594474e6	-2.308405061744663e6	-2.384011980503338e6	-2.4595804508267725e6	-2.5360277847769484e6	-2.613080808294913e6	-2.6893596557852654e6	-2.7666597010828373e6	-2.8449868542233207e6	-2.92434702524158e6	-3.002685157388496e6	-3.0813813636451215e6	-3.162050840636643e6	-3.2414077312012813e6	-3.3226324454722074e6	-3.4042283380180094e6	-3.485715295733176e6	-3.5676619326590244e6	-3.6505073856370617e6	-3.733683290824258e6	-3.8170419576313137e6	-3.9015387900434807e6	-3.986134311520826e6	-4.0707482137284335e6	-4.1566648207688006e6	-4.243076494648377e6	-4.329149945742804e6	-4.416996100235708e6	-4.504000864321685e6	-4.591587586003704e6	-4.680452711536174e6	-4.76912298579336e6	-4.858610594179424e6	-4.947891418124549e6	-5.038379894820395e6	-5.13044136266597e6	-5.22094285245961e6	-5.313849806017924e6	-5.406131771743608e6	-5.498916442773661e6	-5.59271256668513e6	-5.68548207397417e6	-5.780057124984676e6	-5.87584076781989e6	-5.970555848217267e6	-6.066169298767099e6	-6.16304336150102e6	-6.260645707627338e6	-6.356149140669717e6	-6.455846621006517e6	-6.552270042732666e6	-6.652102257581379e6	-6.751573364615288e6	-6.852824837821751e6	-6.951864935812553e6	-7.053378514421529e6
-7.132036677153894e-10	-7.93925280095114e-9	-1.5641265379100385e-8	-2.4279077918299735e-8	-3.436482981519251e-8	-4.649129374815118e-8	-6.136433566831053e-8	-7.984113184011341e-8	-1.0297603111527953e-7	-1.3207629319850622e-7	-1.6877037065886782e-7	-2.1509194953317837e-7	-2.735836396636493e-7	-3.474250343112393e-7	-4.405908661623903e-7	-5.580462052300042e-7	-7.059871098736537e-7	-8.921368969427298e-7	-1.1261102879129726e-6	-1.4198601671232384e-6	-1.7882246129638278e-6	-2.2495952942690504e-6	-2.826732325901482e-6	-3.5477553134465123e-6	-4.4473456476266645e-6	-5.5682011867776704e-6	-6.962791327598958e-6	-8.695468122970408e-6	-0.000010844997536575393	-0.00001350758405001666	-0.000016800471508006015	-0.000020866213050293763	-0.000025877712852527536	-0.000032044151628011315	-0.00003961791565549558	-0.00004890265444742121	-0.00006026259367284952	-0.0000741332258039652	-0.00009103348888127787	-0.00011157952093968855	-0.0001365000405104322	-0.00016665334800852695	-0.00020304586377855823	-0.00024685201040308506	-0.00029943510319881936	-0.00036236872674542714	-0.00043745783971333704	-0.0005267585583721677	-0.0006325952151953581	-0.0007575728692523355	-0.0009045829594787779	-0.0010767992458116666	-0.0012776605899100426	-0.001510836511120682	-0.001780170853519562	-0.002089598374083067	-0.002443028691323723	-0.002844191926525303	-0.0032964406654128788	-0.0038025037386437235	-0.004364188967797522	-0.004982034676546964	-0.0056549136607939934	-0.006379598667099415	-0.00715030541025842	-0.007958237819818834	-0.008791170402596263	-0.009633113916148798	-0.010464122135426225	-0.011260308004307999	-0.011994144903432098	-0.012635130446003003	-0.013150882782152746	-0.013508719038532445	-0.013677728430031622	-0.013631295745703653	-0.01334995335355369	-0.012824344304217538	-0.012057973922112188	-0.011069328429463909	-0.009892871417874372	-0.008578425261201672	-0.0071885418708157855	-0.005793697680969864	-0.004465523733982092	-0.0032687756959320193	-0.002253273053597246	-0.0014474344651023716	-0.0008550982381022533	-0.00045684595064551033	-0.0002159740205560843	-0.00008778112716363283	-0.000029500724318102376	-7.76469278648696e-6	-1.480305659467856e-6	-1.818152477654484e-7	-1.1954689667509936e-8	-3.0756494638924397e-10	-1.7282214268266485e-12	-6.103285107720427e-16	-4.475351199690382e-22	0.	0.	0.	0.	0.	0.	0.	0.	0.	0.	0.	0.	0.	0.	0.	0.	0.	0.	-195779.63084060003	-319067.9545138645	-416257.2620506255	-503237.37728953746	-583992.5714256697	-660973.540321956	-735981.1924936811	-809892.511669016	-882636.3947555167	-954136.6010496289	-1.0258435196839203e6	-1.0966589371493906e6	-1.168110245833561e6	-1.2384324021942841e6	-1.3095698988440065e6	-1.3810553153546879e6	-1.4520255020890455e6	-1.5240819662711385e6	-1.5956227405369512e6	-1.667339198358246e6	-1.7394202519380343e6	-1.8132385414121053e6	-1.8859168828154374e6	-1.9589121137515686e6	-2.0333403404786943e6	-2.1067025880094287e6	-2.1817609681544136e6	-2.257048901553106e6	-2.331674133912327e6	-2.4078662332277093e6	-2.4847467688059835e6	-2.561180660928783e6	-2.6369478473166204e6	-2.7156915360321403e6	-2.7936378900586627e6	-2.872616076875035e6	-2.950729299691746e6	-3.0298691457704552e6	-3.110197758431944e6	-3.1904561112067774e6	-3.2705095441069244e6	-3.3512508155412255e6	-3.4340917027224475e6	-3.5165979890746824e6	-3.5990187947249655e6	-3.682185322410218e6	-3.7657160408785064e6	-3.850324139121344e6	-3.934607777902784e6	-4.019859806258815e6	-4.1046250993339377e6	-4.1918038020295263e6	-4.277147520619537e6	-4.36453803774356e6	-4.452350804514401e6	-4.540300639123746e6	-4.628856655110291e6	-4.717810765824048e6	-4.806932138213074e6	-4.897475779147785e6	-4.988160345007217e6	-5.077970744395961e6	-5.169735924959878e6	-5.261676473044596e6	-5.353773341034361e6	-5.447028290665809e6	-5.541343442020264e6	-5.634090154495614e6	-5.7292237925715465e6	-5.8248534671849e6	-5.919128431716056e6	-6.016211473911279e6	-6.112427216649011e6	-6.208371091585238e6	-6.305984599653161e6	-6.403402740312631e6	-6.501912178407226e6	-6.601951629900434e6	-6.7007270752522675e6	-6.799304094614442e6	-6.901450325573251e6	-7.001569376165647e6
-5.805243542218586e-10	-6.462380611822528e-9	-1.2732124170375669e-8	-1.9764568128729288e-8	-2.7977288558352636e-8	-3.785380391251057e-8	-4.997015212894682e-8	-6.502620703770713e-8	-8.388329275066668e-8	-1.0760994025261248e-7	-1.3753799517072243e-7	-1.7533174309706976e-7	-2.230732853035745e-7	-2.833680929924865e-7	-3.594755158624099e-7	-4.55470048350096e-7	-5.764403965442768e-7	-7.287348774244367e-7	-9.202634618414464e-7	-1.1608688908655103e-6	-1.462781804275747e-6	-1.8411777772879277e-6	-2.3148576281951866e-6	-2.9070763988256663e-6	-3.6465510848961646e-6	-4.568682564079491e-6	-5.717033286754223e-6	-7.1451091930057575e-6	-8.918502009217936e-6	-0.000011117456530362153	-0.00001383993662744043	-0.000017205273375912818	-0.000021358488621322986	-0.000026475397089673277	-0.000032768599245559	-0.000040494484712467296	-0.00004996137113156655	-0.00006153890444093619	-0.00007566884188665016	-0.00009287732632024003	-0.00011378873661401782	-0.00013914116081153145	-0.00016980348169196312	-0.00020679398378582555	-0.0002513002808166517	-0.0003047002166756174	-0.0003685832044876563	-0.0004447712300460251	-0.0005353384511546126	-0.0006426279675886889	-0.0007692639140003336	-0.0009181565403373555	-0.0010924973969997347	-0.001295741148906185	-0.001531569928937364	-0.0018038355467292649	-0.00211647435231637	-0.002473389197787796	-0.002878292853560437	-0.0033345075596153415	-0.003844716298985514	-0.004410663074330621	-0.005032802175308444	-0.005709900379608443	-0.006438601451119306	-0.007212969343796227	-0.00802403523231043	-0.008859383719304767	-0.009702824870362375	-0.010534210250449457	-0.011329461499803939	-0.012060887177553381	-0.012697864908173737	-0.01320795792695588	-0.013558514132983633	-0.013718757947348004	-0.013662327713254364	-0.01337013322310586	-0.012833312130003903	-0.012055959131836207	-0.011057204159431153	-0.009872150359892466	-0.008551182431122597	-0.00715725764413635	-0.005761027159011143	-0.004434015036447101	-0.0032405773023050457	-0.0022298839311692283	-0.0014295540062192716	-0.0008426199182206391	-0.00044900671173086115	-0.00021162591270736515	-0.00008570787320538357	-0.000028681699945085726	-7.510238936424583e-6	-1.4226638785769844e-6	-1.7332137334757793e-7	-1.12754741759352e-8	-2.8590095114903753e-10	-1.5730349150307702e-12	-5.373821860190125e-16	-3.6493934579237966e-22	0.	0.	0.	0.	0.	0.	0.	0.	0.	0.	0.	0.	0.	0.	0.	0.	0.	0.	-216852.269922908	-334924.116899357	-430723.83187664236	-516714.85872236243	-597408.4509018982	-674441.5155716008	-749752.6047486444	-823859.4691233695	-896588.9251694252	-968958.3334250046	-1.0409437193939004e6	-1.1119786154011704e6	-1.183425128823932e6	-1.255057832507125e6	-1.3260547819643111e6	-1.398078084651176e6	-1.4700097297271925e6	-1.541735367133091e6	-1.6139025023542272e6	-1.6866364704180958e6	-1.7595255344972597e6	-1.8324426327357471e6	-1.906075258467232e6	-1.980161397495542e6	-2.0536509278272304e6	-2.128883516400968e6	-2.204184496393334e6	-2.279572213948094e6	-2.3555834158574385e6	-2.4317916170478496e6	-2.5078010478241434e6	-2.584845267137301e6	-2.6627927907010983e6	-2.7414942528350255e6	-2.820073932731622e6	-2.8984529534121444e6	-2.977449562106604e6	-3.057199462168873e6	-3.1378465918664387e6	-3.2195381301138713e6	-3.3002095692318147e6	-3.3811362843761584e6	-3.4640320118553243e6	-3.547012179708572e6	-3.6303346460195617e6	-3.7135050169952246e6	-3.7975505606617765e6	-3.882365171904265e6	-3.967463691665309e6	-4.0531796579628936e6	-4.1390801306140264e6	-4.2256223410756085e6	-4.312914852799201e6	-4.400588559373522e6	-4.488800766518999e6	-4.576317866938782e6	-4.66574537366748e6	-4.75578051833493e6	-4.845444453375123e6	-4.936210698443108e6	-5.027140406667216e6	-5.1179243163570305e6	-5.210213745891391e6	-5.302548261663664e6	-5.394591130180708e6	-5.488451977955917e6	-5.581981487323115e6	-5.677383962786235e6	-5.772414201447818e6	-5.867451986545546e6	-5.963827885641269e6	-6.059901293346712e6	-6.156852509567168e6	-6.255162822015949e6	-6.351268209165371e6	-6.449652430435338e6	-6.548319352361085e6	-6.648617782051648e6	-6.748556682466678e6	-6.850276495889741e6	-6.949786919500061e6
-4.722312893120238e-10	-5.256935786769939e-9	-1.035753822476834e-8	-1.6079342664545053e-8	-2.2762588641363035e-8	-3.080140062656283e-8	-4.0665530044333616e-8	-5.292599454896982e-8	-6.828589968205349e-8	-8.761796562170759e-8	-1.1201058564230764e-7	-1.4282462458012672e-7	-1.8176363911087825e-7	-2.3096078398210152e-7	-2.9308637979072435e-7	-3.714809824165513e-7	-4.703198398562595e-7	-5.948158814571991e-7	-7.514698947481433e-7	-9.483783486034711e-7	-1.1956114659472734e-6	-1.5056766872703459e-6	-1.8940856551866456e-6	-2.38004635108115e-6	-2.987306090685144e-6	-3.7451757988621354e-6	-4.68977139365383e-6	-5.8655142651251055e-6	-7.3269397687312e-6	-9.14087037268748e-6	-0.00001138901857215684	-0.000014171093822554545	-0.000017608497385883773	-0.000021848698860553247	-0.00002707039787333661	-0.00003348958337264604	-0.00004136661037181773	-0.00005101441876627286	-0.00006280801956151186	-0.0000771953686562215	-0.00009470973488964593	-0.00011598364447651307	-0.00014176444466186482	-0.00017293147117062674	-0.00021051472179931473	-0.0002557148265646073	-0.00030992395679768593	-0.00037474712459460426	-0.00045202308309419696	-0.0005438437405188892	-0.0006525706412859528	-0.0007808466425230897	-0.0009316004244859604	-0.0011080409248701503	-0.0013136381942523226	-0.0015520865586144581	-0.001827245385797055	-0.0021430522455716233	-0.00250340291103064	-0.00291199258295844	-0.0033721130704092916	-0.003886401603689727	-0.004456538694208203	-0.0050828952156529205	-0.005764132896174433	-0.006496767895667694	-0.007274714249405619	-0.008088832723639805	-0.008926520887178352	-0.00977139149582813	-0.010603097743217263	-0.011397374149736067	-0.012126368802856079	-0.012759343597978045	-0.013263810687390779	-0.0136071517321444	-0.01375872803250218	-0.01369243134208855	-0.013389546445309986	-0.012841700508561787	-0.012053569687823068	-0.01104491701578661	-0.00985147243577024	-0.008524169068133823	-0.0071263559815025745	-0.0057288476864343395	-0.004403054040761035	-0.003212930059784368	-0.0022070016177787627	-0.0014121000966377624	-0.0008304684439301377	-0.0004413929746308133	-0.00020741550152834237	-0.00008370721528542522	-0.00002789458296270822	-7.266904878166901e-6	-1.3678775873366915e-6	-1.6531091645801864e-7	-1.064144390222924e-8	-2.659604721788893e-10	-1.4330859782500027e-12	-4.736993824329673e-16	-2.9742258801874113e-22	0.	0.	0.	0.	0.	0.	0.	0.	0.	0.	0.	0.	0.	0.	0.	0.	0.	0.	-236182.73835681297	-350006.3083292014	-444483.49968797696	-530317.6526325399	-610261.0090354043	-688339.882067697	-763368.2763559368	-837596.7597282154	-910688.7657973594	-983580.897933499	-1.0553943487488937e6	-1.1277370190957277e6	-1.199039477286218e6	-1.2712386098610954e6	-1.3434739239113e6	-1.4153034816485783e6	-1.4870346341821887e6	-1.559907265960391e6	-1.6319906798628944e6	-1.7049806229190396e6	-1.778569277807494e6	-1.8524328445536084e6	-1.9264647328655974e6	-2.0008118851200284e6	-2.0756667714362845e6	-2.1505305361497896e6	-2.226129083955552e6	-2.3015753510366445e6	-2.378825427118123e6	-2.455681217241506e6	-2.532445970977883e6	-2.6097008929561414e6	-2.6879543133380217e6	-2.7661035203209934e6	-2.8452877151773884e6	-2.9255128079425055e6	-3.0048677240346507e6	-3.085600602586306e6	-3.1658506967608575e6	-3.248161274019447e6	-3.329345355885798e6	-3.4114272897827644e6	-3.494189594264658e6	-3.5770903936367105e6	-3.6611138388297637e6	-3.7453574536621836e6	-3.8300811582281683e6	-3.9146790300254766e6	-4.0002445501222624e6	-4.086791105891012e6	-4.1730487828429984e6	-4.260527356604755e6	-4.348228565335231e6	-4.436192928475558e6	-4.5240925594816925e6	-4.613473508402962e6	-4.702431962547797e6	-4.7933540925251655e6	-4.883272247026702e6	-4.974725799788967e6	-5.066262285615374e6	-5.157856525103268e6	-5.250855503110012e6	-5.343399970997787e6	-5.4364500651743235e6	-5.530508001627913e6	-5.625067876329566e6	-5.71970599240103e6	-5.814361323202211e6	-5.911035780018499e6	-6.006626291690341e6	-6.103538740864565e6	-6.202092060985052e6	-6.300167360027816e6	-6.398049119826806e6	-6.497022817946785e6	-6.597526983766291e6	-6.696346577416651e6	-6.795814807120212e6	-6.898428841511794e6
-3.8390366765328664e-10	-4.273717433848863e-9	-8.420632241578174e-9	-1.3073169368594071e-8	-1.8508368873501447e-8	-2.504726870439789e-8	-3.307267665476186e-8	-4.305014379751923e-8	-5.5553197740375824e-8	-7.129409141303222e-8	-9.116157586708218e-8	-1.1626752348409999e-7	-1.4800462304026823e-7	-1.881178548107431e-7	-2.387930497458066e-7	-3.027665624038847e-7	-3.8346096712637915e-7	-4.851527492835973e-7	-6.131792411513831e-7	-7.741935827225197e-7	-9.76478314182464e-7	-1.2303303766896593e-6	-1.5485328643011472e-6	-1.9469318896949654e-6	-2.4451404606259903e-6	-3.0673953755700044e-6	-3.84359789785985e-6	-4.810574415480311e-6	-6.0135994865153725e-6	-7.508230638941386e-6	-9.362512042069116e-6	-0.000011659612659662456	-0.00001450097363918606	-0.00001801004931732434	-0.000022336736053550566	-0.000027662592727738968	-0.00003420696556285697	-0.00004223413714140472	-0.00005206162397340094	-0.0000640697472960136	-0.00007871259607322785	-0.00009653048705552742	-0.00011816400131817016	-0.0001443696363392223	-0.00017603705311590632	-0.00021420788636116015	-0.0002600953933365997	-0.0003151060921980416	-0.00038086029641020954	-0.00045921327192089496	-0.0005522743925556885	-0.0006624233322026136	-0.0007923213261553465	-0.0009449151144819225	-0.0011234306306979573	-0.0013313529066347743	-0.0015723880556029633	-0.001850402612274084	-0.00216933500987697	-0.0025330736476145256	-0.0029452959555784364	-0.003409263243598401	-0.0039275670991035655	-0.004501824881526603	-0.00513232467316631	-0.005817624120728308	-0.006554113148772564	-0.007335557694047331	-0.00815265042423607	-0.008992604690918605	-0.009838839249330022	-0.010670812666754697	-0.011464076413024748	-0.012190622319983932	-0.01281960066429215	-0.013318476188956423	-0.013654667149606694	-0.01379767325644269	-0.013721639419103758	-0.01340822292176901	-0.012849535366088698	-0.012050826551199833	-0.011032482207611981	-0.009830846623588598	-0.008497387842276223	-0.00709583363383817	-0.005697150964099734	-0.0043726286937227745	-0.0031858197545328146	-0.0021846114302194438	-0.0013950591303028025	-0.0008186324509686903	-0.000433996231138574	-0.0002033371540843581	-0.00008177592747650639	-0.000027137826690619973	-7.034098723529713e-6	-1.3157783358772149e-6	-1.577518756000763e-7	-1.0049185758991756e-8	-2.475915575634167e-10	-1.306755916611117e-12	-4.1803653240422313e-16	-2.413002373354383e-22	0.	0.	0.	0.	0.	0.	0.	0.	0.	0.	0.	0.	0.	0.	0.	0.	0.	-66587.74785954734	-254645.00950781308	-364812.32300540496	-458142.81071301503	-543457.3302636135	-623609.0389247589	-701426.1107317042	-777431.3345507997	-851210.7505400375	-924649.9009120035	-998053.7836508637	-1.070110526605171e6	-1.1429478595445566e6	-1.2150721729278504e6	-1.2872471210329388e6	-1.3595649371903408e6	-1.4320657851470222e6	-1.5045645861949234e6	-1.577725927430789e6	-1.6509708977206165e6	-1.7241310603037963e6	-1.797670944745379e6	-1.8722185663655293e6	-1.9467759059275803e6	-2.0208769822401765e6	-2.0970604178968188e6	-2.1726843232388813e6	-2.2488579992299676e6	-2.324232448692359e6	-2.401593222135565e6	-2.4790172753527174e6	-2.5560472606773856e6	-2.634365396261687e6	-2.713856957048998e6	-2.7926520726082576e6	-2.8724869009878873e6	-2.9514641715342836e6	-3.0314748673453648e6	-3.1126813133329474e6	-3.194435990220853e6	-3.276537445344951e6	-3.3586380972576425e6	-3.4412370617530225e6	-3.524308129017085e6	-3.6076685005931277e6	-3.6921559994804254e6	-3.7766958343054554e6	-3.8616558856748e6	-3.947481408704264e6	-4.0337092996941935e6	-4.1199428233333854e6	-4.207669736287538e6	-4.295276081869905e6	-4.38248394321142e6	-4.471293952677853e6	-4.560064222056609e6	-4.649616025850983e6	-4.740301175002807e6	-4.830716847385567e6	-4.921236573132575e6	-5.01322344006642e6	-5.104408762471699e6	-5.196723635392867e6	-5.289462102189168e6	-5.383748109462379e6	-5.478056572924408e6	-5.57203698636207e6	-5.665929824622444e6	-5.761372072312613e6	-5.857710550206197e6	-5.954083253135917e6	-6.052230003130538e6	-6.148604684257653e6	-6.246047839234743e6	-6.3449793166500535e6	-6.443826485971767e6	-6.542957701142446e6	-6.643720681307107e6	-6.744125930560866e6	-6.843431317915864e6
-3.119094588011633e-10	-3.472302342776106e-9	-6.841809188549446e-9	-1.0622598830677842e-8	-1.5040103310196717e-8	-2.0355652396926973e-8	-2.688098881105135e-8	-3.4995410707052794e-8	-4.51664120296288e-8	-5.797485504593658e-8	-7.414591925221709e-8	-9.458733520215259e-8	-1.204367408024846e-7	-1.531204036694264e-7	-1.944260511556369e-7	-2.465931574244778e-7	-3.1242477548919615e-7	-3.954258961113892e-7	-4.999743935698055e-7	-6.31531913699933e-7	-7.969036101651881e-7	-1.0045574835561158e-6	-1.2650162726177004e-6	-1.591337440596472e-6	-1.9996998497095268e-6	-2.5101192837916566e-6	-3.1473191256908906e-6	-3.94178728343598e-6	-4.9310559442919955e-6	-6.16124696504574e-6	-7.688932709067304e-6	-9.583369917082937e-6	-0.000011929172709590905	-0.000014829499967088512	-0.00001840984194295156	-0.000022822500749555068	-0.000028251868897665733	-0.000034920618758264547	-0.0000430969228217598	-0.0000531028288334456	-0.00006532391381738073	-0.00008022033477331748	-0.00009833937905457844	-0.00012032959114515462	-0.000146956511140618	-0.00017911999938355496	-0.00021787303635987024	-0.00026444177136061397	-0.00032024644116148044	-0.00038692258424358075	-0.00046634172995962833	-0.0005606304390748839	-0.0006721862070684328	-0.0008036883116334019	-0.0009581011920428209	-0.001138667397452151	-0.0013488865492616896	-0.001592476156424905	-0.0018733095443827365	-0.0021953256698131005	-0.002562405279950339	-0.002978207849885123	-0.0034459641377871672	-0.003968220211946296	-0.0045465306296422455	-0.005181101311901587	-0.005870386790640425	-0.006610652113096765	-0.007395516915374892	-0.008215508040039142	-0.009057657385146311	-0.00990519294317668	-0.010737382308941494	-0.011529597860068706	-0.012253679259657082	-0.01287866913243678	-0.013371988334532656	-0.013701094399402262	-0.013835626843631306	-0.01374998337541633	-0.013426191233184566	-0.012856841391435907	-0.012047749579387763	-0.011019914021310081	-0.009810281199569077	-0.00847084096952979	-0.007065687155149736	-0.005665928741337433	-0.004342727202072102	-0.0031592325903462993	-0.002162699193102473	-0.0013784180275374178	-0.0008071010561469076	-0.0004268083624873451	-0.0001993855151214791	-0.0000799109550102435	-0.000026409972978432402	-6.811265316234715e-6	-1.2662090971492164e-6	-1.5061464699084783e-7	-9.495573605673724e-9	-2.3065690221252068e-10	-1.192610544143663e-12	-3.693257908168366e-16	-1.950622546290428e-22	0.	0.	0.	0.	0.	0.	0.	0.	0.	0.	0.	0.	0.	0.	0.	0.	0.	-109579.54653325412	-271777.0468121271	-379177.98096241744	-471771.1108966807	-556388.4801940271	-636729.8223542543	-714936.65918749	-790785.6896246998	-865290.5466937319	-938925.391480375	-1.0126295037521496e6	-1.0851518938086724e6	-1.158287434479794e6	-1.230668324211037e6	-1.3033033091971294e6	-1.3764191753622824e6	-1.448745159510757e6	-1.521749904901229e6	-1.5955466898019142e6	-1.6695819368244014e6	-1.7429900428376896e6	-1.8177044816256328e6	-1.891927376901823e6	-1.967320692163438e6	-2.0420976004950164e6	-2.1180089416459915e6	-2.193552292560845e6	-2.270835388798646e6	-2.347301575968729e6	-2.424667579159309e6	-2.503046728172723e6	-2.580911599470156e6	-2.6596889588070153e6	-2.738049931270402e6	-2.8174491527213193e6	-2.8978925331956777e6	-2.977752539645955e6	-3.0583726831946094e6	-3.139896814444968e6	-3.222472186205306e6	-3.3048855313938907e6	-3.3876759247957664e6	-3.4708868191216965e6	-3.554649757861013e6	-3.6389274476458374e6	-3.722913866085599e6	-3.8083934062674115e6	-3.8940500474011814e6	-3.979947367917631e6	-4.0668254946668823e6	-4.153751137762668e6	-4.240834525898131e6	-4.32928612383841e6	-4.418497442079027e6	-4.506872468980657e6	-4.5963571553691e6	-4.686080506872236e6	-4.777116449258838e6	-4.868063089150555e6	-4.959548413336309e6	-5.051259220394884e6	-5.143813375849517e6	-5.236567054076932e6	-5.330129990679812e6	-5.425134761156171e6	-5.518567020768839e6	-5.613633345459922e6	-5.709041618112842e6	-5.80485052971584e6	-5.900947952939214e6	-5.998026438872558e6	-6.095396450497084e6	-6.192713985422758e6	-6.292942723718779e6	-6.391286651844595e6	-6.490723065045738e6	-6.589029788906876e6	-6.6905533836119985e6	-6.790910943614763e6
-2.532672645812565e-10	-2.8195078952227876e-9	-5.5557256727995665e-9	-8.626278555274536e-9	-1.2214486796284433e-8	-1.653293786059396e-8	-2.1835332502362645e-8	-2.8430484779185376e-8	-3.669919140681703e-8	-4.71148214228095e-8	-6.026865114548156e-8	-7.690118886466039e-8	-9.794100721809276e-8	-1.2455293932929907e-7	-1.5819791022798995e-7	-2.0070718306269396e-7	-2.5437441821881916e-7	-3.2206969397994086e-7	-4.0738054475458465e-7	-5.147861661102982e-7	-6.498722483055625e-7	-8.195954698303406e-7	-1.0326085527775836e-6	-1.2996590008321916e-6	-1.6340772612988025e-6	-2.052373132220863e-6	-2.574962834843324e-6	-3.2270533525013903e-6	-4.039715460330316e-6	-5.051182391696102e-6	-6.308417351980974e-6	-7.869000125103235e-6	-9.803390821297661e-6	-0.000012197637342886846	-0.000015156602295749985	-0.00001880779466482302	-0.000023305901310904696	-0.000028838122800001393	-0.00003563042662929031	-0.00004395483771789538	-0.00005413788995020293	-0.0000665703621056716	-0.00008171841476894474	-0.0001001362293740469	-0.00012248022340588462	-0.00014952487332249196	-0.00018218011462998996	-0.00022151020166653095	-0.00026875379225003727	-0.00032534486802243223	-0.00039293390327338804	-0.0004734084463816228	-0.0005689119723942287	-0.0006818594976006817	-0.0008149480146229511	-0.0009711593109094831	-0.0011537521819887896	-0.001366240459400207	-0.001612352669592942	-0.0018959685673875346	-0.002221027308441635	-0.0025914017259337707	-0.0030107331714950536	-0.0034822218140984343	-0.004008368339524724	-0.004590664862282627	-0.005229235776857664	-0.005922433464808034	-0.006666399442861664	-0.0074546088218662935	-0.008277424856561823	-0.009121700703135553	-0.009970476759334847	-0.010802833212714675	-0.011593967199573063	-0.012315570176509546	-0.012936580945161452	-0.013424379852333515	-0.01374646625036285	-0.013872620731807079	-0.01377749335005374	-0.01344347870503163	-0.012863642101403373	-0.012044357588343421	-0.0110072258769863	-0.009789783785897573	-0.008444530248780023	-0.007035912927045858	-0.005635172827426439	-0.004313338031533581	-0.0031331551771144883	-0.0021412512196688728	-0.0013621642118317864	-0.000795863833362924	-0.00041982161867704483	-0.00019555549122092936	-0.00007810940381556186	-0.000025709646407892817	-6.597883645586106e-6	-1.2190233966504144e-6	-1.4387182495892444e-7	-8.977741777279762e-9	-2.1503231996322272e-10	-1.0893777688137891e-12	-3.266489610826025e-16	-1.5718368583332705e-22	0.	0.	0.	0.	0.	0.	0.	0.	0.	0.	0.	0.	0.	0.	0.	0.	0.	-140230.6513819516	-288285.3818383425	-393438.058615235	-484902.401614794	-569721.1165591786	-649972.0221352597	-727612.5656822502	-803952.2401821099	-878511.7638039264	-952756.8846796289	-1.0264659566992387e6	-1.100019832631268e6	-1.173203321602926e6	-1.2460947253929346e6	-1.3192958292151708e6	-1.3922597701775816e6	-1.4662340183286371e6	-1.5394011329649412e6	-1.6130921444004173e6	-1.687331209765371e6	-1.7619108030074614e6	-1.8368044025965314e6	-1.9118644383786598e6	-1.9868742133141828e6	-2.0632346914087355e6	-2.13954911893286e6	-2.2150490282796323e6	-2.2924662617961722e6	-2.3704452880045082e6	-2.4482984127080296e6	-2.5261145491941725e6	-2.604638773931679e6	-2.684329679136137e6	-2.763408182782663e6	-2.8434395693166344e6	-2.9245197337898677e6	-3.0047376845810446e6	-3.0863404706179053e6	-3.1674667275262214e6	-3.250660532051715e6	-3.3327324998567e6	-3.416723349602938e6	-3.500497036103232e6	-3.5841736314462475e6	-3.668879347722829e6	-3.7543445038205152e6	-3.8401746154289907e6	-3.9257371243527173e6	-4.012273204228869e6	-4.0997963443771508e6	-4.1868601687785513e6	-4.275017017019318e6	-4.363765730542762e6	-4.452942642002868e6	-4.542262107589365e6	-4.632193012956843e6	-4.723070310992287e6	-4.814265579907804e6	-4.904965956039528e6	-4.9970444243868245e6	-5.090250483115777e6	-5.182823283474063e6	-5.276786533893014e6	-5.369684717062577e6	-5.464396538963421e6	-5.558785273535939e6	-5.65504302695868e6	-5.750936581819056e6	-5.847727279261134e6	-5.944554557423926e6	-6.040665325068818e6	-6.139989065791185e6	-6.237891591914462e6	-6.337282463123688e6	-6.436591038815267e6	-6.536185089076687e6	-6.637410955347707e6	-6.738281108897809e6
-2.0553184042040686e-10	-2.2881182379040238e-9	-4.508785129056018e-9	-7.001068785805359e-9	-9.913951019349481e-9	-1.3420257866115884e-8	-1.772632003158405e-8	-2.3083397552458387e-8	-2.9801455934397857e-8	-3.826599312824895e-8	-4.895876076764781e-8	-6.248340498439488e-8	-7.959727913943425e-8	-1.0125096188121467e-7	-1.2863735987630198e-7	-1.6325269832557414e-7	-2.0697221945346508e-7	-2.621440378571416e-7	-3.31705363480852e-7	-4.193262232245337e-7	-5.295869200265307e-7	-6.681967973118593e-7	-8.422634653377424e-7	-1.0606235375153054e-6	-1.3342481675560265e-6	-1.676739325386056e-6	-2.10493585849885e-6	-2.6396520161862574e-6	-3.3065753285974667e-6	-4.137355591041473e-6	-5.1709222610885735e-6	-6.455073875415789e-6	-8.048390159708518e-6	-0.000010022525333854742	-0.000012464949659065627	-0.000015482215426252512	-0.000019203833156600126	-0.00002378685347655385	-0.000029421259497274107	-0.00003633628294487731	-0.00004480776389042743	-0.00005516667756475858	-0.00006780895090429276	-0.00008320668422456315	-0.00010192087731987048	-0.0001246157313233038	-0.0001520745541655524	-0.00018521723407550981	-0.00022511915717630135	-0.0002730313260519754	-0.0003304012797967561	-0.00039889421572289984	-0.00048041346177470664	-0.0005771191404851434	-0.0006914434950842943	-0.0008261009137081996	-0.0009840901902287715	-0.0011686860078260301	-0.00138341604056069	-0.00163201946724401	-0.0019183821247475284	-0.002246443058080849	-0.0026200669394909554	-0.003042876843687438	-0.003518042326900137	-0.0040480188409881095	-0.004634236425708079	-0.005276738587495062	-0.005973776519041012	-0.006721369541683975	-0.007512849993747591	-0.008338419743574767	-0.00918475586595034	-0.010034714263691256	-0.010867191196070158	-0.011657212304796525	-0.012376324681917458	-0.012993367002157225	-0.013475682341905475	-0.013790814278042492	-0.013908685628856835	-0.013804198250355	-0.013460111469634772	-0.012869959902249269	-0.012040668410982908	-0.010994430381156842	-0.009769361395203312	-0.008418457095944232	-0.007006507181070425	-0.005604875101641482	-0.004284449905214592	-0.00310757451937078	-0.0021202542932972626	-0.0013462855877350998	-0.0007849107916045117	-0.0004130285990349748	-0.00019184223597230247	-0.00007636853077621349	-0.000025035548920257705	-6.393464462893337e-6	-1.1740845154446277e-6	-1.3749802055562987e-7	-8.493061263938909e-9	-2.006053867885657e-10	-9.95928060714678e-13	-2.8921562026758413e-16	-1.2537969091402202e-22	0.	0.	0.	0.	0.	0.	0.	0.	0.	0.	0.	0.	0.	0.	0.	0.	0.	-165713.33991523675	-304005.8500778842	-407228.42496962583	-497941.99164969975	-582299.6716495662	-663136.7395252585	-741073.7749513204	-816956.339642877	-892397.2164811947	-967405.6763611846	-1.0412403309856813e6	-1.1150279628368348e6	-1.188585305614672e6	-1.2615667269423672e6	-1.335420546031257e6	-1.4092451236913071e6	-1.4827940646756776e6	-1.5569633614046888e6	-1.6311491332520344e6	-1.7052901968265288e6	-1.7812787439918444e6	-1.856381523703488e6	-1.9317221384632972e6	-2.0071444082712969e6	-2.0836010227062802e6	-2.160470406319956e6	-2.2371695423271055e6	-2.3146699069748544e6	-2.3933973039622135e6	-2.470840369156361e6	-2.5496291131053227e6	-2.6295697042424516e6	-2.7081186759416168e6	-2.7877090517108007e6	-2.868346741586591e6	-2.9500376556046377e6	-3.030910694900135e6	-3.1129863113032356e6	-3.195616926721551e6	-3.2786006161195566e6	-3.36158902066356e6	-3.445081127612857e6	-3.5297747202438517e6	-3.614328426008474e6	-3.699949660236045e6	-3.7854030230507925e6	-3.871749037732952e6	-3.9579623228881247e6	-4.045155805092914e6	-4.133419020805326e6	-4.221230605346412e6	-4.309874619005863e6	-4.39782219493841e6	-4.488481794800583e6	-4.57802629859131e6	-4.668169468617231e6	-4.759584150545001e6	-4.850872356769014e6	-4.942786851649693e6	-5.035109388021801e6	-5.129010792928125e6	-5.221358749460148e6	-5.316117970648293e6	-5.410257419883819e6	-5.5049046736118095e6	-5.600568997585191e6	-5.69673721236303e6	-5.793941090128107e6	-5.890270960389369e6	-5.98802443613851e6	-6.085850316962519e6	-6.183625933556035e6	-6.281700997370419e6	-6.3813606326384e6	-6.483012919704009e6	-6.581783826234453e6	-6.682628034971459e6
-1.6669933481009643e-10	-1.8558298295616382e-9	-3.657062547129959e-9	-5.6788265351233e-9	-8.042123116106629e-9	-1.0887366071950189e-8	-1.4382253911119019e-8	-1.8731085830725e-8	-2.4186002953275274e-8	-3.106072899848934e-8	-3.974750364028927e-8	-5.0738052340022184e-8	-6.46496245834174e-8	-8.225736571767216e-8	-1.0453457513850974e-7	-1.3270275644065995e-7	-1.6829379651061458e-7	-2.132271360938875e-7	-2.6990543264894303e-7	-3.4133298908347456e-7	-4.312621546694323e-7	-5.443740265008441e-7	-6.865011251512876e-7	-8.64901325285019e-7	-1.0885942343816668e-6	-1.368773478906537e-6	-1.7193110303735229e-6	-2.157372841085052e-6	-2.7041687211316457e-6	-3.3858636358172864e-6	-4.2346824956231655e-6	-5.2902461028504485e-6	-6.601182252310027e-6	-8.227063080530634e-6	-0.000010240727611719462	-0.000012731057008328123	-0.00001580627918752339	-0.00001959788901653521	-0.00002426527994267351	-0.000030001192194940314	-0.000037038090973617034	-0.00004565559444566646	-0.000056189074717498004	-0.00006903955373459332	-0.00008468500830206229	-0.00010369318166873374	-0.0001267359703268111	-0.00015460541015737222	-0.00018823122140598547	-0.0002286997820873176	-0.0002772742784845335	-0.0003354156230328018	-0.0004048035272883367	-0.00048735686411346295	-0.0005852521424517293	-0.0007009385453313481	-0.000837147544810291	-0.000996894608419375	-0.001183469958459145	-0.0014004147552803578	-0.001651478477433353	-0.0019405527099901573	-0.002271576091862222	-0.0026484049019602795	-0.0030746437987998823	-0.003553431715455568	-0.004087179029531292	-0.004677254081827542	-0.005323620132188817	-0.006024428142339666	-0.006775576561225019	-0.007570256684610527	-0.008398511160323899	-0.009246843591903963	-0.010097928420377234	-0.01093048137181695	-0.011719360239192466	-0.012435971475822117	-0.013049057198131746	-0.013525926318241052	-0.013834168914309955	-0.013943851066937275	-0.01383012580926046	-0.01347611452485601	-0.012875816147652354	-0.012036698952041871	-0.010981539376040256	-0.0097490204719391	-0.008392622575481495	-0.006977466019038096	-0.0055750275220111	-0.004256051801445741	-0.0030824780049678487	-0.0020996956496918072	-0.0013307705197985057	-0.0007742323538733145	-0.0004064222339296602	-0.0001882411360932202	-0.00007468573465274914	-0.00002438645483449424	-6.197548083190717e-6	-1.1312647597329667e-6	-1.3146969657695721e-7	-8.039118255617908e-9	-1.872742346760186e-10	-9.112574157688465e-13	-2.5634429431071775e-16	-9.913802198818657e-23	0.	0.	0.	0.	0.	0.	0.	0.	0.	0.	0.	0.	0.	0.	0.	0.	0.	-188250.08629484996	-319594.54031717114	-421022.67057532974	-511066.14372790477	-595350.2932730241	-675832.9397621745	-754167.0986896164	-830725.1538965047	-906361.9279229303	-980716.5541721847	-1.0553612186473121e6	-1.1299554607074342e6	-1.2036783592271772e6	-1.27764190717984e6	-1.3513184284749397e6	-1.4256525232084934e6	-1.5001710813560523e6	-1.5742587058536687e6	-1.648722169941921e6	-1.724053433563151e6	-1.7996129840390196e6	-1.8753868097516375e6	-1.9512567806464161e6	-2.0269833161180757e6	-2.1044659169987338e6	-2.181556108206444e6	-2.258905500207278e6	-2.3369534611313124e6	-2.415642020150653e6	-2.494534966554052e6	-2.5732269895752682e6	-2.6529769405686604e6	-2.7336502609439814e6	-2.8138874362492487e6	-2.8951766506080437e6	-2.9758913919041827e6	-3.057373272691206e6	-3.1397659491740013e6	-3.2232166481986237e6	-3.3065115607820954e6	-3.390189297120113e6	-3.4742929425626644e6	-3.5589538491611904e6	-3.6441344307617582e6	-3.730369018470167e6	-3.816146832083629e6	-3.902885060251767e6	-3.989733242938422e6	-4.0775678187425304e6	-4.1654110077788373e6	-4.254359857138507e6	-4.343220827553724e6	-4.433598771762698e6	-4.522861452643177e6	-4.61361057475309e6	-4.703942349324735e6	-4.796243366363978e6	-4.887544372681976e6	-4.980386215247487e6	-5.073315018660468e6	-5.166919411813342e6	-5.260705360358184e6	-5.356066076493066e6	-5.450820168954372e6	-5.546056975331839e6	-5.6417777817114e6	-5.737560625753567e6	-5.835067757212861e6	-5.932632592642884e6	-6.03019178269949e6	-6.12829622631179e6	-6.228329095055942e6	-6.327695903984955e6	-6.426854697927471e6	-6.528001516163732e6	-6.627322739115453e6
-1.3512893704126629e-10	-1.504379546108153e-9	-2.9645883546046803e-9	-4.6037458364030916e-9	-6.520069054924009e-9	-8.82756867021404e-9	-1.1662459429083316e-8	-1.5190751015076697e-8	-1.96174137944294e-8	-2.519759034986318e-8	-3.225042200821957e-8	-4.1176183984008246e-8	-5.2477578441788714e-8	-6.678622807325806e-8	-8.489565141831389e-8	-1.0780229447105732e-7	-1.3675655231153141e-7	-1.7332615297057008e-7	-2.1947480934644555e-7	-2.776596924859332e-7	-3.5095206290174817e-7	-4.431863414494402e-7	-5.591440372945256e-7	-7.047803117356567e-7	-8.875025818919682e-7	-1.116512501192579e-6	-1.4032249428139237e-6	-1.7617803109373709e-6	-2.209669670189226e-6	-2.768495875936055e-6	-3.464898168187107e-6	-4.331672618633694e-6	-5.409126446553153e-6	-6.7467105855806986e-6	-8.40498201034008e-6	-0.000010457955209622273	-0.000012995910766710266	-0.000016128738160720345	-0.000019989899433698156	-0.00002474110996182665	-0.000030577841763018645	-0.00003773576291564006	-0.00004649823286372623	-0.00005720497645643046	-0.0000702620579663159	-0.00008615326807307712	-0.00010545301939970676	-0.00012884081657843992	-0.00015711732128606196	-0.00019122196680492663	-0.00023225198530185144	-0.0002814825883514186	-0.00034038788086796965	-0.00041066188380426956	-0.0004942387850015563	-0.0005933112243207514	-0.0007103450439939579	-0.0008480884960052094	-0.001009573397486435	-0.0011981051711765706	-0.0014172381184623503	-0.0016707316770395082	-0.0019624828592513374	-0.0022964296160067205	-0.002676419614243435	-0.003106038970435961	-0.003588395996418568	-0.00412585616546219	-0.004719726502181233	-0.0053698906635282284	-0.00607440033397267	-0.006829034400562098	-0.007626844823637584	-0.00845771716119859	-0.009307984106269524	-0.010160141606098327	-0.010992728167044111	-0.011780437281426548	-0.01249453837755488	-0.01310368045948555	-0.013575141254075657	-0.013876559494712878	-0.01397814545398698	-0.013855302639661003	-0.013491511789594688	-0.012881231193348205	-0.012032465239607694	-0.01096856398566989	-0.009728766930891891	-0.008367027429492852	-0.006948785431544587	-0.005545622132913382	-0.004228132951144186	-0.0030578533939060594	-0.0020795629597354	-0.0013156078125186473	-0.0007638193372907483	-0.0003999957675627226	-0.00018474779842868411	-0.00007305854761887556	-0.000023761206224960813	-6.009702356435205e-6	-1.0904447909075588e-6	-1.2576501738531616e-7	-7.613694799167388e-9	-1.7494647832722308e-10	-8.344724784114675e-13	-2.274468112146886e-16	-7.830714147479268e-23	0.	0.	0.	0.	0.	0.	0.	0.	0.	0.	0.	0.	0.	0.	0.	0.	0.	-208579.4300150792	-334294.17853736616	-434231.7930753467	-523737.29240414646	-608091.3200588613	-688647.9599330408	-767184.064598973	-843930.3374755982	-919644.0210207141	-994844.7304706265	-1.0697441308803253e6	-1.143938665512605e6	-1.2184189643834636e6	-1.2929237599776264e6	-1.3675660848550834e6	-1.4417262204841506e6	-1.5168359510664535e6	-1.5919820254844704e6	-1.6668005782911608e6	-1.7425229834755296e6	-1.8186483597842937e6	-1.8942310366573338e6	-1.9704466001532108e6	-2.0473929114444158e6	-2.124866684708828e6	-2.2031579777150447e6	-2.280605619963238e6	-2.3587035006816965e6	-2.4386459490648583e6	-2.516770570346898e6	-2.5969470618492267e6	-2.6768843413256085e6	-2.757387294947436e6	-2.838226840784846e6	-2.9201228605920235e6	-3.0022950579022244e6	-3.084904256203611e6	-3.166898932932993e6	-3.2509674584767213e6	-3.3339201996905957e6	-3.418798129203619e6	-3.5034641195837646e6	-3.5888149574579834e6	-3.67445462138973e6	-3.761247412415263e6	-3.846759379632381e6	-3.934607777902784e6	-4.0221113728574873e6	-4.110608027027374e6	-4.198590311885078e6	-4.287548107084726e6	-4.377621034005639e6	-4.467108063743983e6	-4.55791951339267e6	-4.648838781460457e6	-4.740896730144792e6	-4.83269027196899e6	-4.924592325363717e6	-5.017966752277944e6	-5.111881034807827e6	-5.206008870083962e6	-5.3001881400921e6	-5.394081415531568e6	-5.489797811642996e6	-5.5866903536882885e6	-5.68245691749595e6	-5.779358077100216e6	-5.87747420246324e6	-5.974527215015523e6	-6.0724840803472055e6	-6.1720921037196135e6	-6.271665736780343e6	-6.371783103228204e6	-6.471590403113496e6	-6.573126312391899e6
-1.0947816149523838e-10	-1.2188245106708693e-9	-2.4019308249712915e-9	-3.730160392976588e-9	-5.2831895688246506e-9	-7.1535355060921735e-9	-9.451772659626518e-9	-1.2312713519025054e-8	-1.5902876495737765e-8	-2.0429626781256913e-8	-2.6152457051175916e-8	-3.3396977575797705e-8	-4.257231393986977e-8	-5.419277050405676e-8	-6.890481546707758e-8	-8.752068679515005e-8	-1.1106021686945447e-7	-1.408028388333438e-7	-1.7835218284478763e-7	-2.257162118094412e-7	-2.8540650260862274e-7	-3.605610725210359e-7	-4.5509610729525743e-7	-5.738930970320269e-7	-7.230292629553893e-7	-9.100608012619453e-7	-1.144370423385574e-6	-1.437592983916264e-6	-1.8041357113643521e-6	-2.261812750166155e-6	-2.8326174446550927e-6	-3.543660107738171e-6	-4.428303977001076e-6	-5.527537720637236e-6	-6.891629254158589e-6	-8.582112784893672e-6	-0.000010674168902044921	-0.000013259466117381818	-0.00001644954141386294	-0.000020379806868721782	-0.00002521427896128068	-0.000031151136281991145	-0.00003842921936457811	-0.000047335592363348186	-0.0000582142890898879	-0.00007147636394128407	-0.0000876113594947826	-0.00010720028450122288	-0.0001309301655880204	-0.00015961018943864373	-0.00019418938510820536	-0.0002357757033089526	-0.0002856562251228786	-0.00034531807027772293	-0.000416469368130746	-0.0005010593961683114	-0.0006012966751217621	-0.0007196634322065201	-0.0008589244027134389	-0.0010221274377532898	-0.0012125928313409026	-0.0014338876912293257	-0.0016897810852342875	-0.0019841751444307026	-0.0023210068627642394	-0.0027041150896635136	-0.003137067286417605	-0.0036229411571014657	-0.0041640574500575	-0.004761662262709966	-0.0054155602943813125	-0.0061237049012721635	-0.006881756706199825	-0.007682630018355341	-0.008516055401779944	-0.00936819715117947	-0.010221375624419509	-0.011053955342266657	-0.01184046894975801	-0.012552052355676337	-0.013157264779626199	-0.01362335562043815	-0.013918014303716485	-0.014011596122757602	-0.013879754285966918	-0.013506326156285102	-0.01288622444864634	-0.012027982473540096	-0.010955514659048073	-0.009708606193034782	-0.008341672104601792	-0.0069204613148084555	-0.005516651071627925	-0.004200682834768016	-0.003033688807340339	-0.00205984431299046	-0.0013007866912335294	-0.0007536629342726182	-0.00039374274176886615	-0.00018135803776847707	-0.00007148462736621076	-0.000023158708629959376	-5.829520793832231e-6	-1.0515130106169716e-6	-1.2036371209031877e-7	-7.214751343785934e-9	-1.6353825907416485e-10	-7.647775344373866e-13	-2.0201483746782113e-16	-5.974787749815728e-23	0.	0.	0.	0.	0.	0.	0.	0.	0.	0.	0.	0.	0.	0.	0.	0.	0.	-227661.4133989486	-348646.51536102	-447630.22484356066	-536571.2934268119	-620385.6125221767	-701426.1107317042	-780200.8569914188	-857211.1450650025	-933021.0684642906	-1.0090718011403903e6	-1.0841769111057017e6	-1.1589398155896047e6	-1.2342189937251767e6	-1.3086938457073069e6	-1.3833580273406897e6	-1.4582465151290656e6	-1.533917213386544e6	-1.608788358323861e6	-1.6845207498250222e6	-1.7607014534650433e6	-1.8371198755799832e6	-1.9133772079067056e6	-1.990516401896154e6	-2.0683149483867853e6	-2.1460208967333836e6	-2.2242778181616412e6	-2.3017823716878328e6	-2.3811178064232743e6	-2.4600835777409403e6	-2.5401687546115136e6	-2.620991177956008e6	-2.701493293011454e6	-2.782440499980544e6	-2.8639145738553493e6	-2.9464497519025276e6	-3.028176628434661e6	-3.1111127523428584e6	-3.1946109437765144e6	-3.2784689243679885e6	-3.3623377624232424e6	-3.4477747437888053e6	-3.5327074074574434e6	-3.618904236789135e6	-3.7042753622270226e6	-3.7917357739822534e6	-3.8787773268145663e6	-3.9659363496801066e6	-4.054081075034355e6	-4.1423184828767083e6	-4.232365362558248e6	-4.321103378701282e6	-4.411081791337303e6	-4.501607947955024e6	-4.593036031294286e6	-4.684387592828079e6	-4.776795542243487e6	-4.869119366353208e6	-4.961986644138446e6	-5.055083765380297e6	-5.149595467298075e6	-5.24317724320387e6	-5.338780616838268e6	-5.434548723105742e6	-5.5304615603584e6	-5.6268816332805e6	-5.723384767086925e6	-5.822288234529414e6	-5.918894979847745e6	-6.018315533762391e6	-6.116874284253706e6	-6.215165564995751e6	-6.315132678096042e6	-6.416198214800099e6	-6.5175921048523635e6
-8.864945074501359e-11	-9.869478655384996e-10	-1.945026305464559e-9	-3.0207301463338017e-9	-4.278658001359129e-9	-5.793841761259499e-9	-7.655988607100198e-9	-9.97451004653891e-9	-1.2884602040441092e-8	-1.6554692032609216e-8	-2.119563544174918e-8	-2.7072128816065145e-8	-3.451691300627492e-8	-4.394847185098191e-8	-5.589309545589534e-8	-7.101237882549771e-8	-9.013747439096474e-8	-1.1431172050395717e-7	-1.448436387473838e-7	-1.833727446509971e-7	-2.3195116530868978e-7	-2.931447225733709e-7	-3.7015794431594486e-7	-4.669884346985e-7	-5.886171975962881e-7	-7.412428996789025e-7	-9.325697203851586e-7	-1.1721604091072156e-6	-1.4718685041703935e-6	-1.8463664170044614e-6	-2.3137893054009403e-6	-2.896518411618147e-6	-3.622131884506827e-6	-4.524556097411622e-6	-5.645456166075981e-6	-7.035910800888963e-6	-8.75842381212702e-6	-0.000010889332509838447	-0.00001352168183986359	-0.000016768642247801727	-0.000020767558749576046	-0.00002568472818044749	-0.00003172101061246947	-0.00003911838879860664	-0.000048167595301944866	-0.00005921692948155604	-0.00007268238414766842	-0.00008905919244582784	-0.00010893488684924596	-0.0001330039309122912	-0.00016208393689800225	-0.00019713341407411763	-0.00023927089820148425	-0.000289795186672606	-0.0003502062395048668	-0.00042222609724781065	-0.0005078189062028077	-0.0006092088232378791	-0.0007288941925347912	-0.0008696559432355196	-0.0010345576529807545	-0.001226934167101236	-0.001450365075253787	-0.0017086287574754186	-0.002005632166914826	-0.002345311083964279	-0.0027314953474736605	-0.003167733662420572	-0.003657073149449892	-0.004201790020136703	-0.0048030698392383855	-0.0054606389946490926	-0.006172353458071078	-0.00693375687264776	-0.007737627557846627	-0.008573543145203772	-0.009427501995658904	-0.010281651719963212	-0.01111418601022552	-0.011899480025776931	-0.01260853955684373	-0.013209837252962247	-0.013670596925521597	-0.01395856061790983	-0.014044229377491613	-0.013903505273049567	-0.013520579540568659	-0.012890814425020027	-0.012023265070986404	-0.010942401210545117	-0.009688543218913992	-0.008316556776786107	-0.006892489485988638	-0.0054881065739467725	-0.004173691178926106	-0.003009972716784019	-0.0020405282018294254	-0.0012862967839247807	-0.0007437546947100541	-0.00038765698075898575	-0.0001780678654257019	-0.000069961749735224	-0.000022577927065028346	-5.656620836258349e-6	-1.014364995907666e-6	-1.1524694979883954e-7	-6.840410976363604e-9	-1.5297339235215173e-10	-7.014631258184879e-13	-1.796086386297781e-16	-4.478273933539966e-23	0.	0.	0.	0.	0.	0.	0.	0.	0.	0.	0.	0.	0.	0.	0.	0.	0.	-245323.77006352192	-362617.17918252066	-460580.37542589096	-549191.103582145	-633204.7066256499	-714046.3441275209	-792873.6753374907	-870505.9606116643	-946493.0702563185	-1.022822545724453e6	-1.0983754737998596e6	-1.1735137379571602e6	-1.2488747210149742e6	-1.3245082180259153e6	-1.3990658656385592e6	-1.4746792561640237e6	-1.5501053949398117e6	-1.6263640534333414e6	-1.7028909990430628e6	-1.7788039894928199e6	-1.8563024447205553e6	-1.9328395237420574e6	-2.0108205798785957e6	-2.0881871936840517e6	-2.1667187475501737e6	-2.244884543182593e6	-2.3236102093477244e6	-2.4032603797228574e6	-2.482586861614444e6	-2.563377284013203e6	-2.643952155223685e6	-2.725599005971662e6	-2.806626391938715e6	-2.888713459563118e6	-2.971866118880928e6	-3.0542012306584856e6	-3.1374539960535173e6	-3.2217715160939367e6	-3.3059402531592194e6	-3.3904979568792353e6	-3.4762229149336363e6	-3.5622023848768068e6	-3.64814799949345e6	-3.734631864727423e6	-3.821799735367289e6	-3.9097412447351594e6	-3.997544542232678e6	-4.0863399757182053e6	-4.17485733181755e6	-4.264606061474465e6	-4.3547931839824505e6	-4.444840117518002e6	-4.536925088740978e6	-4.628216805660257e6	-4.719917011802244e6	-4.813026859829246e6	-4.905103812055937e6	-4.999358850714239e6	-5.093155691294312e6	-5.187900993783144e6	-5.282476661266936e6	-5.378604625275281e6	-5.474761600793783e6	-5.570596427811602e6	-5.6663485476095015e6	-5.765656738564432e6	-5.863019286055964e6	-5.961725397336237e6	-6.0601351741459835e6	-6.159428264108827e6	-6.2602236639576405e6	-6.360797113610298e6	-6.461063217465919e6
-7.174616236676367e-11	-7.987689579248326e-10	-1.5742149218311887e-9	-2.4449462124083585e-9	-3.4633076317355177e-9	-4.690115749187445e-9	-6.198106181472935e-9	-8.076022738204747e-9	-1.0433564182070823e-8	-1.3407446876100409e-8	-1.7168896487010834e-8	-2.1932951594594017e-8	-2.7970049543261615e-8	-3.5620473899820576e-8	-4.5312378032188606e-8	-5.758426617465906e-8	-7.31130186493877e-8	-9.274879980672815e-8	-1.1755849548580367e-7	-1.488797030296544e-7	-1.8838775496005204e-7	-2.381788136980412e-7	-3.008727484726465e-7	-3.7974031933164323e-7	-4.788601731631293e-7	-6.033123331145336e-7	-7.594162704168501e-7	-9.550233257225271e-7	-1.19987523980832e-6	-1.5060429098246003e-6	-1.8884622605824924e-6	-2.3655873677554834e-6	-2.9601847508139394e-6	-3.7002971277922115e-6	-4.620409948579516e-6	-5.762859748044923e-6	-7.179529821250873e-6	-8.933885934821751e-6	-0.000011103412732950524	-0.000013782520108088533	-0.000017085997953979612	-0.000021153107182406375	-0.00002615240432709038	-0.00003228740598787751	-0.00003980320709941685	-0.000048994172609275816	-0.00006021282438576645	-0.00007388004244221554	-0.00009049668981916297	-0.00011065675115266176	-0.0001350620429331311	-0.00016453850493262343	-0.0002000540127618239	-0.00024273755581929202	-0.0002938994971608444	-0.0003550524656575527	-0.0004279322195439434	-0.0005145175575097935	-0.0006170480330090599	-0.0007380378452108413	-0.0008802838346094323	-0.0010468650058465204	-0.0012411304445058388	-0.0014666719075300833	-0.0017272767799826742	-0.00202685655182493	-0.002369345545129865	-0.002758564406963572	-0.0031980429962365606	-0.003690797884664093	-0.004239060943290457	-0.004843957603605887	-0.005505136588641891	-0.006220357423714253	-0.00698504804349773	-0.007791852416358415	-0.008630197268782237	-0.009485917445744637	-0.010340990592483966	-0.011173442654316789	-0.01195749457749402	-0.012664025333723605	-0.013261424107617135	-0.013716891751940337	-0.013998224747275708	-0.014076070538364575	-0.013926579152698439	-0.013534292928302785	-0.012895018781951529	-0.012018326709176436	-0.010929232857733489	-0.009668582539749365	-0.008291681374324993	-0.006864865697105862	-0.005459980978940291	-0.004147147952696625	-0.00298669393352622	-0.0020216035061769028	-0.0012721281038817528	-0.0007340865090985554	-0.00038173257674594714	-0.00017487347852382016	-0.00006848780183355951	-0.00002201788231709844	-5.490642252938522e-6	-9.78902979985259e-7	-1.1039722577855613e-7	-6.488945170491071e-9	-1.4318260675929528e-10	-6.438960739359178e-13	-1.598471733779903e-16	-1.6160019447464076e-23	0.	0.	0.	0.	0.	0.	0.	0.	0.	0.	0.	0.	0.	0.	0.	0.	-67084.28732626117	-261738.22805013016	-376387.08973830414	-473089.1682789373	-561773.3478910445	-645942.4029096573	-726328.1153975094	-805648.5715979113	-883219.6606490451	-960060.0263993188	-1.036620743410117e6	-1.1128589957750342e6	-1.1885506489977224e6	-1.2639058705304582e6	-1.3393731700053639e6	-1.4155605687693881e6	-1.4913319292794224e6	-1.567512543612804e6	-1.6436572426893872e6	-1.720383494277269e6	-1.7971218826336882e6	-1.874911236267808e6	-1.9519766973896322e6	-2.0301135498858418e6	-2.1084363601884274e6	-2.1870342312096856e6	-2.2661290678518685e6	-2.345610016149706e6	-2.425294907273856e6	-2.5057815138130602e6	-2.587227268397359e6	-2.667858497242674e6	-2.749416873253641e6	-2.8313350735136517e6	-2.9140477544935606e6	-2.997105351056547e6	-3.0799892596783205e6	-3.164147312981081e6	-3.2490820532945096e6	-3.332908455387649e6	-3.418665696463152e6	-3.504216961660888e6	-3.5904585932620903e6	-3.6769941338718734e6	-3.7646882563319863e6	-3.8524301966687217e6	-3.9402748048298517e6	-4.0296550970124677e6	-4.117695744306792e6	-4.208122334182891e6	-4.297997681053143e6	-4.388866166146627e6	-4.479765948182352e6	-4.571114137403711e6	-4.663275541077126e6	-4.756055479699518e6	-4.848474202791389e6	-4.942005071198575e6	-5.03570821321028e6	-5.130995131596745e6	-5.226351307243941e6	-5.320885745279395e6	-5.416422714295448e6	-5.513375719371292e6	-5.609541134648253e6	-5.708063835712925e6	-5.805736338913115e6	-5.904795047769873e6	-6.002653533595202e6	-6.101900923836641e6	-6.202794937544781e6	-6.303216719508857e6	-6.40344970189584e6
-5.803632607760952e-11	-6.461399900331603e-10	-1.273446451616282e-9	-1.977899516009575e-9	-2.801891367318004e-9	-3.794688964667169e-9	-5.015233670246331e-9	-6.535463948732548e-9	-8.444337260312681e-9	-1.0852762175511316e-8	-1.3899696838575238e-8	-1.7759727202856685e-8	-2.2652510472439903e-8	-2.8854559027260575e-8	-3.671395161430465e-8	-4.666869642893391e-8	-5.926964056049711e-8	-7.520902898757582e-8	-9.535607212258993e-8	-1.208011936950932e-7	-1.5291101230172804e-7	-1.9339657421928954e-7	-2.4439791859739064e-7	-3.0858873834571545e-7	-3.8930572362026585e-7	-4.907081661833742e-7	-6.179745925096739e-7	-7.775446161796629e-7	-9.774158953536476e-7	-1.2275080932636233e-6	-1.540108117749883e-6	-1.9304137133344013e-6	-2.4171957531983002e-6	-3.0236033879955736e-6	-3.77814061307455e-6	-4.715847871706526e-6	-5.879728068051049e-6	-7.322462854671366e-6	-9.108472297978872e-6	-0.000011316378990045372	-0.000014041946297708905	-0.00001740156958404857	-0.00002153640867718088	-0.000026617259251731732	-0.000032850269629261124	-0.000040483617097881053	-0.00004981526325313424	-0.00006120190982099056	-0.00007506927331788058	-0.00009192378666861991	-0.00011236581596207238	-0.0001371044477103081	-0.0001669738524735998	-0.00020295116001162872	-0.00024617568401072356	-0.00029796920505450596	-0.00035985685246527337	-0.0004335879122858153	-0.0005211556234727614	-0.0006248147015708769	-0.0007470949446343217	-0.0008908088287674312	-0.0010590504937591956	-0.0012551829629861865	-0.0014828098555556483	-0.0017457272646612138	-0.002047850942748856	-0.0023931135202477994	-0.0027853262821160175	-0.0032280001626098934	-0.0037241212284109815	-0.004275877213705179	-0.004884333820384291	-0.0055490627530157205	-0.0062677280225820284	-0.007035643112940968	-0.007845319257248438	-0.00868603427083342	-0.009543461854647757	-0.010399412410787824	-0.011231747146635771	-0.01201453598178159	-0.012718534271969468	-0.013312050736902012	-0.013762265792438857	-0.014037032074609341	-0.014107143983803552	-0.013948998547728464	-0.013547486420063724	-0.012898854370197926	-0.01201318036567639	-0.010916018256829498	-0.009648728286415243	-0.00826704559900222	-0.00683758564769012	-0.005432266732963332	-0.00412104336370463	-0.0029638415982751786	-0.002003059478843704	-0.0012582710331855494	-0.0007246505925603988	-0.000375963876396665	-0.000171771249943525	-0.00006706077560606783	-0.000021477647497671556	-5.331245659610572e-6	-9.450353745683557e-7	-1.0579825749836327e-7	-6.158760892572827e-9	-1.3410286420071882e-10	-5.915107272419802e-13	-1.42399991868246e-16	0.	0.	0.	0.	0.	0.	0.	0.	0.	0.	0.	0.	0.	0.	0.	0.	0.	-107849.98031509084	-277584.19888726925	-389838.24790379347	-485740.58954407455	-574460.560966833	-658107.785940657	-739446.9220958106	-818243.5955428559	-896558.0115640042	-973721.9368956852	-1.0501899281721602e6	-1.1264047439776424e6	-1.2032954330010456e6	-1.2789724369780659e6	-1.3553920417355038e6	-1.4315866738660084e6	-1.5078948198810895e6	-1.5848259417678358e6	-1.661465652275982e6	-1.7380857593145424e6	-1.8153615846188855e6	-1.8929598269274915e6	-1.9707672061008203e6	-2.050132398214591e6	-2.128598170932648e6	-2.2071819309334867e6	-2.2871120460787863e6	-2.366626388589828e6	-2.448088895206568e6	-2.5284769496657313e6	-2.6093619270837056e6	-2.690504461684138e6	-2.773289082068765e6	-2.855546258572942e6	-2.9388721505208975e6	-3.0232726679484434e6	-3.1070606364515e6	-3.1908059512085407e6	-3.276142370090229e6	-3.3608843225367903e6	-3.447200166695138e6	-3.533164980795885e6	-3.620105066814431e6	-3.706436729629029e6	-3.794732625578682e6	-3.882679108349606e6	-3.9715237336256066e6	-4.060609515042928e6	-4.150362891002553e6	-4.23992873302759e6	-4.330647904794458e6	-4.422137058668811e6	-4.5136136564387735e6	-4.605286826553683e6	-4.698129648698245e6	-4.791794801881972e6	-4.88446660473679e6	-4.978683488646164e6	-5.072992344599588e6	-5.16798137578663e6	-5.263156263804835e6	-5.359910794749176e6	-5.456463479294723e6	-5.552699846292461e6	-5.650809272311528e6	-5.7485606442512665e6	-5.847214120474228e6	-5.945909126912415e6	-6.04651416657169e6	-6.145092883252327e6	-6.244875964619773e6	-6.346152617492472e6
-4.692282791651006e-11	-5.224141882374805e-10	-1.0296269642586895e-9	-1.599267590793536e-9	-2.26564956438053e-9	-3.0686618402212158e-9	-4.056041051493796e-9	-5.2860696684977785e-9	-6.830843752773089e-9	-8.780282583884365e-9	-1.1247089445047823e-8	-1.4372919913394149e-8	-1.833607320303037e-8	-2.3361096051072696e-8	-2.973078051414723e-8	-3.7801150763257184e-8	-4.802017428193064e-8	-6.095110554289985e-8	-7.730158220523754e-8	-9.795985347775013e-8	-1.2403983751622363e-7	-1.569370914555194e-7	-1.9839824803527117e-7	-2.5060704342662044e-7	-3.1629075139090725e-7	-3.988516721806427e-7	-5.025293271955884e-7	-6.326002129605225e-7	-7.956234055210963e-7	-9.99742018538752e-7	-1.2550525496603805e-6	-1.5740565492953948e-6	-1.9722118672168878e-6	-2.4686040323828866e-6	-3.0867621591204658e-6	-3.855648207315169e-6	-4.810853511153385e-6	-5.99604227798941e-6	-7.464688279458641e-6	-9.282158221558346e-6	-0.000011528203265366692	-0.00001429992880272575	-0.000017715321731162656	-0.0000219174238877189	-0.000027079249639578075	-0.000033409554381266796	-0.000041159568145147685	-0.00005063081373543627	-0.00006218413047953501	-0.00007625002121439494	-0.00009334042940623874	-0.00011406203273836419	-0.00013913110590439487	-0.0001693899548736962	-0.00020582485302087354	-0.0002495853110051695	-0.0003020043812756708	-0.0003646195281826731	-0.00043919337925755884	-0.0005277334058104452	-0.0006325092559129393	-0.0007560660761218284	-0.000901231708971508	-0.0010711151449832603	-0.0012690930511856718	-0.0014987806128913964	-0.0017639823444385492	-0.0020686179969202235	-0.0024166182861936644	-0.0028117849767687482	-0.0032576100086011547	-0.003757048996576571	-0.0043122457485302	-0.004924206644127335	-0.005592427015212822	-0.006314476284070159	-0.007085554727670964	-0.007898042437221076	-0.00874107027767339	-0.009600153132922472	-0.010456936826470614	-0.011289120765620796	-0.012070626946168606	-0.012772090216284256	-0.01336174172959223	-0.013806743884112807	-0.014075007093175286	-0.014137473190792366	-0.013970785193868376	-0.01356017927328668	-0.012902337272638724	-0.012007838356263059	-0.01090276553590758	-0.009628984216452101	-0.008242648945703852	-0.006810644996260528	-0.005404956392979007	-0.0040953678540011865	-0.00294140517103731	-0.001984885731434332	-0.001244716306972445	-0.0007154394697087653	-0.0003703454680581374	-0.00016875771888445062	-0.00006567876182371386	-0.000020956344835031732	-5.1781111463735585e-6	-9.12676330192609e-7	-1.014348896150329e-7	-5.848388925804803e-9	-1.2567675189396763e-10	-5.438012746466411e-13	-1.2698015570899332e-16	0.	0.	0.	0.	0.	0.	0.	0.	0.	0.	0.	0.	0.	0.	0.	0.	0.	-136964.68405814038	-293017.7465212317	-403001.72300207865	-498534.63923519576	-586615.8412206429	-670595.5218490207	-751612.9778827615	-831023.4709968228	-909457.9906490943	-987478.8017476924	-1.0640354162103485e6	-1.1409563381453215e6	-1.2176849361460346e6	-1.2942687801234561e6	-1.3707605537203054e6	-1.4475248695925446e6	-1.5242696793142748e6	-1.6008669195363638e6	-1.6787803814374849e6	-1.755872630694017e6	-1.8338189009141193e6	-1.9121032967252114e6	-1.9904360566238884e6	-2.0697100217461407e6	-2.1483894352271166e6	-2.227898071269499e6	-2.3079907830166453e6	-2.3888257586551127e6	-2.469791234605894e6	-2.5514879460895667e6	-2.632752685671259e6	-2.715222225129489e6	-2.7970239586923975e6	-2.879892985183498e6	-2.963835214639428e6	-3.048856557095881e6	-3.132960955083134e6	-3.218136789891026e6	-3.302318467937094e6	-3.388601904073171e6	-3.4744698840401107e6	-3.562069225174795e6	-3.648904783728203e6	-3.7362836443276107e6	-3.8243514200289804e6	-3.9131976944384146e6	-4.0021675354885063e6	-4.0916181987398975e6	-4.1823374058901146e6	-4.272750523827549e6	-4.363765730542762e6	-4.455218940035398e6	-4.546823662160453e6	-4.640746295747051e6	-4.732966112139739e6	-4.82732072135822e6	-4.920593004211525e6	-5.015341812510418e6	-5.1106354729617825e6	-5.206147492363328e6	-5.301715277579586e6	-5.398971502515503e6	-5.49557417439881e6	-5.593084468739578e6	-5.691104256238563e6	-5.787886461290492e6	-5.887414819006844e6	-5.987977697807976e6	-6.087675313079445e6	-6.187326738182207e6	-6.28844965883258e6
-3.791890455580169e-11	-4.2217306429117736e-10	-8.320817775999695e-10	-1.2924816736982942e-9	-1.8311325346930555e-9	-2.4803131865692705e-9	-3.278664531749727e-9	-4.273379171172658e-9	-5.522854695412183e-9	-7.099951170423113e-9	-9.096023681051567e-9	-1.1625939404470661e-8	-1.4834337302360356e-8	-1.8903449303431036e-8	-2.4062877458046002e-8	-3.0601815244577933e-8	-3.88843169673165e-8	-4.9368361832704705e-8	-6.262963465788428e-8	-7.939116028039922e-8	-1.0056019203488969e-7	-1.2727407622621224e-7	-1.609572063683541e-7	-2.033916573153283e-7	-2.568046670917603e-7	-3.239768329743379e-7	-4.0837573122668034e-7	-5.143206835899484e-7	-6.47185608985853e-7	-8.136483510981267e-7	-1.0219966014057667e-6	-1.2825025874411218e-6	-1.607881116786349e-6	-2.013848412096117e-6	-2.5198024981403876e-6	-3.1496497673600984e-6	-3.932806814301662e-6	-4.905411746535204e-6	-6.1117849969782696e-6	-7.606186211908941e-6	-9.454921078888238e-6	-0.000011738859962926417	-0.000014556438861318757	-0.00001802722232262687	-0.00002229611736557674	-0.00002753833671921779	-0.00003396521836830235	-0.00004183101570790499	-0.00005144077761713545	-0.00006315943917148565	-0.00007742223986939706	-0.00009474657504747085	-0.00011574536497759033	-0.0001411419917656963	-0.00017178680274354148	-0.00020867510600961655	-0.00025296648388972135	-0.0003060051174703594	-0.00036934064363172605	-0.000444748848558468	-0.0005342512321139638	-0.0006401321501422065	-0.0007649518528873923	-0.0009115532865080495	-0.0010830600150529546	-0.0012828620631081082	-0.0015145858950733522	-0.0017820441689842008	-0.002089160380810447	-0.0024398631196565408	-0.0028379444802413122	-0.003286877349433899	-0.003789586951511768	-0.004348173384739008	-0.0049635841171014276	-0.005635238752355	-0.006360613042975544	-0.00713479528912318	-0.007950036010806533	-0.008795321050732137	-0.009656008758609686	-0.01051358298745321	-0.011345584213287798	-0.012125789529995176	-0.012824716295590288	-0.013410520899044143	-0.013850350041207164	-0.014112173442680008	-0.014167080773262283	-0.01399195997954631	-0.013572389942179677	-0.012905482842849283	-0.012002312370572372	-0.010889482326035684	-0.009609353739251623	-0.008218490720532903	-0.0067840393707384265	-0.00537804262927026	-0.0040701120957823324	-0.002919374421239431	-0.0019670722208082504	-0.0012314549984383631	-0.0007064459603054238	-0.0003648721697085636	-0.00016582958200003138	-0.0000643399444611516	-0.000020453142687187036	-5.03093700629545e-6	-8.81745331168043e-7	-9.729300706994864e-8	-5.556473288062973e-9	-1.1785193812592373e-10	-5.00314987562009e-13	-1.1333822302574814e-16	0.	0.	0.	0.	0.	0.	0.	0.	0.	0.	0.	0.	0.	0.	0.	0.	0.	-161633.24004670052	-308044.25092575804	-415709.0822185504	-510863.0086181198	-598576.560524137	-682336.5197589211	-764288.2427513697	-843930.3374755982	-922448.9840666243	-1.0005012316816787e6	-1.077866782386874e6	-1.155082523320521e6	-1.2322965987378093e6	-1.309016227695463e6	-1.385843617644034e6	-1.4632064743826922e6	-1.5407938392180763e6	-1.6175489823058653e6	-1.695562195251168e6	-1.7735492286595246e6	-1.8521957688596698e6	-1.9311634458238636e6	-2.009921151104298e6	-2.0889179527760877e6	-2.168682835385058e6	-2.249394000566848e6	-2.3295986589730293e6	-2.4106095558413756e6	-2.4917591890327977e6	-2.5734383427052116e6	-2.655314138209255e6	-2.7381353617621697e6	-2.821748227949219e6	-2.905253542132219e6	-2.98856690734561e6	-3.07420332756575e6	-3.159211867670045e6	-3.2429413877231083e6	-3.3296972669477216e6	-3.4158464735271414e6	-3.5027555623346968e6	-3.5898810996011924e6	-3.677243103737998e6	-3.7658947860170305e6	-3.854680972096908e6	-3.944201167217452e6	-4.033574159604806e6	-4.123950758406176e6	-4.213870327453704e6	-4.304665599051777e6	-4.396458332685901e6	-4.489393142567483e6	-4.581704167688548e6	-4.674609483159852e6	-4.767374722541217e6	-4.862061642952915e6	-4.957064178179375e6	-5.051535693526362e6	-5.14742597394487e6	-5.242391416524456e6	-5.339382544883689e6	-5.436542813567912e6	-5.533851773032792e6	-5.631671811894439e6	-5.730527878208975e6	-5.829890651308328e6	-5.92895058466002e6	-6.028742319246563e6	-6.12871752745327e6	-6.230625969301398e6
-3.0628020248773855e-11	-3.4100244860720695e-10	-6.721144242841821e-10	-1.0440426361325648e-9	-1.4792333360554758e-9	-2.0037934610117232e-9	-2.648984648500426e-9	-3.452999071842661e-9	-4.463112441592565e-9	-5.738328706125124e-9	-7.352655828151478e-9	-9.399183656404403e-9	-1.1995174791597212e-8	-1.5288429254166773e-8	-1.9465245910134312e-8	-2.4760380715662366e-8	-3.146949721672829e-8	-3.9964722421871984e-8	-5.071406604260414e-8	-6.430563907302327e-8	-8.147782586488148e-8	-1.0315683077097166e-7	-1.305033462633541e-7	-1.6497048630578915e-7	-2.083756110374146e-7	-2.629892534530047e-7	-3.31645065631661e-7	-4.1787555437790555e-7	-5.26079400807426e-7	-6.617273864143751e-7	-8.316154148705242e-7	-1.0441748642313331e-6	-1.3098525730895692e-6	-1.64157520586299e-6	-2.055315610346223e-6	-2.570782131720686e-6	-3.212255740047172e-6	-4.009604321037682e-6	-4.999508626945429e-6	-6.226940231436663e-6	-7.746938409847618e-6	-9.626740180826294e-6	-0.000011948325767937518	-0.000014811450390636327	-0.000018337242423498567	-0.00002267245732721188	-0.000027994485987322057	-0.00003451722466989302	-0.000042497920986576224	-0.00005224511507043422	-0.00006412779630103878	-0.00007858589170785963	-0.00009614219050151988	-0.00011741578738889048	-0.00014313709218528734	-0.00017416440086029858	-0.00021150194897059184	-0.0002563192671834642	-0.00030997152438996345	-0.0003740203703733701	-0.00045025457054884014	-0.0005407094535525955	-0.0006476838629373451	-0.0007737529132382812	-0.0009217743976237291	-0.0010948861834546159	-0.0012964913745629845	-0.0015302274358498886	-0.0017999149007833482	-0.002109480766102037	-0.002462851291724557	-0.002863808763389007	-0.0033158069647841355	-0.0038217407987293363	-0.004383666876439527	-0.005002474167451824	-0.0056775071905437935	-0.006406148940242101	-0.007183376956007936	-0.008001313735043284	-0.008848801993757337	-0.009711045787327132	-0.010569369551294035	-0.011401157632048414	-0.012180045164933057	-0.012876434947328501	-0.013458411311195496	-0.013893107486545837	-0.014148553943642353	-0.01419598851866715	-0.014012542983690694	-0.013584136115539531	-0.012908305741539491	-0.011996613505662402	-0.010876175790472162	-0.009589839939544296	-0.008194570057553145	-0.00675776437788324	-0.005351518227602815	-0.004045266986982172	-0.0028977394180993475	-0.0019496092360756713	-0.0012184785045477374	-0.0006976631656664019	-0.00035953901758808304	-0.0001629836850669424	-0.00006304259543511464	-0.000019967252758758575	-4.889438556641003e-6	-8.521668222026448e-7	-9.335945554389517e-8	-5.281761633246134e-9	-1.1058068462329062e-10	-4.60646272083858e-13	-1.0125710362494231e-16	0.	0.	0.	0.	0.	0.	0.	0.	0.	0.	0.	0.	0.	0.	0.	0.	0.	-183135.79173568284	-322426.1697255787	-428410.3781927982	-522688.3219449804	-610894.6458589243	-694650.6995997166	-776352.8647123609	-856763.9832856476	-935530.9918190324	-1.0135746055769473e6	-1.0917510810713288e6	-1.1690401586754413e6	-1.2464839426435248e6	-1.324472251422686e6	-1.4014015512210086e6	-1.4792911608836632e6	-1.5568500619493523e6	-1.634726048162607e6	-1.7130118856629748e6	-1.7913082400808206e6	-1.87025645617995e6	-1.9494879632831207e6	-2.0292258226736072e6	-2.109408127196536e6	-2.188591916904379e6	-2.2693946550463196e6	-2.3507991082273745e6	-2.4322101045489935e6	-2.5140340377792856e6	-2.596311967184523e6	-2.679088183762221e6	-2.762210254987763e6	-2.8452447350410935e6	-2.929355573141552e6	-3.0145486793255256e6	-3.099520492778458e6	-3.18460035382676e6	-3.269851441487663e6	-3.3572287010040074e6	-3.4433579256757246e6	-3.530791815187192e6	-3.6190821375336237e6	-3.7063029426703956e6	-3.795493020759845e6	-3.884886160274536e6	-3.974296754405754e6	-4.0642980465253755e6	-4.1550838520209272e6	-4.246247531349449e6	-4.338226065631772e6	-4.429279806225925e6	-4.522405487147427e6	-4.615438126088117e6	-4.709248224536384e6	-4.80266397489447e6	-4.8978893471970325e6	-4.992717463445522e6	-5.088682592987659e6	-5.184701002168873e6	-5.2807649969349615e6	-5.378280261407621e6	-5.475828986131879e6	-5.57305931823659e6	-5.672171385469722e6	-5.770922899294259e6	-5.869691666792886e6	-5.969808296819941e6	-6.0696307345962105e6	-6.171108511328737e6
-2.472735717282501e-11	-2.7530873622457866e-10	-5.426447841272608e-10	-8.429596544163651e-10	-1.1943940029735527e-9	-1.618052182890516e-9	-2.1392126273526627e-9	-2.7887672270903582e-9	-3.6049672913868203e-9	-4.6355693678339554e-9	-5.9404945206880975e-9	-7.595140574350246e-9	-9.694519507091078e-9	-1.2358433114599911e-8	-1.5737951088569305e-8	-2.002351902879114e-8	-2.545510238960711e-8	-3.233486931911334e-8	-4.104303487102444e-8	-5.2057636104655015e-8	-6.597918811153918e-8	-8.356139220214117e-8	-1.0574933796395302e-7	-1.337269709460714e-7	-1.6897599956726915e-7	-2.1334890297272872e-7	-2.6915929306012154e-7	-3.3929359879380735e-7	-4.273489025924679e-7	-5.378027940878548e-7	-6.762223470612545e-7	-8.495208064104554e-7	-1.066272333741538e-6	-1.3370972474770453e-6	-1.6751326556512322e-6	-2.096606270361377e-6	-2.6215345689048762e-6	-3.2745703863831133e-6	-4.086029545760608e-6	-5.093131307696415e-6	-6.3414932986274585e-6	-7.886928180684307e-6	-9.797596665621582e-6	-0.000012156579515311413	-0.000015064939830235503	-0.000018645356050693217	-0.000023046415433826523	-0.000028447666948578343	-0.000035065541014262216	-0.00004316025055524471	-0.000053043792456819065	-0.00006508916937342556	-0.00007974094726764791	-0.00009752725190422704	-0.00011907328512233539	-0.00014511640580445122	-0.00017652276714442007	-0.00021430542649825452	-0.0002596437415032935	-0.0003139037303781804	-0.000378658899000257	-0.0004557108159342058	-0.0005471084427370256	-0.0006551648951813062	-0.0007824699179713348	-0.0009318959006857608	-0.0011065947505585023	-0.0013099823798860698	-0.0015457069837204367	-0.0018175967115378125	-0.002129581826013845	-0.0024855860649036256	-0.0028893817750494932	-0.003344403595475668	-0.003853516184012312	-0.004418732892592946	-0.0050408846077620835	-0.005719241404524561	-0.006451094424025153	-0.007231311647096882	-0.008051889074327464	-0.00890152816007508	-0.009765280862281935	-0.010624314698265452	-0.011455860621107823	-0.012233414674880077	-0.012927267940911896	-0.013505435311488075	-0.01393503868165381	-0.014184170630233667	-0.014224217422833968	-0.014032553511650626	-0.013595434752589645	-0.012910819970986118	-0.011990752297624571	-0.01086285265205355	-0.009570445599309703	-0.00817088593426904	-0.006731815611835683	-0.005325376090895907	-0.004020823646769268	-0.002876490521247951	-0.0019324873861092423	-0.001205778532411887	-0.0006890844557730867	-0.00035434125546672144	-0.0001602170151533399	-0.00006178506967796903	-0.000019497927506438115	-4.753347045299059e-6	-8.238698639843596e-7	-8.962196859299178e-8	-5.023096537555049e-9	-1.0381940924730206e-10	-4.244314286543241e-13	-9.05476529227293e-17	0.	0.	0.	0.	0.	0.	0.	0.	0.	0.	0.	0.	0.	0.	0.	0.	0.	-202770.43353689645	-336143.148133496	-440930.46281120606	-534844.0887975211	-622509.868494173	-706965.0545317418	-788539.0475320072	-869218.7970064257	-948704.0139086375	-1.0273418469057163e6	-1.1057530020503986e6	-1.1830361893481666e6	-1.2611422197275034e6	-1.3389762337824593e6	-1.4166256439839543e6	-1.4945028013070866e6	-1.5733874230771838e6	-1.6515466161670124e6	-1.7299195672643196e6	-1.8092814070839442e6	-1.8879803333998756e6	-1.9682825100065572e6	-2.0476354262036842e6	-2.1285166436559837e6	-2.2099097579644355e6	-2.290173280896284e6	-2.3718197957335324e6	-2.453033508240429e6	-2.5359012976286295e6	-2.6180403369734935e6	-2.70213271925698e6	-2.7852246939844643e6	-2.8688631106426157e6	-2.9535823315509153e6	-3.03938826674563e6	-3.1243606883560047e6	-3.210570855320451e6	-3.2970389827894815e6	-3.3845011387016736e6	-3.471240702076612e6	-3.5585545004838677e6	-3.647435731978381e6	-3.7357032893329537e6	-3.824664784811989e6	-3.9144096962823765e6	-4.0053858433520957e6	-4.0960506746441396e6	-4.1862722096030666e6	-4.277430502146586e6	-4.370192240397285e6	-4.463009718576701e6	-4.556094229423333e6	-4.6492959840431195e6	-4.743645446184692e6	-4.837738567414837e6	-4.933865357089645e6	-5.028936882232732e6	-5.123875334065589e6	-5.2207117985704215e6	-5.318247268056371e6	-5.415171113174304e6	-5.513515003404437e6	-5.611075230622732e6	-5.710997182912666e6	-5.8100721418260485e6	-5.910475536804289e6	-6.010257016253801e6	-6.112614461600787e6
-1.995428194582467e-11	-2.2216825479043956e-10	-4.3791242770758645e-10	-6.802899951885151e-10	-9.639546827707477e-10	-1.305958312027777e-9	-1.726730836678455e-9	-2.2512463238077156e-9	-2.9104379728827567e-9	-3.742938077710043e-9	-4.797235448435008e-9	-6.1343640003648064e-9	-7.831262966967719e-9	-9.984982733000548e-9	-1.2717952130834027e-8	-1.6184575070721212e-8	-2.0579488879220545e-8	-2.6147896502371023e-8	-3.3198483203409465e-8	-4.211954968887559e-8	-5.339914273984183e-8	-6.76501474457693e-8	-8.564152929621868e-8	-1.0833718837592044e-7	-1.3694422211074858e-7	-1.7297279976552197e-7	-2.1831034580809133e-7	-2.7531332754180515e-7	-3.46920665250494e-7	-4.3679365401825446e-7	-5.49488332621639e-7	-6.906674877626004e-7	-8.673609771216322e-7	-1.0882848325723887e-6	-1.3642317103981976e-6	-1.7085477379965687e-6	-2.137713719902525e-6	-2.6720520666658956e-6	-3.3365847563876113e-6	-4.162072187910019e-6	-5.1862679897662705e-6	-6.455430753740135e-6	-8.026140293949944e-6	-9.967473394342452e-6	-0.000012363602064982848	-0.000015316885993826164	-0.000018951539997128022	-0.000023417966583287147	-0.000028897852870093008	-0.00003561013948919322	-0.00004381797602214965	-0.00005383678192950948	-0.00006604353253072446	-0.00008088738465916089	-0.00009890174399103628	-0.00012071785304376874	-0.00014707994217903682	-0.0001788619317003574	-0.00021708559669204687	-0.00026294000231555446	-0.00031780187995678733	-0.0003832564375428432	-0.00046111787397897647	-0.000553448591729587	-0.0006625757677600846	-0.000791103547956195	-0.0009419186735509988	-0.001118186834782447	-0.0013233364889155903	-0.001561026298753672	-0.0018350917788699976	-0.0021494662319512807	-0.0025080706896572734	-0.002914667438850254	-0.0033726719405470663	-0.0038849186908984845	-0.004453378015103558	-0.00507882313396904	-0.005760450317677129	-0.006495459751037061	-0.007278611044227744	-0.008101775205397472	-0.008953514259880967	-0.009818730224184974	-0.010678436144180155	-0.011509712252439557	-0.012285918295240814	-0.01297723640035539	-0.013551614550751573	-0.013976165355625045	-0.014219044781660677	-0.014251787723177225	-0.014052010129339976	-0.013606302116951956	-0.012913038907578618	-0.011984738751364913	-0.010849519218893487	-0.009551173218222206	-0.008147437185935708	-0.006706188661842388	-0.005299609240453905	-0.003996773410973057	-0.0028556183716048405	-0.0019156975875523634	-0.0011933470863036925	-0.0006807034570486272	-0.000349274324510056	-0.00015752669325279768	-0.0000605658005227664	-0.000019044457718890834	-4.622408635633433e-6	-7.967878152640995e-7	-8.60691008559742e-8	-4.779407582749708e-9	-9.75282934654083e-11	-3.913440305805971e-13	-8.104489393761345e-17	0.	0.	0.	0.	0.	0.	0.	0.	0.	0.	0.	0.	0.	0.	0.	0.	0.	-221003.2966486951	-349400.9164385711	-453616.26695735526	-546571.2234903795	-634477.2098873021	-719016.2467312585	-800792.8319498576	-881616.3278737776	-961413.1618337989	-1.0400320809002718e6	-1.119030696302483e6	-1.1978925053627826e6	-1.2758388007752027e6	-1.3539432364573323e6	-1.4322869134305438e6	-1.5108994116895017e6	-1.589577836234332e6	-1.668358227570307e6	-1.7475042189294724e6	-1.8271736766031035e6	-1.90655260208343e6	-1.9866332878970727e6	-2.0670619261092984e6	-2.147899392780175e6	-2.229635359522236e6	-2.3110130403503794e6	-2.3934406223787786e6	-2.4749927351356028e6	-2.55762274843087e6	-2.6416164357524533e6	-2.7253855484550414e6	-2.8085563746224553e6	-2.894400684154391e6	-2.978142082196546e6	-3.064568783676524e6	-3.1501529943051e6	-3.2366753053621594e6	-3.324286634370368e6	-3.410839122657693e6	-3.499079921605012e6	-3.58708247647523e6	-3.6753902312515834e6	-3.764867001470512e6	-3.8545465378446397e6	-3.9449650590705574e6	-4.035240887373908e6	-4.1265248952619005e6	-4.218173562902917e6	-4.31064602161015e6	-4.40335047658889e6	-4.496139249094778e6	-4.589578319621475e6	-4.683472504155553e6	-4.778170858023555e6	-4.872793374014554e6	-4.967967210256744e6	-5.065294263432693e6	-5.161042038217454e6	-5.258208213450245e6	-5.356344007933269e6	-5.454283047689824e6	-5.55191013436009e6	-5.651414094403982e6	-5.750563885729992e6	-5.850619628787314e6	-5.950720184061133e6	-6.052604212409381e6
-1.6095261074134e-11	-1.7920388751706485e-10	-3.5323362351499925e-10	-5.487620191249805e-10	-7.776204012333841e-10	-1.0535794906268004e-9	-1.3931424853647625e-9	-1.8164890334110892e-9	-2.3486213628588362e-9	-3.020774294077142e-9	-3.872164423030256e-9	-4.952171080278413e-9	-6.323063546526926e-9	-8.063416456763916e-9	-1.027238960826243e-8	-1.3075091053823804e-8	-1.66292953149262e-8	-2.1133854119691594e-8	-2.6839218099374345e-8	-3.406058781941017e-8	-4.319433556581606e-8	-5.4738490518701934e-8	-6.931826542462482e-8	-8.771782996043641e-8	-1.1091981344168635e-7	-1.4015435784189296e-7	-1.7695995370068482e-7	-2.2325879113609512e-7	-2.814499631840006e-7	-3.5452458938890787e-7	-4.4620780763991455e-7	-5.611336390855249e-7	-7.050599960538624e-7	-8.851326121162923e-7	-1.1102084672216493e-6	-1.3912514043038684e-6	-1.7418151365162652e-6	-2.178631779834894e-6	-2.722327470774866e-6	-3.3982906013590296e-6	-4.237722780207916e-6	-5.278907862019288e-6	-6.568740320495395e-6	-8.164560898216806e-6	-0.00001013635485168944	-0.000012569376183794	-0.000015567269928955075	-0.00001925577366543095	-0.000023787088713523108	-0.0000293450205495244	-0.00003615099626925996	-0.00004447107370964271	-0.00005462406105897504	-0.00006699086611493642	-0.0000820251890570959	-0.00010026565950770695	-0.00012234949505385203	-0.00014902772099542754	-0.00018118193591732773	-0.0002198425301292987	-0.00026620815876809674	-0.00032166613250392707	-0.00038781320998147495	-0.00046647605084099543	-0.0005597303101917794	-0.0006699170195164857	-0.0007996545018925548	-0.0009518436111292841	-0.0011296635699709007	-0.0013365551242054737	-0.0015761871496646578	-0.001852402283306911	-0.002169136650456597	-0.002530308401401318	-0.002939669650347594	-0.003400616654659427	-0.003915953838507765	-0.004487608737245468	-0.005116297324597706	-0.005801142702297042	-0.006539254988139799	-0.007325286595494976	-0.00815098502242446	-0.009004774667536413	-0.009871409721049256	-0.010731751152958668	-0.011562731086338004	-0.01233757569160152	-0.013026360826108162	-0.013596970010087544	-0.01401650853278984	-0.014253196952159276	-0.014278718930357748	-0.014070930695697138	-0.01361675380886054	-0.012914975332591953	-0.011978582368671824	-0.010836181408503925	-0.00953202503273228	-0.008124222518788828	-0.006680879119232649	-0.005274210816804455	-0.003973107827463065	-0.002835113882507973	-0.0018992310533058904	-0.0011811764552769393	-0.0006725140407620213	-0.00034433385370569766	-0.00015490996735317798	-0.00005938329537794564	-0.000018606170258140293	-4.496383463568907e-6	-7.708580392086077e-7	-8.269016678295672e-8	-4.549704157788175e-9	-9.167092970212613e-11	-3.610908434658654e-13	-7.260477391260786e-17	0.	0.	0.	0.	0.	0.	0.	0.	0.	0.	0.	0.	0.	0.	0.	0.	0.	-237926.66529131608	-362652.3608080372	-465494.9654178867	-558763.9002288509	-646229.6852328733	-730839.0776472496	-813054.7837045697	-894100.9330568804	-974042.4715599491	-1.0537486242612263e6	-1.132752762351428e6	-1.2114083375114596e6	-1.2903543758605684e6	-1.368583401300431e6	-1.4478576759339178e6	-1.5272017707304182e6	-1.6063257863273176e6	-1.6848531410092763e6	-1.7645377683214035e6	-1.8448926830596207e6	-1.9253481280689356e6	-2.0056955570095521e6	-2.086223430352179e6	-2.167782628460774e6	-2.2497238475433807e6	-2.3311760199269205e6	-2.413899560787262e6	-2.4967633913500295e6	-2.580488624452141e6	-2.6635156008681557e6	-2.7480784885704303e6	-2.8325471335379747e6	-2.9180512412103666e6	-3.003248634424214e6	-3.088908247903931e6	-3.1756999014395894e6	-3.2631387947706487e6	-3.349249878827103e6	-3.4375187523365756e6	-3.526006043002228e6	-3.6146841142050717e6	-3.7038740084340586e6	-3.7940169595258143e6	-3.883755461876478e6	-3.974611542837932e6	-4.0661040750693367e6	-4.157433158502569e6	-4.249912992850311e6	-4.342176468242791e6	-4.435737813262779e6	-4.528381197362428e6	-4.623646452445639e6	-4.717627613999855e6	-4.813026859829246e6	-4.907401412329405e6	-5.0039627331191525e6	-5.100072853623961e6	-5.197139361960854e6	-5.295838112097378e6	-5.392505933888765e6	-5.491004421155542e6	-5.591364421737756e6	-5.690778382743754e6	-5.789972883985119e6	-5.890831084767511e6	-5.991856979242251e6
-1.2976789577257638e-11	-1.4448410198722275e-10	-2.8480246376382904e-10	-4.424666082582587e-10	-6.270245590820373e-10	-8.495919477835165e-10	-1.1234934578507967e-9	-1.4650266326064994e-9	-1.8943896783623597e-9	-2.436823419672188e-9	-3.124028630593356e-9	-3.995934102159531e-9	-5.102908679709146e-9	-6.5085329503063924e-9	-8.293074318393683e-9	-1.0557844159770307e-8	-1.3430659166954537e-8	-1.7072682826495596e-8	-2.1686989562377914e-8	-2.7529276317195416e-8	-3.492124772030047e-8	-4.426732574581567e-8	-5.607548801122138e-8	-7.098322677424168e-8	-8.978985065544648e-8	-1.1349663200627642e-7	-1.433566452232151e-7	-1.8093655772835618e-7	-2.2819314063854726e-7	-2.8756787780329947e-7	-3.621037903693346e-7	-4.555894831526888e-7	-5.72736486427648e-7	-7.193972439194351e-7	-9.028326208378871e-7	-1.1320396153161738e-6	-1.4181520978494055e-6	-1.7749299259262305e-6	-2.2193547385837846e-6	-2.7723541845760067e-6	-3.4596803359811174e-6	-4.3129726429108845e-6	-5.3710410461921926e-6	-6.681410825198729e-6	-8.30217744226293e-6	-0.000010304227051985647	-0.000012773886433654535	-0.000015816074784261275	-0.00001955803891074868	-0.00002415376261682351	-0.000029789150096228546	-0.000036688091358552645	-0.000045119524352540215	-0.00005540561248023408	-0.00006793115625678146	-0.00008315435222249956	-0.00010161899865656955	-0.00012396822344871197	-0.00015095977133502278	-0.00018348283162647767	-0.00022257630890344817	-0.00026944833259772707	-0.00032549666101906586	-0.00039232945485768165	-0.00047178566801910223	-0.000565954023659927	-0.000677189205348433	-0.0008081234942295632	-0.0009616716231275889	-0.0011410261029741915	-0.0013496397184586907	-0.0015911913111317719	-0.0018695304055233268	-0.0021885957404361046	-0.002552302417791031	-0.002964392274470166	-0.00342824234581577	-0.003946627079682304	-0.004521431462394843	-0.005153314640285123	-0.005841327180136887	-0.0065824900141540675	-0.0073713495185978445	-0.008199531142183747	-0.009055323428850431	-0.009923334817857381	-0.010784276548929946	-0.011614935186549704	-0.012388405977815327	-0.013074661116110747	-0.013641522024790527	-0.014056088559232092	-0.014286646999663248	-0.014305029858465877	-0.01408933239355442	-0.0136268047957138	-0.012916641461290717	-0.011972292174674807	-0.01082284477044359	-0.009513003033881532	-0.008101240522275356	-0.00665588258371007	-0.005249174080186504	-0.003949818651501369	-0.002814968231096287	-0.0018830792814750604	-0.0011692592013605304	-0.0006645103120244538	-0.00033951565081621145	-0.0001523642059119245	-0.000058236131671541566	-0.000018182425950520962	-4.375044761254593e-6	-7.460216319952228e-7	-7.947518438951637e-8	-4.33306890854686e-9	-8.621400424036071e-11	-3.334082195638551e-13	-6.510137660227527e-17	0.	0.	0.	0.	0.	0.	0.	0.	0.	0.	0.	0.	0.	0.	0.	0.	0.	-254025.25104623268	-375859.9242081889	-477568.2116703843	-570377.6153539647	-658134.1798846736	-742951.5766536095	-825576.6510661609	-906672.6125581269	-987478.8017476924	-1.0670484922960352e6	-1.146205507319376e6	-1.225674226007457e6	-1.30506306018259e6	-1.3836497130412334e6	-1.4631693805255943e6	-1.5422626227654084e6	-1.6223533300011149e6	-1.7023879414431795e6	-1.782257381242703e6	-1.8624416431913688e6	-1.9431627533604335e6	-2.024321701490796e6	-2.1054419188943636e6	-2.1872801815825445e6	-2.2693120671283044e6	-2.351963424696564e6	-2.434637332055441e6	-2.517738881870733e6	-2.602263107928973e6	-2.686548970890697e6	-2.771362772554369e6	-2.855761277967246e6	-2.941248198900625e6	-3.0278294453914114e6	-3.113814162936861e6	-3.2012149414416915e6	-3.2887140876726983e6	-3.376376669432942e6	-3.464562646811836e6	-3.5539841767320903e6	-3.642710298627532e6	-3.73251165003211e6	-3.8227398297163434e6	-3.913377250267151e6	-4.005250797060388e6	-4.0968178600111543e6	-4.1879456318717445e6	-4.281517357963386e6	-4.374674955440153e6	-4.468105866370231e6	-4.561433185033571e6	-4.657422826839246e6	-4.750837919822178e6	-4.847097043965821e6	-4.942924812905773e6	-5.038932656532827e6	-5.136532820904409e6	-5.234209574038598e6	-5.332255810103547e6	-5.431117032542892e6	-5.529811382585224e6	-5.629020936350815e6	-5.7292703670585975e6	-5.8300305730895335e6	-5.93049163844176e6
-1.0457973044081734e-11	-1.1644038139803708e-10	-2.2952822803587546e-10	-3.566048000379021e-10	-5.053718989687385e-10	-6.847977703217809e-10	-9.05635625544753e-10	-1.1810413334007345e-9	-1.5273240637879482e-9	-1.964870612895647e-9	-2.5192931599544843e-9	-3.2228617366747745e-9	-4.116297280145644e-9	-5.2510194769620056e-9	-6.691966546940139e-9	-8.521132717874726e-9	-1.0842004712985432e-8	-1.3785122710990542e-8	-1.7515045905189077e-8	-2.2239070374388993e-8	-2.821813039728875e-8	-3.578041712895903e-8	-4.533837499532315e-8	-5.740989142017354e-8	-7.264468580534754e-8	-9.185713651198739e-8	-1.1606706887958118e-7	-1.4655037372698162e-7	-1.8490174695855992e-7	-2.3311235180790178e-7	-2.936658234916204e-7	-3.696567822190628e-7	-4.6493691858387534e-7	-5.842947930661717e-7	-7.336767805014649e-7	-9.204581271028075e-7	-1.1537749127005123e-6	-1.444929869632492e-6	-1.807887551911823e-6	-2.259877327493063e-6	-2.8221261390440822e-6	-3.520747002129461e-6	-4.3878138402328e-6	-5.4626585445924595e-6	-6.793432134137065e-6	-8.438978600320607e-6	-0.000010471077450124478	-0.000012977119065689967	-0.000016063285683937083	-0.000019858319892197318	-0.00002451797176446837	-0.000030230224724728975	-0.00003722140834806023	-0.00004576331281386163	-0.00005618142356071648	-0.00006886439448874925	-0.00008427487205334239	-0.00010296176857624225	-0.00012557405831969853	-0.00015287613098431463	-0.00018576468031099362	-0.00022528702572354278	-0.00027266065710830894	-0.00032929365096907214	-0.00039680542397822614	-0.0004770470609063097	-0.0005721201719404708	-0.000684392894442112	-0.0008165112532363202	-0.0009714036319623545	-0.001152275591413796	-0.0013625917121647757	-0.001606040561335998	-0.0018864783238246084	-0.0022078461506430573	-0.002574055936277628	-0.0029888391432421886	-0.0034555535733658393	-0.00397694379941152	-0.004554852503039449	-0.005189882423563382	-0.0058810122231777034	-0.0066251745218570204	-0.007416810804320299	-0.008247425909284175	-0.009105174268326958	-0.009974520606085458	-0.010836028728860178	-0.011666342134986938	-0.012438427733507626	-0.013122156586103514	-0.013685290307342746	-0.014094925128207751	-0.014319414113211722	-0.014330738653803481	-0.014107231759000131	-0.013636469441060936	-0.012918048970464314	-0.011965876742797601	-0.010809514507588849	-0.009494108983937675	-0.008078489680360562	-0.006631194669017314	-0.00522449241072593	-0.003926897841085521	-0.0027951728499438794	-0.001867234044759066	-0.0011575881482987628	-0.0006566865993447061	-0.0003348156938264346	-0.00014988689171130262	-0.000057122953046247145	-0.00001777261761624732	-4.258178042129671e-6	-7.22223171804616e-7	-7.64148235879613e-8	-4.128651772688438e-9	-8.112701184369312e-11	-3.080589079606729e-13	-5.842452340230446e-17	0.	0.	0.	0.	0.	0.	0.	0.	0.	0.	0.	0.	0.	0.	0.	0.	-64599.85400095163	-269098.04376961023	-388443.5488636381	-489450.3141751978	-582103.347078335	-669680.121231367	-754479.7828255589	-837596.7597282154	-919331.3663797926	-1.0001770257632477e6	-1.0800712578989435e6	-1.1597644723568305e6	-1.2399773314838326e6	-1.319188093655971e6	-1.3986268518664273e6	-1.4782712332744952e6	-1.5579452900174824e6	-1.6385167779348982e6	-1.718287927717555e6	-1.7994167984279331e6	-1.8802775457729872e6	-1.961676078907819e6	-2.0425824092142337e6	-2.1246222132785344e6	-2.206607080473784e6	-2.289676838671194e6	-2.3725695272220443e6	-2.456435907612912e6	-2.5398735384784276e6	-2.624087317945827e6	-2.708545043473008e6	-2.794237952854545e6	-2.8792471057479065e6	-2.965349161682844e6	-3.0525500306961383e6	-3.138849892277221e6	-3.2262382880537217e6	-3.3148864135560966e6	-3.4028640217780787e6	-3.492064607363806e6	-3.581286788615935e6	-3.6711840197032113e6	-3.761604902692332e6	-3.8520269090532716e6	-3.943482210179229e6	-4.034655280319902e6	-4.1268410173318954e6	-4.22005343906845e6	-4.31277872292786e6	-4.406397524166269e6	-4.500104055768481e6	-4.594987045204765e6	-4.689283317225988e6	-4.784909905345698e6	-4.881710394636572e6	-4.978223292267425e6	-5.074836196376039e6	-5.172969506516351e6	-5.270751108729861e6	-5.3687119570219265e6	-5.467597598127902e6	-5.568087067755929e6	-5.667858235377517e6	-5.768732549256202e6	-5.868898446705288e6
-8.424466440550935e-12	-9.379975656361476e-11	-1.8490248485969844e-10	-2.8728155071329e-10	-4.071467030925392e-10	-5.517303161812656e-10	-7.297063271851831e-10	-9.516894966581106e-10	-1.230842387963817e-9	-1.5836231165487206e-9	-2.03071426754829e-9	-2.598182777801307e-9	-3.3189324770706847e-9	-4.234525949468028e-9	-5.397471114843687e-9	-6.8740913145023375e-9	-8.74812679305441e-9	-1.1125251622954726e-8	-1.4138734943365442e-8	-1.7956530865685022e-8	-2.27901499552145e-8	-2.8905749777598553e-8	-3.6637986174736964e-8	-4.640729503459269e-8	-5.874143156599551e-8	-7.43022867695085e-8	-9.391923645132866e-8	-1.1863056577890647e-7	-1.4973486277124575e-7	-1.8885470000831032e-7	-2.3801544030438667e-7	-2.9974262684597337e-7	-3.7718217208377895e-7	-4.7424846661113046e-7	-5.958066172259084e-7	-7.478963243175695e-7	-9.380064589745566e-7	-1.175411240653201e-6	-1.4715810923418551e-6	-1.840683811695363e-6	-2.3001946971821148e-6	-2.871637764171076e-6	-3.58148423438016e-6	-4.462239138899013e-6	-5.553752190428487e-6	-6.904795094195059e-6	-8.574954201237467e-6	-0.000010636894857249628	-0.000013179061920092201	-0.000016308889609037613	-0.000020156602932512614	-0.000024879702141153504	-0.00003066823055985187	-0.00003775093418691005	-0.00004640242781698627	-0.0000569514860875306	-0.00006979057738101951	-0.00008538675216197546	-0.00010429398285283524	-0.0001271670269899313	-0.0001547768457877908	-0.00018802755236592013	-0.00022797478307122357	-0.0002758452762150767	-0.0003330572992102794	-0.00040124138120596565	-0.00048226057744169004	-0.0005782292076169797	-0.0006915286686308539	-0.0008248185192130525	-0.0009810405708283532	-0.001163413201620488	-0.0013754125514268013	-0.0016207366797060872	-0.0019032482118511436	-0.0022268905173964265	-0.0025955721319127567	-0.003013014053763514	-0.003482554846272095	-0.004006909313517006	-0.004587878080038604	-0.0052260078988759055	-0.005920206154605473	-0.0066673180201438555	-0.007461681220119432	-0.008294681401434969	-0.009154340596363613	-0.010024981813072266	-0.010887023673704876	-0.011716969046026655	-0.012487659021016935	-0.013168865989207915	-0.013728293969518635	-0.014133037304509606	-0.01435151683915322	-0.014355862822334444	-0.01412464470931286	-0.013645761532110242	-0.012919209024485082	-0.011959344218295108	-0.010796195496117739	-0.009475344431931544	-0.008055968381980128	-0.0066068110080276885	-0.00520015930833355	-0.0039043375522983172	-0.002775719418943128	-0.001851687380265787	-0.0011461563708107653	-0.0006490374447123241	-0.00033023012285509533	-0.00014747561606902608	-0.00005604246578812985	-0.000017376168227522052	-4.145580342654367e-6	-6.99410486532855e-7	-7.350035869073395e-8	-3.935664543289652e-9	-7.638199870840813e-11	-2.84829230149108e-13	-5.2477701118324237e-17	0.	0.	0.	0.	0.	0.	0.	0.	0.	0.	0.	0.	0.	0.	0.	0.	-103702.30015437385	-283801.2845873267	-400811.494696135	-501114.5480750069	-593646.4073464638	-681144.4055793507	-766180.520331592	-849787.0043716063	-931527.9744408999	-1.0129228112151067e6	-1.0936655516653382e6	-1.173479247251137e6	-1.253367055683888e6	-1.3335002679323575e6	-1.4133502971537148e6	-1.4937191289020854e6	-1.5741071784142917e6	-1.6546039455045597e6	-1.7359588398593105e6	-1.8160299500727428e6	-1.8976980736267092e6	-1.979760092559236e6	-2.062100758068664e6	-2.1433039267105744e6	-2.226499337114304e6	-2.3093522297137645e6	-2.3937744643156272e6	-2.477673431112835e6	-2.5618143022031584e6	-2.645778263173758e6	-2.7308500608799537e6	-2.8168912935148794e6	-2.9037440744741596e6	-2.9893150370453307e6	-3.077031038748697e6	-3.16423466599543e6	-3.252239010808865e6	-3.341194995012089e6	-3.4292094402604657e6	-3.5187692191858925e6	-3.608201883063688e6	-3.699280737247724e6	-3.789203895021029e6	-3.880930033868405e6	-3.972468049051105e6	-4.0644783753077127e6	-4.1572975694907275e6	-4.25068321599915e6	-4.343856524525592e6	-4.438331969975592e6	-4.5335951539038345e6	-4.62807969506382e6	-4.72352824323752e6	-4.819312217264784e6	-4.916455775433291e6	-5.013499749515639e6	-5.111096792164022e6	-5.208919937950654e6	-5.306805735871121e6	-5.4065026165202595e6	-5.505322457158652e6	-5.605171285508773e6	-5.7064807594463825e6	-5.806948498867275e6
-6.783525249678014e-12	-7.55297185297936e-11	-1.4889057576356302e-10	-2.3133732413396488e-10	-3.278744856168366e-10	-4.4433192398343933e-10	-5.877031517270156e-10	-7.665486559518666e-10	-9.914864465750704e-10	-1.275796629197718e-9	-1.6361727849734393e-9	-2.0936605924403854e-9	-2.6748338221342356e-9	-3.4132700390943914e-9	-4.351403640963902e-9	-5.542852959375274e-9	-7.055341947906695e-9	-8.974366564376953e-9	-1.1407792671466538e-8	-1.4491617771576316e-8	-1.8397185168873612e-8	-2.3340208662369312e-8	-2.9592051596936974e-8	-3.749380964708177e-8	-4.7473876452107865e-8	-6.006983043550554e-8	-7.595567617165126e-8	-9.597571212012535e-8	-1.2118658753010074e-7	-1.529094656598948e-7	-1.927946410147126e-7	-2.429014802623867e-7	-3.057971876923471e-7	-3.8467865740966915e-7	-4.835225901679925e-7	-6.072701508612854e-7	-7.620537553250812e-7	-9.554751387210995e-7	-1.196945713412414e-6	-1.4981024174428475e-6	-1.8733148353800815e-6	-2.3403023949414596e-6	-2.9208839616872084e-6	-3.6418862271928507e-6	-4.5362419687710105e-6	-5.64431460067592e-6	-7.015491476557544e-6	-8.710095161375477e-6	-0.000010801669360944195	-0.000013379704331391538	-0.000016552875285291122	-0.000020452876385476125	-0.000025238942088688993	-0.000031103156452895076	-0.00003827665896670566	-0.00004703686169331674	-0.00005771579597480683	-0.00007070970619893943	-0.00008649000147789357	-0.00010561566106079364	-0.00012874716348543932	-0.0001566619690410831	-0.00019027152640464063	-0.00023063969241161086	-0.0002790023435510009	-0.0003367878129816723	-0.00040563760133189414	-0.0004874265768545238	-0.0005842815946614395	-0.0006985971208712818	-0.0008330460428334354	-0.0009905833819131887	-0.0011744401067331346	-0.0013881036859642616	-0.0016352814448545045	-0.0019198422364878477	-0.0022457314625175554	-0.0026168541553813845	-0.0030369207664252412	-0.003509250621614569	-0.004036528867573738	-0.004620514322110476	-0.0052616981728026875	-0.005958917149968237	-0.006708929836330046	-0.007505971313801445	-0.008341309434733149	-0.009202835516385881	-0.01007473281122558	-0.010937276960082789	-0.011766832580401794	-0.012536117401784213	-0.01321480753480669	-0.013770551543632064	-0.014170443547825146	-0.014382973106203355	-0.01438041925587014	-0.014141586569545752	-0.013654694305840107	-0.012920132299975635	-0.011952702340464107	-0.010782892304289717	-0.009456710728172158	-0.008033674930701708	-0.006582727257311124	-0.005176168392357196	-0.003882130134676796	-0.0027565998574335393	-0.0018364315797350626	-0.0011349571843433373	-0.0006415575941792241	-0.00032575523250290566	-0.0001451280733813628	-0.00005499343547306941	-0.000016992529185903657	-4.037059516366793e-6	-6.775344386941317e-7	-7.072362471956733e-8	-3.753375910659135e-9	-7.195333073933162e-11	-2.635265767017046e-13	-4.717628398835457e-17	0.	0.	0.	0.	0.	0.	0.	0.	0.	0.	0.	0.	0.	0.	0.	0.	-132112.97149222158	-298080.3849379895	-412839.06897892617	-512732.5860220597	-605219.5880494135	-693068.8115318547	-777998.1614270837	-861742.9310728378	-944107.9598027501	-1.0257779999980773e6	-1.1064278989702929e6	-1.1871922189038144e6	-1.2678560821317758e6	-1.348036603691162e6	-1.4284641931456695e6	-1.5092809631862845e6	-1.5899197212895972e6	-1.670890927907723e6	-1.7520380070106057e6	-1.8337006537451667e6	-1.9156555504415743e6	-1.9974843730540564e6	-2.080259663676339e6	-2.1625967705990337e6	-2.2458735142905167e6	-2.32984771596576e6	-2.4133670181395235e6	-2.4979406723742173e6	-2.582941879556513e6	-2.668411473628635e6	-2.754393763456719e6	-2.840731820729738e6	-2.92698083060287e6	-3.0143318086363124e6	-3.1014803660183977e6	-3.189581511202356e6	-3.2779860546122366e6	-3.3658172094239686e6	-3.456183517756217e6	-3.546080658920019e6	-3.635628944815552e6	-3.7269555865188884e6	-3.8180778765011085e6	-3.910100356392648e6	-4.00150455380404e6	-4.0953286178281195e6	-4.1873576726962663e6	-4.281834765811886e6	-4.375984915020468e6	-4.470246438605358e6	-4.565956054618735e6	-4.661308822532921e6	-4.757292805840151e6	-4.853690775947759e6	-4.949786210144216e6	-5.048310173659085e6	-5.146502785283925e6	-5.243778169488126e6	-5.343955687249759e6	-5.442571459151109e6	-5.543687839534647e6	-5.644574952281521e6	-5.745113205427375e6
-5.459967782569421e-12	-6.079327300416528e-11	-1.198430737688882e-10	-1.8621067024442172e-10	-2.6392751772972744e-10	-3.5769086975793074e-10	-4.731368368764346e-10	-6.17166046231022e-10	-7.983398852858597e-10	-1.0273690511601457e-9	-1.317720989937561e-9	-1.6863790370809933e-9	-2.154793964432958e-9	-2.750078582853266e-9	-3.5065085187640323e-9	-4.467407869058779e-9	-5.687517873335503e-9	-7.235970926794165e-9	-9.20002230014055e-9	-1.1689729194325196e-8	-1.4843812902229057e-8	-1.883699690913161e-8	-2.388918421511178e-8	-3.0276924015606916e-8	-3.834772478120774e-8	-4.853790214902389e-8	-6.139481120055963e-8	-7.760451005926868e-8	-9.802614297304545e-8	-1.2373462532804983e-7	-1.5607357129359923e-7	-1.9672083997711704e-7	-2.47769603367175e-7	-3.118284769331748e-7	-3.921450225371156e-7	-4.927578577021648e-7	-6.186837134412353e-7	-7.761471070368027e-7	-9.728618730042848e-7	-1.218375666114769e-6	-1.5244907604664254e-6	-1.9057770681053716e-6	-2.3801963431737557e-6	-2.9698600790960957e-6	-3.7019477037214027e-6	-4.609816385467743e-6	-5.734339131376764e-6	-7.125513923361599e-6	-8.844393421072008e-6	-0.000010965392249708821	-0.000013579037038878922	-0.0000167952330770756	-0.000020747130510706347	-0.00002559568215847579	-0.000031534993808233136	-0.00003879857571823687	-0.00004766661014457617	-0.000058474352977692895	-0.00007162178658081608	-0.00008758463387433839	-0.00010692682833162275	-0.000130314508038814	-0.00015853156092192312	-0.00019249668860915714	-0.0002332818734547642	-0.00028213202163130226	-0.0003404854089646787	-0.00040999436902314814	-0.0004925454284946321	-0.0005902778071429191	-0.0007055988538288516	-0.0008411945836090505	-0.0010000330147473082	-0.0011853574849468086	-0.0014006665672790042	-0.0016496766326901766	-0.0019362625559630263	-0.0022643715914676026	-0.0026379051312447176	-0.0030605630033418794	-0.003535645303313859	-0.004065807636046058	-0.004652767265524082	-0.00529696023447233	-0.005997153238492408	-0.006750019118574183	-0.007549691417267048	-0.008387321568954324	-0.00925067183190654	-0.010123787627058204	-0.010986803771470282	-0.011815948958689065	-0.0125838199522063	-0.013259998906745476	-0.013812081002961477	-0.014207161735130631	-0.014413800249410087	-0.014404424257055105	-0.014158072097830876	-0.013663280473791912	-0.012920829009167356	-0.011945958463607291	-0.010769609210099347	-0.009438209037809892	-0.008011607553654751	-0.006558939101220273	-0.0051525134010159575	-0.0038602681266127438	-0.0027378063165725036	-0.001821459180154385	-0.0011239841352927396	-0.0006342419889120963	-0.0003213874646108499	-0.0001428420559775602	-0.000053974683816178536	-0.00001662117871039317	-3.932433576288097e-6	-6.565487261209254e-7	-6.807697718865142e-8	-3.5811069369567284e-9	-6.78174844825375e-11	-2.4397718644386265e-13	-4.244603476992305e-17	0.	0.	0.	0.	0.	0.	0.	0.	0.	0.	0.	0.	0.	0.	0.	0.	-156148.3118469053	-311806.97214049415	-424981.09693590057	-524442.6711803398	-616498.2390784384	-704592.9692291064	-789879.0963471293	-873781.9920747868	-956183.8965530482	-1.0382302277851573e6	-1.1196752304085093e6	-1.2009402733499615e6	-1.281718471939466e6	-1.362286569262055e6	-1.4438122984411728e6	-1.524570020183275e6	-1.605721206204996e6	-1.6870996299829553e6	-1.768696931819544e6	-1.8512869786995037e6	-1.9330390568275352e6	-2.016517395949142e6	-2.0986860126907155e6	-2.1820477720815656e6	-2.265881354118455e6	-2.3502169499927475e6	-2.4341351470541335e6	-2.519916996847369e6	-2.604554055164616e6	-2.689870689402425e6	-2.77598591538869e6	-2.8634842663085917e6	-2.9503402498927494e6	-3.038302647840144e6	-3.1254505603854833e6	-3.213853465774753e6	-3.303698969407868e6	-3.392217632680022e6	-3.4828828583621e6	-3.573080797466645e6	-3.663571430594285e6	-3.7548805639330857e6	-3.846087464917776e6	-3.9384259510063957e6	-4.031817338442745e6	-4.124899124616188e6	-4.219012099668703e6	-4.312642593056519e6	-4.407170655641113e6	-4.5022562424487015e6	-4.59759025451699e6	-4.69433079710757e6	-4.791198602518394e6	-4.887085004331953e6	-4.984527982656036e6	-5.082966893589294e6	-5.181143327499819e6	-5.2807649969349615e6	-5.380597146176605e6	-5.480469791949624e6	-5.580029762835467e6	-5.681479559249132e6
-4.392883259530543e-12	-4.891229576727344e-11	-9.642359160173928e-11	-1.4982617174028356e-10	-2.1236623818533705e-10	-2.878268360596441e-10	-3.8074814127799936e-10	-4.966902786570589e-10	-6.425532271926059e-10	-8.269714052585978e-10	-1.0608044800930733e-9	-1.357751008599998e-9	-1.7351179388924226e-9	-2.2147870970365017e-9	-2.8244299418897347e-9	-3.599034578496689e-9	-4.582824878633331e-9	-5.831671308218438e-9	-7.416117619506842e-9	-9.425178054353559e-9	-1.1971097499932535e-8	-1.519531382393831e-8	-1.9275919447889543e-8	-2.443699059766681e-8	-3.0960240641443034e-8	-3.9199562173491564e-8	-4.959915548547582e-8	-6.271610415974244e-8	-7.924845818377117e-8	-1.0007012896625523e-7	-1.2627419818454816e-7	-1.592266045202706e-7	-2.0063261209601136e-7	-2.52618997214054e-7	-3.178355339098202e-7	-3.99580135003746e-7	-5.019529383112072e-7	-6.300457457633622e-7	-7.901745588102153e-7	-9.901645433868506e-7	-1.2396986432026954e-6	-1.5507432869313353e-6	-1.9380672530203252e-6	-2.4198728188656556e-6	-3.0185618849890545e-6	-3.76166388619577e-6	-4.6829570349034535e-6	-5.823819835264815e-6	-7.234855897161585e-6	-8.977841884491908e-6	-0.000011128055941515533	-0.00001377705210191433	-0.000017035954887241596	-0.000021039357355426168	-0.00002594991497228714	-0.00003196373641978436	-0.00003931668021987743	-0.000048291672018918624	-0.00005922716044916651	-0.00007252682823485092	-0.0000886706678173412	-0.00010822751494884641	-0.00013186910662344137	-0.00016038568795660832	-0.00019470313212148209	-0.00023590145346455248	-0.0002852344810724587	-0.00034415031240531645	-0.0004143119778420559	-0.0004976175107433188	-0.0005962183280271638	-0.0007125344785653937	-0.0008492649084676385	-0.0010093904246801393	-0.0011961665178996097	-0.0014131026469727046	-0.0016639240146948736	-0.0019525113181227266	-0.0022828134916704724	-0.002658728156376542	-0.0030839444469816127	-0.003561743241053703	-0.00409475072161938	-0.0046846428539764045	-0.005331800956141115	-0.0060349223045389234	-0.006790594838403106	-0.00759285165030921	-0.008432729112834544	-0.009297862053499067	-0.010172159950048425	-0.011035618909115561	-0.011864333974402168	-0.012630783278966214	-0.0133044572808785	-0.013852899781384155	-0.014243209182164238	-0.0144440150330774	-0.0144278935632099	-0.014174115509471022	-0.01367153224561848	-0.01292130892202431	-0.011939119576827084	-0.010756350217875878	-0.009419840353511899	-0.007989764409782107	-0.006535442255537122	-0.005129188190642065	-0.003838744250794645	-0.002719331171943668	-0.0018067629547509094	-0.001113230991672292	-0.000627085756689593	-0.0003171234014043098	-0.0001406154492657765	-0.00005298508571056402	-0.00001626162032835899	-3.8315300820286426e-6	-6.364096971904461e-7	-6.555325506129896e-8	-3.4182269228423775e-9	-6.395285834644165e-11	-2.2602417441427653e-13	-3.8221682579639786e-17	0.	0.	0.	0.	0.	0.	0.	0.	0.	0.	0.	0.	0.	0.	0.	0.	-176759.1555402557	-325079.5272091559	-436678.6118628403	-535628.8580760141	-627550.0899267993	-716240.5078449262	-801764.3477241547	-885801.0952335234	-968519.3348932458	-1.051105191530571e6	-1.132752762351428e6	-1.2146181238803475e6	-1.2953038223092137e6	-1.377001754928787e6	-1.4581353599852817e6	-1.5395893465481906e6	-1.6212125191573452e6	-1.7035101468582444e6	-1.7860410353225246e6	-1.8681577843747186e6	-1.9507722124636366e6	-2.0340669939423038e6	-2.1176017266877526e6	-2.2008405424747188e6	-2.2854254103896925e6	-2.3704036362551423e6	-2.455513508270079e6	-2.5402109283448113e6	-2.6256990072554294e6	-2.713216987636243e6	-2.798982701264748e6	-2.88655918432038e6	-2.9740302441623076e6	-3.0626122058884194e6	-3.150371242461917e6	-3.239085337039554e6	-3.3289054670583904e6	-3.4186215522163296e6	-3.509250457995608e6	-3.599729816798424e6	-3.691219821257019e6	-3.7832566482910397e6	-3.8749773611341286e6	-3.967688494813083e6	-4.0609701533170356e6	-4.154677107018553e6	-4.248557858088739e6	-4.343266234480286e6	-4.438650550624529e6	-4.534826773638131e6	-4.630227761074638e6	-4.726596389280541e6	-4.823303648628822e6	-4.921374480758513e6	-5.019348299523995e6	-5.117878184436809e6	-5.216636578168496e6	-5.316858595833715e6	-5.416098225115893e6	-5.517099578170414e6	-5.61892900664938e6
-3.532949794088921e-12	-3.933767688315111e-11	-7.754996184420112e-11	-1.2050314023761495e-10	-1.7081001906648867e-10	-2.3151607105616583e-10	-3.0627706516481156e-10	-3.9957106631868294e-10	-5.169565804299177e-10	-6.653910849267313e-10	-8.536273937354792e-10	-1.0927094187715619e-9	-1.396594110905524e-9	-1.7829329482452528e-9	-2.274054608656092e-9	-2.8982008152173977e-9	-3.6910802717596785e-9	-4.697821721264249e-9	-5.975427215487522e-9	-7.595851605623618e-9	-9.649865188187176e-9	-1.2251894760044494e-8	-1.554608575485231e-8	-1.9713886727522187e-8	-2.4983529753335155e-8	-3.164186938632241e-8	-4.0049152400770104e-8	-5.0657425119949005e-8	-6.403345014187661e-8	-8.088720622198393e-8	-1.0210729177798077e-7	-1.2880485326928084e-7	-1.6236802566765538e-7	-2.04529316524988e-7	-2.574489032683248e-7	-3.238174635224098e-7	-4.069829417398719e-7	-5.111065968922675e-7	-6.413548038972056e-7	-8.041344283804247e-7	-1.0073811972029175e-6	-1.260912387325664e-6	-1.5768573989065312e-6	-1.9701824150656544e-6	-2.4593284340642965e-6	-3.066985545594802e-6	-3.8210304678125765e-6	-4.7556591196589515e-6	-5.912751421610527e-6	-7.343511633072533e-6	-9.110434362702747e-6	-0.000011289653916231195	-0.000013973742819869993	-0.00001727503406247257	-0.000021329550642833002	-0.000026301635090904123	-0.00003238938031680014	-0.00003983097081701725	-0.00004891204910007231	-0.00005997422507681906	-0.00007342484465411043	-0.0000897481260358947	-0.00010951775596764469	-0.00013341101051646715	-0.0001622244225198251	-0.0001968909564736161	-0.00023849856661201064	-0.0002883098998622671	-0.00034778275629472914	-0.0004185907293316484	-0.0005026432099995868	-0.0006021036480610436	-0.0007194046133218582	-0.0008572577904373749	-0.0010186565714735507	-0.0012068683891884033	-0.0014254133752047101	-0.0016780253563513487	-0.0019685906588668913	-0.0023010597310065967	-0.002679326298577464	-0.0031070687389786415	-0.0035875487293854642	-0.004123363154708907	-0.004716146938636237	-0.005366227093920662	-0.006072232089181509	-0.006830665793322055	-0.007635461924449319	-0.008477543129329612	-0.009344418405676074	-0.01021986314131957	-0.011083736802675137	-0.011912003006694911	-0.012677023533857582	-0.013348199341982609	-0.013893024792251055	-0.014278602664016428	-0.014473633672696532	-0.014450842369090729	-0.01418973049988314	-0.013679461351453698	-0.012921581387206931	-0.011932192322720334	-0.010743119073896055	-0.009401605507311572	-0.007968143597465257	-0.006512232470717307	-0.005106186734754047	-0.003817551409699536	-0.0027011670163984034	-0.0017923359043448086	-0.001102691734203636	-0.000620084203819974	-0.00031295975900013127	-0.00013844622715216342	-0.0000520235664427908	-0.000015913381462041057	-3.7341855682460228e-6	-6.170761794175365e-7	-6.314574660762885e-8	-3.264149629495345e-9	-6.033960200610569e-11	-2.0952577913675463e-13	-3.444584470939203e-17	0.	0.	0.	0.	0.	0.	0.	0.	0.	0.	0.	0.	0.	0.	0.	0.	-195748.56110131255	-337926.3620620956	-448502.995139281	-546618.3883808056	-638932.4750583782	-727389.4490492945	-813123.6244047681	-897780.0899382696	-980716.5541721847	-1.0637030615097932e6	-1.1458635713455284e6	-1.2277200110461263e6	-1.3093386096835774e6	-1.391383056636905e6	-1.473452465223316e6	-1.5554314134756015e6	-1.6377124204569494e6	-1.7198403834416957e6	-1.802822025274142e6	-1.8854803836532773e6	-1.9685630402107814e6	-2.0519523273247227e6	-2.136136853242781e6	-2.220198273182668e6	-2.305256543411449e6	-2.3898267146439506e6	-2.475244595530851e6	-2.5617298166999095e6	-2.647486980353823e6	-2.734846287828907e6	-2.82187701988903e6	-2.9095986967487307e6	-2.99768375803264e6	-3.086079340724401e6	-3.1750443976934482e6	-3.2646743675491386e6	-3.3551146066234787e6	-3.4443299883069345e6	-3.5353374609888024e6	-3.626287117685031e6	-3.7188532549973475e6	-3.8107821490702718e6	-3.9034235683350745e6	-3.996869540260268e6	-4.0901745821869867e6	-4.18450833207659e6	-4.27988497474251e6	-4.37485674299487e6	-4.470109806335032e6	-4.56673204937401e6	-4.663001115233749e6	-4.759904938803677e6	-4.857508629620115e6	-4.956006078019929e6	-5.053701399722928e6	-5.15282662761131e6	-5.253121432711749e6	-5.352152501966181e6	-5.453819126071758e6	-5.553768280083313e6
-2.840250772660673e-12	-3.1625012627795984e-11	-6.23463449923999e-11	-9.688127075868065e-11	-1.373319257824861e-10	-1.8614899355949556e-10	-2.462748722164742e-10	-3.2131460068809e-10	-4.157440652553696e-10	-5.351670061981242e-10	-6.866349480076934e-10	-8.79047515803414e-10	-1.123654841663429e-9	-1.4346891169001088e-9	-1.8301590720458416e-9	-2.3328495921121092e-9	-2.9715792056690562e-9	-3.782781323936202e-9	-4.812491469386874e-9	-6.118843084940968e-9	-7.775199791908707e-9	-9.87408331797951e-9	-1.2532095153993614e-8	-1.589607804187977e-8	-2.015082274540938e-8	-2.552869876605579e-8	-3.2321677841039914e-8	-4.0896329958783017e-8	-5.171250779017789e-8	-6.534660233546305e-8	-8.252045680151976e-8	-1.0413727512911029e-7	-1.313261655846016e-7	-1.6549732959632225e-7	-2.0841035479459172e-7	-2.6225861462319906e-7	-3.2977343325609144e-7	-4.143524652677225e-7	-5.202176893874111e-7	-6.526095533142824e-7	-8.180251646748606e-7	-1.0245100388134315e-6	-1.2820148287420442e-6	-1.6028307222070945e-6	-2.002119845544095e-6	-2.4985601173246226e-6	-3.1151276025162183e-6	-3.880043586069829e-6	-4.827918367103011e-6	-6.001129218180116e-6	-7.451476093460573e-6	-9.242165519811359e-6	-0.000011450180651712192	-0.00001416910365646671	-0.00001751246530388976	-0.000021617705666716643	-0.00002665083889017677	-0.000032811923618459534	-0.00004034144825191348	-0.00004952774590877542	-0.000060715556660646754	-0.0000743158528484819	-0.00009081703521201032	-0.00011079759085770759	-0.0001349402758887783	-0.00016404784236580733	-0.00019906026705374382	-0.0002410733533703909	-0.0002913584626777694	-0.00035138298060439035	-0.0004228309321633535	-0.0005076229197367647	-0.0006079342647363113	-0.0007262098823897398	-0.0008651740074299126	-0.0010278324180045182	-0.001217464283004358	-0.0014376001992802661	-0.001691982415711923	-0.0019845027007354406	-0.002319112856464494	-0.00269970259535254	-0.003129939479112014	-0.0036130660069989304	-0.0041516498931295385	-0.004747285278337619	-0.005400245288637419	-0.006109090191890464	-0.006870240609495733	-0.007677531946796906	-0.008521774440841717	-0.009390352833666394	-0.010266910242136648	-0.011131171520572624	-0.011958971032685738	-0.012722556428113383	-0.013391241300059184	-0.013932472446533017	-0.014313358434877889	-0.014502671855930436	-0.014473285348617781	-0.014204930266453761	-0.013687079063171128	-0.012921655351937865	-0.011925183015039207	-0.010729919281073174	-0.009383505181686515	-0.007946743161567169	-0.0064893055347668635	-0.0050835031229816315	-0.0037966826811423964	-0.00268330665312511	-0.00177817124904916	-0.001092360547811145	-0.0006132328074561187	-0.00030889338125527754	-0.00013633244771598752	-0.00005108909907332784	-0.00001557601210392721	-3.6402450113800436e-6	-5.985093203544462e-7	-6.084815791599647e-8	-3.1183298230211303e-9	-5.695946211772672e-11	-1.943538034058096e-13	-3.106800895022914e-17	0.	0.	0.	0.	0.	0.	0.	0.	0.	0.	0.	0.	0.	0.	0.	0.	-212725.81064725318	-350717.8739607132	-459865.55738369224	-557944.974824476	-650332.1999909364	-738598.058310315	-824994.009369233	-909593.7033558157	-993309.0358147849	-1.075966054513771e6	-1.158905479741726e6	-1.241032689501685e6	-1.323050449832325e6	-1.4057566221064206e6	-1.4885040837340276e6	-1.5704326755482273e6	-1.653413556983696e6	-1.7363744347916688e6	-1.819199154654738e6	-1.9023706100136808e6	-1.9861112828266467e6	-2.0703178891724907e6	-2.1545026776368124e6	-2.2394337664686805e6	-2.3241080008234344e6	-2.4103588774506133e6	-2.4961747508379086e6	-2.582434309534942e6	-2.6691771332399445e6	-2.7564464707646756e6	-2.844084271361097e6	-2.9316439614059343e6	-3.020317439658104e6	-3.1101106161547126e6	-3.19968370056123e6	-3.289372822429801e6	-3.3792412525006724e6	-3.4708868191216965e6	-3.5624687042808295e6	-3.6541140313394945e6	-3.746071994404983e6	-3.839233934828459e6	-3.932451633091252e6	-4.0253536287594726e6	-4.119717075673101e6	-4.214232405769964e6	-4.310237631996116e6	-4.40566987101347e6	-4.501197795540514e6	-4.597909946888664e6	-4.695566568106958e6	-4.7933540925251655e6	-4.890162772277087e6	-4.989817478984796e6	-5.089005393896391e6	-5.188362912192042e6	-5.2875653930646125e6	-5.3883355413048165e6	-5.489148098828544e6
-2.2824981992351926e-12	-2.5414827470325352e-11	-5.0104261221508665e-11	-7.786014540379111e-11	-1.103730741274528e-10	-1.49614301489771e-10	-1.9795107906215395e-10	-2.5828440210035165e-10	-3.342168582432982e-10	-4.302598923793804e-10	-5.520919126042594e-10	-7.068813712663325e-10	-9.036923976871825e-10	-1.1539949063505234e-9	-1.472306570635958e-9	-1.8770009048400566e-9	-2.3913242682061862e-9	-3.0446753055291945e-9	-3.87421367777067e-9	-4.926881540346628e-9	-6.261941868023052e-9	-7.95416335244349e-9	-1.0097813374436942e-8	-1.2811659902558114e-8	-1.6245231831837446e-8	-2.0586647373824254e-8	-2.607239422194282e-8	-3.2999536478132723e-8	-4.174093553220065e-8	-5.276420981755985e-8	-6.665532714738048e-8	-8.414792979494693e-8	-1.0615974456154834e-7	-1.338377372487655e-7	-1.686140444832993e-7	-2.12275169068298e-7	-2.670474736769342e-7	-3.357026702044571e-7	-4.216877999711051e-7	-5.292851581718611e-7	-6.638087632363252e-7	-8.318453409278038e-7	-1.0415494212528297e-6	-1.303004075217135e-6	-1.6286610942086493e-6	-2.033877087453297e-6	-2.537565096090224e-6	-3.1629849516039923e-6	-3.938699797480797e-6	-4.8997309991813914e-6	-6.088949135206026e-6	-7.558744925054051e-6	-9.373030822006704e-6	-0.000011609631563380566	-0.000014363130168271742	-0.000017748244582622473	-0.000021903819191986872	-0.00002699752444410509	-0.00003323136639678275	-0.00004084811550337343	-0.000050138769515809946	-0.00006145116789386619	-0.00007519987309263492	-0.00009187742568949844	-0.00011206706316792018	-0.00013645696342037302	-0.00016585603018891916	-0.00020121117460641707	-0.00024362595994934568	-0.0002943803602479963	-0.00035495123157248525	-0.00042703290134287093	-0.0005125570396249061	-0.0006137106813273044	-0.0007329509150653531	-0.0008730143411154827	-0.0010369189290693785	-0.001227955382879863	-0.0014496645623596517	-0.0017057969420971133	-0.0020002495516326015	-0.002336975392937673	-0.002719860052839568	-0.0031525602244373728	-0.0036382992561443893	-0.004179615821911398	-0.004778063539908338	-0.005433862066809358	-0.006145504072308117	-0.0069093277444859	-0.007719071223923202	-0.00856543363440433	-0.009435677010083509	-0.0103133139822171	-0.01117793678008409	-0.01200525263940783	-0.012767397246259148	-0.01343359890604913	-0.013971258670265777	-0.014347492246980688	-0.014531144762697519	-0.01449523667562431	-0.01421972752936114	-0.013694396214590739	-0.012921539380836846	-0.011918097655381096	-0.010716754112780029	-0.009365539919918332	-0.007925561099938274	-0.006466657275783202	-0.005061131559861492	-0.0037761313138889767	-0.0026657430889413967	-0.0017642624203021574	-0.001082231813499234	-0.0006065272082863898	-0.0003049212339370798	-0.00013427224912486592	-0.00005018070197112158	-0.000015249083574816151	-3.5495613318401664e-6	-5.806724398289548e-7	-5.865458383366994e-8	-2.9802601115408763e-9	-5.379564267547774e-11	-1.8039222598462955e-13	-2.804366872490817e-17	0.	0.	0.	0.	0.	0.	0.	0.	0.	0.	0.	0.	0.	0.	0.	0.	-229417.29479398328	-363259.2872073289	-471324.30072098534	-569143.0366546859	-661052.9077988663	-749809.2731455175	-836476.0485057057	-921312.351809186	-1.0055876963075688e6	-1.0891997662871906e6	-1.172058686875625e6	-1.2549165491027192e6	-1.3371754159109204e6	-1.4198693378535127e6	-1.503218322048342e6	-1.5858509558847682e6	-1.6693124386601495e6	-1.7519990347787328e6	-1.8360281206513846e6	-1.9199458196437503e6	-2.0037051211330001e6	-2.0883089868660613e6	-2.1734212835431313e6	-2.2584929227285935e6	-2.343806002364655e6	-2.4307035495448285e6	-2.5163074648354826e6	-2.6036221487269187e6	-2.690211378480526e6	-2.7793564696989483e6	-2.866410357626421e6	-2.954576569926022e6	-3.04386101663589e6	-3.1342696077930066e6	-3.223829734546052e6	-3.3146665878552254e6	-3.405449121669343e6	-3.4962703106049974e6	-3.5885039993328787e6	-3.680982053052246e6	-3.77383494029955e6	-3.8666014600932347e6	-3.9601647851148266e6	-4.0546219252772275e6	-4.149189535301957e6	-4.244797914571829e6	-4.340405598106834e6	-4.436693555209612e6	-4.533777616086694e6	-4.630090650478204e6	-4.728111274202696e6	-4.825889148480183e6	-4.923994725651327e6	-5.022894270788805e6	-5.122352980698302e6	-5.222421597350409e6	-5.323200198983772e6	-5.425552128927343e6
-1.833588098391546e-12	-2.041649237421646e-11	-4.0250903806240976e-11	-6.255003855896843e-11	-8.867298102875605e-11	-1.202047131673456e-10	-1.5904899072443034e-10	-2.0753929979715135e-10	-2.6857410743948117e-10	-3.4578393217374576e-10	-4.4373947109154544e-10	-5.682122165699263e-10	-7.26501788093387e-10	-9.278477330209556e-10	-1.1839479894594215e-9	-1.5096117733320326e-9	-1.9235816220075598e-9	-2.449568035546526e-9	-3.1175510208255517e-9	-3.965416378473442e-9	-5.041011412627672e-9	-6.4047256699684555e-9	-8.1327282868856e-9	-1.032102571808097e-8	-1.3090543475862974e-8	-1.6593484785087572e-8	-2.1021279896915352e-8	-2.6614514811967098e-8	-3.3675320503160836e-8	-4.258281723005824e-8	-5.381234782421794e-8	-6.795940446788251e-8	-8.576936217292714e-8	-1.0817438689720725e-7	-1.3633919655831124e-7	-1.717177304665219e-7	-2.161232403292323e-7	-2.7181486980309357e-7	-3.416044581445068e-7	-4.2898810847420123e-7	-5.383080276110572e-7	-6.749513012169298e-7	-8.455936481005257e-7	-1.0584978382641698e-6	-1.3238784024061247e-6	-1.6543465522603977e-6	-2.0654519215524895e-6	-2.576340879968492e-6	-3.2105548229162487e-6	-3.99699605360242e-6	-4.971093703793262e-6	-6.17620763126967e-6	-7.665314418352555e-6	-9.503026489359063e-6	-0.000011768002947099944	-0.00001455581893713838	-0.000017982369060076653	-0.00002218788936079048	-0.000027341691414553366	-0.00003364771054739754	-0.000041350977635718123	-0.00005074512936596989	-0.0000621810741583551	-0.00007607692868905084	-0.00009292933120036689	-0.00011332622021158775	-0.00013796113793959725	-0.00016764907321187595	-0.00020334379476464112	-0.0002461565377657822	-0.0002973757887587505	-0.00035848776103821953	-0.000431196957470425	-0.0005174459747146485	-0.0006194334059978122	-0.0007396283446812892	-0.0008807795758836934	-0.0010459170702826438	-0.001238342870538757	-0.0014616079022795286	-0.0017194706749147908	-0.002015833303679334	-0.0023546498421555427	-0.0027398016448752973	-0.003174934488558165	-0.0036632526021926713	-0.004207265753247224	-0.004808487298618519	-0.005467083841725107	-0.006181481052102257	-0.006947935490034276	-0.00776008906573614	-0.00860853106681636	-0.009480402341480385	-0.01035908678785425	-0.011224045957152146	-0.01205086203539709	-0.012811560859500543	-0.013475287466978398	-0.014009398921324481	-0.014381019368768242	-0.014559067084393643	-0.014516710043674694	-0.014234134551421033	-0.013701423220690841	-0.012921241673780745	-0.011910941948966122	-0.01070362662586103	-0.009347710135781022	-0.007904595369422732	-0.006444283564187854	-0.005039066363521081	-0.0037558907233376155	-0.0026484695278037097	-0.0017506030532179	-0.0010723001005940739	-0.0005999632035808508	-0.0003010403991963673	-0.00013226384577525455	-0.00004929743649220273	-0.000014932187358849217	-3.461994929044597e-6	-5.635308926352605e-7	-5.655948113272237e-8	-2.8494680481954227e-9	-5.083267852415172e-11	-1.6753596439512592e-13	-2.5333572291683865e-17	0.	0.	0.	0.	0.	0.	0.	0.	0.	0.	0.	0.	0.	0.	0.	0.	-244753.64951603365	-375240.1584038038	-482395.42719776236	-580119.0664163717	-672177.495892814	-761264.9471211312	-848037.2819269769	-933052.5309289467	-1.0175951517732877e6	-1.1016417437617425e6	-1.1849938856136794e6	-1.268210528327118e6	-1.3512098570359123e6	-1.4344400434242603e6	-1.5174357568018737e6	-1.6007527541824288e6	-1.68432785867274e6	-1.7682672293149007e6	-1.8524328445536084e6	-1.937096307226384e6	-2.0208366816216344e6	-2.1061332535703843e6	-2.1918298671531305e6	-2.278125445526767e6	-2.363795897188338e6	-2.4502678772216532e6	-2.5370393819136736e6	-2.6243417952052453e6	-2.713131658381208e6	-2.801060798497659e6	-2.889058143601942e6	-2.977839104657198e6	-3.0677427876436743e6	-3.158406178333129e6	-3.248950513398073e6	-3.3400946010481855e6	-3.4308383024248057e6	-3.522845559370699e6	-3.61477303625422e6	-3.708285727475716e6	-3.80122508704428e6	-3.894767893740329e6	-3.988788523441318e6	-4.0841745508887027e6	-4.179397610012517e6	-4.274337069061793e6	-4.370555733719775e6	-4.467016989406935e6	-4.564581207848682e6	-4.662406525906434e6	-4.760225727062352e6	-4.858748339749338e6	-4.958168282693572e6	-5.056788683024368e6	-5.157671857676356e6	-5.2580694830664685e6	-5.359447575682178e6
-1.4724266611905974e-12	-1.6395156923245257e-11	-3.232338993314798e-11	-5.023193795457597e-11	-7.121295854132653e-11	-9.654035285650387e-11	-1.277445222346859e-10	-1.6670170548181275e-10	-2.1574291264393017e-10	-2.7778853315624225e-10	-3.5651608175058806e-10	-4.5657032494171345e-10	-5.838272945315574e-10	-7.457265562502253e-10	-9.516897043983554e-10	-1.2136475756253962e-9	-1.5467043390879018e-9	-1.9699737020502663e-9	-2.5076313111878295e-9	-3.1902384530053422e-9	-4.0564058832332066e-9	-5.154883687284075e-9	-6.547184281762092e-9	-8.310871980880673e-9	-1.0543685160304127e-8	-1.336869740886572e-8	-1.694077394206013e-8	-2.1454641124195095e-8	-2.7154962840399682e-8	-3.434891086795444e-8	-4.342183118299363e-8	-5.4856748968330486e-8	-6.925862757715014e-8	-8.738450759708316e-8	-1.1018090951612948e-7	-1.3883019693528613e-7	-1.7480797823024585e-7	-2.1995408655774261e-7	-2.7656023705823854e-7	-3.474781346948299e-7	-4.362526181508836e-7	-5.472853997992867e-7	-6.860361279617486e-7	-8.592688886053037e-7	-1.0753539167141737e-6	-1.3446362447067435e-6	-1.6798853226744814e-6	-2.0968423531322064e-6	-2.6148852448605495e-6	-3.2578347617138677e-6	-4.054929678315565e-6	-5.042003607677066e-6	-6.262901681000337e-6	-7.771181469217404e-6	-9.632149450233583e-6	-0.000011925291925177972	-0.000014747167506377934	-0.000018214837012649036	-0.000022469915603912015	-0.00002768334094723144	-0.00003406095966772553	-0.00004185004165650213	-0.000051346837112343405	-0.0000629052933322095	-0.00007694704574524717	-0.0000939727886077977	-0.0001145751127709752	-0.00013945286808480557	-0.0001694270627999332	-0.0002054582476119037	-0.0002486652429491295	-0.0003003449492967542	-0.00036199282582101135	-0.00043532342605196535	-0.0005222901346785872	-0.0006251029509724106	-0.0007462428077099126	-0.000888470497884242	-0.0010548278070637513	-0.0012486279248427835	-0.0014734316504783475	-0.0017330053425908703	-0.0020312560321837387	-0.0023721386817377446	-0.002759530312188642	-0.0031970657410249023	-0.003687930113320791	-0.004234604426558961	-0.004838562038737277	-0.005499916914614005	-0.006217028316885652	-0.006986071974879006	-0.007800594589349159	-0.008651076869719356	-0.009524539974787243	-0.010404240789853025	-0.011269512095932487	-0.012095813061923732	-0.012855061738662958	-0.013516321860556832	-0.014046908205552277	-0.014413954602327599	-0.014586453042295926	-0.014537718684996426	-0.014248163157003122	-0.013708170095879317	-0.012920770082844623	-0.011903721319554108	-0.010690539672883779	-0.009330016122604477	-0.007883843891402662	-0.0064221803146793715	-0.005017301964265537	-0.003735954487274277	-0.002631479364528751	-0.0017371869792427298	-0.0010625601593318148	-0.0005935367405739011	-0.0002972480703259209	-0.0001303055246443449	-0.00004843840479298688	-0.000014624934010223636	-3.3774132469230732e-6	-5.470519408667934e-7	-5.455764371561527e-8	-2.7255134759165053e-9	-4.805632070200012e-11	-1.55689771401112e-13	-2.2903056341205233e-17	0.	0.	0.	0.	0.	0.	0.	0.	0.	0.	0.	0.	0.	0.	0.	0.	-259532.98597536812	-387092.7867225124	-493682.49368837127	-590955.0294848968	-683288.4804424631	-772538.4872295818	-859677.7096352323	-945574.9457639103	-1.0301503232825772e6	-1.113873789932639e6	-1.1982400726123825e6	-1.281718471939466e6	-1.36499332575332e6	-1.448560267098934e6	-1.5322645694639196e6	-1.6162896862514447e6	-1.699968156365024e6	-1.784136364763955e6	-1.8691080371517898e6	-1.9538908893160394e6	-2.0390601240072825e6	-2.124499977563386e6	-2.21085798888752e6	-2.2962070314785265e6	-2.3827849913722808e6	-2.4702948191901254e6	-2.557369422569245e6	-2.645183716399331e6	-2.734333704878231e6	-2.822649771527884e6	-2.911669368647812e6	-3.001354429010268e6	-3.091585760090501e6	-3.1824144213419976e6	-3.272045116885163e6	-3.3638352459425726e6	-3.4560745820772285e6	-3.54852035622334e6	-3.6414641830100585e6	-3.734765792803115e6	-3.8288721123211314e6	-3.922863266836483e6	-4.018013521647858e6	-4.112820117133748e6	-4.208665451657313e6	-4.303985199256017e6	-4.401407078401174e6	-4.498326728638907e6	-4.5959461223198e6	-4.694513874292665e6	-4.793216508056649e6	-4.892558914562211e6	-4.991520644461736e6	-5.091633915581752e6	-5.191919683940506e6	-5.294077686215321e6
-1.1819769843227286e-12	-1.3161137054049474e-11	-2.5947849403752994e-11	-4.032507539780886e-11	-5.717013732788676e-11	-7.750651699774579e-11	-1.0256400200372565e-10	-1.3385058479995767e-10	-1.7324016121840856e-10	-2.23080934359852e-10	-2.863305510684515e-10	-3.6672543897437616e-10	-4.689936457795526e-10	-5.991228018926438e-10	-7.646977492500083e-10	-9.753260488464902e-10	-1.2431741788146861e-9	-1.5836429891900469e-9	-2.0162181687058216e-9	-2.565540449095841e-9	-3.2627514512853305e-9	-4.147184993048819e-9	-5.268490979087369e-9	-6.689300480803736e-9	-8.488567265040385e-9	-1.0765754050118062e-8	-1.3646072623103626e-8	-1.7287037438308236e-8	-2.1886654618584824e-8	-2.7693645054816166e-8	-3.502019476684992e-8	-4.4257841749823784e-8	-5.5897250888324355e-8	-7.055280283991237e-8	-8.899313586491234e-8	-1.1217903953949471e-7	-1.4131041582437303e-7	-1.7788440758027448e-7	-2.2376726093593081e-7	-2.812830519529418e-7	-3.5332308857457116e-7	-4.434806177751723e-7	-5.56216450484442e-7	-6.97062292386319e-7	-8.72869970327038e-7	-1.0921164093766838e-6	-1.3652761865643515e-6	-1.7052758102678582e-6	-2.1280465994564194e-6	-2.6531962179065484e-6	-3.304822610442326e-6	-4.112498346296061e-6	-5.112458250730815e-6	-6.349028744498506e-6	-7.87634354253089e-6	-9.760397298181256e-6	-0.000012081496395330045	-0.000014937174320463669	-0.00001844564776064625	-0.00002274989855717033	-0.000028022475573597742	-0.00003447111894216817	-0.00004234531638249583	-0.00005194390646031947	-0.00006362384560871198	-0.00007781025296436656	-0.00009500783766473407	-0.0001158137948200123	-0.00014093222598710812	-0.0001711900940994484	-0.00020755465727229834	-0.00025115223587886194	-0.00030328804733069175	-0.00036546668714169175	-0.0004394126368579682	-0.0005270899331063108	-0.0006307198317680781	-0.0007527949429340162	-0.0008960878941420318	-0.0010636521037056777	-0.0012588117208272745	-0.0014851372310181747	-0.001746402661603207	-0.0020465197947207164	-0.002389444364362267	-0.0027790489617104115	-0.003218957406851272	-0.0037123358003116986	-0.004261636508671758	-0.004868293154185295	-0.005532367475894752	-0.0062521529181908675	-0.007023745167595607	-0.007840596722934178	-0.008693080954611018	-0.009568100803628275	-0.01044878783127816	-0.011314347918077419	-0.012140119203878101	-0.012897913966694229	-0.013556716549250364	-0.014083801092270445	-0.014446312300116337	-0.014613316405183919	-0.01455827538857048	-0.014261824750067754	-0.01371464647137545	-0.012920132128375804	-0.011896440923554102	-0.01067749591367786	-0.009312458061753189	-0.007863304556914445	-0.006400343487928688	-0.004995832903082064	-0.0037163163417042533	-0.0026147661787211318	-0.001724008219104181	-0.001053006913776413	-0.0005872439101650574	-0.0002935415467878844	-0.00012839564184049634	-0.0000476027477695609	-0.000014326952126703988	-3.295690367679603e-6	-5.312046351487304e-7	-5.264417969163393e-8	-2.607986092172405e-9	-4.545343242898615e-11	-1.4476724989682288e-13	-2.0721521327089908e-17	0.	0.	0.	0.	0.	0.	0.	0.	0.	0.	0.	0.	0.	0.	0.	-45435.49247524159	-273565.724741154	-398768.82799214404	-504667.9324648866	-602126.7730139352	-694368.9389536091	-783858.6134038175	-870871.9750639828	-957372.1225319856	-1.0418994678560375e6	-1.1264047439776424e6	-1.211059490438376e6	-1.2949469112107265e6	-1.3791547904378294e6	-1.4631322866684962e6	-1.547691843902748e6	-1.6313021417267465e6	-1.7162716156969399e6	-1.8005154378499223e6	-1.8858375193314098e6	-1.9705267516401145e6	-2.056917734654956e6	-2.142365224766255e6	-2.2294295713231643e6	-2.31541609244986e6	-2.4026369381867554e6	-2.489873071563057e6	-2.578965914387218e6	-2.666965227696094e6	-2.7555056465818817e6	-2.844428112451471e6	-2.9348976695944197e6	-3.0249217874040613e6	-3.114380587738806e6	-3.2065271354586254e6	-3.297478294742958e6	-3.389351506345345e6	-3.482219005853233e6	-3.5746657000520187e6	-3.66785485781709e6	-3.762141138107934e6	-3.8558460689498843e6	-3.950312302042091e6	-4.045876769837193e6	-4.1412936616971693e6	-4.237754830138257e6	-4.3339161790889045e6	-4.431753131656151e6	-4.528745984657678e6	-4.627668363274512e6	-4.725863697688183e6	-4.824404733143019e6	-4.924316510111844e6	-5.025436058053759e6	-5.124521180948677e6	-5.227137133923422e6
-9.484854166857184e-13	-1.056130219307165e-11	-2.0822452574117324e-11	-3.236057265229809e-11	-4.588014647054333e-11	-6.220315298144828e-11	-8.23174372258493e-11	-1.0743455034425607e-10	-1.3906032160042405e-10	-1.7908212029152605e-10	-2.2987767234630153e-10	-2.944514622512609e-10	-3.766062354177638e-10	-4.811589947882245e-10	-6.142132532919131e-10	-7.835022796035467e-10	-9.988218064902252e-10	-1.2725753433229705e-9	-1.6204610755444118e-9	-2.06233662759249e-9	-2.6233070622280505e-9	-3.3350928214781627e-9	-4.237748415928652e-9	-5.3818201972034335e-9	-6.831053310452703e-9	-8.665784910781858e-9	-1.0987194153547433e-8	-1.3922620817493955e-8	-1.7632215503456758e-8	-2.231724737551673e-8	-2.8230473057494754e-8	-3.568906581632583e-8	-4.509072148783759e-8	-5.6933701474645314e-8	-7.1841749279158e-8	-9.059503227627632e-8	-1.1416852297031728e-7	-1.4377955357961935e-7	-1.8094666603837395e-7	-2.275623501002704e-7	-2.859828313005858e-7	-3.591387569720667e-7	-4.5067145431682376e-7	-5.651004251784704e-7	-7.080289269068637e-7	-8.863959009336163e-7	-1.108784188071075e-6	-1.3857969542109503e-6	-1.730516588432746e-6	-2.1590630778462397e-6	-2.691272063208005e-6	-3.3515164916522846e-6	-4.169700062617663e-6	-5.182455561694399e-6	-6.434586738395537e-6	-7.980798637817765e-6	-9.887768251177927e-6	-0.000012236614982447658	-0.000015125838668078078	-0.00001867480160118115	-0.000023027839982535352	-0.000028359099118353916	-0.00003487819503390368	-0.000042836812313460665	-0.00005253635302076025	-0.00006433675332606303	-0.0000786665814483541	-0.00009603452078714886	-0.00011704232326407977	-0.00014239928697292728	-0.00017293826569933916	-0.00020963315152702381	-0.0002536176807522906	-0.00030620529222684736	-0.0003689096100830463	-0.0004434649233267993	-0.0005318457868496811	-0.000636284566482065	-0.0007592853906801548	-0.0009036325517416005	-0.00107239092251968	-0.001268895428819728	-0.0014967260596961901	-0.0017596643356111393	-0.002061626630312346	-0.002406569317038314	-0.0027983604659900536	-0.0032406128661369394	-0.003736473616457577	-0.004288366594084705	-0.004897685949272739	-0.005564441606492918	-0.006286861775490937	-0.007060962879453413	-0.007880104209552666	-0.00873455301779033	-0.009611095474514202	-0.010492739475015368	-0.011358565831760772	-0.012183793600318658	-0.012940131250747226	-0.013596485593843749	-0.014120091729194317	-0.014478106381014372	-0.01463967050621458	-0.01457839251742074	-0.014275130331368163	-0.013720861611748451	-0.012919335014249456	-0.011889105663373378	-0.010664497826204159	-0.00929503603055947	-0.007842975231367167	-0.006378769092041114	-0.0049746538300738646	-0.003696970176763697	-0.0025983237289016027	-0.001711060976040694	-0.0010436354550510155	-0.0005810809409210622	-0.00028991822949472434	-0.00012653261934011094	-0.00004678964311489817	-0.000014037887385403114	-3.2167066317893314e-6	-5.15959704089593e-7	-5.0814490170428454e-8	-2.4965032139992365e-9	-4.301189468389891e-11	-1.3468997275519705e-13	-1.8761907174640243e-17	0.	0.	0.	0.	0.	0.	0.	0.	0.	0.	0.	0.	0.	0.	0.	-90318.82228939368	-287203.681450757	-410064.2225302998	-515786.17857536627	-613079.1873564769	-705532.4208704042	-794760.046003958	-882667.0929604518	-968958.3334250046	-1.0541128529793215e6	-1.1391393831115977e6	-1.2237932889649146e6	-1.308622205265489e6	-1.3924789485627112e6	-1.4773694415473507e6	-1.562292551403661e6	-1.646957725530773e6	-1.7320263732251825e6	-1.8167296263481183e6	-1.9023308497789425e6	-1.9877479627359407e6	-2.0747341619702557e6	-2.1608384309067456e6	-2.2469861067868466e6	-2.3352090649944698e6	-2.4227855948155383e6	-2.510866936280894e6	-2.5985136286887517e6	-2.687571038125123e6	-2.7762427566572395e6	-2.8663242961170767e6	-2.957692915205431e6	-3.048438152683783e6	-3.1381083224083846e6	-3.229373308780376e6	-3.321173428600572e6	-3.414306016221509e6	-3.507492591695356e6	-3.6003963999922844e6	-3.6941175157579957e6	-3.7883990044861725e6	-3.8832621331766634e6	-3.978733010343476e6	-4.0746814621703317e6	-4.1707428829003954e6	-4.267854898533155e6	-4.364310888566856e6	-4.462326661048806e6	-4.559972957858143e6	-4.659525054550943e6	-4.758255170616194e6	-4.857692290380001e6	-4.958030269629299e6	-5.057572023563531e6	-5.159380031375277e6
-7.608540460363666e-13	-8.472089230489123e-12	-1.670364365706895e-11	-2.5960063495583603e-11	-3.6806837970592305e-11	-4.9903870787153305e-11	-6.604436554418657e-11	-8.620133636041179e-11	-1.115843737708272e-10	-1.4370985733357077e-10	-1.844885394753497e-10	-2.3633536790449543e-10	-3.0230761493575897e-10	-3.862789027631652e-10	-4.931586314446687e-10	-6.291687277646081e-10	-8.02192659156657e-10	-1.0222154476678445e-9	-1.3018781615435378e-9	-1.6571762877809574e-9	-2.108338785151821e-9	-2.6809338380311033e-9	-3.407258815001575e-9	-4.328086222172343e-9	-5.4948551936529264e-9	-6.97242009700767e-9	-8.84249515077281e-9	-1.1207967780748661e-8	-1.4198295280274693e-8	-1.797625101621661e-8	-2.2746350163299382e-8	-2.876536346038474e-8	-3.635542404298373e-8	-4.5920350982903215e-8	-5.796595854282691e-8	-7.312529808529766e-8	-9.21899969642803e-8	-1.1614912382404056e-7	-1.4623733236466182e-7	-1.8399442747315868e-7	-2.3133897245417982e-7	-2.9065913015127236e-7	-3.6492462302656597e-7	-4.578245298819867e-7	-5.739366354501485e-7	-7.189352429572958e-7	-8.99845782464643e-7	-1.1253562371413273e-6	-1.406197407819541e-6	-1.7556063897115762e-6	-2.1898903943751285e-6	-2.7291112682896154e-6	-3.3979147918128485e-6	-4.226533143430434e-6	-5.2519938351255104e-6	-6.519574008465715e-6	-8.084545256726223e-6	-0.000010014261113087538	-0.000012390646993021236	-0.000015313160628322537	-0.000018902299744829126	-0.00002330374269370763	-0.00002869321661222226	-0.000035282195982923756	-0.000043324541513277626	-0.00005312419417182046	-0.00006504404080723842	-0.00007951606451298228	-0.00009705288284113674	-0.0001182607576958702	-0.00014385412928517117	-0.00017467167931406287	-0.00021169386145563954	-0.0002560617451807288	-0.00030909689679712053	-0.00037232186308720175	-0.00044748062200976774	-0.0005365581154149958	-0.0006417976751322725	-0.0007657147921104124	-0.0009111052570761739	-0.0010810452230509086	-0.0012788802136355474	-0.0015081995432390713	-0.001772792054673343	-0.0020765785587013533	-0.002423515940475432	-0.0028174676627102054	-0.003262035453787816	-0.0037603474575572653	-0.0043147992053286215	-0.004926745639512809	-0.005596145279217382	-0.006321161678256309	-0.007097732767279481	-0.007919125610957877	-0.008775502545229531	-0.009653534392910567	-0.0105361070111464	-0.01140217794044859	-0.012226849054692006	-0.012981726933854004	-0.01363564266651514	-0.014155793856779715	-0.014509350345730738	-0.014665528259088016	-0.01459808202514147	-0.0142880905148603	-0.013726824430659344	-0.012918385642351014	-0.011881720200048986	-0.010651547716797723	-0.009277750009748113	-0.007822853758893645	-0.006357453183803921	-0.004953759502835023	-0.0036779100327128207	-0.0025821459468301465	-0.001698339629299965	-0.0010344410348676642	-0.0005750441933632407	-0.00028637561632931783	-0.00012471494189976467	-0.00004599830348647385	-0.000013757401636650679	-3.1403482823593845e-6	-5.012894513282522e-7	-4.9064249632555085e-8	-2.3907077255188643e-9	-4.072052042340566e-11	-1.2538669579929306e-13	-1.700023499536305e-17	0.	0.	0.	0.	0.	0.	0.	0.	0.	0.	0.	0.	0.	0.	0.	-119774.5932231874	-300030.8067997729	-421403.20765714376	-526358.1473279953	-623446.3530569227	-716295.8372535574	-805736.7328697952	-893853.9613533347	-980427.248285196	-1.0667489937830898e6	-1.1519795994689262e6	-1.2372372775021347e6	-1.3219722879665587e6	-1.406925183338292e6	-1.4921891018251935e6	-1.5770814789247243e6	-1.6620808381861672e6	-1.7473873734615243e6	-1.8332276650693372e6	-1.91950744910745e6	-2.0055345735360119e6	-2.0920579760947207e6	-2.178862755981666e6	-2.266170353474103e6	-2.3534188202829347e6	-2.4419123257745137e6	-2.5301626554079037e6	-2.6200156817947445e6	-2.7082892229541745e6	-2.7978383296295637e6	-2.8885411175437043e6	-2.978618189758372e6	-3.0698298039506935e6	-3.1621818701581736e6	-3.253685949669536e6	-3.346168775728622e6	-3.4396905984759983e6	-3.532898962813072e6	-3.626064741754445e6	-3.720861249491568e6	-3.8155650004776292e6	-3.9110879134507324e6	-4.0070063988525635e6	-4.102639443090056e6	-4.199314206269642e6	-4.2970451213390175e6	-4.39427615308185e6	-4.492366429240707e6	-4.59117659969825e6	-4.689649352694983e6	-4.7907858491128385e6	-4.88942778291706e6	-4.99092223496984e6	-5.091956716490476e6
-6.101320143835471e-13	-6.793839351764266e-12	-1.3394980483614241e-11	-2.081836244870927e-11	-2.9517740499488456e-11	-4.002270828316126e-11	-5.2969945171363414e-11	-6.914060134338564e-11	-8.95059394053025e-11	-1.1528380468671817e-10	-1.480090886222422e-10	-1.89622111568316e-10	-2.4257982250975214e-10	-3.0999594331872634e-10	-3.958177373199031e-10	-5.050490347815518e-10	-6.440315998299252e-10	-8.207999969180377e-10	-1.0455289625346701e-9	-1.3310970989043066e-9	-1.6937967150995483e-9	-2.1542271379657416e-9	-2.738418158986884e-9	-3.479241916602521e-9	-4.418185982130778e-9	-5.607578392459979e-9	-7.113377679073316e-9	-9.01866859177826e-9	-1.1428038445443682e-8	-1.447305134212466e-8	-1.831908978544138e-8	-2.3173897655908532e-8	-2.9298237884736225e-8	-3.701917575765857e-8	-4.6746618599087966e-8	-5.8993889453487265e-8	-7.44032920954468e-8	-9.377784421668791e-8	-1.1812062326847924e-7	-1.486834950805152e-7	-1.87027390777118e-7	-2.350967765466255e-7	-2.9531153981383247e-7	-3.7068021342322373e-7	-4.6493929879644695e-7	-5.827244553949726e-7	-7.297805267244284e-7	-9.132188061874668e-7	-1.1418316472612135e-6	-1.426476534054955e-6	-1.7805440968530602e-6	-2.22052733314654e-6	-2.7667125312647003e-6	-3.4440161459731947e-6	-4.282996197660334e-6	-5.3210717096023255e-6	-6.60398930371019e-6	-8.187582372271577e-6	-0.000010139875237231817	-0.000012543592372076323	-0.000015499141019919322	-0.000019128144255839693	-0.00002357761048591185	-0.00002902483420971009	-0.000035683131109957584	-0.00004380851749801109	-0.00005370744892891012	-0.00006574573420940549	-0.00008035873751403947	-0.00009806297094300592	-0.00011946916016634975	-0.00014529683382190892	-0.000176390439486775	-0.00021373692110054435	-0.000258484599812272	-0.0003119630768774447	-0.00037570371748751815	-0.0004514600720551645	-0.0005412273403990604	-0.0006472596790466992	-0.0007720837885686972	-0.0009185067951568461	-0.0010896159613598892	-0.0012887672338452462	-0.0015195590785743267	-0.001785787494547679	-0.002091377579710335	-0.0024402866085414926	-0.002836373354291358	-0.0032832284593253633	-0.0037839611619986035	-0.004340938793401651	-0.004955477352501916	-0.005627484360187325	-0.006355059288040815	-0.0071340623363232965	-0.007957669311362534	-0.00881593881736948	-0.009695427729178393	-0.010578901464139808	-0.011445196051421302	-0.012269298044732896	-0.013022714006205978	-0.013674201063439431	-0.014190920822022602	-0.01454005729159285	-0.014690902173532243	-0.014617355471699742	-0.014300715543359717	-0.013732543505847263	-0.012917290626328855	-0.011874288965205752	-0.010638647729820174	-0.0092605998903844	-0.007802937966359574	-0.006336391869738896	-0.004933144784776734	-0.0036591300960129606	-0.002566226932018258	-0.001685838727895032	-0.0010254190593410382	-0.0005691301545250355	-0.00028291129789067594	-0.00012294115413305734	-0.000045227974777320696	-0.000013485172052063945	-3.0665071321304327e-6	-4.871676596037361e-7	-4.7389387749234685e-8	-2.290266191843079e-9	-3.8568976596720384e-11	-1.1679265346712998e-13	-1.5415274924941462e-17	0.	0.	0.	0.	0.	0.	0.	0.	0.	0.	0.	0.	0.	0.	0.	-143536.70325735552	-312869.14853142167	-432616.8603423223	-537330.0947898027	-634322.1633966776	-727166.3324161933	-816788.6740035929	-905019.129583529	-992281.8923471604	-1.078234243930518e6	-1.1642268618960201e6	-1.2498419289306724e6	-1.3353123799491029e6	-1.4202368839123917e6	-1.5062028237222582e6	-1.5917919973429134e6	-1.6766854633943401e6	-1.7632494443118684e6	-1.848717467085854e6	-1.9356773475098754e6	-2.0229505666825306e6	-2.109977851876862e6	-2.1971611674367147e6	-2.2848878000624888e6	-2.372777785968846e6	-2.461918217865227e6	-2.551065787331385e6	-2.640427342203372e6	-2.7293131667605643e6	-2.82041737790447e6	-2.910720310694083e6	-3.0018463988725333e6	-3.0932400140693313e6	-3.1853872895212453e6	-3.278117746363806e6	-3.3715289134717905e6	-3.4641204510147437e6	-3.5579776635055076e6	-3.6521990209852564e6	-3.7471884643155914e6	-3.842593508401732e6	-3.9380665935378284e6	-4.0346102336234404e6	-4.1308602836503233e6	-4.228157776135677e6	-4.326517169227723e6	-4.424366323829996e6	-4.522952645742326e6	-4.622960899463434e6	-4.7217911945500355e6	-4.821514386293231e6	-4.922339834140081e6	-5.023078477088273e6
-4.891033939264061e-13	-5.44620981924313e-12	-1.0738092389811316e-11	-1.6689422187738507e-11	-2.3664169588932432e-11	-3.2087198916980814e-11	-4.246936813558293e-11	-5.54375668170798e-11	-7.177139848460081e-11	-9.244857933509124e-11	-1.1870160360238913e-10	-1.5208884121342476e-10	-1.9458401819666206e-10	-2.4868902481675705e-10	-3.1757625190279024e-10	-4.052682362523044e-10	-5.16864381445207e-10	-6.588270107182254e-10	-8.393421279882778e-10	-1.0687741660203687e-9	-1.3602388788334303e-9	-1.7303246258143896e-9	-2.199999891551243e-9	-2.795754350709793e-9	-3.551032569061943e-9	-4.508034081435075e-9	-5.719971783117698e-9	-7.253903146413278e-9	-9.194276749835901e-9	-1.1647371234471482e-8	-1.4746846607830846e-8	-1.8660680663258867e-8	-2.3599828439948183e-8	-2.9829022868275557e-8	-3.76802333639319e-8	-4.756942018470143e-8	-6.001737070736131e-8	-7.567558526406828e-8	-9.535840180366273e-8	-1.2008281878454087e-7	-1.5111780432886215e-7	-1.9004527859484872e-7	-2.3883543951931374e-7	-2.999396859662335e-7	-3.7640509609955e-7	-4.7201526482746065e-7	-5.914633182759949e-7	-7.405641350927942e-7	-9.265142477091305e-7	-1.1582096095509636e-6	-1.4466334390029313e-6	-1.8053287343264483e-6	-2.2509728461255427e-6	-2.8040747486694316e-6	-3.489819423230146e-6	-4.33908810967834e-6	-5.389688147090553e-6	-6.687831751836414e-6	-8.289909399750069e-6	-0.000010264610491954646	-0.000012695451662487756	-0.000015683781353243444	-0.000019352337995708713	-0.00002384944806967515	-0.00002935395911158522	-0.00003608101092595367	-0.00004428875513051387	-0.00005428613782234331	-0.00006644186138232596	-0.00008119463768402303	-0.00009906483427161113	-0.00012066759496993278	-0.00014672748389149494	-0.0001780946533114766	-0.0002157624671532624	-0.0002608864179795443	-0.0003148040509346324	-0.0003790554470727609	-0.0004554036147288062	-0.0005458538849662121	-0.0006526711002986757	-0.0007783930209778287	-0.0009258379489778211	-0.0010981040893652898	-0.0012985576411081129	-0.0015308060521730111	-0.0017986523160665345	-0.0021060256726803256	-0.00245688366780208	-0.0028550803075785922	-0.0033041951267765044	-0.0038073185109178554	-0.004366789738274663	-0.0049838861288583405	-0.005658464610301851	-0.006388561140589397	-0.007169958943116081	-0.00799574352116775	-0.008855870913835289	-0.009736785424387448	-0.010621133599859747	-0.011487631684051893	-0.012311152732054405	-0.01306310511605263	-0.013712173716937438	-0.014225485591733783	-0.014570239926745982	-0.014715804370143443	-0.014636224038547885	-0.014313015303485138	-0.01373802709340121	-0.012916056304657055	-0.011866816172377812	-0.010625799856760754	-0.009243585480377618	-0.007783225667055823	-0.0063155813069775205	-0.004912804643413814	-0.0036406246954882975	-0.0025505609464247037	-0.0016735529846072497	-0.0010165650830722666	-0.0005633354327655628	-0.00027952295345257854	-0.00012120985774240149	-0.00004447793448400697	-0.000013220890323228637	-2.99508025152832e-6	-4.7356950132214115e-7	-4.5786072534768647e-8	-2.194867124784656e-9	-3.654771319742529e-11	-1.0884892797155835e-13	-1.3988188247115508e-17	0.	0.	0.	0.	0.	0.	0.	0.	0.	0.	0.	0.	0.	0.	0.	-164469.06318886348	-325515.13604024093	-443764.23965939024	-547902.3320137408	-644861.6538767777	-737386.4168828492	-827915.8694075047	-916223.3742639838	-1.004076533141027e6	-1.0908422322478334e6	-1.1770195686855179e6	-1.2631624185125467e6	-1.3483982397299448e6	-1.4344400434242603e6	-1.5203993744678108e6	-1.6066925428249978e6	-1.6922827404120981e6	-1.778569277807494e6	-1.8655639753494153e6	-1.9520966835134958e6	-2.039423628391998e6	-2.1274567890592976e6	-2.2145148762003174e6	-2.303889423608667e6	-2.391369855126628e6	-2.480823066049909e6	-2.5709021051457566e6	-2.6606243601997956e6	-2.750840974424378e6	-2.841763344000966e6	-2.9319030242283065e6	-3.0248349916432407e6	-3.115600579619889e6	-3.2091702748598712e6	-3.301659437091705e6	-3.395372777469474e6	-3.489250738342137e6	-3.5835074369469583e6	-3.6789766041222443e6	-3.7740584476437657e6	-3.8697349433765253e6	-3.965801473862755e6	-4.0626300052887364e6	-4.159929905581046e6	-4.257447872719796e6	-4.355846928592838e6	-4.45426289486174e6	-4.553903888660093e6	-4.652587842638249e6	-4.753993269465103e6	-4.854058076098291e6	-4.9555920388271e6
-3.9195348060055775e-13	-4.364458718289253e-12	-8.605358295685176e-12	-1.3374961901058897e-11	-1.8965119931740333e-11	-2.5716558911413913e-11	-3.403903529093159e-11	-4.443546073051495e-11	-5.753137202251435e-11	-7.411141404638153e-11	-9.516488996828667e-11	-1.2194292985934008e-10	-1.5603046260122364e-10	-1.994369795933308e-10	-2.547110936372431e-10	-3.2508517464720217e-10	-4.1465795052141005e-10	-5.286249778986142e-10	-6.735694148488202e-10	-8.578286916154183e-10	-1.0919566327009963e-9	-1.3893055277005415e-9	-1.7667588193606677e-9	-2.245652772446512e-9	-2.8529350727502416e-9	-3.622620234463407e-9	-4.597616523398286e-9	-5.8320175182551866e-9	-7.393974273964616e-9	-9.369292351357972e-9	-1.1865932998432996e-8	-1.5019641052185772e-8	-1.900097555633066e-8	-2.402408494661381e-8	-3.0357649718997575e-8	-3.833851513093013e-8	-4.838865875753669e-8	-6.103628753256466e-8	-7.694204213775992e-8	-9.693151032113264e-8	-1.220355233542221e-7	-1.535400414150052e-7	-1.9304783610464069e-7	-2.4255466562282004e-7	-3.04543226853054e-7	-3.8209887806030257e-7	-4.790519785395281e-7	-6.001527133289638e-7	-7.512854917902363e-7	-9.397314623329003e-7	-1.1744894099911102e-6	-1.4666673414595737e-6	-1.8299594602719498e-6	-2.281226043497403e-6	-2.8411970039325268e-6	-3.535323712960903e-6	-4.39480802288935e-6	-5.4578424134145134e-6	-6.7711008360605005e-6	-8.39152616923411e-6	-0.000010388467228075068	-0.000012846225966543893	-0.00001586708378503062	-0.000019574884569927536	-0.00002411926100836573	-0.000029680599491797384	-0.000036475847046806196	-0.00004476527052120176	-0.00005486028278222435	-0.00006713245173524057	-0.0000820238039787274	-0.0001000585238922041	-0.00012185612844302398	-0.000148146164983149	-0.00017978443017296853	-0.00021777063866119793	-0.0002632673753708601	-0.000317620039699915	-0.00038237732768153993	-0.00045931159296868924	-0.0005504381733636828	-0.0006580324611848695	-0.0007846431292840989	-0.0009330994989338436	-0.0011065105542437197	-0.0013082525795676313	-0.0015419418394584951	-0.0018113881645822416	-0.0021205247959822206	-0.0024733094371349523	-0.0028735912536039026	-0.0033249386546375086	-0.0038304232284286322	-0.004392356349458607	-0.0050119769232120515	-0.005689091686745491	-0.0064216736479603825	-0.007205429798318963	-0.008033356280648237	-0.008895307718069467	-0.009777617196002137	-0.010662813932394268	-0.011529496077845954	-0.012352424971435894	-0.013102912580232069	-0.013749573207189288	-0.014259500765311028	-0.014599910583786513	-0.014740246594606828	-0.014654698543079353	-0.014324999339923993	-0.013743283141353303	-0.012914688753046449	-0.011859305827732059	-0.010613005944816636	-0.009226706510569047	-0.007763714664097494	-0.006295017703973473	-0.00489273414861952	-0.003622388298573273	-0.0025351424093292816	-0.0016614772702254407	-0.0010078748034902034	-0.0005576567528256931	-0.0002762083471232892	-0.00011951970889656738	-0.00004374749016549788	-0.000012964261907655516	-2.9259696762961737e-6	-4.604714551379519e-7	-4.425069472513333e-8	-2.104219387167991e-9	-3.464789867255278e-11	-1.015018838353626e-13	-1.2702300441575511e-17	0.	0.	0.	0.	0.	0.	0.	0.	0.	0.	0.	0.	0.	0.	0.	-183116.31631562396	-337384.29905426723	-454535.64795602765	-558016.6592848926	-655461.704462073	-748388.2793465103	-839118.3190835776	-927525.1222156589	-1.0154852911361456e6	-1.102720640791329e6	-1.189366563719354e6	-1.2758388007752027e6	-1.3619237481436552e6	-1.4481904822752585e6	-1.5345189994173248e6	-1.620731884954578e6	-1.7077964787834869e6	-1.794406153830734e6	-1.881348227160608e6	-1.9688836461584559e6	-2.056877264910035e6	-2.145204159321645e6	-2.233296757733406e6	-2.3219094218055992e6	-2.4110691328910966e6	-2.4998327311629415e6	-2.590528325457958e6	-2.680790893154958e6	-2.7718764550915547e6	-2.8632260817805342e6	-2.9539713813498737e6	-3.0469391342233983e6	-3.1388935140342116e6	-3.233082167224707e6	-3.326398100742092e6	-3.42003389995899e6	-3.5138132153044753e6	-3.60864636845582e6	-3.704186172495253e6	-3.8005539988926393e6	-3.896338182607194e6	-3.9938095313186077e6	-4.0902648082215446e6	-4.1877647213562126e6	-4.286323819669144e6	-4.384574539692346e6	-4.484139337636043e6	-4.583941415679014e6	-4.684021557359069e6	-4.784222247455698e6	-4.885615025611867e6
-3.1399871835798964e-13	-3.496438228549569e-12	-6.893980916275561e-12	-1.071526360268631e-11	-1.5194227737046304e-11	-2.0604030498752665e-11	-2.7273221193187016e-11	-3.560511025929084e-11	-4.61014355963591e-11	-5.93916689505831e-11	-7.626961630530605e-11	-9.773936717142905e-11	-1.2507315920900133e-10	-1.5988437353599229e-10	-2.0421969604135476e-10	-2.606755132244058e-10	-3.325449104699505e-10	-4.2400327229207537e-10	-5.403425303035376e-10	-6.882666680153397e-10	-8.762642994152002e-10	-1.1150781488681562e-9	-1.4182962692693407e-9	-1.8030960862821158e-9	-2.2911801492454103e-9	-2.909952174526331e-9	-3.6939940419405986e-9	-4.686919412188851e-9	-5.9436982653674275e-9	-7.533569766945745e-9	-9.543689489774113e-9	-1.2083692432611866e-8	-1.5291397033454696e-8	-1.933992937631344e-8	-2.4446613340214965e-8	-3.088405433969782e-8	-3.899394494883609e-8	-4.9204244183236434e-8	-6.205053347446045e-8	-7.82025373417555e-8	-9.849702255509166e-8	-1.2397856467931823e-7	-1.5595000539231425e-7	-1.9603482985381888e-7	-2.4625418480072916e-7	-3.091218515677701e-7	-3.8776120329717203e-7	-4.860490347788235e-7	-6.087921827248908e-7	-7.619440837253831e-7	-9.528698806481539e-7	-1.1906704241195947e-6	-1.4865775665638199e-6	-1.8544355588659588e-6	-2.3112861845270443e-6	-2.8780785564486964e-6	-3.5805283117823473e-6	-4.450155324193951e-6	-5.525534059774852e-6	-6.853796373162597e-6	-8.49243289956643e-6	-0.000010511446248127892	-0.000012995916909640875	-0.000016049051075616482	-0.000019795788277734363	-0.000024387055659288165	-0.000030004764428598782	-0.0000368676521130284	-0.00004523808093464774	-0.00005542990703015948	-0.00006781753611173365	-0.00008284627693314589	-0.00010104409259111458	-0.00012303482877511966	-0.00014955296455206323	-0.00018145988150354754	-0.00021976157675359222	-0.00026562764972333194	-0.00032041126582747396	-0.00038566963682506935	-0.0004631843509716152	-0.0005549806304727721	-0.0006633442837431997	-0.0007908347519460019	-0.0009402922222862589	-0.0011148362978825794	-0.001317853185304164	-0.001552967804276544	-0.0018239966694771784	-0.002134876886595678	-0.002489566207413133	-0.0028919088874169267	-0.003345462195904647	-0.0038532789819131896	-0.004417642866627398	-0.005039754605238655	-0.0057193711445225545	-0.006454403100657823	-0.00724048196955503	-0.00807051546359068	-0.008934257921881034	-0.00981793254343884	-0.010703952730706307	-0.011570800200248648	-0.012393126319817947	-0.01314214839434524	-0.013786411773526738	-0.014292978587027907	-0.014629081232856082	-0.014764240231328843	-0.014672789452459447	-0.01433667686905315	-0.013748319302630612	-0.012913193796239456	-0.011851761740225938	-0.01060026770498633	-0.009209962640430926	-0.007744402753550501	-0.006274697321068659	-0.0048729284708564	-0.0036044155076462203	-0.002519965892378884	-0.0016496066080118974	-0.00099934405543747	-0.0005520909511141259	-0.00027296532419510524	-0.00011786941574544353	-0.000043035977987264805	-0.00001271500531891462	-2.8590821333511275e-6	-4.478512281056644e-7	-4.277985328548323e-8	-2.018050723764908e-9	-3.286136107895913e-11	-9.470266062750337e-14	-1.1542755233701533e-17	0.	0.	0.	0.	0.	0.	0.	0.	0.	0.	0.	0.	0.	0.	0.	-199841.45967030997	-349349.6721233955	-465136.22556409694	-568973.6563323372	-665624.7257002936	-758755.8568256036	-849877.4744502713	-938988.4996739611	-1.0274074036695887e6	-1.1150279628368348e6	-1.201670749935297e6	-1.2888743282411175e6	-1.375012232509103e6	-1.4623904095264538e6	-1.5488231959515393e6	-1.6353767378036063e6	-1.7228192768079347e6	-1.8099100109331529e6	-1.897578864150178e6	-1.9856294319923823e6	-2.073753870372883e6	-2.162024287908549e6	-2.2511256971935583e6	-2.340772732549784e6	-2.4305780032944754e6	-2.5205488605015376e6	-2.610124600296679e6	-2.7017064350932976e6	-2.7930378272627685e6	-2.885008106145515e6	-2.976367499466041e6	-3.068873254809991e6	-3.162531282215587e6	-3.2553521216908568e6	-3.349161847310006e6	-3.444020695651551e6	-3.5393330372394416e6	-3.6342942476401343e6	-3.7305922092578714e6	-3.827304830589759e6	-3.92353682719186e6	-4.020940558226185e6	-4.1180117571791094e6	-4.216133316930308e6	-4.315319813859542e6	-4.413946925626286e6	-4.514343084674872e6	-4.614478661637231e6	-4.715429792109526e6	-4.816330113372044e6
-2.5146827131765934e-13	-2.8001625555506553e-12	-5.521193458059027e-12	-8.581727040502924e-12	-1.2169223640017954e-11	-1.6502597008164455e-11	-2.184519345465482e-11	-2.852033642742013e-11	-3.6930324865877894e-11	-4.757996549283304e-11	-6.110597012411196e-11	-7.831387235238853e-11	-1.0022453067744614e-10	-1.2813280888635478e-10	-1.6368168654533081e-10	-2.0895588714266878e-10	-2.6660016161715586e-10	-3.399686844880624e-10	-4.3331367543441857e-10	-5.520234344345944e-10	-7.029225772679007e-10	-8.946505091727196e-10	-1.1381382377829723e-9	-1.4472087004989864e-9	-1.8393321114182998e-9	-2.336575722587291e-9	-2.9667972179542506e-9	-3.7651431780684164e-9	-4.775929237690635e-9	-6.05499740616561e-9	-7.672669389367304e-9	-9.7174436935443e-9	-1.2300620091240333e-8	-1.556207925758325e-8	-1.9677499955013956e-8	-2.4867363382792e-8	-3.1408177038183616e-8	-3.964645207836318e-8	-5.001609285516856e-8	-6.306000999428562e-8	-7.945695508248153e-8	-1.0005480286965791e-7	-1.2591178443237486e-7	-1.58347512148555e-7	-1.9900604664716878e-7	-2.4993375134005807e-7	-3.136752784170314e-7	-3.9339175080927026e-7	-4.930060702810241e-7	-6.173813186831001e-7	-7.725394575083476e-7	-9.659290043427831e-7	-1.2067521119985642e-6	-1.5063635397564297e-6	-1.878756433080813e-6	-2.3411526688943566e-6	-2.914718831225291e-6	-3.625432711199632e-6	-4.505129629277961e-6	-5.59276290525879e-6	-6.935918492730431e-6	-8.592630173772304e-6	-0.000010633548777296285	-0.000013144526605989672	-0.000016229686548567922	-0.000020015054064702297	-0.000024652839118134078	-0.00003032646383962929	-0.00003725643971409799	-0.000045707204701662354	-0.00005599503497740264	-0.00006849714667212395	-0.00008366209852614719	-0.00010202159472063506	-0.0001242037658317401	-0.000150947971818163	-0.00018312112055541793	-0.00022173542438551445	-0.0002679674205365889	-0.00032317795357638974	-0.00038893265333644715	-0.00046702223380965804	-0.0005594816813934949	-0.0006686070893080307	-0.0007969685254642389	-0.0009474168926743264	-0.0011230822563820997	-0.0013273605858407744	-0.001563885298422006	-0.001836479443733568	-0.0021490838597499253	-0.002505656241251447	-0.002910035867979048	-0.003365768858165496	-0.0038758893823700874	-0.004442653460289254	-0.005067223960731707	-0.005749308438015048	-0.006486755669767166	-0.007275122384221653	-0.008107228780882145	-0.008972730029908994	-0.009857740753496862	-0.010744560025109942	-0.011611554754224693	-0.012433268045014111	-0.013180824242586672	-0.013822701325321821	-0.014325930957860144	-0.014657763494218178	-0.014787796316507614	-0.0146905068968607	-0.014348056791948208	-0.013753142947398201	-0.012911577019222398	-0.01184418753123373	-0.010587586719703604	-0.009193353463402425	-0.0077252877273049966	-0.006254616470923884	-0.004853382879389637	-0.0035867010564489574	-0.0025050261148005324	-0.0016379361683852354	-0.0009909688059898513	-0.0005466349712115149	-0.0002697918076733113	-0.00011625773606396799	-0.000042342761345384844	-0.000012472851458079809	-2.7943287836108005e-6	-4.356876829933951e-7	-4.137034195763863e-8	-1.9361064079901072e-9	-3.1180534439310687e-11	-8.840671755658845e-14	-1.0496370131525834e-17	0.	0.	0.	0.	0.	0.	0.	0.	0.	0.	0.	0.	0.	0.	0.	-215717.3973740743	-360973.4377703811	-475930.6899067933	-579140.7007271363	-676152.4343468596	-769830.9796078369	-860785.8626006083	-950341.5355434959	-1.0392058158449915e6	-1.1264387127000361e6	-1.214653050730159e6	-1.3011081997293537e6	-1.3885342392759116e6	-1.4762534647789956e6	-1.5630487239559751e6	-1.6506638478825132e6	-1.7378912906187843e6	-1.8253752567549911e6	-1.9134568273555427e6	-2.0018978825171536e6	-2.091205037421688e6	-2.1796410081239557e6	-2.2686062051857645e6	-2.3585786972887386e6	-2.4493040967150126e6	-2.539578322345338e6	-2.630970216071181e6	-2.7212036099893376e6	-2.813973260742557e6	-2.905986712137536e6	-2.998723822000717e6	-3.0918469580871635e6	-3.1852998522218596e6	-3.279346869378433e6	-3.3740850029786387e6	-3.4687976760537876e6	-3.5643773266762877e6	-3.6600869111656556e6	-3.756220714214494e6	-3.8533814409916424e6	-3.9500876279676636e6	-4.047904483180446e6	-4.1465688156202603e6	-4.245341520863439e6	-4.344128966084964e6	-4.443611306443589e6	-4.5439042672349755e6	-4.645135440540824e6	-4.745890230950571e6
-2.0132740393013358e-13	-2.2418417423424266e-12	-4.420384372376315e-12	-6.870850313859438e-12	-9.74340485339956e-12	-1.3213431957717486e-11	-1.749194432852703e-11	-2.2838054086237847e-11	-2.9574218127331285e-11	-3.810512672263018e-11	-4.894130608738935e-11	-6.272876622819019e-11	-8.028635813137645e-11	-1.0265292685015765e-10	-1.3114688131299094e-10	-1.6744147554679218e-10	-2.1365994438641994e-10	-2.724957030563476e-10	-3.4736415882453783e-10	-4.425943619693739e-10	-5.636708270675241e-10	-7.175384890779055e-10	-9.129870523468163e-10	-1.1611351062063687e-9	-1.4760395188805282e-9	-1.8754620298678916e-9	-2.381832946641009e-9	-3.0234617927063564e-9	-3.836057117417781e-9	-4.8646330374934466e-9	-6.165899141862537e-9	-7.811254020993776e-9	-9.890531940296802e-9	-1.2516688361883265e-8	-1.5831654713744572e-8	-2.0013647940023744e-8	-2.5286288286874427e-8	-3.192996233223585e-8	-4.029597090101563e-8	-5.0824127380838814e-8	-6.406462608006213e-8	-8.070518866847565e-8	-1.016047266201792e-7	-1.2783503754026878e-7	-1.6073239353364572e-7	-2.0196129248714767e-7	-2.535931425857994e-7	-3.1820325336382344e-7	-3.9899023272022793e-7	-4.999227613971153e-7	-6.259197607280286e-7	-7.830712161460896e-7	-9.7890840222751e-7	-1.2227340134378836e-6	-1.5260247810493611e-6	-1.9029215978193658e-6	-2.3708250284814734e-6	-2.951117409073124e-6	-3.6700365859089316e-6	-4.559730768686984e-6	-5.6595290202908165e-6	-7.01746761752739e-6	-8.692118915815884e-6	-0.000010754776435945932	-0.000013292057626229325	-0.000016408994052577997	-0.000020232687478009588	-0.000024916619166604296	-0.00003064570842074145	-0.00003764222431720652	-0.000046172661136551793	-0.00005655569212906672	-0.00006917131678293961	-0.00008447131205340403	-0.0001029910860534981	-0.00012536301098846272	-0.00015233127757770224	-0.00018476826218787157	-0.00022369232609876726	-0.0002702868688058028	-0.00032592032851455497	-0.00039216665704476934	-0.000470825587074605	-0.0005639417510605095	-0.0006738213981001919	-0.0008030450839501148	-0.0009544742796687153	-0.0011312493596033536	-0.0013367758996984335	-0.0015746956612181957	-0.0018488380835585453	-0.002163147608621726	-0.0025215817728107747	-0.0029279748181145386	-0.003385861703745452	-0.0038982579848122357	-0.004467392232501515	-0.005094389692707242	-0.005778908922558836	-0.006518737409090961	-0.007309357832278219	-0.008143503784045323	-0.009010732363998547	-0.009897050905661623	-0.010784645613574945	-0.011651770185616452	-0.01247286113414618	-0.013218951507242567	-0.013858453452486274	-0.014358369446866023	-0.014685968650339835	-0.014810925550665516	-0.014707860682130178	-0.014359147706810878	-0.013757761174825116	-0.012909843777886537	-0.011836586643669617	-0.010574964450041954	-0.009176878511885811	-0.007706367375714876	-0.0062347715188287404	-0.004834092740488337	-0.0035692398065925914	-0.002490317938775918	-0.0016264612638111687	-0.0009827451494978118	-0.0005412858595813268	-0.0002666857949746728	-0.00011468347501775256	-0.00004166722956573627	-0.000012237542983813545	-2.731624980628827e-6	-4.239607703828722e-7	-4.001913676617537e-8	-1.8581479944927473e-9	-2.9598409805574454e-11	-8.257342430672233e-14	-9.551407003741612e-18	0.	0.	0.	0.	0.	0.	0.	0.	0.	0.	0.	0.	0.	0.	0.	-231002.60384787145	-372405.04857610207	-486444.050911336	-589645.7759121512	-686441.6428485595	-780345.4829914978	-871763.5668841777	-961508.8024589514	-1.0503013998833648e6	-1.1388323471693627e6	-1.2267819513154794e6	-1.3144117536127244e6	-1.4017310252331202e6	-1.4896228094676088e6	-1.577460566281244e6	-1.6654155552612704e6	-1.7527395071842775e6	-1.8415009750945324e6	-1.9305959852832486e6	-2.0187410494572106e6	-2.107271922448445e6	-2.197530472278619e6	-2.2871120460787863e6	-2.378075193890915e6	-2.4679968673344506e6	-2.559323700213136e6	-2.650979698948332e6	-2.7426480612726784e6	-2.834875825349808e6	-2.9274989562476883e6	-3.0200571948310905e6	-3.11377059179825e6	-3.208645057187142e6	-3.302450274106171e6	-3.398088538674771e6	-3.4933041830559806e6	-3.5890814929937893e6	-3.6851266475073886e6	-3.7828094868827495e6	-3.879898528405115e6	-3.9776086051822067e6	-4.0758089452063576e6	-4.174133912227733e6	-4.2735211315127555e6	-4.373368971471293e6	-4.4735037064175485e6	-4.573989882673118e6	-4.676106040341496e6
-1.611347909135907e-13	-1.7942928931180678e-12	-3.5379659334049137e-12	-5.499365658833182e-12	-7.798743497659392e-12	-1.0576563684644184e-11	-1.4001849806315047e-11	-1.828218581352068e-11	-2.3675945259533337e-11	-3.050744686235058e-11	-3.918589731908345e-11	-5.022919222352654e-11	-6.42939141218287e-11	-8.221320732744822e-11	-1.0504464005556133e-10	-1.3413070823066115e-10	-1.7117532015076107e-10	-2.1834046253634816e-10	-2.783683303702759e-10	-3.547355606045372e-10	-4.5184791175908176e-10	-5.752858633399938e-10	-7.321142768052776e-10	-9.312725956981549e-10	-1.1840662298670253e-9	-1.5047849702123642e-9	-1.9114807667232642e-9	-2.4269452835399362e-9	-3.0799377026900924e-9	-3.906725754079619e-9	-4.9530184830375124e-9	-6.276388540719629e-9	-7.949305670787723e-9	-1.0062932638709886e-8	-1.2731871416565294e-8	-1.6100092593951286e-8	-2.0348336680547655e-8	-2.5703344563718657e-8	-3.244935875486523e-8	-4.0942440674186476e-8	-5.162827627768739e-8	-6.506429787169746e-8	-8.194714005074759e-8	-1.0314667959173656e-7	-1.2974819150008265e-7	-1.6310449652785116e-7	-2.0490039156421868e-7	-2.5723215771717943e-7	-3.2270554854629835e-7	-4.045563924877901e-7	-5.067988219318976e-7	-6.344071930830829e-7	-7.935390159042033e-7	-9.918077064619986e-7	-1.238615743462883e-6	-1.5455608995903851e-6	-1.9269306734058303e-6	-2.4003029195894153e-6	-2.987274017313727e-6	-3.7143397827206644e-6	-4.61395877464506e-6	-5.7258327109746645e-6	-7.09844444492658e-6	-8.790900368627984e-6	-0.000010875131213674	-0.000013438512966841925	-0.00001658697792549846	-0.000020448694624243397	-0.000025178404223027275	-0.00003096250958836134	-0.000038025021200167235	-0.000046634470459254196	-0.00005711190499404583	-0.00006984008091306852	-0.00008527396200810532	-0.00010395262364638387	-0.00012651263697542289	-0.0001537029740269244	-0.00018640142266832947	-0.00022563242779868916	-0.0002725861767728345	-0.0003286386172431594	-0.00039537192847251024	-0.00047459475654855314	-0.0005683612638883025	-0.0006789877288494448	-0.0008090650587298574	-0.0009614651483642305	-0.001139338530758755	-0.0013461002359970349	-0.0015854002191448252	-0.0018610741680601703	-0.00217707000408595	-0.0025373450076555206	-0.002945728324514149	-0.003405743749903843	-0.003920388288709991	-0.004491863217622961	-0.005121256422535833	-0.005808177856032766	-0.0065503542572796745	-0.007343194969006723	-0.008179347868719565	-0.00904827306748995	-0.009935871877283025	-0.010824219067862734	-0.011691456690286199	-0.0125119163018123	-0.01325654127786887	-0.013893679435595717	-0.014390305302142971	-0.01471370765750049	-0.014833638310669802	-0.01472486030191876	-0.014369957920844284	-0.013762180824302288	-0.012907999209167574	-0.011828962350638045	-0.010562402242512136	-0.00916053726192318	-0.00768763949001961	-0.006215158882900052	-0.004815053515621174	-0.0035520267441488586	-0.002475836364972473	-0.0016151773438925088	-0.0009746693028396745	-0.0005360407614769772	-0.00026364535478619886	-0.00011314548304336631	-0.00004100879667373273	-0.00001200883371861196	-2.6708900439671982e-6	-4.1265146520944594e-7	-3.872338440864169e-8	-1.7839521686816294e-9	-2.8108490587491337e-11	-7.716569314204777e-14	-8.697419935476556e-18	0.	0.	0.	0.	0.	0.	0.	0.	0.	0.	0.	0.	0.	0.	0.	-245336.4627580788	-383657.99289578444	-496818.0588416505	-599570.6569757765	-696707.6734893664	-790931.3006274283	-882728.4893703178	-973177.0279661859	-1.061913058776419e6	-1.1507103150061767e6	-1.2396607240783733e6	-1.3276215637316613e6	-1.4154871153063017e6	-1.5035922843113274e6	-1.5917919973429134e6	-1.6797827981230498e6	-1.7682281654508414e6	-1.8572118530242317e6	-1.946296198302644e6	-2.035156974137622e6	-2.124825939470446e6	-2.214473787578831e6	-2.3055051106483056e6	-2.39602789738918e6	-2.4872258824345735e6	-2.57926199689985e6	-2.670465164228633e6	-2.762980351427347e6	-2.8553312391786375e6	-2.9491298727402855e6	-3.0422977254121727e6	-3.1366251826706687e6	-3.2315032248435486e6	-3.326750011804037e6	-3.4216134165597376e6	-3.5177943811767893e6	-3.6140171988364505e6	-3.711096114140118e6	-3.8083486585284662e6	-3.905667352015484e6	-4.004980704476974e6	-4.102865085845045e6	-4.20180259321654e6	-4.301807919909557e6	-4.402895693368378e6	-4.503362729953016e6	-4.604053537533948e6
-1.2892726671044822e-13	-1.4356570316540804e-12	-2.8308451030188407e-12	-4.400310678360172e-12	-6.240319978766731e-12	-8.463334346241811e-12	-1.1204699944474957e-11	-1.463066538028613e-11	-1.8948187971046392e-11	-2.4417089570660028e-11	-3.136525388404085e-11	-4.020772622512169e-11	-5.1470792745094307e-11	-6.582239052970246e-11	-8.411054743185157e-11	-1.0741198902369207e-10	-1.3709360263198254e-10	-1.7489014372472611e-10	-2.2300244373227074e-10	-2.8422147541787627e-10	-3.6208500808715697e-10	-4.610753094773722e-10	-5.868685107999968e-10	-7.466489533007614e-10	-9.495052123727224e-10	-1.206928713940324e-9	-1.5334411223154794e-9	-1.9473832423302603e-9	-2.4719063541301158e-9	-3.1362170727506958e-9	-3.977139472054103e-9	-5.041073919192351e-9	-6.3864515504753105e-9	-8.086807464270732e-9	-1.0234625591525143e-8	-1.2946145149909844e-8	-1.6367364204585463e-8	-2.0681532109382218e-8	-2.6118491871516058e-8	-3.296631866313518e-8	-4.1585805293425216e-8	-5.242847367984182e-8	-6.605894830117e-8	-8.318271938290913e-8	-1.0468055746283647e-7	-1.316511257265702e-7	-1.654636824491397e-7	-2.0782318529545523e-7	-2.6085061658314393e-7	-3.271819608690107e-7	-4.1009000320168304e-7	-5.136340010900045e-7	-6.428433421951303e-7	-8.039425633272052e-7	-1.004626608972896e-6	-1.2543969880143338e-6	-1.5649715885081447e-6	-1.95078337941493e-6	-2.4295861155621335e-6	-3.023188520976728e-6	-3.758342310071223e-6	-4.667813868579199e-6	-5.791674504279977e-6	-7.17884992935378e-6	-8.888976073337927e-6	-0.000010994615444792516	-0.000013583896021271873	-0.00001676364296039489	-0.000020663082129596257	-0.000025438203295803832	-0.00003127687942518127	-0.00003840484638824464	-0.00004709265372208187	-0.00005766370100033069	-0.00007050347453620002	-0.00008607009396898204	-0.00010490626571192714	-0.00012765271773163906	-0.00015506315459705005	-0.00018802071948641785	-0.00022755587654584825	-0.0002748655276943741	-0.0003313330471404743	-0.00039854874855467536	-0.00047833008789894296	-0.0005727406434436575	-0.0006841065984472953	-0.0008150290779822746	-0.0009683902590090775	-0.001147350686042224	-0.0013553346940988118	-0.0015960002855109252	-0.0018731892589705246	-0.0021908528945142978	-0.0025529481228051933	-0.0029632989377862094	-0.003425417969075018	-0.003942283738474382	-0.004516070383099138	-0.0051478286910974225	-0.005837120400457255	-0.006581612039953701	-0.007376640317742192	-0.008214768278084202	-0.009085360109418957	-0.009974212348629361	-0.010863289739496875	-0.011730624221046721	-0.012550443997996636	-0.013293604360159552	-0.01392839025565469	-0.014421749461372754	-0.014740991156947037	-0.014855944661263686	-0.014741514949293742	-0.014380495461601453	-0.013766408486142453	-0.012906048240692285	-0.011821317763635843	-0.01054990133547973	-0.009144329137577574	-0.007669101864563793	-0.0061957750341806415	-0.004796260759649505	-0.0035350569763264155	-0.0024615765282252804	-0.0016040799906499614	-0.0009667376008764702	-0.0005308969170350758	-0.00026066862407547183	-0.00011164265383672149	-0.00004036690023031572	-0.00001178648808890853	-2.6120470463106526e-6	-4.0174170742348486e-7	-3.7480391461660324e-8	-1.7133096850362633e-9	-2.6704751747798495e-11	-7.214964781302476e-14	-7.925099416219533e-18	0.	0.	0.	0.	0.	0.	0.	0.	0.	0.	0.	0.	0.	0.	0.	-259042.58265410786	-394529.7656772365	-507055.5499787159	-609992.511768066	-707129.8607545788	-801588.432517693	-893606.9896497019	-983967.2465363179	-1.0734988435574453e6	-1.1632295345532557e6	-1.2513378209609652e6	-1.3405794041514997e6	-1.4284641931456695e6	-1.5170608782172464e6	-1.6056831153751595e6	-1.6946346883691063e6	-1.7833143094734708e6	-1.8725750808788494e6	-1.962316860790358e6	-2.0518309987173907e6	-2.141875467230059e6	-2.232228290830274e6	-2.323112417872e6	-2.4149325677329586e6	-2.506076029189689e6	-2.5979632133127158e6	-2.689998447806714e6	-2.783425676320425e6	-2.8766635880054017e6	-2.9710870337795974e6	-3.0648731402213317e6	-3.1598233387705595e6	-3.2539490294623803e6	-3.349073815792909e6	-3.4452578662730725e6	-3.541905095994697e6	-3.6393724889378147e6	-3.736239001635713e6	-3.8339321933393367e6	-3.9329008299269923e6	-4.031682198353354e6	-4.1301828792146454e6	-4.229742423048184e6	-4.33037554860325e6	-4.430594740262656e6	-4.53327584508383e6
-1.0312679220660524e-13	-1.1483632814660151e-12	-2.2643818664561395e-12	-3.5198566526692343e-12	-4.99182885421969e-12	-6.770311380284548e-12	-8.963648791854488e-12	-1.1704942614463885e-11	-1.5159911930285913e-11	-1.9536639683958732e-11	-2.509776059261384e-11	-3.21757825935791e-11	-4.119240766336299e-11	-5.268293890840973e-11	-6.732714072804236e-11	-8.598827233291883e-11	-1.0976246054915447e-10	-1.4004113875775388e-10	-1.7858998419436926e-10	-2.2764867179421586e-10	-2.9005687471530415e-10	-3.69413336010841e-10	-4.702765828747676e-10	-5.984180419388009e-10	-7.611410497880316e-10	-9.676826719750923e-10	-1.2297195134755315e-9	-1.5620040305260699e-9	-1.9831644940557372e-9	-2.5167100244577964e-9	-3.192292406124386e-9	-4.047289178117093e-9	-5.128788375498411e-9	-6.496074989685251e-9	-8.223743615595667e-9	-1.0405591947987541e-8	-1.3159487110627253e-8	-1.663344287465713e-8	-2.101320262464556e-8	-2.6531692866217942e-8	-3.348079805245428e-8	-4.222601306315495e-8	-5.322465905656746e-8	-6.704850674808975e-8	-8.441184460092905e-8	-1.0620626529372914e-7	-1.335437309301897e-7	-1.6780982619827418e-7	-2.1072953140946375e-7	-2.6444835859452373e-7	-3.316323106633469e-7	-4.155908659658074e-7	-5.204280815243945e-7	-6.51227974383433e-7	-8.142816124097012e-7	-1.017364858054589e-6	-1.2700774998691974e-6	-1.5842566200237809e-6	-1.974479528822385e-6	-2.4586744997973674e-6	-3.058860914462263e-6	-3.802044328092624e-6	-4.721296449312387e-6	-5.857055134028932e-6	-7.258685265686595e-6	-8.986347849645083e-6	-0.000011113231785167841	-0.000013728210552656524	-0.00001693899437351371	-0.000020875857102326364	-0.000025696025939525158	-0.00003158883062900221	-0.000038781716594686144	-0.000047547232740801116	-0.000058211108415399687	-0.00007116153403919259	-0.00008685975449523533	-0.00010585207149871937	-0.00012878332826858608	-0.0001564119137999319	-0.00018962627118026995	-0.00022946282036174543	-0.0002771251056260261	-0.0003340038461236769	-0.0004016973983783391	-0.00048203192639652466	-0.0005770803121437002	-0.0006891785216281178	-0.0008209377664076458	-0.0009752503666681601	-0.0011552867342961063	-0.001364480363291167	-0.0016064971601694573	-0.0018851849004121023	-0.0022044981056186345	-0.002568393266105769	-0.0029806891725511057	-0.0034448872891498826	-0.0039639477239760915	-0.004540017630276104	-0.005174110959954231	-0.005865741623597933	-0.006612516471814171	-0.007409700272570065	-0.0082497721062243	-0.009122001288629281	-0.010012080807817878	-0.01090186676557159	-0.01176928249438939	-0.012588454415727587	-0.013330151284516213	-0.01396259660351485	-0.014452712561975525	-0.014767829485615416	-0.014877854366130159	-0.014757833527862033	-0.01439076808783527	-0.013770450511786589	-0.012903995599957245	-0.011813655840332851	-0.010537462865224324	-0.009128253515033376	-0.00765075229883024	-0.006176616496646598	-0.004777710119023785	-0.0035183257282313755	-0.002447533693365418	-0.0015931649139857844	-0.0009589464920988645	-0.0005258516575454189	-0.00025775380524440956	-0.00011017392244337234	-0.00003974100023024425	-0.000011570280596890869	-2.555022613402238e-6	-3.9121434647902393e-7	-3.628761434038345e-8	-1.6460243867909152e-9	-2.538160250558106e-11	-6.749432570032964e-14	-7.226147363698905e-18	0.	0.	0.	0.	0.	0.	0.	0.	0.	0.	0.	0.	0.	0.	0.	-271818.6708864149	-405010.32382555865	-516908.86977768404	-620079.6401321026	-717654.491499129	-811663.4579823088	-904460.3810042535	-994941.756768086	-1.085185388161035e6	-1.1748644703305443e6	-1.2639058705304582e6	-1.3532189520126246e6	-1.4416154492875251e6	-1.5311367726545196e6	-1.6199682003734333e6	-1.7089582171676853e6	-1.7989067158390938e6	-1.8877819246898564e6	-1.9785454287790377e6	-2.0689805808344765e6	-2.1595298990425556e6	-2.25025984888023e6	-2.3415622137345322e6	-2.433047079551254e6	-2.5247191606185543e6	-2.617150165159469e6	-2.709866782820275e6	-2.8041817472057855e6	-2.897763205453415e6	-2.9922195451306473e6	-3.086601600511407e6	-3.182152109443818e6	-3.27750318485648e6	-3.3735561568737836e6	-3.46959380886295e6	-3.566507881908353e6	-3.663927726548089e6	-3.7622751969618336e6	-3.8601320737909535e6	-3.958816338853588e6	-4.0583638833702393e6	-4.15793031821265e6	-4.258127555927024e6	-4.358920425543952e6	-4.460596248644789e6
-8.246539024962873e-14	-9.18293104716337e-13	-1.8107418344198087e-12	-2.8147492868026075e-12	-3.991952265992956e-12	-5.414374044412534e-12	-7.168717447818678e-12	-9.361512344257053e-12	-1.2125414412417067e-11	-1.562701678249489e-11	-2.007662095523675e-11	-2.5740522843509178e-11	-3.2956509719192484e-11	-4.2153441832169565e-11	-5.38760178325807e-11	-6.881610797230071e-11	-8.785239817913321e-11	-1.1210054048479485e-10	-1.4297657425845336e-10	-1.8227709785020204e-10	-2.3228056819082376e-10	-2.9587523248162405e-10	-3.7672060843127973e-10	-4.794511986184975e-10	-6.099333387997064e-10	-7.755888491895374e-10	-9.858026179989109e-10	-1.2524355667602973e-9	-1.590469836014233e-9	-2.0188197463599998e-9	-2.5613504526199025e-9	-3.2481566116584215e-9	-4.117166311822387e-9	-5.216151560374917e-9	-6.605246526677244e-9	-8.360099391016918e-9	-1.0575814150824617e-8	-1.3371876430235978e-8	-1.689830386370362e-8	-2.1343318973437385e-8	-2.6942913056526337e-8	-3.399275637737835e-8	-4.2863016476457723e-8	-5.4016776942670426e-8	-6.803290871054314e-8	-8.563444102209681e-8	-1.0772371703861583e-7	-1.3542590852463026e-7	-1.7014281554012793e-7	-2.1361930307567502e-7	-2.680252416703754e-7	-3.3605644041399795e-7	-4.2105880836076335e-7	-5.271808774824966e-7	-6.595608936070336e-7	-8.245559619110074e-7	-1.0300222551435084e-6	-1.2856570947711903e-6	-1.6034158408157787e-6	-1.998019022460497e-6	-2.4875680591247154e-6	-3.0942913136442028e-6	-3.845446139211606e-6	-4.774407081890449e-6	-5.921975527641024e-6	-7.337951873558346e-6	-9.083017777269514e-6	-0.000011230983190343944	-0.000013871460668081982	-0.000017113037774054403	-0.000021087027097353695	-0.000025951882213613343	-0.00003189837646454786	-0.00003915564916474551	-0.00004799823002980886	-0.000058754156271397325	-0.00007181429663601931	-0.0000876429910279475	-0.00010679010117883962	-0.0001299045445424635	-0.00015774934708371707	-0.0001912181971743262	-0.00023135340804764987	-0.00027936509522133316	-0.00033665124242765134	-0.00040481815894129175	-0.00048570061665468135	-0.0005813806909777963	-0.0006942040106766982	-0.0008267917449255791	-0.0009820462209180277	-0.0011631475767123044	-0.0013735383225060662	-0.0016168921292704736	-0.001897062618704314	-0.0022180074403350936	-0.002583682556933916	-0.0029979015075748865	-0.003464154593793701	-0.003985383581095751	-0.0045637087952385726	-0.005200107612538784	-0.005894046500570859	-0.00664307315873848	-0.007442381100988653	-0.008284366301436972	-0.009158204237796733	-0.010049485555624658	-0.010939959074402233	-0.011807440997010355	-0.01262595749849314	-0.013366192314329686	-0.013996308888958453	-0.014483204950887068	-0.014794232686437491	-0.014899376898509079	-0.01477382466242579	-0.014400783299872013	-0.013774313023542244	-0.012901845823065848	-0.011805979391953401	-0.01052508787166015	-0.009112309726437295	-0.007632588599298486	-0.006157679847133204	-0.0047593973299855236	-0.003501828339710808	-0.0024337032511894344	-0.001582427947322574	-0.0009512925344573773	-0.000520902401888841	-0.0002548991634186779	-0.00010873826344498909	-0.00003913057805895651	-0.00001135999532203539	-2.4997467359473714e-6	-3.810530893785393e-7	-3.514264995392637e-8	-1.5819123002436434e-9	-2.413385222454305e-11	-6.317140884185271e-14	-6.593138819097009e-18	0.	0.	0.	0.	0.	0.	0.	0.	0.	0.	0.	0.	0.	0.	-48033.225082412224	-284761.9918773776	-415709.0822185504	-527361.1716749823	-629689.7271007791	-727528.8969449088	-822458.9209803893	-914710.8649902039	-1.0063615196726038e6	-1.0966589371493906e6	-1.1869151131677616e6	-1.2762294971444577e6	-1.365584533748534e6	-1.4551366228163387e6	-1.5447046157800448e6	-1.634228461966493e6	-1.7237817399708848e6	-1.8139462224811004e6	-1.9034838965862717e6	-1.9943481206432048e6	-2.0850604400096969e6	-2.175754991172975e6	-2.2673263508966374e6	-2.3589531074676127e6	-2.451357368229099e6	-2.544441413496608e6	-2.636444944128125e6	-2.730038922316954e6	-2.8241523441589302e6	-2.9188280984785035e6	-3.013898067257882e6	-3.1088906242734566e6	-3.2037086765897535e6	-3.3001656338421204e6	-3.3971180603471007e6	-3.4936583475394533e6	-3.5912499411812653e6	-3.6893474648101656e6	-3.787191668683871e6	-3.886186937497158e6	-3.9856394584508943e6	-4.085527941407148e6	-4.1852772017676225e6	-4.286097099777369e6	-4.38800238671997e6
-6.592460747306138e-14	-7.341062615399027e-13	-1.447567629336612e-12	-2.250244575801071e-12	-3.1914348732145568e-12	-4.328750101522576e-12	-5.731553085972011e-12	-7.485080317371722e-12	-9.695487490701561e-12	-1.2496108352063836e-11	-1.605528518016962e-11	-2.0586217229553442e-11	-2.6359386063498986e-11	-3.3718259854056917e-11	-4.3099160196530674e-11	-5.505640427805594e-11	-7.02941246376985e-11	-8.970653324584749e-11	-1.1442885547789132e-10	-1.4590173641581553e-10	-1.8595264665487357e-10	-2.3689872450022015e-10	-3.016766325471108e-10	-3.8400643673502823e-10	-4.885983070924712e-10	-6.214130805739487e-10	-7.899905288802285e-10	-1.0038626752490768e-9	-1.2750738746505485e-9	-1.618834822495717e-9	-2.0543444489475338e-9	-2.605822111256355e-9	-3.3038030126005323e-9	-4.186762841755441e-9	-5.30315384531128e-9	-6.713954651533274e-9	-8.49586106788191e-9	-1.0745275880890442e-8	-1.3583293751369265e-8	-1.716192427107596e-8	-2.1671854138644533e-8	-2.7352120663897553e-8	-3.450215637943645e-8	-4.349677200414449e-8	-5.480477668080424e-8	-6.901209549092261e-8	-8.685044096262785e-8	-1.0923283508087986e-7	-1.3729757006265145e-7	-1.724625504196955e-7	-2.1649238807602606e-7	-2.715811412360549e-7	-3.4045421354841e-7	-4.2649368298296894e-7	-5.338922330453297e-7	-6.678419393448732e-7	-8.347654528063632e-7	-1.04259865175762e-6	-1.3011356477607744e-6	-1.6224491676251913e-6	-2.021401843763276e-6	-2.5162668775318016e-6	-3.12947994839202e-6	-3.888548179250025e-6	-4.827146487009852e-6	-5.986436793595847e-6	-7.416651382518987e-6	-9.178988178422791e-6	-0.000011347872894879579	-0.000014013650794279758	-0.000017285779135650835	-0.000021296600082876037	-0.000026205782643343102	-0.00003220553071808212	-0.000039526662023000236	-0.00004844566874116797	-0.00005929287429482325	-0.00007246180028697922	-0.00008841985179761227	-0.00010772041574245883	-0.0001310164433346482	-0.0001590755506979329	-0.00019279661762793316	-0.00023322778901575084	-0.00028158568154483337	-0.0003392754643996277	-0.0004079113109285558	-0.0004893365023888056	-0.0005856421992517236	-0.0006991835751604124	-0.0008325916303999782	-0.0009887785655712323	-0.001170934106565106	-0.0013825096400731346	-0.001627186465049714	-0.0019088239222067648	-0.0022313826787454666	-0.0025988180862545405	-0.003014938385938589	-0.003483222722796577	-0.004006594592302237	-0.004587147649668921	-0.005225822955352712	-0.005922039915446491	-0.0066732875998589975	-0.007474688946534779	-0.008318557669476838	-0.00919397642736539	-0.010086434710174227	-0.010977575391019902	-0.011845108992144015	-0.012662962947421107	-0.013401737453982739	-0.014029537249463136	-0.014513236693974266	-0.014820210518249825	-0.01492052145138795	-0.014789496709191436	-0.014410548349533238	-0.013778001923879166	-0.012899603263045793	-0.011798291090281413	-0.010512777303740367	-0.009096497063494026	-0.007614608581142992	-0.0061389617151858065	-0.004741318216779358	-0.003485560262278647	-0.0024200807145653242	-0.0015718650434098612	-0.0009437723913671356	-0.0005160466531343156	-0.00025210302386561033	-0.0001073346892365642	-0.0000385351355045326	-0.000011155425450846463	-2.4461525926947283e-6	-3.712424520235136e-7	-3.4043227004159036e-8	-1.520800797543127e-9	-2.2956679194715233e-11	-5.915498194070099e-14	-6.019477452168715e-18	0.	0.	0.	0.	0.	0.	0.	0.	0.	0.	0.	0.	0.	0.	-89394.53303422779	-297003.8322607178	-426241.70282739145	-537423.4175690846	-639932.6603169877	-737509.2378697017	-832576.3182909769	-925631.7919892546	-1.0173666404957216e6	-1.1084235716543347e6	-1.1986571533118172e6	-1.2889099698613107e6	-1.3788269238322084e6	-1.4679415720417032e6	-1.557907523532379e6	-1.648108450146806e6	-1.7382802280102938e6	-1.8287576507810534e6	-1.9198661159098793e6	-2.010860852622789e6	-2.101225558836062e6	-2.1929371406295453e6	-2.285218637186924e6	-2.37803351426718e6	-2.4701269576620497e6	-2.5631660702550956e6	-2.656036544752665e6	-2.7507127142692073e6	-2.844643013132953e6	-2.9394337619561222e6	-3.0351143627102054e6	-3.1313033283172334e6	-3.2261069124078522e6	-3.324022701073896e6	-3.420298796191597e6	-3.5177057595395977e6	-3.615262107524537e6	-3.7136834542437475e6	-3.8128463913461743e6	-3.9121203594659884e6	-4.0116429882009523e6	-4.1123686701732683e6	-4.212738832715381e6	-4.314185398265048e6
-5.268671418004243e-14	-5.866974710869595e-13	-1.1569078220770455e-12	-1.798444778549399e-12	-2.550725646323207e-12	-3.4598203939431815e-12	-4.581203096726904e-12	-5.983052329437653e-12	-7.750291491308425e-12	-9.989601810140099e-12	-1.2835695565759186e-11	-1.6459207798656712e-11	-2.107665525980691e-11	-2.6963026538562548e-11	-3.4467713254870234e-11	-4.403467682082192e-11	-5.622797819846061e-11	-7.17640917802216e-11	-9.155279422817057e-11	-1.1674888424514468e-10	-1.488175738173467e-10	-1.896171256799284e-10	-2.415032331319161e-10	-3.074607937422544e-10	-3.9127017629233445e-10	-4.977168931657371e-10	-6.328558584114402e-10	-8.043442471712421e-10	-1.021860513816844e-9	-1.2976315464552356e-9	-1.6470954472853302e-9	-2.089734295315397e-9	-2.650119795189273e-9	-3.359225344295637e-9	-4.256071253690375e-9	-5.389786243383756e-9	-6.822188644383872e-9	-8.631015891664468e-9	-1.0913962001383063e-8	-1.3793721157077955e-8	-1.7424282947630413e-8	-2.1998783229614503e-8	-2.7759286487982926e-8	-3.50089639221734e-8	-4.4127239893093105e-8	-5.558861217544741e-8	-6.998601389628571e-8	-8.80597833732495e-8	-1.1073354979044426e-7	-1.3915863669904683e-7	-1.7476894231127015e-7	-2.193486880171432e-7	-2.751159492706186e-7	-3.4482551328626625e-7	-4.3189536605670946e-7	-5.405620204551054e-7	-6.760709845831793e-7	-8.449099658678846e-7	-1.0550939465927339e-6	-1.316513089694448e-6	-1.6413565830892637e-6	-2.044628053786578e-6	-2.544771130221156e-6	-3.1644271554891468e-6	-3.9313510090010095e-6	-4.879515531014174e-6	-6.0504402095759995e-6	-7.494785618007377e-6	-9.274261601246026e-6	-0.000011463904392834489	-0.000014154785654685908	-0.000017457224769466476	-0.000021504584408893145	-0.000026457738183115865	-0.000032510307654676866	-0.00003989477362377906	-0.00004888957260728404	-0.00005982729284047917	-0.00007310408362285527	-0.00008919038573741574	-0.00010864307689912293	-0.00013211910213983689	-0.00016039062156740405	-0.00019436165329407047	-0.0002350861131319039	-0.0002837870498982613	-0.0003418767403087315	-0.00041097713450563686	-0.0004929399261944165	-0.0005898652543526889	-0.0007041177216844377	-0.0008383380353892087	-0.0009954481384281428	-0.0011786472089735287	-0.001391395373504264	-0.0016373814256502805	-0.0019204703011965266	-0.0022446255780330534	-0.0026138019159258515	-0.003031802215239512	-0.0035020944724528753	-0.004027583987254867	-0.004610337901723164	-0.005251261219173524	-0.005949726662849302	-0.006703165189621819	-0.007506629831370874	-0.008352352876740906	-0.009229325169396202	-0.010122936211512192	-0.01101472424251538	-0.011882295525708506	-0.012699480228231355	-0.013436796456585604	-0.0140622915586563	-0.014542817585104454	-0.014845772465322513	-0.014941296947285514	-0.014804857765555662	-0.014420070249626826	-0.013781522904302013	-0.01289727209777024	-0.011790593474309888	-0.010500532024561818	-0.009080814780833689	-0.00759681006978089	-0.006120458782844621	-0.004723468689877105	-0.0034695170561219795	-0.002406661714670243	-0.0015614722702916375	-0.0009363828278792077	-0.0005112819952875533	-0.0002493637695337395	-0.0001059622483892895	-0.00003795419382151282	-0.000010956372830673081	-2.3941763839595124e-6	-3.617677136396522e-7	-3.2987197879510906e-8	-1.4625278223494528e-9	-2.1845602044526472e-11	-5.542131370877764e-14	-5.499242146800344e-18	0.	0.	0.	0.	0.	0.	0.	0.	0.	0.	0.	0.	0.	0.	-117043.25411929868	-308766.42449973983	-436638.14498247515	-547333.9621025744	-649945.8168030238	-748190.1061550509	-842727.277188975	-936403.0929541719	-1.0283900199573234e6	-1.119776929520899e6	-1.2107804127798642e6	-1.300786524175618e6	-1.3914195863677713e6	-1.481733449393606e6	-1.571509158980741e6	-1.6624653293799977e6	-1.7527395071842775e6	-1.843473868368853e6	-1.9345156016599305e6	-2.0261364387367442e6	-2.118253270620927e6	-2.210734723023027e6	-2.302072200599492e6	-2.3955688647260736e6	-2.4884444298112225e6	-2.5821805245241513e6	-2.6761183264083634e6	-2.7708918968952736e6	-2.8652485272502583e6	-2.9609370874418393e6	-3.0559393358819284e6	-3.1521172277164115e6	-3.2494766729838164e6	-3.3459046811773144e6	-3.4434021103407796e6	-3.541372945907413e6	-3.640173563263363e6	-3.73889599719105e6	-3.8386964030567203e6	-3.93775215575283e6	-4.0378986424651104e6	-4.139034956510288e6	-4.240019312314644e6
-4.209538240905436e-14	-4.68758595615311e-13	-9.243539027914795e-13	-1.436957539580578e-12	-2.038077532553301e-12	-2.7645436959610156e-12	-3.660709275486353e-12	-4.781092391388411e-12	-6.193610348845125e-12	-7.983593455089902e-12	-1.0258808977729538e-11	-1.3155782701612714e-11	-1.6847778267668708e-11	-2.155488704330314e-11	-2.7556798697161197e-11	-3.520897110350238e-11	-4.496310572162343e-11	-5.7393071003758525e-11	-7.322771422389267e-11	-9.339237689161868e-11	-1.190614002261426e-10	-1.517244993671704e-10	-1.9327062854838422e-10	-2.460938923485221e-10	-3.1322722781836007e-10	-3.9851104757973604e-10	-5.068058684821257e-10	-6.442602450112424e-10	-8.186481948835765e-10	-1.039793886179398e-9	-1.32010582516755e-9	-1.675248356547991e-9	-2.124985229342905e-9	-2.6942386201269024e-9	-3.4144177453387905e-9	-4.32508453413903e-9	-5.4760403847689565e-9	-6.929938542074771e-9	-8.765552032577135e-9	-1.108185850276684e-8	-1.400314210195158e-8	-1.768536041037295e-8	-2.2324083377036184e-8	-2.8164383777672453e-8	-3.5513147833395636e-8	-4.4754383973673655e-8	-5.636824165822298e-8	-7.095461595276161e-8	-8.926241349206065e-8	-1.122257991023212e-7	-1.410090386795536e-7	-1.770619135993255e-7	-2.2218811758115836e-7	-2.786295734012701e-7	-3.4917024154616417e-7	-4.372637561156387e-7	-5.471901385270947e-7	-6.842479339048248e-7	-8.549894193689626e-7	-1.0675080827679453e-6	-1.3317894039440628e-6	-1.6601381317918245e-6	-2.0676977864889954e-6	-2.5730810779804168e-6	-3.1991333719276472e-6	-3.973855306255863e-6	-4.9315152164303515e-6	-6.113987211254017e-6	-7.572356588091706e-6	-9.368840804161335e-6	-0.000011579081419342153	-0.000014294870247790313	-0.000017627381298815194	-0.00002171098877753261	-0.00002670776018185737	-0.00003281272197797726	-0.00004026000290452115	-0.00004932996588701658	-0.00006035744282941752	-0.00007374118587374944	-0.0000899546424019405	-0.00010955814698529706	-0.0001332125990614218	-0.000161694657174514	-0.00019591342538761574	-0.0002369285305692281	-0.00028596938565909083	-0.0003444552981694312	-0.0004140159091274553	-0.000496511229342761	-0.0005940502715338106	-0.0007090069536684006	-0.0008440315679197473	-0.0010020556710541714	-0.0011862877606910115	-0.0014001965693070796	-0.0016474782549745067	-0.0019320032277765505	-0.002257737872469888	-0.002628636079389038	-0.003048495367821675	-0.0035207725959666477	-0.0040483549434269985	-0.00463328319692166	-0.00527642656026663	-0.005977111449550591	-0.006732711219823976	-0.007538209658832442	-0.008385758453391817	-0.009264257621329326	-0.01015899782606152	-0.011051413963234481	-0.011919009432266679	-0.012735518577967595	-0.013471378831451553	-0.014094581434473431	-0.014571957154881438	-0.014870927746522673	-0.01496171204764498	-0.014819915679483212	-0.01442935578302848	-0.013784881453823339	-0.012894856337502012	-0.01178288895655351	-0.010488352816187926	-0.009065262099164341	-0.007579190902281502	-0.006102167784369023	-0.004705844744217005	-0.003453694387187327	-0.0023934419973556382	-0.0015512458074279066	-0.0009291207070106298	-0.0005066060901834219	-0.0002466798387075747	-0.00010462002409433496	-0.00003738729284353633	-0.00001076264755317879	-2.343757174908139e-6	-3.5261487406324057e-7	-3.1972531099385576e-8	-1.406941173258035e-9	-2.079645354566213e-11	-5.194865946455859e-14	-5.0271337010364445e-18	0.	0.	0.	0.	0.	0.	0.	0.	0.	0.	0.	0.	0.	0.	-139702.65371265204	-320664.8317160485	-446859.9594420541	-557080.2604274822	-659825.2808159626	-758271.2300663644	-853726.7731843481	-947361.2956005753	-1.0396010130567433e6	-1.1310442118290782e6	-1.222813051644162e6	-1.3133145153175616e6	-1.4042919430713966e6	-1.4944654835735187e6	-1.5858509558847682e6	-1.6763001872734064e6	-1.7678375268102302e6	-1.858793432682544e6	-1.9506522389228053e6	-2.0423804055812294e6	-2.1345637037183493e6	-2.2270752864723424e6	-2.320581977870152e6	-2.4130745600170125e6	-2.506875428069089e6	-2.601158391206157e6	-2.695716550545216e6	-2.7911947772467243e6	-2.886171414776671e6	-2.982200888861388e6	-3.0778140972300908e6	-3.174607395196015e6	-3.270816658662576e6	-3.3695523067032243e6	-3.466959884277766e6	-3.5655313774269987e6	-3.664284022501893e6	-3.7639732757778754e6	-3.86382228210558e6	-3.9641380054487423e6	-4.0645685396988816e6	-4.165682225575863e6
-3.362401702800939e-14	-3.744260235958366e-13	-7.38345179666474e-13	-1.1478158795731446e-12	-1.6280167659039941e-12	-2.208382344982324e-12	-2.92436415555815e-12	-3.8195441538564595e-12	-4.948222969835085e-12	-6.378632649467563e-12	-8.196958791434833e-12	-1.0512402646765314e-11	-1.3463572127163715e-11	-1.7226565126792774e-11	-2.202520284825188e-11	-2.814399027152324e-11	-3.594453171363088e-11	-4.588631969633749e-11	-5.855305506973144e-11	-7.468595824479668e-11	-9.522591112565519e-11	-1.2136674673790248e-10	-1.5462260325397378e-10	-1.9691301196153036e-10	-2.506703330267781e-10	-3.189753367056575e-10	-4.057282103406509e-10	-5.158641274427917e-10	-6.556248361745054e-10	-8.329006253118683e-10	-1.0576606476824906e-9	-1.3424941000070267e-9	-1.7032903909552518e-9	-2.160093444674515e-9	-2.738174016074994e-9	-3.4693747449932563e-9	-4.393796151447235e-9	-5.561908490893679e-9	-7.037195104435263e-9	-8.89945854268028e-9	-1.1248952449073243e-8	-1.4211541345520877e-8	-1.7945138760380005e-8	-2.2647733632164035e-8	-2.856738810773862e-8	-3.6014679754501714e-8	-4.5378171476023936e-8	-5.714362746416256e-8	-7.191785863343004e-8	-9.045828251395845e-8	-1.1370952811545569e-7	-1.4284871485454351e-7	-1.793413969896086e-7	-2.2501060381335854e-7	-2.821219360426277e-7	-3.534883179067437e-7	-4.425987727503529e-7	-5.537765111415447e-7	-6.92372721675732e-7	-8.650037669059271e-7	-1.0798410452127547e-6	-1.3469646232668997e-6	-1.678793916519484e-6	-2.09061124426038e-6	-2.601197061850098e-6	-3.2335991285595433e-6	-4.0160618582581484e-6	-4.983146673015577e-6	-6.177079381689524e-6	-7.649366470937019e-6	-9.462728741089573e-6	-0.000011693407933210135	-0.000014433909826703429	-0.000017796255635223734	-0.000021915822215079248	-0.000026955860350422105	-0.00003311278879232774	-0.0000406223692419055	-0.00004976687331502747	-0.00006088335569067639	-0.00007437314680230859	-0.00009071267189096796	-0.00011046568887781546	-0.00013429701271367817	-0.00016298775544925292	-0.00019745205546254683	-0.0002387551916718968	-0.0002881328741306364	-0.0003470113655780886	-0.0004170279133619381	-0.000500050751592832	-0.0005981976637167629	-0.0007138517711430738	-0.0008496728312817134	-0.0010086018885807765	-0.0011938566299204518	-0.0014089142628253989	-0.001657478182563934	-0.0019434241558129088	-0.0022707212734326934	-0.0026433225816405795	-0.0030650201810323765	-0.003539259803879757	-0.004068910586747524	-0.004655987119050695	-0.00530132306159976	-0.006004198896052466	-0.006761930881627424	-0.007569434215934425	-0.008418780796419665	-0.009298780789659991	-0.01019462715096629	-0.01108765269982946	-0.011955259336285738	-0.012771087011516035	-0.013505493851323633	-0.014126416247030659	-0.014600664679062191	-0.014895685324129715	-0.01498177516185546	-0.014834678058501206	-0.014438411511373048	-0.013788082867055795	-0.01289235983208193	-0.01177517982904404	-0.010476240384207042	-0.009049838208223934	-0.007561748928647114	-0.0060840855059081655	-0.00468844245746008	-0.0034380880243445955	-0.0023804174196352113	-0.0015411819419639309	-0.0009219829862261087	-0.0005020166745151162	-0.0002440497227715411	-0.00010330713268305662	-0.00003683399014195854	-0.000010574067553981978	-2.2948367479713596e-6	-3.4377061369112003e-7	-3.0997304268356694e-8	-1.3538978403220222e-9	-1.9805356595982467e-11	-4.871708274578782e-14	-4.598423704016814e-18	0.	0.	0.	0.	0.	0.	0.	0.	0.	0.	0.	0.	0.	0.	-158975.9898165027	-332212.82240639196	-456865.5115807504	-567155.6018544277	-669626.8155791454	-768283.1706780356	-864033.6099246226	-957817.7367928992	-1.0509067078589576e6	-1.1429820252676029e6	-1.2346053560802077e6	-1.325587216122567e6	-1.4166256439839543e6	-1.5081942276951487e6	-1.599611100642929e6	-1.690718796366093e6	-1.782531399672918e6	-1.8746338184022275e6	-1.9668397832418412e6	-2.0584555849618418e6	-2.151887397867822e6	-2.2443900576286055e6	-2.3375764597515664e6	-2.4317497682977347e6	-2.5251838513027886e6	-2.620694287819975e6	-2.7154355482670586e6	-2.8113633102342985e6	-2.906288605669132e6	-3.002641813001133e6	-3.0996511509944573e6	-3.196229264166345e6	-3.294176430619368e6	-3.3916444074131004e6	-3.4909135727924765e6	-3.589348028529592e6	-3.6892583049793625e6	-3.788443720626998e6	-3.8891939535481604e6	-3.9895982830102653e6	-4.0908512774461666e6
-2.6850259937552494e-14	-2.9899679084507937e-13	-5.896091617025806e-13	-9.16608674374314e-13	-1.3001104458398416e-12	-1.7636320035927408e-12	-2.335501703426172e-12	-3.0505490786782682e-12	-3.952175450780423e-12	-5.09492464616669e-12	-6.547702040052329e-12	-8.397826764869965e-12	-1.075614885087394e-11	-1.3763522784976908e-11	-1.7599004831970812e-11	-2.2490237374234002e-11	-2.8726604844998172e-11	-3.667589884464805e-11	-4.6805422941297013e-11	-5.970871069205984e-11	-7.613933625507748e-11	-9.705368160124846e-11	-1.2366500779365621e-10	-1.5751178493253763e-10	-2.0054399740714723e-10	-2.552320967340825e-10	-3.2470447209017357e-10	-4.129208085953631e-10	-5.248905806632714e-10	-6.669482749954375e-10	-8.470998708479363e-10	-1.075458766831645e-9	-1.3647939112196613e-9	-1.7312185855105834e-9	-2.195055379833605e-9	-2.7819217177244642e-9	-3.524091248606285e-9	-4.462200035759823e-9	-5.647383348221885e-9	-7.1439497808911715e-9	-9.032725314031958e-9	-1.141523192594872e-8	-1.441890488817091e-8	-1.8203601604067195e-8	-2.2969714870401565e-8	-2.8968277261002162e-8	-3.651353399669861e-8	-4.599857285484859e-8	-5.791473581850184e-8	-7.287570359915138e-8	-9.164734727590815e-8	-1.15184688710927e-7	-1.4467761221637328e-7	-1.8160733494909993e-7	-2.278160854449574e-7	-2.855929735786698e-7	-3.577796786196627e-7	-4.4790035541889347e-7	-5.603210858118731e-7	-7.004453103234672e-7	-8.749529953311844e-7	-1.0920928581886798e-6	-1.3620388268380115e-6	-1.697324094713144e-6	-2.113368693685264e-6	-2.6291194980731952e-6	-3.267825044086495e-6	-4.0579715545627804e-6	-5.034411149288252e-6	-6.239718441304142e-6	-7.725817602961304e-6	-9.555928547486353e-6	-0.000011806888100492983	-0.000014571909879876196	-0.000017963854955858436	-0.000022119094045613527	-0.000027202050730893405	-0.00003341052356712414	-0.00004098189241058817	-0.00005020032005418369	-0.00006140506330657232	-0.00007500000664109643	-0.00009146452477809324	-0.0001113657659128921	-0.00013537242213034433	-0.00016427001466664013	-0.0001989776652975526	-0.00024056624682850474	-0.00029027770040301583	-0.00034954516956172435	-0.00042001342472735827	-0.0005035588310186841	-0.0006023078413113942	-0.0007186526705657405	-0.0008552624238447825	-0.0010150875095284034	-0.0012013546761528446	-0.001417549478104452	-0.0016673824235051034	-0.001954734520898218	-0.002283577469445131	-0.0026578633993784287	-0.0030813789575019424	-0.0035575587645205655	-0.004089253992257843	-0.00467845319107348	-0.005325954734057388	-0.006030993538160567	-0.006790829267547892	-0.007600309175836235	-0.008451426172641519	-0.0093329015335297	-0.010229831618322523	-0.011123448416169291	-0.011991053680372604	-0.012806194327917221	-0.013539150559359461	-0.014157805126222188	-0.01462894918666698	-0.014920053912315871	-0.015001494455918469	-0.014849152278321467	-0.014447243783374489	-0.013791132251942631	-0.01288978627777872	-0.011767468269024582	-0.010464195362040095	-0.009034542269543772	-0.007544482012974236	-0.0060662087851230595	-0.004671257988265974	-0.0034226938366279692	-0.0023675839462915455	-0.001531277065141196	-0.0009149667140639719	-0.000497511556993336	-0.0002414719640774343	-0.00010202272221942931	-0.00003629386022778909	-0.000010390458239045556	-2.247359463797562e-6	-3.352222559117161e-7	-3.0059697502605414e-8	-1.3032633904133164e-9	-1.8868702186317795e-11	-4.5708293995277386e-14	-4.208853785403204e-18	0.	0.	0.	0.	0.	0.	0.	0.	0.	0.	0.	0.	0.	0.	-176768.57774528317	-342938.61991165095	-466869.9894053094	-576655.2183193665	-679578.6539394729	-777911.5376820536	-873965.2962387733	-968204.972374142	-1.061647390022309e6	-1.1541174141087157e6	-1.2460947253929346e6	-1.338290616670032e6	-1.4296780380111863e6	-1.5211871838873592e6	-1.6128633427362468e6	-1.7046323522730952e6	-1.7968865703000845e6	-1.8899021864664815e6	-1.9816060952661e6	-2.075058547871492e6	-2.167905383950453e6	-2.2608033566090707e6	-2.3555834158574385e6	-2.4496393247173284e6	-2.5443992213633573e6	-2.6398327954288097e6	-2.7349317183206854e6	-2.830561966568855e6	-2.9269376534658014e6	-3.024184023437084e6	-3.1210038825050197e6	-3.21901262753031e6	-3.316425193462164e6	-3.4148356598054646e6	-3.513547423616591e6	-3.613394744492397e6	-3.713148142498177e6	-3.8138195056595975e6	-3.914275029410826e6	-4.016647181018951e6
-2.1435473217994544e-14	-2.3870013984804654e-13	-4.707112140765661e-13	-7.317809077127318e-13	-1.0379746920379615e-12	-1.4080773830890223e-12	-1.8647190603432086e-12	-2.4357266956821983e-12	-3.155780116710009e-12	-4.068468356327253e-12	-5.228865129299993e-12	-6.706771576880749e-12	-8.590812078182481e-12	-1.0993616903625923e-11	-1.405838633211598e-11	-1.796720802628696e-11	-2.2951596845994286e-11	-2.9305849358035106e-11	-3.740396047515014e-11	-4.7721045152550936e-11	-6.08604542811892e-11	-7.758808370132901e-11	-9.887576471622409e-11	-1.2595611392713184e-10	-1.603918347075639e-10	-2.0416323381965432e-10	-2.5977868356427103e-10	-3.304139715831587e-10	-4.2008799756881953e-10	-5.338841744915375e-10	-6.782292653371964e-10	-8.61244351408896e-10	-1.09318632935311e-9	-1.3870029502025203e-9	-1.7590301659436998e-9	-2.2298677108875e-9	-2.82547775320787e-9	-3.5785625220888206e-9	-4.530290558656868e-9	-5.7324582822712515e-9	-7.250194677857647e-9	-9.165343038174076e-9	-1.1580685990642083e-8	-1.4625219909673716e-8	-1.846073397786235e-8	-2.32900096991725e-8	-2.936703111584893e-8	-3.700968740387685e-8	-4.6615561622447304e-8	-5.868153663357074e-8	-7.382811695175747e-8	-9.282956995735506e-8	-1.1665123918867267e-7	-1.464956854592979e-7	-1.838596791734417e-7	-2.3060451224927835e-7	-2.8904263558534347e-7	-3.620442756719339e-7	-4.5316846231705264e-7	-5.668238323252607e-7	-7.08465688703485e-7	-8.848371227923052e-7	-1.1042635829387276e-6	-1.3770121374366205e-6	-1.7157288751049764e-6	-2.1359704615291274e-6	-2.656848873312459e-6	-3.3018118193698507e-6	-4.099585380278872e-6	-5.08531000451775e-6	-6.301906238403441e-6	-7.801712467643383e-6	-9.648443527153172e-6	-0.000011919526278985254	-0.000014708876112909026	-0.000018130186682238906	-0.000022320813866169902	-0.000027446343667673632	-0.00003370594210327063	-0.00004133859254440656	-0.00005063033165084129	-0.00006192259796325275	-0.00007562180603387013	-0.00009221025204385733	-0.00011225844181034958	-0.0001364389066792315	-0.00016554153335104248	-0.00020049037678953534	-0.00024236184635441534	-0.00029240404922427924	-0.00035205693643825756	-0.0004229727195425143	-0.0005070358038510702	-0.0006063812120512237	-0.0007234101446529353	-0.0008608009388930776	-0.0010215132456499313	-0.001208782750027723	-0.0014261032277791707	-0.0016771921783591463	-0.001965935740339415	-0.002296308126243981	-0.002672260481171113	-0.0030975739654447044	-0.003575672104469957	-0.004109388184782049	-0.004700684876047234	-0.00535032551765339	-0.006057499828544241	-0.006819411373417767	-0.007630840100263743	-0.008483700721639998	-0.009366626568233224	-0.010264618499301503	-0.011158808898113118	-0.012026400685468544	-0.012840849116478942	-0.013572357775885089	-0.014188756969053827	-0.014656819467795165	-0.01494404198530688	-0.015020877860772205	-0.014863345491113011	-0.01445585874279124	-0.013794034537144588	-0.012887139223817992	-0.011759756344359315	-0.010452218315013109	-0.009019373419035418	-0.007527388034503932	-0.006048534510766064	-0.004654287574589114	-0.0034075077905518095	-0.0023549376465972893	-0.001521527668843766	-0.0009080690269521673	-0.0004930886156291271	-0.00023894515390996036	-0.00010076597116076398	-0.000035766493794463966	-0.000010211652129317368	-2.2012721301995948e-6	-3.2695773184809564e-7	-2.915798729403428e-8	-1.25491139752891e-9	-1.7983129175396536e-11	-4.290550458739078e-14	-3.854641364436315e-18	0.	0.	0.	0.	0.	0.	0.	0.	0.	0.	0.	0.	0.	0.	-193135.2139653577	-353795.1655893929	-476779.052850012	-586640.5002998736	-688918.6969612669	-788190.1885454307	-884271.2290913519	-979030.7544312364	-1.0728985283519928e6	-1.1659282924115527e6	-1.2580983283965783e6	-1.3505584284016597e6	-1.4420216103418006e6	-1.5345566110442458e6	-1.6266826351083189e6	-1.7194136534994252e6	-1.8110886431502695e6	-1.904390387594997e6	-1.9973235581505673e6	-2.0910909229306332e6	-2.184338646427463e6	-2.2787868253765334e6	-2.3726528307207655e6	-2.4674933834145498e6	-2.5627013999872515e6	-2.6587535574141988e6	-2.754393763456719e6	-2.8509018396556103e6	-2.947703356810539e6	-3.043904441392103e6	-3.141292710668587e6	-3.2398740746793994e6	-3.3396544434626168e6	-3.4376070999157974e6	-3.537677656917394e6	-3.6376384479625844e6	-3.737913722893964e6	-3.839054757571213e6	-3.939459103728519e6
-1.7108235610763147e-14	-1.905137599986526e-13	-3.7569230341244204e-13	-5.84070742103791e-13	-8.284767490335963e-13	-1.1239107577509326e-12	-1.488445835529797e-12	-1.94430809653838e-12	-2.5192006821570546e-12	-3.2479481434540285e-12	-4.1745563680815206e-12	-5.354806734965801e-12	-6.8595333886437794e-12	-8.778771015148003e-12	-1.1227009411265746e-11	-1.4349853022026585e-11	-1.8332461916259203e-11	-2.3410249576793682e-11	-2.9882437565368574e-11	-3.812922445094893e-11	-4.863352438701422e-11	-6.200848011586547e-11	-7.903226881179514e-11	-1.0069211343316696e-10	-1.2823990761961742e-10	-1.6326248399653905e-10	-2.0777033596954097e-10	-2.643095811894284e-10	-3.361031803824018e-10	-4.2722895942963136e-10	-5.42843901926265e-10	-6.894665787240982e-10	-8.753325778553718e-10	-1.1108415384919576e-9	-1.4091190568445373e-9	-1.7867225431199906e-9	-2.2645273427862536e-9	-2.868838432079518e-9	-3.6327841760995584e-9	-4.598062512943248e-9	-5.817127132221169e-9	-7.355922527159281e-9	-9.297303167121865e-9	-1.1745304624027274e-8	-1.4830474710337912e-8	-1.8716522276197957e-8	-2.3608602369972327e-8	-2.976363153895261e-8	-3.750311922189105e-8	-4.7229114189606336e-8	-5.9444003315341906e-8	-7.477506899908685e-8	-9.400491779510986e-8	-1.1810914392184292e-7	-1.4830289656089653e-7	-1.8609839008056468e-7	-2.333758444298515e-7	-2.924708840918574e-7	-3.662820758952003e-7	-4.584030693056017e-7	-5.732847414522092e-7	-7.164338705487417e-7	-8.946561968716446e-7	-1.116353315458251e-6	-1.3918847187787248e-6	-1.7340085145312663e-6	-2.1584169309360575e-6	-2.684385740121331e-6	-3.3355602320449076e-6	-4.140904409676098e-6	-5.1358447011485165e-6	-6.363644740217039e-6	-7.877053684947395e-6	-9.740277139782045e-6	-0.000012031327003584073	-0.000014844814431391992	-0.000018295258460170973	-0.000022520991523331302	-0.000027688751780263333	-0.00003399906050161832	-0.000041692490099907076	-0.00005105693399284389	-0.00006243599229492478	-0.0000762385859805363	-0.00009294990501314875	-0.00011314378060278107	-0.00013749654598248988	-0.0001668024101869819	-0.00020199031185452661	-0.00024414214038254146	-0.0002945121048810875	-0.0003545468916874879	-0.00042590607278895594	-0.000510482004332496	-0.0006104181808437006	-0.0007281246822294989	-0.0008662889644776694	-0.0010278798017931273	-0.001216141693213787	-0.0014345765129835887	-0.0016869086331133274	-0.0019770292131676068	-0.0023089148868671704	-0.002686515747647478	-0.0031136074389785627	-0.003593602409043007	-0.004129316139607574	-0.004722685578044984	-0.005374439282739859	-0.006083722138282141	-0.006847682100321528	-0.00766103244188869	-0.008515610458639456	-0.009399962468643042	-0.010298994908164227	-0.011193741758149512	-0.01206130840137917	-0.012875059762695124	-0.013605124104923455	-0.014219280446721154	-0.014684284081158544	-0.014967657785234569	-0.015039933080292188	-0.014877264633437094	-0.014464262336056102	-0.01379679447910018	-0.012884422078607436	-0.011752046018675188	-0.010440309744207444	-0.009004330769412011	-0.0075104648885700506	-0.0060310596222217525	-0.004637527531997757	-0.003392525947500078	-0.002342474691146783	-0.0015119303422750547	-0.0009012871458447962	-0.000488745795134285	-0.00023646793054535526	-0.00009953608708300493	-0.00003525149699911574	-0.000010037488524798885	-2.156523878587223e-6	-3.1896554725665474e-7	-2.8290540780238342e-8	-1.208722914483254e-9	-1.7145505713756195e-11	-4.0293294648182063e-14	-3.532362075200874e-18	0.	0.	0.	0.	0.	0.	0.	0.	0.	0.	0.	0.	0.	0.	-208194.20829391852	-364741.63325159077	-486553.21683508373	-596292.2865873285	-699035.9549325055	-797775.7154478998	-894317.0332974116	-989690.3905783662	-1.0836085666916529e6	-1.1771231672310755e6	-1.2700120165864974e6	-1.3623591334857296e6	-1.4551736547917267e6	-1.548106672987339e6	-1.640010584679329e6	-1.7331923791257872e6	-1.826261813332924e6	-1.9198661159098793e6	-2.0128744898322495e6	-2.10641792078991e6	-2.2003618093995415e6	-2.29521377395153e6	-2.3899935406420846e6	-2.485881278432666e6	-2.581292276986362e6	-2.6769268977098996e6	-2.773417502703053e6	-2.8705359083287613e6	-2.9675214485388324e6	-3.0656122918301383e6	-3.1636231948949816e6	-3.2628316802149443e6	-3.361192627967253e6	-3.4611135195944156e6	-3.5602850114189126e6	-3.66133918765394e6	-3.7625433146696324e6	-3.86373263120275e6
-1.3651072628693067e-14	-1.5201603515271303e-13	-2.9977770007850476e-13	-4.66056904485485e-13	-6.610933430842726e-13	-8.968622716716825e-13	-1.1877934894141282e-12	-1.5516347287446634e-12	-2.010509867252926e-12	-2.592233492046939e-12	-3.3319579733043366e-12	-4.274248103620084e-12	-5.475702574980385e-12	-7.008272467733907e-12	-8.963466127159782e-12	-1.1457679520281195e-11	-1.4638954034302803e-11	-1.869554306070181e-11	-2.3866769016968376e-11	-3.0456778791389547e-11	-3.8851964953373616e-11	-4.9543020611549635e-11	-6.315284827849159e-11	-8.047186059075176e-11	-1.02502609721247e-10	-1.305161836005525e-10	-1.6612343612994326e-10	-2.1136490779370213e-10	-2.6882428228262036e-10	-3.4177146395958216e-10	-4.3434291212707665e-10	-5.517688082429541e-10	-7.00659057210551e-10	-8.893631523853876e-10	-1.1284227130714006e-9	-1.4311402152820863e-9	-1.8142933063703993e-9	-2.2990314000570656e-9	-2.9120003330427643e-9	-3.6867521503324726e-9	-4.6655110928774884e-9	-5.901384226303496e-9	-7.46112665560858e-9	-9.428597875919817e-9	-1.190907868465466e-8	-1.5034658654774764e-8	-1.8970954182775857e-8	-2.39254786944626e-8	-3.015806228297303e-8	-3.799381097397808e-8	-4.783920971404309e-8	-6.020211257923266e-8	-7.571653403131483e-8	-9.51733628120107e-8	-1.195583730279926e-7	-1.5009921438400748e-7	-1.883234363292795e-7	-2.3613005203878316e-7	-2.958776928788143e-7	-3.704930601196758e-7	-4.6360416889164805e-7	-5.797038237215231e-7	-7.243498929984006e-7	-9.044102928216591e-7	-1.128362184381062e-6	-1.4066567729885373e-6	-1.7521633149123348e-6	-2.1807085378270333e-6	-2.7117307126554487e-6	-3.369071131423314e-6	-4.181929800136007e-6	-5.186016797635491e-6	-6.4249360244294266e-6	-7.951844001331583e-6	-9.831432989193532e-6	-0.000012142294972474533	-0.000014979730924717737	-0.000018459078140828864	-0.00002271963709118155	-0.000027929287937638633	-0.00003428989513328036	-0.00004204360582206682	-0.00005148015327008661	-0.00006294527924810038	-0.00007685038778556803	-0.0000936835352966083	-0.00011402184656933198	-0.00013854541984219932	-0.00016805274393605048	-0.00020347759233557016	-0.0002459072787620326	-0.0002966020510883219	-0.0003570152598321527	-0.0004288137579844557	-0.000513897764584759	-0.000614419149634327	-0.0007327967680927049	-0.0008717270832855748	-0.001034187875780736	-0.0012234323383083826	-0.0014429703232799976	-0.0016965329591527045	-0.001988016320168322	-0.002321399371761677	-0.0027006310917053024	-0.003129481578460918	-0.0036113522227840863	-0.004149040783174869	-0.0047444586430797735	-0.005398299831210171	-0.006109664758392192	-0.006875646256502815	-0.0076908915466647595	-0.008547161277322114	-0.00943291567255209	-0.010332967806173272	-0.011228254439905291	-0.01209578468927297	-0.012908834453978675	-0.013637457940507507	-0.014249384011444623	-0.014711351361342398	-0.01499090932969703	-0.015058667598979728	-0.014890916433861895	-0.014472460319582749	-0.013799416668773922	-0.012881638115672861	-0.011744339156247674	-0.010428470090100499	-0.008989413412455063	-0.007493710487451403	-0.00601378110901391	-0.004620974252016307	-0.0033777444611877254	-0.002330191348794329	-0.0015024817687590434	-0.0008946183737616182	-0.0004844811044337192	-0.00023403897739828676	-0.0000983323054671108	-0.000034748490780157155	-9.86781318655601e-6	-2.1130660474116202e-6	-3.112347514363895e-7	-2.745581039100942e-8	-1.164585982730866e-9	-1.6352912172539563e-11	-3.785749328702762e-14	-3.2389518064393203e-18	0.	0.	0.	0.	0.	0.	0.	0.	0.	0.	0.	0.	0.	0.	-222577.27653745344	-375240.1584038038	-496520.3543130637	-605470.9037758711	-708507.354157639	-808184.3482792822	-904863.9216448842	-1.0003715493143183e6	-1.0945056165530386e6	-1.1886546188485688e6	-1.281825189745168e6	-1.3747211326663832e6	-1.4676074854457313e6	-1.5608142314244506e6	-1.6541815495778318e6	-1.7473873734615243e6	-1.8411063964396056e6	-1.9341165354890372e6	-2.028943364015153e6	-2.123155384696667e6	-2.2179369208311043e6	-2.3127629885385637e6	-2.4077826964651747e6	-2.503888200677483e6	-2.5998455103661395e6	-2.6961000394412153e6	-2.793294997032439e6	-2.890006024708688e6	-2.987787394878218e6	-3.0864710355646564e6	-3.1850812589733913e6	-3.2835171081778137e6	-3.3845011387016736e6	-3.4839892792101945e6	-3.584040392546391e6	-3.684859254316742e6	-3.786565642712298e6
-1.0889793273680588e-14	-1.2126727602287738e-13	-2.391428659174947e-13	-3.717948496454419e-13	-5.273949420474085e-13	-7.155008069719931e-13	-9.476303501567962e-13	-1.2379514822367597e-12	-1.6041276623057376e-12	-2.068368485575882e-12	-2.658746255260789e-12	-3.4108546289257947e-12	-4.369904881676168e-12	-5.593380062690703e-12	-7.1543987916355064e-12	-9.145980333464546e-12	-1.1686453021283551e-11	-1.492631190618681e-11	-1.9056911973965848e-11	-2.4321484884629072e-11	-3.102909520878832e-11	-3.95723134385564e-11	-5.0449586139198785e-11	-6.429353912501568e-11	-8.190677083832819e-11	-1.043070968625916e-10	-1.327847135485618e-10	-1.6897438507722608e-10	-2.1494655639663835e-10	-2.7332229473445996e-10	-3.4741821520503205e-10	-4.414291139813343e-10	-5.606579933923954e-10	-7.11805613813942e-10	-9.033347671251385e-10	-1.1459282842591929e-9	-1.4530645487609235e-9	-1.8417402162964961e-9	-2.3333772172832656e-9	-2.954960291732354e-9	-3.740462698127772e-9	-4.732631875002706e-9	-5.985224358085196e-9	-7.565800955797198e-9	-9.559220026784473e-9	-1.2071999864832177e-8	-1.5237762118177452e-8	-1.9224018604960433e-8	-2.4240625964447623e-8	-3.055030888905838e-8	-3.848174634207623e-8	-4.8445829956062735e-8	-6.095584427471899e-8	-7.665249010806276e-8	-9.633488155877436e-8	-1.2099890205632475e-7	-1.5188461429819823e-7	-1.9053479436159918e-7	-2.3886711442403505e-7	-2.9926304681139163e-7	-3.7467722237060894e-7	-4.687717692614344e-7	-5.860811082576196e-7	-7.322138152018471e-7	-9.140995118909722e-7	-1.1402903489749672e-6	-1.42132853820171e-6	-1.770193620390786e-6	-2.2028457674883713e-6	-2.7388844626122023e-6	-3.402345433668395e-6	-4.222662786429532e-6	-5.235827941669793e-6	-6.4857822711755065e-6	-8.026086280309937e-6	-9.92191481223211e-6	-0.000012252435034094373	-0.000015113631850817592	-0.00001862165376292686	-0.000022916760850538445	-0.000028167965234134726	-0.00003457846261171341	-0.00004239196071208655	-0.00005190001593749247	-0.0000634504920393269	-0.00007745725300969231	-0.0000944111947358226	-0.00011489270417384671	-0.00013958560817097496	-0.00016929263335956036	-0.00020495233991713602	-0.00024765741096438706	-0.00029867407088710854	-0.00035946226432840005	-0.0004316960470670272	-0.0005172834144882085	-0.000618384517283626	-0.0007374268828904786	-0.0008771158725239963	-0.0010404381583069661	-0.0012306555087541946	-0.0014512856366061136	-0.0017060663132504072	-0.0019988984239301035	-0.002333763178909395	-0.0027146083787365403	-0.003145198550839605	-0.0036289240499729858	-0.004168564993773634	-0.004766007360029729	-0.005421910897695174	-0.006135331901344694	-0.006903308559242353	-0.007720422656119936	-0.008578358952582852	-0.00946549248393609	-0.010366544005399901	-0.011262354222528505	-0.01212983723117598	-0.012942181185213824	-0.013669367472784816	-0.014279075903066658	-0.014738029425807847	-0.01501380441903527	-0.015077088689352857	-0.01490430742027046	-0.014480458266767374	-0.013801905538110634	-0.012878790479320322	-0.01173663752664655	-0.010416699736009487	-0.00897462042113436	-0.007477122761136422	-0.005996696010282702	-0.004604624200492288	-0.0033631595751923834	-0.002318083983695531	-0.001493178722661225	-0.000888060092411252	-0.00048029261428430935	-0.00023165702125253627	-0.00009715388854324095	-0.000034257110209131366	-9.702478035609249e-6	-2.0708520721819102e-6	-3.0375490801444177e-7	-2.665232884436073e-8	-1.122395177337039e-9	-1.5602625446075194e-11	-3.5585070003678806e-14	-2.9716577399292888e-18	0.	0.	0.	0.	0.	0.	0.	0.	0.	0.	0.	0.	0.	0.	-236170.46653660515	-385280.1788627405	-506047.3601084834	-615268.8175899853	-718042.1875998972	-817917.9093720882	-915198.5798784617	-1.0109803457441367e6	-1.105921726280402e6	-1.199953440691351e6	-1.2939832512445485e6	-1.3875121593339345e6	-1.4808591803204576e6	-1.5741071784142917e6	-1.6673776712201785e6	-1.7612477575667973e6	-1.855463816462792e6	-1.949647911226849e6	-2.0445231534593129e6	-2.138421358014686e6	-2.2340377995594474e6	-2.32955714947424e6	-2.4251276197766457e6	-2.5216862150789914e6	-2.6174892782314825e6	-2.7153928836395447e6	-2.812943366822841e6	-2.9104614767066976e6	-3.0085874431166677e6	-3.107888488085253e6	-3.207113172308312e6	-3.306159986860326e6	-3.40624335370144e6	-3.507049631743175e6	-3.6074018093578457e6	-3.709490178903331e6
-8.68490905704613e-15	-9.671432008447282e-14	-1.9072533412179705e-13	-2.9652443898431207e-13	-4.2063134437778724e-13	-5.706722222338853e-13	-7.558383022197745e-13	-9.874367591206916e-13	-1.2795661517046833e-12	-1.649955787923046e-12	-2.1210177937715264e-12	-2.7211727961711197e-12	-3.486525677428198e-12	-4.4629877346059564e-12	-5.708966783281281e-12	-7.298778741209184e-12	-9.326974719692934e-12	-1.1913828789227276e-11	-1.5212296294480233e-11	-1.941683409720612e-11	-2.4774577050732668e-11	-3.159949464480991e-11	-4.0290315036196705e-11	-5.135320925547156e-11	-6.543048694340208e-11	-8.333688003546289e-11	-1.0610539925406102e-10	-1.3504526111881812e-10	-1.7181502669496716e-10	-2.1851490027610716e-10	-2.778031474273413e-10	-3.5304285816757995e-10	-4.484868656795741e-10	-5.695106124408542e-10	-7.229052314977595e-10	-9.172462016741727e-10	-1.1633567916254268e-9	-1.4748903140710083e-9	-1.8690611973817646e-9	-2.3675623296101836e-9	-2.997715388743805e-9	-3.793912371546137e-9	-4.7994207996631594e-9	-6.068642763693254e-9	-7.669939858119433e-9	-9.68916313481601e-9	-1.223406064866002e-8	-1.54397764350515e-8	-1.9475705611216556e-8	-2.4554032875603315e-8	-3.094035859393593e-8	-3.896691105375581e-8	-4.9048959141097466e-8	-6.170518121838124e-8	-7.758291885580834e-8	-9.748945486837163e-8	-1.2243071169020432e-7	-1.5365907781983358e-7	-1.9273244796773352e-7	-2.41587019704177e-7	-3.026269412058471e-7	-3.7883456910512697e-7	-4.739058933621061e-7	-5.92416641676977e-7	-7.400257169941291e-7	-9.237239797366363e-7	-1.1521379972412907e-6	-1.435900286293624e-6	-1.7880998146202304e-6	-2.224829151340746e-6	-2.76584771538673e-6	-3.4353841172297243e-6	-4.263104675304314e-6	-5.285279863773382e-6	-6.5461857554757625e-6	-8.099783493536815e-6	-0.000010011726468282042	-0.00001236175217483422	-0.000015246523621766688	-0.00001878299353591847	-0.000023112373269399054	-0.000028404796966754134	-0.00003486477976647057	-0.00004273757599713361	-0.00005231654868027041	-0.00006395166410583705	-0.00007805922342465218	-0.00009513293535206723	-0.0001157564180071146	-0.00014061719092728012	-0.00017052217714658507	-0.0002064146760456887	-0.0002493926859965409	-0.000300728346550682	-0.0003618881274651006	-0.00043455321028880147	-0.0005206392815719211	-0.0006223146794561955	-0.0007420155030128366	-0.0008824559038187491	-0.0010466313328492069	-0.001237812018772076	-0.001459523419238944	-0.0017155098375748671	-0.0020096768689103557	-0.0023460078839694296	-0.002728449446867626	-0.0031607604900163525	-0.0036463203551410995	-0.004187891602244548	-0.00478733496156211	-0.005445276150750736	-0.006160727702557143	-0.006930673636706733	-0.00774963090960505	-0.008609209143223905	-0.009497699076137029	-0.010399730172433327	-0.011296048224946934	-0.012163473534793537	-0.012975107764133052	-0.013700860693920725	-0.014308364155424793	-0.014764326181642045	-0.01503635064334085	-0.0150952034190521	-0.014917443926875947	-0.014488261574698583	-0.013804265366206998	-0.01287588219003883	-0.011728942809153143	-0.010404999011347983	-0.008959950851592895	-0.007460699658005734	-0.005979801414235726	-0.0045884739159891205	-0.0033487676205551362	-0.0023061490524475814	-0.0014840180664240702	-0.0008816097597062081	-0.0004761784549951642	-0.00022932083057120646	-0.00009600012418967368	-0.000033777003874909025	-9.541340867705019e-6	-2.029837381643259e-6	-2.965160674834239e-7	-2.5878704467127488e-8	-1.0820511843661811e-9	-1.4892104510059566e-11	-3.34640361646987e-14	-2.7280050134368634e-18	0.	0.	0.	0.	0.	0.	0.	0.	0.	0.	0.	0.	0.	0.	-249100.74256647239	-395395.3843648591	-515763.4657573295	-624632.4594847044	-727640.4552613596	-827796.745040633	-925412.2923157279	-1.0214207058585238e6	-1.1167855913188886e6	-1.211199029267617e6	-1.3057144172030264e6	-1.3990658656385592e6	-1.4933832692998922e6	-1.5870278239446722e6	-1.6809779872479122e6	-1.7762888445285177e6	-1.8700584493140553e6	-1.9643193041730025e6	-2.059264979860114e6	-2.154747860115127e6	-2.250630926728805e6	-2.346316587010706e6	-2.4425823517661653e6	-2.539451801145441e6	-2.6359356670996267e6	-2.7344618506159014e6	-2.831807527757684e6	-2.9299168759233966e6	-3.028914392401555e6	-3.1274995198008213e6	-3.2272892932206625e6	-3.3282896227000146e6	-3.4284587286123475e6	-3.5295999085741844e6	-3.6312689340424165e6
-6.924775741513114e-15	-7.711388776654166e-14	-1.5207363178834474e-13	-2.3643515507211125e-13	-3.353988270608296e-13	-4.550481165210192e-13	-6.027156945178177e-13	-7.874232963212071e-13	-1.020421114597165e-12	-1.3158582216825608e-12	-1.6916230330716023e-12	-2.1704025463544733e-12	-2.7810215491086013e-12	-3.5601388882499483e-12	-4.554398143263132e-12	-5.823155660091174e-12	-7.441941370478987e-12	-9.506848917517477e-12	-1.2140103420387383e-11	-1.549712077433038e-11	-1.977545493288486e-11	-2.5226133815711802e-11	-3.216801573491359e-11	-4.1005963473921466e-11	-5.225384116236456e-11	-6.656360068826308e-11	-8.476205321540868e-11	-1.0789733445971042e-10	-1.372975909736735e-10	-1.746450653459867e-10	-2.220695739857851e-10	-2.8226639328093336e-10	-3.586448497137865e-10	-4.5551551069935e-10	-5.783258748420265e-10	-7.339569613141805e-10	-9.310963200752767e-10	-1.180706878833594e-9	-1.496615895822356e-9	-1.8962543306192783e-9	-2.401584463436489e-9	-3.0402629380106243e-9	-3.847098006963427e-9	-4.865874153250534e-9	-6.151635099994544e-9	-7.773538304010113e-9	-9.818421335231686e-9	-1.2395254271993782e-8	-1.564069385032092e-8	-1.9726006371455115e-8	-2.4865689454766718e-8	-3.132820024138565e-8	-3.9449292774541557e-8	-4.964858382884055e-8	-6.245010903499064e-8	-7.850780527508704e-8	-9.863706762237017e-8	-1.238537874642572e-7	-1.5542259226988537e-7	-1.9491638787257933e-7	-2.442897642692782e-7	-3.0596938122777755e-7	-3.829651184875285e-7	-4.790065780299432e-7	-5.987104870408157e-7	-7.477856976393365e-7	-9.332838449184124e-7	-1.1639053441130229e-6	-1.450372320726391e-6	-1.8058823181965031e-6	-2.246659263879284e-6	-2.7926212464329545e-6	-3.4681882185229115e-6	-4.303256840364964e-6	-5.334374371243641e-6	-6.60614884008854e-6	-8.172938712387304e-6	-0.000010100871929372008	-0.000012470251507435037	-0.000015378412790214473	-0.000018943105824167454	-0.000023306484984529767	-0.000028639796613819175	-0.00003514886361853103	-0.00004308047310193351	-0.00005272977838132294	-0.00006444882907597365	-0.0000786563409708668	-0.00009584880929840593	-0.00011661305273297467	-0.00014164024805516867	-0.0001717414738470606	-0.00020786472185601814	-0.00025111325232048457	-0.0003027650594976413	-0.00036429307027143734	-0.0004373855161191143	-0.0005239656909141127	-0.0006262100285209476	-0.0007465631004954776	-0.0008877477431259583	-0.0010527680755937486	-0.0012449026733087614	-0.0014676846257740623	-0.001724864659712732	-0.0020203529815164393	-0.0023581350404350025	-0.0027421561072131554	-0.003176169497221634	-0.0036635435635954316	-0.00420702339268437	-0.0048084446250555414	-0.005468399194035712	-0.006185856221870179	-0.006957746029766116	-0.007778521346498646	-0.00863971739459022	-0.009529541494969117	-0.010432532831990114	-0.01132934341000684	-0.012196700938187973	-0.013007621816526102	-0.013731945403808298	-0.014337256602504254	-0.014790249332068987	-0.015058555389203908	-0.015113018657673947	-0.014930332100957894	-0.014495875470587428	-0.013806500285215505	-0.012872916149654495	-0.011721256596960824	-0.010393368194707096	-0.008945403745002061	-0.007444439145438328	-0.0059630944575758855	-0.0045725200082048145	-0.0033345650134477167	-0.002294383101325559	-0.0014749967477125634	-0.0008752649070765767	-0.0004721368142444148	-0.0002270292138824562	-0.00009487032488355065	-0.00003330783329842458	-9.384265083034347e-6	-1.989979299735134e-6	-2.8950874137482287e-7	-2.5133616817149984e-8	-1.0434604081868751e-9	-1.421897712724591e-11	-3.148335555883273e-14	-2.5057671329964806e-18	0.	0.	0.	0.	0.	0.	0.	0.	0.	0.	0.	0.	0.	0.	-261711.36790160736	-405627.6476211454	-524751.8022417447	-633970.1674339357	-737302.157144004	-837566.8113863943	-935467.9826047377	-1.032176330251621e6	-1.1278390088860292e6	-1.2228830685956604e6	-1.3169880725125715e6	-1.4119557026355944e6	-1.506277652974735e6	-1.6004102581206076e6	-1.6950597956900662e6	-1.7899758605747225e6	-1.8850042027490758e6	-1.9800008755210217e6	-2.0754640302480243e6	-2.1703604937437796e6	-2.266872209052081e6	-2.363587772820563e6	-2.4598320142838582e6	-2.5568071464419262e6	-2.654676720670934e6	-2.752764876751866e6	-2.851718913354083e6	-2.950253794381861e6	-3.0501601360136615e6	-3.149367300940548e6	-3.2497835994088305e6	-3.3492938945856513e6	-3.450957016922848e6	-3.5527502007772797e6
-5.520044025538409e-15	-6.147107163360838e-14	-1.21225983308415e-13	-1.8847759973521393e-13	-2.6737289968230454e-13	-3.627635143464648e-13	-4.804979000704973e-13	-6.277724629366458e-13	-8.135621805237686e-13	-1.0491559393915232e-12	-1.3488277672079e-12	-1.7306829298811263e-12	-2.2177278595870823e-12	-2.839225615154963e-12	-3.632414762711305e-12	-4.644690134208055e-12	-5.936369949554887e-12	-7.58420669322838e-12	-9.685840798724845e-12	-1.2365448665054354e-11	-1.578090295605282e-11	-2.0132846677170957e-11	-2.567618803276726e-11	-3.2734655860495614e-11	-4.171922264979624e-11	-5.31514125881989e-11	-6.769277669651191e-11	-8.618214962733683e-11	-1.0968272046022852e-10	-1.3954147410599144e-10	-1.7746421766381913e-10	-2.25610230612382e-10	-2.8671161062235515e-10	-3.6422367992115497e-10	-4.6251443479620544e-10	-5.87103043031922e-10	-7.449599200747105e-10	-9.448840674887188e-10	-1.19797728921224e-9	-1.5182398007196826e-9	-1.923317846270626e-9	-2.4354415273630057e-9	-3.0826004755913752e-9	-3.900016711243003e-9	-4.9319885511866125e-9	-6.2341974237114125e-9	-7.87659172037578e-9	-9.94698935210062e-9	-1.2555574684229084e-8	-1.5840507472683475e-8	-1.99749131001607e-8	-2.517558699066369e-8	-3.1713824197925354e-8	-3.992888100536648e-8	-5.0244692788642776e-8	-6.319061600625228e-8	-7.942713755706638e-8	-9.977770852868225e-8	-1.2526811949532657e-7	-1.5717515044858573e-7	-1.97086611342739e-7	-2.4697535230670177e-7	-3.0929038132050604e-7	-3.870688997011306e-7	-4.840738731628614e-7	-6.04962722861217e-7	-7.554938746384593e-7	-9.427792774707091e-7	-1.1755926297466416e-6	-1.46474497450854e-6	-1.823541586224329e-6	-2.2683367197760527e-6	-2.8192058778191445e-6	-3.500758827842055e-6	-4.343120717231564e-6	-5.383113342429323e-6	-6.665673968756456e-6	-8.245555100006495e-6	-0.000010189355270835666	-0.000012577938260043812	-0.000015509306036592718	-0.00001910199913203803	-0.000023499106784137247	-0.000028872977814894942	-0.00003543073135711527	-0.000043420673622094385	-0.00005313973209067941	-0.0000649420207324033	-0.00007924864771782157	-0.000096558868814944	-0.00011746267303805722	-0.00014265485942820051	-0.00017295062180965444	-0.0002093025981029835	-0.0002528192577790176	-0.0003047843902121069	-0.00036667731243221827	-0.0004401932311562381	-0.0005272629650520623	-0.0006300709534618584	-0.0007510701429348057	-0.0008929919506559896	-0.0010588490553746883	-0.0012519282679981406	-0.001475770199118988	-0.0017341318927060075	-0.002030928070200831	-0.002370146179803882	-0.002755730144141515	-0.0031914276413991236	-0.003680596061949011	-0.004225963103153227	-0.004829339473518256	-0.005491283567479363	-0.006210721445004125	-0.006984530193781844	-0.007807098908368535	-0.008669889141146164	-0.009561025661748806	-0.01046495837042988	-0.011362246588495235	-0.012229526614316354	-0.013039730791285512	-0.01376262921559045	-0.014365760884382035	-0.01481580638272944	-0.015080425846212515	-0.015130541083343396	-0.014942977909330303	-0.014503305017933014	-0.013808614285994029	-0.01286989514625133	-0.01171358040117193	-0.01038180751677098	-0.008930978129298366	-0.007428339210349081	-0.005946572324909954	-0.00455675915641783	-0.0033205482529056994	-0.002282782763611031	-0.0014661117966651713	-0.0008690231369399871	-0.0004681659349879822	-0.00022478101823696512	-0.0000937638267006989	-0.00003284927237625767	-9.231119430033646e-6	-1.951236952972562e-6	-2.8272387796129924e-7	-2.441581258580202e-8	-1.006534606396223e-9	-1.3581027602931627e-11	-2.96328631437077e-14	-2.3029281582869957e-18	0.	0.	0.	0.	0.	0.	0.	0.	0.	0.	0.	0.	0.	0.	-273593.6311086183	-415631.007532683	-534429.423115108	-643623.9757686526	-747027.293249713	-847158.035703517	-945796.5620207889	-1.0429005864399011e6	-1.1386276565411722e6	-1.2343243652765562e6	-1.3288093485391885e6	-1.4235926273225276e6	-1.5190113218663812e6	-1.6132828124538846e6	-1.7086096956524497e6	-1.8039605903527336e6	-1.898770958915413e6	-1.9947500443967052e6	-2.0910909229306332e6	-2.186993239480875e6	-2.2839366433296953e6	-2.3804926120673553e6	-2.4781353775703055e6	-2.5749600852407403e6	-2.673378315316247e6	-2.772090489482046e6	-2.8717549042940373e6	-2.9709139037570767e6	-3.0694819678995316e6	-3.1709802744671404e6	-3.270246303059221e6	-3.3724543941553193e6	-3.4733639998060586e6
-4.399237551953782e-15	-4.898994846178389e-14	-9.661297389264629e-14	-1.5021220499742856e-13	-2.1309381442522883e-13	-2.8912606465772284e-13	-3.829724743200166e-13	-5.003719900600018e-13	-6.48482699161111e-13	-8.363091775443071e-13	-1.07523841427743e-12	-1.3797154625813738e-12	-1.7680979993466428e-12	-2.2637391138772744e-12	-2.896360687699728e-12	-3.703796141262211e-12	-4.734202211068315e-12	-6.048865816608988e-12	-7.725765407963422e-12	-9.864088412077646e-12	-1.2589959516368629e-11	-1.6063701777262923e-11	-2.048903710791168e-11	-2.6124739467110225e-11	-3.3299388421636046e-11	-4.243003992339462e-11	-5.404584396993281e-11	-6.881790643224846e-11	-8.759702854981196e-11	-1.1146137993167647e-10	-1.417766908759351e-10	-1.8027221456045856e-10	-2.291365429076558e-10	-2.9113840354803836e-10	-3.6977887172031675e-10	-4.694830649394808e-10	-5.958414306400054e-10	-7.559132877861469e-10	-9.58608466760416e-10	-1.2151668613031407e-9	-1.5397606519286281e-9	-1.950250116830435e-9	-2.4691316034705945e-9	-3.124725748888421e-9	-3.952665848464479e-9	-4.9977609216427235e-9	-6.316326171480893e-9	-7.979095995180974e-9	-1.0074862468492019e-8	-1.271501651185156e-8	-1.6039211230152887e-8	-2.0222419002205203e-8	-2.5483717967905185e-8	-3.2097222272488114e-8	-4.0405666984921405e-8	-5.08372768809077e-8	-6.392669292687071e-8	-8.034090690901262e-8	-1.0091136991015229e-7	-1.2667370222665357e-7	-1.5891675032618022e-7	-1.992431218130282e-7	-2.496437953505561e-7	-3.125899646622093e-7	-3.9114595229483204e-7	-4.891078409348948e-7	-6.111734421580482e-7	-7.631503825985654e-7	-9.522104675484823e-7	-1.1872001179028746e-6	-1.4790186082615865e-6	-1.8410781060123796e-6	-2.2898621711365383e-6	-2.845602474967771e-6	-3.5330970854928186e-6	-4.3826977989609905e-6	-5.4314987213204295e-6	-6.7247636598265694e-6	-8.317635903802199e-6	-0.000010277180662498635	-0.000012684817765893238	-0.000015639210157061164	-0.00001925968208985335	-0.000023690249591561386	-0.00002910435435191209	-0.00003571040031790751	-0.000043758199299078444	-0.00005354643699684293	-0.00006543127297945836	-0.00007983618582703834	-0.00009726316618704878	-0.00011830534358493816	-0.000143661104797265	-0.00017414971912410886	-0.0002107284250983542	-0.0002545108495272668	-0.0003067865181703655	-0.0003690410722104713	-0.0004429766200471565	-0.0005305314239009741	-0.0006338978397984378	-0.0007555370934135706	-0.0008981890808087666	-0.0010648749336248514	-0.0012588895891353985	-0.0014837810704997068	-0.0017433126351023922	-0.002041403425569143	-0.002382042811760525	-0.002769173315551072	-0.0032065369595985567	-0.003697480198656699	-0.004244713426382934	-0.004850022576502215	-0.005513932748436676	-0.006235327284994661	-0.007011030500362982	-0.007835368441089192	-0.008699729708994006	-0.00959215737624962	-0.010497013039176276	-0.011394764423048053	-0.012261957575433554	-0.013071441965294152	-0.013792919561002561	-0.01439388445296871	-0.014841004647738715	-0.015101969013214889	-0.0151477771890354	-0.014955387144554376	-0.014510555122434574	-0.013810611223512058	-0.012866821858868265	-0.011705915654599906	-0.01037031716307482	-0.008916673020806381	-0.007412397859659262	-0.0059302322481397055	-0.004541188107959941	-0.003306713918625285	-0.0022713447570097216	-0.0014573603232458968	-0.0008628821202716203	-0.00046426411345600006	-0.000222575127733566	-0.00009267998836197597	-0.000032401006851484004	-9.081777762443101e-6	-1.9135711829190287e-6	-2.7615283938828257e-7	-2.3724101761236262e-8	-9.711905502599829e-10	-1.2976185501237798e-11	-2.7903191187961954e-14	-2.1176861316959707e-18	0.	0.	0.	0.	0.	0.	0.	0.	0.	0.	0.	0.	0.	0.	-285393.29805765674	-425060.45469498256	-543598.3351800964	-652454.2017272742	-756815.8635802809	-857211.1450650025	-955802.2759645404	-1.0529570998055614e6	-1.149819965397093e6	-1.245460599452023e6	-1.3410488192501361e6	-1.4365812746511174e6	-1.531587891378316e6	-1.6267208595737051e6	-1.7222838362168341e6	-1.8183729623490553e6	-1.9134568273555427e6	-2.010041944326541e6	-2.106011253333442e6	-2.203445402944974e6	-2.299960589957278e6	-2.397196344167943e6	-2.4954599730731677e6	-2.592898315142183e6	-2.6926486393770063e6	-2.7915376702729743e6	-2.889962939203837e6	-2.990209967367765e6	-3.090715100101615e6	-3.1911120612100814e6	-3.2918760145067037e6	-3.3932758947112462e6
-3.505193115397293e-15	-3.903397812191273e-14	-7.69794383722442e-14	-1.1968786925055317e-13	-1.6979446523572974e-13	-2.303827165413747e-13	-3.0517035879773755e-13	-3.9873293037415097e-13	-5.167780192411066e-13	-6.664863180541054e-13	-8.569393931773213e-13	-1.0996590894388369e-12	-1.4092898601995944e-12	-1.80446350739196e-12	-2.308896168747466e-12	-2.9527806265874095e-12	-3.774553658579195e-12	-4.823139361183881e-12	-6.16079608121028e-12	-7.866728416846399e-12	-1.0041668423335088e-11	-1.2813684022504889e-11	-1.634554061268888e-11	-2.0844027476809043e-11	-2.657176861096022e-11	-3.3862173471024216e-11	-4.313835427244368e-11	-5.493705165559305e-11	-6.99388811500545e-11	-8.900655273226219e-11	-1.1323314269465017e-10	-1.440030326409879e-10	-1.830688021640706e-10	-2.326482036092244e-10	-2.95546401674496e-10	-3.7530998009099156e-10	-4.764208679450631e-10	-6.04540400516451e-10	-7.668163049863513e-10	-9.722686149645492e-10	-1.2322745244905288e-9	-1.561177183612014e-9	-1.9770496502284907e-9	-2.502652938916719e-9	-3.166636706313464e-9	-4.005043027234386e-9	-5.063188489979169e-9	-6.3980181407905206e-9	-8.081047454138074e-9	-1.0202036498001902e-8	-1.2873575023696203e-8	-1.623679982767831e-8	-2.0468518221194513e-8	-2.579007600410332e-8	-3.247838763993717e-8	-4.087964359669676e-8	-5.1426328944194176e-8	-6.465833296756863e-8	-8.124910738826401e-8	-1.0203804750350362e-7	-1.280705341846341e-7	-1.6064739474893904e-7	-2.0138592853157806e-7	-2.522951118536849e-7	-3.1586816265030635e-7	-3.951963255627462e-7	-4.941085550506461e-7	-6.173427515640987e-7	-7.707553721601261e-7	-9.615776241431915e-7	-1.1987280944118792e-6	-1.4931936083881466e-6	-1.858492394890042e-6	-2.311236304902133e-6	-2.871811943570416e-6	-3.56520417813439e-6	-4.421989631718131e-6	-5.479532512435386e-6	-6.783420500224547e-6	-8.389184448358419e-6	-0.000010364352360364183	-0.000012790895453570717	-0.000015768132052148522	-0.00001941616344067481	-0.00002387992444993352	-0.000029333940131421292	-0.0000359878879626047	-0.000044093071996717886	-0.000053949920399941126	-0.00006591661981257779	-0.00008041899751745885	-0.00009796175370637529	-0.00011914112896851622	-0.00014465906374210412	-0.00017533886356778147	-0.000212142322652416	-0.0002561881739695869	-0.00030877162177358515	-0.0003713845663768031	-0.0004457359454149134	-0.0005337713846811384	-0.0006376910695153484	-0.0007599644104363333	-0.0009033396821197164	-0.0010708463643379755	-0.001265787413662664	-0.0014917181594789766	-0.0017524079710174592	-0.0020517803204996993	-0.002393826424369145	-0.0027824873531554035	-0.003221499457375589	-0.003714198284554769	-0.0042632770104850245	-0.004870496951011036	-0.005536350152831555	-0.006259677583607838	-0.007037251239091506	-0.007863334696916798	-0.008729244318335055	-0.009622942319584417	-0.010528702958048	-0.011426903431948868	-0.01229400067736405	-0.013102762448160443	-0.013822823695540436	-0.01442163457755516	-0.014865851255531555	-0.015123191704351956	-0.015164733288659277	-0.014967565430908726	-0.014517630537661919	-0.013812494822025788	-0.012863698861984924	-0.01169826371538731	-0.010358897276615684	-0.008902487425755373	-0.007396613120708478	-0.005914071505838751	-0.004525803676717141	-0.003293058668822347	-0.0022600658811551284	-0.0014487395146934503	-0.0008568395942697711	-0.00046042969723269784	-0.00022041046210960794	-0.0000916181903237118	-0.00003196273381028714	-8.93611880886503e-6	-1.8769444634405952e-6	-2.69787380142237e-7	-2.305735403422476e-8	-9.373497087344368e-10	-1.2402515241254552e-11	-2.6285702094517415e-14	-1.9484424382107267e-18	0.	0.	0.	0.	0.	0.	0.	0.	0.	0.	0.	0.	0.	-47109.00409877942	-296887.92648859025	-434972.34419875225	-552770.7143279867	-662015.7650755405	-765922.6729701869	-867234.2737180383	-965984.4140874292	-1.0636033550996098e6	-1.1607060247169167e6	-1.257056362483996e6	-1.3529654524569323e6	-1.4483014177223656e6	-1.5444031369067787e6	-1.6396658600460368e6	-1.7363744347916688e6	-1.8319116638193408e6	-1.9279801250894081e6	-2.024926613906148e6	-2.1223404799288837e6	-2.2191703857501857e6	-2.3160793684276138e6	-2.4148489743245468e6	-2.5130657262552716e6	-2.6119363016766235e6	-2.709738872560865e6	-2.8091997021836736e6	-2.9099869477298185e6	-3.0098447595154145e6	-3.1108948966497853e6	-3.211883899502202e6	-3.314095041032956e6
-2.7922077996209287e-15	-3.109423427858058e-14	-6.132184083176174e-14	-9.53445900765191e-14	-1.3526239043881422e-13	-1.8353257271358418e-13	-2.431181989304278e-13	-3.176663592137595e-13	-4.1172695785615904e-13	-5.310248156207705e-13	-6.828010288031468e-13	-8.762434744278631e-13	-1.1230314803340535e-12	-1.4380262152986868e-12	-1.840146681681459e-12	-2.353481700977572e-12	-3.0087017404860143e-12	-3.844851292564274e-12	-4.911623999201988e-12	-6.272249793889492e-12	-8.007157552109549e-12	-1.0218619952733277e-11	-1.3036641765509626e-11	-1.662642157306372e-11	-2.1197803552008765e-11	-2.7017245190951394e-11	-3.442296424046335e-11	-4.384410125823807e-11	-5.5824951646879605e-11	-7.105559465852607e-11	-9.041059036570839e-11	-1.1499784703197448e-10	-1.4622030252389858e-10	-1.858537420952837e-10	-2.3614492527412506e-10	-2.99935259537682e-10	-3.808165910203291e-10	-4.833273489469388e-10	-6.131993626605287e-10	-7.77668270069113e-10	-9.85863680011016e-10	-1.2492992947475146e-9	-1.5824882356333183e-9	-2.0037150832942453e-9	-2.53600393788859e-9	-3.2083314873954155e-9	-4.0571460885478554e-9	-5.128268763871842e-9	-6.4792704717951e-9	-8.182442838485785e-9	-1.0328507757614622e-8	-1.3031246097807568e-8	-1.6433268706744957e-8	-2.0713205790267553e-8	-2.609465578998864e-8	-3.285731476822552e-8	-4.1350805280463744e-8	-5.2011843687763253e-8	-6.538553154476026e-8	-8.215173574428465e-8	-1.031577402681153e-7	-1.2945861774754264e-7	-1.6236709115974403e-7	-2.0351504622257174e-7	-2.549293267810589e-7	-3.191250144117987e-7	-3.992200779552161e-7	-4.990761000377021e-7	-6.23470770476058e-7	-7.783090089796913e-7	-9.708809738654527e-7	-1.2101768657185452e-6	-1.5072703853362685e-6	-1.875784998139942e-6	-2.3324598403911413e-6	-2.8978352266682253e-6	-3.5970813353196495e-6	-4.4609978106833375e-6	-5.527216775989809e-6	-6.841647139763207e-6	-8.46020412874652e-6	-0.000010450874698769815	-0.00001289617683784487	-0.000015896078716052683	-0.000019571452027857087	-0.00002406814250774765	-0.000029561749167919314	-0.00003626321185971519	-0.00004442531367919508	-0.00005435020968657579	-0.000066398095289721	-0.00008099712503312399	-0.00009865468363451869	-0.00011997009367541162	-0.00014564881562628788	-0.0001765181525561509	-0.0002135444100200648	-0.00025785137670154303	-0.00031073987828621023	-0.00037370801014513	-0.00044847146779297394	-0.0005369831618528668	-0.000641451021000466	-0.0007643525478741545	-0.0009084442972154827	-0.0010767639940412093	-0.0012726225091655597	-0.00149958237398579	-0.0017614189702078618	-0.0020620600102735018	-0.002405498484276219	-0.002795673962776935	-0.00323631710919742	-0.0037307525934034014	-0.0042816564596574475	-0.004890765562401761	-0.005558539136286587	-0.00628377611273344	-0.0070631966192165	-0.007891002336520542	-0.008758438085874856	-0.009653386057015677	-0.010560034118500535	-0.01145866999281917	-0.01232566262364639	-0.013133699186806246	-0.013852348703461156	-0.01444901835017256	-0.014890353154502586	-0.015144100554871389	-0.015181415522911825	-0.014979518230123515	-0.014524535870494173	-0.01381426868003323	-0.012860528629805135	-0.011690625870450465	-0.010347547960323281	-0.008888420341697952	-0.007380983041609673	-0.005898087422617732	-0.004510602741658256	-0.0032795792381520223	-0.002248943015194982	-0.0014402466330635834	-0.0008508933601127459	-0.000456661083415834	-0.00021828597539295895	-0.00009057783390993798	-0.00003153416120293657	-8.794025954104762e-6	-1.841320822452222e-6	-2.636196267696826e-7	-2.241449542981858e-8	-9.049379542951868e-10	-1.1858206499459688e-11	-2.4772427263649696e-14	-1.7937073672749213e-18	0.	0.	0.	0.	0.	0.	0.	0.	0.	0.	0.	0.	0.	-86073.68287589279	-308028.8271121969	-444417.52373915055	-562348.1481978218	-670969.0376754457	-775110.7973465229	-876516.9547329965	-975694.2012741319	-1.0736655977811334e6	-1.1712909359006018e6	-1.2680333052294543e6	-1.3644124320829744e6	-1.4604534878437258e6	-1.5568500619493523e6	-1.6534519566134054e6	-1.7489842615232975e6	-1.8463483826084088e6	-1.9430029244185805e6	-2.0397871327767007e6	-2.137197516172648e6	-2.2350888698184895e6	-2.3324628143891883e6	-2.4317079195476193e6	-2.5299519421901396e6	-2.6299516620139317e6	-2.728630102707473e6	-2.828911268041071e6	-2.929010156045027e6	-3.029738952129243e6	-3.1320012764292e6	-3.2336079923180114e6
-2.2237518602302247e-15	-2.4763939439585196e-14	-4.883804951162468e-14	-7.593544631478017e-14	-1.0772908932707374e-13	-1.461768473271586e-13	-1.9363974478617094e-13	-2.530241313000567e-13	-3.279561682716437e-13	-4.2299887117128737e-13	-5.439244415319651e-13	-6.980577582550477e-13	-8.947110453748871e-13	-1.1457349231774366e-12	-1.4662177027895819e-12	-1.875373269184659e-12	-2.3976685441307345e-12	-3.0642551586957375e-12	-3.914787068331122e-12	-4.9997275965143384e-12	-6.383276788889655e-12	-8.147084625850756e-12	-1.039495934343674e-11	-1.325883529277211e-11	-1.690633434074884e-11	-2.1550342426615922e-11	-2.746113339044217e-11	-3.498171111794163e-11	-4.4547216025225034e-11	-5.6709461812884815e-11	-7.21679449049527e-11	-9.18090161518033e-11	-1.1675534032253922e-10	-1.4842831565819626e-10	-1.8862681136574644e-10	-2.3962643982773994e-10	-3.0430465578941013e-10	-3.862983203185918e-10	-4.902020498025523e-10	-6.218177721563648e-10	-7.884685366484221e-10	-9.99392897337639e-10	-1.2662402705154122e-9	-1.603692748472745e-9	-2.0302451754879954e-9	-2.56918315389144e-9	-3.249808413315814e-9	-4.108973094196506e-9	-5.192999519131937e-9	-6.560080629962092e-9	-8.28327928377509e-9	-1.0454273041799086e-8	-1.3188026189863915e-8	-1.662861400689204e-8	-2.0956477585218887e-8	-2.639745303235467e-8	-3.323399934903663e-8	-4.181914794802988e-8	-5.259381758931768e-8	-6.610828619653507e-8	-8.304879126843615e-8	-1.042704502041958e-7	-1.308379589256831e-7	-1.640758513325102e-7	-2.0563049476580952e-7	-2.5754647122355654e-7	-3.2236056633830504e-7	-4.032172765196727e-7	-5.040105705751104e-7	-6.295576302490623e-7	-7.858114727650419e-7	-9.80120759790833e-7	-1.221546757503885e-6	-1.5212493719552291e-6	-1.892956487039901e-6	-2.353533526971237e-6	-2.9236733018897044e-6	-3.628729826223127e-6	-4.499723976183881e-6	-5.5745536233321495e-6	-6.899446285769094e-6	-8.530698404212495e-6	-0.000010536752082990376	-0.000013000667511020255	-0.00001602305722656367	-0.000019725556783336902	-0.000024254915005292748	-0.00002978779556818499	-0.00003653638966654185	-0.00004475494639039949	-0.000054747332306279664	-0.00006687573350464191	-0.0000815706106129965	-0.0000993420081691507	-0.00012079230204621732	-0.00014663043955545553	-0.00017768768309701406	-0.0002149348058511155	-0.0002595006024566322	-0.0003126914637797012	-0.0003760116171143443	-0.0004511834455662054	-0.0005401670670586804	-0.000645178068990874	-0.0007687019549177765	-0.000913503462778784	-0.0010826284617772193	-0.001279395633879615	-0.0015073746103547632	-0.001770346688154306	-0.002072243732713775	-0.0024170604369215328	-0.002808734824647269	-0.003250991858853454	-0.003747145362430754	-0.004299854334888902	-0.004910831325278828	-0.005580502995238777	-0.006307626575756801	-0.007088870771316754	-0.007918375930971916	-0.008787316027172367	-0.009683494040695607	-0.01059101238678175	-0.011490070346204969	-0.012356949969555352	-0.013164258969912267	-0.013881501502621373	-0.014476042690771865	-0.014914517118448802	-0.015164702026730975	-0.01519782986491177	-0.014991250846894153	-0.01453127558633932	-0.013815936275019085	-0.012857313540349403	-0.011683003338757967	-0.010336269279398621	-0.0088744707588342	-0.00736550569155372	-0.005882277368478985	-0.004495582245391634	-0.00326627243568717	-0.002237973115457795	-0.0014318790128607295	-0.0008450412808029834	-0.00045295671685214656	-0.00021620065461250274	-0.0000895583404842855	-0.0000311150073878153	-8.655387031621295e-6	-1.8066657678860994e-6	-2.576420587668726e-7	-2.179450514931998e-8	-8.73885288940571e-10	-1.1341565351163168e-11	-2.3356011419491626e-14	-1.652155641184031e-18	0.	0.	0.	0.	0.	0.	0.	0.	0.	0.	0.	0.	0.	-112508.78143138564	-318351.4014540777	-453761.8499134766	-571252.4321231052	-680687.0277756806	-785080.855578167	-886211.6643253878	-985979.1941296571	-1.0844113128514567e6	-1.182206086980424e6	-1.279114615888239e6	-1.3764191753622824e6	-1.4731922368419012e6	-1.5697512294369733e6	-1.6662619582240225e6	-1.7632884844333727e6	-1.8596237620030288e6	-1.957551259498446e6	-2.0556227028174067e6	-2.1531133102596058e6	-2.2510432354494347e6	-2.349284429055663e6	-2.4487593512112373e6	-2.5473104785574707e6	-2.6471046966821137e6	-2.747480058621353e6	-2.847092880901734e6	-2.948913733963055e6	-3.0505512096889867e6	-3.151506132877347e6
-1.7706357322134738e-15	-1.9718045092811258e-14	-3.888710919467475e-14	-6.04640376214857e-14	-8.578134525703026e-14	-1.1639859882351162e-13	-1.5419666893396957e-13	-2.0149107404675664e-13	-2.611710876484846e-13	-3.3687283497201e-13	-4.331964823761251e-13	-5.559802415321464e-13	-7.126471550058211e-13	-9.126448029228592e-13	-1.168003408358985e-12	-1.4940445543942399e-12	-1.9102813294216687e-12	-2.4415615277643068e-12	-3.1195193454087858e-12	-3.984418319485213e-12	-5.087490291724537e-12	-6.493902906421391e-12	-8.286523230097513e-12	-1.0570689295120535e-11	-1.3480257177607875e-11	-1.7185261609066952e-11	-2.19016166928538e-11	-2.790339503365086e-11	-3.553836404877544e-11	-4.524763507663531e-11	-5.759050316982075e-11	-7.327583484201821e-11	-9.320171181957932e-11	-1.1850547925268348e-10	-1.5062689912103004e-10	-1.913878020347653e-10	-2.430924979493138e-10	-3.086542922907388e-10	-3.9175481238922304e-10	-4.970445474863759e-10	-6.303951271159116e-10	-7.992165109804072e-10	-1.012855566709258e-9	-1.283096628754343e-9	-1.6247897583465635e-9	-2.0566388028913967e-9	-2.6021892823776647e-9	-3.291065977873715e-9	-4.160522315700381e-9	-5.257378786151243e-9	-6.6404463895069925e-9	-8.383554299643503e-9	-1.0579329597838813e-8	-1.3343912303079018e-8	-1.6822832529024787e-8	-2.1198330279836493e-8	-2.6698464399742576e-8	-3.360843823175396e-8	-4.228466890302904e-8	-5.3172248797680805e-8	-6.682659646468709e-8	-8.394027565107329e-8	-1.0537618217987062e-7	-1.3220856715237104e-7	-1.6577369111979537e-7	-2.0773229889225518e-7	-2.6014658203111787e-7	-3.255748716445341e-7	-4.0718799636990254e-7	-5.089120708561399e-7	-6.356034734325974e-7	-7.93262956360181e-7	-9.892972403657634e-7	-1.2328381133785928e-6	-1.5351310219379584e-6	-1.910007457009091e-6	-2.3744581418563562e-6	-2.9493271788374327e-6	-3.6601509565468204e-6	-4.5381698100377145e-6	-5.6215452126321614e-6	-6.956820698008822e-6	-8.60067079222138e-6	-0.000010621988982263402	-0.000013104373134790674	-0.000016149074735575385	-0.000019878486716615323	-0.00002444025326189998	-0.000030012093516570413	-0.000036807439112280325	-0.00004508199223458859	-0.00005514131574948502	-0.00006734956856191712	-0.00008213949646281553	-0.00010002377941249269	-0.00012160781824043006	-0.00014760401433861652	-0.0001788475517481924	-0.00021631362814455966	-0.00026113599505747014	-0.00031462655308126376	-0.00037829559921554465	-0.00045387213491800485	-0.0005433234090722362	-0.0006488725845261926	-0.0007730130760387612	-0.0009185177095216851	-0.0010884403990951983	-0.0012861075367058225	-0.0015150957533748293	-0.0017791921661537554	-0.0020823327083338105	-0.0024285137067567688	-0.0028216715937136334	-0.003265525619869457	-0.0037633787928780405	-0.004317873154660283	-0.004930697104380287	-0.005602244968041077	-0.0063312326089082285	-0.007114277748932448	-0.007945459963691793	-0.0088158830589351	-0.009713271612337794	-0.010621643507003087	-0.011521110599062715	-0.012387869126003887	-0.013194448432225529	-0.013910288849159977	-0.014502714352229589	-0.014938349751824481	-0.015185002414000712	-0.015213982125624553	-0.015002768434179109	-0.014537854014142882	-0.01381750096799927	-0.012854055879365566	-0.011675397274452715	-0.010325061263527953	-0.008860637661248897	-0.007350179161065572	-0.005866638758163771	-0.004480739192750194	-0.0032531351429545474	-0.002227153213196411	-0.0014236340587552793	-0.0008392812790949144	-0.00044931508844500354	-0.0002141535185643706	-0.00008855915065949615	-0.00003070500069725308	-8.520094126462746e-6	-1.772946217629424e-6	-2.518474905658002e-7	-2.1196412608204867e-8	-8.441255888698664e-10	-1.0851006090087514e-11	-2.202966188175479e-14	-1.5225902731649976e-18	0.	0.	0.	0.	0.	0.	0.	0.	0.	0.	0.	0.	0.	-133686.34480587675	-329339.2542094644	-463344.83228770643	-580192.523880323	-689763.497808242	-793967.3524804843	-895746.3181643704	-996190.0043561234	-1.0946064243395287e6	-1.1932326266426363e6	-1.2905326407141073e6	-1.3879501935948238e6	-1.4846987433148718e6	-1.5821485812608025e6	-1.6794743622198182e6	-1.7770436518526755e6	-1.8746734495258825e6	-1.971901508682795e6	-2.0701963156872233e6	-2.168314568916041e6	-2.266872209052081e6	-2.365669016498202e6	-2.4651060867181187e6	-2.5647712948166593e6	-2.664753058878082e6	-2.765376207017026e6	-2.866410357626421e6	-2.9678675602715476e6	-3.069438488393136e6
-1.4095417065015247e-15	-1.5696895376660243e-14	-3.095698967139788e-14	-4.813437492712041e-14	-6.829016328807685e-14	-9.266636775361829e-14	-1.2276101345538028e-13	-1.6041846268733072e-13	-2.0794032440044234e-13	-2.68223428815074e-13	-3.4493301506683883e-13	-4.4272124962264986e-13	-5.675038173533222e-13	-7.268106963665538e-13	-9.302314510129028e-13	-1.1899807939174722e-12	-1.5216170207138857e-12	-1.9449546367541985e-12	-2.4852234340861967e-12	-3.174540273693633e-12	-4.0537773557272784e-12	-5.17493305018464e-12	-6.60413941577906e-12	-8.425476035880303e-12	-1.0745804506676813e-11	-1.370089436696669e-11	-1.7463182422120392e-11	-2.225159698878118e-11	-2.8343991505490207e-11	-3.609287396214962e-11	-4.5945297304784545e-11	-5.846800057926054e-11	-7.43791728518354e-11	-9.458856630761913e-11	-1.2024812977345174e-10	-1.528158916804436e-10	-1.9413652074230828e-10	-2.4654286837438694e-10	-3.1298389316012074e-10	-3.971857389798119e-10	-5.038544524928465e-10	-6.389309666860298e-10	-8.099116494878615e-10	-1.0262510491404882e-9	-1.2998676211344575e-9	-1.6457783925240421e-9	-2.0828949524672866e-9	-2.6350211537033912e-9	-3.3321028388508058e-9	-4.211792223733778e-9	-5.3214048369846515e-9	-6.720365817612105e-9	-8.483265750543602e-9	-1.0703675102295522e-8	-1.3498901959511237e-8	-1.7015921700481712e-8	-2.1438761303375148e-8	-2.699768747069651e-8	-3.398062936058497e-8	-4.274736676459543e-8	-5.374713704019504e-8	-6.754046378247175e-8	-8.482619284564646e-8	-1.0647494376678241e-7	-1.3357045508525716e-7	-1.674606302129519e-7	-2.098204878947927e-7	-2.627297014643287e-7	-3.287679899490785e-7	-4.111323201822458e-7	-5.13780713983627e-7	-6.416084530457052e-7	-8.006636648777748e-7	-9.984106883704239e-7	-1.2440512936452137e-6	-1.5489158083458955e-6	-1.9269385258528097e-6	-2.3952344880219434e-6	-2.9747978966162528e-6	-3.6913460655949037e-6	-4.576337032098373e-6	-5.668193744808559e-6	-7.013773183900277e-6	-8.67012486283849e-6	-0.000010706589923213766	-0.000013207299432565075	-0.000016274138460153757	-0.000020030250904394825	-0.00002462416866395936	-0.000030234657261191953	-0.00003707637798217133	-0.00004540647335827324	-0.00005553218752691941	-0.00006781963455362988	-0.00008270382472886242	-0.00010070004934198478	-0.00012241670620389942	-0.0001485696184523393	-0.0001799978545784984	-0.0002176809942065206	-0.0002627576973711315	-0.0003165453197272422	-0.00038056016666448853	-0.00045653778978318137	-0.000546452493753591	-0.000652534934908758	-0.0007772863509579635	-0.000923487562166663	-0.0010942004300499243	-0.0012927589572345455	-0.0015227466763462407	-0.0017879564314195874	-0.0020923281404926566	-0.002439859697470595	-0.002834485899950461	-0.003279920275924838	-0.0037794550505444047	-0.004335715395641985	-0.004950365715454628	-0.005623768236048881	-0.006354597782590239	-0.00713942153016491	-0.007972258832355921	-0.008844144001260199	-0.00974272400582144	-0.010651933104128652	-0.011551796728145752	-0.012418426363330504	-0.013224274058734017	-0.01393871734202996	-0.01452903992518707	-0.014961857494812577	-0.015205007848070724	-0.015229877959084133	-0.015014075998295226	-0.014544275351195431	-0.01381896600787605	-0.01285075784406535	-0.011667808769824945	-0.010313923908979216	-0.008846920028066496	-0.007335001562216755	-0.005851169050492965	-0.0044660706494044815	-0.003240164312026694	-0.002216480412405823	-0.0014155092433834724	-0.0008336113355025304	-0.0004457347335312125	-0.00021214361663115134	-0.00008757972354262722	-0.00003030387902400111	-8.388043388093775e-6	-1.7401304331962635e-6	-2.4622905454723046e-7	-2.061929465670425e-8	-8.155963664555392e-10	-1.0385043670178557e-11	-2.078710231636174e-14	-1.4039294656692292e-18	0.	0.	0.	0.	0.	0.	0.	0.	0.	0.	0.	0.	0.	-152713.32807310924	-339322.41122707614	-472260.17888014764	-589645.7759121512	-698899.4620442152	-803517.0726001858	-905541.6381669386	-1.0062315158300898e6	-1.105685512358392e6	-1.2038524166026658e6	-1.302301760325327e6	-1.3996476356619315e6	-1.4971876315523789e6	-1.5948383982781908e6	-1.6923599958523763e6	-1.790406924532606e6	-1.8878216064318607e6	-1.9864325167161433e6	-2.0850604400096969e6	-2.1839288426446053e6	-2.28258591297164e6	-2.382159797016422e6	-2.48191493949464e6	-2.582518904538538e6	-2.683196276352862e6	-2.78411101638293e6	-2.886042158262101e6	-2.987267719899947e6
-1.1218477651431517e-15	-1.2493118064504222e-14	-2.4638766435563324e-14	-3.831074433203674e-14	-5.435385525581233e-14	-7.375699969184849e-14	-9.771300893973423e-14	-1.27690637725071e-13	-1.6552292968655954e-13	-2.135172038999371e-13	-2.745931059831868e-13	-3.524568252347759e-13	-4.5182165882919987e-13	-5.786877590051505e-13	-7.406973215319117e-13	-9.47585785781473e-13	-1.2117550941200941e-12	-1.5490020287915275e-12	-1.979443409936138e-12	-2.528691110832928e-12	-3.229343935029855e-12	-4.122881171301214e-12	-5.2620651904598066e-12	-6.713988846354016e-12	-8.563939298489581e-12	-1.0920295151330675e-11	-1.3920730850889386e-11	-1.7740074210740096e-11	-2.260025353955248e-11	-2.8782884898566798e-11	-3.6645193597746607e-11	-4.664014455412117e-11	-5.934188309421656e-11	-7.547787289769189e-11	-9.596947574244203e-11	-1.219831669164026e-10	-1.5499514343520043e-10	-1.9687278817357338e-10	-2.4997733715548866e-10	-3.172932037995987e-10	-4.025907979496913e-10	-5.106314072957575e-10	-6.474248691166373e-10	-8.205534563493262e-10	-1.0395787639316028e-9	-1.316552570399929e-9	-1.6666578648637921e-9	-2.109012716570959e-9	-2.667677726391321e-9	-3.372917809771984e-9	-4.262781478053112e-9	-5.385076173023277e-9	-6.799837259356991e-9	-8.582411837345295e-9	-1.0827307638588525e-8	-1.3652993172738758e-8	-1.7207879541732914e-8	-2.1677768800034864e-8	-2.72951206845104e-8	-3.435057171471463e-8	-4.3207241394701814e-8	-5.431848353460964e-8	-6.824989136783938e-8	-8.570654893944791e-8	-1.0756674508377439e-7	-1.3492363841747491e-7	-1.691366919142052e-7	-2.1189509535344957e-7	-2.6529587686353113e-7	-3.319399868764133e-7	-4.150503377174664e-7	-5.18616621396272e-7	-6.475727318895466e-7	-8.080138148764908e-7	-1.007461389935778e-6	-1.2551866741253029e-6	-1.5626042222117844e-6	-1.9437503321008043e-6	-2.415863392232088e-6	-3.0000865214951505e-6	-3.7223165235083437e-6	-4.614227396990498e-6	-5.714501459683531e-6	-7.070306593993054e-6	-8.739064233430565e-6	-0.000010790559483656527	-0.000013309452182239732	-0.00001639825567413236	-0.000020180858480836576	-0.000024806672653664342	-0.00003045550110097553	-0.00003734322410264651	-0.000045728411933266896	-0.000055919975150347106	-0.00006828596553761068	-0.00008326363747352089	-0.00010137086978302349	-0.00012321902963865464	-0.0001495273300076354	-0.00018113868713178578	-0.0002190370206117095	-0.0002643658512684443	-0.0003184479359209186	-0.0003828055279188854	-0.00045918066180619416	-0.0005495546240103008	-0.0006561654836701849	-0.0007815222146208406	-0.0009284135394349541	-0.0010999091712084795	-0.0012993506257772008	-0.0015303282411453767	-0.0017966404971893161	-0.0021022312155573285	-0.002451099792219654	-0.0028471793486750307	-0.003294177681271898	-0.0037953762663310016	-0.004353383493386663	-0.004969839926128804	-0.005645075924691118	-0.0063777256026821445	-0.007164306019246354	-0.007998776850759157	-0.008872103579823279	-0.009771856349730539	-0.010681886686884105	-0.011582134583296034	-0.012448627814974092	-0.013253742188711885	-0.013966793427385438	-0.01455502584272782	-0.01498504662822282	-0.015224724302673256	-0.01524552286742321	-0.015025178403816517	-0.014550543667749192	-0.013820334535609331	-0.012847421546696124	-0.011660238858144902	-0.010302857180586655	-0.008833316834528454	-0.00731997102879686	-0.0058358657477035735	-0.004451573740503978	-0.0032273569636678953	-0.002205951887712972	-0.0014075021052259917	-0.0008280294863835126	-0.00044221423032364196	-0.0002101700276515279	-0.00008661953601416088	-0.00002991138942724986	-8.259134852563554e-6	-1.7081879569124245e-6	-2.4078018501625583e-7	-2.0062272970718536e-8	-7.882385482393071e-10	-9.942286718874473e-12	-1.962253054516542e-14	-1.2951922053964497e-18	0.	0.	0.	0.	0.	0.	0.	0.	0.	0.	0.	0.	0.	-169463.8281551667	-349400.9164385711	-481661.1836640511	-598501.6761801516	-707698.174216231	-812848.1702933908	-915567.9492707206	-1.0157462318755891e6	-1.1156034164828523e6	-1.214862611829016e6	-1.313099365157238e6	-1.4116621037895975e6	-1.5093932662826248e6	-1.6075689747609955e6	-1.7050967131343498e6	-1.8039998512175092e6	-1.9023308497789425e6	-2.0010934400007762e6	-2.0997426493066237e6	-2.199130793260084e6	-2.2991325073524094e6	-2.398530299327914e6	-2.498823633142311e6	-2.6002266693197e6	-2.701493293011454e6	-2.803152423107647e6	-2.9048653933058684e6
-8.926857966277402e-16	-9.941151055840848e-15	-1.9605944024372668e-14	-3.0485571450066945e-14	-4.3252470676635094e-14	-5.869383395117158e-14	-7.775927746683202e-14	-1.0161817396677448e-13	-1.317300671707377e-13	-1.6993231194820297e-13	-2.1855009773544365e-13	-2.805353114258492e-13	-3.596423709305103e-13	-4.606512762867846e-13	-5.896508499694944e-13	-7.543986055922291e-13	-9.647780475072407e-13	-1.233379762826269e-12	-1.5762397337480913e-12	-2.013777169804026e-12	-2.5719854555066783e-12	-3.283944089127624e-12	-4.1917374490962795e-12	-5.348889038745991e-12	-6.823448586552686e-12	-8.70190563298027e-12	-1.1094149008173612e-11	-1.4139749290036133e-11	-1.801591402577082e-11	-2.2947557071917222e-11	-2.922003867457484e-11	-3.719527796112445e-11	-4.733212190615008e-11	-6.021208408873904e-11	-7.657185451758722e-11	-9.734434330028395e-11	-1.2371047452062193e-10	-1.5716451540475468e-10	-1.9959643848095774e-10	-2.5339570691489574e-10	-3.215819899491264e-10	-4.0796971206764014e-10	-5.173750848363628e-10	-6.558764498905962e-10	-8.311414812125275e-10	-1.052838185845501e-9	-1.3331508668868566e-9	-1.6874274715285317e-9	-2.134991287699466e-9	-2.7001580807171727e-9	-3.413509852042251e-9	-4.313488917867294e-9	-5.448391513230015e-9	-6.878859323365222e-9	-8.680991079820762e-9	-1.0950225675619414e-8	-1.3806184421806056e-8	-1.7398704634677295e-8	-2.1915351590382332e-8	-2.759076329431532e-8	-3.4718265251332095e-8	-4.366429382902312e-8	-5.488629090523925e-8	-6.895488412187601e-8	-8.65813520307034e-8	-1.086515986482906e-7	-1.3626813569815545e-7	-1.7080190292009048e-7	-2.139561588743898e-7	-2.678451603345933e-7	-3.3509093367904806e-7	-4.189421453669608e-7	-5.234199223243598e-7	-6.534964818954024e-7	-8.153136335811053e-7	-1.0164496436120092e-6	-1.2662446450483864e-6	-1.576196771216708e-6	-1.960443533434503e-6	-2.43634570317312e-6	-3.0251941446964802e-6	-3.7530637286508976e-6	-4.651842691025828e-6	-5.760470632352421e-6	-7.1264238177041186e-6	-8.807492563669254e-6	-0.000010873902286758098	-0.000013410837209393853	-0.000016521433700205804	-0.0000203303186284032	-0.00002498777671844221	-0.000030674639373503616	-0.0000376079953274148	-0.000046047830140821266	-0.000056304706114580735	-0.00006874859551714848	-0.00008381897665253704	-0.00010203629238365712	-0.00012401485197495896	-0.00015047722671940116	-0.00018227014439389018	-0.00022038182316812905	-0.00026596059758691586	-0.00032033457249439296	-0.0003850318896402606	-0.00046180100030442534	-0.0005526300997640446	-0.0006597645905438456	-0.0007857210971791079	-0.000933296154041547	-0.0011055672316638392	-0.001305883263404938	-0.0015378412982963575	-0.0018052453628388918	-0.0021120431030712144	-0.002462235353864457	-0.002859753520866739	-0.003308299661156423	-0.0038111445367835645	-0.004370879843016795	-0.004989122456765929	-0.005666171104525906	-0.0064006195118222736	-0.00718893504807743	-0.008025018250639157	-0.008899766428015666	-0.00980067366982795	-0.010711509650588286	-0.011612129890642878	-0.012478479481040562	-0.013282859019641748	-0.01399452340282726	-0.014580678384900465	-0.015007923278220446	-0.015244157598726606	-0.015260922205717328	-0.015036080378286519	-0.014556662911449511	-0.013821609588216318	-0.012844049017956816	-0.011652688516360359	-0.010291861013630407	-0.008819827052998542	-0.0073050857164479975	-0.005820726394782168	-0.004437245649346251	-0.003214710185533601	-0.002195564882335524	-0.001399610246562601	-0.0008225338220965036	-0.00043875219841671263	-0.00020823185883795883	-0.00008567808203929328	-0.000029527287757158942	-8.133272273494334e-6	-1.6770895524076522e-6	-2.3549460308029843e-7	-1.9524511601655077e-8	-7.619962677815413e-10	-9.521431075416356e-12	-1.8530580036500705e-14	-1.195497132850169e-18	0.	0.	0.	0.	0.	0.	0.	0.	0.	0.	0.	0.	0.	-184766.48647778097	-359574.76986065996	-490445.421881843	-607345.1418209731	-716627.8137051465	-822399.5420611505	-925224.1497383707	-1.0261055984272544e6	-1.1259971193088624e6	-1.2255691293525763e6	-1.3246520844388278e6	-1.4229305606521484e6	-1.5212997280901393e6	-1.6200827530606124e6	-1.718287927717555e6	-1.817783156404873e6	-1.9163724566802375e6	-2.0156991834084494e6	-2.1144898713364042e6	-2.214432698957344e6	-2.3148357259693034e6	-2.4157674145458844e6	-2.5160127613282125e6	-2.617022997757463e6	-2.7187633892129185e6	-2.8214047827763865e6
-7.101881541221455e-16	-7.908836151965432e-15	-1.5597917331413575e-14	-2.425369834642141e-14	-3.4411311108672064e-14	-4.669724710459137e-14	-6.18673303200931e-14	-8.085237321728537e-14	-1.0481426735676153e-13	-1.3521579922233729e-13	-1.7390831824561749e-13	-2.2324239253341193e-13	-2.862079514129797e-13	-3.6661207258751904e-13	-4.693048075788723e-13	-6.004661229448904e-13	-7.679705951829429e-13	-9.818509174955071e-13	-1.2548868967565e-12	-1.6033537787497913e-12	-2.047972708020705e-12	-2.6151175988019045e-12	-3.3383470599504817e-12	-4.260348283172919e-12	-5.435402801284282e-12	-6.932513099299539e-12	-8.839365720112931e-12	-1.1267352765597221e-11	-1.4357932003763437e-11	-1.8290679268827224e-11	-2.3293479348302236e-11	-2.965541803561254e-11	-3.774308455252188e-11	-4.802117778124778e-11	-6.107854125857585e-11	-7.766104272287452e-11	-9.871307899755531e-11	-1.254299449105724e-10	-1.5932387908637014e-10	-2.0230731871614884e-10	-2.5679779610506106e-10	-3.258500367416212e-10	-4.1332222783697154e-10	-5.240851870802663e-10	-6.642853599453804e-10	-8.416753169850433e-10	-1.0660288423870403e-9	-1.3496619651860826e-9	-1.7080865869044769e-9	-2.1608299534936286e-9	-2.7324614125668496e-9	-3.4538780674350365e-9	-4.3639135526660966e-9	-5.511349782935533e-9	-6.9574308681025465e-9	-8.779002299929797e-9	-1.1072428047405985e-8	-1.3958474626415676e-8	-1.7588396092426818e-8	-2.2151509134605527e-8	-2.7884615322425733e-8	-3.508371085139779e-8	-4.411852621113589e-8	-5.545056310320567e-8	-6.96554485322042e-8	-8.74506121116927e-8	-1.0972951923509907e-7	-1.3760396816183772e-7	-1.7245629311568704e-7	-2.1600371984198327e-7	-2.7037760845053547e-7	-3.382209068788634e-7	-4.2280784572213146e-7	-5.281907532733923e-7	-6.593798835063829e-7	-8.22563358143181e-7	-1.025375759485723e-6	-1.2772256099995136e-6	-1.589693978437377e-6	-1.977018805198483e-6	-2.456682289687966e-6	-3.0501218803054744e-6	-3.783589105139117e-6	-4.689184729290653e-6	-5.806103569756336e-6	-7.182127779295067e-6	-8.875413550820862e-6	-0.00001095662299553536	-0.00001351146038088362	-0.000016643679902493416	-0.000020478640569254527	-0.000025167492381034943	-0.000030892086443624335	-0.00003787070952443382	-0.00004636475015680033	-0.00005668640788069065	-0.00006920755842208584	-0.00008436988409387377	-0.00010269636859110015	-0.00012480423634546426	-0.00015141938587824604	-0.0001833923207622862	-0.00022171551688485137	-0.00026754207609712167	-0.00032220539887429915	-0.00038723945666006404	-0.0004643990522361053	-0.0005556792179222939	-0.0006633326114428451	-0.0007898834239782678	-0.0009381359126963614	-0.001111175213054838	-0.0013123575819937556	-0.001545286687049202	-0.0018137720140029919	-0.0021217649559278464	-0.0024732677252095004	-0.0028722099734889706	-0.0033222880122388723	-0.003826761924632849	-0.004388206799906429	-0.005008215981312927	-0.005687056792280129	-0.006423282890667354	-0.007213312377735356	-0.00805098718346048	-0.008927137089030337	-0.009829180891468198	-0.0107408072799084	-0.011641788255711848	-0.012507987231764807	-0.013311630611015098	-0.014021913421515092	-0.014606003683092391	-0.015030493420894131	-0.01526331340900738	-0.015276081186651701	-0.015046786516751039	-0.014562636911592907	-0.013822794102604405	-0.012840642210263271	-0.011645158667668175	-0.010280935315615669	-0.008806449653899897	-0.007290343802764415	-0.0058057485787960505	-0.004423083616074314	-0.0032022211304205206	-0.002185316706107422	-0.001391831331499673	-0.0008171224852283406	-0.0004353472973518878	-0.00020632824474002797	-0.00008475487200979573	-0.000029151338296921813	-8.010362961404455e-6	-1.6468071482216314e-6	-2.3036630237359134e-7	-1.900521467458762e-8	-7.368166722863196e-10	-9.121253811913362e-12	-1.750628473557473e-14	-1.1040409830091345e-18	0.	0.	0.	0.	0.	0.	0.	0.	0.	0.	0.	0.	0.	-199261.0004261631	-369287.72123269143	-499512.27623892884	-616121.2501931437	-725938.0515304758	-831142.7978369045	-934417.8523670062	-1.0359342174213774e6	-1.1363735445445208e6	-1.23601417440178e6	-1.3355287121134063e6	-1.43462440899357e6	-1.533917213386544e6	-1.6331950137128716e6	-1.732104106951896e6	-1.8309680649343166e6	-1.930963912738343e6	-2.0301942523596778e6	-2.1298618437208715e6	-2.230540827598114e6	-2.330802434437855e6	-2.432126407048766e6	-2.5331625888772486e6	-2.6346200347759547e6	-2.736982050123281e6
-5.64884549969281e-16	-6.290713884150278e-15	-1.2406717491018328e-14	-1.9291807740388544e-14	-2.7371753349597696e-14	-3.714505690631817e-14	-4.9213160700382933e-14	-6.431682735835885e-14	-8.33807967039302e-14	-1.075693903442324e-13	-1.3835635339216807e-13	-1.7761301069947465e-13	-2.277199232927082e-13	-2.9170858973886547e-13	-3.734414197036175e-13	-4.778404852620531e-13	-6.111782855262621e-13	-7.814473575500003e-13	-9.98830043391357e-13	-1.2762954213885285e-12	-1.6303576461634573e-12	-2.082039020865126e-12	-2.658092732856767e-12	-3.392554699916419e-12	-4.3287124685284526e-12	-5.521602336493491e-12	-7.041175284392849e-12	-8.976309344309632e-12	-1.1439892805665752e-11	-1.4575261556437827e-11	-1.856434812707395e-11	-2.363799346197284e-11	-3.008899010172496e-11	-3.8288573460076785e-11	-4.870726395527833e-11	-6.194119654538521e-11	-7.874536783565542e-11	-1.0007559944730441e-10	-1.2714147856012243e-10	-1.6147311600998994e-10	-2.0500528824469878e-10	-2.601834382748346e-10	-3.3009714780139596e-10	-4.186481143814184e-10	-5.307614436276669e-10	-6.726512839502586e-10	-8.521545977195307e-10	-1.0791503112155192e-9	-1.3660853809712154e-9	-1.7286346596965237e-9	-2.1865280919461722e-9	-2.764587027589157e-9	-3.4940216909419968e-9	-4.4140545534646235e-9	-5.5739501031355255e-9	-7.035550988838351e-9	-8.876444605902876e-9	-1.1193913933670359e-8	-1.4109863123285332e-8	-1.7776953530538388e-8	-2.2386241497522325e-8	-2.8176677517821735e-8	-3.544691026802575e-8	-4.45699417299055e-8	-5.601130533055753e-8	-7.035159258110987e-8	-8.83143409576128e-8	-1.1080052374199721e-7	-1.389311595663493e-7	-1.7409989537912707e-7	-2.180378231833391e-7	-2.728932819682198e-7	-3.4132998792664283e-7	-4.266475471657872e-7	-5.329292575343455e-7	-6.652231250911741e-7	-8.297632349402608e-7	-1.0342400583435532e-6	-1.2881299849224734e-6	-1.6030963811601734e-6	-1.993476838991892e-6	-2.4768740391060167e-6	-3.0748708632938856e-6	-3.813894100508263e-6	-4.72625535289506e-6	-5.851402607448108e-6	-7.237421434078139e-6	-8.94283092530691e-6	-0.000011038726307675619	-0.000013611327598815775	-0.000016765001679549403	-0.000020625833557168046	-0.00002534583119019362	-0.00003110785669277537	-0.000038131384563719497	-0.00004667919413782393	-0.000057065107860340576	-0.0000696628880912211	-0.00008491640147807045	-0.00010335114962998881	-0.00012558724556134033	-0.0001523538843245701	-0.00018450531001828249	-0.00022303821594266642	-0.00026911042547230835	-0.0003240605830511271	-0.0003894284319497684	-0.0004669750621726421	-0.0005587022723547951	-0.0006668698984431408	-0.000794009615550553	-0.0009429333161111342	-0.001116733709592057	-0.0013187742842755955	-0.0015526652354636034	-0.0018222214227007199	-0.0021313979105491076	-0.0024841982292471733	-0.0028845502398130805	-0.003336144503015572	-0.003842230459332063	-0.004405366680356678	-0.005027123128137287	-0.0057077359518727735	-0.006445719059129001	-0.0072374416999508116	-0.008076687722158634	-0.008954220017898931	-0.009857382841947688	-0.01076978475154155	-0.011671115166445933	-0.012537156810870496	-0.01334006288801766	-0.014048969496148044	-0.014631007724259067	-0.015052762886668014	-0.01528219726265823	-0.015291004885017993	-0.015057301286119599	-0.01456846938321616	-0.013823890919246979	-0.012837203000871865	-0.011637650183963868	-0.010270079967959173	-0.008793183606588172	-0.0072757434873598195	-0.0057909299282248375	-0.004409084936401114	-0.003189887014567164	-0.002175204733568881	-0.0013841630840674697	-0.0008117936688884538	-0.00043199822524048296	-0.00020445834625139558	-0.00008384943211492518	-0.000028783313421455746	-7.890317630905297e-6	-1.6173137843437033e-6	-2.2538953557586016e-7	-1.850362422492756e-8	-7.12649742007677e-10	-8.740607697818174e-12	-1.6545046927093833e-14	-1.0200990764724475e-18	0.	0.	0.	0.	0.	0.	0.	0.	0.	0.	0.	0.	0.	-212725.81064725318	-379068.72883049614	-508411.6367228086	-624990.7797950639	-734603.4743758868	-840712.9556569755	-944171.224981694	-1.0459411552207747e6	-1.1467927823749578e6	-1.2472742655698555e6	-1.3471686771978901e6	-1.446696638075756e6	-1.545609052399719e6	-1.644831848355186e6	-1.7446869992849578e6	-1.8448137302505767e6	-1.9442415987178637e6	-2.0449677638514224e6	-2.145571691156934e6	-2.245626271513542e6	-2.3469690384793663e6	-2.4487593512112373e6	-2.5508547079522917e6	-2.6525095010405136e6
-4.492196931895404e-16	-5.0026495665697325e-15	-9.866426988848848e-15	-1.5341947361332043e-14	-2.1767900365651596e-14	-2.954085554398051e-14	-3.913931574918837e-14	-5.115266860780771e-14	-6.63167449864377e-14	-8.555810604765918e-14	-1.1004965107253468e-13	-1.4128083858038851e-13	-1.8114664036331406e-13	-2.320604254974742e-13	-2.9709738692754303e-13	-3.8017683221068985e-13	-4.86293961649635e-13	-6.218145223376664e-13	-7.94849379761933e-13	-1.0157305689651266e-12	-1.2976161606112418e-12	-1.6572586023625065e-12	-2.1159803643815183e-12	-2.7009124774464786e-12	-3.446566222470798e-12	-4.396826914754156e-12	-5.607482238972131e-12	-7.149427305687251e-12	-9.112726025256947e-12	-1.1611755682329293e-11	-1.4791721099823238e-11	-1.883689980172037e-11	-2.3981073989495837e-11	-3.052072400048723e-11	-3.8831707366519186e-11	-4.939033549452644e-11	-6.27999960163368e-11	-7.982476530497126e-11	-1.0143182759938261e-10	-1.2884498374386114e-10	-1.6361211728406488e-10	-2.0769021818825332e-10	-2.6355248137709527e-10	-3.343231443712603e-10	-4.239471623539469e-10	-5.37403610372328e-10	-6.809739386629791e-10	-8.625789966021311e-10	-1.0922022176639286e-9	-1.3824206879473576e-9	-1.7490712092045031e-9	-2.2120851668496737e-9	-2.7965343356085188e-9	-3.533940083932285e-9	-4.463911244457288e-9	-5.636191780304221e-9	-7.11321900518595e-9	-8.973317377063639e-9	-1.1314682841347232e-8	-1.4260349643626279e-8	-1.7964377039609457e-8	-2.2619549315263865e-8	-2.8466951315675025e-8	-3.5807866077358615e-8	-4.501854455991136e-8	-5.656852396808555e-8	-7.104332565816482e-8	-8.917255202092293e-8	-1.1186463106216041e-7	-1.4024973603875948e-7	-1.7573274539587946e-7	-2.2005851714466377e-7	-2.7539224555936645e-7	-3.4441826287895424e-7	-4.304613634844377e-7	-5.376355847190828e-7	-6.710264023881305e-7	-8.369135189116879e-7	-1.043042870879665e-6	-1.298958197175853e-6	-1.6164045297585905e-6	-2.009818341335619e-6	-2.4969218556638654e-6	-3.0994422476521323e-6	-3.843980183507531e-6	-4.763056426376143e-6	-5.8963701065406e-6	-7.292307764838881e-6	-9.009748446521913e-6	-0.00001112021695065993	-0.000013710444794878236	-0.000016885406457793338	-0.000020771906869952635	-0.00002552280471195111	-0.000031321964508987964	-0.00003839003830594509	-0.000046991184208331244	-0.00005744083340119173	-0.00007011461825593782	-0.00008545857032001878	-0.00010400068648225782	-0.00012636394209026316	-0.00015328079842475252	-0.00018560920530162479	-0.0002243500336674191	-0.0002706657832610176	-0.00032590029155190307	-0.00039159901659464196	-0.0004695292722749732	-0.0005616995538744088	-0.0006703767997713589	-0.0007981000876129428	-0.0009476888590115398	-0.0011222433080890458	-0.0013251340638947263	-0.0015599777604978714	-0.0018305945474660337	-0.0021409430870677646	-0.002495028169404337	-0.0028967758297439045	-0.0033498708742392656	-0.0038575521375913296	-0.0044223617622642895	-0.0050458464808527245	-0.005728211495422237	-0.0064679312775881	-0.0072613266385551595	-0.008102123862845999	-0.008981019583480064	-0.009885284252796537	-0.010798447136824704	-0.01170011599614192	-0.012565993838831644	-0.013368161645101705	-0.014075697502818514	-0.014655696355015391	-0.01507473736456378	-0.015300814549537292	-0.015305698242047467	-0.015067629029363327	-0.014574163931026108	-0.013824902785708226	-0.012833733194867226	-0.011630163888177844	-0.010259294827584874	-0.008780027880164291	-0.007261282991906292	-0.005776268112292001	-0.0043952469603618025	-0.0031777051160025516	-0.002165226402118344	-0.001376603286384918	-0.0008065456150673281	-0.00042870371744116356	-0.00020262134965818695	-0.00008296130373994611	-0.00002842299327184492	-7.773050255345814e-6	-1.5885835615164712e-6	-2.2055880167660338e-7	-1.8019018164473165e-8	-6.894481215206403e-10	-8.378416073921121e-12	-1.564260785246588e-14	-9.43012133605956e-19	0.	0.	0.	0.	0.	0.	0.	0.	0.	0.	0.	0.	0.	-225740.0866431311	-388462.1009343026	-517621.4605542445	-633715.562575616	-744028.642374346	-849907.6311431567	-953850.6274902779	-1.0556925196630869e6	-1.1570404437903182e6	-1.257921589762116e6	-1.3581243277170619e6	-1.4579501014123028e6	-1.5576809246217518e6	-1.6578364910483472e6	-1.7578937185751481e6	-1.8580817218363432e6	-1.9583917871253986e6	-2.0589007521558988e6	-2.1603477314576902e6	-2.2608033566090707e6	-2.363171524085004e6	-2.464686630290138e6	-2.5664610048813326e6
-3.571675644264029e-16	-3.977539903518194e-15	-7.844710681619861e-15	-1.2198375664556816e-14	-1.7307896088490464e-14	-2.3488687311543297e-14	-3.112136455650463e-14	-4.067477294383592e-14	-5.2734307017334285e-14	-6.803715835475857e-14	-8.751659488531467e-14	-1.1235787636031038e-13	-1.4406910291621237e-13	-1.845711325368576e-13	-2.36311831844375e-13	-3.0241133654749505e-13	-3.8684673396178415e-13	-4.946869229099707e-13	-6.323911934982582e-13	-8.081887764575388e-13	-1.0325611779353313e-12	-1.3188549779338624e-12	-1.6840601283514974e-12	-2.1497981382432885e-12	-2.743576340086847e-12	-3.5003793278026657e-12	-4.4646875096919894e-12	-5.6930365048062685e-12	-7.257261102372473e-12	-9.248605393107605e-12	-1.178292838666227e-11	-1.5007294566084125e-11	-1.9108314642324895e-11	-2.432269705663855e-11	-3.095059086618107e-11	-3.937245150969479e-11	-5.0070350669687424e-11	-6.365488972196816e-11	-8.089917550162563e-11	-1.0278169246332979e-10	-1.3054037618894122e-10	-1.6574078317070276e-10	-2.103619908787434e-10	-2.6690478707944794e-10	-3.3852786446455546e-10	-4.2921918290476576e-10	-5.440114682355829e-10	-6.892530713695227e-10	-8.729482240177005e-10	-1.1051842323731588e-9	-1.3986675149600074e-9	-1.7693958217646965e-9	-2.23750072343108e-9	-2.8283028452984364e-9	-3.5736327276466705e-9	-4.5134830950536566e-9	-5.69807429666803e-9	-7.190434449254939e-9	-9.069620249365288e-9	-1.1434734586962228e-8	-1.4409934291690643e-8	-1.8150667159179786e-8	-2.2851433763551868e-8	-2.875543879881982e-8	-3.616658163181324e-8	-4.546433980475997e-8	-5.7122226506660294e-8	-7.173065847713572e-8	-9.002526033088056e-8	-1.1292186196281398e-7	-1.4155972592899716e-7	-1.7735488148234035e-7	-2.2206585307889616e-7	-2.7787456755520086e-7	-3.474858220914748e-7	-4.3424941350047185e-7	-5.42309890319805e-7	-6.767899179783122e-7	-8.440144729291222e-7	-1.051784536945108e-6	-1.3097106846391318e-6	-1.6296189866306064e-6	-2.0260440324115697e-6	-2.5168266590119224e-6	-3.1238372046239663e-6	-3.873848842017569e-6	-4.799589835246772e-6	-5.9410084508282e-6	-7.3467897784642805e-6	-9.076169898893578e-6	-0.000011201099677173494	-0.000013808817925009546	-0.000017004901685339304	-0.00002091686980233047	-0.000025698424521444348	-0.00003153442427752949	-0.00003864668859178572	-0.00004730074244850949	-0.000057813611773307425	-0.00007056278252499609	-0.00008599643195207046	-0.00010464502986853641	-0.0001271343880361474	-0.00015420020404932866	-0.0001867040990873288	-0.0002256510825058947	-0.000272208285862538	-0.0003277246894159875	-0.0003937514097710448	-0.00047206192227374627	-0.0005646713502220953	-0.0006738536597970611	-0.0008021552510697799	-0.0009524030301541883	-0.0011277045879984635	-0.0013314376054690965	-0.001567225068102703	-0.001838892333482432	-0.0021504015895133927	-0.0025057588297917243	-0.0029088882301460907	-0.0033634688393386937	-0.003872728923908063	-0.004439194285783352	-0.005064388579133758	-0.005748486284237023	-0.006489922748086243	-0.0072849707508975195	-0.008127299526479293	-0.009007540070399604	-0.009912889762011184	-0.010826799404274579	-0.011728796006304939	-0.012594503816038632	-0.013395932549450023	-0.01410210318474659	-0.014680075285592967	-0.015096422406320094	-0.015319170524416196	-0.015320166069588356	-0.015077773969554686	-0.014579724053175763	-0.013825832360023792	-0.01283023452802198	-0.011622700556501563	-0.01024857972843645	-0.008766981444231409	-0.007246960560145117	-0.0057617608402981725	-0.0043815670910929885	-0.0031656727729423005	-0.0021553792102244453	-0.0013691497768886735	-0.0008013766130565306	-0.00042546254528973794	-0.00020081646572696978	-0.00008209004289090266	-0.000028070165444730006	-7.658477928496397e-6	-1.5605915931455286e-6	-2.1586883393943258e-7	-1.7550708368377007e-8	-6.671669620110361e-10	-8.033668101449374e-12	-1.4795020830792495e-14	-8.721831210796516e-19	0.	0.	0.	0.	0.	0.	0.	0.	0.	0.	0.	0.	0.	-238433.4572873109	-397962.34171962255	-526266.0865812565	-642673.0947192851	-752846.0938509586	-858943.922032078	-963363.3775345498	-1.0658265716298479e6	-1.1679724809680546e6	-1.2684940852833511e6	-1.3693817964609324e6	-1.4699725811199343e6	-1.5702055268444875e6	-1.6705829300057928e6	-1.7715165101865001e6	-1.8718620518521937e6	-1.9731004450147455e6	-2.073753870372883e6	-2.174936146390622e6	-2.2762385683970517e6	-2.3792422233554465e6	-2.4810750368448524e6
-2.839229599039406e-16	-3.1618714756450535e-15	-6.2360458634051126e-15	-9.697030639741773e-15	-1.3759008287856185e-14	-1.8672799122343136e-14	-2.4741085119987843e-14	-3.233675625091893e-14	-4.192542662969991e-14	-5.4093497461791154e-14	-6.958340451305208e-14	-8.933813950383779e-14	-1.1455765298445086e-13	-1.467704655881924e-13	-1.8792466764699205e-13	-2.405036167191897e-13	-3.07673093467762e-13	-3.934684204521534e-13	-5.030324293571336e-13	-6.429179847028729e-13	-8.214725096489824e-13	-1.0493265975043076e-12	-1.3400147149270888e-12	-1.7107634258928856e-12	-2.1834920532117194e-12	-2.786082611526891e-12	-3.5539908922227687e-12	-4.532289657283545e-12	-5.778258932323473e-12	-7.364668679264047e-12	-9.383937409736984e-12	-1.195339850960935e-11	-1.5221966770007786e-11	-1.9378574190321295e-11	-2.4662840341402448e-11	-3.137856381599314e-11	-3.991077361542139e-11	-5.074727084271461e-11	-6.450583153534315e-11	-8.196854351193419e-11	-1.0412512885311315e-10	-1.3222757874455442e-10	-1.6785902265099594e-10	-2.130204993242936e-10	-2.7024023011642384e-10	-3.4271116206984624e-10	-4.344640066891539e-10	-5.505848219322166e-10	-6.974884583706691e-10	-8.832620257146871e-10	-1.118096069032423e-9	-1.4148255432126365e-9	-1.7896081473572318e-9	-2.26277438420603e-9	-2.8598921590951933e-9	-3.6130992169758034e-9	-4.562769712291112e-9	-5.759597300934331e-9	-7.267197054338738e-9	-9.165353101610563e-9	-1.1554069279842948e-8	-1.4558617524337252e-8	-1.8335824852878007e-8	-2.30818965274956e-8	-2.9042142661079558e-8	-3.652306101558677e-8	-4.590733344315536e-8	-5.7672421481921335e-8	-7.241360299696168e-8	-9.087248239803972e-8	-1.1397223896992148e-7	-1.4286115967076308e-7	-1.789663444182555e-7	-2.2405988524404553e-7	-2.8034031970405143e-7	-3.505327599279828e-7	-4.380118207232526e-7	-5.469523352912508e-7	-6.825138807859065e-7	-8.510663672001478e-7	-1.0604654048367797e-6	-1.3203878948665037e-6	-1.642740325193329e-6	-2.042154644870096e-6	-2.5365893828026825e-6	-3.148056921038547e-6	-3.903501581084125e-6	-4.835857483682508e-6	-5.985320044072053e-6	-7.400870502765e-6	-9.142099088173063e-6	-0.000011281379260787566	-0.000013906452964388246	-0.000017123494826202073	-0.00002106073165926191	-0.000025872702195253552	-0.000031745250372150965	-0.00003890135323196721	-0.00004760789088304219	-0.00005818347015650639	-0.00007100741437041541	-0.00008653002750840444	-0.0001052842302310011	-0.0001278986451205176	-0.0001551121765530315	-0.00018779008316463345	-0.00022694147400404032	-0.0002737380685050037	-0.00032953394017385133	-0.0003958858087269116	-0.0004745732494530149	-0.0005676179460557091	-0.0006773008190290846	-0.0008061755120197776	-0.0009570763123480516	-0.0011331181214528207	-0.0013376855846560474	-0.0015744079533189781	-0.0018471157127214134	-0.0021597745060012996	-0.0025163914754549456	-0.00292088890517096	-0.00337694008483633	-0.003887762751093513	-0.00445586645397926	-0.005082751919518543	-0.0057685631297898984	-0.0065116966154948365	-0.0073083775292330545	-0.00815221856048974	-0.009033785680944786	-0.009940203916230812	-0.010854846422059637	-0.011757160349422317	-0.012622692125872203	-0.013423381144335203	-0.01412819215589562	-0.014704150093669016	-0.015117823430371807	-0.015337270311031565	-0.01533441305413168	-0.015087740213756513	-0.014585153144894029	-0.013826682213944867	-0.012826708669532363	-0.011615260920510611	-0.010237934482909706	-0.008754043269598501	-0.007232774457873238	-0.005747405860957094	-0.004368042783638712	-0.0031537873822303107	-0.002145660715695649	-0.0013618004486243849	-0.0007962849979275687	-0.0004222735148788994	-0.000199042928830368	-0.00008123521964434707	-0.000027724624695871286	-7.546520732894575e-6	-1.533313959666134e-6	-2.113145885240958e-7	-1.709803887516187e-8	-6.457637738028962e-10	-7.705414358112822e-12	-1.3998626657016591e-14	-8.070691243278158e-19	0.	0.	0.	0.	0.	0.	0.	0.	0.	0.	0.	0.	0.	-250277.29594290841	-407132.3171519453	-534949.6324411999	-651234.6267163263	-761519.5692313517	-867995.5383689244	-973177.0279661859	-1.0756656550290296e6	-1.1776756928072828e6	-1.2792212500708632e6	-1.3805684057186784e6	-1.4813803859854674e6	-1.5822244544808122e6	-1.6832862464503027e6	-1.7838232008437822e6	-1.8854803836532773e6	-1.9864726709523294e6	-2.0882277914113882e6	-2.190476532904052e6	-2.292101821455864e6	-2.3951098320629536e6
-2.2565546480191183e-16	-2.5129867087965663e-15	-4.956307949136153e-15	-7.707118749102812e-15	-1.0935695432317044e-14	-1.4841448472736485e-14	-1.9665042736978176e-14	-2.570298397477265e-14	-3.332554339481329e-14	-4.299907771542937e-14	-5.5314090680724725e-14	-7.102066539703364e-14	-9.107336594430871e-14	-1.1668825045408276e-13	-1.4941533175437993e-13	-1.9123072329340596e-13	-2.4465383371960397e-13	-3.128964475989845e-13	-4.000523145202558e-13	-5.113382241216791e-13	-6.534004774385444e-13	-8.347043880521169e-13	-1.0660291456401935e-12	-1.3610963939817813e-12	-1.7373683422017747e-12	-2.21706084728483e-12	-2.828428925319775e-12	-3.6073973959252007e-12	-4.5996285875337664e-12	-5.863143363888806e-12	-7.471642295293167e-12	-9.518712495511367e-12	-1.212315431843507e-11	-1.5435723444974838e-11	-1.9647661193664932e-11	-2.5001483063816313e-11	-3.180461789468352e-11	-4.044664380696902e-11	-5.142106034640332e-11	-6.535277899590369e-11	-8.303281893280639e-11	-1.0546207711356131e-10	-1.3390652104078565e-10	-1.699667530208958e-10	-2.1566564671240615e-10	-2.7355869766402554e-10	-3.4687290636954513e-10	-4.396814829109276e-10	-5.571234988165185e-10	-7.056799035578608e-10	-8.93520181034098e-10	-1.130937482216132e-9	-1.430894503631356e-9	-1.8097078963628049e-9	-2.2879058450061735e-9	-2.8913019683527327e-9	-3.65233925453798e-9	-4.611770833592301e-9	-5.820760599467849e-9	-7.343506744140327e-9	-9.260516042316556e-9	-1.1672687306125887e-8	-1.4706400131568476e-8	-1.851985148475501e-8	-2.3310939772835382e-8	-2.932706617235868e-8	-3.68773090023182e-8	-4.6347532277591486e-8	-5.821911841216212e-8	-7.309217234663266e-8	-9.171423612346665e-8	-1.150157862585987e-7	-1.4415406964939747e-7	-1.805671772875701e-7	-2.2604067061170716e-7	-2.827895769412636e-7	-3.535591744842276e-7	-4.41748713018138e-7	-5.51563085654549e-7	-6.881985056047682e-7	-8.580694787031404e-7	-1.069085830624084e-6	-1.3309902842858005e-6	-1.6557691289315625e-6	-2.0581509227021756e-6	-2.5562109733563824e-6	-3.172102597734829e-6	-3.932939921061456e-6	-4.8718612923389645e-6	-6.029307307440911e-6	-7.454552983481722e-6	-9.207539837943492e-6	-0.00001136106049189846	-0.000014003355902725522	-0.000017241193354858254	-0.000021203501749686382	-0.00002604564930422892	-0.000031954457146904654	-0.0000391540499979794	-0.00004791265147062828	-0.00005855043562860757	-0.00007144854711438583	-0.0000870593979105754	-0.00010591833771756502	-0.00012865677466542975	-0.00015601679075657874	-0.00018886724861792421	-0.00022822131878743858	-0.0002752552652259667	-0.00033132820582856034	-0.00039800240876527315	-0.00047706348863722585	-0.0005705396229423627	-0.0006807186141156159	-0.0008101612717668772	-0.0009617091824799674	-0.0011384844733092004	-0.0013438786682221414	-0.0015815272003794636	-0.001855265604084115	-0.0021690629089240188	-0.0025269273526271393	-0.0029327792965832345	-0.003390286270764407	-0.0039026555207942676	-0.004472380433475079	-0.0051009389562000195	-0.00578844479467557	-0.0065332559686618165	-0.00733155040208168	-0.008176884740376214	-0.009059760536912324	-0.009967231172858117	-0.010882592960405937	-0.011785214071660288	-0.012650564037687589	-0.013450512852376435	-0.014153969904474645	-0.01472792622807105	-0.01513894572569743	-0.015355118905996865	-0.015348443760694363	-0.01509753175676782	-0.014590454501975353	-0.013827454836050468	-0.012823157224637064	-0.011607845669189619	-0.010227358883209116	-0.00874121232893368	-0.007218722972907331	-0.005733200961735032	-0.004354671543783198	-0.0031420463978248468	-0.0021360685340057993	-0.0013545532475975042	-0.0007912691490672688	-0.00041913546588565666	-0.00019729999610866797	-0.00008039641762082239	-0.000027386172657164592	-7.437101614494522e-6	-1.5067276652279567e-6	-2.0689123372659065e-7	-1.6660384192469968e-8	-6.251982884022102e-10	-7.392762753348285e-12	-1.3250031072271676e-14	-7.4717949796997465e-19	0.	0.	0.	0.	0.	0.	0.	0.	0.	0.	0.	0.	0.	-261697.93782729964	-416179.1137652133	-543527.8327218761	-659851.7128990847	-770204.4462010755	-877746.2709975904	-982180.8010234664	-1.085854685933878e6	-1.1885159923807718e6	-1.290283069919149e6	-1.3916387647529612e6	-1.4931593628984145e6	-1.5943583260691513e6	-1.6955621952511598e6	-1.797004226466884e6	-1.8984530669780334e6	-2.0007314408683842e6	-2.1032052478834223e6	-2.205128893577292e6	-2.307535076415814e6
-1.7931190693945605e-16	-1.996891352214535e-15	-3.938445891549276e-15	-6.124394486202939e-15	-8.690070929907438e-15	-1.1793986534900036e-14	-1.5627457411336527e-14	-2.0426206228188495e-14	-2.6484620116779276e-14	-3.417351707007209e-14	-4.396246275551087e-14	-5.6447969310737317e-14	-7.238923778242563e-14	-9.275353460965013e-14	-1.1877387697223216e-13	-1.520224002317474e-13	-1.9450368116767072e-13	-2.4877347331666574e-13	-3.180897158780955e-13	-4.066046025999422e-13	-5.196087774676556e-13	-6.638417383075919e-13	-8.47886298947694e-13	-1.0826696867548998e-12	-1.3820999575220124e-12	-1.7638739494726325e-12	-2.250502724868679e-12	-2.870612587484442e-12	-3.6605951762133645e-12	-4.666699561345677e-12	-5.9476838298169475e-12	-7.578174553638902e-12	-9.652921586918905e-12	-1.2292184793971047e-11	-1.564855126335575e-11	-1.991555959319042e-11	-2.53386059348942e-11	-3.222873001105465e-11	-4.0980034517985305e-11	-5.2091686364949374e-11	-6.61956931460809e-11	-8.409195565971817e-11	-1.067924828716181e-10	-1.355771391833029e-10	-1.7206389949830496e-10	-2.182973459137877e-10	-2.7686008873301475e-10	-3.510129810068418e-10	-4.448714784230969e-10	-5.636273477475254e-10	-7.138272370339625e-10	-9.037225012389029e-10	-1.1437082653256527e-9	-1.4468741743316903e-9	-1.829694836476911e-9	-2.3128948712009217e-9	-2.9225320487143947e-9	-3.6913526450267607e-9	-4.660486319869246e-9	-5.8815641478595595e-9	-7.419363622503013e-9	-9.355109397204902e-9	-1.1790589313519967e-8	-1.485328321799158e-8	-1.870274879674736e-8	-2.353856611856962e-8	-2.9610213145420056e-8	-3.722933101480206e-8	-4.67849438855447e-8	-5.8762327739250905e-8	-7.376638075374611e-8	-9.255054071244529e-8	-1.1605252954897965e-7	-1.4543849007634494e-7	-1.821574253272734e-7	-2.2800826868528386e-7	-2.852224171708263e-7	-3.565651673259358e-7	-4.4546022229259475e-7	-5.561423121216564e-7	-6.938440126496621e-7	-8.650240906519938e-7	-1.0776461775113095e-6	-1.3415183174402717e-6	-1.668705990497873e-6	-2.074033620173161e-6	-2.5756923884000275e-6	-3.195975448073519e-6	-3.962165395860189e-6	-4.907603196293579e-6	-6.072972677098691e-6	-7.507840281465834e-6	-9.272495986333686e-6	-0.000011440148173910008	-0.000014099532739844293	-0.000017358004751146266	-0.000021345189380660103	-0.000026217277406782675	-0.000032162058928502426	-0.00003940479661341685	-0.00004821504609422643	-0.00005891453515451699	-0.00007188621391715044	-0.00008758458385417508	-0.00010654740216735539	-0.00012940883757783952	-0.00015691412093011528	-0.00018993568580951336	-0.00022949072654384212	-0.00027676000885529185	-0.0003331076468398467	-0.0004001014032306001	-0.0004795328721812861	-0.0005734366593540412	-0.0006841073778478516	-0.0008141129268348708	-0.00096630211154393	-0.0011438042011978804	-0.0013500175141165217	-0.001588583582813764	-0.001863342913545949	-0.002178267855144883	-0.002537367688982499	-0.002944560824087306	-0.0034035090310782093	-0.003917409104009419	-0.004488738355089821	-0.005118952101804988	-0.005808133993551847	-0.0065546038415365895	-0.007354492735558238	-0.00820130177126276	-0.00908546868141238	-0.009993975902125925	-0.01091004369393845	-0.011812962115485432	-0.01267812470971207	-0.013477332978699805	-0.014179441796332203	-0.014751409012362396	-0.015159794455537414	-0.015372721182579083	-0.015362262636562905	-0.015107152484729675	-0.014595631324134894	-0.01382815263473431	-0.012819581737125336	-0.011600455450863013	-0.010216852702633209	-0.008728487597372027	-0.007204804415025894	-0.005719143968193643	-0.004341450926908909	-0.003130447329328089	-0.0021266003366730833	-0.0013474061711814026	-0.000786327488767075	-0.0004160472704444659	-0.00019558694666564332	-0.0000795732334809373	-0.000027054617566423302	-7.330146263282135e-6	-1.4808105965671641e-6	-2.025941398002698e-7	-1.6237147701749213e-8	-6.054323293901525e-10	-7.094874737941874e-12	-1.2546084120979012e-14	-6.920534367479478e-19	0.	0.	0.	0.	0.	0.	0.	0.	0.	0.	0.	0.	0.	-272448.174725091	-425020.7758154589	-552171.9234465972	-668524.3532694832	-779213.6297528814	-886589.459327897	-991830.2413681104	-1.0959527182520963e6	-1.198587639861918e6	-1.3006792989910303e6	-1.4030582132088554e6	-1.5045645861949234e6	-1.6068830715067498e6	-1.7083386233628078e6	-1.810027874154873e6	-1.912342155071756e6	-2.01416321764609e6	-2.1174795622002785e6	-2.220033811193476e6
-1.4245954438385608e-16	-1.5864917151326223e-15	-3.1290382422808627e-15	-4.8657877185111924e-15	-6.904290599348065e-15	-9.370519535565661e-15	-1.241653115560334e-14	-1.6229687813176072e-14	-2.104400048416611e-14	-2.7154257991308608e-14	-3.4933783882720614e-14	-4.4856866674714266e-14	-5.752720081603494e-14	-7.371400197897798e-14	-9.439791588818769e-14	-1.2082941919501625e-13	-1.5460312309596622e-13	-1.9775230203604425e-13	-2.5286916855858113e-13	-3.2325783778562747e-13	-4.131288654496519e-13	-5.278465567411096e-13	-6.742433013422882e-13	-8.610189695771645e-13	-1.0992482227732637e-12	-1.4030247225700601e-12	-1.7902788879586645e-12	-2.2838156269581503e-12	-2.9126307860594096e-12	-3.7135805849641974e-12	-4.733497973639364e-12	-6.031874620572754e-12	-7.68425845946533e-12	-9.786556179315982e-12	-1.2460479641727388e-11	-1.586043781612826e-11	-2.0182254485092833e-11	-2.5674191114590464e-11	-3.265087886817081e-11	-4.151092039286226e-11	-5.2759118799541887e-11	-6.703453837504636e-11	-8.514591170069088e-11	-1.0811629678670574e-10	-1.3723937543750724e-10	-1.7415039483817963e-10	-2.2091551902136737e-10	-2.801443136041474e-10	-3.551312833737588e-10	-4.500338768502554e-10	-5.700962380428515e-10	-7.219303138104267e-10	-9.138688279002072e-10	-1.1564082486245403e-9	-1.4627643782132982e-9	-1.8495687897542749e-9	-2.337741294088243e-9	-2.953582255702671e-9	-3.730139289819968e-9	-4.708916148933208e-9	-5.942008042904236e-9	-7.494767963624437e-9	-9.449133697275947e-9	-1.190777619679229e-8	-1.4999268185165035e-8	-1.8884518887220437e-8	-2.376477861089634e-8	-2.989158790426684e-8	-3.7579133086656276e-8	-4.72195765730469e-8	-5.930206077245497e-8	-7.443624347659301e-8	-9.338141659245581e-8	-1.1708249600726271e-7	-1.467144568699121e-7	-1.8373713578386368e-7	-2.2996274132739797e-7	-2.8763892105813976e-7	-3.595508432402729e-7	-4.491464841985099e-7	-5.606901897393095e-7	-6.994506271310762e-7	-8.719304919890249e-7	-1.086146815233957e-6	-1.35197246627116e-6	-1.681551510861323e-6	-2.0898035008146876e-6	-2.5950345958760163e-6	-3.219676696532087e-6	-3.991179551293974e-6	-4.943085143104604e-6	-6.116318601931884e-6	-7.560735470025395e-6	-9.336971382928132e-6	-0.000011518647119646442	-0.000014194989481529417	-0.00001747393649548267	-0.000021485803851866028	-0.000026387598042613915	-0.00003236807000918085	-0.00003965361074591105	-0.00004851509655198822	-0.000059275795576106686	-0.00007232044776580101	-0.00008810562579654438	-0.00010717147309737926	-0.00013015489433533447	-0.00015780424077818572	-0.0001909954843641598	-0.00023074980600766215	-0.00027825243100021836	-0.0003348724221105702	-0.0004021829834977547	-0.00048198162996344266	-0.0005763093306663	-0.0006874674391667928	-0.0008180308689853145	-0.0009708555646737926	-0.001149077855574257	-0.0013561027715476319	-0.0015955778635562455	-0.0018713485343035455	-0.0021873903861932176	-0.002547713693890447	-0.002956234885652649	-0.003416609974066914	-0.0039320253416019755	-0.0045049423144683555	-0.00513679372816166	-0.005827633394064037	-0.006575743214272572	-0.007377207834674742	-0.008225473289420202	-0.00911091408062881	-0.010020442389111494	-0.01093720320396048	-0.01184040932221318	-0.012705379191858709	-0.013503846714001145	-0.014204613078244138	-0.01477460364831216	-0.015180374660989517	-0.01539008189434583	-0.015375874014903994	-0.015116606178599917	-0.014600686718235632	-0.013828777941072876	-0.01281598369173689	-0.011593090875037645	-0.010206415696792127	-0.008715868053078241	-0.007191017115893478	-0.00570523274333856	-0.004328378536881413	-0.003118987740557095	-0.0021172538496913975	-0.0013403572665804163	-0.000781458480864334	-0.0004130078320639446	-0.00019390308079712297	-0.00007876527644294155	-0.000026729774009285573	-7.2255829995416265e-6	-1.4555414839434538e-6	-1.9841886932340943e-7	-1.582776015554492e-8	-5.864296915497413e-10	-6.810961785404584e-12	-1.1883861226808663e-14	-6.413109141566033e-19	0.	0.	0.	0.	0.	0.	0.	0.	0.	0.	0.	0.	0.	-283422.94193449424	-434151.18581759935	-560810.0045944185	-677252.5478293516	-788190.1885454307	-895591.8421369831	-1.0009551199673105e6	-1.1058204917424023e6	-1.208979623617236e6	-1.311747489852617e6	-1.4143212839385627e6	-1.5165360481987097e6	-1.6190135946468383e6	-1.7207326369572547e6	-1.8235250437898794e6	-1.9260659454382344e6	-2.029024066488998e6	-2.1317189228782104e6
-1.131603581297976e-16	-1.2602058786760382e-15	-2.4855202777481793e-15	-3.865122922221117e-15	-5.484471435348345e-15	-7.443662112043337e-15	-9.863520797823625e-15	-1.289294454050961e-14	-1.6717914879055847e-14	-2.1572733524406713e-14	-2.775414745599501e-14	-3.5639188471899485e-14	-4.570780469295666e-14	-5.857158344656181e-14	-7.501029392254927e-14	-9.601835955165445e-14	-1.228639983292932e-13	-1.5716447972034642e-13	-2.0098187283816305e-13	-2.5694486570665046e-13	-3.2840368158943576e-13	-4.1962708647352004e-13	-5.360528075484934e-13	-6.846057775764083e-13	-8.741024399989719e-13	-1.1157642549379014e-12	-1.423869661719328e-12	-1.8165815855633576e-12	-2.3169973971326415e-12	-2.954480712617914e-12	-3.766350070945827e-12	-4.800019422768054e-12	-6.115710341076662e-12	-7.789887445774514e-12	-9.919608316832731e-12	-1.2628029276547231e-11	-1.6071371595174854e-11	-2.0447732093714232e-11	-2.600822215605849e-11	-3.307104488459998e-11	-4.2039278192738926e-11	-5.342333015887551e-11	-6.786928226710136e-11	-8.619464897456218e-11	-1.0943347431216028e-10	-1.3889317794047687e-10	-1.7622617898016578e-10	-2.2352009690149372e-10	-2.834112932692946e-10	-3.5922772394351216e-10	-4.551685777650538e-10	-5.765300584448241e-10	-7.299890125552158e-10	-9.239590313693537e-10	-1.1690372973552135e-9	-1.4785649806593922e-9	-1.869329629796773e-9	-2.3624450074508983e-9	-2.9844525205116307e-9	-3.7686991818432124e-9	-4.757060409235265e-9	-6.002092514946744e-9	-7.56972020272968e-9	-9.542589667451212e-9	-1.202424908394376e-8	-1.514435671478582e-8	-1.9065164190538736e-8	-2.3989580698409043e-8	-3.017119525405115e-8	-3.792672182585295e-8	-4.76514393305232e-8	-5.983832963500666e-8	-7.510177673959104e-8	-9.420688533522455e-8	-1.1810571415169945e-7	-1.479820075420051e-7	-1.8530635777705313e-7	-2.3190415259608594e-7	-2.9003917183335514e-7	-3.6251631000009963e-7	-4.528076378499372e-7	-5.652068975515618e-7	-7.050185788523578e-7	-8.78788976904819e-7	-1.09458811948735e-6	-1.362353209438819e-6	-1.694306298502549e-6	-2.105461336471996e-6	-2.614238572816866e-6	-3.2432075773783522e-6	-4.019983943519787e-6	-4.978309090981324e-6	-6.159347541408544e-6	-7.613241632427093e-6	-9.400969885860931e-6	-0.000011596562147982727	-0.000014289732135634763	-0.00001758899606438143	-0.0000216253544504767	-0.000026556622726848583	-0.00003257250464004911	-0.000039900509999621304	-0.00004881282454883972	-0.000059634243602844506	-0.00007275128146393335	-0.000088622563945468	-0.0001077905996903202	-0.00013089500497314637	-0.00015868722342617174	-0.00019204673315522216	-0.00023199866494628263	-0.0002797326620324488	-0.0003366226889754124	-0.0004042473389634029	-0.00048440998938083517	-0.0005791579091598064	-0.0006907991231731036	-0.0008219154852385899	-0.0009753700011791177	-0.0011543059797739198	-0.0013621350810627912	-0.0016025107950566153	-0.0018792833469238575	-0.0021964315284609594	-0.0025579665586700972	-0.002967802857838128	-0.0034295906827610384	-0.003946506044805093	-0.004520994372703034	-0.005154466167054381	-0.005846945617753235	-0.006596677014308409	-0.007399698944614784	-0.008249402863752987	-0.00913610062553618	-0.010046634835699383	-0.010964075980671619	-0.011867560434485266	-0.012732332428458702	-0.01353005913752088	-0.014229488881099879	-0.014797515219253874	-0.015200691264484825	-0.015407205678688252	-0.015389282118249534	-0.015125896517499293	-0.014605623701392657	-0.013829333011578139	-0.01281236451646134	-0.0115857525141604	-0.010196047604761425	-0.008703352677768634	-0.007177359428966024	-0.0056914651869721415	-0.004315452024958593	-0.0031076652481559237	-0.002108026852011274	-0.0013334046293460966	-0.0007766606294331607	-0.00041001608458529767	-0.0001922477192507297	-0.00007797216782078418	-0.000026411462672632935	-7.12334266547353e-6	-1.430899864026597e-6	-1.943611680808558e-7	-1.543167826151988e-8	-5.681560276551853e-10	-6.540282123703096e-12	-1.1260645835402678e-14	-5.945683785233967e-19	0.	0.	0.	0.	0.	0.	0.	0.	0.	0.	0.	0.	0.	-293971.2969605775	-442626.0210574698	-569143.0366546859	-685569.1758842266	-796963.615206058	-904832.880057151	-1.010915220059512e6	-1.1154003151960485e6	-1.2187335479137073e6	-1.3222957365263358e6	-1.425431691862987e6	-1.5281410078411552e6	-1.6307283599465522e6	-1.7333478465791845e6	-1.836567797858934e6	-1.9391329153643923e6	-2.0424612070344319e6
-8.987079525762826e-17	-1.0008455193459421e-15	-1.9739887197471935e-15	-3.0696925168575126e-15	-4.3558385597999524e-15	-5.911948507890393e-15	-7.834017620040507e-15	-1.0240349173372952e-14	-1.3278724492566324e-14	-1.7135334374560505e-14	-2.204600910771665e-14	-2.8310412203102845e-14	-3.631002818549412e-14	-4.6531027080106455e-14	-5.959331930141453e-14	-7.628754409145896e-14	-9.762212605303655e-14	-1.2488317155757422e-13	-1.5971068681343835e-13	-2.0419554544819842e-13	-2.610028573861559e-13	-3.335288388344244e-13	-4.2610027663707503e-13	-5.442280401476372e-13	-6.94929222921931e-13	-8.871363454201077e-13	-1.1322170085572825e-12	-1.444633576892248e-12	-1.8427803855554436e-12	-2.3500458711984266e-12	-2.9961596314968403e-12	-3.818900243425901e-12	-4.86625974666229e-12	-6.199185920290877e-12	-7.895055372216068e-12	-1.0052070604048656e-11	-1.2794824816900229e-11	-1.6281341965470166e-11	-2.07119797200748e-11	-2.6340683941750707e-11	-3.3489210123835634e-11	-4.256508670132119e-11	-5.40842954294327e-11	-6.869989544590965e-11	-8.723813313246732e-11	-1.1074397547366105e-10	-1.4053850041705265e-10	-1.7829119869187606e-10	-2.2611101876870997e-10	-2.8666095891276813e-10	-3.6330222561644825e-10	-4.6027549589481904e-10	-5.829287161538466e-10	-7.380032343986788e-10	-9.33993009313999e-10	-1.1815953099491335e-9	-1.494275887340995e-9	-1.8889772790687718e-9	-2.387005964275355e-9	-3.015142845995393e-9	-3.807032400668035e-9	-4.804919293877874e-9	-6.0618179205904575e-9	-7.644220927185044e-9	-9.635478215751519e-9	-1.2140009323041513e-8	-1.5288550752679738e-8	-1.9244687457615662e-8	-2.4212976208486905e-8	-3.044904045244319e-8	-3.8272104380024e-8	-4.808054179079108e-8	-6.037114721331885e-8	-7.576299767191045e-8	-9.50269695826399e-8	-1.1912221376327448e-7	-1.4924118109055995e-7	-1.8686514217036362e-7	-2.338325685893123e-7	-2.92423255104815e-7	-3.654616781403456e-7	-4.5644382555548445e-7	-5.696926182799826e-7	-7.105481018280716e-7	-8.855998443835587e-7	-1.1029704713857786e-6	-1.372661031680636e-6	-1.7069709686526648e-6	-2.1210079064036834e-6	-2.6333053042825393e-6	-3.266569333418909e-6	-4.048580137567089e-6	-5.013277007060065e-6	-6.202061963562811e-6	-7.665361859546447e-6	-9.464495359085066e-6	-0.00001167389808068182	-0.000014383766708431814	-0.000017703190926256975	-0.00002176385044635144	-0.00002672436294456775	-0.000032775377024889225	-0.00004014551190825354	-0.000049108251688669	-0.00005998990580312299	-0.00007317874762211374	-0.00008913543824880455	-0.00010840483078339524	-0.00013162922907236828	-0.0001595631414080805	-0.00019308952029233766	-0.0002332374101480827	-0.0002812008310771352	-0.00033835860319165816	-0.00040629465703968543	-0.0004868181753475147	-0.0005819826640244712	-0.0006941027511396865	-0.0008257671578977813	-0.000979845874583895	-0.0011594891100705036	-0.0013681150746303978	-0.0016093831193926883	-0.0018871482194949636	-0.002205392293400132	-0.0025681274568445326	-0.002979266096114602	-0.003442452715336778	-0.003960852995722625	-0.004536896556946542	-0.0051719717109668314	-0.005866073240947541	-0.006617408117427392	-0.0074219692519799565	-0.008273093997252533	-0.00916103213357651	-0.010072557362493979	-0.01099066642532697	-0.011894420098678152	-0.01275898926091519	-0.013555975219925659	-0.014254074222989993	-0.0148201486933381	-0.015220749073149614	-0.015424097060223869	-0.015402491061855868	-0.015135027081936953	-0.014610445203959495	-0.013829820030840876	-0.012808725584741259	-0.011578440905295119	-0.010185748150174274	-0.008690940457194332	-0.007163829729381562	-0.005677839235053109	-0.004302669088725298	-0.0030964775202468363	-0.0020989171740695032	-0.0013265464019440467	-0.000771932477522954	-0.00040707099118071513	-0.0001906202025154028	-0.00007719354058166266	-0.000026099510108948065	-7.023358521883824e-6	-1.406866044624852e-6	-1.9041695642951823e-7	-1.5048383347708345e-8	-5.505787423969009e-10	-6.2821376987802265e-12	-1.0673913426922254e-14	-5.514893174813308e-19	0.	0.	0.	0.	0.	0.	0.	0.	0.	0.	0.	0.	0.	-304005.8500778842	-451386.2800648598	-577676.0028910995	-694116.1274909307	-805619.1845072799	-913999.9496724083	-1.0203470319435934e6	-1.125453619750321e6	-1.2294985991249676e6	-1.3331038760957927e6	-1.4367657589332524e6	-1.5394387756815916e6	-1.642928961072796e6	-1.7463747127392166e6	-1.8488359213097068e6	-1.9531307615382087e6
-7.13616823678422e-17	-7.947213350088473e-16	-1.5674542236911116e-15	-2.43752401907504e-15	-3.4588462897039094e-15	-4.694581167781902e-15	-6.220984634026267e-15	-8.132035686331103e-15	-1.0545137193947045e-14	-1.360822031417832e-14	-1.7508669000711517e-14	-2.2484604840797904e-14	-2.883919609309445e-14	-3.69588298360072e-14	-4.733624001843587e-14	-6.059991092017017e-14	-7.755153028936689e-14	-9.92136425417103e-14	-1.2689030122602727e-13	-1.622442571718362e-13	-2.073951511221175e-13	-2.6504442417443384e-13	-3.3863413098894303e-13	-4.3254885789723917e-13	-5.523723203858987e-13	-7.052133779504427e-13	-9.001201048338121e-13	-1.1486055673249742e-12	-1.4653151945581321e-12	-1.8688736262456067e-12	-2.3829589474291485e-12	-3.0376649303364614e-12	-3.871227889400512e-12	-4.932215030751102e-12	-6.28229662240654e-12	-7.999756533223617e-12	-1.0183936186806587e-11	-1.2960858052652203e-11	-1.649033912506165e-11	-2.0974985701299422e-11	-2.6671562636787592e-11	-3.39053582192954e-11	-4.308832662727503e-11	-5.4741991966290654e-11	-6.952635144216473e-11	-8.827633337931693e-11	-1.1204776464090537e-10	-1.4217530191225362e-10	-1.80345407243829e-10	-2.2868823177487646e-10	-2.8989325140699754e-10	-3.6735472310834985e-10	-4.653545603572022e-10	-5.89292135898269e-10	-7.459729017941512e-10	-9.439706853205299e-10	-1.1940822163166353e-9	-1.5098970421247929e-9	-1.908511706335464e-9	-2.4114241736183218e-9	-3.0456533028406755e-9	-3.8451391078427835e-9	-4.852493094917144e-9	-6.1211847357475995e-9	-7.71827086803063e-9	-9.727800422988053e-9	-1.2255058469677309e-8	-1.543185249355621e-8	-1.942309173739814e-8	-2.443496932482565e-8	-3.072512918238382e-8	-3.8615288403454754e-8	-4.850689418911768e-8	-6.090052710867737e-8	-7.641992424913118e-8	-9.584169297636227e-8	-1.2013202580085747e-7	-1.5049201789738332e-7	-1.884135414482746e-7	-2.3574805729741272e-7	-2.947912586820234e-7	-3.6838706074596535e-7	-4.600551925646321e-7	-5.741475380205917e-7	-7.160394339225458e-7	-8.923633977725331e-7	-1.1112942569507824e-6	-1.3828964232036498e-6	-1.7195461425739143e-6	-2.136443996431275e-6	-2.652235782357176e-6	-3.2897632148181517e-6	-4.076969705951068e-6	-5.047990865779988e-6	-6.244464343097602e-6	-7.71709924765853e-6	-9.527551669807084e-6	-0.000011750659739426163	-0.000014477099201189601	-0.000017816528537497016	-0.000021901301087548237	-0.000026890830145704326	-0.00003297670131438579	-0.00004038863392857586	-0.00004940139946709472	-0.000060342808596258526	-0.00007360287864910996	-0.00008964428838498264	-0.00010901421485820788	-0.00013235762574930615	-0.00016043206665560637	-0.00019412393311053148	-0.00023446614741205388	-0.0002826570660036352	-0.00034008031893192913	-0.0004083251231500321	-0.0004892064102947051	-0.0005847838613660155	-0.0006973786405267981	-0.0008295862645751659	-0.0009842836326678542	-0.0011646277757360688	-0.0013740433757244881	-0.0016161955683852282	-0.0018949440077783673	-0.0022142736777210374	-0.0025781975443946864	-0.002990625935185858	-0.0034551976055164925	-0.003975067947823593	-0.004552650861016111	-0.005189312613812712	-0.005885018795637766	-0.006637939348795988	-0.0074440218860106705	-0.008296550128416545	-0.009185712350293779	-0.01009821401068398	-0.011016978852338861	-0.011920992867245548	-0.012785354430280418	-0.013581599826107885	-0.0142783740121992	-0.014842508926680317	-0.015240552782057453	-0.015440760454083794	-0.015415504856948935	-0.015144001356917913	-0.014615154072401472	-0.01383024111407076	-0.012805068217581515	-0.011571156551723865	-0.010175517042257269	-0.00867863038158796	-0.0071504264138352435	-0.005664352859061759	-0.004290027471052213	-0.0030854222751200006	-0.002089922696365043	-0.001319780772369925	-0.0007672726059426734	-0.00040417154338989676	-0.00018901989013935216	-0.00007642903892214633	-0.000025793748511071086	-6.925566149678215e-6	-1.3834210711541097e-6	-1.8658232111929326e-7	-1.4677380103909477e-8	-5.33666892953898e-10	-6.035871351750233e-12	-1.0121317130749557e-14	-5.117672953861506e-19	0.	0.	0.	0.	0.	0.	0.	0.	0.	0.	0.	0.	-60619.36867994364	-314153.84994169336	-459960.7138939082	-586030.2795842858	-702791.4598948444	-814435.6653190418	-923002.6494022834	-1.0299534357242414e6	-1.1352078722093892e6	-1.240012510084436e6	-1.3440705626802822e6	-1.4477467404867974e6	-1.5517417599218653e6	-1.6547575440233613e6	-1.7585508699696416e6	-1.8624416431913688e6
-5.665467886428148e-17	-6.309370875333579e-16	-1.2444259474846785e-15	-1.9352042461276463e-15	-2.7460865030527133e-15	-3.727233063830366e-15	-4.939203287745707e-15	-6.456642244417709e-15	-8.372803078971927e-15	-1.0805194379693094e-14	-1.3902678906117566e-14	-1.785443952839694e-14	-2.2901355938131234e-14	-2.935046069496441e-14	-3.7593314357615845e-14	-4.8129412516219126e-14	-6.159595789053187e-14	-7.880577897709285e-14	-1.0079558548208578e-13	-1.2888739085345836e-13	-1.6476665729964823e-13	-2.1058172015950547e-13	-2.690702281731957e-13	-3.4371990493272126e-13	-4.3897290253868097e-13	-5.604854636499127e-13	-7.154578023576709e-13	-9.13053016589678e-13	-1.1649289576142724e-12	-1.4859132409342418e-12	-1.8948596898277045e-12	-2.4157346088685447e-12	-3.0789941295888757e-12	-3.923329992212622e-12	-4.997881625119727e-12	-6.365038045972102e-12	-8.103985638200963e-12	-1.0315198729472121e-11	-1.3126121425820218e-11	-1.6698354082246075e-11	-2.1236739366274374e-11	-2.7000845619974157e-11	-3.431947430412166e-11	-4.360898052541615e-11	-5.5396399379543584e-11	-7.034862654513541e-11	-8.930922230205708e-11	-1.1334481032808512e-10	-1.4380354653077435e-10	-1.8238876408968547e-10	-2.312516906209534e-10	-2.931081208319598e-10	-3.7138516236026547e-10	-4.70405713946542e-10	-5.956202590460413e-10	-7.53897957431062e-10	-9.53892007562185e-10	-1.2064979762144441e-9	-1.5254284250740299e-9	-1.927932924218089e-9	-2.4356996976201597e-9	-3.0759840259186494e-9	-3.883019542430944e-9	-4.899782197929733e-9	-6.18019354901604e-9	-7.791870891912405e-9	-9.819557532942353e-9	-1.2369398275023936e-8	-1.5574264366493232e-8	-1.9600380359239688e-8	-2.4655564566051055e-8	-3.0999467526163035e-8	-3.895628202568925e-8	-4.893050732522264e-8	-6.142648359132608e-8	-7.70725752377985e-8	-9.665108009093269e-8	-1.211351823206035e-7	-1.5173455963114708e-7	-1.8995160959960723e-7	-2.3765068846306737e-7	-2.971432724077563e-7	-3.7129257325087803e-7	-4.636418868272685e-7	-5.785718459567483e-7	-7.214928165075394e-7	-8.990799443747023e-7	-1.119559866626979e-6	-1.3930598791103325e-6	-1.7320324468798164e-6	-2.1517703981360223e-6	-2.6710310052022423e-6	-3.312790477984579e-6	-4.105154227365957e-6	-5.08245264735362e-6	-6.2865571595998385e-6	-7.76845689636097e-6	-9.590142686078754e-6	-0.000011826851943034956	-0.000014569735606969786	-0.000017929016338790114	-0.00002203771559613313	-0.000027056035740287615	-0.00003317649160075967	-0.00004062989343440387	-0.00004969228926477394	-0.00006069297824511212	-0.00007402370674383867	-0.00009014915375432556	-0.00010961880003153464	-0.0001330802536458826	-0.0001612940704884023	-0.00019515005816068146	-0.0002356849815389196	-0.0002841014934179126	-0.00034178798877872055	-0.00041033892072691214	-0.0004915749141732261	-0.0005875617642148085	-0.0007006271049995194	-0.0008333731782210817	-0.0009886837175101604	-0.0011697224991037308	-0.001379920599411316	-0.0016229488637143693	-0.001902671555362318	-0.002223076663590775	-0.002588177960012654	-0.003001883689307337	-0.003467826862965593	-0.003989152626430537	-0.00456825924598882	-0.005206491091654174	-0.005903784770336162	-0.006658273483981301	-0.007465859919779129	-0.008319774632636147	-0.009210144950929838	-0.010123608743858325	-0.011043017491322173	-0.011947283200995334	-0.012811432579759238	-0.013606937717900327	-0.014302393050107238	-0.014864600666410252	-0.015260106977373514	-0.015457200169090315	-0.015428327413854111	-0.01515282273493914	-0.0146197530720619	-0.013830598309534814	-0.012801393685571386	-0.011563899924474354	-0.010165353976811013	-0.008666421446076027	-0.0071371479004417124	-0.005651004065372216	-0.004277524959078828	-0.0030744972799604704	-0.0020810413480802396	-0.001313105972812334	-0.0007626796320888015	-0.000401316760193156	-0.00018744616007515413	-0.0000756783178620063	-0.000025494015496827505	-6.829903355916435e-6	-1.3605466947514374e-6	-1.828535075430722e-7	-1.4318195394459858e-8	-5.173910957593351e-10	-5.800864193771199e-12	-9.600673928091152e-15	-4.751219346824978e-19	0.	0.	0.	0.	0.	0.	0.	0.	0.	0.	0.	0.	-91605.59941918851	-323833.7800968448	-468763.5851157766	-594409.314738039	-710968.6319314298	-822874.573414874	-932297.4317768629	-1.039304615147942e6	-1.1452822801898222e6	-1.2498771962887568e6	-1.35426916445739e6	-1.4590998429583053e6	-1.5629352980731362e6	-1.6668005782911608e6	-1.7715946916662434e6
-4.497087794971958e-17	-5.008213125718843e-16	-9.877971960716146e-16	-1.5361345251953004e-15	-2.1798263047417112e-15	-2.958698773954151e-15	-3.920839849865947e-15	-5.125524104791868e-15	-6.6468112198141264e-15	-8.578028499117411e-15	-1.1037410682688008e-14	-1.4175232803433673e-14	-1.81828496866151e-14	-2.3304183856136992e-14	-2.9850344846015394e-14	-3.821822792585629e-14	-4.891420407824907e-14	-6.258426453677409e-14	-8.005241958939935e-14	-1.0236955416447832e-13	-1.3087561229192582e-13	-1.6727871088968128e-13	-2.1375578512796123e-13	-2.730805580845397e-13	-3.487862333557594e-13	-4.4537227704056077e-13	-5.68567138480279e-13	-7.256619642457278e-13	-9.259343383367206e-13	-1.181186200945128e-12	-1.5064264677497664e-12	-1.9207370201975595e-12	-2.448370946929264e-12	-3.1201449067431946e-12	-3.9752037374287845e-12	-5.0632561324905855e-12	-6.44740610885581e-12	-8.207737805414162e-12	-1.0445852407275622e-11	-1.3290608001303555e-11	-1.6905378608578255e-11	-2.1497230991808625e-11	-2.732852144086723e-11	-3.4731544940238914e-11	-4.4127032695970626e-11	-5.604749942974284e-11	-7.116669968106362e-11	-9.033677570990985e-11	-1.1463508498564637e-10	-1.4542320319256405e-10	-1.8442123456175624e-10	-2.3380135718361687e-10	-2.9630552601790417e-10	-3.7539349997461813e-10	-4.754289124379425e-10	-6.019130427587226e-10	-7.61778363196366e-10	-9.637569475262335e-10	-1.2188425776867243e-9	-1.5408700505424178e-9	-1.947240986863639e-9	-2.4598326486564227e-9	-3.1061352108059896e-9	-3.920674016776587e-9	-4.946787076834168e-9	-6.238845055367959e-9	-7.865021993395939e-9	-9.910750943012234e-9	-1.2483030674460754e-8	-1.5715789021116917e-8	-1.977655691612319e-8	-2.4874766765368927e-8	-3.127206194075524e-8	-3.9295093821668554e-8	-4.935139252717036e-8	-6.194903155681459e-8	-7.77209701427243e-8	-9.745515637022966e-8	-1.221317163994117e-7	-1.5296884915529005e-7	-1.9147940200683865e-7	-2.395405334484616e-7	-2.9947938799880535e-7	-3.7417833324731437e-7	-4.672040587658411e-7	-5.829657340871872e-7	-7.269084941381566e-7	-9.057497950631109e-7	-1.1277676948241247e-6	-1.4031518988557023e-6	-1.7444305128928785e-6	-2.166987908100558e-6	-2.6896919761630466e-6	-3.335652384520666e-6	-4.133135285453671e-6	-5.116664336327296e-6	-6.328342895861937e-6	-7.81943790662303e-6	-9.65227227453714e-6	-0.000011902479504855464	-0.00001466168190762883	-0.000018040661751693485	-0.000022173103164272182	-0.000027219991094015316	-0.00003337476191278431	-0.000040869307711029045	-0.00004998094234122344	-0.0000610404408493014	-0.00007444126388799264	-0.00009065007347114759	-0.00011021863404699631	-0.00013379717092104848	-0.00016214922360545983	-0.00019616798120122037	-0.00023689401632364464	-0.00028553423865650037	-0.00034348176372062805	-0.00041233623121144454	-0.000493923904457826	-0.0005903166325367251	-0.0007038484544473569	-0.0008371282671549745	-0.0009930465655352372	-0.001174773795632344	-0.001385747352437708	-0.0016296437170375227	-0.001910331693816101	-0.0022318022188319037	-0.002598069825353826	-0.0030130406526027802	-0.0034803419736850047	-0.004003108729202029	-0.00458372364078795	-0.005223509323408253	-0.0059223736109196385	-0.006678413249947569	-0.007487486371357451	-0.00834277082355067	-0.009234333541981062	-0.01014874544977724	-0.011068786489086796	-0.011973295471304225	-0.012837228257141306	-0.013631993556711023	-0.01432613603400143	-0.014886428553624834	-0.015279416139399057	-0.0154734204108265	-0.015440962545017537	-0.01516149451887745	-0.014624244889824407	-0.01383089360090168	-0.012797703210822485	-0.011556671463778957	-0.01015525863713903	-0.008654312651059492	-0.007123992628585124	-0.005637790894631881	-0.004265159383220188	-0.003063700349610901	-0.0020722711057452833	-0.001306520278361223	-0.0007581522088155046	-0.00039850568711949775	-0.00018589840805079597	-0.00007494104285488495	-0.000025200153903063148	-6.73631008418471e-6	-1.3382253419445303e-6	-1.7922691239083563e-7	-1.3970377137941793e-8	-5.017234390428274e-10	-5.576533163669404e-12	-9.109952550630416e-15	-4.412999555797211e-19	0.	0.	0.	0.	0.	0.	0.	0.	0.	0.	0.	0.	-114851.87049249982	-333601.1784220707	-477481.9809026762	-602614.8204144606	-719348.8801840169	-832098.5649409272	-940800.2568805764	-1.048279421301189e6	-1.154842467382773e6	-1.260470083303803e6	-1.36499332575332e6	-1.4700840269417071e6	-1.574334469573355e6	-1.6792430352923833e6
-3.5690479614689205e-17	-3.974707688455416e-16	-7.83956857613666e-16	-1.2191513403904034e-15	-1.7300365169257428e-15	-2.348229565260833e-15	-3.1119077716188484e-15	-4.0681331626856e-15	-5.275708787402966e-15	-6.8087449400950966e-15	-8.76113485094646e-15	-1.1252223584061248e-14	-1.443399376280391e-14	-1.850019567731008e-14	-2.3697967886306933e-14	-3.034262420341601e-14	-3.883648200968156e-14	-4.9692844328180456e-14	-6.35665292357848e-14	-8.129272976400592e-14	-1.0393648394747761e-13	-1.3285562441523733e-13	-1.6978085031864487e-13	-2.1691758674606775e-13	-2.7707548184224545e-13	-3.5383302171147774e-13	-4.5174673340182615e-13	-5.766169423131615e-13	-7.358252954003744e-13	-9.387633152368436e-13	-1.197376334510805e-12	-1.5268536792896997e-12	-1.9465041501978967e-12	-2.4808661728228807e-12	-3.1611150891931326e-12	-4.026846503860903e-12	-5.1283354082533696e-12	-6.5293970503094455e-12	-8.31100854067272e-12	-1.0575891873042792e-11	-1.3454311441771778e-11	-1.711140521752241e-11	-2.1756451758254322e-11	-2.7654579753532722e-11	-3.5141558054118216e-11	-4.4642469117712096e-11	-5.669527592242824e-11	-7.198055227876876e-11	-9.135897247921575e-11	-1.159185648130435e-10	-1.4703424539653286e-10	-1.8644278958307564e-10	-2.36337200157694e-10	-2.994854341071587e-10	-3.7937970268052995e-10	-4.804241239291632e-10	-6.081704591820851e-10	-7.696140991819888e-10	-9.735654987993887e-10	-1.2311160355793224e-9	-1.55622196535584e-9	-1.9664359877214328e-9	-2.483823186621192e-9	-3.136107110467697e-9	-3.95810291244926e-9	-4.993508288955371e-9	-6.2971400501357495e-9	-7.937725287643663e-9	-1.0001382195302483e-8	-1.2595957776742221e-8	-1.585642931444464e-8	-1.995162524869152e-8	-2.5092581051199112e-8	-3.154291923435777e-8	-3.9631732783331055e-8	-4.9769561617015166e-8	-6.246818648450679e-8	-7.836512915691314e-8	-9.82539480670992e-8	-1.2312166206222177e-7	-1.5419493044057225e-7	-1.9299697534105478e-7	-2.414176651092375e-7	-3.017996988949619e-7	-3.770444603051314e-7	-4.707418610594276e-7	-5.87329396968392e-7	-7.322867142460163e-7	-9.123732639160389e-7	-1.1359181394840398e-6	-1.4131729857342442e-6	-1.7567409760379264e-6	-2.182097327193074e-6	-2.7082197029260267e-6	-3.3583502002330925e-6	-4.160914467644506e-6	-5.150627920226718e-6	-6.369824036304e-6	-7.870045378953986e-6	-9.713944298284711e-6	-0.00001197754723031986	-0.000014752944071013171	-0.00001815147217542878	-0.000022307472950588423	-0.00002738270752413693	-0.00003357152621116097	-0.00004110689395006443	-0.00005026737982912479	-0.00006138522233897016	-0.00007485558183930115	-0.00009114708635657322	-0.00011081376426755156	-0.00013450843524311873	-0.00016299759607755262	-0.0001971777871910287	-0.00023809335454924883	-0.0002869554257818786	-0.00034516179315016206	-0.000414317234054686	-0.0004962535961533818	-0.0005930487232459285	-0.0007070429950058062	-0.0008408518950984601	-0.0009973726075605633	-0.001179782173972982	-0.0013915242333210139	-0.0016362808301084476	-0.0019179252428449152	-0.002240451297120899	-0.0026078742452880534	-0.0030240980993779887	-0.003492744400399869	-0.004016937926608167	-0.004599045942760319	-0.005240369451541035	-0.005940787721456469	-0.006698361326032954	-0.007508904204959606	-0.008365541954371142	-0.009258281662717301	-0.0101736279420972	-0.011094289911575307	-0.011999033962271264	-0.012862745917163357	-0.013656771906080632	-0.014349607559803936	-0.014907997126248303	-0.015298484645515358	-0.015489425284604303	-0.015453413967924715	-0.015170019924774287	-0.014628632136675885	-0.013831128909492944	-0.012793997968825951	-0.011549471580467256	-0.010145230694928405	-0.008642303002563946	-0.007110959058758588	-0.005624711421147585	-0.004252928616196517	-0.003053029345369577	-0.002063609991944591	-0.0013000220057595344	-0.0007536890233449931	-0.00039573739538822667	-0.0001843760469654415	-0.0000742168894150801	-0.00002491201158860576	-6.644728329070121e-6	-1.3164400857922522e-6	-1.7569907668467783e-7	-1.3633493249710874e-8	-4.866374007581628e-10	-5.362328754637268e-12	-8.647262065525189e-15	-4.100689371638236e-19	0.	0.	0.	0.	0.	0.	0.	0.	0.	0.	0.	0.	-134132.53026839593	-342888.1308462637	-485696.9706595891	-611021.0149739272	-727913.7581226908	-840592.9483177459	-950057.2910651837	-1.057609462649514e6	-1.1643300336900656e6	-1.270406302032765e6	-1.3762735304706378e6	-1.4811197831529716e6	-1.5861167002854177e6
-2.8320502177649043e-17	-3.1539491769446194e-16	-6.220766787208397e-16	-9.674141100782993e-16	-1.3728257231267408e-15	-1.8634038565963235e-15	-2.4694537621844048e-15	-3.2283329378924536e-15	-4.186725370867376e-15	-5.403467441747994e-15	-6.953110456363105e-15	-8.930417690043572e-15	-1.1456078749236293e-14	-1.4683964563893268e-14	-1.8810357563380032e-14	-2.4085710338967823e-14	-3.0829610517084314e-14	-3.94498500401066e-14	-5.0466688035968493e-14	-6.454376732553335e-14	-8.252745356055812e-14	-1.054969040406949e-13	-1.3482777911164726e-13	-1.7227327335392366e-13	-2.2006718390479203e-13	-2.810549316331945e-13	-3.588600853438284e-13	-4.580959667181594e-13	-5.846344352333529e-13	-7.459472137447831e-13	-9.515392094938487e-13	-1.2134984413276546e-12	-1.5471937455841922e-12	-1.972159697545478e-12	-2.513218607823275e-12	-3.2019026593166918e-12	-4.0782558719278925e-12	-5.1931165539317724e-12	-6.61100740620721e-12	-8.413793728297993e-12	-1.0705312249719374e-11	-1.36172259828292e-11	-1.7316427119546117e-11	-2.2014393710092453e-11	-2.797901127673045e-11	-3.5549502867735306e-11	-4.515527735658771e-11	-5.733971461431646e-11	-7.279016815437735e-11	-9.237579440092621e-11	-1.1719522957492307e-10	-1.4863665099461007e-10	-1.8845340538767156e-10	-2.388591947168796e-10	-3.0264782013592603e-10	-3.833437468133475e-10	-4.85391328209512e-10	-6.143924946735462e-10	-7.774051627392525e-10	-9.833176759093002e-10	-1.243318390121412e-9	-1.5714842470775433e-9	-1.9855180574225073e-9	-2.5076715163364022e-9	-3.165900032096518e-9	-3.9953066763873665e-9	-5.039946470320657e-9	-6.355079423281618e-9	-8.009982003438786e-9	-1.009145296813923e-8	-1.270818185368428e-8	-1.5996188298358955e-8	-2.0125589430048453e-8	-2.530901282874903e-8	-3.181204654406976e-8	-3.9966208292594775e-8	-5.018502687814916e-8	-6.298396439814036e-8	-7.900507311397935e-8	-9.904748218601025e-8	-1.2410505421298826e-7	-1.5541284848207556e-7	-1.9450438746227483e-7	-2.4328215767495406e-7	-3.041043001158223e-7	-3.7989107580053473e-7	-4.7425544843918904e-7	-5.91663031470725e-7	-7.37627726848865e-7	-9.189506678718847e-7	-1.1440116016711944e-6	-1.4231236463951176e-6	-1.768964475269226e-6	-2.1970994598918587e-6	-2.726615196724163e-6	-3.3808851942003046e-6	-4.188493364065635e-6	-5.184345388282873e-6	-6.411003065491689e-6	-7.920282411683695e-6	-9.775162614903362e-6	-0.000012052059914658977	-0.000014843528048338928	-0.000018261454983893355	-0.000022440834076770855	-0.000027544196295629395	-0.00003376679838423745	-0.00004134266924468428	-0.00005055162272907986	-0.00006172734846907559	-0.00007526669212539345	-0.00009164023093205065	-0.00011140423766877288	-0.00013521410378299607	-0.0001638392573406581	-0.00019817956028342522	-0.00023928309798186182	-0.0002883651775792208	-0.0003468282248629929	-0.0004162821067205168	-0.0004985642018027214	-0.0005957582902194358	-0.0007102110290797258	-0.0008445444212101022	-0.001001662268846125	-0.0011847481360369588	-0.0013972518324403625	-0.0016428608948972478	-0.0019254530104451167	-0.002249024838186215	-0.0026175923081493027	-0.003035057284432244	-0.003505035582943368	-0.004030641862400115	-0.004614228018244809	-0.005257073582749564	-0.0059590294650177875	-0.006718120344905496	-0.007530116332058684	-0.008388091219173485	-0.009281992786663943	-0.010198259962052428	-0.011119531745751185	-0.012024502872812256	-0.012887989923805406	-0.013681277234164253	-0.01437281212471565	-0.01492931082180304	-0.015317316773033413	-0.015505218798333296	-0.015465685307916921	-0.015178402084521073	-0.014632917350175235	-0.013831306096448934	-0.012790279090233406	-0.011542300657296082	-0.010135269811083127	-0.008630391512561642	-0.007098045672393429	-0.005611763752280358	-0.004240830572085623	-0.0030424821738222504	-0.00205505607406367	-0.0012936095121970196	-0.0007492887962167627	-0.0003930109810825216	-0.00018287850630893912	-0.00007350554275962744	-0.000024629441245735124	-6.555102054525311e-6	-1.2951746184170074e-6	-1.7226667917297013e-7	-1.3307130643356023e-8	-4.721077715376433e-10	-5.157732897404389e-12	-8.210841431316813e-15	-3.8121634383715575e-19	0.	0.	0.	0.	0.	0.	0.	0.	0.	0.	0.	0.	-151216.90049296108	-352276.81890010106	-494038.6513245447	-619120.3957411094	-736065.3686095139	-849165.703745242	-959359.1841507782	-1.0672481579712934e6	-1.1745883974827745e6	-1.281078165105151e6	-1.3861719296565868e6	-1.49252496142749e6
-2.246865348571412e-17	-2.5022567474301216e-16	-4.935415756193332e-16	-7.675305199388005e-16	-1.0891882802336911e-15	-1.4784315024478283e-15	-1.959307197038252e-15	-2.561468216998362e-15	-3.3219664802327302e-15	-4.2875074264337024e-15	-5.517272924269924e-15	-7.086495488701725e-15	-9.090997179258726e-15	-1.1652953212674427e-14	-1.4928227989789934e-14	-1.9115718149024117e-14	-2.4469248975417338e-14	-3.131271921224676e-14	-4.005940858150931e-14	-5.1236541274784123e-14	-6.551657509533597e-14	-8.375701787862626e-14	-1.0705109815149175e-13	-1.3679223548979702e-13	-1.7475603061122604e-13	-2.232045322394954e-13	-2.8501877176790044e-13	-3.6386718993018246e-13	-4.644196390742573e-13	-5.926191744756344e-13	-7.560271556509196e-13	-9.642613155334976e-13	-1.2295516480739369e-12	-1.5674455996304777e-12	-1.9977023732187688e-12	-2.5454267017365042e-12	-3.2425057525650544e-12	-4.129429604118107e-12	-5.257596901651972e-12	-6.692234010463724e-12	-8.516089613446536e-12	-1.0834109097407826e-11	-1.37793464025055e-11	-1.7520438198932487e-11	-2.227104971194969e-11	-2.830180773468952e-11	-3.595536984361384e-11	-4.5665446495256714e-11	-5.798080311618429e-11	-7.359553339106337e-11	-9.338722604238731e-11	-1.1846506242394801e-10	-1.502304019764047e-10	-1.9045306325907836e-10	-2.4136732218778293e-10	-3.0579266663505433e-10	-3.872856178335973e-10	-4.90330516159195e-10	-6.205791490653214e-10	-7.851515675757198e-10	-9.930135132186925e-10	-1.2554497055722982e-9	-1.5866570023531794e-9	-2.0044873617569637e-9	-2.531377885081612e-9	-3.195514334089601e-9	-4.0322858172205176e-9	-5.086102331177263e-9	-6.412664153937767e-9	-8.081793476540597e-9	-1.018096506798876e-8	-1.2819705330344236e-8	-1.6135069207684873e-8	-2.0298453751294755e-8	-2.552406776248193e-8	-3.207945131466338e-8	-4.029853009568441e-8	-5.059780102426029e-8	-6.349638182834915e-8	-7.964082344294137e-8	-9.983578642859062e-8	-1.2508192856913423e-7	-1.5662264922042435e-7	-1.960016973248783e-7	-2.451340866356927e-7	-3.063932881250326e-7	-3.827183027537694e-7	-4.777449774946266e-7	-5.959668365474622e-7	-7.42931784275799e-7	-9.254823264027522e-7	-1.1520484851857121e-6	-1.4330043903842342e-6	-1.7811016525297618e-6	-2.2119951136480854e-6	-2.7448794715879242e-6	-3.403258637894168e-6	-4.21587356651412e-6	-5.2178187302347935e-6	-6.451882466744296e-6	-7.970152099350808e-6	-9.83593107459334e-6	-0.000012126022340763393	-0.00001493343977174494	-0.00001837061752287438	-0.000022573195624421497	-0.000027704468617649366	-0.000033960592244043975	-0.00004157665058523691	-0.00005083369190480185	-0.00006206684481417472	-0.00007567462603822467	-0.0000921295454134965	-0.00011199010083284415	-0.0001359142332082117	-0.00016467427619030757	-0.0001991733838211889	-0.0002404633473668909	-0.0002897636155543694	-0.00034848120505859726	-0.0004182310246899537	-0.0005008559314960408	-0.0005984455843132626	-0.0007133528553683684	-0.0008482062001219355	-0.001005915969145545	-0.0011896721770653287	-0.0014029307321290813	-0.0016493845937111382	-0.0019329157930596983	-0.0022575237680058594	-0.0026272250859837457	-0.003045919443366514	-0.003517216938636362	-0.0040442221540728475	-0.00462927170313133	-0.005273623788632015	-0.005977101164473225	-0.006737692893499835	-0.007551125612479467	-0.008410421754161328	-0.009305470323047474	-0.010222645180093682	-0.011144515901435902	-0.012049706318697007	-0.012912964552520213	-0.013705513916141436	-0.014395754129780869	-0.014950373980094196	-0.015335916701952664	-0.01552080486529447	-0.015477780100912688	-0.015186644048449972	-0.01463710299682982	-0.013831426964808824	-0.012786547662564238	-0.011535159050219344	-0.010125375636514658	-0.008618577199266352	-0.0070852509716798325	-0.005598946027847409	-0.004228863205397719	-0.003032056785706913	-0.002046607463075124	-0.0012872811941443125	-0.0007449502802737984	-0.0003903255643538724	-0.0001814052316038926	-0.00007280669746502445	-0.000024352300219737728	-6.467377115924893e-6	-1.2744132248547745e-6	-1.6892653006309906e-7	-1.2990894287522359e-8	-4.581105823376069e-10	-4.962256988297996e-12	-7.799049885250636e-15	-3.5454874760860226e-19	0.	0.	0.	0.	0.	0.	0.	0.	0.	0.	0.	0.	-166766.344155428	-361198.7986130618	-502441.9664680747	-627271.3906778954	-744508.5324848825	-857544.2301387981	-967981.1694905839	-1.0770650481094779e6	-1.1844400540223597e6	-1.290934063934752e6	-1.3975293174358278e6
-1.7823069607914394e-17	-1.984901783749879e-16	-3.915000190800781e-16	-6.088467189585293e-16	-8.640123924016217e-16	-1.1727990228529555e-15	-1.5542928839205402e-15	-2.0320196324973048e-15	-2.635386457959551e-15	-3.4014594738307756e-15	-4.377210638182934e-15	-5.622359282725487e-15	-7.212970508594166e-15	-9.24603215694009e-15	-1.184529382940066e-14	-1.516868007906738e-14	-1.941774308943569e-14	-2.484970746778878e-14	-3.179280287478699e-14	-4.066580212915245e-14	-5.200288299439317e-14	-6.648529428681095e-14	-8.498164816707825e-14	-1.0859919425000166e-13	-1.3874904068331814e-13	-1.7722909547576795e-13	-2.2632953081537085e-13	-2.889668236894894e-13	-3.6885407991110894e-13	-4.707174135534548e-13	-6.005707269747432e-13	-7.660645749693973e-13	-9.769289587316985e-13	-1.2455351356944465e-12	-1.5876082518870822e-12	-2.0231309824969684e-12	-2.577489016028345e-12	-3.282922646095568e-12	-4.180365652167922e-12	-5.321774014811054e-12	-6.773073970639378e-12	-8.61789278172138e-12	-1.0962278404971648e-11	-1.3940667999317597e-11	-1.772343297682083e-11	-2.2526413416312767e-11	-2.8622961814370383e-11	-3.635915062087903e-11	-4.6172967059581484e-11	-5.861853080449498e-11	-7.439663623273178e-11	-9.439325460803762e-11	-1.1972804973660404e-10	-1.5181548426393038e-10	-1.9244174927449798e-10	-2.4386156973874885e-10	-3.0891996324771357e-10	-3.912053098528235e-10	-4.952416891751316e-10	-6.267304349607038e-10	-7.92853342893191e-10	-1.0026530638701072e-9	-1.267510068930353e-9	-1.6017403653322894e-9	-2.0233440997451174e-9	-2.5549425802384205e-9	-3.2249504231860333e-9	-4.069040901764053e-9	-5.131976651720423e-9	-6.469895305204488e-9	-8.15316114335455e-9	-1.0269920421761702e-8	-1.2930530775671382e-8	-1.6273075448840575e-8	-2.0470222707763117e-8	-2.5737751759437682e-8	-3.2345141278392166e-8	-4.0628708278701936e-8	-5.1007897169822006e-8	-6.400545577704315e-8	-8.027240212527686e-8	-1.0061888914190492e-7	-1.2605232159933033e-7	-1.5782437946702342e-7	-1.974889648878846e-7	-2.4697352863454857e-7	-3.086667607016231e-7	-3.855262656753662e-7	-4.812106064900874e-7	-6.002410130162397e-7	-7.481991409072887e-7	-9.319685612058636e-7	-1.1600291961976642e-6	-1.4428157297117937e-6	-1.7931531522408754e-6	-2.2267850982850126e-6	-2.763013543639628e-6	-3.4254718043533193e-6	-4.243056667491028e-6	-5.251049935204403e-6	-6.492464720828673e-6	-8.019657531191467e-6	-9.896253518432155e-6	-0.00001219943927718537	-0.000015022685152010149	-0.000018478967107455355	-0.00002270456663212486	-0.000027863535640247144	-0.000034152921522634935	-0.00004180885485520685	-0.00005111360807870433	-0.00006240373676367046	-0.00007607941462903177	-0.00009261506770605273	-0.0001125713999432534	-0.00013660887967773715	-0.00016550272077679802	-0.00020015934033253493	-0.00024163420242626814	-0.00029115085993298393	-0.00035012087834212287	-0.0004201641614668568	-0.0005031289928817209	-0.0006011108533800511	-0.000716468768891881	-0.0008518375819773787	-0.0010101341227584752	-0.0011945547856995493	-0.0014085615067680728	-0.0016558525993157387	-0.0019403143757336565	-0.0022659489990040967	-0.0026367736347960666	-0.003056685792888893	-0.0035292898626622235	-0.004057680393321221	-0.004644178803411295	-0.005290022106345443	-0.00599500510327077	-0.006757081513934197	-0.00757193485546683	-0.008432536638899535	-0.009328717618206738	-0.010246787197485476	-0.01116924621309853	-0.01207464833453052	-0.012937673992401583	-0.013729486236554926	-0.014418437882374418	-0.01497119084581101	-0.015354288517630512	-0.015536187306823147	-0.015489701796035323	-0.015194748787832661	-0.014641191474386	-0.013831493261511823	-0.012782804731843081	-0.011528047089601536	-0.010115547812889317	-0.008606859087404436	-0.007072573479379262	-0.005586256419532574	-0.004217024510171808	-0.0030217511748105684	-0.002038262312362374	-0.001281035486225698	-0.000740672259684673	-0.0003876802886558397	-0.00017995568386940404	-0.0000721200571379043	-0.00002408045033616517	-6.381501185630927e-6	-1.2541407581519419e-6	-1.6567556507380562e-7	-1.268440631470693e-8	-4.4462303646497723e-10	-4.775440051518542e-12	-7.410358154875959e-15	-3.2988944054514593e-19	0.	0.	0.	0.	0.	0.	0.	0.	0.	0.	0.	0.	-181098.85160566706	-370022.66589361214	-510209.5557306118	-635473.9997861558	-753082.7497522518	-866166.6054717987	-976895.7859458174	-1.0860222144483002e6	-1.1938573365616049e6	-1.300822265903813e6
-1.413571563210834e-17	-1.5742524985643239e-16	-3.1050683809471935e-16	-4.828916557775042e-16	-6.852777239911812e-16	-9.30200223566016e-16	-1.2327991245240414e-15	-1.6117443831561292e-15	-2.0903673358000467e-15	-2.6980789043538547e-15	-3.472156254063862e-15	-4.4599935501684095e-15	-5.721960025176735e-15	-7.335041987527806e-15	-9.397468064925802e-15	-1.2034609892044346e-14	-1.5406482366156703e-14	-1.9717321669689606e-14	-2.522776655946643e-14	-3.227037794305942e-14	-4.126941274218614e-14	-5.276598345094667e-14	-6.745010408562275e-14	-8.620145136712001e-14	-1.1014123782073193e-13	-1.406981779138968e-13	-1.796923900202849e-13	-2.294420420220757e-13	-2.9289889311549215e-13	-3.7382049702498636e-13	-4.769889540058033e-13	-6.084886702576138e-13	-7.760589551685004e-13	-9.895415118386767e-13	-1.2614481423393715e-12	-1.6076807798092908e-12	-2.0484444172722823e-12	-2.6094042279980246e-12	-3.3231517638862144e-12	-4.2310621365317245e-12	-5.3856456687957e-12	-6.853524664295981e-12	-8.719200149559916e-12	-1.1089816561387666e-11	-1.4101186571161187e-11	-1.7925406584210816e-11	-2.2780479220364136e-11	-2.894246711936079e-11	-3.6760837960554306e-11	-4.667783094726666e-11	-5.925288873513967e-11	-7.519346697696189e-11	-9.53938698116741e-11	-1.2098418095049157e-10	-1.533918875138722e-10	-1.9441945406392198e-10	-2.4634193008328314e-10	-3.120297063670268e-10	-3.9510282518803995e-10	-5.001248586227916e-10	-6.328463770623257e-10	-8.005105325650511e-10	-1.0122363987790137e-9	-1.2794995887013207e-9	-1.6167344961625113e-9	-2.0420885017978757e-9	-2.5783659270465884e-9	-3.254208751718745e-9	-4.105572551678316e-9	-5.177570278023054e-9	-6.526774019194774e-9	-8.224086534903841e-9	-1.0358321069484534e-8	-1.3040660893605765e-8	-1.64102105890353e-8	-2.064090098592069e-8	-2.5950070953366168e-8	-3.260912443578033e-8	-4.095675324440882e-8	-5.141532880204829e-8	-6.451120368356476e-8	-8.089983165412854e-8	-1.0139681926933826e-7	-1.2701627046443357e-7	-1.5901808683311386e-7	-1.989662510298623e-7	-2.488005613656802e-7	-3.1092481681805127e-7	-3.8831509042047044e-7	-4.846524951910619e-7	-6.044857633521813e-7	-7.534300529293319e-7	-9.384096959118218e-7	-1.16795414290167e-6	-1.4525581784440426e-6	-1.8051196208208786e-6	-2.2414702254316454e-6	-2.781018430428725e-6	-3.4475259674052035e-6	-4.270044259293478e-6	-5.284040990640289e-6	-6.5327523047342295e-6	-8.068801789723736e-6	-9.956133776745797e-6	-0.000012272315476272917	-0.000015111270076427163	-0.00001858651101960526	-0.000022834956092732212	-0.000028021408451325376	-0.000034343799868715946	-0.00004203929882750646	-0.00005139139182787412	-0.00006273804951749685	-0.00007648108870379091	-0.00009309683539940951	-0.00011314818078011704	-0.00013729809883752876	-0.00016632465860121765	-0.00020113751152799652	-0.0002427957618566835	-0.00029252702966077937	-0.0003517473877274615	-0.00042208168858484814	-0.0005053835911784587	-0.0006037543422880752	-0.0007195590610192006	-0.0008554389124704978	-0.0010143171385843196	-0.0011993964440532258	-0.0014141447228799356	-0.0016622655750568186	-0.0019476495322693433	-0.0022743014302472955	-0.0026462389947939195	-0.003067357531116588	-0.003541255728436875	-0.004071018146489542	-0.004658951095718687	-0.005306270539252186	-0.0060127435262020195	-0.00677628870440849	-0.007592546820730883	-0.008454438897519321	-0.009351737956968809	-0.010270689547863018	-0.011193726441597388	-0.01209933287568049	-0.012962122348290434	-0.013753198391581789	-0.014440867598614685	-0.014991765571047897	-0.01537243621336786	-0.01555136985490267	-0.015501453758152817	-0.01520271919729145	-0.01464518511403554	-0.013831506679320859	-0.01277905130417128	-0.011520965081376022	-0.010105785973337715	-0.008595236208461025	-0.007060011738630377	-0.005573693130304632	-0.004205312519093578	-0.0030115633768971655	-0.0020300188165795043	-0.0012748708601294416	-0.0007364535489997364	-0.0003850743200060645	-0.00017852933910548428	-0.00007144533409901022	-0.000023813757735428555	-6.297423681885031e-6	-1.2343426156438531e-6	-1.6251083978898627e-7	-1.2387305178901235e-8	-4.316234456966525e-10	-4.596847025798227e-12	-7.043340052127622e-15	-3.0707579564661866e-19	0.	0.	0.	0.	0.	0.	0.	0.	0.	0.	0.	0.	-194172.4622418948	-379068.72883049614	-518665.57819284336	-643728.2230676695	-761322.0690199287	-874950.2012142594	-985979.1941296571	-1.095784570895545e6	-1.2037827936524723e6
-1.1209427427494617e-17	-1.2483696410185738e-16	-2.4622964324282577e-16	-3.8293287011089315e-16	-5.434304486660135e-16	-7.376662265473554e-16	-9.776486729678352e-16	-1.278188955992164e-15	-1.6577948600383069e-15	-2.1398040049995794e-15	-2.7537909989334947e-15	-3.537360492188246e-15	-4.5384194353002564e-15	-5.818065172611804e-15	-7.454258686149817e-15	-9.546503125251065e-15	-1.222182117694173e-14	-1.564234427424826e-14	-2.0014998592973027e-14	-2.560383739380206e-14	-3.274574581229765e-14	-4.187045421134823e-14	-5.352598923168002e-14	-6.841109483253521e-14	-8.741646525511754e-14	-1.1167721304154277e-13	-1.426395871218723e-13	-1.8214581222639165e-13	-2.3254192065346854e-13	-2.9681477946083424e-13	-3.787661805892801e-13	-4.832339382958249e-13	-6.163726102692593e-13	-7.860098135140969e-13	-1.002098385668796e-12	-1.2772899561219929e-12	-1.6276623325723644e-12	-2.0736416596887328e-12	-2.6411711209609207e-12	-3.363191661118692e-12	-4.281517351311773e-12	-5.449209848388911e-12	-6.9335837224064985e-12	-8.820008946958284e-12	-1.1216720342222935e-11	-1.4260898386828586e-11	-1.8126354732932573e-11	-2.3033242232383327e-11	-2.926031812274757e-11	-3.7160425691069417e-11	-4.718003136381401e-11	-5.988386956334813e-11	-7.598601787297218e-11	-9.63890637503973e-11	-1.2223344841217474e-10	-1.5495960493004864e-10	-1.9638617257919915e-10	-2.4880840119645244e-10	-3.1512189878142847e-10	-3.9897817393484163e-10	-5.04980045312887e-10	-6.389270115310262e-10	-8.081231943511958e-10	-1.0217636056730432e-9	-1.2914183937233014e-9	-1.631639579553499e-9	-2.060720827962627e-9	-2.6016482864549314e-9	-3.2832898150045287e-9	-4.14188144028446e-9	-5.222884118157345e-9	-6.583301512313329e-9	-8.294571271087579e-9	-1.0446169157322e-8	-1.3150098514605245e-8	-1.6546478345989492e-8	-2.0810493450907796e-8	-2.6161031689634276e-8	-3.287140903737302e-8	-4.128267569015179e-8	-5.182010975423561e-8	-6.501364339253696e-8	-8.152313499556027e-8	-1.0216960630396891e-7	-1.279738129614255e-7	-1.6020381966247448e-7	-2.0043361746822371e-7	-2.5061526347768764e-7	-3.131675565246616e-7	-3.9108490405088877e-7	-4.880708046997194e-7	-6.087012914922131e-7	-7.586247781009631e-7	-9.448060558089547e-7	-1.175823735190596e-6	-1.4622322523180218e-6	-1.81700170623113e-6	-2.2560513079890448e-6	-2.7988951503060592e-6	-3.4694224009342893e-6	-4.296837933161746e-6	-5.316793881326029e-6	-6.572747690524675e-6	-8.117587949423682e-6	-0.00001001557566758695	-0.00001234465567242967	-0.000015199200406821102	-0.000018693256505937674	-0.000022964372950843296	-0.000028178098073834176	-0.00003453324084453995	-0.00004226799916108106	-0.00005166706358040226	-0.00006306980808221308	-0.0000768796788191416	-0.00009357488576365979	-0.00011372048871611588	-0.00013798194581673845	-0.00016714015651222644	-0.00020210797829815823	-0.00024394812332874448	-0.0002938922424047628	-0.0003533608746413828	-0.00042398377561541354	-0.0005076199291886277	-0.0006063762929414682	-0.0007226240194971792	-0.0008590105328864784	-0.0010184654201769792	-0.0012041976277847564	-0.0014196809392237175	-0.001668624174982076	-0.001954922025381248	-0.002282581947638586	-0.0026556221906301747	-0.003077935837874907	-0.0035531158879741932	-0.004084236955014162	-0.004673590327862048	-0.005322371057553886	-0.006030318640152098	-0.006795316920083315	-0.007612964219468568	-0.008476131499895099	-0.009374534563992492	-0.010294355698749145	-0.011217960275876682	-0.012123763820152584	-0.012986313642821878	-0.013776654491239215	-0.014463047405704026	-0.015012102217747535	-0.015390363692911906	-0.01556635615467479	-0.015513039270330358	-0.015210558097126566	-0.014649086182540518	-0.01383146885867408	-0.012775288347232284	-0.011513913308153483	-0.010096089743125224	-0.008583707600905446	-0.0070475643127476326	-0.005561254393844349	-0.004193725302634397	-0.0030014914686650315	-0.0020218752105468267	-0.0012687858235539478	-0.0007322929922403584	-0.0003825068462753181	-0.00017712568779724817	-0.000070782249079904	-0.000023552092714367265	-6.215095700868503e-6	-1.2150047163518528e-6	-1.5942952429612228e-7	-1.2099244859144775e-8	-4.1909117022302494e-10	-4.426067166384604e-12	-6.696665331298642e-15	-2.8596258667635246e-19	0.	0.	0.	0.	0.	0.	0.	0.	0.	0.	0.	0.	-206886.4348326401	-387653.93070392346	-526894.123258812	-651444.5073775589	-769830.9796078369	-883322.1317207458	-994812.3883714713	-1.1045366297160168e6
-8.887556182408025e-18	-9.897884196733222e-17	-1.9522772119907063e-16	-3.0361753750431195e-16	-4.308772298175085e-16	-5.848903733526301e-16	-7.751846461777063e-16	-1.013502977088281e-15	-1.3145288547639873e-15	-1.6967760871532022e-15	-2.183701642482389e-15	-2.805142291513104e-15	-3.599106799197343e-15	-4.614073025846189e-15	-5.911904603698274e-15	-7.571566946003586e-15	-9.693868005726021e-15	-1.2407494815736884e-14	-1.587669891651333e-14	-2.031109772833771e-14	-2.5978157825468574e-14	-3.321907990739834e-14	-4.246904758452449e-14	-5.428297381544028e-14	-6.936829543542292e-14	-8.862667971668394e-14	-1.1320707908603891e-13	-1.445731950342553e-13	-1.8458925067586194e-13	-2.356290097205308e-13	-3.00714285328752e-13	-3.836908863986496e-13	-4.894520646623336e-13	-6.242221727044646e-13	-7.959166947572009e-13	-1.0145990353624793e-12	-1.293059925111426e-12	-1.6475521265546575e-12	-2.098721775220449e-12	-2.6727885886589834e-12	-3.4030410255646406e-12	-4.331729747092888e-12	-5.512464736163538e-12	-7.013249019818802e-12	-8.920316702377272e-12	-1.1342986890733702e-11	-1.441980016441956e-11	-1.8326273686688383e-11	-2.328469823942245e-11	-2.957651013013284e-11	-3.755790865756533e-11	-4.767956275680294e-11	-6.051146745976997e-11	-7.677428302538933e-11	-9.73788307863612e-11	-1.2347584723107105e-10	-1.5651863308377853e-10	-1.9834190387338674e-10	-2.512609860440037e-10	-3.181965493520334e-10	-4.0283137355982444e-10	-5.098072790017915e-10	-6.449723853738926e-10	-8.156913991488425e-10	-1.0312347881753446e-9	-1.3032666320459401e-9	-1.6464558234071459e-9	-2.079241366250411e-9	-2.624790053091395e-9	-3.3121941488542684e-9	-4.1779682895302965e-9	-5.267919138499415e-9	-6.639479070759883e-9	-8.364617055213005e-9	-1.0533466930933096e-8	-1.3258846587579887e-8	-1.6681882578151214e-8	-2.097900513468127e-8	-2.6370640510871567e-8	-3.313200356636454e-8	-4.1606486586879984e-8	-5.22222541804354e-8	-6.551279312331682e-8	-8.214233555176615e-8	-1.0293728024429707e-7	-1.2892498747022373e-7	-1.6138162696757498e-7	-2.0189112668270869e-7	-2.5241771448201236e-7	-3.1539508084022516e-7	-3.9383583470445815e-7	-4.914656972992952e-7	-6.128878026499592e-7	-7.637835755344909e-7	-9.511579675828712e-7	-1.1836383843476358e-6	-1.4718384683780997e-6	-1.828800057548014e-6	-2.2705291596277227e-6	-2.8166447218351908e-6	-3.4911623781944477e-6	-4.323439278477968e-6	-5.349310588450845e-6	-6.612453344263015e-6	-8.166019075485948e-6	-0.000010074582995313912	-0.000012416464580492416	-0.00001528648197770944	-0.000018799210775634245	-0.000023092826100479847	-0.00002833361546318197	-0.000034721257923058543	-0.00004249497239780829	-0.000051940643612052516	-0.00006339903726748803	-0.0000772752152787541	-0.00009404925574565644	-0.00011428836871299553	-0.0001386604752245616	-0.00016794928070354236	-0.000203070820712147	-0.0002450913834870028	-0.00029524661455540254	-0.0003549614789286894	-0.00042587059017705205	-0.0005098382073127275	-0.0006089769443015762	-0.000725663928480803	-0.0008625527801431677	-0.0010225793658005687	-0.0012089588061707087	-0.001425170706890164	-0.0016749290439631872	-0.0019621326068504715	-0.002290791424111392	-0.0026649242316431235	-0.003088421874992483	-0.0035648716722462195	-0.0040973383358593254	-0.004688098219347682	-0.005338325598914323	-0.006047732614834477	-0.006814168573940668	-0.007633189715362677	-0.008497617362793997	-0.00939711060507836	-0.010317789053033485	-0.011241951334618187	-0.012147944970414317	-0.013010251818415575	-0.013799858561525866	-0.01448498134420029	-0.015032204760069499	-0.01540807477288049	-0.015581149766867152	-0.015524461536201512	-0.015218268235561366	-0.01465289688428337	-0.013831381389463928	-0.012771516791739393	-0.011506892030278201	-0.01008645874028831	-0.008572272310394993	-0.007035229785015339	-0.005548938473980503	-0.004182260968210016	-0.002991533566734371	-0.002013829768179808	-0.0012627789191885703	-0.0007281894620196971	-0.0003799770765023977	-0.00017574423443806025	-0.00007013053093176354	-0.00002329532957448108	-6.134469951766343e-6	-1.1961134794406267e-6	-1.56428898093529e-7	-1.181989410623848e-8	-4.0700656216837116e-10	-4.262712553987161e-12	-6.3690925106090525e-15	-2.6641180703377083e-19	0.	0.	0.	0.	0.	0.	0.	0.	0.	0.	0.	0.	-219271.24337570588	-396132.260302536	-534844.0887975211	-659798.8487328376	-777824.9139370063	-892150.4597839155	-1.0040115907206702e6
-7.045492620358918e-18	-7.846482227789104e-17	-1.5476553035309958e-16	-2.4069395701788593e-16	-3.4158202428487447e-16	-4.636845788001562e-16	-6.145527435042034e-16	-8.035031219779312e-16	-1.0421785779489756e-15	-1.3452612066624688e-15	-1.7313606575288471e-15	-2.224139076433301e-15	-2.8537513770798748e-15	-3.6586539449825524e-15	-4.6879273140607145e-15	-6.004229768930501e-15	-7.687552636721944e-15	-9.840014171150257e-15	-1.2591971663985049e-14	-1.6109801530127672e-14	-2.0605812555397208e-14	-2.6350869734418658e-14	-3.369047742132031e-14	-4.306524923600145e-14	-5.5036959432332464e-14	-7.032170231626361e-14	-8.983206680268677e-14	-1.1473077995011465e-13	-1.464989110795663e-13	-1.870225850756418e-13	-2.3870316118754537e-13	-3.0459722300651164e-13	-3.8859437837655557e-13	-4.956430406052702e-13	-6.320370103236025e-13	-8.057791824861519e-13	-1.0270429570726137e-12	-1.308757445189319e-12	-1.6673494450391824e-12	-2.1236839123663113e-12	-2.7042556215216566e-12	-3.4426986695177832e-12	-4.3816979292618896e-12	-5.5754087028564994e-12	-7.092518663891366e-12	-9.020121228988858e-12	-1.1468613699550652e-11	-1.4577889053636584e-11	-1.8525160236707617e-11	-2.353484367394198e-11	-2.9891039235952415e-11	-3.795328267091197e-11	-4.8176420755339863e-11	-6.113567804190668e-11	-7.755825830202501e-11	-9.836316743314218e-11	-1.2471137513977186e-10	-1.5806897174224714e-10	-2.0028665088998772e-10	-2.536996923236667e-10	-3.2125367268888925e-10	-4.066624485114415e-10	-5.146065979147025e-10	-6.509825558602212e-10	-8.232152302776393e-10	-1.040650064930085e-9	-1.3150444698611866e-9	-1.661183457511312e-9	-2.097650431040976e-9	-2.6477916533093384e-9	-3.3409223271998773e-9	-4.21383386709886e-9	-5.312676360209057e-9	-6.695308046245973e-9	-8.434225668787998e-9	-1.0620216729146314e-8	-1.3366908172215409e-8	-1.6816427275387402e-8	-2.1146441224736252e-8	-2.6578904143320647e-8	-3.3390916722091787e-8	-4.1928197159202374e-8	-5.26217765313851e-8	-6.600867144098336e-8	-8.275745712613347e-8	-1.0369987155223207e-7	-1.298698329032062e-7	-1.625515583690311e-7	-2.0333884184283838e-7	-2.5420799466616243e-7	-3.1760749164825835e-7	-3.965680114713998e-7	-4.948373363068297e-7	-6.170455031407085e-7	-7.689067054877985e-7	-9.574657590705444e-7	-1.1913985027556237e-6	-1.4813773446332366e-6	-1.8405153245598158e-6	-2.2849045943144706e-6	-2.8342681632385058e-6	-3.5127471711626748e-6	-4.349849882014769e-6	-5.381593088737942e-6	-6.651871725004889e-6	-8.214098222666545e-6	-0.000010133159549266014	-0.000012487746894222442	-0.00001537312059459187	-0.000018904380998520335	-0.000023220324382935224	-0.00002848797150485575	-0.000034907864485313205	-0.000042720234959670736	-0.00005221215204324695	-0.0000637257616829453	-0.00007766772813011135	-0.00009451998196584035	-0.00011485186531858904	-0.00013933374114769265	-0.00016875209671209296	-0.00020402611801688145	-0.00024622563795076365	-0.00029659026122967825	-0.00035654933885829185	-0.0004277422979454174	-0.0005120386235648526	-0.0006115565324093604	-0.0007286790685644734	-0.0008660659868334733	-0.0010266593684859476	-0.001213680442179824	-0.0014306145693972266	-0.0016811808178175988	-0.001969282017678443	-0.0022989307198214206	-0.002674146112094316	-0.003098816786593431	-0.0035765243915385804	-0.004110323781946536	-0.004702476461893918	-0.005354136069070471	-0.006064987583511726	-0.00683284603762647	-0.0076532259255590535	-0.008518899350998664	-0.009419469188447285	-0.010340992950414409	-0.01126570316785	-0.012171880055169918	-0.013033940739209599	-0.013822814546502228	-0.014506673370219759	-0.015052077086686905	-0.015425573185110106	-0.015595754170142197	-0.015535723682259962	-0.015225852290910752	-0.014656619363240864	-0.013831245812750873	-0.012767737532821611	-0.011499901486840743	-0.010076892576236056	-0.008560929389959936	-0.0070230067584765386	-0.0055367436641329	-0.0041709176593603325	-0.0029816878266621617	-0.0020058808014513244	-0.0012568487237279314	-0.0007241418586938638	-0.00037748424023397906	-0.0001743844970707544	-0.00006948991634581701	-0.00002304334647649594	-6.055500694690172e-6	-1.1776558036808684e-6	-1.5350634525150137e-7	-1.154893573006391e-8	-3.953509124543643e-10	-4.106416702984472e-12	-6.059462539805046e-15	-2.4830141788360467e-19	0.	0.	0.	0.	0.	0.	0.	0.	0.	0.	0.	0.	-230587.61030351263	-404895.4653993297	-542720.4653405133	-667743.0931581585	-786476.0145013593	-900943.9375320178
-5.5844076464880076e-18	-6.219203989950118e-17	-1.2267163991082835e-16	-1.907815696864328e-16	-2.7075117191896534e-16	-3.6753820578783157e-16	-4.871325248819745e-16	-6.369179489001333e-16	-8.261279593580654e-16	-1.0664040458760782e-15	-1.3725054429763216e-15	-1.7632001399452106e-15	-2.2624016586550197e-15	-2.9006142312397592e-15	-3.716772246791547e-15	-4.760582938166975e-15	-6.095506783928548e-15	-7.802570128200959e-15	-9.985210010915978e-15	-1.2775457421288305e-14	-1.6341808563575956e-14	-2.0899253745281843e-14	-2.6722047718987228e-14	-3.415998172389127e-14	-4.3659080602882544e-14	-5.5787947949976044e-14	-7.127129508290167e-14	-9.103258123535598e-14	-1.1624824650027212e-13	-1.4841664889398298e-13	-1.8944570271317509e-13	-2.4176422774094044e-13	-3.0846340897562023e-13	-3.934764366422624e-13	-5.018066031185411e-13	-6.398168003733203e-13	-8.155968876798879e-13	-1.0394296889470858e-12	-1.324381965717071e-12	-1.6870536329364234e-12	-2.1485272978336002e-12	-2.7355713079424765e-12	-3.48216352359823e-12	-4.431420650069413e-12	-5.638040299745276e-12	-7.171390982616927e-12	-9.119420612399904e-12	-1.1593598595400248e-11	-1.4735162613245486e-11	-1.8723011675348943e-11	-2.378367558200032e-11	-3.0203902285860734e-11	-3.8346544461037603e-11	-4.867060211191203e-11	-6.175649829849272e-11	-7.833794124556749e-11	-9.934207224714834e-11	-1.2594003236057834e-10	-1.596106237045549e-10	-2.0222042026163098e-10	-2.5612453221978985e-10	-3.242932888495031e-10	-4.104714298485016e-10	-5.193780482904333e-10	-6.569575899641206e-10	-8.306947827975172e-10	-1.0500095687680515e-9	-1.3267520904835266e-9	-1.6758227322941152e-9	-2.1159483615641436e-9	-2.670653543334271e-9	-3.3694749598328947e-9	-4.249478983653334e-9	-5.357156855875701e-9	-6.750789851915537e-9	-8.503398966563391e-9	-1.0706420977938106e-8	-1.3474286431666916e-8	-1.695011655012652e-8	-2.1312807053378258e-8	-2.6785829483845986e-8	-3.3648157404340037e-8	-4.224781886643348e-8	-5.301869153164319e-8	-6.650129722878167e-8	-8.336852389007742e-8	-1.0445741111321548e-7	-1.3080838865733528e-7	-1.6371366403818878e-7	-2.047768267391651e-7	-2.559861850114824e-7	-3.1980489159885796e-7	-3.992815642772833e-7	-4.981858859338967e-7	-6.211746002159303e-7	-7.739944291681474e-7	-9.637297590280872e-7	-1.1991045036228121e-6	-1.4908493997339214e-6	-1.8521481573869398e-6	-2.2991784258672062e-6	-2.851766491876767e-6	-3.534178049932362e-6	-4.376071327230338e-6	-5.413643353628597e-6	-6.691005283857837e-6	-8.261828434202617e-6	-0.000010191309102528291	-0.00001255850728490138	-0.000015459122032364522	-0.000019008774303285333	-0.00002334687658479475	-0.00002864117701223788	-0.000035093073818052146	-0.000042943803146193626	-0.00005248160883635389	-0.00006405000573535198	-0.00007805724716167859	-0.00009498710071550606	-0.00011541102266434877	-0.0001400017971483178	-0.00016954866941679044	-0.00020497394863698622	-0.00024735098131566303	-0.0002979232962749331	-0.00035812459113014264	-0.0004295990626643587	-0.0005142213735891174	-0.0006141152904087178	-0.0007316697168141159	-0.0008695504812687375	-0.001030705816087956	-0.00121836299254757	-0.0014360130627858424	-0.0016873801234302136	-0.0019763709882399394	-0.0023070006823374496	-0.002683288811403921	-0.0031091216993855125	-0.0035880753358009223	-0.004123194762576783	-0.004716726719935967	-0.0053698043424319115	-0.006082085643701395	-0.006851351642275185	-0.007673075421621381	-0.008539980278403931	-0.009441613365988106	-0.010363970668803846	-0.011289219258513297	-0.01219557273108765	-0.013057384192941503	-0.013845526310311015	-0.014528127357576852	-0.015071723003012072	-0.015442862578929814	-0.015610172763371288	-0.015546828760074283	-0.015233312873674194	-0.014660255704889049	-0.013831063622411459	-0.012763951431356209	-0.011492941896642683	-0.01006739085632001	-0.00854967790017069	-0.00701089385571675	-0.00552466828676627	-0.004159693554947783	-0.002971952441985123	-0.001998026659385232	-0.0012509938469180775	-0.000720149109542328	-0.00037502758688815613	-0.0001730460068462397	-0.00006886014958480899	-0.0000227960253009711	-5.978143681319661e-6	-1.1596190478644349e-6	-1.506593498133911e-7	-1.1286065925096076e-8	-3.8410640079305147e-10	-3.956833261774972e-12	-5.766692898892196e-15	-2.315172190118815e-19	0.	0.	0.	0.	0.	0.	0.	0.	0.	0.	0.	0.	-241654.13069144048	-412877.9061062614	-550690.8388848398	-675806.1476228877	-794555.7153732296
-4.425656287970434e-18	-4.9288663634688074e-17	-9.721829295657851e-17	-1.51196577474587e-16	-2.1457584290818822e-16	-2.912859259688137e-16	-3.8607275922506227e-16	-5.047933288146687e-16	-6.547654698215792e-16	-8.452224847586885e-16	-1.0878633224994396e-15	-1.3975729342372013e-15	-1.7933136955405145e-15	-2.299277697385086e-15	-2.9463451228782335e-15	-3.7739401451474735e-15	-4.832404936356096e-15	-6.1860145139170254e-15	-7.916835424255644e-15	-1.0129622574393596e-14	-1.2958076655598303e-14	-1.6572806970839358e-14	-2.119147996783543e-14	-2.7091729598407683e-14	-3.4627614047315436e-14	-4.4250544267284834e-14	-5.6535921445057186e-14	-7.22170373718436e-14	-9.222817482859558e-14	-1.1775941352730744e-13	-1.5032631807961265e-13	-1.918584883336844e-13	-2.448120714192011e-13	-3.1231267699741186e-13	-3.9833685537135153e-13	-5.079425017741414e-13	-6.475612464045436e-13	-8.253694555252978e-13	-1.0517588069288651e-12	-1.3399329850214295e-12	-1.706664097669408e-12	-2.1732512322829486e-12	-2.766734828985614e-12	-3.521434631556004e-12	-4.480896800790408e-12	-5.70035824796871e-12	-7.249864515570176e-12	-9.218213197774875e-12	-1.171793972321204e-11	-1.4891618790724217e-11	-1.891982577122339e-11	-2.4031191592607832e-11	-3.0515096840144654e-11	-3.873769163164481e-11	-4.9162104646634034e-11	-6.237392652182944e-11	-7.911333098918602e-11	-1.0031554572386048e-10	-1.2716182147798455e-10	-1.6114359464508581e-10	-2.0414322211778692e-10	-2.5853552216071593e-10	-3.273154230494826e-10	-4.142583548855046e-10	-5.241216839469569e-10	-6.628975638325849e-10	-8.381301628578285e-10	-1.0593134459108182e-9	-1.3383896933772738e-9	-1.6903739176359066e-9	-2.1341355204417605e-9	-2.6933762074953636e-9	-3.397852690248934e-9	-4.284904490212004e-9	-5.401361746323803e-9	-6.805925958459842e-9	-8.57213887181188e-9	-1.0792082184701759e-8	-1.3580984625606454e-8	-1.7082954628931575e-8	-2.1478108087518684e-8	-2.699142358760355e-8	-3.390373469842517e-8	-4.2565363384583654e-8	-5.3413014157869896e-8	-6.699068966196107e-8	-8.397556035155732e-8	-1.0520993019838699e-7	-1.317406945687421e-7	-1.6486799464268566e-7	-2.062051457181097e-7	-2.5775236711528367e-7	-3.21987384015754e-7	-4.0197662377229297e-7	-5.015115111548824e-7	-6.252753019069333e-7	-7.790470085468821e-7	-9.699502969116295e-7	-1.2067568007243216e-6	-1.5002551526677095e-6	-1.8636992061243638e-6	-2.3133514675361888e-6	-2.8691407237601805e-6	-3.5554562821440817e-6	-4.402105193607674e-6	-5.445463348518551e-6	-6.729856463101881e-6	-8.309212740804461e-6	-0.000010249035410782718	-0.000012628750400028663	-0.000015544492033851995	-0.000019112397775841944	-0.00002347249143611422	-0.000028793242724605023	-0.00003527689911156179	-0.00004316569313212484	-0.00005274903379325362	-0.00006437179362612987	-0.00007844380190044121	-0.00009545064795448845	-0.00011596588446333611	-0.00014066469626264157	-0.00017033906303786677	-0.00020591439017534475	-0.00024846750715591627	-0.0002992458322734583	-0.00035968737088298104	-0.00043144104615778323	-0.0005163866506768722	-0.0006166534485706437	-0.0007346361468001587	-0.0008730065875226991	-0.001034719091343228	-0.0012230069078509591	-0.0014413667157157479	-0.0016935275788747392	-0.0019834002384351715	-0.0023150021468301895	-0.002692353294383747	-0.003119337722944905	-0.0035995257749920784	-0.004135952723846158	-0.004730850631122697	-0.00538533226266941	-0.006099028857868009	-0.006869687679317004	-0.007692740730465245	-0.008560862909087724	-0.009463546134474731	-0.010386725425697574	-0.011312503023987876	-0.01221902658448025	-0.013080585892776258	-0.013867997639139734	-0.014549347099859042	-0.015091146233356348	-0.015459946523365315	-0.015624408867834715	-0.01555777974842976	-0.01524065252855767	-0.014663807938038138	-0.013830836266724269	-0.012760159315246935	-0.011486013459121484	-0.01005795318037448	-0.008538516909286514	-0.00699888971864546	-0.005512710692850992	-0.004148586868375549	-0.0029623256432891277	-0.0019902657270806498	-0.0012452129306339552	-0.0007162101679762799	-0.0003726063851409591	-0.00017172830759865781	-0.00006824098222504903	-0.000022553251514671516	-5.902356098127096e-6	-1.1419910121235944e-6	-1.478854914234407e-7	-1.1030993631873763e-8	-3.732560486082435e-10	-3.81363479870117e-12	-5.489772149110042e-15	-2.1595545292299282e-19	0.	0.	0.	0.	0.	0.	0.	0.	0.	0.	0.	0.	-252433.88030056618	-421383.4919855082	-558787.8219247832	-683916.7435097957
-3.506758463512869e-18	-3.905567120146476e-17	-7.703437784358792e-17	-1.1980694829183612e-16	-1.7003133158805074e-16	-2.308181832463786e-16	-3.059330912030927e-16	-4.000169187479875e-16	-5.188721244452722e-16	-6.698146323386276e-16	-8.621234384883655e-16	-1.1075959919639203e-15	-1.4212701272639398e-15	-1.822328377454823e-15	-2.335257335182674e-15	-2.9913210672024007e-15	-3.8304468705715024e-15	-4.90361782629448e-15	-6.275928098411937e-15	-8.030481308535213e-15	-1.0273347449969761e-14	-1.3139896249532669e-14	-1.6802845467071422e-14	-2.1482525169310534e-14	-2.7459932876677706e-14	-3.509337408666876e-14	-4.483962488372059e-14	-5.72808556760268e-14	-7.31588944400333e-14	-9.341879187233456e-14	-1.192642095231754e-13	-1.522278332806131e-13	-1.9426083878267498e-13	-2.478465617281324e-13	-3.161448664810362e-13	-4.0317544517061066e-13	-5.140505106580746e-13	-6.552700742900456e-13	-8.350965617290603e-13	-1.0640299256773622e-12	-1.3554100474747113e-12	-1.7261803017445009e-12	-2.1978550882376117e-12	-2.7977454530709957e-12	-3.560511146235916e-12	-4.530125406603957e-12	-5.762361435554371e-12	-7.327938003393535e-12	-9.316497576236604e-12	-1.1841635528528521e-11	-1.504725590422582e-11	-1.911560074744428e-11	-2.4277389891442795e-11	-3.082462113856528e-11	-3.9126722616913284e-11	-4.965092719502151e-11	-6.298796224220131e-11	-7.988442817587076e-11	-1.0128359019867183e-10	-1.2837674731684615e-10	-1.6266789296389427e-10	-2.0605506990111745e-10	-2.6093268260332696e-10	-3.303201053862808e-10	-4.1802326685407647e-10	-5.288375658667231e-10	-6.688025622779051e-10	-8.455214870763647e-10	-1.0685618552114468e-9	-1.3499574932289263e-9	-1.7048373017365776e-9	-2.1522122923173887e-9	-2.7159601565400115e-9	-3.4260561935938883e-9	-4.320111275647294e-9	-5.445292197569912e-9	-6.860717890417871e-9	-8.640447371833888e-9	-1.08772029327918e-8	-1.36870061036069e-8	-1.7214945844484303e-8	-2.1642349918974438e-8	-2.7195693656295996e-8	-3.415765786101646e-8	-4.288084258924856e-8	-5.380475961819749e-8	-6.747686818293065e-8	-8.457859132519877e-8	-1.059574604286896e-7	-1.3266679086966523e-7	-1.6601460129485948e-7	-2.0762386362023134e-7	-2.5950662311709395e-7	-3.241550728083553e-7	-4.0465332122648395e-7	-5.048143775825062e-7	-6.293478168771044e-7	-7.840647061844943e-7	-9.761277026706078e-7	-1.2143558081583922e-6	-1.5095951224725358e-6	-1.875169120505345e-6	-2.3274245316104246e-6	-2.8863918730891583e-6	-3.5765831324516384e-6	-4.427953056036245e-6	-5.477055032044037e-6	-6.768427695369177e-6	-8.35625415971713e-6	-0.000010306342211239937	-0.000012698480862112943	-0.000015629236308450017	-0.00001921525845781132	-0.000023597177608748416	-0.000028944179305303325	-0.00003545935345769786	-0.0000433859209653486	-0.00005301444655317291	-0.00006469114934916735	-0.00007882742160978597	-0.0000959106593092272	-0.00011651649400864648	-0.00014132249099989416	-0.00017112334113676897	-0.0002068475194142501	-0.00024957530802722697	-0.0003005579805477856	-0.00036123781170277616	-0.00043326840834229227	-0.0005185346457847625	-0.0006191712343181601	-0.0007375786286312239	-0.000876434625476156	-0.0010386995719284956	-0.0012276126325837947	-0.0014466760495612922	-0.0016996237935345028	-0.001990370477840983	-0.002322935936259705	-0.0027013405114674587	-0.0031294659499972646	-0.003610876959420403	-0.00414859908905465	-0.0047448498068039975	-0.005400721643292165	-0.006115819254101007	-0.006887856401267935	-0.007712224335271148	-0.008581549958357367	-0.009485270436753734	-0.010409260379510805	-0.011335557817579117	-0.012242245132940166	-0.013103549479084549	-0.013890232243127482	-0.014570336312442513	-0.015110350423023704	-0.015476828509274065	-0.01563846572935153	-0.01556857955539993	-0.01524787373642468	-0.014667278036604375	-0.013830565149897698	-0.012756361980651203	-0.01147911635523272	-0.01004857914322638	-0.008527445493389938	-0.006986993008273391	-0.0055008692613338125	-0.00413759584682395	-0.0029528056973041677	-0.0019825964247660696	-0.0012395046479863265	-0.0007123240127740949	-0.00037021992233473357	-0.00017043095543645907	-0.00006763217290857773	-0.000022314914042429666	-5.828096512062677e-6	-1.1247599201075148e-6	-1.4518244116907926e-7	-1.0783439932320796e-8	-3.6278367469878455e-10	-3.6765116674825444e-12	-5.227754899262256e-15	-2.0152100400338739e-19	0.	0.	0.	0.	0.	0.	0.	0.	0.	0.	0.	0.	-262846.0588562467	-429885.9566068666	-566307.9373665531
-2.7782969595226533e-18	-3.0941985277065986e-17	-6.103233183270594e-17	-9.492076778774984e-17	-1.3471306622420798e-16	-1.8287626904026638e-16	-2.4239272984582126e-16	-3.1694270153055827e-16	-4.1112134061269837e-16	-5.30730277938071e-16	-6.831236660621396e-16	-8.776548965994398e-16	-1.1262424784539946e-15	-1.4440979932993404e-15	-1.850632303075604e-15	-2.3706376599681385e-15	-3.035773569209854e-15	-3.886472483362032e-15	-4.97436097780337e-15	-6.365349402851628e-15	-8.143581292600913e-15	-1.0416440767397889e-14	-1.3320958637952694e-14	-1.7031951355247886e-14	-2.1772400460485224e-14	-2.7826655728600013e-14	-3.555725387373827e-14	-4.542630727226982e-14	-5.802272097812384e-14	-7.40968227784604e-14	-9.46043820606474e-14	-1.2076257186415542e-13	-1.541211124367057e-13	-1.9665265131821713e-13	-2.508675783988551e-13	-3.1995983380764355e-13	-4.0799203081715313e-13	-5.201304191141851e-13	-6.629430360615118e-13	-8.447779102018234e-13	-1.076242696658098e-12	-1.3708127427085704e-12	-1.7456017656263325e-12	-2.2223383060234984e-12	-2.8286025333398087e-12	-3.5993923245168387e-12	-4.5791056197852185e-12	-5.824048905016873e-12	-7.405610377916028e-12	-9.414272573825085e-12	-1.1964684746336687e-11	-1.5202072624618592e-11	-1.9310335258735874e-11	-2.452226919208405e-11	-3.1132474066740376e-11	-3.9513636640102085e-11	-5.0137069552819035e-11	-6.359860616519348e-11	-8.065123488135166e-11	-1.0224620975215077e-10	-1.2958481682599187e-10	-1.6418352964378517e-10	-2.0795598019368173e-10	-2.6331603781144317e-10	-3.333073705754275e-10	-4.217662145797991e-10	-5.335257618009029e-10	-6.746726782932719e-10	-8.528688819468828e-10	-1.0777549674303195e-9	-1.361455719062421e-9	-1.7192131900374442e-9	-2.170179082530812e-9	-2.738405926027317e-9	-3.454086174706777e-9	-4.3551002643031485e-9	-5.4889494179242015e-9	-6.9151672226534004e-9	-8.708326513678858e-9	-1.0961785876332269e-8	-1.379235429884739e-8	-1.7346094627960467e-8	-2.1805538255230795e-8	-2.7398647027020923e-8	-3.440993630666135e-8	-4.319426853935281e-8	-5.4193943332640526e-8	-6.79598524776788e-8	-8.51776419039382e-8	-1.0670003374082434e-7	-1.335867181476202e-7	-1.6715353550285156e-7	-2.0903304572176164e-7	-2.61249035628846e-7	-3.2630806238852276e-7	-4.073117884307359e-7	-5.080946513501173e-7	-6.33392354282407e-7	-7.890477850655018e-7	-9.822623065528063e-7	-1.2219019401167196e-6	-1.518869827966885e-6	-1.8865585495850153e-6	-2.3413984290481084e-6	-2.9035209518236698e-6	-3.5975598620219394e-6	-4.453616484233106e-6	-5.50842035541486e-6	-6.806721402878857e-6	-8.402955693846765e-6	-0.000010363233221648078	-0.000012767703267554331	-0.000015713360530873273	-0.000019317363345134008	-0.000023720943714822854	-0.000029093997340086962	-0.00003564044984810749	-0.00004360450256501617	-0.00005327786659076688	-0.00006500809668891909	-0.00007920813528770226	-0.00009636717007120593	-0.0001170628941722481	-0.0001419752333417923	-0.0001719015666165405	-0.00020777341231709856	-0.00025067447547028163	-0.00030185985116660944	-0.0003627760456318779	-0.0004350813072404934	-0.0005206655475534225	-0.0006216688722519258	-0.000740497428988388	-0.0008798349108621888	-0.001042647630519298	-0.0012321806052319542	-0.0014519415785071382	-0.00170566936822289	-0.001997282405860833	-0.0023308028615610333	-0.0027102513989383766	-0.003139507456694876	-0.003622130120078898	-0.004161135259108394	-0.004758725832509823	-0.005415974268213639	-0.006132458826778863	-0.006905860022502822	-0.007731528676377055	-0.008602044093771119	-0.009506789162903834	-0.010431578630880126	-0.011358386929964772	-0.012265231826931497	-0.013126278521171111	-0.013912233758218092	-0.014591098634447443	-0.015129339140341739	-0.015493511951413559	-0.015652346520342496	-0.015579231020348583	-0.01525497891618319	-0.014670667921316638	-0.013830251633539296	-0.012752560193159448	-0.011472250748294055	-0.010039268335179402	-0.008516462736504919	-0.006975202404487368	-0.00548914239861668	-0.004126718770505378	-0.002943390906024997	-0.0019750172068815153	-0.0012338677024577396	-0.0007084896473426232	-0.000367867503907573	-0.00016915351834871268	-0.00006703348710497037	-0.00002208090514425307	-5.755324818578267e-6	-1.1079144019725074e-6	-1.4254795762601105e-7	-1.0543137476948617e-8	-3.5267385347013017e-10	-3.5451709465464225e-12	-4.979757153708934e-15	-1.8811384852410232e-19	0.	0.	0.	0.	0.	0.	0.	0.	0.	0.	0.	0.	-273002.72047676804	-437851.7167970465
-2.2008423229424085e-18	-2.451034007476877e-17	-4.8348156685295295e-17	-7.51929111288233e-17	-1.0671552397139041e-16	-1.4487069294122023e-16	-1.9202324478331524e-16	-2.51083547423207e-16	-3.256988355259997e-16	-4.2046485546968793e-16	-5.412105385143038e-16	-6.953477312494377e-16	-8.923262577369442e-16	-1.1442003829481941e-15	-1.466360470613665e-15	-1.8784615715634354e-15	-2.40560387637183e-15	-3.0798458049379507e-15	-3.942124161268186e-15	-5.0447127156754395e-15	-6.454339765137998e-15	-8.256183619242386e-15	-1.0558936374449408e-14	-1.3501282401518625e-14	-1.7260131554524424e-14	-2.2061107470921182e-14	-2.8191895572354663e-14	-3.601923871186324e-14	-4.6010565828769767e-14	-5.876148660028381e-14	-7.50307857807234e-14	-9.578489442055607e-14	-1.222544349768321e-13	-1.5600607981621844e-13	-1.9903383547169554e-13	-2.538750079709137e-13	-3.2375744319830503e-13	-4.1278645031584917e-13	-5.26182035995738e-13	-6.705799042077133e-13	-8.544132341996682e-13	-1.0883968053754686e-12	-1.386140702931241e-12	-1.7649280623289426e-12	-2.2467003926187434e-12	-2.8593055031694577e-12	-3.638077521111431e-12	-4.627836713375163e-12	-5.8854198475577065e-12	-7.482880753365753e-12	-9.511537240206804e-12	-1.2087086385139936e-11	-1.5356067958499028e-11	-1.9504028370820547e-11	-2.4765828710276645e-11	-3.1438655123998034e-11	-3.9898433673972965e-11	-5.062053243351995e-11	-6.420586011177815e-11	-8.141375454043751e-11	-1.0320341011951481e-10	-1.307860389676068e-10	-1.656905181138055e-10	-2.0984597254312372e-10	-2.6568561565197543e-10	-3.362772576987213e-10	-4.254872521737067e-10	-5.381863458916833e-10	-6.805080125906171e-10	-8.60172483273907e-10	-1.0868929645443364e-9	-1.3728846133954554e-9	-1.733501904183687e-9	-2.1880363158639215e-9	-2.760714074797105e-9	-3.4819433662550047e-9	-4.389872413725546e-9	-5.532334655230515e-9	-6.9692755770008994e-9	-8.775778400072818e-9	-1.1045833735276126e-8	-1.3897032722125004e-8	-1.747640550177757e-8	-2.196767891068159e-8	-2.7600291161665727e-8	-3.46605795949855e-8	-4.350565346171041e-8	-5.458058091449486e-8	-6.843966245339078e-8	-8.577273743212566e-8	-1.0743768235496113e-7	-1.3450051730669934e-7	-1.6828484912427952e-7	-2.1043275767922525e-7	-2.629796876687812e-7	-3.284464575918362e-7	-4.099521576031154e-7	-5.113524990005519e-7	-6.374091236396801e-7	-7.939965084427504e-7	-9.883544389206349e-7	-1.22939561066822e-6	-1.5280797874957822e-6	-1.8978681414431842e-6	-2.3552739691294034e-6	-2.9205289692792894e-6	-3.6183877280665585e-6	-4.479097042201962e-6	-5.539561261792004e-6	-6.844739996724287e-6	-8.449320330949322e-6	-0.000010419712139373858	-0.000012836422185610497	-0.000015796870340001643	-0.000019418719386793566	-0.000023843798305338205	-0.000029242707335611946	-0.000035820201172628746	-0.00004382145371988065	-0.000053539313214435376	-0.0000653226592187692	-0.000079585971665289	-0.00009682021519572472	-0.00011760512740419544	-0.00014262297474242823	-0.00017267380172267764	-0.00020869214403059308	-0.0002517651000147938	-0.0003031515529512887	-0.00036430220317874656	-0.0004368798989949754	-0.0005227795423268496	-0.0006241465841764493	-0.0007433928111600805	-0.0008832077553117483	-0.0010465636348489988	-0.0012367112583488173	-0.0014571638096437058	-0.0017116648953030228	-0.002004136711873752	-0.002338603721827794	-0.0027190868791544215	-0.0031494633028902944	-0.0036332864689751134	-0.004173562612914834	-0.004772480268420384	-0.0054310918923071725	-0.0061489495372200244	-0.006923700720012119	-0.007750656152151185	-0.008622347936136542	-0.009528105151366536	-0.010453683223933124	-0.01138099359060591	-0.012287990051339376	-0.013148776518956698	-0.013934005747960073	-0.014611637630638274	-0.015148115878631886	-0.015510000190448271	-0.01566605434182578	-0.015589736915867718	-0.015261970426606476	-0.01467397946136476	-0.013829897038072619	-0.012748754688925782	-0.011465416784792622	-0.010030020342471503	-0.008505567730701734	-0.006963516605823613	-0.005477528538044287	-0.0041159539519373435	-0.0029340796058551703	-0.0019675265611888816	-0.0012283008270660397	-0.0007047060990034738	-0.00036554845284294537	-0.0001678955758259429	-0.00006644469688240042	-0.00002185112029742268	-5.684002191879155e-6	-1.0914434781445172e-6	-1.3997988309515662e-7	-1.0309829942097504e-8	-3.429118755722488e-10	-3.4193354470734363e-12	-4.7449520112177665e-15	-1.7567985242858803e-19	0.	0.	0.	0.	0.	0.	0.	0.	0.	0.	0.	0.	-282639.17785543355
-1.7432420744376584e-18	-1.941479174706968e-17	-3.829317605994308e-17	-5.9557249695467e-17	-8.452503358531781e-17	-1.1474884168471657e-16	-1.5209717460520565e-16	-1.988811436070552e-16	-2.579879528826052e-16	-3.3306022823629614e-16	-4.287171042166151e-16	-5.508303976777307e-16	-7.068900454473418e-16	-9.06449427551045e-16	-1.1617099618881332e-15	-1.4882470166658074e-15	-1.9059628241214742e-15	-2.4402673332474936e-15	-3.1236201833541688e-15	-3.997467053558499e-15	-5.114725392017345e-15	-6.542937513265428e-15	-8.368311832557587e-15	-1.070084689722735e-14	-1.368087597393764e-14	-1.7487392998820996e-14	-2.234864382448336e-14	-2.8555638250274967e-14	-3.6479311689583654e-14	-4.6592380645156507e-14	-5.9497123769918e-14	-7.596074170540424e-14	-9.696028186360378e-14	-1.2373974265219793e-13	-1.578826626911873e-13	-2.014043039085732e-13	-2.568687482784911e-13	-3.275375714336167e-13	-4.1755855724666925e-13	-5.322051883518645e-13	-6.781804744959661e-13	-8.640022923909093e-13	-1.1004919713174642e-12	-1.4013936027085157e-12	-1.7841588168734e-12	-2.270940916244661e-12	-2.8898538720717633e-12	-3.676566184724384e-12	-4.676318076716639e-12	-5.946473595974011e-12	-7.559748417615557e-12	-9.608290837870621e-12	-1.2208839714122779e-11	-1.550924123099738e-11	-1.9696679538657226e-11	-2.5008068138974242e-11	-3.174316439264052e-11	-4.0281114402953195e-11	-5.11013174177274e-11	-6.48097269610567e-11	-8.217199187662415e-11	-1.0415519860414224e-10	-1.3198042460871263e-10	-1.6718887411886138e-10	-2.1172506931200968e-10	-2.680414473987816e-10	-3.3922980996384027e-10	-4.2918643873785965e-10	-5.428193983118123e-10	-6.863086731596446e-10	-8.674324356335741e-10	-1.0959760390881222e-9	-1.384244431435006e-9	-1.747703781054054e-9	-2.2057844353434282e-9	-2.7828851835109625e-9	-3.5096285269577057e-9	-4.4244287125006e-9	-5.575449194237669e-9	-7.0230446190723005e-9	-8.842805185542206e-9	-1.1129349290704085e-8	-1.4001044956158265e-8	-1.7605883072701544e-8	-2.212877779828055e-8	-2.780063363683148e-8	-3.490959741852885e-8	-4.38150097363614e-8	-5.496468815268e-8	-6.891631821720951e-8	-8.636390348000964e-8	-1.0817043874412804e-7	-1.3540822953089084e-7	-1.6940859432235286e-7	-2.1182306547702167e-7	-2.6469866259895457e-7	-3.3057036360314333e-7	-4.125745613003866e-7	-5.145880873811625e-7	-6.41398334702307e-7	-7.989111396905232e-7	-9.944044300779964e-7	-1.2368372335554199e-6	-1.5372255186921508e-6	-1.909098542904997e-6	-2.3690519591309494e-6	-2.9374169317489086e-6	-3.639067983403765e-6	-4.504396287727837e-6	-5.570479685707656e-6	-6.882485876210621e-6	-8.495351042877324e-6	-0.00001047578264055174	-0.00001290464215744349	-0.000015879771337821013	-0.00001951933348365072	-0.000023965749868901214	-0.000029390319718075814	-0.00003599862021785868	-0.00004403679008682679	-0.00005379880556486186	-0.00006563486029964642	-0.00007996095920554625	-0.00009726982930099479	-0.00011814323573220512	-0.000143265766128552	-0.00017344010804441846	-0.00020960378888742743	-0.00025284727118406517	-0.00030443319348290977	-0.00036581641332828727	-0.0004386643378828096	-0.0005248768141723164	-0.0006266045891268552	-0.0007462650350773823	-0.0008865534663997157	-0.0010504479477679866	-0.001241205018630751	-0.0014623432430623108	-0.001717610958806826	-0.0020109340753820546	-0.002346339304494136	-0.0027278478609248395	-0.003159334532405849	-0.0036443471994562254	-0.00418588250777171	-0.004786114649828094	-0.005446076241950358	-0.0061652933143201746	-0.006941380634142349	-0.00776960911984504	-0.008642464060484745	-0.009549221190049834	-0.010475577147525937	-0.01140338096912085	-0.012310523126977804	-0.013171046904612998	-0.013955551705256341	-0.014631956793267085	-0.015166684058121275	-0.015526296494891996	-0.015679592225351646	-0.015600099949651378	-0.015268850568093871	-0.014677214475989173	-0.013829502644099469	-0.012744946175756219	-0.011458614595156874	-0.010020834747707553	-0.008494759576188109	-0.006951934329238104	-0.005466026139401298	-0.004105299735232064	-0.00292487016677571	-0.00196012300790859	-0.0012228027835544993	-0.0007009724183032362	-0.0003632621091386969	-0.00016665671849502156	-0.00006586558068751209	-0.000021625458083371762	-5.614091037296611e-6	-1.0753365438149814e-6	-1.3747614002121866e-7	-1.0083271515487872e-8	-3.334837107930447e-10	-3.2987427849613497e-12	-4.522565686509538e-15	-1.6413136437526116e-19	0.	0.	0.	0.	0.	0.	0.	0.	0.	0.	0.	0.
-1.3805014387566333e-18	-1.537449851888259e-17	-3.032596553778707e-17	-4.7164681308970256e-17	-6.693906651896108e-17	-9.087615286746523e-17	-1.2045560972364858e-16	-1.5751001629108922e-16	-2.0432498199958286e-16	-2.6378876510308353e-16	-3.3955678738131876e-16	-4.362854321902465e-16	-5.599083072017881e-16	-7.179974009020955e-16	-9.202194919013345e-16	-1.178921706511328e-15	-1.5098741623352571e-15	-1.933222887327484e-15	-2.4746960025194317e-15	-3.167151791412281e-15	-4.052543890309576e-15	-5.184425924024293e-15	-6.631159050940663e-15	-8.479978833803787e-15	-1.084218323872373e-14	-1.3859743236731714e-14	-1.7713726196664383e-14	-2.2634998768539138e-14	-2.891787458084743e-14	-3.693745685117008e-14	-4.717172523177361e-14	-6.022960151815607e-14	-7.68866563921344e-14	-9.813049741695552e-14	-1.2521843881679742e-13	-1.5975079611907252e-13	-2.0376397749217816e-13	-2.598487046077043e-13	-3.3130010675168734e-13	-4.223082196104055e-13	-5.381997185165501e-13	-6.857445630421241e-13	-8.735448712047556e-13	-1.1125279458277744e-12	-1.4165711560955377e-12	-1.8032936979256194e-12	-2.295059504463976e-12	-2.920247222475399e-12	-3.714857853603401e-12	-4.7245492063904404e-12	-6.0072096178719185e-12	-7.636212823805719e-12	-9.704532832336887e-12	-1.2329944250400777e-11	-1.566159207118071e-11	-1.988828858929001e-11	-2.5248987624473654e-11	-3.204600250855647e-11	-4.0661680188033507e-11	-5.1579426909656565e-11	-6.54102105955358e-11	-8.292595283483566e-11	-1.0510158399493961e-10	-1.331679864231448e-10	-1.6867861559518697e-10	-2.1359329551897434e-10	-2.703835675453796e-10	-3.421650744748712e-10	-4.3286383808430557e-10	-5.47425004920666e-10	-6.920747748470874e-10	-8.746488918593026e-10	-1.1050043935256749e-9	-1.3955354403101794e-9	-1.7618191718174774e-9	-2.2234239010998555e-9	-2.8049198532619895e-9	-3.5371424398932537e-9	-4.458770178195563e-9	-5.6182943540967995e-9	-7.076476055217066e-9	-8.909409072724745e-9	-1.1212335380351909e-8	-1.410439465016889e-8	-1.773453202528097e-8	-2.2288840921614963e-8	-2.7999682134257866e-8	-3.515699959119479e-8	-4.4122349882650125e-8	-5.534628099497831e-8	-6.938984005608297e-8	-8.695116581953668e-8	-1.088983356051921e-7	-1.36309896249328e-7	-1.7052482352432207e-7	-2.132040353778172e-7	-2.664060440660693e-7	-3.3267988588619837e-7	-4.151791323344202e-7	-5.178015835446935e-7	-6.45360197343011e-7	-8.037919421661684e-7	-1.000412610107284e-6	-1.2442272220029718e-6	-1.5463075382523463e-6	-1.9202503992789028e-6	-2.3827332040206043e-6	-2.954185842148437e-6	-3.6596018760488815e-6	-4.529515771905716e-6	-5.601177552524728e-6	-6.919961428238635e-6	-8.541050784881946e-6	-0.000010531448379298816	-0.000012972367695242283	-0.000015962069088451533	-0.000019619212487379146	-0.000024086806830575203	-0.000029536844831994655	-0.00003617571966588076	-0.00004425052718958142	-0.000054056362613757874	-0.00006594472307887532	-0.00008033312610242454	-0.00009771604666753117	-0.00011867726076156154	-0.00014390365790022212	-0.00017420054651643584	-0.0002105084204094014	-0.0002539210775000196	-0.00030570487910982857	-0.00036731880355266424	-0.0004404347763306329	-0.0005269575449008172	-0.0006290431033961015	-0.0007491143573498187	-0.0008898723476912343	-0.0010543009273030722	-0.0012456623069924	-0.0014674803719500113	-0.0017235081345531905	-0.0020176751661576116	-0.0023540103855144664	-0.002736535239113201	-0.0031691221732995482	-0.003655313486528757	-0.004198096279748962	-0.004799630487590778	-0.005460929015559229	-0.006181492055176883	-0.006958901869320449	-0.007788389896427697	-0.008662394997022926	-0.009570140017405481	-0.010497263336450291	-0.011425552176623228	-0.012332834312057925	-0.01319309304415304	-0.01397687505406462	-0.014652059543864905	-0.015185047027797358	-0.015542404062993516	-0.015692963134874588	-0.015610322766309356	-0.015275621584372425	-0.014680374736014381	-0.013829069693714004	-0.01274113533415261	-0.011451844294494085	-0.010011711130269163	-0.008484037381388506	-0.006940454309876868	-0.005454633688416637	-0.004094754495404109	-0.0029157609915357848	-0.001952805098882132	-0.0012173723616079046	-0.0006972876783468713	-0.00036100782929471525	-0.0001654365477673718	-0.0000652959231337611	-0.000021403820079114386	-5.545554945679217e-6	-1.0595833541334307e-6	-1.350347275831216e-7	-9.863226408460175e-9	-3.2437597306659594e-10	-3.183144512271667e-12	-4.3118738287204216e-15	-1.534018317206151e-19	0.	0.	0.	0.	0.	0.	0.	0.	0.	0.	0.
-1.0931440879747967e-18	-1.2173927327429556e-17	-2.4013014215349807e-17	-3.734738726426277e-17	-5.300491246565645e-17	-7.196001573767345e-17	-9.538369707430552e-17	-1.2472659371638652e-16	-1.6180349018046865e-16	-2.08893950792354e-16	-2.6890131585864315e-16	-3.455113715744226e-16	-4.4342656238621186e-16	-5.686441389644291e-16	-7.288243970668969e-16	-9.337530831822026e-16	-1.1959268539516518e-15	-1.5313102524677474e-15	-1.9602987053214886e-15	-2.5089332224719072e-15	-3.210470600952071e-15	-4.10737122173514e-15	-5.253830196926654e-15	-6.719018811941164e-15	-8.591192586280116e-15	-1.0982943254794281e-14	-1.4037879068336644e-14	-1.7939130172434252e-14	-2.2920165477198547e-14	-2.927858781753541e-14	-3.7393654971613096e-14	-4.774857960387313e-14	-6.095889046538098e-14	-7.780849531359389e-14	-9.929550158446703e-14	-1.2669047286343742e-13	-1.6161041917280407e-13	-2.0611278436476327e-13	-2.628147909361384e-13	-3.350449466535721e-13	-4.270353170459532e-13	-5.441654870198352e-13	-6.93272006540012e-13	-8.830407808121881e-13	-1.1245045102708764e-12	-1.4316731111398544e-12	-1.8223324243963425e-12	-2.3190558413973075e-12	-2.950485206279243e-12	-3.752952151280299e-12	-4.772529706226781e-12	-6.067627509171612e-12	-7.712273582327389e-12	-9.800262880118382e-12	-1.2450399746823445e-11	-1.581312039628008e-11	-2.00788557018621e-11	-2.548858774359304e-11	-3.234717063312397e-11	-4.104013302798764e-11	-5.205486409460349e-11	-6.600731584883364e-11	-8.367564451715485e-11	-1.060425764873982e-10	-1.3434873879234394e-10	-1.7015976255304054e-10	-2.1545067869436142e-10	-2.727120136261606e-10	-3.450831020132533e-10	-4.3651951846688917e-10	-5.520032569360238e-10	-6.978064389553434e-10	-8.818220125512225e-10	-1.1139782396511938e-9	-1.4067579183429124e-9	-1.7758484410426966e-9	-2.2409551892799723e-9	-2.8268187042502033e-9	-3.5644859108869375e-9	-4.492897855398046e-9	-5.66087148597836e-9	-7.129571629628873e-9	-8.975592308859367e-9	-1.1294794894355566e-8	-1.420708551472933e-8	-1.7862357115625393e-8	-2.2447874367372248e-8	-2.8197444431725917e-8	-3.540279603727649e-8	-4.442768654600484e-8	-5.5725375532131086e-8	-6.986024841765093e-8	-8.753455040141011e-8	-1.0962140583135732e-7	-1.3720555910337627e-7	-1.7163358938213918e-7	-2.1457573387558477e-7	-2.6810191594556774e-7	-3.3477513011713836e-7	-4.17766003693249e-7	-5.20993154655784e-7	-6.492949214432659e-7	-8.086391790796661e-7	-1.006379308715986e-6	-1.2515659885376062e-6	-1.5553263617254765e-6	-1.9313243541107738e-6	-2.396318506171567e-6	-2.9708366996856594e-6	-3.679990648832132e-6	-4.554457038701272e-6	-5.631656777934945e-6	-6.957169026733822e-6	-8.586422494967684e-6	-0.000010586712986990804	-0.000013039603281417169	-0.000016043769117260252	-0.000019718363199499234	-0.00002420697755084287	-0.000029682292939110352	-0.00003635151209313909	-0.000044462680417593954	-0.000054312003162801094	-0.00006625227048924834	-0.00008070250028013626	-0.00009815890123782531	-0.00011920724367533409	-0.00014453669993179884	-0.00017495517742091048	-0.00021140611131095386	-0.00025498660648865727	-0.00030696671495567836	-0.0003688094998226136	-0.0004421913649301615	-0.0005290219140879516	-0.0006314623405626486	-0.0007519410313014019	-0.0008931646987882286	-0.0010581229267169166	-0.0012500835386419205	-0.0014725756826838667	-0.00172935699026546	-0.0020243606443868956	-0.0023616177295414345	-0.002745149895776256	-0.0031788272381270063	-0.003666186487173336	-0.004210205244064477	-0.004813029268576732	-0.005475651884111934	-0.00619754762570094	-0.006976266494763298	-0.007807000759401158	-0.00868214323206402	-0.009590864323479822	-0.010518744672610554	-0.01144751026702654	-0.012354926803617348	-0.01321491823897926	-0.013997979151050936	-0.01467194923498125	-0.015203208067208079	-0.015558326024563581	-0.015706169968568225	-0.015620407949121805	-0.015282285664139805	-0.014683461965330371	-0.013828599391767463	-0.012737322818316368	-0.011445105983296941	-0.010002649066701865	-0.00847340026301182	-0.006929075300844102	-0.005443349696278062	-0.004084316637694174	-0.0029067505148659975	-0.0019455714167596256	-0.0012120083780931793	-0.0006936509741531929	-0.00035878498581837334	-0.00016423467550006265	-0.00006473551479782341	-0.00002118611075302258	-5.4783586497092226e-6	-1.0441740100615573e-6	-1.3265371844724282e-7	-9.649468393382568e-9	-3.1557588746515976e-10	-3.0723053040489117e-12	-4.112198113192044e-15	-1.4342856014364863e-19	0.	0.	0.	0.	0.	0.	0.	0.	0.	0.
-8.654297851988655e-19	-9.63826221891919e-18	-1.9011527080114798e-17	-2.956868389790053e-17	-4.1966025892901017e-17	-5.697230482865923e-17	-7.551994493062942e-17	-9.875539148523407e-17	-1.2811112244579968e-16	-1.6540076161348427e-16	-2.1291838437536984e-16	-2.7358669447206635e-16	-3.511281024048696e-16	-4.502949231464435e-16	-5.771565024609401e-16	-7.394651552326813e-16	-9.471229122942644e-16	-1.212781517004405e-15	-1.552601316833481e-15	-1.9872218068743174e-15	-2.543001520568626e-15	-3.253594268563732e-15	-4.161967050388341e-15	-5.3229488725575695e-15	-6.8065176696596495e-15	-8.701951577113503e-15	-1.1123129139601834e-14	-1.4215281954824958e-14	-1.8163594393270018e-14	-2.3204132236589703e-14	-2.963776708658616e-14	-3.7847887479118034e-14	-4.8322920736821185e-14	-6.168496629775228e-14	-7.872622350716211e-14	-1.0045525389683758e-13	-1.2815579884053447e-13	-1.6346147637529368e-13	-2.084506579001556e-13	-2.6576692918971557e-13	-3.3877200162420975e-13	-4.3173974291497454e-13	-5.501023689395478e-13	-7.007626602860461e-13	-8.924898548792919e-13	-1.1364214750251795e-12	-1.4466992549079726e-12	-1.841274757655194e-12	-2.3429296650530617e-12	-2.980567541552444e-12	-3.790848782494415e-12	-4.820259278807433e-12	-6.127726987891729e-12	-7.78793045315264e-12	-9.895480822431912e-12	-1.2570206180307385e-11	-1.5963826397490923e-11	-2.0268381390256485e-11	-2.5726869481850918e-11	-3.264667042634781e-11	-4.1416475532519296e-11	-5.252763289829103e-11	-6.66010484557027e-11	-8.442107512141751e-11	-1.0697818760817826e-10	-1.3552269771334646e-10	-1.7163233695674104e-10	-2.1729724874094148e-10	-2.7502682604568384e-10	-3.4798394682869623e-10	-4.4015355232527395e-10	-5.565542506209269e-10	-7.035037928595489e-10	-8.889519656082836e-10	-1.1228977980176782e-9	-1.4179121543425845e-9	-1.7897919658479526e-9	-2.258378791010564e-9	-2.848582374520542e-9	-3.5916597669753678e-9	-4.5268128138487534e-9	-5.703181970803669e-9	-7.182333121591799e-9	-9.041357182446267e-9	-1.1376730771203944e-8	-1.4309121316865074e-8	-1.798936316547127e-8	-2.2605884298179146e-8	-2.8393928394416822e-8	-3.5646996781040214e-8	-4.473103248539461e-8	-5.6101987982746585e-8	-7.03275638921159e-8	-8.811408333334204e-8	-1.103396824861125e-7	-1.3809525991545876e-7	-1.727349447352174e-7	-2.1593822765122033e-7	-2.6978636228875514e-7	-3.3685620212167485e-7	-4.2033530846656114e-7	-5.241629679027543e-7	-6.532027167891612e-7	-8.134531133708957e-7	-1.012304855092332e-6	-1.2588539448189535e-6	-1.5642825033156745e-6	-1.942321048953482e-6	-2.4098086650948005e-6	-2.987370499550616e-6	-3.700235539041947e-6	-4.579221624541869e-6	-5.661919267492084e-6	-6.994111032117162e-6	-8.631469093296365e-6	-0.000010641580071595157	-0.00001310635336786132	-0.00001612487691005196	-0.000019816792370502797	-0.000024326270324674596	-0.000029826674217419553	-0.00003652600996945652	-0.00004467326502507777	-0.000054565745842759546	-0.00006655752524830486	-0.00008106910939268823	-0.00009859842661627785	-0.0001197332252348859	-0.00014516494157325977	-0.00017570406038994917	-0.00021229693350305578	-0.00025604394468593025	-0.00030821880492780054	-0.000370288626619163	-0.0004439342524541339	-0.0005310700990952277	-0.0006338625115184515	-0.0007547453070070576	-0.0008964308153762031	-0.001061914294567525	-0.0012544691231559848	-0.00147762965492479	-0.0017351580856878423	-0.0020309911608146275	-0.0023691620901015653	-0.0027536926996049064	-0.003188450724199701	-0.003676967340654457	-0.004222210695453022	-0.004826312456101716	-0.005490246491661984	-0.006213461861215909	-0.0069934765451711185	-0.007825443947597412	-0.008701711208935127	-0.009611396750940155	-0.010540023986171154	-0.01146925823831498	-0.012376803738911165	-0.01323652572738852	-0.014018867287195511	-0.014691629151873583	-0.015221170388208844	-0.015574065442746799	-0.015719215560583095	-0.015630358021737692	-0.015288844942655259	-0.014686477842321155	-0.013828092907087244	-0.012733509257112937	-0.011438399748117922	-0.009993648131081898	-0.008462847346107447	-0.006917796072970691	-0.00543217269915451	-0.0040739845969089295	-0.0028978372027130203	-0.0019384205742112818	-0.001206709676324208	-0.0006900614220318184	-0.0003565929667472788	-0.00016305072366916716	-0.00006418415202374687	-0.000020972237364759194	-5.412467982050993e-6	-1.0290989448562787e-6	-1.3033125567481834e-7	-9.441780364804038e-9	-3.070712590523927e-10	-2.9660021967096497e-12	-3.922903084980103e-15	-1.341545963453606e-19	0.	0.	0.	0.	0.	0.	0.	0.	0.
-6.8511501518619615e-19	-7.629754395001499e-18	-1.504975597360552e-17	-2.3407101684459978e-17	-3.322135274826722e-17	-4.510106748678113e-17	-5.978524060707173e-17	-7.818009041582777e-17	-1.0142144674169519e-16	-1.3094411929709282e-16	-1.6856832739200346e-16	-2.166046293524947e-16	-2.7800270593336823e-16	-3.565274369026389e-16	-4.569874981688282e-16	-5.855216893851535e-16	-7.499756501965532e-16	-9.603743890116798e-16	-1.2295213038870723e-15	-1.5737712174404687e-15	-2.0140120704917023e-15	-2.5769161695863947e-15	-3.296534949524651e-15	-4.216334202776091e-15	-5.3917827592830774e-15	-6.893660732801842e-15	-8.812257730116043e-15	-1.1262734316760313e-14	-1.4391944383791782e-14	-1.8387113845563912e-14	-2.3486887393398605e-14	-2.999539764703174e-14	-3.830014005587415e-14	-4.889472830478175e-14	-6.240780366121648e-14	-7.963981314860009e-14	-1.0160971917543233e-13	-1.2961437348047e-13	-1.6530391709503652e-13	-2.1077753932430666e-13	-2.687050500338722e-13	-3.4248118727371486e-13	-4.3642140191309086e-13	-5.560102541062706e-13	-7.082163978488286e-13	-9.018919495597348e-13	-1.1482786781311812e-12	-1.4616494073845786e-12	-1.8601205008656613e-12	-2.366680764771221e-12	-3.010494009375507e-12	-3.828547530171288e-12	-4.867737721500389e-12	-6.187507888201413e-12	-7.863183338495036e-12	-9.990186674062531e-12	-1.2689363740877757e-11	-1.6113710526621027e-11	-2.045686648615181e-11	-2.5963834212602268e-11	-3.2944504021179346e-11	-4.179071088659992e-11	-5.2997737948017473e-11	-6.719141500427533e-11	-8.51622538825422e-11	-1.0790843014306512e-10	-1.3668988071037062e-10	-1.7309636262560717e-10	-2.1913303780093555e-10	-2.7732804791573224e-10	-3.508676664396234e-10	-4.437660160407037e-10	-5.610780869848849e-10	-7.09166969642347e-10	-8.960389257820182e-10	-1.1317632973921142e-9	-1.4289984469531648e-9	-1.8036501350904832e-9	-2.27569521141089e-9	-2.870211518760619e-9	-3.618664854943866e-9	-4.560516146663566e-9	-5.745227217085453e-9	-7.234762342859785e-9	-9.106706020069353e-9	-1.145814599389004e-8	-1.4410505875388484e-8	-1.8115555056552732e-8	-2.2762876945800027e-8	-2.8589141966704238e-8	-3.588961193683351e-8	-4.5032400561420516e-8	-5.647613467898642e-8	-7.079180719505562e-8	-8.86897908594407e-8	-1.110531987785468e-7	-1.389790406595476e-7	-1.738289425752117e-7	-2.1729158353053846e-7	-2.7145946727285996e-7	-3.389232078157582e-7	-4.228871797753734e-7	-5.273111904144455e-7	-6.570837929732096e-7	-8.182340075940892e-7	-1.0181895777696578e-6	-1.2660915014806923e-6	-1.5731764756966534e-6	-1.9532411231511577e-6	-2.42320447718886e-6	-3.0037882326266854e-6	-3.7203377780928172e-6	-4.603811057936591e-6	-5.691966916179611e-6	-7.030789790816323e-6	-8.676193481638039e-6	-0.000010696053217060433	-0.000013172622375277383	-0.000016205397912334523	-0.000019914506699064362	-0.000024444693380697126	-0.000029969998760318587	-0.00003669922565718076	-0.00004488229613020472	-0.00005481760911278479	-0.0000668605098598544	-0.0000814329808236411	-0.00009903465606937573	-0.00012025524578065171	-0.00014578843165181422	-0.0001764472544083247	-0.00021318095809747396	-0.0002570931776439701	-0.0003094612517260402	-0.00037175630694576004	-0.00044566358587265796	-0.0005331022750917204	-0.000636243824497318	-0.0007575274313292113	-0.0008996709892710362	-0.0010656753747676309	-0.001258819464554441	-0.0014826427617107968	-0.0017409119727009102	-0.0020375673568857507	-0.0023766442097689043	-0.0027621645069240653	-0.003197993613839007	-0.0036876571688249727	-0.0042341139085288965	-0.0048394814903573585	-0.005504714455841726	-0.006229236567044497	-0.007010534021406463	-0.007843721661958035	-0.008721101328865048	-0.009631739896075579	-0.010561104056675742	-0.01149079903378139	-0.012398468196768112	-0.013257918686036759	-0.014039542689355967	-0.014711102514148922	-0.015238937136657865	-0.015589625315740461	-0.015732102682748973	-0.015640175449818584	-0.015295301503275596	-0.014689424001245148	-0.013827551373652248	-0.012729695254997994	-0.011431725662216036	-0.00998470789536192	-0.008452377764112833	-0.0069066154145816985	-0.005421101257727038	-0.004063756836777132	-0.0028890195514952657	-0.0019313512131623582	-0.0012014751253494993	-0.0006865181589805337	-0.00035443117518836956	-0.00016188432405497144	-0.0000636416367345032	-0.000020762109869176815	-5.347849835247318e-6	-1.0143489111504168e-6	-1.280655497754519e-7	-9.239953923012375e-9	-2.988504434835816e-10	-2.864023874476637e-12	-3.74339323428708e-15	-1.2552756438570822e-19	0.	0.	0.	0.	0.	0.	0.	0.
-5.422413795850351e-19	-6.0389774928473575e-18	-1.1911928202668532e-17	-1.8526935605795778e-17	-2.6295224977447807e-17	-3.56992086833582e-17	-4.732216941375503e-17	-6.188200725374754e-17	-8.028131378538786e-17	-1.0365320320717836e-16	-1.3343802541183838e-16	-1.714668873690364e-16	-2.20076167639923e-16	-2.8224796687412187e-16	-3.6178882136291383e-16	-4.63561812845439e-16	-5.93783975319636e-16	-7.603930760177759e-16	-9.735341194102041e-16	-1.2461653819184675e-15	-1.594835863019738e-15	-2.040681689878597e-15	-2.6106852303950674e-15	-3.3392951637868595e-15	-4.270479713217594e-15	-5.46033602414962e-15	-6.980443940625719e-15	-8.922106585163335e-15	-1.1401757550326552e-14	-1.456786091746006e-14	-1.8609679086419633e-14	-2.3768423064608285e-14	-3.035146680008176e-14	-3.875039642731419e-14	-4.946398396374272e-14	-6.312737918917193e-14	-8.054923613000156e-14	-1.0275886466534658e-13	-1.3106615900671095e-13	-1.6713769650741007e-13	-2.1309337532685043e-13	-2.716290909719857e-13	-3.4617243228206515e-13	-4.410802102314688e-13	-5.61889046507645e-13	-7.156331102236404e-13	-9.112469424482813e-13	-1.1600759839966602e-12	-1.4765234209631621e-12	-1.878869497004898e-12	-2.390308978775804e-12	-3.0402644508162237e-12	-3.866048248217295e-12	-4.9149649218483335e-12	-6.246970154728715e-12	-7.938032276323033e-12	-1.0084380615216576e-11	-1.2807872820196056e-11	-1.6262773481352395e-11	-2.0644312122818938e-11	-2.6199483677088725e-11	-3.3240674000029334e-11	-4.216284282127176e-11	-5.3465184535525307e-11	-6.777842289043212e-11	-8.589919101647696e-11	-1.0883331806815228e-10	-1.3785030675036263e-10	-1.7455186512422486e-10	-2.2095808012904716e-10	-2.7961572489976276e-10	-3.537343214427103e-10	-4.4735698970291785e-10	-5.655748714988383e-10	-7.147961077454681e-10	-9.030830742509831e-10	-1.1405749742360287e-9	-1.4400171040118142e-9	-1.8174233485941225e-9	-2.292904968651848e-9	-2.891706807155555e-9	-3.6455020399336563e-9	-4.594008968640998e-9	-5.787008658872519e-9	-7.286861135163024e-9	-9.171641183373985e-9	-1.1539043586250292e-8	-1.4511243056482011e-8	-1.824093772524841e-8	-2.2918858604674536e-8	-2.8783093164361877e-8	-3.613065169969686e-8	-4.5331803725021264e-8	-5.68478320529903e-8	-7.125299915112978e-8	-8.926169934068497e-8	-1.1176198803998276e-7	-1.398569434332372e-7	-1.7491563601268687e-7	-2.1863586844460394e-7	-2.731213151538322e-7	-3.409762531496027e-7	-4.2542175070573933e-7	-5.30437989181868e-7	-6.609383593020113e-7	-8.229821238091863e-7	-1.0240338044989766e-6	-1.2732790679815093e-6	-1.5820087898378832e-6	-1.9640852136372356e-6	-2.436506735506181e-6	-3.0200908852212894e-6	-3.740298591216178e-6	-4.628226859123367e-6	-5.721801608010308e-6	-7.067207634814182e-6	-8.720598542866083e-6	-0.000010750135982756157	-0.000013238414692562874	-0.000016285337528655034	-0.000020011512831334048	-0.000024562254880455872	-0.000030112276575854723	-0.000036871171410458317	-0.000045089788714437634	-0.00005506761125986627	-0.00006716124660543054	-0.00008179414168606826	-0.0000994676225260986	-0.00012077334523316695	-0.00014640721847378722	-0.00017718481781652375	-0.00021405825541133026	-0.00025813438993765446	-0.00031069415685192026	-0.0003732126623407271	-0.00044737951036988104	-0.0005351186150760214	-0.0006386064851034413	-0.0007602876479545843	-0.0009028855084659343	-0.0010694065066440203	-0.0012631349613747692	-0.0014876154695495562	-0.0017466191954361593	-0.0020440898648861226	-0.002384064820336663	-0.0027705661609488995	-0.003207456874626769	-0.003698257076425871	-0.004245916138142158	-0.004852537788832186	-0.005519057368355758	-0.006244873519083411	-0.0070274408911586966	-0.007861836066295941	-0.008740315951850614	-0.00965189630977439	-0.010581987614138916	-0.011512135543234575	-0.012419923198908799	-0.013279100231364404	-0.01406000852178553	-0.014730372477358453	-0.015256511394063752	-0.015605008578461144	-0.015744834046226473	-0.01564986264263001	-0.015301657378940882	-0.014692302033567244	-0.013826975891724182	-0.012725881392909148	-0.011425083786173882	-0.009975827929698922	-0.00844199065889003	-0.006895532131263975	-0.005410133956728513	-0.00405363184932059	-0.002880296087378791	-0.0019243620040506836	-0.0011963036192622282	-0.000683020342102692	-0.00035229902887296677	-0.00016073511793845096	-0.00006310777625063557	-0.00002055564082400543	-5.28447212328024e-6	-9.99914968601811e-7	-1.2585487589907683e-7	-9.043788978741378e-9	-2.909023192462657e-10	-2.7661700005918406e-12	-3.573110285670582e-15	-1.174992950679441e-19	0.	0.	0.	0.	0.	0.	0.
-4.2916563667144715e-19	-4.779282736534637e-18	-9.427160392714207e-18	-1.466242293247038e-17	-2.081044743129395e-17	-2.825320134729872e-17	-3.745212007008426e-17	-4.897609245100693e-17	-6.353874903064583e-17	-8.203841405901714e-17	-1.0561428598920791e-16	-1.3571691074947942e-16	-1.7419688362431052e-16	-2.234137618583643e-16	-2.8638249549041035e-16	-3.6695645807638354e-16	-4.700562618037727e-16	-6.019717283727668e-16	-7.707375504963539e-16	-9.866185423322772e-16	-1.2627266682285082e-15	-1.6158043975793945e-15	-2.0672350152840686e-15	-2.6443137079549916e-15	-3.3818811234673453e-15	-4.3244011181983265e-15	-5.528606152412451e-15	-7.066868503588992e-15	-9.031495567001749e-15	-1.1540192779068484e-14	-1.4743027397532342e-14	-1.883128231248597e-14	-2.404872880696485e-14	-3.070596301086596e-14	-3.919864150229328e-14	-5.003066941392374e-14	-6.384367207917195e-14	-8.145446836476582e-14	-1.0390266158297023e-13	-1.3251112080229447e-13	-1.6896277378954492e-13	-2.1539811827032193e-13	-2.745389982476052e-13	-3.498456729474565e-13	-4.457160950284648e-13	-5.677386636341056e-13	-7.230127050224602e-13	-9.205547315784717e-13	-1.1718132833325658e-12	-1.4913211789123803e-12	-1.897521626967749e-12	-2.4138141918316773e-12	-3.0698787640349212e-12	-3.903350863072452e-12	-4.961940853155387e-12	-6.3061138371143625e-12	-8.012477431534692e-12	-1.0178062983238255e-11	-1.2925734002525893e-11	-1.6411016194998617e-11	-2.0830719719628543e-11	-2.6433819965366075e-11	-3.3535183367117606e-11	-4.2532875584781996e-11	-5.392997858151575e-11	-6.836208027419874e-11	-8.663189766665034e-11	-1.097528664841044e-10	-1.3900399616399268e-10	-1.759988716650555e-10	-2.2277241197125146e-10	-2.8188990506443027e-10	-3.565839753311096e-10	-4.5092655688777037e-10	-5.700447138232172e-10	-7.203913506374496e-10	-9.100845982149621e-10	-1.149333072212361e-9	-1.4509684419467986e-9	-1.8311120164132652e-9	-2.3100085930597e-9	-2.9130689242971974e-9	-3.672172204115633e-9	-4.627292414650782e-9	-5.8285277537939595e-9	-7.338631367835815e-9	-9.236165066192111e-9	-1.1619426609485075e-8	-1.4611336769482135e-8	-1.8365516157497133e-8	-2.3073835625780777e-8	-2.897579006716387e-8	-3.637012633645491e-8	-4.5629255006756176e-8	-5.721709662400388e-8	-7.171116067863986e-8	-8.982983523642809e-8	-1.1246608370184867e-7	-1.4072901043132148e-7	-1.7599507824562762e-7	-2.1997114939221343e-7	-2.74771990221809e-7	-3.4301544405483776e-7	-4.279391542462269e-7	-5.335435309843857e-7	-6.647666247093031e-7	-8.276977234797037e-7	-1.0298378621293036e-6	-1.280417052465356e-6	-1.5907799548419798e-6	-1.9748539547457803e-6	-2.4497162295350452e-6	-3.0362794388148997e-6	-3.760119197173273e-6	-4.652470539742121e-6	-5.751425215656265e-6	-7.1033668812331035e-6	-8.764687140494367e-6	-0.000010803831902962222	-0.000013303734676254351	-0.000016364701122001868	-0.00002010781736030714	-0.00002467896291776667	-0.000030253517586082392	-0.00003704185937462256	-0.00004529575762199863	-0.00005531577039843832	-0.00006745975755641066	-0.00008215261882270682	-0.00009989735857853314	-0.00012128756309433554	-0.0001470213498267636	-0.00017791680831405823	-0.00021492889497197416	-0.00025916766517150184	-0.00031191762061810003	-0.00037465781289006486	-0.00044908216936095273	-0.000537119289898496	-0.0006409506963402352	-0.0007630261974311453	-0.0009060746571783474	-0.0010731080249966657	-0.0012674160067460373	-0.0014925482385104083	-0.0017522802903893666	-0.0020505593080815017	-0.002391424642986466	-0.002778898492622581	-0.003216841459651787	-0.003708768151380851	-0.004257618619728582	-0.004865482746724176	-0.005533276795464637	-0.006260374464366196	-0.007044199089593778	-0.007879789288040326	-0.008759357397503498	-0.009671868498478049	-0.010602677340110778	-0.011533270604175017	-0.012441171711231575	-0.01330007342098381	-0.014080267887610565	-0.01474944213454758	-0.015273896179182234	-0.015620218104162172	-0.01575741230310615	-0.01565942195458318	-0.015307914553612752	-0.014695113489245612	-0.013826367528939709	-0.012722068229121211	-0.01141847416848925	-0.009967007802763491	-0.00843168518075407	-0.006884545045634049	-0.0053992694044913535	-0.004043608154241143	-0.0028716653655725295	-0.001917451645105692	-0.0011911940765317684	-0.0006795671480433892	-0.00035019595972702184	-0.00015960275580864007	-0.00006258238311568346	-0.000020352745301165314	-5.222303744721739e-6	-9.857884720829805e-7	-1.236975711591895e-7	-8.853093377848429e-9	-2.8321626144148337e-10	-2.6722505902786495e-12	-3.4115306843832223e-15	-1.1002546043281526e-19	0.	0.	0.	0.	0.	0.
-3.3959038428230593e-19	-3.781761523982799e-18	-7.459725260254968e-18	-1.1602388240940439e-17	-1.646747551640371e-17	-2.2357218932065168e-17	-2.9636905897235974e-17	-3.875722426913737e-17	-5.028234653051486e-17	-6.492270805800886e-17	-8.358154215788859e-17	-1.0740702514599296e-16	-1.378636204399825e-16	-1.7681953615769432e-16	-2.266633701529836e-16	-2.9044420483618823e-16	-3.7206016243427807e-16	-4.764913542008945e-16	-6.10102358764697e-16	-7.810224527949533e-16	-9.99637966011224e-16	-1.2792113738821394e-15	-1.636682645090879e-15	-2.0936781430827584e-15	-2.6778027513063353e-15	-3.4242898679454054e-15	-4.378101224875896e-15	-5.596592408929935e-15	-7.152930514714874e-15	-9.140421777465225e-15	-1.1678035337901659e-14	-1.4917435030605925e-14	-1.9051916480100047e-14	-2.4327794855890462e-14	-3.1058874832159836e-14	-3.9644862000890016e-14	-5.0594769467730753e-14	-6.455666540761717e-14	-8.235548747199406e-14	-1.0504108335656153e-13	-1.3394922773574085e-13	-1.7077911265534112e-13	-2.1769172611148322e-13	-2.7743472046956345e-13	-3.535008540629733e-13	-4.5032899392336445e-13	-5.735590358520314e-13	-7.303551056980875e-13	-9.29815234462465e-13	-1.1834904873299899e-12	-1.5060425939075727e-12	-1.916076807751455e-12	-2.437196333001372e-12	-3.0993369015134455e-12	-3.940455366920145e-12	-5.008665570263564e-12	-6.364939084800465e-12	-8.08651909264191e-12	-1.0271234264684227e-11	-1.3042948054194586e-11	-1.6558439822938843e-11	-2.101609096723512e-11	-2.6666845498070325e-11	-3.382803553220912e-11	-4.2900813914995825e-11	-5.439212660174231e-11	-6.894239603808826e-11	-8.736038585281462e-11	-1.1066709155337067e-10	-1.4015097056217185e-10	-1.774374110140097e-10	-2.2457607144908104e-10	-2.841506387378677e-10	-3.5941669432100047e-10	-4.5447480444503086e-10	-5.744877275485461e-10	-7.259528464967171e-10	-9.170436905080379e-10	-1.158037841705039e-9	-1.4618527852018868e-9	-1.8447165581315322e-9	-2.327006626262123e-9	-2.934298568145473e-9	-3.6986762454276077e-9	-4.660367638100301e-9	-5.86978598119772e-9	-7.390074935559828e-9	-9.300280091808912e-9	-1.169929815885243e-8	-1.4710790962881155e-8	-1.848929538396703e-8	-2.3227814410807315e-8	-2.9167240811862005e-8	-3.660804617726281e-8	-4.592476750664397e-8	-5.758394498617917e-8	-7.216631277490122e-8	-9.039422508688147e-8	-1.1316551927474597e-7	-1.4159528392080484e-7	-1.7706732252965252e-7	-2.2129749340449586e-7	-2.7641157675905986e-7	-3.4504088639471276e-7	-4.30439523229028e-7	-5.366279823202678e-7	-6.685687976742266e-7	-8.323810673768294e-7	-1.0356020764954785e-6	-1.287505861630533e-6	-1.5994904777924942e-6	-1.9855479780352366e-6	-2.4628337449963047e-6	-3.052354869827898e-6	-3.7798008079887067e-6	-4.6765436025320566e-6	-5.7808396001079834e-6	-7.139269831953638e-6	-8.808462118253953e-6	-0.000010857144486405046	-0.000013368586650024427	-0.000016443494013269086	-0.000020203426825265876	-0.00002479482551815062	-0.00003039373162651258	-0.00003721130158569328	-0.00004550021755946127	-0.000055562104470127584	-0.0000677560645637372	-0.00008250843880628855	-0.00010032389648269213	-0.000121797938448907	-0.00014763087298197582	-0.00017864328296304493	-0.00021579294552211587	-0.00026019308598681167	-0.00031313174215814225	-0.0003760918772404977	-0.00045077170450928184	-0.000539104468283739	-0.0006432766586393019	-0.0007657433172050818	-0.0009092387158968575	-0.0010767802601577038	-0.001271662988462481	-0.001497441522315463	-0.0017578957865329397	-0.0020569763008550625	-0.0023987243884555243	-0.0027871623206605634	-0.00322614830775247	-0.003719191465086139	-0.004269222569653248	-0.0048783177373459274	-0.005547374278459099	-0.0062757411216141125	-0.0070608105199904455	-0.00789758341896506	-0.008778227945877437	-0.009691658925112017	-0.010623175868715404	-0.011554207002941599	-0.012462216645063702	-0.013320841255027997	-0.01410032383026729	-0.014768314517760978	-0.01529109444956968	-0.015635256706002295	-0.01576984004795922	-0.015668855686726622	-0.015314074963663254	-0.014697859877975322	-0.013825727321362141	-0.012718256300070944	-0.011411896846140685	-0.009958247082031576	-0.008421460488493432	-0.006873652997106204	-0.005388506232504146	-0.004033684298321273	-0.0028631259696431646	-0.0019106188616487482	-0.0011861454393558078	-0.0006761577724442217	-0.00034812141345600404	-0.00015848689708042893	-0.00006206527492811403	-0.000020153340801542648	-5.16131454739732e-6	-9.71961060384736e-7	-1.215920320805435e-7	-8.667682544854446e-9	-2.7578211701267386e-10	-2.582085422643579e-12	-3.2581632645780133e-15	-1.0306466064243412e-19	0.	0.	0.	0.	0.
-2.6868687469690275e-19	-2.992171023526498e-18	-5.902148110004388e-18	-9.179876310404192e-18	-1.302924265781691e-17	-1.7689459246575493e-17	-2.3449554999131782e-17	-3.066613022806836e-17	-3.978578507543794e-17	-5.137053659072973e-17	-6.613663978513013e-17	-8.499178318696695e-17	-1.0909379748817532e-16	-1.3992502796553803e-16	-1.7937334188967842e-16	-2.298546290628814e-16	-2.9445458089971967e-16	-3.77117244236977e-16	-4.828811427161097e-16	-6.181859196788291e-16	-7.912551678712715e-16	-1.012596917277219e-15	-1.2956256321548967e-15	-1.6574735295745088e-15	-2.1200119607087607e-15	-2.7111535965580796e-15	-3.4665248074904975e-15	-4.431577495675786e-15	-5.664293588248908e-15	-7.238627319552805e-15	-9.248881510805712e-15	-1.1815281069215178e-14	-1.5091078785306238e-14	-1.9271574223575515e-14	-2.4605612790867714e-14	-3.1410192321341574e-14	-4.008904640539731e-14	-5.1156269724414784e-14	-6.526633920873632e-14	-8.325227317980505e-14	-1.0617410626053798e-13	-1.3538045218722052e-13	-1.7258668114964657e-13	-2.199741621461843e-13	-2.803162186958394e-13	-3.571379285249137e-13	-4.54918854511342e-13	-5.793501058032282e-13	-7.376602508008985e-13	-9.390283871715515e-13	-1.1951075333773762e-12	-1.5206876066244871e-12	-1.934534990717581e-12	-2.46045537349765e-12	-3.128638867402996e-12	-3.977361815242691e-12	-5.055139205511294e-12	-6.4234461420444865e-12	-8.160157663577943e-12	-1.0363895087943631e-11	-1.31595159148395e-11	-1.670504573149119e-11	-2.1200427813413176e-11	-2.6898563008984092e-11	-3.41192342851223e-11	-4.32666630130311e-11	-5.485163567460434e-11	-6.951937974729597e-11	-8.808466842217595e-11	-1.1157601044021834e-10	-1.4129125277202458e-10	-1.7886751340028141e-10	-2.2636909844916191e-10	-2.8639797837443796e-10	-3.622325471860746e-10	-4.580018222959734e-10	-5.789040299480457e-10	-7.314807479093635e-10	-9.239605492296806e-10	-1.1666895393812487e-9	-1.4726704656878242e-9	-1.85823740219362e-9	-2.3438996203749404e-9	-2.955396449039075e-9	-3.725015076372293e-9	-4.693235809474904e-9	-5.9107848403800475e-9	-7.441193756217742e-9	-9.363988710363533e-9	-1.1778661360514655e-8	-1.480960962052732e-8	-1.8612280475467755e-8	-2.338080140662051e-8	-2.935745358552182e-8	-3.6844421607587553e-8	-4.621835438452818e-8	-5.794839379701129e-8	-7.261847650238664e-8	-9.095489549653863e-8	-1.1386032832863869e-7	-1.4245580621727075e-7	-1.7813242214988403e-7	-2.2261496751146446e-7	-2.7804015900032284e-7	-3.4705268591713e-7	-4.3292299027450377e-7	-5.396915093413199e-7	-6.723450861445262e-7	-8.370324154894075e-7	-1.0413267723129243e-6	-1.2945459006071857e-6	-1.6081408636116971e-6	-1.9961679121240684e-6	-2.475860063654282e-6	-3.068318149403792e-6	-3.7993446287036276e-6	-4.700447541052573e-6	-5.81004661036005e-6	-7.1749187732642115e-6	-8.851926299707084e-6	-0.000010910077215836154	-0.000013432974904229837	-0.00001652172148078064	-0.000020298347711289697	-0.00002490985063834619	-0.00003053292844565403	-0.00003737950996997886	-0.000045703183095460884	-0.00005580663124363163	-0.00006805018926838017	-0.00008286162794003376	-0.00010074726815950986	-0.00012230450996616657	-0.0001482358346968926	-0.00017936429819201562	-0.0002166504750252176	-0.0002612107340691081	-0.0003143366194365346	-0.0003775149726128057	-0.00045244825574398907	-0.0005410743168532425	-0.0006455845698895321	-0.0007684392416579099	-0.0009123779614280127	-0.0010804235380501258	-0.0012758762890566298	-0.0015022957684301158	-0.0017634662054270567	-0.0020633414488431196	-0.0024059647572016174	-0.0027953584517496945	-0.0032353783437558195	-0.00372952807269518	-0.004280729185548147	-0.004891044112522014	-0.005561351334124542	-0.006290975181776188	-0.007077277054362254	-0.007915220515900342	-0.00879692983827586	-0.0097112700099951	-0.0106434857876635	-0.011574947475828493	-0.01248306085838042	-0.013341406677466142	-0.014120179334898186	-0.0147869925995069	-0.01530810910308927	-0.015650127138568462	-0.01578211981934112	-0.015678166088191094	-0.01532014049922072	-0.014700542670387473	-0.013825056274496587	-0.012714446121147721	-0.011405351845128704	-0.00994954533406139	-0.008411315749381828	-0.006862854841662021	-0.0053778430949759735	-0.00402385885483993	-0.0028546765108480665	-0.001903862405413833	-0.0011811566730326002	-0.000672791429415606	-0.00034607484914387396	-0.00015738720982232086	-0.00006155627417948582	-0.00001995734717307528	-5.101475294496232e-6	-9.584246454094362e-7	-1.1953671216493077e-7	-8.48737914430424e-9	-2.685901813350034e-10	-2.495503488951683e-12	-3.112547085358903e-15	-9.657860281498705e-20	0.	0.	0.	0.
-2.1245529029697608e-19	-2.3671113227994615e-18	-4.6692171915212814e-18	-7.262250081162264e-18	-1.0307567271039638e-17	-1.3994461548428908e-17	-1.8551547447677678e-17	-2.4261204386206494e-17	-3.147647290075664e-17	-4.064275135712915e-17	-5.23260292335553e-17	-6.724475287355612e-17	-8.631781639723097e-17	-1.1071387040452026e-16	-1.4193139508846845e-16	-1.8188084809410225e-16	-2.3300598102716074e-16	-2.9842821441510414e-16	-3.8213858119028386e-16	-4.89233619251829e-16	-6.262288415872019e-16	-8.014414828963253e-16	-1.0255001847277706e-15	-1.3119706524419763e-15	-1.6781776275941703e-15	-2.146235596545885e-15	-2.744366842554769e-15	-3.508582775449557e-15	-4.484828564405042e-15	-5.7317075226816205e-15	-7.323956614135127e-15	-9.356870612643928e-15	-1.1951925228959211e-14	-1.5263953373194018e-14	-1.949024932252959e-14	-2.4882175507520318e-14	-3.175990644066116e-14	-4.0531183562381224e-14	-5.1715157026257595e-14	-6.597267935694159e-14	-8.414480741871915e-14	-1.0730170928715498e-13	-1.3680476988942192e-13	-1.7438545145095186e-13	-2.2224539476483008e-13	-2.8318345476721947e-13	-3.6075685695748194e-13	-4.594856338987088e-13	-5.851118278296344e-13	-7.449280932669405e-13	-9.481941434554114e-13	-1.2066643794650278e-12	-1.535256184392849e-12	-1.9528961599280666e-12	-2.483591324627809e-12	-3.157784715894522e-12	-4.0140703236872796e-12	-5.1013619648660075e-12	-6.481635343148563e-12	-8.233393658318432e-12	-1.0456046215202042e-11	-1.3275438686912334e-11	-1.6850835486910648e-11	-2.1383732449512386e-11	-2.7128975529431274e-11	-3.4408783776229624e-11	-4.3630428518059745e-11	-5.530851341018747e-11	-7.009304161167458e-11	-8.880475900271709e-11	-1.1247964125345924e-10	-1.4242486676041555e-10	-1.8028921043027707e-10	-2.2815153451777787e-10	-2.886319784256467e-10	-3.6503160509958494e-10	-4.6150770324023974e-10	-5.832937417416059e-10	-7.369752115809697e-10	-9.308353773950994e-10	-1.175288427754487e-9	-1.483421822259606e-9	-1.871674985268733e-9	-2.360688137227583e-9	-2.976363288753772e-9	-3.7511896228730776e-9	-4.725898114949069e-9	-5.9515258489007576e-9	-7.491989768852288e-9	-9.427293396378057e-9	-1.1857519368563704e-8	-1.490779675801466e-8	-1.8734476538593828e-8	-2.3532803100012452e-8	-2.9546436619198388e-8	-3.7079263060605074e-8	-4.6510028850942964e-8	-5.831045976638719e-8	-7.306767297561145e-8	-9.151187311848797e-8	-1.1455054447412269e-7	-1.4331061966256643e-7	-1.7919043039438365e-7	-2.2392363871047257e-7	-2.7965782109541274e-7	-3.4905094821042407e-7	-4.3538968773899126e-7	-5.427342777914731e-7	-6.760956974644322e-7	-8.416520269394993e-7	-1.0470122730791644e-6	-1.301537572842716e-6	-1.6167316149279115e-6	-2.0067143825376335e-6	-2.488795963140855e-6	-3.0841702432083546e-6	-3.81875185714768e-6	-4.724183839425732e-6	-5.839048083123573e-6	-7.2103159755421335e-6	-8.895082487896635e-6	-0.000010962633547653251	-0.000013496903695507402	-0.000016599388759868957	-0.00002039258644882996	-0.000025024046165898784	-0.00003067111770463848	-0.00003754649634377382	-0.000045904668660513846	-0.00005604936831472509	-0.00006834215308919572	-0.00008321221225830445	-0.00010116750519601736	-0.00012280731590180423	-0.00014883628121803568	-0.00018007990979993947	-0.00021750155067110186	-0.00026222069015577006	-0.0003155323492589367	-0.0003789272148153655	-0.0004541119612775843	-0.0005430290001482117	-0.000647874625466311	-0.0007711142021435202	-0.0009154926669430005	-0.0010840381802461744	-0.0012800562858718565	-0.0015071114181526627	-0.0017689920613297339	-0.002069655349069412	-0.002413146439565793	-0.002803487680744337	-0.0032445324787123775	-0.0037397790133988293	-0.00429213964664357	-0.004903663202978759	-0.0055752094551968535	-0.006306078308557713	-0.007093600534066753	-0.007932702601429188	-0.008815465278041494	-0.0097307041317262	-0.010663609639240625	-0.011595494710174726	-0.012503707156992897	-0.013361772577381054	-0.014139837329711883	-0.014805479294179694	-0.015324942979375766	-0.01566483209935278	-0.015794254101249225	-0.015687355357591082	-0.015326113005469717	-0.01470316329921086	-0.013824355364268463	-0.012710638187455714	-0.011398839180993816	-0.009940902124752786	-0.008401250139184004	-0.0068521494516194815	-0.005367278668409117	-0.004014130423001937	-0.0028463156274861423	-0.001897181053887869	-0.0011762267653524052	-0.0006694673510261278	-0.0003440557388655803	-0.00015630337049383548	-0.00006105520809857512	-0.000019764686532005235	-5.042757632059618e-6	-9.451714018295055e-7	-1.1753011956899931e-7	-8.312012758970018e-9	-2.6163117608404585e-10	-2.4123424746240638e-12	-2.9742494218081432e-15	-9.053354607635707e-20	0.	0.	0.