0.	0.	0.	0.	0.	0.	0.	0.	0.	0.	0.	0.	-2431.6939745587715	-8579.9124624927	-12976.925685178343	-17201.09210544947	-21453.3516105395	-25855.292652463835	-30433.80419517307	-35209.2148143074	-40200.83830706662	-45399.81067997954	-50859.037337937916	-56535.31363823227	-62430.91043942744	-68586.81506619896	-74957.55150575093	-81589.79609791227	-88462.1177553347	-95583.7833129638	-102938.66352377331	-110509.70931761699	-118351.75589012951	-126474.99703549524	-134779.70726423545	-143367.51113345372	-152213.83244219836	-161238.612086334	-170548.05350549152	-180155.0582007422	-189951.26949798616	-200030.41510774568	-210340.28784079562	-220837.1828075154	-231643.80448743727	-242688.52335192647	-253968.62895306887	-265553.17036669387	-277282.24770594377	-289277.0628834459	-301591.4179490188	-314069.76201713143	-326850.3355411044	-339857.0552928318	-353107.1115243992	-366667.75728784344	-380439.30632829305	-394382.2270360256	-408605.9070041878	-423128.9463133196	-437865.7234039592	-452869.26108667854	-468107.91959474405	-483598.4834998284	-499301.79294222203	-515342.05207169184	-531461.1054601066	-548009.4978544656	-564713.8534728814	-581759.8032990046	-598905.4631696765	-616297.0352824314	-634052.6437427268	-651993.943478293	-670251.379321874	-688659.6147967954	-707328.6416816246	-726243.1054928212	-745532.9776821003	-764897.6063125931	-784596.28605667	-804498.4389101357	-824679.604007972	-845122.5003692397	-865810.0173893624	-886722.9259454526	-907872.3634740217	-929324.1009814009	-950945.3325898941	-972867.4385475188	-995071.3544656616	-1.0175376309081324e6	-1.0399885722876642e6	-1.0629489037492974e6	-1.0861311264057152e6	-1.1095122974616198e6	-1.1331157296169878e6	-1.1569696843108747e6	-1.1811036377648297e6	-1.2055444366957566e6	-1.2302700640025581e6
-19.800607388073267	0.	0.	0.	0.	0.	0.	0.	0.	0.	0.	0.	-1733.2013773789936	-8350.557563004704	-12784.507358988916	-17018.49047289036	-21285.013165965916	-25689.676230887242	-30270.94543309958	-35041.40164501271	-40031.68579068923	-45239.87938420899	-50703.62303038387	-56364.41355083439	-62266.97926638566	-68425.26558961121	-74799.62380800392	-81435.46266534983	-88302.55155359044	-95414.6927282385	-102752.17950382095	-110360.85753950622	-118204.47162804773	-126292.17192116984	-134631.0539284474	-143218.25706746694	-152021.27391436635	-161088.3437613953	-170401.06359450464	-180003.8797253236	-189787.53927908515	-199878.480995762	-210188.01498709765	-220684.63632323185	-231490.96081348736	-242535.40802363527	-253815.26669557233	-265405.28726478486	-277128.43029881123	-289123.0559664837	-301437.19544280827	-313915.37776952435	-326695.7723666803	-339702.33290936355	-352952.2403113841	-366512.7183829852	-380284.12381293136	-394226.9383588745	-408450.50443478726	-422973.4162440696	-437710.0841966353	-452713.51128503855	-467952.06858569215	-483442.5345391611	-499145.7613686082	-515185.9143290742	-531304.9160949837	-547853.206741813	-564557.4906302847	-581603.3463625718	-598748.9549725119	-616140.4780425032	-633896.0103730551	-651837.2520148081	-670094.6159244362	-688502.8044325284	-707171.7830455907	-726086.2007456127	-745376.0015006547	-764740.5970400855	-784439.2273452227	-804341.3411419396	-824522.4624615536	-844965.3139098377	-865652.7881070052	-886565.6592313488	-907715.062450965	-929166.7574523074	-950787.9609170231	-972710.0309069245	-994913.9065885794	-1.0173801418415341e6	-1.0398310832211118e6	-1.0627913754978215e6	-1.085973563975263e6	-1.1093547088287412e6	-1.1329581190425355e6	-1.1568120519600364e6	-1.1809459798718216e6	-1.205386746223169e6	-1.230112337170506e6
-37.547087108832436	-215.7529302390573	0.	0.	0.	0.	0.	0.	0.	0.	0.	0.	0.	-7744.806725702272	-12290.142601873546	-16562.909343134776	-20845.797842598935	-25261.547912106245	-29854.46228180952	-34632.67299373008	-39622.72239183525	-44839.30713409594	-50269.52967782854	-55946.563547443984	-61874.32585963321	-68014.77899711073	-74394.1809586911	-81031.75034019398	-87887.6135123206	-95004.01505079959	-102367.9195120516	-109941.94329456883	-117813.5676328296	-125892.57658721528	-134251.16206972254	-142796.86730630285	-151638.51821286682	-160704.32470841866	-170015.8834203212	-179566.90503857515	-189377.74047567364	-199417.99790770464	-209710.073180354	-220294.79530769915	-231100.3603132702	-242144.11329567299	-253415.4557257371	-264898.163487198	-276718.37696547527	-288729.4827341834	-301043.0712602139	-313520.84024781187	-326300.77758755203	-339306.9312626831	-352556.45832253253	-366116.5078483162	-379880.19497647905	-393830.08951724094	-408053.36453518516	-422575.9505115212	-437312.3395556779	-452315.4840141637	-467553.78267365566	-483043.9983063309	-498747.0140138046	-514786.8956534842	-530905.7654952147	-547453.7961205799	-564157.8966991951	-581203.5119694582	-598348.9895797502	-615740.3873182345	-633495.725094999	-651436.8182747854	-669693.9983532013	-688102.0668349522	-706770.9220868332	-725685.2219471871	-744974.8401480677	-764339.3511214512	-784037.8550826318	-803939.8690676582	-824120.8785095926	-844563.6151802522	-865250.9799409785	-886163.7554064142	-907313.070947596	-928764.6573223998	-950385.7888641289	-972307.7669365153	-994511.5397915901	-1.0169776697824477e6	-1.0394286111621427e6	-1.062388803299603e6	-1.0855709044307715e6	-1.1089519823224954e6	-1.1325553364633783e6	-1.1564092137301154e6	-1.1805430763674665e6	-1.2049837594598883e6	-1.2297092574885937e6
-55.19738186757877	-383.8828426391052	-443.34203742666773	0.	0.	0.	0.	0.	0.	0.	0.	0.	0.	-6704.563274058646	-11473.944343066607	-15811.713229517822	-20139.745603472456	-24560.272367448393	-29171.349384682908	-33954.69303735955	-38945.59239306356	-44158.903130947765	-49618.012411229465	-55295.33887493859	-61201.350641270416	-67348.0455747662	-73744.23522222333	-80365.62472987908	-87239.82949760207	-94354.4801614623	-101708.22285625366	-109297.29379533345	-117135.02219776977	-125247.27261996051	-133583.7930968542	-142132.1356259272	-150977.25501697825	-160041.4504331942	-169348.4706498571	-178914.44843461044	-188744.45978000574	-198793.60597703073	-209084.32752678695	-219632.3637563521	-230389.72657007835	-241509.3472309108	-252750.27088632432	-264266.8459388853	-276086.05527859944	-288096.34318637685	-300335.737575714	-312886.1494518623	-325665.3512036027	-338670.850352686	-351919.76555775147	-365479.12568375305	-379154.7776525529	-393191.6805110577	-407414.48730532127	-421936.5491156201	-436672.4894810377	-451675.1792740096	-466913.06185859424	-482402.87480130116	-498105.5508777782	-514144.9960448917	-530263.6536607719	-546811.2659907414	-563515.07167959	-580550.309018973	-597705.5669913725	-615096.7631096083	-632851.7879085421	-650792.6422582102	-669049.5266081551	-687457.4020040539	-706126.0588053401	-725040.1690975331	-744329.4936243292	-763693.868556681	-783392.1692688889	-803294.0226872831	-823474.8521520814	-843917.4041804766	-864604.5928912763	-885517.2144706431	-906634.337007656	-928117.8005916729	-949738.8164312062	-971660.6466362869	-993864.2540746891	-1.0163442956020514e6	-1.0387811561107535e6	-1.0617411871546393e6	-1.0849231477722384e6	-1.108304117942879e6	-1.1319073818795136e6	-1.1557611696211095e6	-1.1798949272517622e6	-1.2043354764059123e6	-1.229045681733563e6
-72.81799079171792	-538.777517028491	-800.5032879592254	-679.3253731440126	0.	0.	0.	0.	0.	0.	0.	0.	0.	-5053.015251687356	-10311.148579225985	-14767.84654652605	-19142.313879117195	-23600.975972247084	-28225.070978158823	-33015.13909423645	-38017.30368970815	-43243.762223430786	-48708.93141218947	-54371.82043046937	-60296.17824920285	-66439.69781859069	-72841.80877463984	-79458.36151198024	-86336.75320478526	-93445.69135737214	-100812.91919422017	-108401.61121523964	-116250.05955375059	-124330.7268802385	-132687.96304112475	-141229.2328490242	-150060.6132305601	-159142.06188266282	-168465.30096577204	-178035.2731458424	-187832.9665305816	-197851.81521408408	-208221.81324653598	-218742.35748280553	-229523.92161202728	-240550.3315856868	-251881.36447748033	-263396.65147989354	-275168.7938206622	-287223.63732279144	-299455.86681669543	-312011.3053814621	-324789.4932146425	-337794.0901792036	-351042.16201689007	-364481.7174892452	-378275.6298696011	-392311.7113402164	-406533.87274509785	-421031.9269343618	-435790.5339726354	-450792.5970645046	-466029.9061404425	-481497.39297052525	-497221.37196047517	-513260.21550324775	-529378.5805916109	-545850.599478462	-562629.0155714321	-579489.2042716786	-596818.6872073471	-614209.6054165956	-631964.1988136579	-649904.7239650579	-668161.2006892755	-686568.8099398133	-705237.1932010927	-724151.0421966336	-743292.8758302312	-762804.14934576	-782502.1699039796	-802403.8020008015	-822584.3833890081	-843026.6809104993	-863713.6269578876	-884626.0364240258	-905742.996054963	-927193.7577424224	-948847.0436182478	-970768.6700062315	-992972.04943787	-1.0153190569019897e6	-1.0378887180669383e6	-1.0608485270629243e6	-1.0840302939996582e6	-1.1074111156898872e6	-1.1310142552909357e6	-1.1548679196330137e6	-1.1790015325247042e6	-1.203441897061237e6	-1.228010347731827e6
-90.42279018365127	-688.1294049427553	-1121.32706877915	-1246.0911530644503	-918.4996849833968	0.	0.	0.	0.	0.	0.	0.	0.	-1823.6461532270282	-8727.315248964898	-13406.286555824097	-17875.466313136345	-22368.298389741423	-27018.591947069453	-31832.835716821904	-36849.89822485886	-42078.94415334296	-47529.117527401424	-53220.51816319627	-59130.466597735896	-65280.1849923238	-71675.82400124463	-78309.92785073916	-85180.17015188088	-92294.86906562494	-99665.49724012536	-107268.30700473282	-115085.29523295464	-123162.45086878554	-131531.6718222395	-140093.12310574175	-148925.75812852735	-157985.4543818142	-167326.60565652425	-176863.40752132714	-186671.12918621296	-196755.36014418697	-207037.9316343826	-217582.84371717094	-228420.44470341766	-239444.94280713136	-250705.3965698058	-262255.3291113404	-273984.31154236925	-285999.71204399987	-298342.3323015199	-310790.95051743346	-323550.1800442813	-336623.13550465455	-349923.64769973827	-363362.3570791302	-377155.1474008386	-391190.182004566	-405411.5208543792	-419885.48074872146	-434666.47303036053	-449667.7373855485	-464904.31551911024	-480323.9259460938	-496094.47726182087	-512053.5169576018	-528250.5462876697	-544721.985438212	-561499.7283746697	-578359.5971702174	-595688.3502276313	-613078.9142391568	-630832.9578103104	-648773.063395295	-667029.0205965315	-685436.2906422016	-704104.3252740642	-723017.841244464	-742159.383264915	-761670.1934886671	-781367.8569878852	-801269.2070081956	-821449.4722203561	-841891.4453703051	-862578.0821407986	-883490.2212665487	-904606.973272097	-926057.4275543325	-947710.4704252422	-969631.8370463392	-991834.9258811232	-1.0140350765472312e6	-1.0367512970306886e6	-1.0597108230244508e6	-1.0828923431130236e6	-1.1062729755635126e6	-1.12987595669764e6	-1.153729463765822e6	-1.177862892186287e6	-1.2023030214258574e6	-1.2268713548337896e6
-108.0158966099006	-834.6164275505845	-1423.5027953756191	-1754.1869708726854	-1706.1996992265224	-1159.0044097447683	0.	0.	0.	0.	0.	0.	0.	0.	-6581.439299039094	-11690.334942157888	-16303.78944124335	-20872.330096322712	-25540.047929484943	-30371.728675325932	-35422.43468491831	-40660.373278685845	-46107.57686685451	-51800.54645960303	-57735.66084625789	-63895.864232853615	-70277.22606901723	-76901.08331399446	-83770.29272028727	-90898.26364120263	-98256.35587547775	-105865.31535750678	-113701.3285202447	-121774.09266075965	-130131.76698442208	-138675.4307797002	-147552.04055632322	-156610.8855702439	-165897.4016124141	-175473.90673451504	-185265.7436319385	-195339.60808819561	-205628.14548735684	-216200.5291663629	-226987.4249478847	-238016.86609742133	-249271.75567933483	-260836.1491423636	-272634.80704746366	-284648.401095138	-296887.35352937423	-309424.97282881243	-322193.97451602056	-335225.79974826955	-348434.11970249104	-362001.9036571052	-375735.24639581447	-389712.70823591994	-404047.43163299	-418457.66621096554	-433300.3066540706	-448211.2732753433	-463395.47788533464	-478942.5151324101	-494724.8667817193	-510585.7369889109	-526879.5507488687	-543350.2852968351	-560003.5561560749	-576986.6900775464	-594314.5560521692	-611704.6895772407	-629458.0648984525	-647329.9846096438	-665475.3543598936	-684059.8441111823	-702727.4550242213	-721640.5662409932	-740781.7538393168	-760258.0375749228	-779989.2305205804	-799890.2377094424	-820070.1186461041	-840511.6975598742	-861197.9584399906	-882109.7689981952	-903226.2686590422	-924605.9753976661	-946329.0968521759	-968250.147756597	-990452.8834044363	-1.0126530340709748e6	-1.0353688930019937e6	-1.0583280750392082e6	-1.0815092951123249e6	-1.1048896975637474e6	-1.128450220967843e6	-1.152345802019527e6	-1.1764790062365036e6	-1.2009188494997662e6	-1.2253608727493808e6
-125.59851749686467	-979.412096710507	-1714.8058485491963	-2228.170011796568	-2415.9082820010517	-2174.432276757953	-1399.9713850623398	0.	0.	0.	0.	0.	0.	0.	-3090.9528732380327	-9545.098118308999	-14393.36992366567	-19072.304369238245	-23801.439814533296	-28666.705610128556	-33714.20521576451	-38976.11358132875	-44434.29088056749	-50141.352223841546	-56071.89243402524	-62221.09392257756	-68617.81449122258	-75255.14377194105	-82137.83159978117	-89247.96874408374	-96584.32042271947	-104206.68312793582	-112052.00988877594	-120127.72675090132	-128501.29230653972	-137060.38290374493	-145884.9449953817	-154930.4778951849	-164274.44349324808	-173825.86070367962	-183623.29945976727	-193691.97603733168	-203999.39460595915	-214565.57546402136	-225314.5425163293	-236370.68725564476	-247688.27170064073	-259158.95902935715	-270951.7697146089	-282947.3069118664	-295294.6876770199	-307819.03958300664	-320597.4287665565	-333574.287103921	-346834.3811645227	-360400.35722287017	-374110.9469793045	-388081.7783406376	-402297.1444143883	-416850.9409301041	-431558.03606175084	-446530.11072770116	-461785.5066804468	-477293.26249321416	-492965.74439934513	-508972.8704745258	-525265.59397511	-541735.4990542413	-558388.1634759268	-575370.4829935909	-592492.9829657199	-610086.9314307848	-627706.7560432601	-645711.0087446182	-663855.8981930318	-682439.4703467104	-701106.5824515224	-720019.217186183	-739159.9875534015	-758601.7510995909	-778366.2905020352	-798266.8941045136	-818446.3226662261	-838887.4374791821	-859573.2558554409	-880484.6796189435	-901600.8822157789	-922980.2728646061	-944702.9228990318	-966623.6021369891	-988747.8266416463	-1.0110260726748419e6	-1.0337415059808404e6	-1.0567002831071843e6	-1.0798811499975512e6	-1.10326128169058e6	-1.126821639362247e6	-1.1507169343941193e6	-1.1748498746753444e6	-1.1992893812829556e6	-1.2237314045328852e6
-143.17074317108083	-1123.1092880596136	-1999.184665441048	-2680.5220378224694	-3076.2563713870977	-3095.5341782088876	-2647.4898789444114	-1640.9058938338576	0.	0.	0.	0.	0.	0.	0.	-6732.309653478847	-12113.195502385513	-16962.648451280853	-21767.459930467532	-26680.610811120136	-31754.595272344028	-37039.759213912126	-42506.7683102431	-48206.49768881418	-54147.00007256947	-60311.40441518354	-66716.17574086561	-73354.99962080464	-80237.75093753633	-87335.43410140052	-94706.73581688538	-102299.82781215888	-110165.52975719867	-118237.20146408248	-126590.13817806168	-135181.45891912148	-143991.17916473825	-153085.03678389834	-162349.52230963955	-171935.4080430043	-181749.73348736906	-191818.94540463522	-202095.9852021259	-212677.25932576778	-223426.11511929854	-234482.75529530147	-245767.9815029037	-257334.62150631324	-269124.59628271277	-281130.1836919751	-293348.33478568395	-305929.2333416172	-318634.4795379031	-331649.7725668902	-344993.82177029515	-358424.917252723	-372206.0467614543	-386236.23744703643	-400450.24373478006	-415002.3430256905	-429708.23318171536	-444679.0863527071	-459933.174218447	-475427.0192220931	-491111.25458973384	-507117.20685010205	-523408.67596627644	-539756.9003687358	-556529.5934028056	-573510.9759182619	-590643.0804647243	-608225.6397997142	-625844.953098029	-643835.2016933641	-661992.6529256252	-680512.1012381378	-699241.7075559181	-718153.7940799877	-737294.0844071269	-756735.2521732512	-776348.1858650241	-796399.1761933758	-816578.0842806908	-837018.6651282003	-857703.974387123	-878614.9531287693	-899730.8139422837	-921109.8409179086	-942831.9485657898	-964752.2001874966	-986876.0941622701	-1.0091541923588165e6	-1.031869135967214e6	-1.0548274472283653e6	-1.0780079077686889e6	-1.1013267556685333e6	-1.124947894934271e6	-1.1488428608895873e6	-1.1729754975027998e6	-1.1974146167754154e6	-1.221856640025709e6
-160.7321512948331	-1266.037717194317	-2278.853297258145	-3118.2544578938646	-3703.3245386147623	-3953.157231087068	-3786.852604540864	-3123.4682469581417	-1881.4729704819408	0.	0.	0.	0.	0.	0.	-1427.2427410226064	-9326.862705528589	-14496.713155380683	-19436.173575320357	-24414.391780282614	-29530.071823498743	-34831.819314826025	-40326.70417246169	-46049.360854520906	-51982.059385399436	-58147.442542517245	-64557.99895354586	-71193.43829292337	-78081.7652235553	-85204.81848415967	-92560.26672918741	-100171.56857812672	-108013.16806728306	-116104.95334455477	-124429.28419488212	-133018.0309059046	-141850.39185147587	-150927.34540992609	-160225.05997294595	-169814.91985100912	-179600.4907856826	-189669.66972097088	-199996.65197175287	-210543.3183123373	-221277.8726508274	-232323.10970466744	-243607.21532118195	-255159.11117944797	-266952.8810987904	-278986.29760098585	-291276.96111341415	-303774.9077213967	-316558.0748466755	-329571.0607018085	-342798.9771783348	-356341.9565552443	-370102.91352807893	-384025.74668160314	-398361.6924980512	-412811.2316218174	-427616.4000175724	-442585.871871907	-457838.4804991335	-473275.332978211	-489014.12125313515	-505018.74611548934	-521136.4971848478	-537656.4117361046	-554427.8459365974	-571408.1688514557	-588539.6038760806	-606084.9095667553	-623739.549767199	-641685.0769908419	-659885.618557606	-678263.73074495	-697144.1764309664	-716044.2969223544	-735184.044400444	-754624.5384339828	-774237.0289600637	-794287.0839759903	-814465.4034894624	-834905.3805068952	-855546.1201349384	-876408.7886217753	-897616.0638385302	-918975.7526559735	-940703.2078437235	-962635.9419080971	-984633.6223297089	-1.0070373931228793e6	-1.029751782961096e6	-1.0527095674027337e6	-1.0759194573935412e6	-1.099086259575338e6	-1.122828987683901e6	-1.1467235815059184e6	-1.1708558747188568e6	-1.195294555977134e6	-1.219736579227842e6
-178.28204277659884	-1408.3935295715794	-2555.146070377422	-3545.604285081788	-4306.839469509215	-4765.9321814661325	-4849.9724163266665	-4486.0479425512585	-3601.1614667827666	-2121.4090183845	0.	0.	0.	0.	0.	0.	-5579.3580669358635	-11608.618202210231	-16773.0508715219	-21859.296913882015	-27031.34243532891	-32361.727363833797	-37879.978842752804	-43614.40263091674	-49560.402368090254	-55735.15866905425	-62159.913463959776	-68794.22149788501	-75683.29954146339	-82798.50463218463	-90167.84035905071	-97778.52481034098	-105613.59568955938	-113717.6460667829	-122063.18871250449	-130645.86275302761	-139440.12139783255	-148548.49048361598	-157852.02131027286	-167427.0112389417	-177248.98776543923	-187311.21026624306	-197565.0500421743	-208171.07711236685	-218928.75131595132	-229948.3358072608	-241213.56485221538	-252784.3456474418	-264539.84812197724	-276598.7485382493	-288849.26589184976	-301402.9237747598	-314121.22343299806	-327142.2882038789	-340477.5444516219	-353881.4675893584	-367684.1234417419	-381698.0089526649	-395883.3509148651	-410479.4569429988	-425179.81100614596	-440165.15993374976	-455343.9523789094	-470937.0198497256	-486665.61826738564	-502625.35037722206	-518794.43104670796	-535312.8913603799	-552007.4303277947	-568900.9029239299	-586192.7498305365	-603583.3192841928	-621390.5460506785	-639319.8607517043	-657496.8896249961	-675912.2797841363	-694566.138516753	-713597.4680031977	-732829.8675332967	-752178.3026958656	-771881.6059667657	-791733.7319427986	-812096.1050855542	-832297.2210255549	-852999.2885007592	-873933.5303104307	-895105.7843804631	-916597.0321853878	-938187.7864529715	-960055.4038742932	-982224.4482932752	-1.0046756749670085e6	-1.027389446962466e6	-1.050346643630271e6	-1.0732932589289336e6	-1.0967228231188527e6	-1.1204649176111214e6	-1.1443590962430974e6	-1.1684910063235024e6	-1.1929291988880988e6	-1.2173712221392712e6
-195.8195409340724	-1550.2990343799786	-2828.9119328697275	-3965.2783386786796	-4893.024449173381	-5545.785081476363	-5857.2050770509295	-5760.936355050888	-5190.616114461442	-4079.739509738679	-2360.479850937091	0.	0.	0.	0.	0.	0.	-8034.234699221052	-13724.624546355948	-18994.928940014917	-24249.270202297048	-29620.13993678459	-35171.579561503015	-40923.13804744331	-46899.17936929249	-53066.364456939584	-59503.446023138626	-66141.70375079078	-73029.84683242357	-80148.48739808385	-87516.31496876024	-95131.45254601123	-102987.21918964786	-111093.77750811899	-119413.96711816313	-128003.09939201073	-136821.88789881277	-145901.547277667	-155246.53606289258	-164759.2240496732	-174603.1678234801	-184660.30234668756	-194968.65809551376	-205492.95322719734	-216302.15069777533	-227326.8189383172	-238594.86400683492	-250177.38212111648	-261913.34884842215	-273933.0645362568	-286187.86926463875	-298770.61480743514	-311565.30644347286	-324583.4089818997	-337828.4729311102	-351317.4886179718	-365117.36823894846	-379034.11030980677	-393312.4605933159	-407777.09330065985	-422541.38827390695	-437519.8584987894	-452765.4278855856	-468246.45382500946	-483979.69207033544	-499925.91923664964	-516209.4839750774	-532726.3392413981	-549364.0208307005	-566312.2291970942	-583602.5183279682	-600992.2391317188	-618797.9419483631	-636685.0303845875	-654902.4266295058	-673316.9746493144	-691970.055819964	-710884.1040981285	-730231.5538056217	-749579.4748035199	-769281.9168850755	-789133.5377203935	-809281.1931860032	-829708.1334930361	-850396.9793399497	-871330.5121917906	-892489.3721289192	-913954.8181544107	-935582.8769161027	-957450.0284015405	-979618.4773548702	-1.0020690378911796e6	-1.0247821279713014e6	-1.0477386759109554e6	-1.0706852912103264e6	-1.0941142895482918e6	-1.117741926067136e6	-1.141634361221744e6	-1.16588089231672e6	-1.1900726201222758e6	-1.2147605687599834e6
-213.34363331149234	-1691.8328562536724	-3100.7138325972114	-4379.082552281931	-5466.040809110482	-6300.69870039698	-6822.176521718969	-6969.6046842719	-6682.116743373387	-5898.814546660036	-4558.583945952531	-2598.4582817366013	0.	0.	0.	0.	0.	-1906.7777119127836	-10124.052051277482	-15752.129294730865	-21156.581540195006	-26604.901546052144	-32198.30623334686	-37975.3733221241	-43960.40427155641	-50166.0346536446	-56580.553515763095	-63225.20950703499	-70137.6465017845	-77268.35886483645	-84619.03314670216	-92246.7991529773	-100106.98384544336	-108188.78998916218	-116531.06967708623	-125100.48507252999	-133930.50491628543	-143035.83543111128	-152347.0022916965	-161898.553358574	-171717.57828530986	-181766.5372063456	-192071.6703484632	-202620.72210514641	-213405.0819429966	-224466.41401004468	-235758.85819398522	-247313.6840924338	-259022.559962309	-271054.2280378213	-283399.7213565773	-295876.9526124511	-308642.08316440956	-321661.79259965406	-334933.62717958825	-348382.5152335378	-362191.33388045826	-376176.88565072475	-390456.1732521725	-404962.58009801665	-419678.13026543893	-434701.0595208954	-449944.6259219252	-465423.8188828243	-481099.0037939119	-497100.01406985795	-513381.6559697527	-529743.0224436274	-546533.4151237732	-563480.3243812321	-580758.9146775182	-598157.7017832083	-615792.5730648786	-633791.5881266064	-651976.5333156836	-670477.8153403932	-689130.0458895903	-708043.2199124328	-727201.9678368531	-746736.4617398218	-766437.9617149327	-786289.0299466676	-806435.9780511635	-826862.1254859422	-847550.1579088188	-868482.9151893544	-889641.097195957	-911105.7034465774	-932733.2107783202	-954599.8525486726	-976767.6500865652	-999217.4818953646	-1.0219298259875764e6	-1.0446257503582389e6	-1.0678322795449144e6	-1.0912606588636348e6	-1.1148878208274285e6	-1.1387797518632102e6	-1.1628371107030238e6	-1.187217260504647e6	-1.2119046190899624e6
-230.85318727803966	-1833.0462650801228	-3370.936971638319	-4788.263861855234	-6028.771169459625	-7036.211318491001	-7754.3470785589425	-8126.952688379533	-8097.811895263034	-7610.705879681618	-6609.36190923271	-5037.197414116569	-2835.110782847851	0.	0.	0.	0.	0.	-5272.245581070089	-12022.020971857231	-17720.565811154043	-23289.780306110893	-28943.43202593481	-34752.272616252776	-40764.01413123569	-46972.207521342796	-53418.405752166116	-60080.656761606115	-66978.5439076518	-74122.16947774662	-81482.9188687582	-89087.86971825943	-96943.79013785276	-105058.80444400775	-113379.3010416402	-121997.5637037027	-130810.7147189746	-139894.41042987935	-149191.7254294948	-158764.04819560415	-168582.47626236634	-178645.80918438055	-188946.486804801	-199468.6242804309	-210323.36863483096	-221294.82226018043	-232642.14811042123	-244146.02054782648	-255934.98930812883	-267925.8507531593	-280200.02155356563	-292732.0583214628	-305514.92329047027	-318497.1965831702	-331767.05200018844	-345337.85156369745	-359010.211993921	-373072.76236672734	-387305.6162826827	-401762.0610399994	-416557.23845935444	-431506.1724296086	-446720.40295313665	-462218.2946387865	-477994.2834102874	-494031.3931208247	-510134.82807093876	-526671.2982619464	-543385.0118826948	-560405.1884761718	-577508.0472013617	-595079.7072385183	-612713.6140125827	-630711.1318560996	-648894.9345335802	-667394.8018572709	-686046.1087255379	-704958.3334036751	-724116.1744750292	-743649.2635046976	-763257.7316885856	-783200.2086215573	-803346.3886100168	-823771.6750731013	-844458.8242073165	-865390.7393030751	-886548.1851520039	-907942.2750398244	-929638.7880395866	-951504.8763156543	-973671.9664883276	-996121.0069795336	-1.0188325410112622e6	-1.0415284653828283e6	-1.0647342239326735e6	-1.0881619310648576e6	-1.1117885777142786e6	-1.13567996133269e6	-1.15973700780333e6	-1.1841166552756105e6	-1.2088033731291918e6
-248.34695283602952	-1973.9725286558566	-3639.851043662528	-5193.706927668399	-6583.2702619483425	-7756.2793271167775	-8660.482933234209	-9243.64216447507	-9453.530547221115	-9237.929742975053	-8544.611102572577	-7321.2638088927615	-5515.150189532458	-3070.1886999271637	0.	0.	0.	0.	0.	-7413.898778170171	-13830.594746700714	-19636.08322562528	-25390.35211633578	-31263.143678564888	-37295.71580143993	-43531.67003153619	-50001.13789453493	-56655.953311262536	-63577.7512850041	-70707.2041077406	-78097.51056629512	-85720.35516736488	-93577.1980963528	-101675.8885460922	-110035.31123542786	-118613.37458000674	-127424.98680598344	-136524.27077911314	-145835.13814851793	-155413.19826347491	-165228.4633061852	-175272.61829121914	-185558.50912207982	-196081.50807276397	-206919.59567506437	-217959.34615975272	-229252.29652696583	-240754.4033600513	-252562.85970015996	-264556.91075841855	-276855.09516800754	-289345.5104020912	-302133.56514391775	-315182.19294815935	-328471.57673941896	-341939.18727977644	-355722.2327111041	-369723.8340714191	-383887.80666807457	-398465.2570222096	-413156.6797222892	-428204.18784889893	-443416.2379470205	-458911.7946363829	-474591.71666503564	-490573.9724952839	-506822.38178824337	-523356.6128445285	-539947.8538807733	-556963.8387470182	-574188.7401793931	-591564.4379786624	-609391.1214752697	-627254.3553276148	-645502.1086329917	-663890.7252073742	-682718.244327703	-701629.4445717596	-720786.3070615893	-740171.4116887143	-759891.6989713383	-779867.0737449938	-800012.4248624985	-820436.7822544543	-841122.9782353871	-862053.9845329017	-883210.6359970119	-904572.0187249315	-926267.2115890586	-948165.099702447	-970331.4265601216	-992779.6131436526	-1.0153715471199143e6	-1.0381861974148778e6	-1.0613911243735757e6	-1.0848181061519354e6	-1.1084441967276612e6	-1.1322926521726227e6	-1.156391699024467e6	-1.1807708044351456e6	-1.2054568308776524e6
-265.8235588364747	-2114.632515767785	-3907.6477298952013	-5596.052795735385	-7131.0369907183685	-8463.797874117778	-9545.543753739781	-10327.495806686387	-10760.889324598493	-10796.972703721782	-10387.000241665886	-9482.205849616457	-8033.706026381302	-5992.046566761143	-3303.421948426827	0.	0.	0.	0.	0.	-9233.476579999313	-15570.439730774337	-21520.065242188604	-27485.18356396498	-33569.076414414274	-39845.45672682208	-46314.56079275042	-53006.67285636546	-59906.643699505694	-67070.70671957982	-74457.92525197096	-82061.71260953577	-89935.9295395277	-98035.78751914899	-106394.72183023287	-114970.97816081927	-123788.30487916654	-132886.0037600738	-142181.85511549455	-151771.65063084854	-161597.90739081227	-171650.5537444536	-181934.57439607347	-192476.03025831826	-203288.48435219092	-214362.38904838474	-225585.94363814945	-237183.8691097003	-248914.1947811242	-260955.5402310966	-273232.68878587027	-285726.0288139412	-298547.9079043715	-311582.46024878183	-324841.01427282544	-338327.02283370704	-352057.42885825585	-366099.28130332957	-380353.09381975955	-394779.0758776084	-409615.8366913021	-424557.5977497925	-439716.10064627504	-455205.5081108371	-471040.944877674	-487020.9779988487	-503267.1383944913	-519627.1656736655	-536389.1747922568	-553327.3556656741	-570626.1331653678	-588000.6966508419	-605694.3179500335	-623687.3496846132	-641884.2275916019	-660320.9562369665	-678943.0388002496	-698056.5534165809	-717212.3655964368	-736596.5505206375	-756281.7103780488	-776138.814932307	-796434.0868085382	-816857.4470299354	-837542.61999297	-858472.6508787773	-879628.4497309289	-900989.1776403439	-922613.1787442311	-944580.5227090084	-966746.0303019073	-989193.3003876848	-1.0116383699744662e6	-1.0345989464543555e6	-1.057802980867591e6	-1.081229184124839e6	-1.1048546778675504e6	-1.1286603605298533e6	-1.1528011843664108e6	-1.1771797079832312e6	-1.201864992335324e6
-283.2815055820504	-2255.0381765981338	-4174.464183831777	-5995.773348235056	-7673.185241495671	-9160.927844408028	-10413.240129928407	-11384.374442070977	-12028.598367462095	-12300.195372469472	-12153.462353738407	-11542.69890183044	-10422.171473694225	-8745.985834229054	-6467.502350599489	-3534.514210351016	0.	0.	0.	0.	-870.7508268153184	-10886.05315678667	-17261.186050322252	-23383.773853404717	-29552.129425955667	-35866.65271192594	-42364.3527280044	-49081.63988923696	-55998.35939233239	-63163.900766553495	-70551.85539066717	-78176.2372798776	-86051.32210174884	-94142.88542595757	-102509.49757647088	-111110.06682132509	-119931.11945754354	-128995.33542135925	-138330.95148578772	-147900.97955698363	-157718.58823866598	-167761.6965134427	-178085.63653075893	-188643.44626757537	-199401.12245012817	-210492.56069445782	-221781.15842869974	-233287.66647867954	-245087.18578866572	-257124.5926492893	-269397.818478291	-281882.55250797555	-294695.2973021151	-307699.01239402447	-320957.93909717636	-334469.588393969	-348158.8958680635	-362208.5548098535	-376464.52116437664	-391000.38473234954	-405705.05904120835	-420686.3236716915	-435928.87993474654	-451415.5962712265	-467138.1799828115	-483113.30895552016	-499301.79294222203	-515827.81393759727	-532587.4639598244	-549496.0618024933	-566659.7021805922	-584193.5778655087	-601826.9495164559	-619876.7436554154	-638007.8298457335	-656469.5519288356	-675128.4627971423	-694026.0139288539	-713196.304770141	-732777.5524918024	-752370.1624731439	-772317.7954099817	-792611.3744480577	-813033.6693994727	-833717.7494799984	-854486.4070956223	-875593.172734992	-897161.6547253156	-918765.9889073969	-940738.1788445727	-962915.7777136415	-985158.3400761335	-1.0078071382995909e6	-1.0307667125012259e6	-1.0539697934146863e6	-1.0773951649835387e6	-1.1008369532467704e6	-1.1248253135230937e6	-1.1489654638291372e6	-1.1733433659198438e6	-1.198027857502184e6
-300.71915527981076	-2395.194767109265	-4440.3982256195495	-6393.219594241531	-8210.554778188098	-9849.308247016465	-11266.39572188161	-12418.746749077503	-13263.306978680082	-13757.039736729705	-13856.925925759062	-13519.959832822802	-12703.134127681888	-11363.392549921531	-9457.46568333067	-6941.128831275025	-3763.139191443574	0.	0.	0.	0.	-4413.4225414874745	-12447.83828130261	-18909.25720481649	-25223.570416864586	-31605.726165845685	-38155.364157345204	-44891.84331100284	-51830.27387459005	-58999.161085138854	-66408.83179449031	-74035.26705072411	-81919.2454325682	-90023.52177612873	-98369.1823143167	-106971.76786014515	-115805.33260165113	-124884.20177001244	-134234.64503236706	-143773.76167486506	-153584.6049608757	-163619.46253549992	-173967.75252416468	-184525.75983874043	-195305.88536159915	-206378.63128931972	-217640.57369447296	-229184.39025568677	-240924.46317198905	-252971.75683356944	-265265.4849920325	-277777.8142995676	-290592.2094856751	-303569.2380069369	-316832.6407563697	-330326.95592567185	-344037.0746318001	-358063.4116772244	-372326.66884905525	-386839.919047839	-401537.6712378177	-416574.5150752814	-431765.49059031514	-447222.08245653025	-462962.6899270679	-478994.48927879485	-495262.30886887386	-511608.95337961364	-528389.3812789306	-545347.0639835951	-562611.6419222519	-580040.7697321626	-597775.1261901174	-615653.411073827	-633896.0103730551	-652324.736567868	-671070.0326195857	-689966.3678323131	-709123.801627275	-728526.9412576417	-748306.2235541674	-768252.5097989794	-788348.2441632532	-808740.0786511733	-829411.3105720603	-850344.5838534889	-871522.6813146482	-892926.2241124881	-914636.5081765081	-936509.4554762103	-958621.5730772213	-981035.1461200559	-1.0037309877046385e6	-1.0266894955554507e6	-1.049891562014826e6	-1.073083221260324e6	-1.0967578369922824e6	-1.1207451036938245e6	-1.1448845374126178e6	-1.1692617782449569e6	-1.1939454263782084e6
-318.1347210561548	-2535.102301072868	-4705.51844288381	-6788.653890606388	-8743.785336637113	-10530.19821116963	-12107.18946571404	-13434.070304085675	-14470.168750509862	-15174.831810591906	-15507.426683870934	-15427.339778453928	-14893.970428783396	-13866.710792336993	-12304.88483687062	-10167.540483728051	-7412.520687790799	-3988.937792541474	0.	0.	0.	0.	-6344.491880634269	-13932.630067940225	-20537.220483499852	-27052.51899071685	-33657.50049089913	-40439.524961723895	-47399.72953849381	-54585.85894223775	-62003.847581989954	-69653.75413549105	-77527.36858718518	-85637.46096827764	-93998.42162157544	-102590.39155234338	-111419.56377170338	-120504.66781087959	-129821.73248147013	-139390.4634793271	-149208.348385795	-159285.78493440288	-169610.24404164168	-180155.0582007422	-190939.66494445995	-201977.78108447167	-213269.67308403677	-224805.6654126674	-236574.6302761075	-248607.71401113493	-260887.316751822	-273403.51213965466	-286136.5536590121	-299198.89731325215	-312474.4581246597	-325974.4775525718	-339702.33290936355	-353674.97263872146	-367959.74816139217	-382456.67902743275	-397274.2649942431	-412206.69744593353	-427495.3848758209	-442949.15702978295	-458686.7448979415	-474609.0375030187	-490833.9477022801	-507325.31865846715	-524102.8509228894	-541058.3306298588	-558197.0955244974	-575665.9186971241	-593479.8456670161	-611356.784599522	-629597.2945604176	-648019.182679905	-666767.7482674281	-685662.7945017285	-704818.903504965	-724220.7776398424	-743998.0994634851	-763850.877829194	-784037.8550826318	-804428.6176798263	-825098.6481317517	-846030.6888013285	-867207.6110102925	-888610.1265146605	-910319.1380364128	-932191.2497336954	-954302.5949443781	-976715.1808730369	-999409.9181895645	-1.0223672956169889e6	-1.0453226853304901e6	-1.0687599459146599e6	-1.0924336236235965e6	-1.1163061185232445e6	-1.1404434812439603e6	-1.1649349449585425e6	-1.1893719183756248e6
-335.5262548652886	-2674.7565106097204	-4969.871057571527	-7182.271964559991	-9273.367365999737	-11204.574320161686	-12937.321683604576	-14433.052976467405	-15653.22917195637	-16559.331261297608	-17112.862274875264	-17275.348064465245	-17008.335260500426	-16273.382503627006	-15032.034292346136	-13245.743768423079	-10875.613389893257	-7881.24637302543	-4211.516225595161	0.	0.	0.	0.	-7925.54428762373	-15386.618101082711	-22149.804221796803	-28872.91300750397	-35704.18131730357	-42708.24503707161	-49913.948035283516	-57350.70229005981	-64998.74582155205	-72888.66204029914	-81015.93938729307	-89359.76748376872	-97971.33311925316	-106817.77433808733	-115887.03477899193	-125230.83605861779	-134779.70726423545	-144596.76117115046	-154663.93203375558	-164998.1574334177	-175524.2288453221	-186334.63451612787	-197362.6275677927	-208678.43845387423	-220210.04726081726	-231966.4744656877	-243964.48442011053	-256275.89408108746	-268851.37408707984	-281574.76526511007	-294626.79554497043	-307870.47980685404	-321369.95090353064	-335122.6800181504	-349176.61971734185	-363345.13614974095	-377861.9132657889	-392622.2886946518	-407569.88987475546	-422817.8861748151	-438280.7612901362	-454011.4262985928	-469978.1317031045	-486245.28637558	-502746.73634064	-519401.6333788715	-536406.5342024475	-553587.8672455015	-571130.1117186297	-588748.213124555	-606780.678304279	-624922.7516391019	-643371.5168556914	-662044.8934471435	-681052.1757735786	-700270.0030591195	-719670.5399700816	-739299.4943306881	-759263.6899366122	-779483.1524502898	-799872.7824018628	-820541.543285411	-841472.2814785334	-862647.9618218511	-884049.3918056177	-905655.609687051	-927628.2873900369	-949738.8164312062	-972150.3592959199	-994843.9297543206	-1.0178001126857956e6	-1.0407410200500777e6	-1.0641916266220436e6	-1.0878643131406761e6	-1.111736048169987e6	-1.1358726036820468e6	-1.160174875444535e6	-1.1847998394786255e6
-352.89163442498705	-2814.1494840289843	-5233.484678855504	-7574.218276296514	-9799.677524812862	-11873.198792190458	-13758.130527333007	-15417.836244903932	-16815.69749451242	-17915.116723645282	-18679.519840174224	-19072.35806673242	-19057.10821099371	-18597.269370528305	-17656.351230936936	-16197.840798798039	-14185.106182022113	-11581.07705166762	-8346.840164753821	-4430.445220701286	0.	0.	0.	0.	-9356.359162909554	-16798.549248811145	-23736.092392516868	-30674.09724766794	-37741.85945991853	-44976.583913060924	-52430.12556121309	-60095.87461787901	-67990.42870847702	-76125.31956957158	-84491.97847770994	-93079.10895832749	-101952.78387394141	-111006.51352750792	-120357.17209860448	-129904.10624632616	-139761.93531252135	-149811.1785228579	-160108.2175385722	-170697.64053448514	-181480.87398365245	-192492.87858788838	-203813.55730152383	-215327.5245221257	-227123.1825440746	-239189.8530888228	-251403.73825961922	-263942.6558463886	-276718.37696547527	-289687.74799527664	-302996.1044780432	-316523.7541079614	-330258.23817805725	-344251.4389086759	-358476.5609063624	-373021.0616995416	-387736.8174260091	-402676.8810026263	-417956.6443492456	-433525.11884259636	-449252.40458096104	-465216.0175373432	-481410.75857622805	-497862.83509656676	-514630.7579108575	-531478.4598340091	-548756.2220593324	-566190.6136528676	-583967.5845129227	-601844.3393161373	-620137.7440684014	-638512.582271672	-657218.2895718054	-676121.29764733	-695263.0734688626	-714876.2282482192	-734503.9488610664	-754432.6553667693	-774533.63778143	-795072.5728171815	-815739.9960329446	-836669.3618850168	-857843.733749243	-879244.0199852847	-900849.3594516722	-922718.0627786245	-944930.237537646	-967340.6813886493	-990033.0223988551	-1.0127230109052162e6	-1.0359288541275439e6	-1.0593782633824323e6	-1.0830499055434815e6	-1.1069208399431426e6	-1.1310142552909357e6	-1.1553583313911846e6	-1.179982514970101e6
-370.22854921042915	-2953.270085471355	-5496.373637566444	-7964.596919926048	-10323.003970043475	-12536.668147940503	-14570.675183049105	-16390.126268373653	-17960.141182833035	-19245.86138793638	-20212.452979503592	-20825.109246979184	-21049.05232925804	-20849.532879962997	-20191.825300158715	-19041.212602320942	-17362.944840687065	-15122.120775742571	-12283.298485633353	-8808.795449098523	-4645.260548632482	0.	0.	0.	0.	-10671.850072999867	-18193.40002297181	-25321.03952947944	-32474.565624989897	-39770.803989291206	-47247.2574242401	-54940.839076481156	-62853.915902137785	-70983.08773602382	-79363.71261608355	-87973.10794919895	-96815.02620434795	-105913.98876434834	-115239.53968270314	-124818.47359795388	-134631.0539284474	-144679.7193303105	-154980.45524417202	-165562.9324594778	-176376.78339232362	-187429.0261969521	-198709.22868904722	-210272.61101693427	-222035.4937907673	-234057.9997897083	-246295.59818113048	-258817.961361708	-271661.11393008963	-284631.2958932464	-297931.1810957487	-311445.22980630596	-325184.48799401685	-339152.20887918386	-353365.2302127404	-367890.84198148164	-382629.104044405	-397688.52309096337	-412863.0488368897	-428394.35450019717	-444090.9103829675	-460071.6663651558	-476305.83243853797	-492705.7691924149	-509441.122043247	-526463.0457750198	-543662.8245695685	-561169.6290402123	-578759.3042984374	-596818.6872073471	-614940.2058696683	-633426.1102640316	-652098.4044539488	-671087.4507748559	-690227.7184394076	-709629.2350100079	-729276.5972720067	-749300.4060365434	-769491.287817837	-789831.5764378369	-810468.1541010872	-831384.3099879179	-852562.6594469429	-873985.9400712071	-895729.3490585124	-917628.3493748198	-939779.8616418247	-962286.1471511648	-984773.547062089	-1.0076671846310986e6	-1.030871705212273e6	-1.0543198561957807e6	-1.0779904008319704e6	-1.1018604938426719e6	-1.1259110345935156e6	-1.1502965814585262e6	-1.1749199448500185e6
-387.5344854833856	-3092.1042227654907	-5758.540345727957	-8353.479466041363	-10843.564656100929	-13195.448520931654	-15375.79632891133	-17351.28920902247	-19088.62740904388	-20554.533585449968	-21715.75605286768	-22539.071840534434	-22991.289246338554	-23039.249257443294	-22649.82450565224	-21789.912783280903	-20426.41791737904	-18526.19858688241	-16055.924457330952	-12981.606449481724	-9266.559050878179	-4855.4651308717375	0.	0.	0.	0.	-11940.012623787065	-19557.600518591324	-26878.320152069307	-34257.74642130859	-41791.138716018475	-49516.15246813819	-57426.26243795498	-65581.96289993353	-73972.68491563296	-82579.45224246268	-91439.40181630164	-100544.38873989761	-109860.58967377341	-119446.72347454132	-129294.54038531773	-139324.25292129922	-149661.51769810787	-160191.67642027265	-171015.94868935616	-182035.39670987776	-193354.88717131407	-204901.4870886428	-216657.8260576035	-228726.02292440916	-240941.4691531812	-253508.5421805175	-266287.16501907585	-279276.9075615505	-292526.6328333412	-306069.51017679006	-319859.24094654	-333797.67758743337	-348021.28395084024	-362552.9733977388	-377310.2911273025	-392311.7113402164	-407500.82206611865	-422990.6973628754	-438695.79917628417	-454669.0365720293	-470988.98236369994	-487454.2700106913	-504186.29888179	-521032.4053564977	-538281.3505028796	-555782.6914107238	-573493.5973474632	-591355.8287302288	-609669.4454574793	-628019.9565387001	-646755.509302715	-665621.3708878934	-684948.4361755208	-704348.3275968132	-723994.137449413	-744015.5412614242	-764112.559950047	-784543.9331528542	-805179.1959056434	-826093.8779257103	-847270.7153143417	-868692.5542324845	-890340.060369705	-912294.2911774709	-934411.5417551908	-956768.0844858355	-979426.090238608	-1.0023664394367486e6	-1.0255695733042129e6	-1.04901640506204e6	-1.0724531082544916e6	-1.0963726843845535e6	-1.1206050106524732e6	-1.1449896256465216e6	-1.1696121291183433e6
-404.80671030676484	-3230.6350066703453	-6019.976970915939	-8740.910663339519	-11361.520747858121	-13849.901637725345	-16174.16070966105	-18302.421600127036	-20202.827587997734	-21843.54505142807	-23192.766957758227	-24218.716293018508	-24889.64923980074	-25173.857723007288	-25039.67055350181	-24455.451557632074	-23389.591105375377	-21810.48238673533	-19686.459186098902	-16985.622790216643	-13675.280669611555	-9719.526602386944	-5060.533023201598	0.	0.	0.	-2628.2682720864714	-13148.162280640638	-20907.1716875003	-28440.481540885055	-36059.1808809202	-43813.36937346603	-51770.8190445175	-59921.85214938734	-68326.60031052754	-76948.23259375175	-85817.4193355385	-94923.68072461008	-104255.28668654575	-113831.86889247582	-123656.94779626622	-133732.38387669998	-144040.94546306512	-154597.29556835484	-165412.42134054034	-176460.68410426503	-187748.81229443813	-199266.11878949794	-211067.81369686002	-223069.79092897172	-235361.8893136356	-247909.6189236099	-260665.5904441537	-273659.74717029306	-286984.07100721734	-300421.3958378228	-314172.6848488634	-328265.423496417	-342455.06121894286	-356961.6803992638	-371688.1548918575	-386701.93468194915	-401882.88631809264	-417403.7926397047	-433129.42429922504	-449183.1824468605	-465389.18532524444	-481826.6036688455	-498521.6350741251	-515532.88709044334	-532778.4174719879	-550173.3576140178	-567823.7366752424	-585845.0677496826	-603965.8948771385	-622504.1478126249	-641180.2797607721	-660111.9941508747	-679260.516434114	-698823.417859688	-718467.603574497	-738340.3852368286	-758514.5315235961	-779011.9763158745	-799645.8634033287	-820559.003457237	-841734.2589108913	-863154.5895094782	-884800.7772174815	-906651.814281238	-928869.553008463	-951225.1044527749	-973881.84334245	-996820.7753221063	-1.0200224584033075e6	-1.043208348759337e6	-1.066904613175159e6	-1.0908229854457346e6	-1.1149403503717186e6	-1.1393226530295631e6	-1.1640590677750374e6
-422.04225448104347	-3368.8428301325025	-6280.666618721293	-9126.91261210924	-11876.986553759596	-14500.304159824489	-16966.294416916982	-19244.40297505873	-21304.095647450104	-23114.862017067793	-24646.219130147092	-25867.715221162212	-26748.933352339074	-27259.49473053928	-27369.061240399726	-27047.336265459304	-26264.061863957813	-24989.008015612213	-23191.94364119504	-20842.56179788061	-17910.27342016481	-14363.542591742591	-10167.039074114276	-5259.915535107281	0.	0.	0.	-4610.137794294655	-14333.301895290957	-22244.26373311946	-29999.97588020227	-37838.07669339754	-45820.11575347162	-54018.93923465365	-62430.91043942744	-71059.67921841667	-79934.73800672307	-89039.97335367512	-98385.30037699186	-107980.66844035442	-117813.56763282958	-127887.8708743425	-138198.57802542302	-148759.52856526506	-159546.34805935278	-170595.84763103604	-181884.1632391622	-193439.1593878397	-205222.56870678748	-217254.07963855914	-229523.92161202728	-242076.0620386203	-254818.2637570525	-267806.3632517837	-281113.0844006981	-294643.92098425684	-308367.7353039786	-322348.47894333006	-336623.13550465455	-351128.2015797308	-365892.56276348315	-380870.3688709321	-396021.3852945025	-411584.89086494717	-427253.8551934762	-443295.14289440674	-459517.69777830376	-475994.0124212452	-492636.44247056544	-509614.54855017475	-526879.5507488687	-544322.6297008663	-562073.0587976541	-579906.2899706562	-598209.8711822655	-616575.359264523	-635305.7107000516	-654310.4015163935	-673456.3198914604	-692841.2245101937	-712487.5479328592	-732568.2923258238	-752649.2312400921	-773085.488830028	-793868.1565940145	-814779.6865823797	-835953.2902364816	-857372.0459020867	-879016.8569537662	-900866.8367252562	-922980.2728646061	-945437.324039167	-968092.7401159917	-991030.1922871064	-1.013965099712991e6	-1.0374162508672673e6	-1.0611110741487239e6	-1.0850281893925415e6	-1.10914459065157e6	-1.1334834876240424e6	-1.1580731107667354e6
-439.23789433362657	-3506.7053868709436	-6540.584154713338	-9511.48782686265	-12390.036937030582	-15146.86222185458	-17752.60800314917	-20177.935676444515	-22393.527323255283	-24370.089456213704	-26078.356891647014	-27489.096721193917	-28573.11231080917	-29301.247181332492	-29644.388484631338	-29573.469519179787	-29059.470178670064	-28073.4130367853	-26586.349997488625	-24569.32735640904	-21993.296793949765	-18828.871831480086	-15045.547558245662	-10608.380699041443	-5453.0496733476375	0.	0.	0.	-6062.397681109585	-15480.82407657672	-23576.607637992358	-31529.27547696233	-39593.96698795434	-47840.50507112326	-56289.060786380054	-64937.19452485239	-73806.79609988484	-82935.0988000829	-92278.84576141389	-101853.72725179938	-111693.86411852746	-121757.69220008122	-132096.05932991175	-142647.65499823345	-153451.3867804464	-164491.7589151882	-175775.83939925616	-187361.70280797922	-199114.2396712493	-211152.40972658232	-223409.15812233576	-235962.80121458374	-248709.87426780773	-261705.99850287038	-275015.0113733318	-288507.02829849476	-302256.6144982973	-316300.66930630646	-330515.9297316024	-345062.6277289789	-359806.81389334943	-374759.3409425301	-389954.1975211603	-405497.8556152133	-421204.72856568836	-437173.9935935994	-453388.42709211877	-469839.597472872	-486648.28689767	-503631.3340592812	-520720.129871441	-538211.9128621286	-555956.3895484215	-573910.6830466255	-592016.4246835922	-610573.9983996275	-629245.2644259518	-648215.9381916951	-667447.0563230902	-686830.1605469465	-706474.6335520953	-726365.1425184271	-746631.8109521959	-767066.0745132683	-787650.2054457803	-808530.6149602691	-829690.6733212142	-851113.0509882414	-872780.5155733327	-894686.4004910467	-916911.6713279284	-939307.7953461013	-962058.7805591578	-984791.0376536365	-1.0079295977595214e6	-1.0313791699823323e6	-1.055072491175129e6	-1.0789882962249208e6	-1.1031036930576914e6	-1.127399523157784e6	-1.152030537317837e6
-456.3901322915966	-3644.1976425229573	-6799.6967567806705	-9894.621477255274	-12900.712869236617	-15789.722438356957	-18533.415599284588	-21103.57525869588	-23472.005538144265	-25610.535650545484	-27491.023936034035	-29085.362047295235	-30365.479244304053	-31303.346709349946	-31870.98170395256	-32040.45122500689	-31783.874498309193	-31073.423001799994	-29881.31531400096	-28179.800836350412	-25941.118163960557	-23137.390198018315	-19740.339120017707	-15720.378499094311	-11042.778606799016	-5639.368972045432	0.	0.	0.	-7298.7419191677645	-16617.74359198619	-24887.660487692625	-33079.915096050776	-41376.88530738557	-49854.878885223356	-58522.57060999745	-67426.484908308	-76538.40227953935	-85896.95297163176	-95495.06170658722	-105354.10443478535	-115421.35535522987	-125736.71620570181	-136287.90665792613	-147090.7290941232	-158135.5665872201	-169432.18185455655	-180961.34340202634	-192741.39817766973	-204833.89095848516	-217101.6211415204	-229608.80445109107	-242399.30550957893	-255410.08832012472	-268714.7629892428	-282156.1411682497	-295928.3289302743	-309916.4029168284	-324239.93526062235	-338688.04172863386	-353382.4381252957	-368390.4117858022	-383611.9266410031	-399155.68718320335	-414915.9599460285	-430831.94521171594	-447014.4909378895	-463482.0354769847	-480254.6252435013	-497238.7088019917	-514491.96880629833	-531825.5473120512	-549617.6277173851	-567511.0109901228	-585775.5313335109	-604139.7928739294	-622921.748473336	-641849.4135732152	-661017.4965239242	-680512.1012381378	-700217.7168470933	-720106.3864902075	-740223.726730195	-760676.7102647282	-781385.3079558254	-802264.1595401752	-823422.4716366071	-844843.057774747	-866508.814199833	-888400.4375625299	-910598.8057378059	-932960.4847647743	-955561.5683272623	-978464.1546572889	-1.0016491768856681e6	-1.0250971061044671e6	-1.048788864254314e6	-1.0724706113935425e6	-1.0966352884352778e6	-1.1211128479273703e6	-1.1457427579894953e6
-473.4951761651987	-3781.2917674927576	-7057.964261585463	-10276.283010704772	-13409.025594179222	-16428.98027725542	-19308.949566555963	-22021.75389053412	-24540.23543065266	-26837.262124617642	-28885.73185577387	-30658.576830843293	-32128.768128292042	-33269.32036587078	-34053.296377356775	-34453.81168415766	-34444.03835433385	-33997.20747045835	-33086.608672936665	-31685.583621981645	-29767.506451217418	-27305.734701487432	-24273.48686412997	-20643.51173230833	-16387.04137428963	-11469.404546494936	-5818.316588672696	0.	0.	0.	-8425.322309737638	-17731.430605099507	-26194.00549551523	-34619.0005627373	-43148.77196264576	-51845.137582046686	-60776.345156937714	-69909.53288747086	-79282.03873395271	-88896.28425963261	-98717.04837539434	-108804.44503420453	-119151.91626680529	-129689.93445760643	-140533.44411988585	-151563.66793019857	-162867.53807761968	-174386.95022721955	-186200.03664802332	-198253.59133371038	-210526.39910637788	-223001.96816585332	-235809.8439491391	-248795.00781502767	-262049.8060892557	-275578.8803467974	-289311.2866427688	-303346.64946175134	-317587.6970078547	-332130.84090230067	-346834.3811645227	-361846.9152925356	-377086.1946335194	-392570.52580224746	-408243.30100891204	-424281.05852472346	-440553.49892792344	-457024.8391369117	-473673.7122518797	-490625.9675366838	-507845.59817935945	-525352.3658446732	-543037.746024093	-561030.6398467538	-579106.8757142713	-597653.3975923136	-616262.2447846697	-635236.0958690915	-654484.5265496637	-673874.3556178929	-693503.3127147465	-713510.3100895454	-733719.2232386868	-754136.1088083461	-774725.5611364302	-795753.3298128663	-816909.8275454186	-838328.5522901122	-859992.533941782	-881882.60596669	-903977.7914231145	-926407.0676122089	-949039.386773985	-971940.4824417919	-995123.8370913555	-1.0185700592336025e6	-1.0420009325824749e6	-1.065941940527289e6	-1.090105201040374e6	-1.114467584473109e6	-1.1390949847985122e6
-490.54891707921666	-3917.957037962547	-7315.339350599324	-10656.427302090156	-13914.95973651381	-17064.686437762368	-20079.37177466556	-22932.79847925292	-25598.77158706334	-28051.1225652095	-30263.713648667042	-32210.442396697075	-33865.24646724358	-35202.108583773785	-36195.06162952921	-36818.19373587055	-37045.653109933766	-36851.652122664396	-36210.469748267504	-35096.45057363712	-33483.99672310565	-31347.544703084717	-28661.508162400372	-25400.136229304775	-21537.133334402337	-17044.462732154963	-11887.37910996898	-5989.360315412224	0.	0.	0.	-9476.298444817561	-18835.31623612374	-27498.002999050288	-36132.90310636266	-44906.32439340388	-53859.358568841446	-63007.104656452684	-72398.47503797249	-82014.22355060755	-91857.31207972605	-101968.95648391882	-112282.49746754028	-122850.6073486777	-133666.3435301185	-144730.1546518189	-155996.5159646715	-167560.88534878337	-179348.597682308	-191360.75472964905	-203678.40289826135	-216200.5291663629	-228980.6714418166	-242008.01078156297	-255235.21713829585	-268800.1449253926	-282481.0277022635	-296493.4684262334	-310722.35854877165	-325287.5301103647	-339977.39492441213	-355050.8652131483	-370257.99148761	-385753.2921663296	-401416.8459597152	-417421.06925562874	-433715.3445405728	-450169.5978577225	-466861.11152223527	-483806.4154473799	-500966.1297272643	-518464.8069235179	-536198.2212801574	-554184.6685437894	-572381.3688163002	-590730.0009849098	-609530.2834663753	-628378.3133814981	-647619.7206040624	-667133.529528172	-686760.4670517112	-706648.9209254709	-726783.5551776434	-747294.599273821	-767973.3485552866	-788801.9693296032	-809927.0395662743	-831331.929472454	-852999.2885007592	-874911.845844916	-897214.0865460713	-919571.5417467457	-942272.4048399489	-965171.9538957989	-988275.5203150797	-1.0115334047231023e6	-1.0352289027206054e6	-1.0591682257137885e6	-1.0833300165309617e6	-1.1076912732594542e6	-1.1322751398865723e6
-507.5469059854187	-4054.1597095824754	-7571.767608391064	-11034.995435549077	-14418.475597490171	-17696.851703602784	-20844.782303607844	-23836.944765727054	-26648.03932731525	-29252.79334730495	-31625.965786002198	-33742.35193157606	-35576.78838250873	-37104.158278795105	-38299.396747420644	-39137.49648175794	-39593.513295458535	-39642.571351154125	-39259.867506443115	-38420.67372458659	-37100.33549893467	-35274.26209446245	-32917.899457340856	-30006.664105161588	-26515.780751545444	-22419.849155911783	-17691.489849359685	-12295.778860775956	-6152.008897877632	0.	0.	0.	-10469.679552796475	-19926.68476961533	-28800.03141749114	-37660.631295812665	-46667.236906903265	-55871.306593585105	-65264.78885847411	-74894.87847225182	-84760.22157931367	-94837.11164166419	-105172.29318617078	-115756.31129521648	-126573.68944341515	-137630.70792380787	-148925.75812852735	-160487.2704608569	-172268.36692623803	-184323.94607674182	-196603.54328817694	-209101.23957148602	-221899.84826434185	-234903.0956233639	-248165.01956544028	-261637.77502363687	-275425.09789951023	-289396.84604107344	-303689.2120070411	-318153.9891963017	-332938.4834199731	-347883.6720336105	-363138.48499706277	-378620.39370607695	-394347.71844110364	-410393.094917836	-426545.2234295603	-443070.2520824035	-459777.37055339623	-476738.91579586774	-494014.0562793015	-511331.47096858657	-529083.5562352072	-547089.1168577031	-565252.4365973667	-583758.9752643785	-602366.0333065746	-621390.5460506785	-640538.3076684871	-659972.6860934789	-679608.8994327796	-699659.997252141	-719792.5769957177	-740153.973341554	-760851.157218812	-781804.1311863875	-802927.4612281462	-824330.4005714859	-845995.7584770177	-867906.4078207418	-890043.0010208633	-912486.5627221719	-935093.3637145305	-957939.6291615292	-981087.6153335808	-1.0045182270899477e6	-1.0282118898657007e6	-1.052149466952971e6	-1.0763097349069759e6	-1.1004868145124866e6	-1.125210569386793e6
-524.4843286747468	-4189.862866901064	-7827.18747670417	-11411.915194890693	-14919.510815400829	-18325.45060676409	-21605.22614793215	-24734.348307016644	-27688.351404777764	-30442.797592353516	-32973.28147339392	-35255.434995780706	-37264.93263081915	-38977.49684599955	-40368.90385824949	-41414.98962303315	-42091.655961742705	-42374.87663900432	-42240.70304089949	-41665.26881048909	-40624.79223420738	-39095.57403366077	-37053.98579198121	-34476.4386299228	-31339.30761183267	-27618.747377328324	-23290.203307311647	-18326.89398984579	-12693.646716911646	-6305.828801017498	0.	0.	0.	-11427.918603842956	-20996.58694843916	-30089.557485268786	-39193.0621991013	-48426.60334648051	-57856.69881111484	-67503.80818917461	-77378.44928815275	-87484.43892211467	-97826.8579194947	-108401.61121523964	-119233.80715791817	-130280.0926922419	-141601.79440309515	-153151.64587422	-164914.02529957125	-176947.30823316172	-189232.691756445	-201775.14545415045	-214565.57546402136	-227547.42503202296	-240805.42130363573	-254342.29826333336	-268062.4078975757	-282087.74400318565	-296339.33947280736	-310808.09850959847	-325613.8301454374	-340632.3066334628	-355859.94912092335	-371309.0754353655	-387046.895596665	-402961.00868328806	-419263.429298849	-435738.65423684294	-452436.62274878024	-469372.04444581806	-486665.61826738564	-504134.2709296813	-521709.0022407536	-539687.462727994	-557919.1785042313	-576361.0615289413	-595149.2664372752	-614000.8624299975	-633217.2657711286	-652620.7093322199	-672341.5579542672	-692213.9830532316	-712348.118034191	-732917.0592691206	-753486.4375409209	-774411.5047373383	-795683.5085825402	-817084.4292636953	-838747.7161819154	-860656.3909118138	-882791.2580927038	-905131.2914795766	-927838.078762167	-950683.0464684422	-973829.3741289194	-997258.1305362106	-1.0209498940176829e6	-1.0446257503582389e6	-1.0688124553318152e6	-1.0932214357758013e6	-1.1178294753076164e6
-541.355979405998	-4325.026252221515	-8081.530124366743	-11787.101322953964	-15417.981522001697	-18950.42415796186	-22360.698357736826	-25625.093027931143	-28719.921130185223	-31621.52419009195	-34306.277059653	-36750.59297290926	-38930.928915366356	-40823.79132388509	-42405.74211932701	-43653.40505207472	-44543.4723042519	-45052.711231929396	-45157.9710270482	-44836.18889684975	-44064.39502351009	-42819.7149333167	-41079.366620833374	-38820.64704433294	-36020.89632293579	-32657.412167336697	-28707.242582931718	-24146.639689537707	-18949.37734772617	-13080.005814953038	-6450.46035779273	0.	0.	0.	-12356.263292758109	-22066.6049544453	-31367.519354012908	-40702.94910543694	-50195.60466068855	-59861.01834976211	-69746.93562565709	-79871.5988885872	-90215.80163932196	-100812.91919422017	-111628.68938356024	-122702.89199678076	-133980.03517614456	-145569.50163171501	-157375.6345945603	-169365.2128907987	-181665.7148924763	-194163.9004493786	-206970.31108620352	-220006.65194826137	-233253.69182773033	-246751.75846132927	-260529.14348556884	-274553.664031243	-288763.70649351744	-303270.30842835386	-317999.545872194	-333024.4028367319	-348210.50033702067	-363706.7756668973	-379470.6769394953	-395400.2305860998	-411688.52529511706	-428186.89997150784	-444852.07928497286	-461802.8181987809	-479059.1881236835	-496527.8982997822	-514266.4365113855	-532240.2757558821	-550364.3897659791	-568744.5400813839	-587496.5576336642	-606502.3708092731	-625618.7527401834	-645084.3084097322	-664691.7465372344	-684739.3556897971	-704871.1897169814	-725249.3754271524	-746003.906226432	-766926.4938914169	-787999.2248045186	-809368.4697238784	-831017.6463796685	-852929.4278521489	-875086.5450475004	-897633.5411121155	-920235.8072979347	-943181.6633944376	-966326.2765936155	-989753.1150617995	-1.013177860327784e6	-1.0371187715193247e6	-1.0613036086783097e6	-1.085710959924508e6	-1.1103177504741051e6
-558.1562325979951	-4459.606071558465	-8334.719238870943	-12160.455582686342	-15913.783098034062	-19571.681837493586	-23111.147945223896	-26509.197852563637	-29742.872678738197	-32789.24285914605	-35625.41306270538	-38228.52740675387	-40575.775014526866	-42644.39593373087	-44411.68743052642	-45855.010656629085	-46951.79766176505	-47679.558682255454	-48015.889568062885	-47938.47909267506	-47425.115686850935	-46453.69276055564	-45002.211067008546	-43048.77513386929	-40571.57774452121	-37548.85948144837	-33958.81287096916	-29779.351694328274	-24987.507192399444	-19557.584210743476	-13453.876894311014	-6585.632125229473	0.	0.	0.	-13258.147356723746	-23127.89991390364	-32654.436533107575	-42221.05593588668	-51952.31315772766	-61874.32585963321	-71995.87080731694	-82343.6892750537	-92950.83544101268	-103790.5361609402	-114856.66108855799	-126160.61827963292	-137713.41827413384	-149528.48585380433	-161564.5022832641	-173825.86070367962	-186368.2839831477	-199131.11512883456	-212143.64772206734	-225399.35536690796	-238900.86289991104	-252699.15874464624	-266713.90609585436	-280976.2900704757	-295465.94206981326	-310173.62279939716	-325218.8353661333	-340477.5444516219	-355946.0218770575	-371636.4622387019	-387616.0811058823	-403909.2960156119	-420317.4609222003	-437035.64763151767	-453976.81523156795	-471266.11577155715	-488702.1510046701	-506406.1581714855	-524397.8752794357	-542568.9371149638	-561048.0134959362	-579610.854267215	-598644.6161744011	-617740.8409394803	-637259.4038348336	-656939.6895186106	-676818.0238579611	-697161.60545197	-717526.1750909575	-738131.1250708913	-759071.7982871099	-780268.4460076339	-801635.7684673491	-823282.7902620083	-845192.3610178625	-867347.3703723832	-889728.467592676	-912416.6457968263	-935268.1898579497	-958359.2869558021	-981752.2253715583	-1.0054279259351833e6	-1.0293668096872502e6	-1.053549718077371e6	-1.0779553869585334e6	-1.1025608877666288e6
-574.8790133972155	-4593.55478572198	-8586.670761778745	-12531.866668946464	-16406.790590245313	-20189.10297694528	-23856.48078974942	-27386.621809309436	-30757.249155784033	-33946.11606203767	-36931.01092776604	-39689.762705025234	-42200.24664474517	-44440.39042761078	-46388.18070930187	-48021.670086903156	-49318.98447929168	-50258.330884598545	-50818.00543093459	-50976.40155913533	-50712.01804532916	-50003.466342015876	-48829.47630044853	-47168.89854775043	-45000.700214708646	-42303.94735919989	-39057.75977737429	-35241.204789090676	-30833.04330477535	-25811.06989682834	-20150.11686561104	-13814.29898097775	-6711.1722923297675	0.	0.	0.	-14145.93226302559	-24193.849438839512	-33941.0895538657	-43734.74592977733	-53710.445593802644	-63843.51556884773	-74231.72415993294	-84839.65887784828	-95680.25073913689	-106748.39198223327	-118073.55228381381	-129624.03544563112	-141426.91669318848	-153468.03905300394	-165746.89049363672	-178287.0900703604	-191057.57008434975	-204083.86610795584	-217355.71863656695	-230896.5687478693	-244661.68846703827	-258613.36276107258	-272891.0420782401	-287411.86799928977	-302116.42966150446	-317124.3670353827	-332388.5991526491	-347814.8660749933	-363551.7873024065	-379556.8770049965	-395728.0622377678	-412258.5146610123	-428999.43020882964	-445907.3361716897	-463101.1820737162	-480601.1287564576	-498313.5929759541	-516296.2271654117	-534514.358491499	-552910.5371379385	-571668.8474134746	-590504.007632427	-609791.2121996947	-629193.0579627242	-648894.9345335802	-668857.9269001646	-688973.2355253265	-709350.3752126393	-730161.8004169558	-750974.8186383643	-772143.319632696	-793658.692903025	-815303.4917372363	-837210.78191195	-859363.6168122689	-881742.8133319172	-904327.3368947724	-927278.6351031513	-950368.3031226986	-973759.4151775454	-997433.0726218515	-1.0213698648619244e6	-1.0453051863028795e6	-1.0697226185624984e6	-1.0943768935990226e6
-591.5177662497516	-4726.820880810229	-8837.292563449131	-12901.209979353876	-16896.858868635616	-20802.5376658858	-24596.561753613434	-28257.267892125554	-31763.01886824943	-35092.20840491145	-38223.26637219346	-41134.664344304234	-43804.92152668021	-46212.611109881014	-48336.36705633584	-50154.89135335325	-51646.96173407739	-52791.43985320403	-53567.27986881058	-53953.53733122071	-53929.37819158957	-53474.08759841933	-52567.07789692922	-51187.89478864409	-49316.21974313638	-46931.865029915294	-44014.7540890431	-40544.871653239534	-36502.14739678319	-31866.179655270265	-26615.522935519395	-20725.55588190135	-14160.352834360048	-6827.016153647273	0.	0.	0.	-15011.451016664207	-25236.038678861445	-35209.214814307416	-45239.87938420899	-55456.05702247265	-65854.72377944877	-76475.57626255686	-87319.5000007816	-98401.41843966299	-109730.42388034839	-121281.71754285334	-133084.0444787795	-145135.15820765655	-157451.72209525507	-169965.64252800436	-182765.95696397783	-195744.280807182	-209033.59139268706	-222544.16451464838	-236302.7062488138	-250330.67663850405	-264539.84812197724	-279071.77111880475	-293794.59939724434	-308796.403835886	-324102.5457720976	-339513.2277740017	-355309.0834816097	-371240.1518978172	-387460.84869428544	-403995.6307764737	-420669.04350855737	-437606.3247250837	-454790.1753066026	-472322.68688891694	-490002.0270398634	-507949.65408353443	-526185.3757924443	-544600.4423877172	-563323.9615386201	-582316.0946285286	-601409.5943240927	-620920.7453073355	-640555.714053012	-660477.6778015342	-680703.7405894247	-701141.4399262052	-721762.6032666202	-742612.7802910468	-763833.4323544704	-785241.9718703902	-806854.905432994	-828747.8240428122	-850903.4690424013	-873304.6131811079	-896095.5410366039	-918923.3117188294	-942132.5189084879	-965521.748652715	-989193.3003876848	-1.0128629645736989e6	-1.0370487763786323e6	-1.0614786400688416e6	-1.0861311264057152e6
-608.0654219762519	-4859.348623006562	-9086.484070476808	-13268.347273602187	-17383.822547369822	-21411.80724613972	-25331.216132279835	-29120.985934206026	-32760.08012811631	-36227.49399345193	-39502.25998356848	-42563.45345371918	-45390.19879163103	-47961.67597500321	-50257.12761223347	-52255.866470573514	-53937.28352205277	-55280.856503807285	-56266.158970792676	-56872.86978111418	-57080.78289539274	-56869.817276059715	-56220.02651269991	-55111.60752302486	-53524.90718113921	-51440.42478670765	-48838.80642675942	-45700.823355045206	-42007.317613639585	-37739.076117652934	-32876.53379994392	-27399.014506857275	-21282.486561752245	-14491.186274094207	-6933.208972205721	0.	0.	0.	-15872.08665217191	-26287.802639477817	-36487.804889360064	-46770.315027858815	-57205.417825913384	-67851.20972189083	-78726.72557195189	-89810.23599360912	-101139.14863986358	-112704.02163927277	-124494.98907127007	-136573.8736324315	-148859.266303237	-161414.17929924992	-174168.96742169093	-187231.14522376805	-200469.33587546594	-213946.7173785655	-227717.12202714087	-241786.8441960943	-256003.1702627285	-270490.7072600596	-285229.97795934277	-300209.64402659365	-315528.45268501993	-330945.4156541193	-346696.76924723753	-362673.5199034904	-378878.9665834133	-395331.2133962718	-412103.06301577465	-429085.8695957717	-446236.02274292574	-463672.4621786112	-481462.7392128065	-499371.14030827174	-517597.37502033316	-536059.3459986285	-554775.2422120289	-573702.1401970461	-592771.1238435466	-612313.5232882306	-632016.4099368878	-651906.892665246	-672115.1219357679	-692475.3336603012	-713109.1596651787	-734155.1819177892	-755304.8511268208	-776627.3471086451	-798389.0812575753	-820279.6407080189	-842432.8653971709	-864831.7018546863	-887456.8372779309	-910389.0549617612	-933484.9631950496	-956820.5417101207	-980457.9847712802	-1.004378273421449e6	-1.0285618655692027e6	-1.0529896176276137e6	-1.0776402620975992e6
-624.5143631873074	-4991.077797117961	-9334.135848363623	-13633.126233424935	-17867.495719415758	-22016.70447528492	-26060.230567970153	-29977.57464968456	-33748.264882502015	-37351.86214622964	-40767.96557513043	-43976.21846824184	-46956.31461598235	-49688.005088303726	-52151.105511159054	-54325.50387642895	-56191.16890590199	-57728.15897193185	-58916.63158276149	-59736.85339177159	-60169.210659070326	-60194.22002611722	-59792.5393597692	-58944.97824847029	-57632.507434514446	-55836.26593097978	-53537.563567717654	-50717.874725581765	-47358.814848297465	-43442.08191470705	-38949.32192644535	-33861.81422059501	-28159.674263161512	-21819.528098535422	-14806.040167603966	-7029.903967585747	0.	0.	-2927.8101452690985	-16717.611015328348	-27331.02995093644	-37755.81708735248	-48271.69609773002	-58953.6374702077	-69847.39160554176	-80943.75770626702	-92294.86906562494	-103871.52077642018	-115670.74854162747	-127740.21020402154	-140026.8855471442	-152563.40329697606	-165362.25096754514	-178371.0290451638	-191667.31043827592	-205171.8716091971	-218928.75131595132	-232947.91996912876	-247228.55054509552	-261654.8308934456	-276444.940560373	-291448.14902030653	-306669.54417448834	-322142.4730402484	-337914.4298108748	-353812.6359391476	-370120.1444124716	-386581.1983617917	-403292.31968976057	-420248.3440944461	-437450.68551775307	-454876.7029741536	-472651.7828106869	-490573.9724952839	-508764.75866619765	-527243.9926009726	-545902.6893572401	-564870.2163154762	-584106.657345284	-603444.2008867556	-623200.1489138046	-643110.4085954531	-663246.4254420295	-683781.0701302062	-704400.6138088305	-725266.8092879539	-746509.7183666317	-767921.0058220939	-789482.5570791169	-811554.847873534	-833717.7494799984	-856070.1907941207	-878737.2716842035	-901565.9276686113	-924658.4174148607	-948095.1567367235	-971730.6055876631	-995648.663348293	-1.0198299717663603e6	-1.0439957940920632e6	-1.0686724302194014e6
-640.856388090487	-5121.943429836827	-9580.129143997092	-13995.379936365196	-18347.6715231715	-22616.99340868004	-26783.35351354089	-30826.783001963016	-34727.34135575684	-38465.121743152406	-42020.25672993465	-45372.924379731296	-48503.354789070865	-51391.837100226374	-54018.72703671035	-56364.45498648694	-58409.53467771401	-60134.57245698498	-61520.27717719514	-62547.47068378315	-63197.098852803814	-63450.24309061604	-63288.13213349809	-62692.153872201	-61643.86673990883	-60125.0098832712	-58117.510768139364	-55603.48781113093	-52565.24354096476	-48985.23942951186	-44846.0337384373	-40130.13980007676	-34819.69726045789	-28895.64789768617	-22335.367632900805	-15104.273586050858	-7117.355617634262	0.	0.	-4249.671321452371	-17550.494883862833	-28370.46267785902	-39027.28236353163	-49774.09410231945	-60699.548000135044	-71839.70565627325	-83192.85166608098	-94770.98689914298	-106589.49357508148	-118662.48957189388	-130942.59629160483	-143483.5976291453	-156282.1474791946	-169298.24392702745	-182614.66122924731	-196064.64670949	-209828.45749312226	-223906.64919539774	-238118.86572852003	-252631.00922240512	-267362.5525322951	-282344.2333721606	-297657.08029185043	-313091.995115434	-328866.70378845837	-344856.2098529228	-361071.97346957924	-377517.1494292444	-394209.68406141293	-411222.1703593354	-428446.2181323681	-445838.1389987957	-463516.6585136444	-481549.373607103	-499700.5402970003	-518169.8800764436	-536875.2382775856	-555834.8008520333	-575005.5330068644	-594523.2336484501	-614105.2339232968	-634052.6437427268	-654275.5765097393	-674640.754449665	-695245.65009506	-716323.2386952743	-737416.1528372607	-758845.0172467876	-780530.2105267446	-802386.3466932233	-824522.4624615536	-846921.4120712432	-869566.0502455164	-892436.9498908906	-915634.2299445273	-938957.0214839709	-962758.370073023	-986470.1344421774	-1.0105887174608215e6	-1.0350189172985227e6	-1.059693319885397e6
-657.0826727399756	-5251.875498587326	-9824.33539172964	-14354.926254053078	-18824.121575133926	-23212.409044576543	-27500.295321174162	-31668.311008871045	-35697.015889479495	-39567.004461955265	-43258.91183767872	-46753.42004051308	-50031.26475927066	-53073.242598422956	-55860.21886953644	-58373.13596681281	-60593.02234906014	-62501.002168862615	-64078.30555263188	-65306.27953060063	-66166.3995942119	-66640.28181973344	-66709.69544869807	-66356.5757384251	-65563.03677463217	-64311.38374037615	-62584.12380010828	-60363.9741635748	-57633.8647910552	-54376.931040394025	-50576.48706190389	-46215.96071640895	-41278.74646324015	-35747.867307443325	-29605.13725195814	-22828.796051078607	-15385.386480880177	-7195.908886308068	0.	0.	-5303.103916557092	-18382.440489048426	-29405.247513614126	-40298.375230927304	-51274.55405717509	-62446.21199385436	-73822.43631927736	-85429.039155041	-97253.92101178698	-109313.55817544047	-121626.48851457545	-134170.3965291227	-146957.85643123652	-159991.37510415036	-173268.7172676582	-186772.07758718953	-200553.74371537266	-214582.50766532173	-228844.85889920898	-243300.98466485678	-258067.76649254185	-273061.8654320654	-288301.68574244843	-303792.0468642674	-319584.566408799	-335500.7856952343	-351730.47851954773	-368183.69324609195	-384977.13010792964	-401848.36481006636	-419125.19564331166	-436568.7300094678	-454236.3982342495	-472253.4035369636	-490417.9873710822	-508851.4719196683	-527573.7257052463	-546550.7808029589	-565686.7778267738	-585167.0876919924	-604807.351764609	-624748.7513638271	-644945.0416686438	-665283.805781024	-686063.5320993473	-706927.7807228696	-728038.7931552534	-749527.1494097123	-771183.7028576075	-793187.3995982936	-815320.9519090648	-837717.2716145585	-860359.4022673271	-883228.110076358	-906302.2688095958	-929743.6837256482	-953323.3934243392	-977204.8935326322	-1.0013692695486587e6	-1.0257970575114968e6	-1.0504691656036596e6
-673.1837318075233	-5380.798626950586	-10066.615686665524	-14711.567184392854	-19296.595278472185	-23802.6567687924	-28210.728016608533	-32501.81007947681	-36656.93411319707	-40657.167092459786	-44483.61790149459	-48117.44384530315	-51539.857630899045	-54732.13486620664	-57675.62212166718	-60351.74559524011	-62742.02042114778	-64828.060640108735	-66591.5898656102	-68014.45264116176	-69078.62647675317	-69766.23452770668	-70059.55883705386	-69941.05400991351	-69393.36110564717	-68399.3214055648	-66941.98950735101	-65004.6448498028	-62570.800160265404	-59624.20418799431	-56148.83388838066	-52128.86667337223	-47548.61325704307	-42392.36736331144	-36644.064074360314	-30286.444681634406	-23298.7443645647	-15649.038282808277	-7265.985317639681	0.	0.	-6213.611390068856	-19205.582534481102	-30433.80419517307	-41546.73710781931	-52794.298906346565	-64206.994879289225	-75822.58992640395	-87666.99298838162	-99746.19752323296	-112052.00988877594	-124621.2890815833	-137392.03930915252	-150435.44533799996	-163700.86713490993	-177248.98776543923	-190990.1957187019	-205019.78031640028	-219250.704300364	-233746.32426636646	-248505.55375445238	-263516.0899350842	-278764.06645463425	-294284.2867592075	-309950.6989011727	-325957.30386651895	-342179.92845139914	-358614.27731606335	-375373.30031957524	-392363.4742326239	-409615.8366913021	-426977.3159685443	-444713.6849391607	-462633.7710787673	-480861.00639116485	-499301.79294222203	-518013.74233387137	-536962.0353285349	-556164.8273136553	-575579.0258431444	-595340.5542338555	-615166.3441051368	-635357.9218232714	-655825.2893057928	-676434.8244421167	-697498.8338215785	-718607.0744609444	-739944.7131756301	-761652.7480139424	-783549.227980341	-805650.4892102185	-828031.9569980849	-850676.4219344064	-873566.6619849935	-896847.0638007801	-920183.3652807358	-943863.6073102952	-967742.9453590894	-991904.9027153851	-1.0163442956020514e6	-1.0407410200500777e6
-689.149377986355	-5508.63176785458	-10306.820228783714	-15065.088126296298	-19764.819030913888	-24387.411630086266	-28914.284809936853	-33326.88296081558	-37606.68156052559	-41735.19308881893	-45693.97332626418	-49464.62808977085	-53028.82045579172	-56368.2785203586	-59464.80374244639	-62300.27991346899	-64856.68279002765	-67116.0904251258	-69060.69420856005	-70672.81064202059	-71934.89383199379	-72829.54867445558	-73339.5446767548	-73447.8303166082	-73137.54778139415	-72392.04784373606	-71194.90449635185	-69529.92875646186	-67381.18069790537	-64732.97814794564	-61569.899356455884	-57876.7747459861	-53638.658338971094	-48840.759522761415	-43468.29212821299	-37506.13563767783	-30938.019819862882	-23744.318473269763	-15895.060700914679	-7328.067130561661	0.	0.	-7046.3494440145605	-20019.126929886166	-31474.71400762197	-42817.07628691766	-54296.90821900918	-65931.80025933028	-77808.18119215472	-89903.9639107581	-102211.54563314495	-114768.68805323137	-127556.62348954438	-140632.84250991704	-153867.69359405266	-167427.0112389417	-181212.01447976156	-195204.71718179664	-209439.48046537314	-223991.46204612748	-238679.86369936593	-253713.0251905632	-268987.9851849032	-284443.13867242757	-300141.1188257062	-316180.54672079073	-332405.7830360047	-348795.35098513844	-365616.9380436687	-382525.64903422253	-399759.81357398554	-417213.7498645362	-434960.45819989964	-452869.26108667854	-471127.54906762985	-489534.0716672173	-508209.79384396673	-527174.5751053349	-546394.4896902866	-565773.6460726535	-585497.3856688199	-605381.2710610661	-625566.5526576033	-646006.9505694178	-666767.7482674281	-687614.2123683281	-708722.9406685486	-730266.4304999544	-751812.02493924	-773713.6016282344	-795962.7935038436	-818341.561635264	-840983.2569381278	-863870.8562402515	-886985.0371356249	-910406.5341930983	-933991.9590109778	-957817.2289715323	-981944.6124878138	-1.006355118988969e6	-1.0310291942788435e6
-704.9686801774486	-5635.287875963168	-10544.787741728798	-15415.257105277706	-20228.495345801086	-24966.31747366213	-29610.559386975787	-34143.08336108973	-38545.78382704954	-42800.59349319669	-46889.48986883224	-50794.502237060784	-54497.71913602302	-57981.29639482548	-61227.46577303569	-64218.54424720383	-66936.9439829353	-69365.18302367372	-71485.89672349759	-73281.84992445225	-74735.94989142293	-75831.25997199993	-76551.01393706887	-76878.63092562353	-76797.73086928221	-76292.15020937854	-75345.9576341424	-73943.46942099748	-72069.26376093585	-69708.19308575775	-66845.3928086508	-63466.283773610776	-59556.56356378356	-55102.17743787354	-50089.25010057057	-44503.93695605889	-38332.0951604689	-31558.506337493513	-24164.83003479476	-16123.464512793424	-7382.680491511921	0.	0.	-7824.415037717472	-20834.165243550353	-32488.01249190603	-44086.748849553216	-55780.28791214235	-67697.63599064093	-79808.45977033449	-92127.43933786526	-104706.92364767722	-117503.22657978637	-130563.43676998759	-143832.70041204375	-157385.00555936107	-171133.2201147611	-185131.201124177	-199384.2469925512	-213879.01294914295	-228692.06978874898	-243624.2281354195	-258869.11101186153	-274416.9685224478	-290116.6170307647	-306120.94166231406	-322314.1446261511	-338808.3813602655	-355567.30175005	-372510.6263373862	-389678.20976659877	-407155.48302291956	-424885.9880795435	-442862.660563624	-461023.7998737034	-479492.31751494313	-498174.89824383747	-517128.9617925814	-536319.7371514938	-555765.3215969539	-575422.6187059794	-595427.5032323	-615496.8538338923	-635988.8201418405	-656643.6769620869	-677497.3319133051	-698805.989122345	-720158.6880726222	-741740.8629330946	-763693.868556681	-785835.3047802846	-808181.5088087596	-830808.1243178102	-853770.2747360562	-877054.8028036345	-900359.9957913178	-923941.7098465291	-947867.8420981212	-971992.951655324	-996400.9143165635	-1.0210723855139202e6
-720.6299206516395	-5760.673571006028	-10780.344870471861	-15761.823958281417	-20687.301901648218	-25538.98595782812	-30299.1050203058	-34949.915307404146	-39473.706351277935	-43852.807344712746	-48069.59390232556	-52106.49529155284	-55946.002187096994	-59570.67500013608	-62963.15283042269	-66106.16308520187	-68982.53180343984	-71575.19471689398	-73867.20907009275	-75841.76621509077	-77482.2049674198	-78772.02571926088	-79694.90525867038	-80234.71222376383	-80375.52309512287	-80101.63856786759	-79397.60008821714	-78248.20624645191	-76638.52858182433	-74553.92614495326	-71980.05781935623	-68902.890812948	-65308.70266054943	-61184.07203330055	-56515.8495061975	-51291.09047248136	-45496.911517916276	-39120.1785373984	-32146.78591402057	-24559.82122494157	-16334.438401819727	-7430.379050237217	0.	0.	-8554.997478138193	-21634.292662959568	-33505.13413927204	-45341.77383773847	-57305.36620110006	-69426.31947817748	-81783.28712307077	-94370.53765638455	-107166.61505679936	-120242.45321115332	-133534.26283687566	-147040.90184555014	-160821.2000724223	-174870.04140430116	-189098.00707334018	-203627.71999702993	-218349.01179238578	-233355.615780574	-248590.6873016885	-264079.1569379761	-279806.8433718494	-295808.4508553513	-312062.76679737784	-328557.4739239981	-345269.0456050203	-362208.5548098535	-379378.8741462141	-396946.3106676453	-414538.4721239369	-432491.58144023025	-450775.29153098364	-469164.2431004511	-487922.2253834557	-506839.72443894116	-526046.540801154	-545433.8804482289	-565130.8210531301	-585097.5512758172	-605224.7476165798	-625653.5527952369	-646337.709079483	-667342.5473914513	-688433.1109372982	-709786.0936460263	-731574.3065374037	-753364.3449553847	-775510.7021341469	-798005.0644908085	-820628.8441445411	-843515.7054508814	-866648.5735619257	-890008.0528621759	-913675.150453035	-937505.9644936682	-961796.4344914564	-985997.8884704044	-1.0106062116693824e6
-736.1205514307759	-5884.688794157918	-11013.305562567924	-16104.51948649931	-21140.890535059636	-26104.99547749455	-30979.433535875472	-35746.83229017435	-40389.853895805376	-44891.20167297793	-49233.62712613724	-53399.93745026611	-57373.00357876018	-61135.768824827	-64671.2581647335	-67962.58820654909	-70992.97788209072	-73745.75989233155	-76204.39292730668	-78352.47466921574	-80173.75558105255	-81652.1534427006	-82771.7686165073	-83516.89996052785	-83872.06129403997	-83821.99828465308	-83351.70556941349	-82446.4438602804	-81091.75669317125	-79273.48634816124	-76977.78826696966	-74191.14296843075	-70900.36390787124	-67092.59872872889	-62755.31946111464	-57876.29341693328	-52443.51839412603	-46445.08713902391	-39868.89966338134	-32702.016487977	-24929.081494084174	-16528.341324447767	-7471.728632418969	0.	0.	-9253.011883717185	-22440.074495519526	-34543.30340482911	-46608.88524887357	-58795.97843903175	-71177.86680470945	-83770.29272028727	-96584.32042271947	-109665.34098356533	-122949.08424984686	-136491.68141052334	-150285.74246668906	-164291.16006417206	-178550.38303896852	-193085.2160783372	-207781.75766386537	-222798.49987646248	-238050.8659744555	-253559.6629330324	-269312.4365421786	-285247.0831612279	-301505.7387789034	-317948.0647641557	-334710.20109763363	-351661.646869289	-368838.3019551327	-386356.9737672041	-404099.23248950584	-422005.6735908563	-440199.7518160474	-458686.7448979415	-477345.23249608825	-496319.8562015635	-515515.5384523751	-534948.3437463329	-554636.2837018576	-574536.3115953443	-594784.0806437971	-615096.7631096083	-635801.6585061806	-656730.7394787119	-677828.2768633369	-699381.1374546599	-720978.0795304376	-742804.6021097928	-765002.2791609312	-787388.4409267243	-809979.4054889984	-832957.497847956	-856175.0049259564	-879576.0274928865	-903138.8822911261	-927036.4197163807	-951137.6757456248	-975508.3889618759	-1.0001621691577946e6
-751.4271501882869	-6007.226460003986	-11243.47043841082	-16443.054585618753	-21588.88619221078	-26663.89001774731	-31651.0141692508	-36533.23624248526	-41293.5697882698	-45915.07116508965	-50380.846837899284	-54674.061181149715	-58777.94484158067	-62675.80371306136	-66351.02857157409	-69787.10541313182	-72967.62653080953	-75876.30235857806	-78496.9741022206	-80813.62715824705	-82810.40531821697	-84471.62573573811	-85781.79459699336	-86725.62344616214	-87288.04605630456	-87454.23571916537	-87209.62278662041	-86539.91224280722	-85431.10102361468	-83869.49471321607	-81841.72312402353	-79334.75408052349	-76335.90443021255	-72832.84680195428	-68813.60973380276	-64266.56709981787	-59180.40939858229	-53544.08236306316	-47346.66238254106	-40577.09975860051	-33223.66201605423	-25272.654982617903	-16705.68821890926	-7507.293735736461	0.	0.	-9928.935553518586	-23225.114859354053	-35557.650553061976	-47855.161933790936	-60296.178249204975	-72919.89755069134	-85769.69915381119	-98846.77246294971	-112133.50177775974	-125679.5117460921	-139440.12139783255	-153484.69132556042	-167744.96224972582	-182237.0413374135	-197025.2567769862	-212008.27694572145	-227258.940140242	-242756.57460893726	-258476.963693963	-274502.40321544633	-290746.2786019401	-307166.71520101774	-323910.34463062324	-340907.43940115866	-358063.4116772244	-375545.65559397923	-393260.69770092	-411239.4427643652	-429431.62714352674	-447792.959132757	-466584.0430616485	-485469.8710275984	-504741.2637042647	-524189.6227924627	-543819.094205932	-563758.3027680931	-583967.5845129227	-604278.9112713602	-625009.7517767387	-645937.317198877	-667185.7839939919	-688520.2278063359	-710117.2396553955	-732149.7719938618	-754275.6601299573	-776575.0043754664	-799314.2125593148	-822182.7994370272	-845314.6171529524	-868692.5542324845	-892297.1572561478	-916247.4331381182	-940440.9253373521	-964822.1591388804	-989473.2077247428
-766.5353760336102	-6128.172107120266	-11470.626156705966	-16777.1193638999	-22030.885854915105	-27215.177961044235	-32313.2723449374	-37308.4764005121	-42184.134990922605	-46923.63758774903	-51510.42587283843	-55928.00186192944	-60159.936606187104	-64189.879523917865	-68001.56840986232	-71578.84016339942	-74905.6422693068	-77966.04505764988	-80744.25475172879	-83224.62731388335	-85391.68306685798	-87230.12206401443	-88724.84015965638	-89860.94569390174	-90623.776707692	-90998.91854546806	-90972.22168281558	-90529.81957538289	-89658.1462732492	-88343.95348644831	-86574.32670798326	-84336.69989062498	-81618.8680102799	-78408.99658964238	-74695.62682008707	-70467.67414638273	-65714.4167331749	-60425.46739028157	-54590.71665020996	-48200.22182500345	-41243.98726599377	-33711.51145665481	-25590.837995747857	-16867.13049345986	-7537.6262169908	0.	0.	-10585.986100913713	-24020.380341314078	-36574.04246909208	-49111.09151106736	-61782.365880658435	-74663.90229475858	-87760.05620600026	-101071.50867960593	-114621.73796003754	-128381.70737798647	-142448.70525396758	-156710.92401712722	-171216.9854185975	-185998.13984579066	-200958.90134674837	-216234.40301016867	-231711.73500918417	-247483.95118708973	-263447.8393892623	-279652.99103984603	-296133.83420155244	-312868.99564656377	-329845.93169233046	-347040.79904043843	-364464.4965598616	-382215.2840036589	-400174.0716704749	-418354.00651544123	-436828.12868838897	-455465.0911134704	-474453.1499611702	-493736.6668149273	-513173.47231288604	-532847.8551127737	-552702.1278740652	-572920.1045110939	-593410.286468251	-613966.0719322306	-634888.0217142862	-656086.4768556774	-677427.6592922452	-699224.2788185753	-721065.248834459	-743135.9307058054	-765577.9798267841	-788208.6364197598	-811145.0230056159	-834398.8908042522	-857773.8540681831	-881375.8576656365	-905183.7233003243	-929359.0662100884	-953673.1082529264	-978289.2572788659
-781.4299256170984	-6247.403550856653	-11694.54478234435	-17106.38225969539	-22466.45745854078	-27758.330872552462	-32965.58841253088	-38071.84809035479	-43060.76705441991	-47916.049041578786	-52621.45230843813	-57160.79810205205	-61517.9797264367	-65676.97225676753	-69621.84294744648	-73336.76237326147	-76806.0163343369	-80014.01854626897	-82945.32412222581	-85584.64384532541	-87916.85920678766	-89927.03817247998	-91600.45161642604	-92922.590342396	-93879.18257308003	-94456.21178585013	-94639.9347145864	-94416.89931722826	-93773.96246923783	-92698.30709525134	-91177.45839996518	-89199.29879173901	-86752.08100088971	-83824.43876057367	-80405.39420617012	-76484.3607952983	-72051.13992309775	-67095.90824790271	-61609.19049996963	-55581.808027704436	-49004.78389328342	-41869.165313077916	-34165.68546884922	-25884.166756411538	-17013.432749190124	-7563.256321215617	0.	0.	-11221.801383167482	-24811.299050301353	-37581.087887750415	-50376.673991059964	-63278.561176593765	-76412.75024544222	-89746.31456782109	-103318.1659080069	-117085.96411268415	-131129.847542091	-145384.10240671548	-159924.60799874482	-174651.0401520004	-189686.50822927462	-204952.18418625602	-220430.39218269015	-236166.74423513687	-252170.99994716977	-268335.522186367	-284853.66351782234	-301591.4179490188	-318514.3569525123	-335778.33634178055	-353193.15108718193	-370947.2268632222	-388857.940398446	-407086.4152142767	-425542.7687389859	-444246.60402202164	-463135.8051103778	-482402.87480130116	-501778.29087070114	-521431.42403183365	-541475.0496602529	-561656.0912173043	-582107.4853799596	-602661.6599011477	-623635.1496020274	-644805.7749275543	-666297.4580750337	-687875.5629754494	-709716.3786966848	-731992.8268693744	-754362.8797059641	-777057.4679063768	-799890.2377094424	-823003.4275128098	-846379.9920444344	-870002.7982520261	-893865.1070409296	-918047.8682315322	-942499.7194785724	-967113.3147966604
-796.0944900717049	-6364.790542535361	-11914.98316496591	-17430.489171484394	-22895.138820667573	-28292.782289696075	-33607.29637462148	-38822.59148705659	-43922.61901609932	-48891.37912227693	-53712.92902763789	-58371.391862697106	-62850.966126615924	-67135.93581161654	-71210.68123602703	-75059.69062235382	-78667.57244722066	-82019.06857872312	-85099.06874887638	-87892.62253135702	-90384.96024558283	-92561.5036525838	-94407.88545682293	-95909.96606765385	-97053.85132152375	-97825.9104606166	-98212.79420622799	-98201.45271161858	-97779.15315057673	-96933.49667688644	-95652.4344381164	-93924.28229263877	-91737.73382581757	-89081.87119388272	-85946.1732249523	-82320.52005144898	-78195.19328518999	-73560.87028459106	-68408.61021858902	-62729.8280438214	-56516.24946782869	-49759.83417208631	-42452.6445840974	-34586.63029500679	-26153.39644156722	-17145.44738470071	-7584.686011017171	0.	0.	-11850.187086959932	-25596.82396606573	-38601.576749561114	-51618.0071640262	-64786.966710273715	-78144.74659446793	-91729.1995608423	-105532.50467253308	-119561.37072179255	-133847.95448315376	-148368.47998663658	-163134.88899619255	-178152.78771063758	-193405.45050123107	-208898.29503506754	-224636.03971137427	-240601.3495292819	-256821.341717616	-273318.100462765	-289989.5963867776	-307012.4207445216	-324291.4563188171	-341715.6419061082	-359395.8470030892	-377379.2438946177	-395521.01066829613	-413985.7551633237	-432664.46021400596	-451675.1792740096	-470855.7869833049	-490279.3339273449	-509926.71626263665	-529864.5030609635	-550086.5248176705	-570573.9974529603	-591112.4512737192	-612104.7803016079	-633269.4768943544	-654710.8890929125	-676295.4791999899	-698335.4132140772	-720420.1959846936	-742734.848721158	-765420.9705542797	-788295.8912594434	-811589.7676936645	-834975.2411555351	-858594.9403206302	-882441.7765057774	-906494.5188189993	-930915.0188866553	-955474.1396201184
-810.5117133962949	-6480.19443997163	-12131.682337744078	-17749.062615181378	-23316.43660135527	-28817.926544049606	-34237.68264327357	-39559.89039299373	-44768.778302028506	-49848.62606254564	-54783.773231358085	-59558.6284850905	-64157.67950514714	-68565.50354209165	-72766.77870138621	-76746.29598317042	-80488.97209872468	-83979.86307082874	-87204.17861624843	-90147.2972850269	-92794.78231823164	-95132.39816239088	-97146.12755711307	-98822.18908800621	-100147.05507061713	-101107.46960918386	-101690.46663070783	-101883.38769353754	-101673.89931915063	-101050.00957229514	-100000.08360182376	-98512.85781332558	-96577.45232556392	-94183.38132959245	-91320.56093108864	-87979.31399722329	-84150.37143562318	-79824.86917051811	-74994.33979481699	-69650.69736694066	-63786.212922477585	-57393.47676690811	-50465.341579023065	-42994.840578053365	-34975.09934250403	-26399.473154680498	-17264.0886964337	-7602.384415000192	0.	0.	-12469.834768823699	-26390.947725623468	-39622.72239183525	-52868.866375705664	-66302.94715795877	-79887.38366813213	-93705.56100332967	-107767.98753433036	-122063.18871250449	-136590.4079168678	-151346.0111766084	-166376.02319188876	-181615.30373553254	-197109.59947470782	-212863.44650699428	-228861.83546703614	-245087.18578866572	-261518.3839349692	-278256.3866730012	-295260.4367984593	-312474.4581246597	-329931.8288768625	-347608.4481991319	-365634.16458865773	-383749.8666545412	-402193.5798903179	-420945.5261186963	-439819.8601177897	-459102.2213381352	-478514.0110684988	-498192.2350853521	-518117.8341622532	-538281.3505028796	-558700.8201237139	-579332.7971345587	-600314.0369440862	-621529.746270926	-642901.5219872599	-664500.1979583575	-686499.1164445772	-708583.5107698598	-731103.4711639291	-753717.4548435083	-776505.2140645612	-799733.1399412266	-823090.7283719346	-846711.8301253824	-870579.3056206127	-894686.4004910467	-919152.0056091483	-943811.1500859985
-824.663152981524	-6593.46789498465	-12344.36694730174	-18061.700925386707	-23729.825318196585	-29333.117646235813	-34855.98486442408	-40282.87108507665	-45598.265693976	-50786.71192945525	-55832.815990489406	-60721.25673486313	-65436.796022407725	-69964.28975091508	-74288.69962348342	-78395.10567548202	-82268.71957782518	-85894.8987165157	-89259.16103754738	-92347.20062165015	-95144.90393852744	-97638.3667057126	-99813.91125433668	-101658.10427905302	-103157.77482343969	-104300.03232515766	-105072.28452385997	-105462.25499368196	-105458.00006491583	-105047.92485506489	-104220.79811428986	-102965.76558912844	-101272.36158150587	-99130.51837899514	-96530.57322438971	-93463.2724835728	-89919.77265655996	-85891.6378461859	-81370.83324012178	-76349.71405643568	-70821.00923635956	-64777.79897321465	-58213.485227459074	-51121.756125100546	-43496.55549910289	-35332.12395369235	-26623.500917737612	-17370.3079010306	-7616.78512738785	0.	0.	-13067.193722406342	-27157.43847235569	-40647.61230181179	-54132.025939941326	-67775.00404919022	-81621.43820696004	-95696.3286434838	-109999.10486248239	-124511.41529036223	-139291.1476422765	-154330.74970657766	-169593.49744404943	-185063.92987028087	-200806.96723501667	-216793.3214327291	-233049.84392200768	-249525.4372302931	-266270.09537600185	-283262.87974133337	-300404.2641854013	-317879.4232867694	-335603.90542533866	-353520.1014257348	-371757.07842939725	-390249.14492574177	-408864.91128651093	-427910.29393324355	-446997.1916446691	-466514.77594650007	-486175.96893308446	-506128.67576030316	-526306.8564098221	-546741.803274	-567337.2744983864	-588278.8423154836	-609512.8882174871	-630919.9763490321	-652516.2483565669	-674431.7365864571	-696618.6761107343	-719042.9209810878	-741601.3561558198	-764531.2513434073	-787650.2054457803	-811075.1930938663	-834818.0546960951	-858682.2899219535	-882773.7840133575	-907071.268847206	-931736.7017607802
-838.5292430839803	-6704.454564392526	-12552.744727174819	-18367.97751935336	-24134.74644192011	-29837.66826740735	-35461.39085259854	-40990.60128315595	-46410.03442502281	-51704.481953757175	-56858.801928251545	-61857.92896944822	-66686.88509752434	-71330.79127244279	-75774.87967258466	-80004.50673426627	-84005.16696116634	-87762.50749697397	-91262.34343686535	-94490.67383376083	-97433.69833379307	-100077.8343522281	-102409.73467651459	-104416.30535760013	-106084.7237246712	-107402.45633269413	-108357.27662665819	-108937.28208838272	-109130.91059567145	-108926.95573366988	-108314.58076337291	-107283.33094877611	-105823.14395822767	-103924.35804500211	-101577.71773395306	-98774.37675641284	-95505.89800064084	-91764.25027349486	-87541.80170256857	-82831.30965141751	-77625.90709445704	-71919.08557319667	-65704.67536171188	-58976.825081009025	-51729.98847104062	-43958.94625476572	-35658.97562466279	-26826.705943270408	-17465.070214274	-7628.285049709614	0.	0.	-13668.490963359342	-27941.254281555674	-41642.26492418668	-55385.107023876786	-69271.77123048189	-83368.33918276023	-97672.79476818864	-112233.59422940416	-127030.07675456637	-142016.12348355478	-157261.13547431474	-172795.51141659665	-188559.26834053337	-204506.2236177586	-220752.43476069503	-237268.8688023589	-253968.62895306887	-270917.61694020306	-288164.7907050702	-305617.77270421933	-323292.6726655574	-341320.1385526515	-359481.9296618806	-377948.10422492016	-396729.75345848955	-415624.3011992135	-434822.1122377655	-454184.48163371405	-473898.88314568304	-493910.03523016226	-514075.6014926088	-534479.6396711115	-555140.0083012214	-576013.4901130373	-597236.0423998364	-618693.5417831608	-640277.2119006118	-662149.3744901799	-684390.8882135869	-706718.6358748209	-729294.0311328056	-752248.0698876033	-775371.121512332	-798842.919254658	-822444.7020144066	-846310.1313958134	-870422.0763382716	-894773.7721346754	-919484.1383847465
-852.0892621654607	-6812.988851871372	-12756.506028861731	-18667.440244730293	-24530.607601152693	-30330.84885415221	-36053.03768183969	-41682.08929553882	-47202.96947080174	-52600.70407038368	-57860.389125655696	-62967.20153605009	-67906.41043781232	-72663.38928342148	-77223.6286614065	-81572.74987280066	-85696.51926504487	-89580.86330684036	-93211.8843677548	-96575.8771457841	-99659.34566230392	-102449.02072011787	-104931.87769457823	-107095.15450193435	-108926.36956327192	-110413.33955752788	-111544.19673308068	-112307.40553344284	-112691.778256291	-112686.48948675556	-112281.08900497225	-111465.51289502249	-110230.0925692047	-108565.56145902161	-106463.0591336506	-103914.1326476957	-100910.73496259357	-97445.2203407155	-93510.33668058302	-89099.21485471957	-84205.35525186038	-78822.61197153959	-72945.1733597658	-66567.55688830192	-59684.57605817967	-52291.372947351636	-44383.48106590178	-35957.12241427171	-27010.400378925813	-17549.334779910034	-7637.244459450981	0.	0.	-14251.999552466259	-28726.452342529235	-42657.14042946379	-56625.793393120446	-70773.74934255586	-85104.63766193009	-99681.63729675463	-114449.74613726043	-129492.23742159324	-144770.04004850413	-160241.75174928113	-175977.12784228232	-192004.2770301218	-208272.549380701	-224720.85256202536	-241492.33478941384	-258408.76416040247	-275630.14116255625	-293074.43413494556	-310773.80252526817	-328815.1654777177	-346971.9930818015	-365479.12568375305	-384077.47418667504	-403012.79196766875	-422264.8903729843	-441755.5057966806	-461370.0302404153	-481306.91142029956	-501466.2078189595	-521857.3052117329	-542621.0269937568	-563532.445328769	-584715.1009868479	-606154.486440509	-627706.7560432601	-649678.3918511106	-671836.4314514576	-694147.9775454773	-716933.4238235264	-739735.4530097045	-762908.8221941049	-786271.5789787298	-809839.7630284005	-833927.331425924	-858035.9028721572	-882371.8801883919	-906913.9733849684
-865.3213051332291	-6918.895688996292	-12955.323426218838	-18959.610834580002	-24916.78192800161	-30811.886917191394	-36630.01098257951	-42356.28340145542	-47975.887107135204	-53474.068752714986	-58836.1493453733	-64047.53550913612	-69093.73142437337	-73960.35148092188	-78633.13366850388	-83097.95371294317	-87340.83994933307	-91347.98890565525	-95105.78154405284	-98600.80009461733	-101819.84537916745	-104749.95450756542	-107378.41879787325	-109692.80174717204	-111680.95685447332	-113331.04507360251	-114631.55165299698	-115571.3021011858	-116139.47701056128	-116325.62544545585	-116119.6766341364	-115511.94967677041	-114493.1610239194	-113054.42948314508	-111187.27856696298	-108883.6360229258	-106135.83044812804	-102936.58495496548	-99279.00793614154	-95156.58108134526	-90563.14494377335	-85492.88258310135	-79940.30221896371	-73900.22064990965	-67367.75103312258	-60338.30317239487	-52807.61693361791	-44771.88789389287	-36228.18244213207	-27175.947448822066	-17624.03790051596	-7643.988009037621	0.	0.	-14833.120582257267	-29490.497776017943	-43657.598989029866	-57871.82855664033	-72273.65111052108	-86861.72100441935	-101659.72139100598	-116678.20402364786	-131980.57692077363	-147502.19212761262	-163218.43615819767	-179231.04756734564	-195457.63763126585	-211913.7739935932	-228709.04635657926	-245648.84225294442	-262901.8350225559	-280377.8148756107	-298085.3627979235	-316043.26376590756	-334192.90690437006	-352642.4978853307	-371360.76808852586	-390335.4067284225	-409564.01947619533	-428964.8544540524	-448698.62750813575	-468540.8390643147	-488754.14604608173	-509128.9543307688	-529795.085565343	-550774.3421830642	-571964.2831170899	-593427.6762679423	-614957.6011185505	-636911.2987134747	-659067.1837203826	-681487.7197537629	-704121.7540114035	-726940.4599248478	-750137.6123374655	-773504.2306955003	-797219.575649682	-821065.3484401896	-845174.8958557069	-869531.1104049953	-894127.2219718194
-878.2022616397458	-7021.990364761291	-13148.851410760259	-19243.984495718567	-25292.6075793189	-31279.96653795623	-37191.344498249826	-43012.071534518436	-48727.53480894014	-54323.1892268988	-59784.5686723008	-65097.29787829923	-70247.10497776167	-75219.8347648471	-80001.46268412367	-84578.10954670899	-88936.05695394524	-93061.76338792671	-96941.88090765354	-100563.272357673	-103913.02898586642	-106978.48832177573	-109747.25215585498	-112207.204426762	-114346.52880184351	-116153.7257140042	-117617.62859993942	-118727.41907103948	-119472.64073932105	-119843.21142572003	-119829.4334642114	-119422.001863281	-118612.01007386298	-117390.95317196676	-115750.72828220567	-113683.63214298779	-111182.3557545522	-108239.97613101413	-104849.94525781977	-101006.07645748419	-96702.5284984086	-91933.78797128053	-86694.65076394052	-80980.2040208431	-74785.81108823438	-68107.10439971852	-60939.9971597622	-53280.74034105456	-45126.098201267996	-36473.87722929801	-27324.72951405445	-17690.079718862788	-7648.806391784011	0.	0.	-15411.034599849578	-30270.94543309958	-44676.849483077305	-59130.46659773589	-73759.87544165243	-88587.9648682495	-103625.8030737194	-118908.06453101337	-134449.36651786073	-150180.2879440212	-166229.0941805627	-182438.5227868745	-198928.60963777723	-215632.3041451332	-232659.13543590772	-249887.82581043674	-267311.34360311396	-285024.7155367061	-302996.1044780432	-321215.4464761563	-339633.56740559713	-358321.6299454419	-377310.2911273025	-396500.2336336351	-415952.5569018753	-435634.8947652565	-455482.396646979	-475751.4857411198	-496181.16146941495	-516834.03494546696	-537725.8493768591	-558874.51826137	-580318.8663441535	-601948.6781142262	-623896.1500149554	-646041.7672546883	-668509.5637947229	-691064.0403820911	-714091.7045118302	-737137.1392826684	-760519.7080060517	-784160.0118582034	-807972.0451178524	-832052.7822847691	-856611.730475269	-881236.0650308623
-890.7078017272158	-7122.078413878588	-13336.726197264872	-19520.029659040323	-25657.387471791444	-31734.228140943018	-37736.01995959345	-43648.281335529464	-49456.5915694705	-55146.602156314446	-60704.04867218688	-66114.76329932039	-71364.68802810242	-76439.88856094076	-81326.56892584948	-86011.0867888528	-90479.96943349327	-94719.93035258692	-98717.88637645244	-102460.97522611928	-105936.57336931293	-109132.31401879122	-112036.10508613761	-114636.1468875157	-116920.94936845878	-118879.34859813882	-120500.52226832462	-121774.00392280323	-122689.69564001585	-123237.87889504935	-123409.22334590559	-123194.79328982678	-122586.05159905624	-121574.86094824343	-120153.48221990936	-118314.57000600192	-116051.16521102258	-113356.68481335316	-110224.90893153226	-106649.96543236039	-102626.31243151314	-98148.71918854935	-93212.24612290245	-87812.22505142828	-81944.24143742575	-75604.1218282054	-68787.93268245294	-61492.003946040924	-53713.0093361021	-45448.1894950188	-36695.98725218236	-27458.12011173821	-17748.31425435858	-7651.958451726369	0.	0.	-15971.617428754853	-31043.029515961607	-45677.69596202104	-60372.309078945174	-75255.14377194105	-90334.28798411482	-105613.59568955938	-121150.54972246064	-136911.97489871894	-152896.32792011029	-169164.3059994449	-185642.60892198878	-202401.1622093956	-219352.3736638334	-236574.6302761075	-254053.83020722473	-271814.85494866717	-289687.74799527664	-307956.21351326344	-326386.6460178027	-345131.433687661	-363999.5314664718	-383198.10660035996	-402607.83798658545	-422351.29596702417	-442326.3824734109	-462426.03285878	-482905.37700795045	-503631.3340592812	-524536.7102707484	-545624.8766704209	-567024.548813255	-588696.0608124366	-610660.9746440619	-632799.5767853146	-655215.8516893816	-677776.0223975428	-700792.8651793746	-723854.6665629939	-747294.599273821	-770904.54161394	-794863.1091261988	-818952.667649206	-843306.1235050041	-867906.4078207418
-902.8123702292194	-7218.955575166204	-13518.565660942984	-19787.187923108206	-26010.38927227661	-32173.768583531062	-38262.96733875381	-44263.68064720916	-50161.66872304049	-55942.768889892235	-61592.90817252044	-67098.11652292561	-72444.5407141415	-77618.45891830117	-82606.29596696616	-87394.6392710012	-91970.25535464172	-96320.10693404953	-100431.37044493011	-104291.45389668038	-107888.01490684864	-111208.9787326959	-114242.55610853387	-116977.26065831516	-119401.92563838167	-121505.7197522341	-123278.16176416884	-124709.13363582174	-125788.89191193588	-126508.07709208116	-126857.72074293146	-126829.25013956724	-126414.4902400995	-125605.66287610622	-124395.38305722651	-122776.65237408027	-120742.84952419085	-118287.71808021815	-115405.35167503424	-112090.17700527376	-108336.93407560643	-104140.65697627234	-99496.65114591067	-94400.47270290538	-88847.90835761109	-82834.95898046931	-76357.8304667924	-69412.9392235502	-61996.947914061304	-54106.86838572434	-45740.32971454593	-36896.31154618942	-27577.460572539683	-17799.542523671946	-7653.6735559637955	0.	0.	-16537.592788728944	-31810.009712724586	-46681.82482132852	-61644.86929316686	-76733.88077761148	-92063.36227104499	-107593.16360586298	-123394.23363006552	-139373.91083982235	-155646.5253441102	-172151.0526316069	-188879.1444632123	-205830.93387753944	-223052.83523819267	-240533.32560448782	-258255.31520987715	-276239.8632565131	-294472.66659138526	-312886.1494518623	-331546.6959455212	-350560.3404649369	-369758.295840208	-389116.66108434973	-408795.84347789275	-428809.2635575522	-449027.43264513154	-469354.7276670377	-490054.02208126686	-510915.2473520307	-532222.9163456848	-553535.7649295365	-575214.0758564236	-597166.483201089	-619354.742829431	-641685.0769908419	-664273.8223651372	-687248.3215183533	-710308.955766081	-733806.4149745079	-757398.1209508427	-781315.5040840645	-805371.2042889895	-829708.1334930361	-854381.6072381255
-914.4891914665751	-7312.40783232205	-13693.969429226867	-20044.87422484279	-26350.845687980483	-32597.641618593985	-38771.06554911759	-44856.978527357634	-50841.31135805806	-56710.07737113138	-62449.385772104506	-68045.45561667524	-73484.63043494875	-78753.39351252133	-83838.38381501063	-88726.41252003817	-93404.48009627638	-97859.7938432937	-102079.78577901187	-106052.13073419272	-109764.7644857242	-113205.90173775725	-116364.05372464974	-119228.0452073873	-121787.03059849668	-124030.50894957763	-125948.33752623246	-127530.74369654174	-128768.33486733666	-129652.10621971119	-130173.44602044686	-130324.13831882722	-130096.36288654686	-129482.69228722752	-128476.08605158633	-127069.88195871259	-125257.78451579716	-123033.85077170843	-120392.47369466281	-117328.36339641032	-113836.52657438433	-109912.24463153194	-105551.05105073961	-100748.70876977676	-95501.18857612528	-89804.65002549662	-83655.42730976279	-77050.02436785742	-69985.12756600587	-62457.6536345302	-54464.8742691965	-46004.725922631944	-37076.63260131161	-27684.041408976424	-17844.508365256403	-7654.154087574194	0.	0.	-17097.802103895694	-32580.455904113714	-47691.48452102413	-62884.55365311537	-78246.92759581599	-93785.78782003974	-109600.25808673516	-125613.75434324089	-141866.96501469004	-158380.32004786978	-175121.65195867594	-192088.51867804708	-209304.18410783983	-226800.75825308662	-244542.54921695098	-262509.39438384084	-280702.7014099947	-299130.372112328	-317810.78180938115	-336777.8332948956	-355997.66553073685	-375407.7713744567	-395055.1446369489	-415071.4494894191	-435237.1501241581	-455617.87205379974	-476323.1557728315	-497238.7088019917	-518378.0637332028	-539756.9003687358	-561517.1020238514	-583428.6772875102	-605503.0115178874	-627880.7563185053	-650583.7203068839	-673473.7380467285	-696743.3089478773	-720036.6510469877	-743719.0306964554	-767572.054267474	-791576.6732313838	-816106.6596413358	-840703.8143436078
-925.710285888931	-7402.211550287886	-13862.5191528984	-20292.477273449636	-26677.955103908167	-33004.85878842598	-39259.143660374495	-45426.82686035876	-51494.00041040363	-57446.84480699318	-63271.6431869892	-68954.79609521598	-74482.8368759286	-79842.44768122057	-85020.47607091148	-90003.95215315887	-94780.10618903121	-99336.38655711894	-103660.47794646594	-107740.31961837554	-111564.12355079524	-115120.3922539137	-118397.9360230735	-121385.88937861966	-124073.72639432343	-126451.27484370663	-128508.72829865367	-130236.65689112934	-131626.01551064517	-132668.14979337982	-133354.79951110078	-133678.09923043643	-133630.57613117504	-133205.14493180212	-132395.09990802882	-131194.10408556767	-129596.17571518775	-127595.67222924944	-125187.27191751951	-122365.9536482479	-119126.97500321873	-115465.84927477894	-111378.3218521258	-106860.3466362052	-101908.06329460019	-96517.77645981232	-90685.93850629554	-84409.13856597363	-77684.10252102063	-70507.71318446995	-62877.07018874162	-54789.63500207343	-46243.5790471395	-37238.68721565329	-27779.088339664147	-17883.896535024232	-7653.577952255195	0.	0.	-17656.774758385847	-33359.12174493133	-48708.93141218947	-64110.84478334079	-79726.58374660445	-95537.5219831704	-111579.80833230542	-127854.948440706	-144347.88669347187	-161071.64728084175	-178085.63653075893	-195305.88536159915	-212795.74207746334	-230457.63284126073	-248454.4736261075	-266679.76680971717	-285110.2415461412	-303826.32515000826	-322743.32359085296	-341973.5788757238	-361433.6129869814	-381111.7638947889	-401002.58786333964	-421204.72856568836	-441686.30862373987	-462270.2291937854	-483234.60259160004	-504446.43864232925	-525838.2883142147	-547488.5274789486	-569461.7689215507	-591460.133354446	-613913.8861855806	-636598.0041042457	-659485.1078925859	-682700.8209538911	-706004.0576439748	-729767.3106750521	-753486.4375409209	-777738.0556561255	-802037.2405416558	-826617.6830804154
-936.446500429365	-7488.133721321558	-14023.778982929538	-20529.36028603623	-26990.88261783513	-33394.390811639096	-39725.98270095337	-45971.822649378024	-52118.15552768799	-58151.32119681595	-64057.769541037975	-69824.0760723656	-75436.9581269477	-80883.29161242367	-86150.12828994582	-91224.71350960924	-96094.5043096235	-100747.18775622078	-105170.6993735756	-109353.24148549093	-113283.30126468663	-116949.66826222416	-120341.45116998765	-123448.09355427018	-126259.38828939178	-128765.49041836748	-130956.92817073547	-132824.6118864217	-134359.84060678142	-135554.3061343061	-136400.0943927405	-136889.6839680422	-137015.941760869	-136772.1157364606	-136151.8248234511	-135149.04605335052	-133758.09912724534	-131973.62861848026	-129790.58410370322	-127204.1985424777	-124209.9653015935	-120803.61424903538	-116981.08757980345	-112738.51473614578	-108072.19067828776	-102978.55236124051	-97454.16055227912	-91495.68512566733	-85099.89787861987	-78263.67781711924	-70984.03889992883	-63258.201388281064	-55083.755785938614	-46459.045704722055	-37384.14347077816	-27863.752578919288	-17918.332632331378	-7652.101021633104	0.	0.	-18204.392951739937	-34125.12663000392	-49701.67070445649	-65357.16566137875	-81224.93815250094	-97270.0225476759	-113570.78814784379	-130082.3250817832	-146824.98376826916	-163839.8126489052	-181077.58472775042	-198540.47411304107	-216251.3399320709	-234210.911771745	-252426.56065565717	-270849.31139138894	-289533.74107835174	-308522.0559754756	-327674.67247120204	-347144.00797839084	-366857.24928266054	-386788.17491063086	-406948.27959698805	-427426.564271761	-447974.75496930466	-468956.4417550783	-490140.68048360536	-511487.5548247903	-533281.840367675	-555157.378114992	-577247.3686394566	-599688.0041554756	-622364.9475923856	-645240.9834934558	-668439.8911736339	-691726.128586694	-715486.4133765054	-739264.6176363665	-763414.7409611007	-787754.9112534022	-812527.3244164146
-946.667554410952	-7569.932335457164	-14177.296280405395	-20754.86206469326	-27288.76152455027	-33765.16952617791	-40170.31812227831	-46490.5110734949	-52712.138800897876	-58821.69382146746	-64805.786701645724	-70651.16254453165	-76344.71800433833	-81873.51879754025	-87224.81765404061	-92386.07262409666	-97344.96562834748	-102089.42110918138	-106607.62461408802	-110888.04111423736	-114919.43283762962	-118690.87637523835	-122191.7788024054	-125411.89254721513	-128341.32873365657	-130970.56873085891	-133290.47365160825	-135292.2915613309	-136967.6621922226	-138308.6189843485	-139307.58832937817	-139957.38593468437	-140251.21028374028	-140182.6332255	-139745.58778377486	-138934.35334284033	-137743.53840149412	-136168.06117507556	-134203.12833624188	-131844.21225577232	-129087.02711721156	-125927.50433958629	-122361.76775551937	-118386.10923834328	-113996.96398100731	-109190.89015133836	-103964.54698640523	-98314.6792690397	-92238.10590993494	-85731.71698828852	-78792.48450414209	-71417.49751411853	-63604.04423596467	-55349.7932521981	-46653.207492854075	-37514.58359677487	-27939.10487349538	-17948.38443867579	-7649.8594605417375	0.	0.	-18760.848588418274	-34872.89409266875	-50718.43550559871	-66621.81647745217	-82719.27220686396	-99008.04856983495	-115540.04788361173	-132294.02917395273	-149274.84021098373	-166543.3186379273	-183976.32283988778	-201741.37284908997	-219730.71707509918	-237914.8664663116	-256361.1202743117	-275083.3591277029	-294057.13476901676	-313212.0717525084	-332680.7251696795	-352332.7554592461	-372274.9736686554	-392484.25431490556	-412880.32124191365	-433628.87831422064	-454444.0646363874	-475669.5394511071	-497082.677228341	-518707.6878563959	-540693.7014782511	-562820.1257124125	-585219.2400041238	-607912.5253196995	-630780.7466870775	-653927.3264431937	-677218.641429064	-700967.1525527906	-724761.227324705	-748934.1282798826	-773277.4121850369	-797970.1538756477
-956.3421029248992	-7647.356890664753	-14322.60258802181	-20968.29845630917	-27570.695302817025	-34116.0904532682	-40590.842999361186	-46981.38939331459	-53274.259448535435	-59456.092789758826	-65513.6557773633	-71433.85890922007	-77203.77467963057	-82810.65584898205	-88241.95405014092	-93485.33862887432	-98528.7155864103	-103360.24646342282	-107968.3669772259	-112341.80519850855	-116469.59903237243	-120341.11275055901	-123946.05231005693	-127274.4791877239	-130316.82246246359	-133063.8888863561	-135506.87070431732	-137637.35100882844	-139447.30644929674	-140929.10716109432	-142075.51382490035	-142879.67181824474	-143335.10248568415	-143435.6916034884	-143175.67517767122	-142549.62276704214	-141552.41858112311	-140179.24062809805	-138425.53826205982	-136287.0084745517	-133759.57132938987	-130839.34493510891	-127522.62039380155	-123805.83716337178	-119685.5593113874	-115158.45318913496	-110221.26715442161	-104870.81415822676	-99103.95836044867	-92917.60760461252	-86308.71487364719	-79274.29445728236	-71811.46410341348	-63917.53700379292	-55590.218502118085	-46828.047610818976	-37631.49221496621	-28006.132696569064	-17974.56429429826	-7646.9719048410125	0.	0.	-19308.870380769604	-35650.80678122381	-51726.22792170411	-67866.68659794124	-84206.98346995909	-100738.20799747633	-117519.58500363279	-134531.95170451546	-151771.65063084854	-169248.01720419028	-186957.14965558806	-204969.0832187928	-223137.6136920841	-241667.75449620603	-260341.52891749016	-279276.9075615505	-298496.51400366076	-317896.5836561162	-337585.69953267596	-357529.76058950945	-377724.0077311749	-398189.08495778206	-418848.728332226	-439681.51415576966	-460902.61924535007	-482350.8918144046	-504047.557676166	-525925.0601837732	-548061.5948920159	-570521.8617405526	-593094.2584359634	-615949.1303048107	-639155.5524682527	-662497.6446336305	-686202.9190898219	-709995.2384940495	-734224.935306445	-758549.4193539941	-783200.2086215573
-965.4378196213739	-7720.149058178658	-14459.21489187558	-21168.96423656134	-27835.760158447996	-34446.01604662062	-40986.21204208219	-47442.91178755572	-53802.77954809922	-60052.597735229014	-66179.28484688286	-72169.91381244929	-78011.73070659455	-83692.17376868225	-89198.89263185638	-94519.76765015362	-99642.92915516174	-104556.7764798804	-109249.99653373542	-113711.58170345552	-117930.84683180989	-121897.44501342507	-125601.38193986165	-129033.02852642143	-132183.1315614139	-135042.82213514682	-137603.62163088904	-139857.44509316262	-141796.60182976202	-143413.7931494016	-144702.10719267733	-145655.01086700836	-146266.33895165738	-146530.2805039828	-146441.3627443202	-145994.4326519457	-145184.63655553918	-144007.39801748394	-142458.39437957932	-140533.53232222953	-138228.92282561754	-135540.85592911197	-132465.7756724915	-129000.25563205802	-125140.97545125888	-120884.6987989234	-116228.253235333	-111168.51256894834	-105702.38248390262	-99826.79059120471	-93538.68276334161	-86835.02898082898	-79712.84467047203	-72169.23933586525	-64201.51743815246	-55807.3888168269	-46985.43428391941	-37736.24927578303	-28065.739996901822	-17997.33219061367	-7643.541471118562	0.	0.	-19847.638841964625	-36410.55272146893	-52705.261115650406	-69116.22736783397	-85693.99737485075	-102493.31878128566	-119495.85800909135	-136755.75076114532	-154264.11324108968	-171968.92031340688	-189951.26949798616	-208204.9012018134	-226648.03095731084	-245342.48418155767	-264266.8459388853	-283519.4577699062	-302927.5534904595	-322588.8191635693	-342541.04020879476	-362725.1826916682	-383129.13659358193	-403892.0290634393	-424765.0021685849	-445890.0368784663	-467345.9813282366	-489014.12125313515	-510845.8767492696	-533125.6056759127	-555487.4045766323	-578064.1614667427	-600992.2391317188	-624157.1504278799	-647521.4763786163	-671209.3778617462	-694984.2994880211	-719234.6934499487	-743649.2635046976	-768235.0622212486
-973.9215008481939	-7788.0435184018825	-14586.637202078904	-21356.135459086636	-28083.00817600731	-34753.77968965202	-41355.046488477325	-47873.495198748045	-54295.920894120114	-60609.245748436704	-66800.53802956028	-72857.03140737266	-78766.14452214098	-84515.50073085508	-90092.94791960264	-95486.57824038556	-100684.74760194171	-105676.09471715243	-110449.55948559563	-114994.4004698831	-119300.21120972709	-123356.93510918994	-127154.87863139423	-130684.72254150177	-133937.53095371736	-136904.75796150017	-139578.2516617886	-141950.25542333417	-144013.406295171	-145760.730502965	-147185.63603414604	-148281.90237497434	-149043.66751046246	-149465.41236328945	-149541.94289099055	-149268.37010957528	-148640.08834781282	-147652.75207404894	-146302.25163625422	-144584.68830680678	-142496.34899022823	-140033.6809718423	-137193.2670778589	-133971.80159153443	-130366.06728959651	-126372.91394247426	-121989.23865233969	-117211.96845124128	-112038.04569071972	-106464.41696502776	-100488.02670649806	-94105.81733840732	-87314.73930897519	-80111.77720741797	-72494.00422664052	-64458.69089526751	-56003.52744544488	-47127.11021589697	-37830.12693184419	-28118.74893116483	-18017.099311956157	-7639.657590595784	0.	0.	-20379.509153116254	-37176.09037348253	-53725.40240555703	-70364.37803126748	-87192.02719562621	-104222.88431414252	-121495.28482892991	-138993.20013080596	-156727.59709160414	-174667.80765720058	-192950.3805317942	-211372.3594038092	-230067.17178188803	-249016.355037768	-268198.96504197834	-287702.7699538361	-307355.297314497	-327279.6776922313	-347470.8362818829	-367908.0685264594	-388564.72362106893	-409581.291881231	-430676.35431526776	-452107.8176119584	-473760.31644180487	-495713.06674839684	-517822.9073151686	-540173.5262131771	-562906.9939583119	-585792.9154375539	-608973.6355019462	-632329.6766762625	-655964.5893323984	-679783.0909321106	-703982.3241126889	-728265.4333456489	-752928.3000070376
-981.7591930127625	-7850.768982299022	-14704.36247972833	-21529.072309194136	-28311.471129192432	-35038.19049996865	-41695.939946652434	-48271.52625986847	-54751.87305855269	-61124.04061943803	-67375.24595429699	-73492.88309002687	-79464.54347865056	-85278.03643500814	-90921.40947018421	-96382.96835951619	-101651.29675641915	-106715.2751383785	-111564.09885046126	-116187.29499573726	-120574.737912155	-124716.66297264061	-128603.67845025491	-132226.77520340963	-135577.33395846476	-138647.1299965028	-141428.33508960283	-143913.51657641595	-146095.63351727749	-147968.0299233635	-149524.42511126195	-150758.9012890653	-151665.88854019236	-152240.1474130083	-152476.74938024042	-152371.0554628788	-151918.6933472894	-151115.53334371126	-149957.6635543868	-148441.36460057096	-146563.08429152664	-144319.41256941605	-141707.05707006535	-138722.81962083784	-135363.5739623609	-131626.2449952877	-127507.78983027747	-123005.18095134203	-118115.39185604577	-112835.38565462054	-107162.10733588932	-101092.48082768268	-94623.41276324354	-87751.80636509012	-80474.5918447337	-72788.78598928581	-64691.60769218971	-56180.71057572165	-47254.6871654652	-37914.289580525525	-28165.903064115602	-18034.23181364141	-7635.39766744015	0.	0.	-20925.953979608174	-37947.41974344693	-54726.391894448076	-71610.42451657882	-88671.38039343155	-105962.66217116063	-123476.33180706069	-141196.1000524555	-159192.1220788027	-177433.6213910788	-195862.31035016043	-214616.37206792113	-233542.47636075708	-252750.27088632432	-272224.8309981249	-291893.23757814773	-311856.92113370716	-332044.92148551205	-352418.7950220505	-373124.4630339123	-394019.88678933115	-415244.21564873634	-436620.609745253	-458323.203012751	-480185.32454090816	-502382.578450381	-524797.0258794549	-547419.0647622112	-570365.4546033283	-593532.0150660893	-616766.7070022082	-640468.6821303875	-664291.2358723081	-688485.3810587208	-712778.008266319	-737485.9062259083
-988.9163449230151	-7908.049412218601	-14811.874935863745	-21687.02249853775	-28520.16499576885	-35298.03899472044	-42007.465244580046	-48635.36936439384	-55168.802716340164	-61594.96345101479	-67901.21768681727	-74075.12075860437	-80104.43844217119	-85977.16803170062	-91681.55911808854	-97206.13388822076	-102539.70673865393	-107671.40297909408	-112590.67637631175	-117287.32528759917	-121751.50712099818	-125973.75086689887	-129944.96745632651	-133656.45772169234	-137099.91776455173	-140267.44157114538	-143151.52076112138	-145745.04140266543	-148041.27788225756	-150033.88387247108	-151716.88049784914	-153084.64185406256	-154131.8780849253	-154853.61627303972	-155245.1794296533	-155302.16391071765	-155020.4156003425	-154396.00521938936	-153425.20311859465	-152104.4539184305	-150430.35132276407	-148399.61345316574	-146009.058989446	-143255.5843988966	-140136.14251157813	-136647.7226608398	-132787.33262234853	-128551.98256388716	-123938.67125529327	-118944.37484910975	-113566.038672294	-107800.57271067891	-101644.8519097036	-95095.72323187716	-88150.02296501267	-80804.61085603523	-73056.43409530805	-64902.648624672	-56340.86043059945	-47369.6447094923	-37989.796354741076	-28207.871591882904	-18049.054671897615	-7630.8285671118165	0.	0.	-21453.3516105395	-38698.60701062199	-55720.11558798472	-72857.42652986912	-90167.84035905071	-107702.99894402611	-125444.51135591674	-143433.84627385705	-161681.42015966598	-180155.0582007422	-198861.10780740817	-217809.98277999813	-237047.86960143043	-256446.34646752971	-276171.5041552201	-296082.4578837351	-316300.66930630646	-336709.07872145623	-357374.8296285434	-378292.86806142563	-399483.641509638	-420893.6856292964	-442585.871871907	-464523.3463856958	-486665.61826738564	-508990.21312521957	-531599.940451325	-554601.5440743144	-577664.4543385025	-601079.1881301309	-624731.3513362998	-648651.1922570091	-672759.5936807215	-697237.4027614166	-721762.6032666202
-995.3579866734592	-7959.605454554317	-14908.65272511386	-21829.225232697794	-28708.09521676804	-35532.10366237451	-42288.18233685215	-48963.375929718015	-55544.86428405046	-62019.984685384174	-68376.25414898191	-74601.39161901803	-80683.33996462455	-86610.28762893226	-92370.68975930553	-97953.28862112283	-103347.13307507295	-108541.59687886336	-113526.39556587067	-118291.6016400424	-122827.65783818376	-127125.38821337708	-131176.00681601878	-134971.12377515138	-138502.7486182023	-141763.29070974712	-144745.55673794603	-147442.74523116113	-149848.43814117345	-151956.58958701027	-153761.51190743688	-155257.8592218825	-156440.60874627202	-157305.04014797177	-157846.71326095436	-158061.4444958472	-157945.2823035721	-157494.48204761953	-156705.48063918835	-155574.87127476474	-154099.3786040115	-152275.83460826747	-150101.15548011183	-147572.31972597964	-144686.3477065325	-141440.2828028294	-137831.17435902456	-133856.0625699919	-129511.96546647373	-124795.86819501146	-119704.71486046715	-114235.40334039932	-108384.78373669868	-102149.66159153685	-95526.80784033115	-88512.97907352986	-81104.95483874802	-73299.60531363946	-65094.01743065179	-56485.74338766441	-47473.332291386665	-38057.6054161265	-28245.254218463997	-18061.85548331069	-7626.007943903714	0.	0.	-22001.627159335247	-39453.81761869097	-56732.43842125144	-74101.89900125995	-91665.14330128246	-109419.23821377433	-127424.98680598346	-145685.71760785705	-164157.42749675506	-182883.63142428643	-201825.8043617375	-221006.6789011275	-240465.30167968897	-260188.02608904088	-280080.35862870613	-300261.03792725765	-320751.93319397187	-341423.31334051513	-362329.1013156174	-383456.744125767	-404945.31314584805	-426545.2234295603	-448560.18323992187	-470647.95749216847	-492983.07607980684	-515723.722109191	-538559.1010658793	-561777.7067615745	-585149.7035879487	-608817.078261947	-632660.3471233746	-656782.9769886868	-681191.5498472385	-705777.4840585801
-1001.0489363730721	-8005.1560944860985	-14994.171052598795	-21954.915777434715	-28874.26273127005	-35739.158475700824	-42536.64730416517	-49253.89488787699	-55878.211900637594	-62397.077565356245	-68798.16303979733	-75069.3545319941	-81198.77600796583	-87174.81132700457	-92986.12561409306	-98621.6856562627	-104070.77909117694	-109323.03214315038	-114368.42565528763	-119197.30916735754	-123800.41279806342	-128168.85670788218	-132294.15794461494	-136168.23450782546	-139783.40650966708	-143132.39435704565	-146208.31393220858	-149004.6688034359	-151515.3395544397	-153734.57037431083	-155656.95310301994	-157277.40897325182	-158591.16833158294	-159593.74864842146	-160280.9311604276	-160648.73649297233	-160693.3996185167	-160411.34450710373	-159799.15880675087	-158853.56887571336	-157571.41546123088	-155949.6302975049	-153985.21384048922	-151675.21436259244	-149016.7085596392	-146006.78381556703	-142642.52224622964	-138920.9866106336	-134839.20820188327	-130394.17682143221	-125582.83337428219	-120402.06265706413	-114848.69472408194	-108919.50216457881	-102611.20775467606	-95920.49649595503	-88844.03835012829	-81378.52815834047	-73520.75633595725	-65267.73893376495	-56616.972055608894	-47566.97373425628	-38118.579495815065	-28278.58638808501	-18072.888126629103	-7620.985418938711	0.	0.	-22533.221015686617	-40214.99337156572	-57735.660846257895	-75333.53391722978	-93157.62242540625	-111175.22407412113	-129426.33840953065	-147900.97955698363	-166626.9663609137	-185575.3290820629	-204816.99192594457	-224262.86316840103	-243896.4331631815	-263874.4053005894	-284083.9294326213	-304495.93331796624	-325201.66168007517	-346111.9185987031	-367270.6863622258	-388650.96384971135	-410393.094917836	-432214.9754021783	-454374.84250234213	-476825.5324673308	-499440.4876743209	-522377.36812239984	-545485.9703270087	-568831.4083272429	-592440.8315511269	-616366.6162779549	-640555.714053012	-664865.8816089389	-689548.2068609555
-1005.9540356534857	-8044.420540166658	-15067.905707223435	-22063.33064130032	-29017.670807273134	-35917.98136708877	-42751.42246468121	-49505.284417858325	-56167.01275665004	-62724.23302515223	-69164.77523913319	-75476.69786563063	-81648.3111646399	-87668.19970804396	-93525.24386848666	-99208.64005227385	-104707.91943687602	-110012.96496635806	-115114.02635805591	-120001.73288177274	-124667.10368909978	-129101.55549523665	-133296.90744855854	-137245.38306343858	-140939.60913835873	-144372.61163269728	-147537.80853002478	-150428.99977134852	-153040.35439661087	-155366.3950840214	-157401.98032574955	-159142.2845165585	-160582.7762673708	-161719.19528047045	-162547.52813272557	-163063.9833296631	-163264.9659794933	-163147.052427836	-162706.9651792012	-161941.5483998298	-160847.74427016018	-159422.5704199186	-157663.0986517861	-155566.43510177333	-153129.70198996205	-150350.02104641267	-147224.49869413566	-143750.2130523343	-139924.20279647817	-135743.45794336038	-131204.91262840334	-126305.44000440818	-121041.84948007409	-115410.88667892088	-109409.23677982244	-103033.5323930393	-96280.3680149226	-89146.3247719132	-81628.01244231392	-73722.14256545069	-65425.661649982394	-56736.010333774284	-47651.673504118604	-38173.49222304127	-28308.344642270535	-18082.376228296045	-7615.80362094498	0.	0.	-23061.56799990852	-40984.33231557837	-58726.7757748441	-76592.48039675227	-94642.48473455595	-112883.38172923535	-131393.7605024461	-150110.50017206845	-169097.3370356336	-188287.39940549096	-207731.04225279254	-227445.60683493537	-247432.87105869583	-267567.3882490004	-288027.8956676808	-308693.5233882363	-329639.77844944183	-350818.45915349276	-372206.0467614543	-393864.59811216703	-415814.34397444135	-437917.6031397329	-460348.650658565	-483009.342981736	-505920.5639519108	-529014.1387395818	-552424.2488555618	-576048.247254628	-599948.8511507331	-624087.5503177671	-648494.500793497	-673090.5386308252
-1010.0384144416215	-8077.120340078903	-15129.337027643041	-22153.71338218678	-29137.33267574621	-36067.363670566374	-42931.087596308804	-49715.9249103509	-56409.461751569266	-62999.47597642286	-69473.96264274762	-75821.15878260937	-82029.56728212853	-88087.97966473873	-93985.49755625041	-99711.55259668331	-105255.92455633417	-110608.75741299485	-115760.57315442826	-120702.28308563142	-125425.19644419495	-129921.02615894594	-134181.8916263736	-138200.31842502797	-141969.2349387505	-145481.96591354138	-148732.22302819346	-151714.09261351894	-154422.02070705456	-156850.79567775954	-158995.52869591027	-160851.6323589112	-162414.79780612834	-163680.97067417236	-164646.32625098337	-165307.24417909485	-165660.28305810885	-165702.15570411683	-165429.70230830793	-164839.87093996376	-163929.6903423035	-162696.25050897614	-161136.6820337859	-159248.13742720094	-157027.77404311005	-154472.73870521272	-151580.1540584429	-148347.10667414698	-144770.63692600132	-140847.73063425501	-136575.31251534208	-131950.24148047686	-126969.30789656103	-121629.23301952996	-115926.67098060605	-109858.21399543971	-103420.40196981568	-96609.73858023886	-89422.71759926529	-81855.86655518984	-73905.82171592106	-65569.46374945641	-56844.18060337699	-47728.424123306344	-38223.03487309173	-28334.951928204337	-18090.516395542483	-7610.49910244159	0.	0.	-23588.791805221026	-41732.406332732884	-59739.35074972044	-77828.02817490879	-96113.92890588556	-114638.06574818058	-133402.18214352627	-152363.64852287865	-171583.52920358448	-191023.882901527	-210746.34878381545	-230709.7598128758	-250858.69108711975	-271259.1446842236	-291978.8315315657	-312903.30325716076	-334055.4358376162	-355532.8726475925	-377172.3855926683	-399086.6441671088	-421222.0087288207	-443641.128759011	-466306.97460105084	-489187.4380578328	-512419.4740449033	-535729.5172049901	-559308.7636054994	-583289.6044551423	-607442.8535996663	-631772.7580284812	-656382.4894122094
-1013.2677849254658	-8102.981732844722	-15177.954298849232	-22225.32103317691	-29232.27995888216	-36186.120515010094	-43074.25224535794	-49884.233128664724	-56603.797428552156	-63220.88292167135	-69723.65734142221	-76100.54385357842	-82340.24536053876	-88431.76741413232	-94364.4395043077	-100127.93448391015	-105712.2858892032	-111107.90292268754	-116305.58287967373	-121296.52082293804	-126072.31634287098	-130624.97727230182	-134946.92028377292	-139030.96833014186	-142870.34495649138	-146458.66555960083	-149789.9257278107	-152858.48684605645	-155659.0591986974	-158186.68284457203	-160436.70657316013	-162404.76527595357	-164086.7560856634	-165478.81364047894	-166577.28483121906	-167378.70337917015	-167879.7645689297	-168077.30044668377	-167968.2557541262	-167549.6648379651	-166818.62974356272	-165772.2996581297	-164407.85183620956	-162722.47410328855	-160713.34900909947	-158377.63965062448	-155712.47720000808	-152714.95011514478	-149382.09502122426	-145710.8892470987	-141698.24498802374	-137341.00511301283	-132635.94064808064	-127579.75004283732	-122169.06043079212	-116400.4312702491	-110270.36104893553	-103775.29824747461	-96911.65867304953	-89675.85298457302	-82064.33158269044	-74073.66099930258	-65700.66140778249	-56942.67233352738	-47798.11424736058	-38267.82324892145	-28358.782733536747	-18097.48119807861	-7605.103143762775	0.	0.	-24115.70668738205	-42492.44678183438	-60730.61469598567	-79068.91377462655	-97608.3672286191	-116364.47824730702	-135363.22013812073	-154580.63645200193	-174051.59206481412	-193742.53936721498	-213675.89966083504	-233905.0878076454	-254325.25695226938	-275015.0113733318	-295928.3289302743	-317107.20666603005	-338533.3193450997	-360220.0871938963	-382094.5864917664	-404306.435915563	-426631.6419373598	-449373.5433156352	-472236.08269897517	-495401.00360103726	-518725.0364944584	-542412.6674785829	-566242.7346003935	-590347.5506960904	-614748.8581319618	-639424.2990588604
-1015.6087639828381	-8121.738223503423	-15213.260567489813	-22277.431128719003	-29301.571864833964	-36273.10213006581	-43179.56907006456	-50008.67749892705	-56748.319101987756	-63386.60079072065	-69911.87201840208	-76312.75084834197	-82578.14855190273	-88697.29250258995	-94659.74712652965	-100455.43266981177	-106074.64155040847	-111508.05207730437	-116746.73934239	-121782.18312145454	-126606.2726585059	-131211.30825415254	-135589.99962167486	-139735.46104122573	-143641.20338050855	-147301.12311849295	-150709.48855427036	-153860.92343324592	-156750.38826487516	-159373.15964107675	-161724.80789096933	-163801.1734250214	-165598.342129952	-167112.62017368476	-168340.5085726852	-169278.67785198597	-169923.94310990008	-170273.23976167478	-170323.6002143238	-170072.13167829716	-169515.99528773635	-168652.3866685524	-167478.51805145649	-165991.6019973833	-164188.83677035058	-162067.393374243	-159624.4042248708	-156856.95345095528	-153762.06876725613	-150336.714880707	-146577.78839281262	-142482.11415547406	-138046.44309018043	-133267.45149867938	-128141.74197440245	-122665.84613131387	-116836.22954779914	-110649.29962424573	-104101.41757080266	-97188.91666641748	-89908.13065371773	-82255.43951025378	-74227.3468434824	-65820.61873534735	-57032.551517738815	-47861.53702322576	-38308.40448268001	-28380.167962412128	-18103.421892219292	-7599.642456806569	0.	0.	-24644.980032208765	-43243.762223430786	-61721.25628636896	-80318.23970076146	-99088.68662312924	-118106.28211988654	-137342.42162964953	-156810.96246397294	-176527.8046738049	-196502.3320508127	-216657.8260576035	-237132.86929410146	-257794.96835818366	-278729.87704750034	-299867.01802213176	-321318.4494277403	-342953.73936004745	-364952.24951266736	-387046.895596665	-409512.2022610881	-432059.38450576813	-454945.92510819354	-478150.2017077545	-501500.88371359796	-525213.5308533716	-549051.4386054295	-573215.5402146813	-597601.2281932547	-622225.7473721452
-1017.0292225668793	-8133.13337408575	-15234.777852523022	-22309.349295762288	-29344.30509994657	-36327.20600044985	-43245.74813743853	-50087.79442893004	-56841.405056478034	-63494.866856725894	-70036.72139870311	-76455.79151531555	-82741.2060491611	-88882.42256891388	-94869.24781426003	-100691.85563572247	-106340.80221137848	-111807.03834581192	-117081.91868761017	-122157.20773987651	-127025.08258272143	-131678.1322760512	-136109.35396606114	-140312.14576695987	-144280.2965577391	-148007.9728694026	-151489.70310012743	-154720.35933175383	-157695.13705840707	-160409.5331649522	-162859.32251107533	-165040.53348555887	-166949.42289488096	-168582.45054129016	-169936.25382752545	-171007.6227043461	-171793.47524318667	-172290.8340887445	-172496.8040019622	-172408.550677916	-172023.28097508827	-171338.2246593543	-170350.61773628168	-169057.6874074832	-167456.6386626193	-165544.6424925988	-163318.825697851	-160776.26222738787	-157913.96601379235	-154728.88522540676	-151217.89788100132	-147377.80878033946	-143205.34770296566	-138697.16888504	-133849.85180594624	-128659.90340109584	-123123.76192775865	-117237.80289460278	-110998.34776974782	-104401.67670383483	-97444.04743487162	-90121.72427442085	-82431.02446740353	-74368.39625660743	-65930.55862565701	-57114.770485625624	-47919.39843868453	-38345.26360372596	-28399.399498909628	-18108.47089048638	-7594.139799643546	0.	0.	-25169.379627058937	-44003.67191160899	-62720.30559107636	-81558.15398883705	-100592.84355434323	-119849.19975188123	-139307.7002817887	-159041.94149035608	-178981.6082471395	-199181.74150158724	-219632.3637563521	-240312.24784887413	-261228.43414815745	-282395.53124595055	-303843.4642928785	-325527.96171515936	-347402.030323256	-369620.44876505027	-392018.38828322885	-414590.2893389913	-437519.8584987894	-460677.56950697396	-484066.33038181183	-507706.85697379103	-531530.5229557161	-555747.951783184	-580110.2938851608	-604720.394295447