0.	0.	0.	0.	0.	0.	0.	0.	0.	0.	0.	0.	0.	0.	0.	0.	0.	0.	0.	0.	0.	0.	0.	0.	0.	0.	0.	0.	0.	0.	0.	0.	0.	0.	0.	0.	0.	0.	0.	0.	0.	0.	0.	0.	0.	-38338.64579583936	-67097.41780030626	-88716.91894649547	-107583.42222106206	-125061.37499640138	-141773.72488289684	-158019.2977769162	-173782.30848123576	-189575.90474849756	-205185.3042443507	-220771.52070075943	-236458.03269780986	-252064.2939486455	-267870.6086129284	-283680.13018182025	-299770.6341118009	-315802.04362571647	-332089.6091449224	-348636.5959141828	-365225.3245495072	-382128.953100029	-399035.57170970907	-416227.9095111901	-433489.92498894996	-451264.8309913845	-469161.6799324122	-487174.4347054512	-505344.9495619811	-523726.0514148855	-542393.8979624462	-561375.3405412377	-580445.5907717606	-599808.6575357178	-619422.9528849295	-639177.9407366628	-659394.0935782494	-679513.1099735895	-699925.7502967782	-720741.9344776955	-741797.7342721638	-762831.6997869933	-784284.8760247995	-806053.5548619886	-828058.8881188789	-849804.4098478429	-872344.4823135646	-894785.7832532377	-917832.8447032681	-940978.0643942499	-964383.8218462322	-987865.058972084	-1.0116533144168289e6	-1.035642979625115e6	-1.0600333358231424e6	-1.0844339560751345e6	-1.1092058615248273e6
-18.285018122721958	0.	0.	0.	0.	0.	0.	0.	0.	0.	0.	0.	0.	0.	0.	0.	0.	0.	0.	0.	0.	0.	0.	0.	0.	0.	0.	0.	0.	0.	0.	0.	0.	0.	0.	0.	0.	0.	0.	0.	0.	0.	0.	0.	0.	-37774.365192654004	-66778.02653984753	-88367.65447252212	-107342.9982665342	-124854.38961591634	-141555.0472973394	-157751.06955969846	-173700.12888256257	-189382.0903228616	-205035.0894718735	-220678.17123061375	-236154.1192770447	-251936.42977413035	-267616.39303415274	-283521.96041126037	-299499.84603819886	-315655.03011832555	-331979.0437342823	-348344.4932465991	-365111.19172924396	-382013.17603543785	-398918.3003830929	-416109.2021564856	-433386.59931803314	-451143.46897118853	-469039.07681049383	-487050.678285803	-505220.11148797855	-523600.1860908029	-542267.038787835	-561218.5080613741	-580316.8699436793	-599679.0689047326	-619292.5298506662	-639046.7377035103	-659262.097530892	-679380.418585944	-699792.380397986	-720572.3703920258	-741466.1747676193	-762696.4060552479	-784148.9881658326	-805917.0822055056	-827921.8528705126	-849666.9134956276	-872206.4532137862	-894647.2930495032	-917693.8540860104	-940838.612117765	-964243.9209907537	-987724.7483878867	-1.0115125986275767e6	-1.0355018775257597e6	-1.0598918388110006e6	-1.0842921073709133e6	-1.1090636557241273e6
-34.71531771379414	-188.47090547256414	0.	0.	0.	0.	0.	0.	0.	0.	0.	0.	0.	0.	0.	0.	0.	0.	0.	0.	0.	0.	0.	0.	0.	0.	0.	0.	0.	0.	0.	0.	0.	0.	0.	0.	0.	0.	0.	0.	0.	0.	0.	0.	0.	-36388.229585667024	-65927.9230207927	-87692.96932296836	-106699.61591348119	-124283.50269817292	-141033.31744006442	-157308.82840937615	-173153.50197530768	-188927.1663436348	-204591.83861809378	-220063.08395597333	-235724.76286230094	-251535.82472614106	-267227.61217956984	-283122.4944742518	-299153.9047838718	-315235.30108070344	-331522.60806559166	-347946.58119353856	-364634.25345210807	-381427.8105090487	-398497.0745786929	-415543.8692441946	-433079.84802518727	-450833.3215860769	-468390.07209312095	-486401.44863879273	-504666.66536806565	-523278.5302624805	-541942.8431192829	-560734.9618906263	-579987.9167162767	-599347.8979588042	-618959.226540812	-638711.4410631661	-658502.1573397326	-679041.3183730171	-699451.5462121326	-720158.8191847734	-741122.0099737301	-762350.6554074145	-783801.719192881	-805423.7999352345	-827119.9918664756	-849315.5339288265	-871853.7121809921	-894293.3736399342	-917338.6558418826	-940482.2340778366	-963617.3715239645	-987323.9263712558	-1.0111529916105812e6	-1.0351412832718352e6	-1.059530235335511e6	-1.0839296051267781e6	-1.1087002409001014e6
-51.03580597207853	-348.08918704039843	-351.6464731849326	0.	0.	0.	0.	0.	0.	0.	0.	0.	0.	0.	0.	0.	0.	0.	0.	0.	0.	0.	0.	0.	0.	0.	0.	0.	0.	0.	0.	0.	0.	0.	0.	0.	0.	0.	0.	0.	0.	0.	0.	0.	0.	-33972.12912644738	-64522.2056018825	-86584.60182894679	-105732.15235321426	-123390.0712447965	-140178.81497182493	-156489.27364374342	-172365.7208050609	-188031.78579324414	-203860.04003486838	-219396.76304826958	-235035.2875743714	-250724.35563293713	-266528.89618598146	-282333.9668997715	-298469.8500458526	-314620.96510025737	-330862.228412975	-347292.42726204125	-363926.52721965796	-380673.42693130684	-397818.33234441956	-415056.1575847331	-432281.2774792769	-450008.5763144387	-467886.3980089207	-485893.0202882012	-504153.68045385403	-522450.4597789509	-541128.5752511364	-560209.6238157337	-579077.6251844956	-598469.5524778728	-618148.2165575221	-638149.5494294417	-657959.854964466	-678113.3876274946	-698903.2477390866	-719536.8605757786	-740423.0457929969	-761645.6608577402	-783036.9860131252	-804665.3785247443	-826556.9322005453	-848750.271147362	-871286.2592151104	-893724.0250244638	-916605.7615867883	-939617.5025793602	-963059.0171604359	-986655.4225020843	-1.010574493365795e6	-1.0345611968632971e6	-1.0589485253966327e6	-1.0833464493426902e6	-1.1081156170527139e6
-67.31072043926049	-492.95004210357575	-702.252242914195	-470.43784034478347	0.	0.	0.	0.	0.	0.	0.	0.	0.	0.	0.	0.	0.	0.	0.	0.	0.	0.	0.	0.	0.	0.	0.	0.	0.	0.	0.	0.	0.	0.	0.	0.	0.	0.	0.	0.	0.	0.	0.	0.	0.	-30520.055530211965	-62618.791576960415	-84975.42351778426	-104351.96313359453	-122008.22399110741	-138957.18710941583	-155297.28049429308	-171204.69585372327	-187070.35313461014	-202715.34182242837	-218335.7711428277	-234079.4611594924	-249727.5303225096	-265535.68508785026	-281264.8097111682	-297420.5700239912	-313544.6933813164	-329975.9371779947	-346246.3393235089	-363010.7472897479	-379772.48572491785	-396900.8406083562	-414056.56320720154	-431332.4616830581	-449007.6947314328	-466869.31214138237	-484898.79929909925	-503195.72331636545	-521737.64674611134	-540341.6074846262	-559231.7415275831	-578348.6868911094	-597735.6407063472	-617240.1493617133	-637017.2660668968	-657212.3570954913	-677361.8935685069	-697844.0843636006	-718621.0885803169	-739463.6379075785	-760678.0288805517	-782267.1574188471	-803892.3619101961	-825780.822931097	-847971.1251511098	-870338.4758273987	-892939.2472029846	-915744.0085132993	-938827.518030675	-962114.616730211	-985761.6128982955	-1.0094859676376325e6	-1.033655343939152e6	-1.0577778184351206e6	-1.082542640018587e6	-1.1073097841819064e6
-83.54954025685161	-631.7518827372547	-1007.2251271311148	-1046.808114776217	-534.2322709746996	0.	0.	0.	0.	0.	0.	0.	0.	0.	0.	0.	0.	0.	0.	0.	0.	0.	0.	0.	0.	0.	0.	0.	0.	0.	0.	0.	0.	0.	0.	0.	0.	0.	0.	0.	0.	0.	0.	0.	0.	-25262.077042854842	-59958.15535702873	-82983.12813010375	-102524.5831176512	-120391.48986207815	-137403.51390902093	-153806.58883294155	-169855.2053263818	-185564.20383233414	-201301.62203312735	-217024.00211168893	-232761.03442114763	-248432.5024836665	-264157.57140646636	-280096.44381381356	-296218.04085323383	-312264.3864224868	-328703.320406254	-345175.66385600745	-361894.14748658304	-378630.72166254674	-395768.7723649847	-412781.6733430359	-430258.57351593405	-447855.8832641473	-465700.4350072757	-483779.18363752065	-501917.554545114	-520478.6342978706	-539107.7860456485	-557982.3573530177	-577083.9361429282	-596410.1549954079	-616058.1513811637	-636070.3000285376	-655822.8372970904	-676322.150207993	-696735.7773636029	-717342.9466927362	-738491.4473391532	-759701.3565510554	-780952.67609828	-802466.9525075469	-824791.6640579453	-846978.0959398979	-868973.9137868076	-891565.752833487	-914579.2727896833	-937564.2337980103	-960936.5570614715	-984615.0161632529	-1.0084699799485366e6	-1.0324004942229989e6	-1.0567562518316659e6	-1.0811362729420457e6	-1.1058871036923795e6
-99.75148519987134	-767.3416579579709	-1290.8704236613771	-1538.7046405564204	-1358.6302408234956	-547.119703787693	0.	0.	0.	0.	0.	0.	0.	0.	0.	0.	0.	0.	0.	0.	0.	0.	0.	0.	0.	0.	0.	0.	0.	0.	0.	0.	0.	0.	0.	0.	0.	0.	0.	0.	0.	0.	0.	0.	0.	-17094.083444424305	-56702.323292563975	-80447.7411994606	-100330.55967505634	-118518.71593839242	-135584.8836012564	-152008.16745436323	-168125.99787436685	-184016.65575318405	-199752.17813028808	-215350.3474256814	-231221.43431601586	-246800.66193458508	-262712.7420383717	-278610.31815946515	-294681.7565514975	-310829.9912488095	-327223.1347856244	-343662.3315047014	-360404.14611993864	-377224.4496724645	-394159.83720109786	-411482.1784100562	-428856.04098704964	-446447.0536144002	-464270.5588879831	-482312.14062230074	-500523.0782681528	-519012.43791156274	-537749.5334952429	-556492.5447035461	-575695.7926825754	-595274.0543852506	-614587.8267602657	-634557.2182179258	-654665.7191662608	-674808.973364139	-695320.7938425536	-716167.3170535272	-736992.39633419	-758189.2270994134	-779760.7052689155	-801270.1910957524	-823080.3737205614	-845231.0796991354	-867763.0681373283	-890350.6253583867	-913139.6896173619	-936340.8668553078	-959709.2683807432	-983168.0020274102	-1.0070104193159635e6	-1.0311623415731735e6	-1.0554952446355731e6	-1.079891596211671e6	-1.104639299185221e6
-115.91260310193148	-900.9221685903843	-1562.2641525421832	-1988.628467933201	-2059.259130129108	-1624.1728084339034	-522.2050546158903	0.	0.	0.	0.	0.	0.	0.	0.	0.	0.	0.	0.	0.	0.	0.	0.	0.	0.	0.	0.	0.	0.	0.	0.	0.	0.	0.	0.	0.	0.	0.	0.	0.	0.	0.	0.	0.	0.	0.	-52729.67573923002	-77382.53689720412	-97689.7069097094	-116047.14101156127	-133363.1337684643	-149871.342601072	-166079.43478968315	-182002.9297892835	-197822.32755206843	-213532.54265505748	-229254.11537057988	-245069.27072246524	-260809.08864182807	-276877.6986703415	-292902.1957767668	-309155.0475095669	-325402.5500121616	-341909.4864707829	-358553.72993823694	-375512.9092957637	-392468.0924019284	-409661.4189104047	-427144.792650784	-444754.5534086787	-462552.21896726073	-480519.2747137767	-498896.7265830548	-517365.47717041156	-536026.069650692	-554792.2225435734	-574090.0064976334	-593533.6952718318	-612890.1000446344	-632750.2748855742	-652883.9822908824	-672993.313689674	-693503.0784680698	-714384.2067528141	-735193.1427729711	-756373.7139381754	-777928.816168214	-799518.743863181	-821665.9904473111	-843811.1913684817	-865867.9416337814	-888690.5693599842	-911704.4216156839	-934580.965654143	-957951.6152456043	-981441.3269248123	-1.0053167024273421e6	-1.0294039841026835e6	-1.053699366403306e6	-1.0781293232843536e6	-1.1031703647650979e6
-132.0276156522655	-1033.0742878265091	-1825.7314821061063	-2413.2353022961893	-2693.656144871416	-2551.362879705626	-1835.662355094025	-474.84525874555396	0.	0.	0.	0.	0.	0.	0.	0.	0.	0.	0.	0.	0.	0.	0.	0.	0.	0.	0.	0.	0.	0.	0.	0.	0.	0.	0.	0.	0.	0.	0.	0.	0.	0.	0.	0.	0.	0.	-47712.418077679875	-73805.45396557411	-94726.64832102312	-113337.36625969881	-130804.45147955103	-147438.53836268163	-163773.8333651485	-179725.31379945498	-195578.3238528492	-211283.11972161458	-227228.13550144836	-242861.26460401076	-258867.6880161344	-274808.19088003895	-290849.55308143666	-307139.1208324355	-323455.493213125	-339809.6560839965	-356702.8711786233	-373340.5036458582	-390611.0649875172	-407705.6342239993	-425109.09072403476	-442732.5155754195	-460498.15228571673	-478724.37604578095	-496961.1235968165	-515327.49974129227	-533960.8723042782	-552909.2014498297	-572145.2264355619	-591608.48644449	-610945.2382562095	-630893.7187712764	-650947.9954219011	-670989.5267574788	-691715.9474956789	-712341.979056463	-733594.3457643315	-754767.5392615597	-775831.0152238676	-797744.7566371256	-819512.6438920641	-841658.6823397321	-864228.8246589961	-886646.6587485584	-909563.0734405036	-932713.2006865997	-955989.3981838741	-979558.5866073824	-1.0035071570350862e6	-1.0274951475699408e6	-1.0517069608633076e6	-1.0763745718637074e6	-1.1011011594978997e6
-148.09053625202333	-1164.0990653413114	-2083.5989971491977	-2820.861841336415	-3286.9927016317783	-3385.6835509443563	-3002.8183951565547	-1990.170665293789	-417.8568930214779	0.	0.	0.	0.	0.	0.	0.	0.	0.	0.	0.	0.	0.	0.	0.	0.	0.	0.	0.	0.	0.	0.	0.	0.	0.	0.	0.	0.	0.	0.	0.	0.	0.	0.	0.	0.	0.	-41445.683237988	-69609.04014643362	-91194.06350050101	-110143.47047116507	-127785.40820195612	-144729.81566593834	-160989.04562147975	-177143.54981964195	-193023.85413276858	-208836.96179049154	-224676.29682155233	-240440.0980875341	-256474.64476379947	-272388.5875239044	-288521.4843565455	-304660.2271141418	-321085.48157477245	-337560.8405396177	-354390.4514871985	-371103.680813187	-388203.7052462275	-405398.56532772694	-422938.1640644948	-440479.1482035374	-458527.87384399795	-476400.00153594103	-494758.8131355318	-513240.4249187165	-531904.8847026419	-550872.8579474981	-570087.2774312256	-589264.8942312595	-608785.4871731558	-628855.4126594788	-648715.7819261545	-668972.6199579648	-689674.7922842676	-710077.0973494606	-731325.6751403563	-752479.3789193323	-774007.4820695885	-795399.9862758442	-817516.6266067037	-839812.4389372754	-862012.7047745014	-884416.119436151	-907591.6220423457	-930644.1659364144	-953846.4354524935	-977577.3674295914	-1.0013942164679563e6	-1.0253513017551714e6	-1.0495660496745924e6	-1.074146744616664e6	-1.0988569204251159e6
-164.0949073603808	-1294.1555851191451	-2337.2131584078384	-3216.2370844801567	-3852.099381270248	-4161.191692079773	-4050.1908607209903	-3404.9280937950425	-2089.0691731051634	-359.8637749027927	0.	0.	0.	0.	0.	0.	0.	0.	0.	0.	0.	0.	0.	0.	0.	0.	0.	0.	0.	0.	0.	0.	0.	0.	0.	0.	0.	0.	0.	0.	0.	0.	0.	0.	0.	0.	-33230.97973455812	-64626.45449391395	-87048.57086272193	-106495.58668223367	-124443.77059509656	-141538.95322973235	-158045.18988327545	-174302.5644588421	-190165.22885625646	-206203.1766198229	-221969.85084125938	-237848.5255088553	-253798.89401985123	-269890.3326909699	-285926.4228302431	-302114.08278751635	-318524.57056890096	-335021.064794412	-351808.27276705514	-368586.959952288	-385736.68429215124	-403069.7961740825	-420394.1353424886	-438057.5423999929	-455884.8976259515	-474042.27951024263	-492276.9683594557	-510819.1352774016	-529286.4095389114	-548290.8967461289	-567399.2895339371	-586882.5820963538	-606440.7578422549	-626128.9451434154	-646436.5833407843	-666555.4472776303	-687241.3050565252	-707823.1161930946	-728833.2865083956	-749966.1211143574	-771473.2185059045	-793330.5213592874	-815116.992844719	-837296.3254045193	-859557.5350829669	-882341.9741614322	-905062.078834037	-928017.8079911743	-951507.3353185843	-975152.4779844086	-998999.448238986	-1.0228641407588554e6	-1.0472437195258675e6	-1.0717724318183195e6	-1.0964682892813995e6
-180.03389628105174	-1423.324024199646	-2587.3887703506985	-3602.245285362523	-4396.44206590311	-4895.596910450886	-5019.494733308261	-4676.124921023283	-3751.889960916713	-2137.1925492881096	-305.71452831314616	0.	0.	0.	0.	0.	0.	0.	0.	0.	0.	0.	0.	0.	0.	0.	0.	0.	0.	0.	0.	0.	0.	0.	0.	0.	0.	0.	0.	0.	0.	0.	0.	0.	0.	0.	-21006.47695633878	-58717.65565389682	-82398.90082423901	-102505.4063782851	-120791.304109763	-138079.8831765582	-154753.50900528484	-170939.00617508643	-187089.3943525738	-203119.9292419617	-218958.90339844883	-234873.13521697317	-250801.37291212362	-266918.19856835506	-283099.3380255061	-299295.8631995297	-315729.6369279044	-332187.8895098672	-348911.4176194788	-365881.07598312706	-383052.0505646312	-400279.14655094274	-417554.2824269083	-435358.2608215617	-453288.9645276377	-471282.3408192617	-489635.0148223466	-508045.90973547776	-526643.1025146804	-545615.4480062618	-564904.9376069094	-584144.8658864788	-603672.915878627	-623546.3506342353	-643609.0539649063	-663874.3026655379	-684355.8977327015	-705016.7001004462	-726151.7657720856	-747263.1800554951	-768748.7254315935	-790611.297820039	-812409.0887145554	-834453.9340273436	-857054.501230279	-879576.7411303055	-902193.86054224	-925419.2892906094	-948891.4731795249	-972523.3327703772	-996350.3106886445	-1.0202351967766079e6	-1.0444641787805039e6	-1.0691611014588575e6	-1.0938999612314329e6
-195.9003309105974	-1551.6373054127903	-2834.6298508913806	-3980.728149368742	-4924.71059238176	-5599.324727171282	-5933.5404507484245	-5849.203685707513	-5254.9211673862665	-4040.5984045333125	-2141.6920192018697	-257.60053306020455	0.	0.	0.	0.	0.	0.	0.	0.	0.	0.	0.	0.	0.	0.	0.	0.	0.	0.	0.	0.	0.	0.	0.	0.	0.	0.	0.	0.	0.	0.	0.	0.	0.	0.	0.	-51648.424850457246	-77207.97415835068	-97875.9578736986	-116612.05628283104	-134100.74384601353	-151051.81082648956	-167395.67689123255	-183694.32863059844	-199663.1302669446	-215650.06491217564	-231627.1491406895	-247660.37601782498	-263714.0137243222	-279958.1246652399	-296241.6110018437	-312701.2373089467	-329275.46089279145	-345984.6830083514	-362922.14641275775	-379862.34224616026	-397174.08053111704	-414642.5760094832	-432254.622266839	-450170.2752692727	-468240.3311492279	-486442.67255908885	-505136.88610529515	-523712.06637887756	-542577.138992401	-561845.9172539051	-581209.2733670947	-600869.2127492904	-620778.63466403	-640816.487338283	-660816.7176433856	-681447.1644348056	-702293.4212490174	-723317.6090009012	-744407.9371734357	-765872.2800985182	-787713.5336959274	-809418.2179679717	-831592.7292562119	-854200.6916926322	-876536.4840161664	-899682.7612984992	-922616.9996448653	-945900.1212745219	-969503.703778233	-993373.5055441544	-1.0173502245965411e6	-1.0416186527227192e6	-1.0661969076999119e6	-1.0911119580113243e6
-211.68670737754786	-1679.0981519324098	-3079.2475745529873	-4352.895408966283	-5439.994704017572	-6279.029043803004	-6805.8907899169235	-6951.875274174634	-6640.09416411269	-5780.119256789802	-4270.492908080174	-2110.8134531192713	-216.10851433172036	0.	0.	0.	0.	0.	0.	0.	0.	0.	0.	0.	0.	0.	0.	0.	0.	0.	0.	0.	0.	0.	0.	0.	0.	0.	0.	0.	0.	0.	0.	0.	0.	0.	0.	-42964.648607526375	-71131.97743725234	-92756.33351279442	-111975.76209162522	-129899.02023454361	-146941.01000052772	-163583.7453867896	-179857.88906278566	-195969.21828986405	-211997.61440373672	-228116.61232656124	-244175.19917111454	-260268.77252406272	-276455.8164658795	-292866.9954398386	-309286.7964285904	-325891.9824737651	-342584.07953716174	-359560.40202598117	-376646.8788941038	-394004.0429304813	-411508.4770601196	-429068.8725871916	-446982.4734632692	-465004.23030548944	-483350.99601844157	-501820.62459462066	-520576.4055352266	-539403.4187421391	-558805.9849360663	-578120.0003675708	-597706.8598525508	-617413.9217889195	-637396.0524820307	-657798.6299339384	-678157.5931603642	-699155.168659158	-720033.9738071822	-741241.7194672638	-762681.3734183868	-784345.270628782	-806326.5001749322	-828546.1245574579	-851030.8403826955	-873264.6763119344	-896408.3079295523	-919424.2813482872	-942862.2936972792	-966396.3260796315	-990109.8039055433	-1.0142363352861155e6	-1.0385164744416594e6	-1.0630954868006792e6	-1.0877365001194824e6
-227.3851834415366	-1805.688796702699	-3321.4272869381725	-4719.552479493965	-5944.392695660681	-6939.177156753301	-7645.278027253563	-8000.936196533249	-7939.084203476517	-7383.862390313196	-6247.23708824558	-4443.300426395228	-2052.8501742637486	-180.97308687656584	0.	0.	0.	0.	0.	0.	0.	0.	0.	0.	0.	0.	0.	0.	0.	0.	0.	0.	0.	0.	0.	0.	0.	0.	0.	0.	0.	0.	0.	0.	0.	0.	0.	-31313.265271203636	-64094.4036153132	-87054.18550603729	-106904.71933941907	-125250.02183010944	-142596.97687348851	-159367.2150893694	-175724.31911682457	-191994.969288135	-208132.08193676255	-224244.33466079895	-240353.7331380715	-256541.32213983173	-272841.5320359296	-289123.90518001	-305609.89102167106	-322229.2101103793	-338985.17468357185	-356036.4887660256	-373123.4528164741	-390306.54180184397	-407849.8711314514	-425770.10132218024	-443566.52063899586	-461536.5891880595	-479971.2376856934	-498537.1616784993	-517198.0992851423	-536054.1905028931	-555189.8523475534	-574577.242141762	-594166.0309041591	-614081.4577181822	-633970.9240663192	-654432.7928715837	-674912.053761935	-695631.6805261369	-716688.1656279591	-737724.9628961973	-759160.6959966595	-780922.4996215949	-803089.0309183506	-825187.3276072497	-847589.1908391454	-870169.8056908437	-892985.4106042531	-916006.478810351	-939307.7047171496	-962965.7743443466	-986780.1260949564	-1.0109184652951357e6	-1.0351256052607944e6	-1.0597346199086164e6	-1.0843551512394564e6
-242.98756426572706	-1931.376753087469	-3561.2685061407133	-5081.234402993691	-6439.3549551669585	-7582.867100354183	-8457.631047858249	-9007.281215657356	-9171.84371421532	-8885.541693815536	-8073.893486852182	-6653.723385178158	-4562.635797607691	-1975.4111203281532	-151.54324569906407	0.	0.	0.	0.	0.	0.	0.	0.	0.	0.	0.	0.	0.	0.	0.	0.	0.	0.	0.	0.	0.	0.	0.	0.	0.	0.	0.	0.	0.	0.	0.	0.	-8733.888516072935	-55871.997926212585	-80628.48468223067	-101376.38860088373	-120119.15541451694	-137668.2119841737	-154762.0292802594	-171400.05612355977	-187655.76981202798	-203939.78579611247	-220052.72950898454	-236393.1095446162	-252538.2485783691	-268868.0610424739	-285268.3469539381	-301689.1636629213	-318427.7252252645	-335094.9963412699	-352058.8482582495	-369302.4300246957	-386548.7342361556	-404170.8488486042	-421824.64590280544	-439603.44752499263	-457789.8473344406	-476167.5714724762	-494717.4072945127	-513393.57270327775	-532255.7914460374	-551424.5791530828	-570842.6613425782	-590491.085046015	-610367.2394355774	-630515.5987683426	-650772.4432393368	-671210.0832171973	-692156.75883231	-712787.8891992503	-734251.795001695	-755638.1760023122	-777401.0186721403	-799046.7512386187	-821559.5314912295	-843918.0646837166	-866161.3859132479	-889228.777931802	-912460.6380897567	-935678.2527200769	-959460.703584603	-983136.8403213519	-1.0071979444220896e6	-1.0315698348503631e6	-1.056143311869505e6	-1.080742387900815e6
-258.48528394087384	-2056.1183595721745	-3798.8097729869314	-5438.288390984132	-6925.890228998012	-8212.290609172678	-9247.116948956864	-9978.360728215903	-10351.462525228506	-10307.900323136671	-9783.197018026596	-8705.189496047498	-6998.887609289933	-4633.497364977405	-1885.019965827968	-127.04442298990162	0.	0.	0.	0.	0.	0.	0.	0.	0.	0.	0.	0.	0.	0.	0.	0.	0.	0.	0.	0.	0.	0.	0.	0.	0.	0.	0.	0.	0.	0.	0.	0.	-45693.96233948853	-73382.46948008602	-95102.3128386092	-114468.68940057566	-132540.54850270276	-149741.6135044182	-166515.75859019742	-183066.90304274042	-199454.5632575306	-215660.31833821657	-231937.22969385848	-248166.03154028775	-264544.0844020949	-281046.4473705049	-297514.9891889188	-314223.38478182023	-331081.1529815825	-348107.2695876223	-365225.3245495072	-382489.14841172815	-400174.798582318	-417942.16778331733	-435625.3843264436	-453748.0456276482	-472063.40211912664	-490552.24115727376	-509459.06155363464	-528459.400213243	-547655.0748160715	-566958.0552468589	-586638.8662439217	-606397.4654182829	-626288.6532705971	-646801.8840203984	-667420.8566468073	-688024.4096697825	-709067.0311012958	-730042.0386202041	-751879.3160485592	-773615.6484990501	-795218.4296827366	-817547.0181035227	-840056.570296347	-862472.0770822382	-885463.1318619237	-908591.3186398708	-931758.2643975109	-955446.0110152498	-979134.5142491219	-1.0033978085620475e6	-1.0276048004568637e6	-1.0520367970853613e6	-1.0769258235080705e6
-273.86938458611326	-2179.8610105702683	-4034.0446023668933	-5790.9266287587325	-7404.695391185113	-8829.013469814043	-10016.729258905088	-10919.456889414938	-11486.949218196583	-11666.16244744659	-11399.929344041979	-10625.445888147433	-9274.357531856807	-7283.756843737666	-4661.728980377452	-1786.9809992764056	-106.7127522208243	0.	0.	0.	0.	0.	0.	0.	0.	0.	0.	0.	0.	0.	0.	0.	0.	0.	0.	0.	0.	0.	0.	0.	0.	0.	0.	0.	0.	0.	0.	0.	-32066.81257945784	-65082.28015734278	-88220.78109219018	-108368.45256934216	-126749.6607024339	-144318.03281711676	-161455.77825178878	-178042.6813992621	-194537.71556925713	-210936.06846956402	-227301.77423518343	-243670.6319983966	-259973.595135058	-276467.2824214818	-293042.9971243543	-309848.96208326006	-326695.29292886937	-343699.6252713237	-360795.6697887228	-378265.9303600474	-395872.7885121874	-413457.6152753723	-431319.1423867161	-449685.17840457463	-467940.84926129354	-486332.74210495857	-505220.11148797855	-524233.0604901335	-543432.255495953	-562685.0869070174	-582315.6729034527	-602191.3625009876	-622160.211736878	-642747.8146024946	-663213.6586855198	-683898.3126574197	-704764.4847173153	-726107.025394897	-747427.9865569789	-769125.0094165445	-791200.9898936129	-813213.6790574065	-835692.7742538279	-858293.9250680334	-881035.5354025714	-904445.4679199207	-927615.7275062202	-951235.0399176902	-975183.6106170046	-999249.2604045968	-1.0235644527942189e6	-1.0479891480033494e6	-1.0729150214046533e6
-289.1304941579136	-2302.54458275191	-4266.93200090317	-6139.261112615124	-7876.2401563741	-9434.153915809546	-10768.644459281493	-11834.403543647679	-12584.730530369718	-12970.894930487862	-12941.246072835498	-12440.116456782189	-11407.101747757157	-9779.593857250673	-7510.847539756463	-4653.520235717064	-1685.4214466707665	-89.85577415644931	0.	0.	0.	0.	0.	0.	0.	0.	0.	0.	0.	0.	0.	0.	0.	0.	0.	0.	0.	0.	0.	0.	0.	0.	0.	0.	0.	0.	0.	0.	0.	-55076.25156165636	-80607.40508791784	-101613.92614203159	-120612.2926171951	-138580.3375796151	-155843.332923737	-172754.8408634265	-189382.0903228616	-205900.08572170336	-222273.8031097322	-238705.4844815181	-255227.6401954846	-271791.3765051674	-288439.83288688975	-305123.0748773615	-322071.18918925757	-338997.54639557755	-356225.1671975464	-373736.8055699778	-391129.1163613628	-408856.22542765824	-426998.63317384984	-444982.9218071656	-463382.7128974311	-481961.9960456748	-500633.78887540626	-519514.9102014457	-538896.6198337937	-558166.7438474209	-578005.6571057792	-597793.2024139377	-617873.0014002062	-638303.2538487088	-658502.1573397326	-679454.1360235264	-700469.1366156825	-721708.9016654456	-742995.1470217577	-764959.3320460052	-786698.0992446718	-808908.7703542971	-831333.7754187237	-854154.8064259583	-876705.2935654065	-900067.8992194352	-923270.0039287702	-946982.6755492596	-970756.7618559664	-994736.8393891561	-1.0191709525526847e6	-1.0436167438328621e6	-1.0683790002245016e6
-304.2588036730741	-2424.1023532889303	-4497.40355639991	-6483.327233698098	-8340.824069745686	-10028.500577902461	-11504.44983289688	-12726.021847299604	-13649.50474039638	-14229.679826406693	-14419.214407366602	-14167.899793821916	-13421.952008617574	-12124.405899260775	-10220.624941524244	-7683.867875974989	-4614.995996795624	-1583.4289169364392	-75.87348073685041	0.	0.	0.	0.	0.	0.	0.	0.	0.	0.	0.	0.	0.	0.	0.	0.	0.	0.	0.	0.	0.	0.	0.	0.	0.	0.	0.	0.	0.	0.	-42594.28850793388	-71833.8580837655	-94256.37906837583	-114028.1501691058	-132347.90927190369	-150012.01793788	-167061.16638386037	-183798.01493927403	-200487.106482175	-217013.71661455787	-233617.25882702266	-250139.27561226205	-266630.56004709285	-283381.7893267168	-300054.77669884067	-317089.7040378538	-334161.9970405217	-351363.10304586525	-368675.9751874567	-386380.96148882806	-404183.92922356405	-422149.8742775649	-440264.8033026173	-458690.40020004666	-477275.03348936164	-495995.79567481304	-514979.1645599631	-534003.0093330059	-553715.7270814433	-573245.3679820758	-592931.6692209921	-613005.7750608613	-633446.9815631607	-653820.7924301024	-674794.2475930246	-695720.5052928636	-716985.7933847065	-738551.2744510706	-760182.179851788	-782191.684027237	-804240.9772461989	-826556.9322005453	-849178.0375765883	-872145.1069472161	-895499.9374210292	-918629.3886363431	-942062.1773127362	-966132.0116533053	-990063.0234090834	-1.0144083774937455e6	-1.039061105721388e6	-1.0637088470621596e6
-319.2440443653392	-2544.461589577152	-4725.368302882393	-6823.100094075765	-8798.615820818139	-10612.592898722925	-12225.295125240693	-13596.398753496518	-14684.758537772585	-15448.091282783536	-15842.555064430553	-15822.22368168682	-15338.549293614642	-14340.235133193019	-12775.033532323048	-10598.587660937894	-7807.382700631256	-4551.918301994657	-1483.2253470813705	-64.25941782265878	0.	0.	0.	0.	0.	0.	0.	0.	0.	0.	0.	0.	0.	0.	0.	0.	0.	0.	0.	0.	0.	0.	0.	0.	0.	0.	0.	0.	0.	-23960.745715786506	-61643.42804705268	-85936.3821646029	-106699.61591348119	-125722.57152806487	-143637.19372580777	-160971.59137341497	-178005.64316088773	-194714.47168467502	-211486.60792073328	-228084.9997202639	-244633.8551533571	-261274.71720381657	-278075.70280182577	-294834.6484852155	-311975.9650913308	-328923.70462976035	-346184.0402008886	-363749.19377466984	-381312.1212485641	-399048.60185710783	-417092.3134865889	-435264.76759480615	-453572.51461888134	-472077.04240459984	-491054.95421469107	-509862.1142693255	-529062.135823577	-548614.6570180246	-568357.9288899027	-588080.5417501498	-608222.3188074372	-628336.1146840028	-649085.06579823	-669871.8245055643	-690754.094748133	-712044.7056278731	-733713.8819893241	-755307.9344800017	-777280.3792444488	-799137.5880712549	-821863.6999371658	-844437.1636433724	-867395.2162943556	-890412.1508001743	-913633.5452737232	-937270.0063054961	-961076.3747592539	-985191.6342950936	-1.0094859676376325e6	-1.0342006026093096e6	-1.0590271348478359e6
-334.07546519242976	-2663.5439224495994	-4950.716107312595	-7158.506007581111	-9249.680946960849	-11186.777360381662	-12931.996796562982	-14447.072846916206	-15693.097351380527	-16630.292207175855	-17217.71409449964	-17412.891487957106	-17171.439931130844	-16446.850708966515	-15191.099038674893	-13358.067014261049	-10915.848652159893	-7886.477496242413	-4469.499375427911	-1386.3416523024184	-54.59274998899398	0.	0.	0.	0.	0.	0.	0.	0.	0.	0.	0.	0.	0.	0.	0.	0.	0.	0.	0.	0.	0.	0.	0.	0.	0.	0.	0.	0.	0.	-49183.54221154233	-76713.30847594867	-98773.30199080787	-118373.3170419734	-136906.04795173273	-154516.7365216866	-171775.75150348234	-188677.07845184178	-205549.11774002583	-222232.1788073657	-238956.0112724193	-255642.15670363416	-272422.7785408335	-289472.66284757963	-306354.2238638329	-323552.89015687106	-340915.8430227876	-358364.6394211276	-375858.3788378687	-393848.24865977187	-411718.8662605437	-429877.31148261944	-448130.0200093455	-466869.31214138237	-485769.34852717	-504611.2075395243	-523809.9616309271	-543446.3607158187	-562898.2250229953	-582730.7229403488	-603038.6093205936	-623314.2039998523	-643784.221292781	-664641.3455326254	-685658.6477207012	-706836.6595158168	-728460.2148687869	-750011.0965616009	-771940.1022494418	-794250.1278525965	-816438.4584431949	-839050.0639098852	-862135.2040565711	-885340.1680295222	-908683.866716133	-932264.3719161012	-955973.8728362	-980195.2112159082	-1.0043663236088775e6	-1.0290279463380016e6	-1.053762210947359e6
-348.7418110645726	-2781.265575291364	-5173.320055311528	-7489.430736774322	-9694.001718813644	-11751.247647581722	-13625.111588143034	-15279.16264245449	-16676.465905323555	-17779.416549246882	-18549.531044282303	-18947.196164944417	-18931.402153229403	-18459.56109244676	-17487.718020950048	-15972.026977418462	-13873.92090808229	-11175.776271097164	-7926.452865262963	-4372.309016239375	-1293.7746883297104	-46.527040203710136	0.	0.	0.	0.	0.	0.	0.	0.	0.	0.	0.	0.	0.	0.	0.	0.	0.	0.	0.	0.	0.	0.	0.	0.	0.	0.	0.	0.	-32069.076271318052	-66090.02963538228	-90009.90994261265	-110585.62603029782	-129579.75987592238	-147619.608970698	-165172.92760201733	-182259.01728833158	-199245.43364904818	-216040.33523304496	-232856.78142894086	-249727.5303225096	-266585.37610883877	-283551.51046595495	-300549.7248885059	-317796.1292290721	-335058.0305678454	-352605.783625975	-370250.3864725355	-388126.1653722594	-406177.1593021441	-424237.5830189059	-442719.0998566006	-461373.83288197004	-480190.45249699993	-499145.656132226	-518551.838312151	-537876.1752626518	-557585.21721108	-577283.9205125534	-597606.1268642563	-617887.4864084877	-638521.9255707565	-659350.0948957985	-680088.1059865819	-701452.9521523896	-723054.8881373984	-744587.6263655403	-766474.0020790029	-788741.1496749144	-811047.7607076265	-833859.594018998	-856553.5249749835	-879837.788526443	-903458.8904571115	-926842.4958042667	-950630.0687067044	-974841.1516584401	-999124.3543217931	-1.0236584051417779e6	-1.048451144507602e6
-363.2313021524345	-2897.537497314327	-5393.038148562384	-7815.725478117997	-10131.491648614816	-12306.073871309436	-14304.989587742382	-16093.457638724149	-17636.300784928655	-18897.824801991235	-19841.67067893693	-20430.64172205944	-20626.522812318857	-20389.94978039856	-19680.490234415167	-18457.357343454834	-16681.83760534606	-14324.215254904826	-11382.486444422766	-7932.570705449723	-4264.253126614338	-1206.1194011216962	-39.778612292653214	0.	0.	0.	0.	0.	0.	0.	0.	0.	0.	0.	0.	0.	0.	0.	0.	0.	0.	0.	0.	0.	0.	0.	0.	0.	0.	0.	0.	-53286.95036350162	-80150.57434375252	-102049.40168660689	-121757.32265682696	-140283.15342768934	-158071.08198957576	-175455.24618417057	-192642.86962221647	-209560.489666171	-226509.70488967438	-243364.98516052205	-260347.0454455825	-277480.6160456342	-294622.9519615443	-311712.2030434311	-329250.9585146025	-346714.15775442775	-364469.47865341796	-382270.458401119	-400318.2770391668	-418457.3136583695	-437002.3186642841	-455614.5034930899	-474342.74686053453	-493406.3511433948	-512599.4547882359	-532087.3562092301	-551650.9263142326	-571802.9663592746	-591866.9998859436	-612210.5093240486	-632677.5249568488	-653425.5756527014	-674602.8125685249	-695735.3094206508	-717209.0142022336	-738985.0210124159	-760891.6979909785	-783052.0806914418	-805659.3005210175	-828302.5063381793	-851214.2817307231	-874434.0378112538	-897455.2434306041	-921203.7977854533	-945078.3819078859	-969114.8635525978	-993420.3097709082	-1.0178352355665145e6	-1.0428320818441889e6
-377.5316146388474	-3012.2654342416677	-5609.714524527116	-8137.211269678627	-10562.006233346161	-12851.224185726	-14971.813236926328	-16890.484440975008	-18573.63906836384	-19987.280955751332	-21096.91261518181	-21867.41764671986	-22262.941919565666	-22246.8098339115	-21781.567823902828	-20829.377390334972	-19353.285366712986	-17320.627600245367	-14711.60376867258	-11540.585729814506	-7909.861655091799	-4148.600185263999	-1123.675431541175	-34.11580260553714	0.	0.	0.	0.	0.	0.	0.	0.	0.	0.	0.	0.	0.	0.	0.	0.	0.	0.	0.	0.	0.	0.	0.	0.	0.	0.	0.	-36131.53619266323	-68895.87642797446	-92567.38711749982	-113265.16168554475	-132355.60215125635	-150572.92260450777	-168308.78121947343	-185564.20383233414	-202840.92604893484	-219928.47614489569	-236941.45655908567	-253887.38731910603	-271063.296892034	-288187.3204703952	-305526.4302017587	-322904.3382072582	-340464.3265161111	-358314.2152832003	-376072.07222697674	-394159.83720109786	-412479.0477404297	-430906.24419985927	-449644.7536658232	-468281.1695884764	-487394.4461180858	-506646.9988292303	-526167.0223642068	-545728.3650172071	-565616.1354862789	-585802.1505561281	-606224.2957223753	-626926.8669477007	-647588.3156680126	-668479.1341530327	-689940.9216589896	-711435.2950991008	-732848.8025429981	-755112.7917622474	-777295.4591729107	-799518.743863181	-822304.7441837112	-845093.6711510383	-868268.864421345	-891504.2273917202	-915327.1439238256	-939059.8664273638	-963152.2599765232	-987537.66760895	-1.0119816512584018e6	-1.036987561219535e6
-391.62986329771394	-3125.3499601413287	-5823.180343811856	-8453.682282018099	-10985.35102478521	-13386.58102169108	-15625.626493708223	-17670.555734581834	-19489.197565566803	-21049.07875075516	-22317.35235617311	-23260.719970165846	-23845.357418691954	-24036.868419515555	-23800.32279091666	-23100.505619140575	-21902.65639879483	-20174.3159618008	-17889.668309706274	-15039.570654924648	-11654.932148246327	-7862.993538410647	-4028.036095875123	-1046.5305699945757	-29.349592132409605	0.	0.	0.	0.	0.	0.	0.	0.	0.	0.	0.	0.	0.	0.	0.	0.	0.	0.	0.	0.	0.	0.	0.	0.	0.	0.	0.	-55314.33635517776	-82068.0302415759	-104126.05191421675	-123977.01084216556	-142653.58877574714	-160678.31553633642	-178325.50894740853	-195617.33031149092	-212804.62890684672	-230030.109634337	-247174.14927707473	-264408.9751330923	-281630.5800679263	-298922.9553451009	-316436.87870815216	-334063.49689657585	-351795.7439924863	-369569.68060626276	-387893.54575021035	-406040.42105186783	-424577.8522853068	-443058.0518379277	-462172.22157633083	-481194.5782063385	-500398.52883496636	-520031.68006976583	-539445.651984485	-559444.6198232562	-579744.7773742055	-599909.448693139	-620691.6361151878	-641341.6506874646	-662335.7508289634	-683721.1829508215	-705001.8639014395	-726763.217593552	-748976.6612747452	-771111.7601237424	-793629.8094924559	-816028.348429947	-838851.8152093334	-862150.5164668297	-885570.7252152716	-909131.1824180324	-932929.8766447529	-957159.5736412309	-981301.1389075778	-1.0059344458910327e6	-1.0305610058151496e6
-405.5125863107804	-3236.6864880322273	-6033.254448039798	-8764.90831374201	-11401.28778044892	-13911.953458450515	-16266.356975310628	-18433.807198250866	-20383.431825493997	-22084.13404583965	-23504.545018898174	-24612.975202230427	-25377.372284986785	-25765.303127755666	-25743.99665031924	-25280.524302052465	-24342.276090478754	-22898.05930034442	-20920.506088236052	-18391.261020013528	-15312.21318236596	-11730.428644641761	-7796.193857620222	-3904.7326941350084	-974.6246394930328	-25.325704982764265	0.	0.	0.	0.	0.	0.	0.	0.	0.	0.	0.	0.	0.	0.	0.	0.	0.	0.	0.	0.	0.	0.	0.	0.	0.	0.	-37310.54971945938	-70081.15686455207	-93929.69826783174	-114888.73205987278	-134286.57431697898	-152740.5453789253	-170561.52691752292	-188243.66073892903	-205559.12743773367	-222766.65409340605	-239963.9509878038	-257395.5306720039	-274596.3265567725	-292076.7276971508	-309610.68299884547	-327284.2568130685	-345125.8621838305	-363023.4045578862	-381209.2863503078	-399399.1798853667	-418034.62986351684	-436551.2798735589	-455518.2260886313	-474479.322928786	-493879.5701311725	-513365.7276515422	-533174.3144342195	-552909.2014498297	-573202.5661526318	-593605.5515937085	-614124.8607789417	-634906.6677794732	-655837.4843620311	-677244.012147454	-698605.1808525879	-720432.6060555577	-742396.4406470535	-764476.8082603387	-786939.7882000653	-809721.4456913662	-832647.6204345584	-855684.3153147065	-879208.2036298403	-902471.1598451199	-926641.4555617333	-950645.583615308	-975074.6464029187	-999577.1388719414	-1.0243317302992356e6
-419.16573276546546	-3346.1652729155203	-6239.743862966768	-9070.636720959772	-11809.539227798306	-14427.086794444916	-16893.833027761197	-19180.22578085573	-21256.58089221752	-23093.053876737915	-24659.61075084451	-25926.000963630413	-26861.73882900158	-27436.106374963812	-27618.202913090812	-27377.090338020214	-26682.12894617274	-25503.68825459847	-23814.596437726424	-21593.059241700757	-18828.56127577283	-15534.027058565885	-11771.85733905297	-7713.21596782051	-3780.419855703566	-907.7975288099907	-21.918073277260948	0.	0.	0.	0.	0.	0.	0.	0.	0.	0.	0.	0.	0.	0.	0.	0.	0.	0.	0.	0.	0.	0.	0.	0.	0.	0.	-55586.3714153565	-82707.94008492625	-105008.50001745949	-125076.1708340507	-144106.26841387287	-162434.09460053098	-180301.3088155633	-197822.32755206843	-215247.34620505283	-232718.4801953969	-250106.29747476283	-267451.0244789242	-284851.6230553964	-302539.3952918023	-320227.5990089574	-338072.23333921965	-356074.2244523449	-374120.0857416425	-392570.83726374473	-410951.3010697186	-429770.8404129017	-448711.4535907354	-467845.5595696367	-487146.9332788653	-506591.4820012741	-526307.0459379114	-546388.6095529168	-566531.0543236568	-586810.9009632923	-607550.8821025701	-628089.1331220958	-649301.5113131276	-670445.3822402104	-692201.1429961448	-713908.2682582596	-735551.7514476182	-757993.9763531634	-780409.4995178883	-803210.2884265702	-825948.2190480558	-848994.7091069276	-872390.4920134896	-896177.3662748656	-919879.0151697767	-943931.7723799088	-968347.456234854	-992778.1061399987	-1.0176318438694346e6
-432.5746533128782	-3453.6714182923715	-6442.444202680296	-9370.593947759937	-12209.792824818274	-14931.670073096175	-17507.797088749932	-19909.67170413452	-22108.70183294734	-24076.18909179136	-25783.313796919276	-27201.124151053948	-28300.534963436756	-29052.345779023366	-29427.296423776137	-29396.192705169382	-28930.16196491349	-28001.14821505696	-26582.851159091624	-24652.49646592248	-22194.190973762907	-19205.385953217217	-15709.708905384014	-11783.756610924003	-7617.337768031143	-3656.454959042415	-845.8247530272394	-19.023496713937273	0.	0.	0.	0.	0.	0.	0.	0.	0.	0.	0.	0.	0.	0.	0.	0.	0.	0.	0.	0.	0.	0.	0.	0.	0.	-35869.36194588731	-69773.7439565428	-94107.61231233636	-115378.82114916704	-134986.77986289377	-153700.65830915203	-171830.18273979332	-189770.3888207416	-207382.01191088322	-224949.0024846791	-242371.74226491025	-259895.36729317583	-277492.1011637305	-295199.9345668335	-312857.5878144599	-330738.1008453604	-348786.4986625793	-366943.26054246945	-385372.87660336756	-404026.9647240056	-422736.7182411807	-441539.1691058015	-460565.9203806564	-480080.84509135893	-499422.24452006345	-519221.8013657293	-539192.2525303725	-559387.8522777489	-579887.8005166083	-600523.4885072393	-621242.6269244067	-642228.6530804832	-663595.3640962362	-685200.8630061632	-706792.1259891279	-728833.2865083956	-750805.662796067	-773660.860064885	-795899.2669068187	-819026.2865713091	-842024.8793780933	-865454.332677609	-889136.5136052108	-913016.2257032612	-937084.178415476	-961493.0960417194	-986010.9950830955	-1.0109028302074389e6
-445.72409450253207	-3559.084895541038	-6641.140017870001	-9664.486782278009	-12601.703798163839	-15425.342111958189	-18107.91632369409	-20621.895858730117	-22939.696813947554	-25033.675192396397	-26876.123006246125	-28439.26984973535	-29695.294438736702	-30616.353822956233	-31174.643466718153	-31342.510841013303	-31092.66164503543	-30398.526892290538	-29234.91146023659	-27579.14099429599	-25413.106452811873	-22726.965761041254	-19526.0174342414	-15843.985856305939	-11770.338417666779	-7511.382627944212	-3533.886267456182	-788.4433963097259	-16.55731005131903	0.	0.	0.	0.	0.	0.	0.	0.	0.	0.	0.	0.	0.	0.	0.	0.	0.	0.	0.	0.	0.	0.	0.	0.	0.	-53973.22373798434	-81896.97826214855	-104798.27717857828	-125272.24380604042	-144522.31235766405	-163079.00677137583	-181293.27528146305	-198998.58988907424	-216754.49066638807	-234475.3223623623	-252013.61614744106	-269610.05021424306	-287440.7977043253	-305206.4906175477	-323230.0180366742	-341225.82263227314	-359547.7841108623	-377965.2802538325	-396392.8692475901	-415267.059924054	-434237.49240234896	-453410.4859953376	-472709.32563969376	-492276.9683594557	-512098.4756958318	-531975.0660513354	-552258.071106629	-572487.4865117122	-593226.3985999051	-614066.9900312623	-635052.2717634211	-656189.0139205579	-677803.9488973703	-699629.3727438914	-721679.1042470344	-743913.7918950627	-766218.2702373177	-788907.3816714723	-811984.0221182295	-835098.2793109419	-858339.829654607	-882203.697809738	-905786.5966579871	-929896.2287073415	-954218.9405424725	-978823.0848852587	-1.0037414751915894e6
-458.59819734833604	-3662.280584432667	-6835.605122320137	-9952.003433439917	-12984.897669372669	-15907.696440483545	-18693.791250460727	-21316.553793572213	-23749.33468835428	-25965.464568348143	-27938.259005131677	-29641.029626748656	-31047.10522220412	-32129.868934435544	-32862.821413045385	-33219.68602071086	-33174.58255248245	-32702.31347110493	-31778.836834582613	-30382.053087945842	-28493.128544816667	-26098.757442919687	-23195.11721715522	-19795.017677894208	-15941.477652457157	-11735.44035855701	-7397.754008973105	-3413.508704763913	-735.3707496761787	-14.4498829529939	0.	0.	0.	0.	0.	0.	0.	0.	0.	0.	0.	0.	0.	0.	0.	0.	0.	0.	0.	0.	0.	0.	0.	0.	-31528.759891103222	-67886.83427460554	-93035.24257217874	-114795.34440207243	-134797.0593918236	-153815.0751957262	-172338.45203795648	-190438.001752896	-208345.78698564478	-226099.62035719687	-243801.0068217436	-261681.66482056995	-279428.8332937621	-297385.16283712134	-315319.7272005759	-333466.6216008379	-351808.27276705514	-370212.17959850415	-388923.55801581213	-407653.18443945365	-426483.89955627953	-445733.8413467269	-465058.58493240457	-484734.0033363191	-504444.83405386814	-524470.9155818855	-544663.3235975937	-565104.0730131948	-585687.5122630127	-606512.9118822047	-627624.2266524794	-648861.9712850897	-670386.5558058986	-692349.0902089184	-714265.2221291878	-736528.9358560385	-758774.9793380529	-781405.3232485064	-804422.8635084414	-827830.4960382648	-851168.421393717	-874817.6958779463	-898271.2372767936	-922616.9996448653	-947029.2019124486	-971456.8264009972	-996428.3517094973
-471.1805007167505	-3763.1283423649124	-7025.60292563923	-10232.814502750145	-13358.97242992882	-16378.285451344604	-19264.962884403623	-21993.217178375082	-24537.26851101795	-26871.352385008442	-28969.731641345483	-30806.715005850972	-32356.685363252396	-33594.14262936952	-34493.76872153075	-35030.52629056115	-35179.80956468404	-34917.67651633663	-34221.20953136383	-33069.08205969064	-31442.461132055494	-29326.469311032517	-26712.604644655978	-23602.864252289695	-20017.061996504526	-16006.592467746375	-11682.505685544142	-7278.477221245836	-3295.9117021961424	-686.317466435085	-12.6437981979307	0.	0.	0.	0.	0.	0.	0.	0.	0.	0.	0.	0.	0.	0.	0.	0.	0.	0.	0.	0.	0.	0.	0.	0.	-50404.375241293375	-79863.1633667496	-103358.8032675457	-124298.23439399764	-144003.40130219836	-162899.92241660308	-181340.06067290294	-199484.12668773846	-217405.21719178878	-235358.32920680146	-253273.60723659123	-271166.5392839335	-289112.232374496	-307258.60688720486	-325414.7487864457	-343736.91903793765	-362225.0437414732	-380816.26611278526	-399716.4786933366	-418602.6112127198	-437913.11330851127	-457397.348096291	-476790.3912807744	-496548.2059499057	-516555.4117721626	-536880.6294429002	-557415.0142930456	-578048.5358289528	-598642.2376005052	-619814.2219876263	-641224.9477209992	-662629.2415760871	-684429.7017770887	-706524.9248289691	-728773.5950460634	-750929.833582154	-774022.5525915307	-796987.7830312835	-819816.6172174902	-843551.641888609	-867149.98173235	-890812.0661717673	-915064.6736267256	-939230.2552515932	-963741.6931315234	-988783.0366522418
-483.45395016192055	-3861.4931094474373	-7210.886795934893	-10506.57391076366	-13723.500490530669	-16836.623998929495	-19820.918805562836	-22651.383395653833	-25303.05002077087	-27750.997749081736	-29970.370241578206	-31936.400126004664	-33624.44265244098	-35010.02253329759	-36068.89971758549	-36777.162672998136	-37111.362132541566	-37048.705139145364	-36567.34020644226	-35646.78229364982	-34268.55609092536	-32417.18728877683	-30081.762899951937	-27258.45343539268	-23954.73460326888	-20196.798747886904	-16043.454538838512	-11614.584342748587	-7155.243617296538	-3181.5194893280786	-640.9966448694101	-11.091578262128817	0.	0.	0.	0.	0.	0.	0.	0.	0.	0.	0.	0.	0.	0.	0.	0.	0.	0.	0.	0.	0.	0.	0.	-22839.15067116953	-64406.68707817446	-90683.16862345838	-113104.22270431867	-133583.84808152667	-153037.46072497935	-171793.8952489406	-190165.22885625646	-208396.1802233793	-226478.2029198063	-244557.6791586434	-262622.9257613257	-280586.7470811592	-298718.07239743625	-317065.531026923	-335481.27718308487	-353996.86528991174	-372628.98052794754	-391528.78766334825	-410596.52326989477	-429784.1492966182	-449101.953276154	-468957.3413958634	-488662.2001972092	-508504.2339808599	-528837.8621081673	-549294.0768507984	-570101.5299578612	-590749.4489094372	-612036.9967995737	-633286.8880204819	-654900.0722054988	-676713.5457525969	-698436.5818704333	-720801.5134237984	-743381.8781581643	-765947.4953460881	-788846.9336727253	-812135.8316169254	-835464.1223527329	-859144.2865413886	-883002.6278416693	-906975.648562835	-931441.352260453	-955942.8221408518	-980818.2690704026
-495.40091286217296	-3957.235056286892	-7391.2004730731915	-10772.919827260215	-14078.030504318476	-17282.192627216646	-20361.09845680614	-23290.4837599344	-26046.141867834867	-28603.941349776094	-30939.848518530755	-33029.95640392943	-34850.52243755814	-36378.01797540109	-37589.194084148075	-38461.16994792022	-38971.5531523186	-39098.605534217975	-38821.475140597606	-38120.52566848105	-36977.8122402142	-35377.78138160939	-33308.32293143127	-30762.391175002977	-27740.58264380915	-24255.40474872472	-20338.737665195127	-16055.859655575685	-11534.34875131984	-7029.454082162252	-3070.62455612657	-599.1299136775204	-9.753853035889616	0.	0.	0.	0.	0.	0.	0.	0.	0.	0.	0.	0.	0.	0.	0.	0.	0.	0.	0.	0.	0.	0.	0.	-44431.580641830944	-76368.68071620323	-100699.66475451634	-122418.66994047607	-142442.37757012123	-161796.86671588465	-180623.18712918155	-198959.23098139648	-217312.57292891506	-235411.79298939172	-253632.4176338527	-271825.5425925659	-290136.37347438146	-308481.40629330743	-326793.02169375826	-345374.870544569	-364078.5273152381	-383116.4181885642	-402168.1335724635	-421413.41558601265	-440738.8271467332	-460389.723333791	-480286.3589769159	-500357.01235723146	-520576.4055352266	-540905.0497779706	-561718.070138359	-582501.7298165675	-603615.2516460952	-625127.1396178534	-646655.7637485653	-668302.7545687177	-690384.4706167574	-712505.4794421653	-735013.8384356218	-757873.8220477694	-780711.2642847886	-803937.8334757646	-827104.7740376681	-851107.2742777084	-874971.1591046107	-899159.7829116142	-923254.5480994406	-947835.6588743095	-972756.7531668219
-507.00319932802665	-4050.209781119035	-7566.278550921514	-11031.47564634929	-14422.089145043743	-17714.44057162097	-20884.897913968594	-23909.890747329235	-26765.928176975394	-29429.62047040611	-31877.705475431434	-34087.08123729276	-36034.84667479318	-37698.35281016009	-39055.267957477095	-40083.66159359113	-40762.11357209971	-41069.85821829507	-40986.977200550275	-40494.661767770616	-39575.57547392922	-38214.36549346857	-36398.398883209324	-34118.849004985976	-31372.3459525483	-28163.575358627517	-24509.5622373948	-20447.16664108787	-16047.253578709358	-11444.11907135811	-6902.259889259392	-2963.4151522628476	-560.4513325359485	-8.597881473108067	0.	0.	0.	0.	0.	0.	0.	0.	0.	0.	0.	0.	0.	0.	0.	0.	0.	0.	0.	0.	0.	0.	0.	-59071.95222500429	-87048.57086272193	-110286.47946610613	-131308.9309240234	-151285.9878914487	-170358.8734519615	-189169.2164747472	-207665.75651401863	-226057.6509700747	-244273.06494696255	-262679.0609344932	-281034.9030584282	-299355.0125393312	-317880.80061276216	-336597.4276249957	-355355.4545612798	-374319.4409327934	-393388.5667254214	-412689.5698987965	-432134.673810844	-451794.0803982312	-471736.0352676506	-491674.9725704244	-512112.3917817376	-532382.1178736154	-553064.9065318177	-574118.5489959446	-595374.7215279764	-616550.3575226344	-638288.6757339041	-659936.7439950262	-681984.7961378347	-704200.7091548827	-726584.2560848516	-749426.4157473573	-772196.1352700486	-795354.5971275687	-818904.6972411062	-842330.0435766915	-866161.3859132479	-890535.2016837464	-915002.9159097583	-939385.1541827044	-964383.8218462322
-518.242092624369	-4140.268562769452	-7735.847045267188	-11281.851041880092	-14755.1829071366	-18132.788651444935	-21391.67431899784	-24508.924534716076	-27461.723901402034	-30227.382050196433	-32783.36331597403	-35107.322241742375	-37177.14643770183	-38971.00876876261	-40467.43147473336	-41645.365724105395	-42484.291393673404	-42964.34375266763	-43066.47652304694	-42772.675009043036	-42066.23947352968	-40932.1691604293	-39357.69391530588	-37333.028077692856	-34852.46969417278	-31916.05681252798	-28532.16531157221	-24721.79346851914	-20526.094686688106	-16020.72826258898	-11345.893796850869	-6774.599873812566	-2859.9977017804167	-524.7097165168349	-7.596356892966253	0.	0.	0.	0.	0.	0.	0.	0.	0.	0.	0.	0.	0.	0.	0.	0.	0.	0.	0.	0.	0.	0.	-35108.44345479329	-71275.73374407039	-97015.46324671934	-119375.82559333011	-139953.23360974833	-159714.8389203985	-178926.38089867486	-197576.35220541534	-216247.79348688867	-234776.99834040395	-253229.39821284421	-271569.3927070853	-290194.83331446425	-308708.7938844933	-327418.7252733536	-346221.41967446345	-365276.0502473815	-384521.9954616466	-403867.1886983301	-423203.1709899851	-442880.0884823964	-462769.3603333579	-482932.02781782387	-503237.2959616648	-523656.12623484264	-544278.5686874139	-565317.4323770185	-586567.1851108413	-607933.5145172067	-629422.3415050609	-651182.0649986162	-673096.3257953287	-695498.4433760373	-717983.6861517456	-740690.2085222744	-763664.8313452419	-786758.5214835224	-810243.5116834514	-833905.312481183	-857788.9746156763	-882080.7854971159	-906094.9021149426	-930891.7433722413	-955663.3658827079
-529.0983856548586	-4227.258675744702	-7899.624062721591	-11523.643133864249	-15076.799983897989	-18536.63214837446	-21880.750129477743	-25086.859085198917	-28132.783322449006	-30996.494319530604	-33656.14312418765	-36090.0981369173	-38276.98951257815	-40195.76172100018	-41825.73623516131	-43146.686917317995	-44138.931530514485	-44783.44403965374	-45061.994177867586	-44957.32344540859	-44453.37079189427	-43535.567536550356	-42191.231074800424	-40410.10321479071	-38185.10649747982	-35513.44029554307	-32398.228172282423	-28851.10422753812	-24896.497381930625	-20579.217516997785	-15979.031106450448	-11241.382602823336	-6647.233484404259	-2760.4149542939776	-491.66983748311725	-6.72643960506541	0.	0.	0.	0.	0.	0.	0.	0.	0.	0.	0.	0.	0.	0.	0.	0.	0.	0.	0.	0.	0.	0.	-51488.98749447846	-82051.9844315727	-106284.20712716736	-128045.76618856573	-148399.44104612534	-168099.12348594583	-187190.468678788	-205980.22978200085	-224686.7570972245	-243289.0014722039	-261849.80459462357	-280540.60745887255	-299248.5437276649	-317941.28017250693	-336940.36236116773	-356036.4887660256	-375073.1642549255	-394486.7192878123	-414096.0761579055	-433943.8634899273	-453680.53370120825	-473795.162474328	-494100.2982437113	-514623.3925621913	-535288.6685545883	-556265.7579838984	-577326.7743060387	-598873.6721402623	-620590.1378081962	-642184.8807144671	-664347.6465323943	-686397.0101632116	-709067.0311012958	-731773.6537883225	-754872.6161096015	-777898.6563112988	-801315.637731654	-825126.456291976	-848811.3806372553	-872850.5890127008	-897285.8862172202	-921997.095688053	-946920.8201222066
-539.5524274461122	-4311.023773526012	-8057.320584690084	-11756.437793799105	-15386.412271549523	-18925.343749906715	-22351.41730904251	-25642.927969036944	-28778.3079750515	-31736.15741602586	-34495.27890146238	-37034.71712544449	-39333.80429458566	-41372.212598356484	-43130.01518116619	-44587.75747074033	-45726.541279663674	-46528.124906634104	-46975.043644074365	-47050.756843122435	-46739.83029781829	-46028.16670209034	-44903.30313158265	-43354.804396733816	-41374.79735164952	-38958.718845234354	-36106.398972097646	-32823.69259995757	-29125.052898473747	-25037.823560276134	-20609.90165707379	-15924.58310261347	-11132.039279503166	-6520.769669750187	-2664.6606048235512	-461.1128375729791	-5.968971853381005	0.	0.	0.	0.	0.	0.	0.	0.	0.	0.	0.	0.	0.	0.	0.	0.	0.	0.	0.	0.	0.	-17798.788064500364	-64234.91796803538	-91820.58696637044	-115185.73426461876	-136479.13248610587	-156770.29440582058	-176302.53227096616	-195500.3109353807	-214384.58365915404	-233190.44729748787	-251925.4031493635	-270576.5097063646	-289520.446699177	-308168.8555903561	-327308.7056240389	-346544.1918779897	-365652.65844617	-385065.9647129481	-404537.09934725286	-424334.4916566744	-444472.4512691844	-464433.5750966949	-484816.40131771594	-505344.9495619811	-526139.0176494626	-547010.018748227	-568343.6857697825	-589494.4479592093	-611046.3880497877	-633097.6865609252	-655119.7781797462	-677347.1583908758	-699792.380397986	-722468.735834766	-745490.2665540994	-768703.5713533949	-792047.7272297685	-815785.3202739178	-839919.246406872	-863983.7230552154	-888221.331427557	-912831.0298321026	-937548.7481405098
-549.5841788498403	-4391.4043458270535	-8208.641379290972	-11979.81111043172	-15683.477539911844	-19298.276624156628	-22802.941560335363	-26176.330072416742	-29397.454221627017	-32445.513301397958	-35299.930416316034	-37940.39341119025	-40346.90090150244	-42499.81427959188	-44379.91674591846	-45968.480665236755	-47247.34490987917	-48199.00437974518	-48806.714662131795	-49054.61593744964	-48927.88194600287	-48412.90240681711	-47497.51124513752	-46171.2791700771	-44425.89906407178	-42255.70899615638	-39658.42560213362	-36636.210384865546	-33197.28488044138	-29358.49645551832	-25149.631969042828	-20621.182940622995	-15859.50251185937	-11019.09332568627	-6395.691798668582	-2572.691015059456	-432.83610137463256	-5.307839177554323	0.	0.	0.	0.	0.	0.	0.	0.	0.	0.	0.	0.	0.	0.	0.	0.	0.	0.	0.	0.	0.	-40407.52196125294	-75321.5375353221	-101077.231167293	-123636.50023581098	-144737.98143665036	-164849.46889067176	-184293.32012367336	-203550.9762718911	-222556.74238946586	-241497.45922509063	-260324.68175372912	-279301.0954826006	-298161.46131098445	-317246.82860879344	-336508.0276677245	-355923.2817070222	-375423.34311809397	-394965.1102043465	-414655.75096571806	-434571.16162071686	-454854.6801555531	-475181.2961165066	-495857.69310595246	-516443.89299445035	-537471.0155334332	-558820.176822454	-580116.6375444053	-601726.560605604	-623502.8231402922	-645567.4548770471	-667905.9005039273	-690399.2555820141	-713076.4817064217	-736274.780109907	-759175.7157844637	-782750.1871250912	-806417.4819459065	-830129.6429822356	-854583.0689148868	-878962.5119628404	-903659.2890042671	-928259.1501029065
-559.1732784370882	-4468.238255151854	-8353.286052838754	-12193.33104074955	-15967.441804395976	-19654.76767886617	-23234.566684473506	-26686.235317078605	-29989.34065209401	-33123.65523183667	-36069.195222782066	-38806.262355882434	-41315.49020458924	-43577.89541992267	-45574.93464048269	-47288.5679463199	-48701.32995290313	-49796.409983002755	-50557.743264838915	-50970.11586706061	-51019.287220304315	-50692.13578952735	-49976.836055196545	-48863.078962338535	-47342.35424403297	-45408.32306345539	-43057.32599411747	-40289.099760380945	-37107.82699480979	-33523.738979650836	-29555.68256779358	-25235.470896039355	-20615.77560080959	-15785.631453642978	-10903.579336791001	-6272.378943185775	-2484.4345715774984	-406.6527667104775	-4.729449562988698	0.	0.	0.	0.	0.	0.	0.	0.	0.	0.	0.	0.	0.	0.	0.	0.	0.	0.	0.	0.	0.	-54773.940633243226	-85212.39769001426	-109830.45311358954	-131864.7620329266	-152757.44802952168	-172745.73939379747	-192322.73874033452	-211567.8551787968	-230778.8326218568	-249760.48024048732	-268868.0610424739	-287902.65034104866	-307163.01804339926	-326291.0849291872	-345822.70528924407	-365225.3245495072	-384949.9344873579	-404874.99794894864	-424830.46140813455	-444915.75463115406	-465428.53307317325	-485947.9855153164	-506688.63645019406	-527627.7830828263	-548869.057298189	-570386.5804905214	-591981.894748789	-613893.3777882047	-636055.7313202493	-658091.7663530647	-680783.4176978314	-703592.4249951983	-726390.3811170727	-749651.2929836252	-772843.7482043909	-796942.3646149255	-820409.3652019699	-844788.3188219098	-869035.2224272751	-893724.0250244638	-918629.3886363431
-568.2991190993158	-4541.361357424475	-8490.950251079257	-12396.559260215387	-16237.741928465792	-19994.14105319724	-23645.51913318495	-27171.79048993811	-30553.055451642136	-33769.636981457974	-36802.120126261165	-39631.39466146688	-42238.701314032696	-44605.68196956233	-46714.43431421491	-48547.57144603723	-50088.287127665775	-51320.4275735966	-52228.57100635596	-52798.11673542486	-53015.38629393293	-52867.74033687942	-52343.71676330075	-51433.19817739766	-50127.62087804895	-48420.24392516597	-46306.50703009532	-43784.52287252368	-40855.77838729726	-37526.1715110185	-33807.608046637935	-29720.58013199518	-25298.56947548542	-20596.088673164842	-15704.56348089159	-10786.363733843427	-6151.123913865003	-2399.7991274977553	-382.39100466482	-4.222307540691252	0.	0.	0.	0.	0.	0.	0.	0.	0.	0.	0.	0.	0.	0.	0.	0.	0.	0.	0.	0.	-21464.243079272368	-66552.3774907045	-94468.2943642776	-118187.97459432723	-139921.28803376565	-160617.293959582	-180632.5250450558	-200170.40497351388	-219541.80644138914	-238748.53130719345	-258011.0518576855	-277118.6812743826	-296518.3081176554	-315802.04362571647	-335382.6353081497	-354781.3741673457	-374664.0310638136	-394380.5457509789	-414537.1763595836	-434732.91600843583	-455210.3092913704	-475921.4690522139	-496506.7751792931	-517602.5958411327	-538896.6198337937	-560337.4087529014	-581986.4952878479	-603701.7479948917	-625824.0478096423	-648212.1144049504	-670621.8615431314	-693414.3101404731	-716569.1145252455	-739598.2489093214	-763195.2745170739	-786773.6270432348	-810683.5724702956	-834991.5750904105	-859312.6470583347	-883816.9219124772	-908822.6888305215
-576.9409358439129	-4610.608210732294	-8621.327018710655	-12589.053229393592	-16493.808480359417	-20315.71187550518	-24035.012810689408	-27632.125261367702	-31087.663848279408	-34382.481975756215	-37497.712314519194	-40414.80987897066	-43115.597933274796	-45582.31695168498	-47797.67687196281	-49744.91291705596	-51407.84534281517	-52770.943611999166	-53819.39573008247	-54539.183843084	-54917.16775128091	-54941.17888579037	-54600.127976413154	-53884.133367653194	-52784.67585512655	-51294.79485266414	-49409.34335684159	-47125.331457997876	-44442.40474532726	-41363.53352064325	-37896.04183737813	-34053.206080985954	-29856.855384786606	-25341.841346420242	-20564.247022299685	-15617.670783431782	-10668.168666024849	-6032.148449206526	-2318.6778958845657	-359.89316263832154	-3.7766649973655975	0.	0.	0.	0.	0.	0.	0.	0.	0.	0.	0.	0.	0.	0.	0.	0.	0.	0.	0.	0.	-41490.6220011702	-76871.28888600226	-103173.88521834754	-126228.20505655791	-147715.3511514733	-168263.29196247875	-188300.41583846908	-207959.3762363613	-227396.45260693794	-246778.81440951093	-266163.5089192054	-285488.9989325751	-305063.4922057622	-324472.9996684163	-344308.0357838884	-363977.1939181974	-383982.04894735006	-404118.5273487586	-424224.32436276495	-444794.8537143038	-465496.50855671446	-486209.0703440337	-507146.65028059925	-528599.5712854622	-549999.9135625386	-571788.7055227597	-593648.6653868315	-615657.4743398341	-638149.5494294417	-660435.3957291676	-683242.0314055342	-706346.7907221727	-729430.2011316108	-752944.4276440585	-776858.1412474769	-800694.5337075924	-824928.6245173265	-849040.5412243438	-873510.0613781213	-898379.0100489175
-585.077905155951	-4675.812875309055	-8744.108323785362	-12770.368487622483	-16735.06886243422	-20618.79031730773	-24402.25416454147	-28066.35845303719	-31592.21572666743	-34961.192456709636	-38154.95032214399	-41155.48947574431	-43945.19390041415	-46506.87893619721	-48823.84104432693	-50879.90988992389	-52659.5028686116	-54147.68230022407	-55330.21568147882	-56193.63965646104	-56725.32877323721	-56913.57069909068	-56747.6504506621	-56217.94748703017	-55316.05139922895	-54034.90474207929	-52368.985795284454	-50314.55062453183	-47869.96434234948	-45036.1688925678	-41817.3647406867	-38222.03813505813	-34264.56889877793	-29967.862167148895	-25367.896368174097	-20522.11488676817	-15526.130123330031	-10549.593109134234	-5915.615945879494	-2240.954096323155	-339.014837071888	-3.3842341077813924	0.	0.	0.	0.	0.	0.	0.	0.	0.	0.	0.	0.	0.	0.	0.	0.	0.	0.	0.	0.	-55072.47936534212	-86255.02311898803	-111399.1026996346	-134069.69653021108	-155322.89446798275	-175950.17221346573	-195930.17280733102	-215660.31833821657	-235326.25093721817	-254825.843810087	-274413.38440509385	-293979.0140390991	-313532.65666336875	-333318.98845688876	-353125.5833879658	-373136.2205123261	-393284.77035736636	-413648.2296388762	-434144.06502115016	-454800.6289638132	-475491.8458098633	-496575.82646364573	-517867.6108259497	-539361.1854997908	-561161.6988652754	-582978.3619626781	-605053.1226420942	-627522.5283622256	-649959.5421988653	-672772.5734632459	-695794.5259317989	-719037.9477589651	-742516.1819220093	-766188.184138294	-790369.3728667349	-814524.6117141481	-838623.0667086795	-863360.4272995681	-888236.707347304
-592.6892561623239	-4736.809806763153	-8858.986751316694	-12940.061181543591	-16960.950725827195	-20902.68596273175	-24746.447597340975	-28473.604599920807	-32065.753472575798	-35504.75876993222	-38772.79495633488	-41852.38963720866	-44726.46815968124	-47378.39954132096	-49792.043664610705	-51951.7996689897	-53842.655504350165	-55450.23867703642	-56760.868349802164	-57761.60916604099	-58440.32748269905	-58785.75115865879	-58787.5347058471	-58436.33255187871	-57723.884511523494	-56643.119504712784	-55188.28642524683	-53355.12536500995	-51141.09906219306	-48545.715109067285	-45570.987146555126	-42222.11389382142	-38508.51035559958	-34445.431501622945	-30056.643176037967	-25379.057789463935	-20471.320362471	-15430.94695718333	-10431.131300652016	-5801.642086273848	-2166.5045999784124	-319.6239224699	-3.0379507007302546	0.	0.	0.	0.	0.	0.	0.	0.	0.	0.	0.	0.	0.	0.	0.	0.	0.	0.	0.	-17303.06876251794	-66248.52696984341	-95064.06466644307	-119382.98459282143	-141587.2354324502	-162792.6940824959	-183388.59792900714	-203511.1424151694	-223353.30483020763	-243147.88890789464	-262746.42314223363	-282380.2207979171	-302137.8254787116	-322071.18918925757	-341946.71526180767	-362073.2735957779	-382257.5942828415	-402494.66388359905	-423097.1682198147	-443835.0231456752	-464773.2231410258	-485893.0202882012	-507021.7374177971	-528669.6568215607	-550268.5784570801	-572259.3131276271	-594324.1148121761	-616772.1484913133	-639265.4094254236	-662115.632768579	-685245.1647527374	-708532.2901461384	-731863.2495179026	-755593.1430674548	-779685.2640771623	-803755.947213486	-828226.3756446502	-852635.9521775498	-877365.1854396237
-599.7543936704652	-4793.434843218537	-8965.657367778002	-13097.690832016466	-17170.88567706525	-21166.712505055195	-25066.80121758561	-28852.980835800037	-32507.32009201808	-36012.16883898938	-39350.2002749753	-42504.45393388541	-45458.379343245746	-48195.880213409866	-50701.35899473777	-52959.761632249865	-54956.622367700955	-56678.10849699617	-58111.06509844486	-59243.0599196237	-60062.428866267735	-60558.322903902226	-60720.757692239924	-60540.667984028805	-60009.969803803404	-59121.63480818847	-57869.78320109766	-56249.804472634634	-54258.519562755355	-51894.40477782535	-49157.90857229624	-46051.91026938065	-42582.40099036472	-38759.5238044487	-34599.21879675125	-30125.939340457207	-25377.382763683276	-20413.27969202458	-15332.977459406995	-10313.188718934929	-5690.303682556063	-2095.2027719280995	-301.59966868633796	-2.731778673703607	0.	0.	0.	0.	0.	0.	0.	0.	0.	0.	0.	0.	0.	0.	0.	0.	0.	0.	0.	-38539.86970980361	-76126.03478509563	-103188.94047389278	-126976.62316581045	-149119.91028677745	-170165.17292448186	-190785.23457287817	-210936.06846956402	-230923.698514326	-250768.3655067704	-270587.8746408739	-290428.67267443915	-310411.18209972087	-330541.8172565493	-350467.6810952675	-370899.7778604188	-391373.3009672738	-411837.2101857176	-432773.09673207556	-453572.51461888134	-474812.36685289035	-496064.84695923026	-517546.8032127358	-539234.4857727309	-561232.7103603982	-583514.7209089648	-605877.9563304724	-628205.3597394702	-651138.1769529856	-674323.0229172866	-697503.3982970722	-720905.7765794735	-744587.6263655403	-768583.1604781942	-792561.8177551433	-817035.7297488622	-841719.7151794622	-866904.7471703249
-606.25303296076	-4845.52628547218	-9063.819755158709	-13242.82333829672	-17364.31327672579	-21410.19277310141	-25362.53293710729	-29203.614116832945	-32915.96763028234	-36482.41786682541	-39886.12467980793	-43110.625942598905	-46139.88009484628	-48958.30846813925	-51550.83715565182	-53902.93818566895	-56000.66977839024	-57830.71552151341	-59380.422396288246	-60637.83773732052	-61591.74542699276	-62231.7019263501	-62548.07315434196	-62532.07377431513	-62175.81118881173	-61472.33754767072	-60415.71447867216	-59001.09722063915	-57224.84774640315	-55084.69080636686	-52579.93359827926	-49711.78067370921	-46483.79392443525	-42902.57929664574	-38978.839905618086	-34729.0467269193	-30178.2048626727	-25364.68457286766	-20349.22059003976	-15232.948343891054	-10196.09584564045	-5581.646017272038	-2026.9206713740598	-284.8317677469496	-2.46054790439994	0.	0.	0.	0.	0.	0.	0.	0.	0.	0.	0.	0.	0.	0.	0.	0.	0.	0.	0.	-52135.5163775871	-85083.6566275855	-111183.96765417354	-134523.52397337026	-156427.4750838594	-177500.2158744552	-198129.83836112625	-218263.70138497444	-238466.75805803147	-258496.50188419496	-278541.3011527918	-298576.2310537458	-318609.3102445238	-338886.20098749147	-359190.9515365722	-379708.30249543785	-400370.4510234568	-421128.14485144196	-442276.38113531016	-463328.4017960221	-484706.53734251723	-506313.8978614134	-527837.9150427724	-549943.3525320967	-572130.9655990525	-594395.9711339931	-617109.8200412904	-639746.4872134941	-663096.2108668165	-686145.9669327986	-709646.3338025234	-733654.1138768288	-757558.416996077	-781450.587963524	-806083.8821189838	-830785.4025863152	-855531.3644258669
-612.1653459896299	-4892.9260674826355	-9153.180209827584	-13375.034213203493	-17540.685323191243	-21632.464081044953	-25632.87691080374	-29524.648783233664	-33290.76589810615	-36914.51828266436	-40379.54215802641	-43669.86188000643	-46769.93122023291	-49664.67372186057	-52339.52184646313	-54780.454629808155	-56974.03359117632	-58907.43669606113	-60568.49026846024	-61945.6988861385	-63028.273485275335	-63806.15815701103	-64270.056453703364	-64411.45845817073	-64222.670435750915	-63696.84963979404	-62828.04784235619	-61611.26855655971	-60042.54488139464	-58119.047787641175	-55839.2390219639	-53203.08962346771	-50212.39608030122	-46871.244681881864	-43186.70705847663	-39169.909265313116	-34837.731148797095	-30215.625901248884	-25342.555337369165	-20280.204116906192	-15131.474505528966	-10080.119958572335	-5475.688922594192	-1961.530739189756	-269.2194837415534	-2.219819567876361	0.	0.	0.	0.	0.	0.	0.	0.	0.	0.	0.	0.	0.	0.	0.	0.	0.	0.	0.	-63211.27205935447	-93532.95630700327	-118760.8284732981	-141773.72488289684	-163592.5591768655	-184647.51114609212	-205316.84005246236	-225670.91886221332	-245876.90417234614	-266118.35822039057	-286402.1045914088	-306627.00740205194	-326817.45388497	-347292.42726204125	-367755.20098713087	-388423.40155567246	-409464.46647263865	-430378.389223415	-451534.52436946746	-473053.5594939546	-494676.0014534906	-516332.37421671796	-538270.1718722227	-560550.3836481357	-582921.1020102531	-605748.0790584786	-628278.0013753235	-651416.1345752886	-674808.973364139	-698199.5828677266	-722006.8758495317	-746124.5169539567	-770254.6461521451	-794613.2410389453	-819223.8692328767	-844238.6846293974
-617.4721184103587	-4935.481012497779	-9233.454097658268	-13493.912037358978	-17699.470406954148	-21832.883885522162	-25877.0903024406	-29815.254444638747	-33630.8114948771	-37307.50993179173	-40829.45368169789	-44181.14327364874	-47347.51571911236	-50313.98279665141	-53066.4674795016	-55591.438124482	-57875.940238283925	-59907.6255701842	-61674.77843832678	-63166.33931287924	-64371.92585390347	-65281.85182610083	-65887.14459318186	-66179.56224629693	-66151.61186349069	-65796.57096096451	-65108.51499167461	-64082.35428293371	-62713.88673466781	-60999.87142391044	-58938.13503221481	-56527.72426227006	-53769.1258418988	-50664.586445131026	-47218.583763053255	-43438.53305753993	-39335.87428129019	-34927.80216694997	-30240.141294390618	-25312.388336899694	-20207.14482633239	-15029.074582591784	-9965.475195446024	-5372.431805224033	-1898.9070769839877	-254.67083376690212	-2.0057739343908794	0.	0.	0.	0.	0.	0.	0.	0.	0.	0.	0.	0.	0.	0.	0.	0.	0.	0.	-30659.612855967713	-72900.41822896292	-101471.64181302353	-126106.21466050678	-148876.55250468288	-170663.6451132404	-191717.57421723483	-212404.57789314922	-232899.33565456202	-253350.9730280709	-273692.8080344245	-294096.52565909596	-314620.96510025737	-334996.4209454514	-355607.06633042946	-376493.2239973448	-397265.1605053089	-418391.26931546093	-439563.28278572165	-461183.95052478847	-482767.39203915163	-504486.42742528673	-526489.0765836824	-548755.9905070155	-571070.7017685149	-593864.2343524185	-616651.7042195837	-639615.2841804031	-663169.6157535072	-686426.5446609046	-710136.5130110985	-734356.3891985269	-758474.5935746689	-782916.2285865891	-807644.982645668	-832571.4376777746
-622.1549165430214	-4973.044167923424	-9304.368352728801	-13599.062114485674	-17840.15871285071	-22010.835723830074	-26094.460348077162	-30074.634160265632	-33935.237101811435	-37660.470485931735	-41234.8987511381	-44643.48967011534	-47871.652699156395	-50905.27514268428	-53730.75581166682	-56335.03587756625	-58705.626668252866	-60830.634222123794	-62698.780514262355	-64299.42139643033	-65622.56145370887	-66658.8661780535	-67399.67209778681	-67836.99578981605	-67963.54305060588	-67772.7199329213	-67258.64789936025	-66416.18605675659	-65240.96438692071	-63729.433231383104	-61878.936205552134	-59687.81658344943	-57155.57157980298	-54283.07590047994	-51072.907272206445	-47529.82585429458	-43661.49322720122	-39479.578830247	-35001.52202741021	-30253.464102379814	-25275.399349881747	-20130.82906634759	-14926.184587689624	-9852.33111369293	-5271.857792506114	-1838.926401413886	-241.10182396027125	-1.8151166560275314	0.	0.	0.	0.	0.	0.	0.	0.	0.	0.	0.	0.	0.	0.	0.	0.	0.	0.	-45693.96233948853	-81715.37587570609	-109077.27840268586	-133236.63325820747	-155843.332923737	-177546.43992355585	-198661.45408221957	-219552.15047578642	-240267.36818846175	-260741.94770710112	-281219.61205147067	-301924.1412577695	-322410.26882013836	-343134.45355800044	-363989.8605928302	-385027.2879710908	-406177.1593021441	-427383.96270381304	-448886.5051739015	-470589.83114163566	-492387.2453646533	-514456.23934725963	-536697.9031187476	-559174.9739820608	-581871.9987258704	-604663.7151932461	-627740.4532699012	-651079.6595588088	-674676.4414241047	-698273.6450560765	-722289.951324367	-746618.9364586532	-771111.7601237424	-795536.1537206658	-820363.7692031685
-626.196263127438	-5005.476209658126	-9365.664102465747	-13690.110303267222	-17962.267039111306	-22165.735396523833	-26284.311676220157	-30302.032870523315	-34203.221001537044	-37972.52603315774	-41594.96704706882	-45055.97135513903	-48341.41121146721	-51437.63778999052	-54331.512111223354	-57010.43263711115	-59462.35930850355	-61675.83387718632	-63639.99648510894	-65344.59856827699	-66780.01231271184	-67937.23706595988	-68807.90331220313	-69384.2750562458	-69659.25173919731	-69626.37113959418	-69279.81511951545	-68614.42058905785	-67625.69874318782	-66309.86654431325	-64663.895739537424	-62685.586602626965	-60373.67645856241	-57727.99746682936	-54749.70517153275	-51441.610848649776	-47808.67023749911	-43858.71575455148	-39603.58291902151	-35060.90505969194	-30257.103073666116	-25232.64663726475	-20051.93142144753	-14823.169778908568	-9740.81995152349	-5173.937147703664	-1781.468740982203	-228.43574191065963	-1.6450002983320917	0.	0.	0.	0.	0.	0.	0.	0.	0.	0.	0.	0.	0.	0.	0.	0.	0.	0.	-57289.153160519745	-89930.77372766478	-116375.55264879657	-140249.41191588284	-162757.54881125854	-184456.20550193873	-205639.20501927382	-226551.7075161278	-247316.2850179029	-268040.4048003748	-288925.4674860751	-309478.43121963594	-330332.71340834344	-351231.15296668204	-372424.8004337008	-393479.3885474356	-415003.43199988035	-436417.63502236066	-458006.3986380912	-480067.1441656521	-501986.7902240276	-524386.966725983	-546840.5435131941	-569369.1904178223	-592340.9411950925	-615541.6813247204	-638871.8003259511	-662335.7508289635	-686086.8979374012	-710002.8277724104	-734431.0993391175	-758759.9600498847	-783620.5353808851	-808436.0981437683
-629.5798203789731	-5032.646904113644	-9417.099397440856	-13766.706994518952	-18065.343993341256	-22297.03734702312	-26446.013831275377	-30496.746022430383	-34433.996764458156	-38242.8617884313	-41908.81013659072	-45417.72203842495	-48755.92389091352	-51910.220012031146	-54867.920868171306	-57616.86752424554	-60145.45213118936	-62442.634350187334	-64497.95371616185	-66301.53806507066	-67844.10828873237	-69116.97983894237	-70112.0615777334	-70821.8527667977	-71239.43920984259	-71358.48981601419	-71173.25515493167	-70678.56994777528	-69869.86191961671	-68743.17008750785	-67295.17645100913	-65523.25634913495	-63425.55464310698	-61001.097767329564	-58249.95615642595	-55173.4786911654	-51774.63252655944	-48058.50160394153	-44033.03239774808	-39710.18055647883	-35107.73850476958	-30252.383407176534	-25185.049362347305	-19971.029355641618	-14720.334950353847	-9631.042773811549	-5078.630078528119	-1726.4179292637832	-216.60250485085638	-1.492958474438461	0.	0.	0.	0.	0.	0.	0.	0.	0.	0.	0.	0.	0.	0.	0.	0.	0.	-9905.22577524056	-67097.41780030626	-97677.3932497486	-123419.38712212471	-147126.35420797576	-169542.87645223935	-191202.90825745175	-212614.58269736834	-233670.54742150975	-254477.40725706366	-275481.8167991437	-296324.10652193555	-317210.5690924398	-338232.94331088034	-359430.25413577945	-380622.0471082591	-402142.0111475562	-423747.0127413372	-445465.0438432664	-467195.79389910074	-489385.17213618814	-511584.0629583469	-534087.2833904537	-556876.4679963489	-579945.0097735631	-603053.0253787352	-626187.0208260295	-649842.5589303146	-673455.418431958	-697725.5848622079	-721947.2810127184	-746484.0947755665	-771187.0639533645	-795823.6183263747
-632.290578541403	-5054.436613548706	-9458.452019223696	-13828.531195513036	-18148.975316654218	-22404.241180104145	-26578.98893444083	-30658.12831722091	-34626.86302686046	-38470.732849047345	-42175.653159743924	-45727.95143613496	-49114.40042626701	-52322.24765969006	-55339.24102678376	-58153.6502146973	-60754.283863374105	-63130.50239575175	-65272.22658114159	-67169.94200860978	-68814.69977735057	-70198.11385025024	-71312.35566837994	-72150.1467843169	-72704.75044757333	-72969.96326972697	-72940.10832108794	-72610.03128112413	-71975.10160692646	-71031.22113517739	-69774.84315766448	-68203.00588448555	-66313.38549899589	-64104.3759103877	-61575.20522056903	-58726.10344707478	-55558.543293968854	-52075.58769318761	-48282.398171031215	-44186.994094774534	-39801.41945823132	-35143.60336717057	-30240.466396359945	-25133.404358892465	-19888.61616130914	-14617.933319092395	-9523.074664696569	-4985.889042625786	-1673.6619378120367	-205.53806178360398	-1.3568504235230743	0.	0.	0.	0.	0.	0.	0.	0.	0.	0.	0.	0.	0.	0.	0.	0.	0.	-33969.73585618988	-75980.00360337083	-105028.03296572657	-130354.25485235492	-153798.1024701499	-176274.9029541304	-197936.830037214	-219396.76304826958	-240682.01558726197	-261715.29277541404	-282756.7253802116	-303848.4269739684	-324938.1473651916	-346134.2009027759	-367526.47398503404	-389027.0225624965	-410635.94302545156	-432294.60508549504	-454369.7261113104	-476454.6909626223	-498896.7265830549	-521399.62298104056	-544052.885169787	-567057.6887955745	-590261.4282784695	-613719.7655451188	-637104.6783165535	-660802.0514159178	-685127.0267618697	-709245.2780863103	-733878.2442986761	-758414.5164219867	-783278.5008661784
-634.3150478172937	-5070.737827839998	-9489.522335021953	-13875.294676408446	-18212.789278364657	-22486.898250624206	-26682.719404127132	-30785.60249512684	-34781.19327116003	-38655.47490365919	-42394.806406804884	-45985.95766622336	-49416.1407353589	-52673.037103320734	-55744.82069655197	-58620.17644803312	-61288.314351522175	-63738.979013543634	-65962.45482096734	-67949.56695525935	-69691.67860369573	-71180.68484254462	-72409.00379334376	-73369.56578657762	-74055.80140255144	-74461.62940678421	-74581.44576113443	-74410.11508526243	-73942.96618383643	-73175.79357040138	-72104.8673481238	-70726.95441688571	-69039.35484278761	-67039.95851959905	-64727.32917079991	-62100.82568962035	-59160.775408552014	-55908.72126369967	-52347.77696764205	-48483.14503814828	-44322.88929086459	-39879.12151611618	-35169.89467860654	-30222.367704919943	-25078.401244855144	-19805.112344296125	-14516.174176399969	-9416.96910817937	-4895.660636447163	-1623.093083396931	-195.18384690368558	-1.2348142665559503	0.	0.	0.	0.	0.	0.	0.	0.	0.	0.	0.	0.	0.	0.	0.	0.	0.	-47340.638168429265	-84111.81746382412	-112122.34798058645	-137121.49055635277	-160374.31479592042	-182761.67542954118	-204641.7683004614	-226131.09739751025	-247583.7755426037	-268834.04865588143	-290112.9895383383	-311208.9682126496	-332621.57631364715	-354034.52850722556	-375628.06580985786	-397213.11480577453	-419191.51587472105	-441217.42599809676	-463341.97957137495	-485783.0898339528	-508226.46171097393	-530875.9336387314	-554069.8374309934	-577098.2207407601	-600653.1350980225	-624010.6439028572	-647971.6229623791	-672110.3527837554	-696164.6291264227	-720786.6186872729	-745306.3831337928	-770629.8156140993
-635.6414511983379	-5081.456702991197	-9510.136162863857	-13906.74612727269	-18256.46207533454	-22544.618243769863	-26756.755646605565	-30878.668059828295	-34896.445505297444	-38796.51478941049	-42565.67668166117	-46191.1393563324	-49660.54776948185	-52962.00870303361	-56084.111278427714	-59015.94282336003	-61747.100065568506	-64267.69572576874	-66568.36068571378	-68640.24201473531	-70474.99724713717	-72064.78541054124	-73402.25541364992	-74480.53250553919	-75293.20362526033	-75834.30256821745	-76098.29601330942	-76080.07159011222	-75774.92933213546	-75178.5780799441	-74287.13869516425	-73097.15636318707	-71605.62486619476	-69810.02657701862	-67708.39323061636	-65299.39447464206	-62582.464194525135	-59557.97927753955	-56227.512982912136	-52594.19745550137	-48663.251060120485	-44442.76374080647	-39944.90323932214	-35187.84076053798	-30198.974146450488	-25020.63593633772	-19720.87558731573	-14415.229458679876	-9312.761678987652	-4807.887139375712	-1574.6081373138486	-185.48628121533287	-1.1252274889395169	0.	0.	0.	0.	0.	0.	0.	0.	0.	0.	0.	0.	0.	0.	0.	0.	0.	-58086.33963191106	-91757.02157797433	-118994.70854517161	-143637.19372580777	-166804.84268742448	-189314.7516038701	-211222.2341372908	-232856.78142894086	-254365.9504415806	-275854.43880927	-297314.34846334526	-318621.4159124655	-340290.8542729372	-361972.0934985833	-383515.497456561	-405634.9302574231	-427516.8349554229	-449900.7770111798	-472176.1791138735	-494883.0306585697	-517630.49215532927	-540623.3286313539	-563835.6961539219	-587212.3153083654	-610815.1885215951	-634775.6241939049	-658604.7550863798	-683064.9493711133	-707415.5953626644	-732236.5650577733	-757438.2626906576
-636.2599110540588	-5086.514584924102	-9520.14760716718	-13922.675267375209	-18279.723161877762	-22577.075659062288	-26800.72361720165	-30936.909833803624	-34972.17172636638	-38893.38077930845	-42687.77833384236	-46343.00735083655	-49847.139839023504	-53188.69971314293	-56356.68092791894	-59340.56082288566	-62130.30870835032	-64716.38982214145	-67089.76488792895	-69241.88560649204	-71164.68650917945	-72850.57369644444	-74292.41107194217	-75483.50476639529	-76417.5865227466	-77088.79689235837	-77491.66917217037	-77621.11510410451	-77472.41347008696	-77041.20286350664	-76323.48012108535	-75315.60618710435	-74014.32159543365	-72416.77436049707	-70520.56395168154	-68323.80634257737	-65825.227113206	-63024.29261787028	-59921.39398284889	-56518.106330415794	-52817.558220384475	-48824.9678479902	-44548.44083444046	-40000.19560198038	-35198.52122877801	-30171.058929546158	-24960.622652724152	-19636.209435834426	-14315.239379076897	-9210.473148872505	-4722.507772800664	-1528.1083589475534	-176.39631901509833	-1.0266734565624178	0.	0.	0.	0.	0.	0.	0.	0.	0.	0.	0.	0.	0.	0.	0.	0.	0.	-67260.17016592763	-99063.90147823507	-125722.57152806487	-150053.7924547199	-173268.53793858681	-195646.0236348124	-217779.03791287146	-239535.71801107418	-261229.9189546833	-282814.5843022569	-304481.60374738905	-326144.56906131795	-347846.7293290177	-369569.68060626276	-391632.4454606784	-413793.07816176035	-436177.07429007976	-458649.7686110404	-481263.1243842647	-504112.0870824114	-527137.475176026	-550226.157684264	-573673.3862763998	-597491.0034490501	-621242.6269244067	-645333.7654817036	-669695.345202549	-693932.125384716	-718859.293825271	-743913.7918950627
-636.1626575559119	-5085.849494233765	-9519.441820518952	-13922.91684420767	-18282.36042968889	-22584.016101728324	-26814.332143535878	-30960.00622621292	-35008.027043500886	-38945.712471659186	-42760.74383133148	-46441.19589305702	-49975.56234388938	-53352.77651553893	-56562.22726472202	-59593.769991706635	-62437.73288131584	-65084.91854952711	-67526.6013758522	-69754.52089459127	-71760.87170483945	-73538.29043833098	-75079.8403952197	-76378.9945204478	-77429.61745004242	-78225.94740784194	-78762.57878560455	-79034.44629681962	-79036.81166622932	-78765.25391359351	-78215.6644266717	-77384.24821538929	-76267.53302596857	-74862.38841124931	-73166.05746863356	-71176.20485578803	-68890.98603452888	-66309.1447139676	-63430.14854969632	-60254.37798560362	-56783.390891348114	-53020.29846207108	-48970.3098096687	-44641.5417425821	-40046.2629151513	-35202.883601053	-30139.29539166901	-24898.804524839416	-19551.37084650737	-14216.31724600081	-9110.112098329568	-4639.459723638589	-1483.4994713113092	-167.8690358439378	-0.9379129808090341	0.	0.	0.	0.	0.	0.	0.	0.	0.	0.	0.	0.	0.	0.	0.	0.	-30400.362396643322	-75644.62872277787	-105966.94362388176	-132110.91834764148	-156489.27364374342	-179612.79235697232	-202160.00975549547	-224265.2363991839	-246227.9662625871	-267995.1258170942	-289765.7731515256	-311604.1198331504	-333454.3188388476	-355393.1620280672	-377467.89447990665	-399703.4416372292	-422070.22823424713	-444633.6524917778	-467141.3802728308	-490139.1448832896	-513240.4249187165	-536487.0656132675	-559804.9328483364	-583672.257153384	-607644.7102268955	-631618.8457572712	-655778.8961022674	-680421.9044373314	-705016.7001004462	-729952.5014267641
-635.344162323314	-5079.417546448019	-9507.937643956095	-13907.354453621343	-18264.225151600935	-22565.262279668143	-26797.37989460207	-30947.73708730801	-35003.77832721347	-38953.27014548246	-42784.33373840408	-46485.47315083335	-50045.59878440634	-53454.04606867551	-56700.58923000117	-59775.450192720156	-62669.30274652304	-65373.272210783776	-67878.93091836097	-70178.28992597734	-72263.78743398911	-74128.27446408372	-75764.99839883868	-77167.58503268765	-78330.01982097363	-79246.62904540557	-79912.06164326686	-80321.27248011129	-80469.50788720664	-80352.29434465285	-79965.43127998289	-79304.98908517406	-78367.31365293537	-77149.0390250121	-75647.11017179285	-73858.81855122324	-71781.85401188649	-69414.37797043425	-66755.12484985452	-63803.5418984556	-60559.98242482568	-57025.97537201862	-53204.60719933957	-49101.07440734182	-44723.50488571132	-40084.2204841307	-35201.758454955074	-30104.269286433904	-24835.562927814353	-19466.576730247856	-14118.553580308224	-9011.677110459545	-4558.6789733313835	-1440.6915926935328	-159.86325455692423	-0.8578601185103693	0.	0.	0.	0.	0.	0.	0.	0.	0.	0.	0.	0.	0.	0.	0.	0.	-44015.21887521925	-83348.12337943586	-112703.25838251539	-138548.5985171221	-162722.40353992383	-185850.70256006904	-208426.41616598057	-230838.9131105147	-252862.29859281817	-274853.9521778037	-296780.8272342711	-318758.7572668345	-340928.2422071782	-363023.4045578862	-385308.40068677167	-407705.6342239993	-430271.88637232286	-453170.70905176224	-476017.1755489976	-499035.0207770526	-522282.73906541284	-545742.4796435742	-569383.4335379252	-593548.0665362076	-617503.1441645423	-641764.698940808	-666423.2205491135	-691064.5790184201	-716331.0123197942
-633.801349578548	-5067.194280745746	-9485.59007625651	-13875.924110450314	-18225.236598342995	-22520.719598197058	-26749.76187552324	-30899.99101801309	-34959.3122471816	-38915.94344063272	-42758.445957714226	-46475.75094872921	-50057.18092352064	-53492.46645384402	-56771.75798699986	-59885.63284936891	-62825.09761755707	-65581.58612813964	-68146.95348254604	-70513.46647950607	-72673.7909723485	-74620.97670162462	-76348.44019507007	-77849.94635766384	-79119.58939614323	-80151.77373743303	-80941.19561210634	-81482.82598719692	-81771.89555212538	-81803.8824946044	-81574.50385837456	-81079.71136269705	-80315.69269942798	-79278.87952748714	-77965.96368535407	-76373.92358206944	-74500.0633668415	-72342.06842219949	-69898.08210501184	-67166.81075914069	-64147.66720208285	-60840.96788294453	-57248.20692467144	-53372.44353321116	-49218.86203083841	-44795.604391900204	-40115.05092062873	-35195.87314514658	-30066.489714609615	-24771.225662482786	-19382.009611877224	-14022.019629256483	-8915.158612163841	-4480.100966304226	-1399.599135661176	-152.34120627722575	-0.785561532152764	0.	0.	0.	0.	0.	0.	0.	0.	0.	0.	0.	0.	0.	0.	0.	0.	-54625.42132095403	-90671.56107461412	-119187.20314377964	-144754.31297804997	-168894.52654651014	-192078.68735825285	-214796.73008693507	-237156.12367561355	-259403.45465363425	-281630.5800679263	-303800.8317021066	-325928.59952272626	-348194.66777780914	-370683.13097289053	-393129.07580520574	-415832.21832866594	-438495.4095560763	-461455.2110350224	-484665.33835181163	-507976.46666796453	-531582.0504985583	-554984.5482237792	-578977.574830537	-603269.2662508336	-627624.2266524794	-652357.0265872729	-677052.4548382225	-702085.8046224074
-631.533725638176	-5049.175869454679	-9452.392521073229	-13828.617496581663	-18165.386236133836	-22450.381243501124	-26671.475324027244	-30816.772001403584	-34874.6425578897	-38833.75921935033	-42683.124093845014	-46412.09356833297	-50010.397969290774	-53468.15639841659	-56775.886758259265	-59924.51108577931	-62905.35640771978	-65710.15142061221	-68331.01937678434	-70760.46762478111	-72991.37430712554	-75016.97276007973	-76830.83418946312	-78426.84921481022	-79799.20888306793	-80942.3857550883	-81851.1156669882	-82520.38076672371	-82945.39443059628	-83121.58867790099	-83044.60473323784	-82710.28744226474	-82114.6843390427	-81254.05030588215	-80124.85897968832	-78723.82237074364	-77047.92061282315	-75094.4444187085	-72861.05377873265	-70345.857843471	-67547.52306413084	-64465.41989084584	-61099.823400858186	-57452.191370633205	-53525.55679823831	-49325.09506761564	-44858.96733829228	-40139.61905956683	-35185.86413049986	-30026.398803294443	-24706.074106144773	-19297.82251718033	-13926.770362805102	-8820.540417949784	-4403.661144569883	-1360.1406823520072	-145.26822316542194	-0.7201788498317746	0.	0.	0.	0.	0.	0.	0.	0.	0.	0.	0.	0.	0.	0.	0.	0.	-63775.90069382086	-97520.96256803621	-125496.5745082082	-150823.81650571412	-174867.64942275357	-198188.76174818585	-221093.37900354702	-243638.03829250994	-266028.0568226755	-288245.61074885656	-310645.9699464346	-333092.3363859018	-355456.00780602946	-378080.6541748788	-400951.81862592115	-423760.27139749733	-446648.75537258055	-469774.69554151106	-493296.0188685124	-516988.87692849245	-540566.9844020172	-564705.8022005758	-588754.3910713809	-612976.8563068056	-637527.1708564723	-662423.7980531073	-687595.918466352
-628.543516662148	-5025.380180574242	-9408.378760783016	-13765.484813543319	-18084.741412435527	-22354.33264534642	-26562.624886126985	-30698.20522260632	-34749.91649307593	-38706.88846670199	-42558.564797074716	-46294.725479429064	-49905.50464798567	-53381.40365675234	-56713.2994931913	-59892.44867349903	-62910.486862332946	-65759.4245419376	-68431.63912723475	-70919.86398165238	-73217.17483332644	-75316.97412283155	-77212.9738326019	-78899.17735612312	-80369.86096382605	-81619.5554149355	-82643.02825316714	-83435.2673132913	-83991.46595717648	-84307.01055985245	-84377.47077954057	-84198.59318016923	-83766.29883657284	-83076.68565239702	-82126.0362725326	-80910.83269546057	-79427.77901347414	-77673.83417772774	-75646.25734860645	-73342.66938090466	-70761.13541304927	-67900.27569654067	-64759.41507396347	-61338.786661028345	-57639.81355521835	-53665.5061085347	-49421.03589408414	-44914.58966739982	-40158.68548754685	-35172.287988716074	-29984.380243683518	-24640.34944727991	-19214.14318687933	-13832.847026516296	-8727.801023121488	-4329.295381934235	-1322.238843125966	-138.61246012641442	-0.6609735582149379	0.	0.	0.	0.	0.	0.	0.	0.	0.	0.	0.	0.	0.	0.	0.	-16238.09304439255	-71999.22167657474	-104159.97362107939	-131629.9797847738	-156830.41897840035	-180970.808522275	-204291.87619246278	-227270.2147778843	-249837.36338236224	-272434.17554647324	-294918.1028420211	-317638.8823735008	-340241.2907748535	-362909.4891446131	-385672.1885121896	-408580.6895515777	-431748.1732301367	-454895.2185493535	-478477.9287001731	-501876.0131377619	-525709.7762745364	-549773.6694407453	-573975.8365043794	-598239.3056476492	-623009.5115421516	-647781.6149642239	-672743.1414330528
-624.8357801129052	-4995.847666236504	-9353.624607155707	-13686.637168496522	-17983.448439785923	-22232.755212721317	-26423.426951462036	-30544.541948382182	-34585.420133411324	-38535.65209274041	-42385.123950304514	-46124.0378697836	-49742.92804242942	-53232.672133421474	-56584.4982629763	-59789.98769626821	-62841.07350294576	-65730.0355248405	-68449.4920531444	-70992.38866670386	-73351.98471899984	-75521.83798405291	-77495.78798186626	-79267.93850375539	-80832.63984911678	-82184.47127031941	-83318.22410467926	-84228.88605299802	-84911.62705198464	-85361.78717578607	-85574.8670085566	-85546.52094641638	-85272.55392855217	-84748.92216660934	-83971.7385502331	-82937.28356808427	-81642.02281750331	-80082.63250944826	-78256.0348560381	-76159.4459060815	-73790.43939420745	-71147.03161966012	-68227.7945550772	-65032.00771259568	-61559.86451059085	-57812.757276720506	-53793.67896050194	-49507.80362447236	-44963.350740972375	-40172.91872939638	-35155.63121167654	-29940.766797954744	-24574.258110648283	-19131.07770604888	-13740.279315211399	-8636.914685884429	-4256.940306597279	-1285.820104150129	-132.34464278019573	-0.6072940389836367	0.	0.	0.	0.	0.	0.	0.	0.	0.	0.	0.	0.	0.	0.	0.	-34567.28338968671	-79535.22697438941	-110585.62603029782	-137644.51279980366	-162766.33512907702	-186848.98018619567	-210261.94437770869	-233318.22285233566	-256214.95176919937	-278984.9772714173	-301665.4338516362	-324387.7114972869	-347255.0035389448	-370148.50147510367	-393193.94853528397	-416267.47862941487	-439523.11804644624	-463165.4684917549	-486881.2197912815	-510693.96529315395	-534684.3471509573	-558933.7119135453	-583341.7388981157	-607991.275375259	-632706.6249283396	-657798.6299339384
-620.4184911463639	-4960.642051474023	-9288.249181648098	-13592.248426400798	-17861.734992581143	-22085.929242030223	-26254.213035705485	-30356.16334469356	-34381.582620502886	-38320.52550649675	-42163.321571172964	-45900.59384861382	-49523.273078093574	-53022.607640080336	-56390.16928559773	-59617.85484886248	-62697.88421437059	-65622.79487889499	-68385.43350581123	-70978.94491029625	-73396.75894268458	-75632.5757523211	-77680.34991775255	-79534.27392265535	-81188.76144266043	-82638.43088862179	-83878.08962945451	-84902.71929555635	-85707.46254310581	-86287.61164856706	-86638.59929431713	-86755.99191862854	-86635.48602640066	-86272.90790650967	-85664.21727960458	-84805.515517887	-83693.05924907787	-82323.28039999104	-80692.81407820585	-78798.53618146492	-76637.61331398196	-74207.5686036827	-71506.36848404136	-68532.53771672325	-65285.31330185092	-61764.85321137414	-57972.52439646294	-53911.308678692236	-49586.38953745337	-45006.026545220324	-40182.906164759486	-35136.31888237388	-29895.84688259218	-24507.976470135836	-19048.71362713977	-13649.087222635137	-8547.852331730091	-4186.533578914857	-1250.8146682905667	-126.43783923002033	-0.5585644229357305	0.	0.	0.	0.	0.	0.	0.	0.	0.	0.	0.	0.	0.	0.	0.	-46423.27189907182	-86584.60182894679	-116768.06800077819	-143604.69655274512	-168657.52132548488	-192691.23591406137	-216278.59801441443	-239452.9335473463	-262611.6987266867	-285407.70609840285	-308469.43852533813	-331268.04994436057	-354390.4514871985	-377416.6429415195	-400579.1469605181	-424012.18586443766	-447627.11092327966	-471282.3408192617	-495090.0598635698	-519165.97111129167	-543545.0972548713	-567955.9675277104	-592498.9216314232	-617413.9217889195	-642654.6045575322
-615.3026009940935	-4919.850799938421	-9212.415782323607	-13482.556467116501	-17719.91173930219	-21914.235906482812	-26055.432107590634	-30133.583121708343	-34138.97910149486	-38062.14184439508	-41893.84531211937	-45625.1322110363	-49247.32654932092	-52752.042187268366	-56131.18749195174	-59376.96629284621	-62481.875410550354	-65438.69909240983	-68240.50073716127	-70880.6123266086	-73352.62200281589	-75650.36023904469	-77767.88505078363	-79699.46668248829	-81439.57218795909	-82982.85029994922	-84324.11695999099	-85458.34185496994	-86380.63628543877	-87086.24267294565	-87570.5260073245	-87828.96753275227	-87857.16099104958	-87650.81177158827	-87205.73937499705	-86517.88368408328	-85583.3156613366	-84398.25327113464	-82959.0836760052	-81262.39310750808	-79305.00631231556	-77084.03817362162	-74596.9611359912	-71841.69354925207	-68816.71628666685	-65521.2284057638	-61955.357980690096	-58120.45287280745	-54019.49058595052	-49657.67116231926	-45043.30159615937	-40189.16376192345	-35114.72233612282	-29849.870328905363	-24441.654937344963	-18967.122655228337	-13559.282614583373	-8460.582308243902	-4118.014086718153	-1217.1562927205255	-120.86725336538963	-0.5142749886259609	0.	0.	0.	0.	0.	0.	0.	0.	0.	0.	0.	0.	0.	0.	0.	-56080.28571610878	-93253.60620215589	-122790.56581708958	-149360.44137224386	-174375.76629052713	-198572.4243656634	-222242.58488296153	-245546.4213846434	-268845.3861180807	-291872.2792675073	-314922.32595810614	-338134.0448668007	-361361.64951659855	-384689.5430316647	-408278.9121631929	-431814.81126132346	-455531.7445429484	-479313.11137089547	-503540.06948385935	-527739.8534614724	-552399.6211812849	-576983.9439580985	-601913.8795481216	-627159.3201826743
-609.5020647856605	-4873.585336306235	-9126.332300092214	-13357.863794315323	-17558.37314293116	-21718.15824739219	-25827.651771617202	-29877.44891020308	-33858.33230377233	-37761.29375061906	-41577.552456848156	-45298.569664211245	-48916.059592061174	-52421.9967237291	-55808.61955499277	-59068.43100067045	-62194.19572208953	-65178.934693475654	-68015.9173663801	-70698.651819289	-73220.87329663093	-75576.53154478864	-77759.77734804983	-79764.94865390153	-81586.55665773351	-83219.27219374226	-84657.9127537925	-85897.43043132448	-86932.90106516313	-87759.51484062924	-88372.56859333768	-88767.46006126468	-88939.68433593152	-88884.8327910203	-88598.59480521934	-88076.7626616614	-87315.24009984259	-86310.05512885923	-85057.37789625692	-83553.54466456943	-81795.08930550239	-79778.78422918993	-77501.69337417226	-74961.24092364965	-72155.3009178347	-69082.31519801432	-65741.45057280819	-62132.81152877072	-58257.73356726191	-54119.19684974036	-49722.425050101854	-45075.779616499414	-40192.14472370898	-35091.16590667879	-29803.05341473758	-24375.42150474181	-18886.362955441753	-13470.870566173291	-8375.07101405906	-4051.3220996048904	-1184.7821258814124	-115.6100376334983	-0.47397387610311026	0.	0.	0.	0.	0.	0.	0.	0.	0.	0.	0.	0.	0.	0.	0.	-64522.2056018825	-99668.59753065128	-128653.20518933862	-155069.3645477269	-180094.09402492092	-204341.76432554275	-228148.2249328349	-251657.04675911446	-275046.1969763646	-298434.38970986434	-321595.9199586734	-345076.06051163905	-368408.92948183784	-391946.9378589729	-415517.5064518109	-439402.623828594	-463423.44622348325	-487545.7039642178	-512042.81135220575	-536501.1292780364	-561204.3057623497	-586031.4271423161	-611104.1879318279
-603.0338367483766	-4821.981008985803	-9030.25115409171	-13218.53745319229	-17377.597375069465	-21498.281103067813	-25571.558234180244	-29588.542291188583	-33540.51265775062	-37418.93362564663	-41215.47032953261	-44922.00143385943	-48530.62852553089	-52033.682251067345	-55423.72531560882	-58693.55253066005	-61836.18815643799	-64844.880831364106	-67713.0964166814	-70434.50910654599	-73002.99116490193	-75412.60165296747	-77657.5745024629	-79732.30627602656	-81631.34393657395	-83349.37292470441	-84881.2058192808	-86221.7718328545	-87366.10737244053	-88309.34787894113	-89046.72114711377	-89573.54232330434	-89885.21078421606	-89977.20911522304	-89845.104438342	-89484.55238776623	-88891.30410177173	-88061.21669969677	-86990.26785121878	-85674.57523589075	-84110.42195386186	-82294.28931194039	-80222.89892289125	-77893.26677167205	-75302.77295319652	-72449.25230643961	-69331.11346095116	-65947.4973078769	-62298.49147209962	-58385.425746202476	-54211.290007827636	-49781.33828462982	-45103.99306889885	-40192.24714247207	-35065.932853258695	-29755.58325302395	-24309.384813422424	-18806.481134737758	-13383.850498029862	-8291.283421945636	-3986.3993810842426	-1153.6325458142512	-110.64512339860718	-0.4372599225932181	0.	0.	0.	0.	0.	0.	0.	0.	0.	0.	0.	0.	0.	0.	-6448.584294538635	-72169.93749863458	-105852.79867323072	-134356.5154355392	-160678.31553633642	-185812.76027449075	-210170.82985217904	-234090.128284874	-257607.01230654417	-281184.97911530535	-304660.2271141418	-328172.256290552	-351808.27276705514	-375525.7044639993	-399184.78134480066	-423070.6675272666	-447103.5302722401	-471476.869843402	-495843.8828490648	-520380.8630604996	-545163.7799623079	-570172.7925910352	-595374.7215279764
-595.9178313003007	-4765.196781329292	-8924.468724461902	-13065.008225930957	-17178.14530432067	-21255.289928600352	-25287.955000433707	-29267.777421467745	-33186.53690728925	-37036.17228075535	-40808.79505423039	-44496.70018955821	-48092.37400311792	-51588.49925806524	-54977.95755428314	-58253.829186603914	-61409.390692051056	-64438.1103464481	-67333.64189896134	-70089.81685161284	-72700.63559843489	-75160.2577375583	-77462.99186267081	-79603.28512482638	-81575.71283808486	-83374.9683814385	-84995.85362780883	-86433.2701098341	-87682.2111131811	-88737.7548725868	-89595.05903506056	-90249.35655011405	-90695.95314938735	-90930.22659072971	-90947.6278640458	-90743.68459375079	-90314.00692633563	-89654.29626759497	-88760.3573386584	-87628.1141627576	-86253.63078941422	-84633.13782968339	-82763.06624361228	-80640.09034011596	-78261.18267206092	-75623.68457050188	-72725.39759761823	-69564.70351412195	-66140.72389368588	-62453.536089652174	-58504.47126190811	-54296.53521224642	-49835.018807370056	-45128.41163700121	-40189.82075974103	-35039.270558269964	-29707.621614825617	-24243.636807416344	-18727.513943312853	-13298.21714120015	-8209.183512872993	-3923.1892675104395	-1123.6510013843665	-105.95306718270433	-0.40377645719318306	0.	0.	0.	0.	0.	0.	0.	0.	0.	0.	0.	0.	0.	0.	-30055.77810079311	-79196.00557575705	-111814.74843632121	-140090.0664242556	-166288.55588183223	-191425.69863369322	-215906.93266633063	-239866.87822345912	-263702.76936839224	-287440.7977043253	-311112.945767581	-334848.5578516055	-358566.33597270434	-382411.96370212437	-406432.28878219594	-430471.5792180937	-454841.1673576188	-479189.8876982558	-503856.75633920863	-528711.7081432162	-553829.042393317	-578791.7670302979
-588.1768492072678	-4703.414644751381	-8809.324270303357	-12897.769087394769	-16960.65853650143	-20989.968479701536	-24977.760271240786	-28916.198221318078	-32797.56517145962	-36614.27596049035	-40358.88862551729	-44024.11324960958	-47602.818434189045	-51088.03543698186	-54472.9600735537	-57750.95253025659	-60915.53527765502	-63960.3893057315	-66879.34892439272	-69666.39538743519	-72315.64960259134	-74821.36418935534	-77177.91513713627	-79379.79330531623	-81421.59598934258	-83298.01875995036	-85003.84776392614	-86533.9526570961	-87883.28032431276	-89046.8495282367	-90019.74661968714	-90797.12243829119	-91374.19053423007	-91746.22685095406	-91908.57102717675	-91856.62950459872	-91585.88067004371	-91091.88231891354	-90370.28180677393	-89416.82936391736	-88227.39519365148	-86797.99117275856	-85124.79824256769	-83204.20095007369	-81032.83112217711	-78607.62338490022	-75925.88631036403	-72985.3945248822	-69784.5094523965	-66322.33994470887	-62598.95969277871	-58615.7074370279	-54375.61125480393	-49884.00464071516	-45149.449747397804	-40185.17292200717	-35011.395078534515	-29659.308256490578	-24178.25502898755	-18649.48973482449	-13213.961356086702	-8128.734635228258	-3861.6367199956076	-1094.783857527445	-101.51591159309324	-0.3732059168495643	0.	0.	0.	0.	0.	0.	0.	0.	0.	0.	0.	0.	0.	0.	-42334.08703156506	-85914.16036388848	-117613.03508409682	-145552.6607786575	-171784.82337621413	-196919.72959715457	-221543.09246639285	-245746.03161781616	-269610.05021424306	-293555.82257931633	-317590.49872559425	-341465.07916559523	-365362.85312446754	-389350.34927060956	-413687.7337814878	-438004.0310648106	-462511.5049611055	-487229.437558619	-512112.3917817376	-537049.3060484703	-562344.0659213364
-579.8364686889618	-4636.838752820956	-8685.198331008625	-12717.372918247169	-16725.856502755236	-20703.195355381904	-24642.00303353719	-28534.974116021516	-32374.896447680563	-36154.6617213624	-39867.27427690689	-43505.8580505016	-47063.661660432204	-50534.06166499675	-53910.56407341757	-57186.80422964233	-60356.54522107438	-63413.67490340283	-66352.20233512827	-69166.25202780416	-71850.05921708171	-74397.9633637855	-76804.40188205533	-79063.9036847325	-81171.08280764529	-83120.63227510382	-84907.31835439798	-86525.9753333662	-87971.50094293784	-89238.85253679984	-90323.04413377863	-91219.1444259429	-91922.27585700493	-92427.6148884285	-92730.39356803965	-92825.90257341356	-92709.49589202907	-92376.59738032201	-91822.70948810843	-91043.42452238878	-90034.43893435498	-88791.57126148893	-87310.7845564611	-85588.21440686405	-83620.20402368308	-81403.34840414247	-78934.55030914626	-76211.09187589973	-73230.72725158356	-69991.8039992368	-66493.42464448967	-62735.66544449616	-58719.878704925504	-54449.12045058453	-49928.7720993037	-45167.47322401358	-40178.57381864008	-34982.495125459434	-29610.7638130275	-24113.304602647357	-18572.429719274412	-13131.070827125706	-8049.89980113013	-3801.6883544221623	-1066.9802453309728	-97.31705708297056	-0.34526516697638193	0.	0.	0.	0.	0.	0.	0.	0.	0.	0.	0.	0.	0.	0.	-52024.357671390746	-92184.41105031467	-123220.88309054408	-151076.9861726588	-177242.62922999015	-202449.7094426982	-227228.13550144836	-251557.86509579106	-275607.7800628703	-299806.1519352221	-323747.68404415605	-347921.61822741374	-372155.7741632581	-396340.86117409554	-420916.41645251715	-445491.92359362077	-470303.55965382326	-495034.8520755773	-520255.15718385763	-545431.9578634389
-570.9249021105231	-4565.694281355065	-8552.510620097717	-12524.429488211994	-16474.532611138635	-20395.939417026828	-24281.817862700183	-28125.39434988488	-31919.96257397428	-35658.891182796586	-39335.63016065712	-42943.715891654196	-46476.774894266855	-49928.52625500841	-53292.78282129186	-56563.45124161787	-59734.53096413673	-62800.11232224441	-65754.37384810908	-68591.5789623325	-71306.07218996782	-73892.27505245437	-76344.6817795995	-78657.85497839234	-80826.42138731327	-82845.0678342518	-84708.53750673664	-86411.62663385783	-87949.18167134676	-89316.09707525121	-90507.31374607906	-91517.8182247697	-92342.64272499201	-92976.86609375593	-93415.61580496783	-93654.07110953674	-93687.46749204026	-93511.10262020017	-93120.34402142902	-92510.6387845821	-91677.52566943172	-90616.65011837466	-89323.7828143968	-87794.84263065373	-86025.9250911848	-84013.33783860812	-81753.64513615222	-79243.72417150448	-76480.8370195579	-73462.7237009687	-70187.72416299616	-66654.94066668049	-62864.45784684375	-58817.647076523695	-54517.5974663583	-49969.74307967985	-45182.80516252307	-40170.26108149564	-34952.73554230141	-29562.09231273335	-24048.839949550984	-18496.34903774211	-13049.530651640425	-7972.641929907485	-3743.292453787642	-1040.1919175161097	-93.34115065517459	-0.3197014277266382	0.	0.	0.	0.	0.	0.	0.	0.	0.	0.	0.	0.	0.	0.	-60350.59376866032	-98254.35017631225	-128857.33023171133	-156497.8531124638	-182686.49575614437	-207939.23976647624	-232771.67297757906	-257351.00822253808	-281642.13413598953	-305904.41665195645	-330172.1177275549	-354530.15725282417	-378953.27865213406	-403383.49941693066	-428116.594440607	-452767.0994378338	-477767.5769640938	-502899.0778045597	-528389.3146771222
-561.4728196611775	-4490.226025613257	-8411.71743183203	-12319.601737983246	-16207.549497132346	-20069.254124688337	-23898.43848135367	-27688.86091897335	-31434.320696569932	-35128.662694910956	-38765.78138046312	-42339.62399272096	-45844.19295154898	-49273.54750252157	-52621.80463753776	-55883.13934467651	-59051.784254972736	-62122.02876436335	-65088.21771647621	-67944.74973635656	-70686.07530711993	-73306.69468047583	-75801.15571046389	-78164.05169533887	-80390.01930773047	-82473.7366890712	-84409.92177848765	-86193.33094249708	-87818.75796835904	-89281.03348198878	-90575.02485115833	-91695.6366367378	-92637.81165939422	-93396.53275700734	-93966.82531971783	-94343.76070574149	-94522.46066325877	-94498.10291237186	-94265.92807977363	-93821.2482281857	-93159.45728796275	-92276.04378368666	-91166.60636152365	-89826.8727735621	-88252.72317778504	-86440.21888798774	-84385.63808648747	-82085.52054755145	-79536.724164992	-76736.49717608994	-73682.57156829043	-70373.28556884233	-66807.74681511954	-62986.05365533725	-58909.60151488406	-54581.51718123644	-50007.29151642065	-45195.731107117725	-40160.44381901353	-34922.26033963395	-29513.383361654083	-23984.90626857856	-18421.257684106396	-12969.32383860344	-7896.924047199627	-3686.3989663797065	-1014.3731096884335	-89.5739780868666	-0.29628872175921445	0.	0.	0.	0.	0.	0.	0.	0.	0.	0.	0.	0.	0.	0.	-67833.95167507954	-104126.05191421675	-134286.57431697898	-161788.11146294756	-187955.42767154975	-213357.60924621497	-238326.3911778385	-263031.93982702255	-287499.03357600176	-312060.0879796551	-336495.6855527226	-361134.16361502087	-385685.0876681834	-410478.2640031931	-435304.83612056146	-460267.74076284195	-485618.19415253634	-510902.5819335521
-551.5131421736112	-4410.696751662467	-8263.308591857285	-12103.601403882614	-15925.833428153232	-19724.27085440956	-23493.190144668275	-27226.880196216858	-30919.644317513703	-34565.80199633997	-38159.690446638684	-41695.66592763462	-45168.1048359706	-48571.404578323374	-51899.984238111945	-55148.28505530226	-58310.77074284579	-61381.92766691451	-64356.26492082481	-67228.31432445162	-69992.63038205635	-72643.79023219818	-75176.39362303553	-77585.06294699924	-79864.44336801863	-82009.20307415469	-84014.03368967216	-85873.65088030067	-87582.79518738041	-89136.23312875936	-90528.75860780796	-91755.19467681707	-92810.39570768928	-93689.25003161319	-94386.68312082667	-94897.66140027538	-95217.19679568145	-95340.35214888646	-95262.24766137278	-94978.06856709089	-94483.07428581177	-93772.60937440163	-92842.11667937473	-91687.15320754725	-90303.4093826584	-88686.73255909306	-86833.15594079396	-84738.93443404933	-82400.58950137868	-79814.96583459295	-76979.30377286059	-73891.33300028623	-70549.39549533484	-66952.60944186582	-63101.09173289029	-58996.26630379221	-54641.30166792907	-50041.74908876783	-45206.50360588125	-40149.30615080061	-34891.19534349374	-29464.714040597173	-23921.54081565517	-18347.161295383474	-12890.431730706154	-7822.709446824049	-3630.9594926693267	-989.4804075717523	-86.00237093588356	-0.2748247718153672	0.	0.	0.	0.	0.	0.	0.	0.	0.	0.	0.	0.	0.	-7975.966450719927	-74756.99741501974	-109692.71996918954	-139483.39714846233	-167034.39373200733	-193305.5724640409	-218679.55125888396	-243801.0068217436	-268800.0362692733	-293450.146779848	-317976.15096079203	-342873.5716988957	-367551.8880963904	-392369.07715432293	-417316.6984005431	-442504.4483554334	-467804.72113034903	-493133.1901198643
-541.0808059504952	-4327.38532463953	-8107.803993527309	-11877.184044147392	-15630.367935874105	-19362.19128243935	-23067.480946820222	-26741.053349029087	-30377.713024530123	-33972.2514632641	-37519.44625100132	-41014.060526232366	-44450.84275768758	-47824.52683980851	-51129.832496725954	-54361.465979520486	-57514.1210369999	-60582.480136984705	-63561.215913171014	-66444.99281200238	-69228.46891455253	-71906.29791006945	-74473.13120060485	-76923.62011917132	-79252.41824882175	-81454.18383427334	-83523.58228271434	-85455.28875726201	-87243.99087169529	-88884.39150239757	-90371.21174057506	-91699.19401586494	-92863.10543140359	-93857.74136061211	-94677.929367751	-95318.53352817602	-95774.45924135346	-96040.65864860889	-96112.13679597988	-95983.95870983164	-95651.25759675578	-95109.24442816414	-94353.21923695666	-93378.58453972616	-92180.86141167993	-90755.7088928872	-89098.94760841064	-87206.588763025	-85074.87005381548	-82700.30058589597	-80079.71763264615	-77210.35919863018	-74089.95796639731	-70716.86467021822	-67090.2127170001	-63210.141865152174	-59078.10849763154	-54697.32637954243	-50073.41025653223	-45215.34621462865	-40137.010302095754	-34859.65050453985	-29416.150552149797	-23858.774008691686	-18274.06182927354	-12812.834361146046	-7749.961821417059	-3576.927263304655	-965.4726203187118	-82.61412003511334	-0.25512828693140815	0.	0.	0.	0.	0.	0.	0.	0.	0.	0.	0.	0.	0.	-29398.08125512881	-81232.20630617088	-115206.66200123657	-144762.47874873757	-172135.48989321073	-198533.10308378414	-224181.62944557847	-249352.01313838322	-274447.68605856574	-299295.8631995297	-324229.31917933596	-349206.02253056644	-374017.8776959303	-399132.6548831311	-424211.0657066236	-449739.0780562367	-475112.9758825252