0.	0.	0.	0.	0.	0.	0.	0.	-3921.7747090302605	-6436.923781796275	-9014.495112072935	-11770.214019704521	-14724.45988203787	-17908.892664604944	-21326.284859247404	-24976.672252698536	-28865.14524035962	-33005.99987205688	-37381.87489815829	-41994.02568671357	-46870.35242085146	-51970.542530614766	-57347.500217883244	-62938.176398932424	-68795.09977229347	-74892.97148409273	-81216.6450585874	-87807.48830738616	-94634.8514663746	-101730.87745531104	-109054.02946634204	-116631.95405802211	-124448.38233031833	-132524.7307986973	-140848.5146138682	-149418.36319721918	-158242.562928815	-167268.09790176764	-176559.16047141713	-186126.4276658128	-195932.26771426277	-205985.01804185277	-216258.5041052834	-226799.40553517253	-237584.40921061602	-248621.710111489	-259901.89866088968	-271432.7398432142	-283195.68375280185	-295249.3403840471	-307471.3711046093	-319992.1769683488	-332789.40629532724	-345755.40312821604	-359075.8479306007	-372555.0911958293	-386273.8284285625	-400294.0660721631	-414535.9307016858	-429006.4688233747	-443738.9319448028	-458725.76948414557	-473959.36479406967	-489431.0361213979	-505193.8848682438	-521164.6994095543	-537431.2635810481	-553826.390253108	-570540.2285764763	-587543.3894599036	-604766.4984879411	-622239.0545720367	-639937.6535763377	-657853.5086603571	-676056.6030973011	-694502.9326464175	-713223.8041461613	-732080.7011122477	-751315.5444463459	-770805.0610279816	-790406.9945301701	-810390.8141746694	-830488.3604393606	-850955.1993620973	-871643.9329265123	-892545.0138721738	-913738.9041679158	-935167.3604575788	-956761.0980818893	-978723.6464423463	-1.0008053938022222e6	-1.023283511241011e6	-1.0458612295749676e6	-1.0688433476497496e6	-1.0919172103039157e6	-1.1152462634860342e6	-1.1389618821318466e6	-1.1627782515944182e6	-1.1869823413484588e6	-1.211294478487672e6	-1.2359644464299316e6
-19.843406713010047	0.	0.	0.	0.	0.	0.	0.	-3715.771825655734	-6258.464912325411	-8845.857189462922	-11605.499650520422	-14561.360500974635	-17742.612742769958	-21168.673823085406	-24815.14951595001	-28708.56646212329	-32838.70729813749	-37221.474962610904	-41846.680576746716	-46705.101041330294	-51821.060695858905	-57173.569416963444	-62776.16559329498	-68634.60898696884	-74715.9545940369	-81063.85591111353	-87654.24789043248	-94481.22465134271	-101576.87051433655	-108899.70877402836	-116477.33910763175	-124293.51110121315	-132369.611037543	-140693.1678150719	-149240.50510928573	-158026.8107197344	-167112.21035095752	-176403.1288897832	-185970.2382933892	-195775.9393837859	-205828.56109952024	-216101.9468599465	-226642.74057413405	-237427.64580874125	-248464.85147136328	-259744.9535326964	-271275.7116402201	-283038.5859814529	-295092.15392171865	-307314.14181960095	-319834.8815036446	-332632.03462015453	-345597.99548552494	-358918.35886204155	-372397.56294251786	-386116.26599642955	-400136.44960292627	-414378.2728071965	-428848.7783494246	-443581.20511149644	-458568.0055285532	-473801.56561870093	-489273.20630493923	-505036.01202159666	-521006.79753069184	-537273.3196682157	-553668.4401778739	-570382.252479174	-587385.3771033395	-604608.4586653071	-622080.9878895392	-639779.5664034331	-657695.4089894148	-675898.4819324043	-694344.7917383994	-713065.6381883642	-731922.5351544899	-751157.3507141082	-770646.839143194	-790248.7726454149	-810232.5657788699	-830330.1120435896	-850796.9280653549	-871485.6442183017	-892386.714569657	-913580.5866891365	-935009.0276091633	-956602.7639604426	-978565.2912819873	-1.0006470386418811e6	-1.0231251328583016e6	-1.0457028511922742e6	-1.0686849458466244e6	-1.0917588085008047e6	-1.115087860434779e6	-1.1388034583881872e6	-1.1626198278507707e6	-1.186823898745808e6	-1.2111360358850323e6	-1.2358059895497982e6
-37.62823936923365	-216.33264498319605	0.	0.	0.	0.	0.	0.	-3162.830624886615	-5802.723608364599	-8417.399319311296	-11179.707352155607	-14147.322552207936	-17332.88421945305	-20751.95855727867	-24406.830372080538	-28295.586496197306	-32439.700880031945	-36809.79218401117	-41436.59436193943	-46301.97880707512	-51417.989922134184	-56768.76145386151	-62372.52183304702	-68227.52358214668	-74326.81274494498	-80673.39475544792	-87262.63349074853	-94088.62279006276	-101183.29722021586	-108485.79296187863	-116082.21201184344	-123897.72907099209	-131961.87159248264	-140296.17044017254	-148843.0393480025	-157631.92411225563	-166713.83105432426	-176004.38151439556	-185571.08767488698	-195349.71832340877	-205428.72669127316	-215701.85612180812	-226236.9637294973	-237027.02822613064	-248063.99050211656	-259343.87153839297	-270874.41734365147	-282637.1138990919	-294690.4551846352	-306912.3336467828	-319432.90420493897	-332229.86256136454	-345195.73150974547	-358520.853893126	-371994.99073960003	-385713.6064476357	-399718.70613027125	-413975.3692990491	-428445.7915826562	-443178.1254263738	-458164.83097536693	-473398.3010594198	-488869.86344065104	-504632.5591912719	-520571.5598568286	-536869.6852243075	-553264.7899856059	-569978.535786065	-586981.5677476731	-604204.5791185736	-621677.0397009323	-639375.5658504525	-657291.3764970046	-675494.3945109997	-693940.653862351	-712661.4362962145	-731518.3332624406	-750753.0778428325	-770242.4943265134	-789844.4278288172	-809828.1532118255	-829925.6994766186	-850392.4569736788	-871081.128630652	-891982.1719076684	-913175.9975766989	-934604.3992187675	-956198.1323167448	-978160.6058721811	-1.0002423532321206e6	-1.0227203881024882e6	-1.045298106436502e6	-1.0682801412386375e6	-1.0913540038928548e6	-1.114683052637127e6	-1.1383985977099452e6	-1.1622149671725605e6	-1.186418989872367e6	-1.2107311270116195e6	-1.2354010441894569e6
-55.31790244604451	-384.7996967026597	-444.8222195749481	0.	0.	0.	0.	0.	-2143.8604735194936	-5046.431346055574	-7713.296365178135	-10502.37368744805	-13478.235038817045	-16670.762592935906	-20091.685313080354	-23746.81172672614	-27642.03096584171	-31778.132455183848	-36160.30287593597	-40779.31081752321	-45652.25442927875	-50759.10559553225	-56118.206771297235	-61729.1880996434	-67577.91220953756	-73669.60733528863	-80012.8773729978	-86597.96204108521	-93418.68445110266	-100510.91871929477	-107838.3649476078	-115407.92685575811	-123261.03623889707	-131306.5183051589	-139605.28229370745	-148187.2416576157	-156991.85022148903	-166056.52876375473	-175362.91834498712	-184928.97581007797	-194707.12306602453	-204749.3996884649	-215058.2318907225	-225587.51406481295	-236382.5564626742	-247419.12720365293	-258698.65267789506	-270196.28554263513	-281991.2675056537	-294044.2441727392	-306265.9465861037	-318786.2450721867	-331548.6703473901	-344548.6112008415	-357774.8353174493	-371347.3745870471	-385065.8497821551	-399070.7515398874	-413327.22017722286	-427797.5085230507	-442529.6928894178	-457516.24582457135	-472749.5711162125	-488221.00752852095	-503966.71042130946	-519922.44722894987	-536116.237405016	-552593.8792093236	-569329.0784971411	-586331.9613928972	-603502.3923935903	-621027.2100062097	-638725.6519173902	-656641.4111831216	-674844.340833082	-693290.5190182681	-712011.198469708	-730868.0954360963	-750102.7258325156	-769592.0265779366	-789193.960080374	-809177.5764735334	-829275.1227384445	-849741.7860870666	-870430.3861635609	-891331.3858862063	-912506.2633548107	-933953.4752863899	-955547.2031507943	-977509.5902129253	-999591.3375729386	-1.0220692769735698e6	-1.0446469953076495e6	-1.0676289338257874e6	-1.090702796480064e6	-1.114023061937121e6	-1.1377473000971202e6	-1.1615636695597859e6	-1.1857676147281344e6	-1.2100797518674326e6	-1.2347496103489066e6
-72.97953037856242	-540.0331945480432	-802.6761161557528	-682.0712110045476	0.	0.	0.	0.	0.	-3943.9900243372194	-6731.724561053737	-9558.741726451184	-12550.155250642025	-15755.950653824015	-19178.147196790276	-22842.001795854307	-26734.596708107703	-30872.632039383763	-35250.57696223837	-39881.407065339336	-44741.27056209426	-49849.01212210455	-55221.94865085514	-60819.81345641882	-66669.65413924266	-72777.35511098456	-79114.17076021916	-85694.292172396	-92537.11008703308	-99604.12373755102	-106940.2950027922	-114532.06876070384	-122337.7527137768	-130421.3238960608	-138725.3130503125	-147283.9135601603	-156109.58620902116	-165150.8844922318	-174478.73938112176	-183983.0738895764	-193801.74786449742	-203834.02587438902	-214158.38722457414	-224685.22113365572	-235494.23051819287	-246530.26157581608	-257809.29695106598	-269306.566312133	-281101.04680103273	-293069.75802786474	-305374.9806374812	-317894.9041053146	-330631.9777144453	-343656.6345587552	-356882.63066966133	-370454.7144848125	-384172.9959999463	-398162.71211947885	-412433.82544168417	-426903.92917057767	-441635.90750060114	-456622.2500761416	-471855.37578905665	-487326.63856852805	-503072.1274733579	-519027.72441752505	-535227.3153516348	-551698.8637036816	-568433.8806123897	-585436.5580389996	-602606.911250315	-620131.4988053616	-637747.1524190622	-655745.513047757	-673948.320898644	-692394.3872061437	-711114.9247088381	-729971.8216754505	-749206.2946831515	-768695.4358974582	-788297.3694000805	-808280.8355639891	-828378.3818290634	-848844.9154055147	-869533.4168170244	-890434.356505267	-911609.1495301784	-933007.2180716369	-954649.9764625881	-976612.2443042176	-998693.991664333	-1.0211717994715434e6	-1.0437495178057146e6	-1.0667313236080722e6	-1.0898051862624309e6	-1.1131254517195655e6	-1.1368495655497103e6	-1.1606659350124463e6	-1.184869773313109e6	-1.2091819104524704e6	-1.2338516880281465e6
-90.62764340165795	-689.737692602035	-1124.1931807444098	-1249.9298407472743	-922.9105171037049	0.	0.	0.	0.	-2297.481900261288	-5438.883349577733	-8340.091554565617	-11363.70521839667	-14585.584206139809	-18013.986646730926	-21680.69176329171	-25582.538585879673	-29720.568902815718	-34107.03741304516	-38725.024960399154	-43594.8424653658	-48713.097479977296	-54070.653744302064	-59670.077048803854	-65527.956095429974	-71615.6188155748	-77951.99647265462	-84554.48487759357	-91371.07421454348	-98466.24426537167	-105786.53293627768	-113372.67149380058	-121179.54624775011	-129268.75325621858	-137563.40763941	-146125.3090976226	-154930.9481506967	-164025.29380438826	-173300.23915120968	-182855.41236186898	-192646.50310792014	-202704.41872883128	-212973.6464140625	-223533.9927077486	-234299.51014342447	-245321.87493264687	-256609.76950765954	-268160.63077021675	-279966.45178508124	-291934.8468381315	-304239.43580080004	-316758.8813042203	-329495.60776549135	-342519.80158340547	-355745.5070988247	-369276.19241167285	-383035.0451009511	-397024.4561470172	-411295.18509238603	-425765.05352519476	-440496.7692598855	-455482.8437300432	-470715.7150779205	-486186.7565606442	-501931.97273572744	-517887.39142253035	-534086.818202119	-550558.1576670447	-567292.9421317925	-584255.7211495952	-601465.6117539575	-618884.7226410202	-636605.5597124777	-654603.6820908993	-672806.3347076746	-691252.2584259675	-709972.6150135957	-728829.5119804951	-748063.7843947328	-767552.722285071	-787154.6557879299	-807137.9304831866	-827235.4767484695	-847701.8449290174	-868390.2205910377	-889291.0837648461	-910435.8256438111	-931822.2784096884	-953506.4522521225	-975468.5681460547	-997550.3155063004	-1.0200279555964067e6	-1.0426056739306943e6	-1.0655873105854893e6	-1.0886611732399527e6	-1.1119814386971868e6	-1.1357053940677133e6	-1.1595217635305387e6	-1.1837254656272891e6	-1.2080376027667313e6	-1.2327072772271747e6
-108.2670294737167	-836.5987766313793	-1427.0899171376861	-1759.134230123018	-1712.1364170106856	-1165.5303511335806	0.	0.	0.	0.	-3739.40310142446	-6829.536074915987	-9912.065378141644	-13151.315524843641	-16599.909158862316	-20265.860992793256	-24172.41480092554	-28321.124289569536	-32702.168249839695	-37333.2014353438	-42190.89507289634	-47302.11438874847	-52662.248676652285	-58281.97899769694	-64123.72566450246	-70219.5174560497	-76566.3565200669	-83158.51229532273	-89984.46812057779	-97071.64940376078	-104397.43145004571	-111972.16577301381	-119790.26524312	-127866.16016027464	-136191.33014124597	-144760.78899704796	-153564.78168302745	-162607.85665578657	-171931.03632038838	-181484.86988832988	-191274.8029068195	-201331.51158165984	-211599.8521902972	-222159.09975158033	-232923.84303633787	-243945.42836524016	-255232.4944706059	-266770.5680399152	-278518.2216687022	-290555.49323795404	-302859.31207591074	-315320.53653618	-328114.4812119051	-341138.1122746876	-354363.464604846	-367842.7394096195	-381651.99708509474	-395641.0373495788	-409844.889400777	-424380.8815868476	-439112.2781672215	-454098.02678623144	-469330.588982764	-484801.36150483275	-500546.2462083848	-516501.4482439358	-532700.6755126504	-549171.7610993878	-565906.2630553269	-582868.8178865345	-600078.493904498	-617497.4841983081	-635218.0854998257	-653215.9183125335	-671418.38226016	-689864.132677727	-708584.269383969	-727441.1663512189	-746675.1949672487	-766088.6087532748	-785765.8192439135	-805748.8612311176	-825846.4074966554	-846312.5746575677	-867000.7974855944	-887901.5676649373	-909046.2244419026	-930432.6027627767	-952116.630519393	-974078.5617384319	-996160.3090988367	-1.018637745348155e6	-1.0412154636825854e6	-1.0641968947580354e6	-1.0872707574126264e6	-1.1105910228699818e6	-1.1343147856511266e6	-1.1581311551140607e6	-1.182334691670672e6	-1.2066468288102122e6	-1.231316377945989e6
-125.89958437210016	-981.7964574883055	-1719.159565146215	-2234.274595542473	-2423.43323144733	-2182.9396754098193	-1409.1267270539872	0.	0.	0.	-777.9681052076404	-4962.93786678231	-8171.856614906263	-11456.001817357468	-14928.121664677981	-18601.662574665417	-22513.735492180364	-26663.490631314773	-31050.480049001486	-35678.46537920734	-40550.60369179233	-45668.72919497976	-51019.98906268645	-56635.189542598804	-62473.20272869848	-68569.95592924436	-74926.82108932886	-81517.37099745442	-88349.48811281766	-95423.60240593077	-102764.85364416166	-110334.0310111164	-118158.78140138181	-126217.8485964876	-134544.00147178987	-143109.26170708783	-151909.3420620396	-160959.5184063535	-170279.70324264377	-179809.36924991457	-189617.60531561816	-199658.74502702174	-209982.60076104346	-220493.91909566653	-231291.05265023597	-242325.05455720433	-253611.1453756226	-265116.10141457454	-276895.2816167717	-288931.69722712267	-301178.0981145803	-313695.4471309027	-326459.04628020374	-339511.56663247204	-352736.50318760955	-366215.35236920207	-380023.85195228463	-393972.3590779459	-408216.0217598647	-422751.41335546883	-437482.4342225488	-452467.7992446515	-467699.99750353734	-483170.45340104843	-498883.97312717803	-514869.89488170407	-531068.8872831949	-547539.6740006796	-564273.843382964	-581236.1342983124	-598445.5577019132	-615864.4060315189	-633584.7297810862	-651530.712921407	-669784.4635560834	-688230.0099614065	-706949.8878199436	-725806.7847876089	-745040.5264006878	-764392.8929770045	-784130.8597680208	-804113.6278077724	-824211.1740736119	-844677.1045911574	-865365.1475006866	-886265.8082055335	-907399.2894765164	-928796.6554822198	-950480.5112643932	-972442.2250813434	-994523.9724419366	-1.017001168726784e6	-1.0395788870613826e6	-1.0625684487690218e6	-1.085633938780448e6	-1.1089542042379463e6	-1.1326777402999462e6	-1.1564941097630092e6	-1.1806974514432542e6	-1.2050095885829108e6	-1.2296789901845863e6
-143.52609438030706	-1125.9296837528864	-2004.3647268455768	-2687.8608021833693	-3085.451626205788	-3106.1782491537056	-2659.0952067174785	-1653.2821336784928	0.	0.	0.	-2445.6705563684177	-6103.278286959198	-9481.592150590015	-12991.550225820483	-16685.385628488417	-20614.447574447502	-24763.140482576327	-29148.008817405993	-33780.36654535485	-38659.94199383503	-43776.58484003482	-49128.95284345082	-54750.48746698063	-60590.916036723385	-66686.48973071316	-73030.93224336828	-79606.08541915954	-86461.80286903476	-93521.06028851998	-100853.02281111875	-108435.47005096762	-116271.18584032623	-124327.9269299086	-132645.37950178143	-141210.99047755796	-150023.2927953663	-159090.53412553258	-168383.5749329889	-177953.70553222892	-187767.11812676582	-197799.76448930576	-208053.7265002796	-218632.1160879817	-229397.07341497566	-240438.47033578024	-251675.83526567172	-263249.8289924702	-275028.02800787054	-287063.45880538377	-299283.79291552806	-311825.7206103246	-324581.90022038424	-337563.01377399726	-350864.62284697645	-364342.9823331207	-378068.5800602454	-392098.8053121309	-406341.94823728444	-420876.6488309778	-435607.2374257943	-450592.16110523767	-465823.94064018095	-481294.03224923747	-496992.97900642705	-512992.7313357904	-529191.453513712	-545661.8963708832	-562395.6831146706	-579357.670384898	-596566.8031461744	-613985.4881406267	-631705.4925562354	-649651.2320883586	-667852.5298433359	-686349.8902769872	-704957.8037868132	-723926.3672896487	-743159.7786950347	-762512.1452717739	-782249.7773602392	-802207.0084847654	-822329.7764793283	-842795.4347297761	-863483.2706363051	-884372.9153711898	-905517.1943649352	-926914.4365680102	-948598.0944871162	-970559.5581747831	-992641.3055355939	-1.0150724221396446e6	-1.0376959440670812e6	-1.060520028772671e6	-1.0837507173434126e6	-1.1070709828010763e6	-1.1307942580141684e6	-1.1546106274773802e6	-1.1788137449450325e6	-1.2031258820848237e6	-1.2277951139429635e6
-161.14683721581122	-1269.3340573424202	-2284.932013462206	-3126.92684402412	-3714.3080364320585	-3966.07048506897	-3801.217539613568	-3138.7664160248505	-1897.7525174594755	0.	0.	0.	-3527.150670789546	-7198.28537185228	-10780.24920495894	-14509.065251393718	-18446.677619736474	-22604.31389427146	-27000.147326611524	-31633.908355565174	-36512.370607316545	-41633.05860862488	-46985.87625758082	-52595.75681292661	-58449.21365310265	-64553.581156103486	-70886.44277145993	-77472.79769965434	-84299.61084868	-91388.12410120154	-98722.66486108139	-106311.46848838248	-114110.85940468292	-122200.14078171179	-130524.70921217122	-139070.3990282863	-147893.49511811527	-156939.95233843074	-166263.4892405323	-175796.33940543982	-185605.79642432692	-195654.35068229263	-205950.24983244677	-216467.24709904715	-227262.0547115858	-238281.13544106024	-249562.86195207623	-261087.70629590208	-272863.4412479903	-284871.3933135226	-297170.5082565663	-309711.3569742116	-322440.15548922063	-335447.2390310757	-348720.2802619368	-362225.62930122885	-375950.70021107764	-389980.11367006536	-404222.66883293097	-418670.07104545925	-433481.3468060146	-448471.1123679129	-463682.9257140479	-479172.09804933664	-494870.7296898543	-510824.15139918687	-527068.3742041542	-543538.4282099552	-560271.7822504068	-577209.1416616553	-594442.2302372487	-611860.7305256012	-629580.3738252455	-647525.8378752082	-665726.8442905019	-684138.3515248304	-702831.6871348607	-721799.9138573204	-741032.9518502726	-760385.3184274933	-780122.572020554	-800079.5136082366	-820202.2147137916	-840667.5650734125	-861267.8686176547	-882215.1725319502	-903388.8438181652	-924785.9460201389	-946469.3801875538	-968358.4432264825	-990512.3083798017	-1.0129432088495876e6	-1.0355666346996742e6	-1.058390719405474e6	-1.0816210931015145e6	-1.1049413585593665e6	-1.1286643387937879e6	-1.1524807082571692e6	-1.1766835721760027e6	-1.2009957093159463e6	-1.2256647492211175e6
-178.76181993548093	-1412.2115465787713	-2562.2075738876497	-3555.7295104016675	-4319.759956180783	-4781.286118733749	-4867.301810085837	-4504.810258923445	-3620.8283158388967	-2142.380089761112	0.	0.	0.	-4474.854794127045	-8266.242781214318	-12056.574635060217	-16018.75956023029	-20196.80237628642	-24600.568892776344	-29237.440127025893	-34123.13292697607	-39241.657929242276	-44602.584844288416	-50218.95149081863	-56058.403992379746	-62171.160041105104	-68497.19476741811	-75101.87988639742	-81924.9542258874	-89021.06167161316	-96345.12256132557	-103935.04452108842	-111749.08094281607	-119807.45662098425	-128124.47412645636	-136691.52351071543	-145503.50246988877	-154550.49672957594	-163886.7595657856	-173404.2292395523	-183202.385139735	-193263.4117867714	-203538.59015947024	-214106.20456743534	-224876.67895648308	-235929.68441258394	-247209.98235006782	-258733.52937306018	-270508.01820327085	-282514.92674358364	-294812.7113220118	-307279.2019784875	-320044.60878991603	-333086.6639039778	-346297.58500857337	-359863.2932733567	-373587.77641192306	-387551.83482245036	-401817.69194135396	-416305.2026286143	-431021.40265704354	-445999.6832220388	-461232.4634450528	-476712.0837419831	-492502.9308653607	-508455.9798428172	-524699.6493544666	-541169.269517846	-557902.140790127	-574770.4774039933	-592020.4062289648	-609490.1331864075	-627209.3735880844	-645154.5302819263	-663355.2116488203	-681766.5340516405	-700459.5735148372	-719427.4244906026	-738660.0458663821	-758012.4124441447	-777749.2437489486	-797639.0411354629	-817828.4887769879	-838293.4956220532	-858886.349898602	-879822.1828504645	-901014.2378361957	-922411.1838385959	-944094.3683656967	-965926.884445398	-988136.9809745515	-1.0104935492822513e6	-1.0331909589591553e6	-1.0560150436651902e6	-1.079245066054748e6	-1.1025653315128111e6	-1.1262879826387998e6	-1.150104352102371e6	-1.1743069331361596e6	-1.1986190702762743e6	-1.223287896019043e6
-196.37088393766857	-1554.6903163370039	-2837.0519044478856	-3976.9940596992624	-4908.058021105768	-5563.789286856677	-5877.73921535497	-5783.466940946289	-5214.541828370668	-4104.546034492117	-2387.0528626142886	0.	0.	0.	-5356.6112507354255	-9316.30563797649	-13330.089630421318	-17531.774397035922	-21949.130175181195	-26590.602017320456	-31480.013689289688	-36605.742916879506	-41961.28232907443	-47569.784049364636	-53427.484501017454	-59525.78079903172	-65869.5670287063	-72463.79132834046	-79300.75907941622	-86393.72328295522	-93730.160220253	-101303.08039676672	-109105.46969709269	-117194.84155964847	-125512.05192488666	-134078.45388433192	-142884.79131129725	-151926.62994062513	-161257.5581425411	-170782.20547697513	-180555.1032664624	-190607.09174019145	-200949.18300882535	-211460.7337878355	-222263.52200144593	-233272.11319010082	-244537.82309053233	-256069.31980964245	-267864.07094163884	-279914.08586126106	-292126.9087317967	-304676.18381493504	-317440.4949849009	-330422.1863392673	-343691.6140349172	-357162.53801015316	-370979.808662607	-384943.3012238169	-399193.337543476	-413695.0885977224	-428410.7492551106	-443388.4278707867	-458620.5935137508	-474099.6307277298	-489822.5372447493	-505825.3762548227	-522079.5046577633	-538554.4202944987	-555251.8553798568	-572155.0953488625	-589404.4238816116	-606873.6961230059	-624592.4918447157	-642537.3093084792	-660718.4903720116	-679148.7503218692	-697841.4629267168	-716808.8991894713	-736041.0607433406	-755393.4273217077	-775129.7925454038	-794977.8489785441	-815208.5986689007	-835673.2263756826	-856266.0806526722	-877201.6253480043	-898371.3812191103	-919790.1500233702	-941473.0590215343	-963305.5751015632	-985515.3233198343	-1.0078718177084788e6	-1.0305689168455158e6	-1.0533930015518127e6	-1.0766226362031056e6	-1.0999429016614037e6	-1.123665189549197e6	-1.1474815590129795e6	-1.1716838278254974e6	-1.1959959649658026e6	-1.2206645543367357e6
-213.97375482849418	-1696.8549696147895	-3110.0395360795796	-4392.544382320953	-5483.389194071185	-6321.597768826666	-6846.199459610765	-6996.23076218472	-6710.7371148299235	-5928.774848494029	-4589.411228760843	-2631.6839303941683	0.	0.	-1089.1991539020657	-6200.202289674303	-10352.782494867777	-14599.827487857725	-19034.472015641702	-23694.471382812055	-28586.875687363463	-33715.38568229903	-39081.53620738441	-44691.92431861426	-50548.09759918318	-56651.88603153398	-62992.58852237872	-69583.46360940048	-76420.1337678751	-83498.41740808095	-90842.52772718403	-98414.96014618817	-106242.92514254077	-114306.64177718355	-122612.9765777511	-131179.48288031266	-140019.99835311732	-149050.41278870185	-158381.00720589183	-167915.8448805335	-177728.25106164953	-187777.5077522129	-198060.3692377168	-208557.86553600425	-219380.31729687413	-230389.45271385688	-241697.8130828797	-253227.60042830522	-264976.5670279076	-276999.98742659227	-289280.90067035786	-301813.0669538638	-314534.2029530342	-327572.52015915856	-340840.78672721086	-354310.9819784883	-368035.226048791	-382089.67050785257	-396323.99093314353	-410839.72895264084	-425554.7995598843	-440531.81966729317	-455763.31298447377	-471241.7123292217	-486958.3689967563	-502949.3415785386	-519150.5295092909	-535595.7836614692	-552313.0900310854	-569293.9726977396	-586542.6445349877	-604011.4193353519	-621729.7285950986	-639674.1749548297	-657835.9420302524	-676285.0003354846	-694977.3553704701	-713944.3379538995	-733104.8239056068	-752528.363060159	-772264.2184098986	-792112.2748436263	-812342.5443895116	-832813.9604989376	-853399.6116117608	-874334.8409660609	-895504.3345618598	-916922.8445744488	-938605.4521550548	-960437.9682354454	-982647.3354156396	-1.0049754130244883e6	-1.0277005083587471e6	-1.0505245930653324e6	-1.0737538035465793e6	-1.0970740690051366e6	-1.1207959595249735e6	-1.1446123289889887e6	-1.168675135385683e6	-1.1931263933845258e6	-1.2177584582218379e6
-231.57006708001666	-1838.7629639788008	-3381.5675274259934	-4803.645453265965	-6048.661173883637	-7060.28318329436	-7782.1854203428065	-8158.0487336851775	-8131.562449491313	-7646.426011197173	-6646.35025345914	-5075.054286288066	-2876.1999378950723	0.	0.	-2176.594579983816	-7021.442390408009	-11385.097932404073	-15861.724550638191	-20542.55024686304	-25440.92710561921	-30573.487274564344	-35940.28077498211	-41554.232039525865	-47421.130607761675	-53519.95612873773	-59871.127197149195	-66448.92059893835	-73284.509374915	-80369.24115181172	-87705.32802943657	-95286.99128413509	-103107.22950971696	-111186.76501335368	-119498.01181929551	-128055.59040215686	-136864.00398283207	-145918.04022178074	-155207.6400932075	-164787.23211631464	-174600.09727816624	-184651.30581438408	-194915.5323387202	-205480.87900539758	-216241.1088558021	-227279.4627001767	-238542.4077774306	-250068.2953478296	-261837.55524136795	-273857.95319979405	-286146.2945985544	-298655.0470666684	-311441.2908583591	-324442.05483905534	-337667.9282240443	-351214.50702282623	-364937.9410362134	-378908.73074409796	-393184.4159054419	-407673.0658795176	-422453.55357121944	-437429.85861142765	-452660.6218571039	-468138.3285463528	-483854.38260587543	-499836.25675661047	-516045.31504590233	-532490.1221927257	-549206.8597466709	-566187.1094505647	-583395.4900117532	-600851.065871291	-618515.9630549868	-636482.6189594595	-654726.648501639	-673175.2840924517	-691867.2508460649	-710833.740783857	-729936.6736848367	-749417.2196594733	-769152.5213424091	-789000.577776782	-809230.3259388006	-829574.0363749033	-850286.9427758501	-871221.8297046173	-892369.1257582663	-913809.2674918178	-935484.026154409	-957324.0638470321	-979533.0172619559	-1.0018610948711584e6	-1.0245857334988388e6	-1.0474098182057407e6	-1.070638568085161e6	-1.0939588335440014e6	-1.1176117029399716e6	-1.1414966620303912e6	-1.1655594684273268e6	-1.1900103555324369e6	-1.2145689589422094e6
-249.15937617818796	-1980.4540472832225	-3651.9179019705784	-5211.200468424979	-6605.95401734898	-7783.834881677378	-8692.504821909386	-9279.632450889807	-9492.894725900445	-9279.978487255541	-8588.581885117634	-7366.414777306544	-5561.191580406597	-3120.5341454472727	0.	0.	-2961.599336819618	-7829.685071969569	-12405.821617278756	-17116.665511697433	-22034.879581284917	-27183.845350582204	-32560.04023294297	-38176.142853849306	-44038.586545276085	-50134.53872796522	-56485.69839791629	-63080.58715853134	-69932.63458308905	-77002.059900589	-84350.41305704092	-91914.83185587553	-99723.818795719	-107804.08180496043	-116133.75032871375	-124672.08521669332	-133493.31798233656	-142573.9861477518	-151857.4784262805	-161430.67333666745	-171198.06939485046	-181276.68622132653	-191552.61560588423	-202096.16872706084	-212851.91781199648	-223899.47058203022	-235215.54002574453	-246739.4064294483	-258506.8308544807	-270525.46578138496	-282776.7563625258	-295319.20103396935	-308030.4085623822	-321076.7754238368	-334328.1515635071	-347801.1887058439	-361595.67302718724	-375565.63114754774	-389840.0348837999	-404327.7570678655	-419020.42192199646	-434082.5447030436	-449312.52013150917	-464789.47937900387	-480504.88316665334	-496449.2622393888	-512694.4903985773	-529138.8151837247	-545854.9389309607	-562834.5056072713	-580042.3441477417	-597497.401197158	-615162.0068199793	-633128.0926984187	-651319.9300242458	-669819.6015927307	-688511.1493534645	-707477.1076793107	-726580.040581149	-746059.997119622	-765719.4606284897	-785642.7577779872	-805871.9433167448	-826215.6537534684	-846928.0741449208	-867862.5915636559	-889009.6627825871	-910400.6458665478	-932033.3683813701	-953963.8619363097	-976172.3688587712	-998500.4464683587	-1.0212245922657803e6	-1.0440486769730267e6	-1.0672769298188405e6	-1.0905971952779896e6	-1.1141638635398746e6	-1.1381345581371787e6	-1.1621973645343774e6	-1.1866478514095293e6	-1.2112064548195386e6
-266.74116407872015	-2121.9559398095307	-3921.2953189252653	-5615.869834647471	-7156.792784699874	-8495.181558077107	-9582.15900284843	-10368.854846025262	-10806.4071711879	-10845.9639421305	-10438.6844994961	-9535.740712273511	-8088.316267347504	-6047.5944714627885	-3364.621918980267	0.	0.	-3646.0631813694367	-8623.876819773883	-13426.2519673091	-18379.78955550518	-23535.310277972	-28921.5110394739	-34542.75353871306	-40404.94048942947	-46510.73330993583	-52864.252431224624	-59458.82345635709	-66297.44291882079	-73382.38757982633	-80724.32447148718	-88298.38992984856	-96123.05216284216	-104191.9261484045	-112486.97691894522	-121059.17564882679	-129871.68238817765	-138932.36463712354	-148239.0792822196	-157770.31846694686	-167587.49073876275	-177658.8804553083	-187951.10186207623	-198477.33683508364	-209249.1346129109	-220285.11875843722	-231569.6527117927	-243091.68302563604	-254866.3833847114	-266892.6754490685	-279129.0055590557	-291655.4840836961	-304449.074847589	-317457.9722587636	-330684.4255582389	-344198.81643925066	-357914.78898768267	-371977.48760034237	-386186.29374404444	-400696.8637157598	-415429.32543709275	-430390.6407613137	-445614.1287406701	-461092.2288178775	-476817.28319221496	-492853.7158764116	-509052.4082348116	-525541.8626343776	-542257.3275838734	-559236.1611677855	-576469.7349500356	-593897.9181696556	-611562.2108606725	-629527.6849310875	-647719.0555309525	-666166.0355204325	-684909.0508926293	-703762.9613708479	-722977.3715429973	-742456.6954405741	-762055.1411564783	-782038.8148472146	-802242.1736893358	-822611.1069607184	-843323.0057189513	-864257.1265431568	-885403.9564473454	-906783.6508886187	-928427.2480317691	-950357.3625032634	-972565.3902060711	-994893.4678160766	-1.0176170846595597e6	-1.040441169367179e6	-1.0636772701280292e6	-1.0869891542070913e6	-1.110555822469293e6	-1.1345260173093427e6	-1.1585888237068262e6	-1.1830388810157953e6	-1.2075974844260614e6
-284.31484080844376	-2263.2878899241196	-4189.850715800568	-6018.145896153395	-7702.318805332718	-9196.518955183668	-10454.901375765254	-11431.628046630996	-12080.86938536139	-12356.805789125603	-12213.629193437404	-11605.544510647434	-10486.770433018215	-8811.537344876175	-6534.068897036722	-3608.397573586334	0.	0.	-4279.490856727478	-9410.32879678487	-14437.182878687408	-19623.441377303196	-25031.326632855056	-30664.095594214697	-36528.56205656187	-42639.45914736002	-48996.531638910325	-55592.27983300581	-62422.86228089926	-69515.98942884844	-76844.70360412604	-84435.44298231367	-92238.8934437437	-100322.76146854443	-108642.5076199658	-117212.02544501287	-126011.2739610268	-135061.27656844188	-144352.48235914754	-153927.9398582267	-163751.21225854324	-173750.8628672862	-184035.11980621502	-194602.9184296657	-205411.34258656472	-216415.06135060827	-227701.8924203813	-239204.29769612325	-250974.58971242493	-263040.52741236205	-275307.243500843	-287831.7063807665	-300541.2846130275	-313573.1285734991	-326844.3012755745	-340368.5637988424	-354083.55726426747	-368052.72483417	-382352.274561499	-396831.82821320585	-411592.98333759606	-426553.5058950841	-441776.1091302225	-457253.3058985669	-472977.50325842283	-488940.0100257452	-505193.8848682438	-521693.494507119	-538414.0257053196	-555357.1661582158	-572506.1533428503	-590001.3594508208	-607716.5751770041	-625681.3956574094	-643872.2676573675	-662318.7203461295	-680975.9282272243	-699914.8659428202	-719128.666570344	-738607.3146222949	-758205.7603390868	-778188.7489844355	-798324.7051839504	-818760.3959966281	-839471.737497919	-860318.2326236864	-881511.6522825473	-902931.5122957148	-924574.8560484474	-946504.5655478773	-968639.9425471055	-991040.1589142978	-1.0137174682277926e6	-1.0365872953881859e6	-1.0596577464669487e6	-1.0831347103312952e6	-1.1067013785938385e6	-1.1306710395468741e6	-1.1547338459446647e6	-1.1791834443512266e6	-1.2037420477617693e6
-301.87974366842684	-2404.459594716018	-4457.696648864562	-6418.4014677941805	-8243.40095240794	-9889.522822706094	-11313.600393125538	-12472.474023393805	-13322.992629162729	-13822.015253907479	-13926.412685769965	-13593.06905420749	-12778.883190549823	-11440.768997196557	-9535.651670624145	-7020.441683628455	-3851.791902966676	0.	0.	-4879.402990118365	-10188.518321029353	-15447.245196770768	-20874.478588382084	-26520.769645149358	-32397.138797899213	-38514.753106865894	-44872.3671997794	-51467.7967992114	-58315.42592883552	-65388.393781760045	-72717.27689324298	-80301.36233689549	-88145.09538082623	-96208.46385459957	-104517.30954258337	-113097.99692183133	-121907.71542590033	-130955.48136237229	-140278.90968473567	-149815.88836177738	-159609.70016389684	-169648.8857009037	-179930.76781078038	-190468.21645257494	-201296.75443867862	-212295.44420245342	-223586.20383264968	-235145.8674026278	-246913.69380746412	-258925.351196462	-271188.47374966514	-283684.4323747419	-296471.90175755025	-309501.6680185233	-322719.8231949062	-336216.6116649331	-350007.4066160846	-363975.5078400158	-378191.102034978	-392711.6500019151	-407445.37470388174	-422471.0747349989	-437692.7366670315	-453168.97238083236	-468892.2579399737	-484853.97144366254	-501090.01231406	-517536.51973175345	-534227.1870820617	-551189.93331811	-568416.3277126885	-585910.5951087124	-603572.6262087484	-621589.2248773216	-639779.5664034331	-658187.274632345	-676882.3469584223	-695820.7735465552	-715033.9256631485	-734505.0324952382	-754110.3003824983	-774092.5601896177	-794186.739554802	-814663.5208611699	-835374.2694817977	-856213.3235537605	-877395.0893246979	-898811.1123015058	-920476.1924313866	-942405.4710701337	-964484.2846722857	-986940.519763007	-1.0095433915306864e6	-1.0324870550360337e6	-1.055557506115207e6	-1.07903386365059e6	-1.1026005319135012e6	-1.1265696248497623e6	-1.1506324312478835e6	-1.175081541415814e6	-1.1996401448266539e6
-319.435134817064	-2545.489601396647	-4724.917532308615	-6816.9222772784715	-8780.710065903351	-10575.491388262557	-12160.48241668817	-13494.906480664431	-14537.995604927544	-15248.992116323154	-15587.150314674132	-15511.738176796614	-14982.03899304227	-13957.352625930393	-12396.995345869089	-10260.294004404745	-7506.5508465403655	-4094.730192915433	0.	0.	-5459.32063029954	-10962.546095788146	-16455.76345890924	-22127.111251754424	-28016.743845337907	-34139.228440873005	-40493.61950394407	-47103.99320643801	-53934.51348650527	-61029.53054481496	-68362.35917492685	-75941.66467474081	-83776.44298511835	-91846.60836360604	-100168.81462689006	-108728.24133801543	-117538.51926676152	-126579.35420828791	-135915.36138546426	-145451.68525088264	-155249.1317143196	-165289.41873063773	-175588.2972964442	-186126.4276658128	-196904.9773257555	-207932.03776749736	-219241.11707198407	-230768.67753473253	-242534.13504861514	-254552.573882484	-266822.89978669566	-279303.51524199813	-292074.52821534325	-305112.93182903645	-318366.7904995563	-331893.058889643	-345597.99548552494	-359653.30784862826	-373867.8266399987	-388322.1400460961	-403078.62369503244	-418056.9570114991	-433358.67189152935	-448839.22826449113	-464561.54723670357	-480522.4198129333	-496712.3509976346	-513203.25435029186	-529893.2979135325	-546855.2503786166	-564080.7614862281	-581534.5818359494	-599235.6881225264	-617146.2845925516	-635358.5892175643	-653848.3169963501	-672542.7994328325	-691480.6841820042	-710693.1488213661	-730042.1176566781	-749768.7612866751	-769750.248462726	-789844.4278288172	-810320.4815543141	-830910.3561614153	-851869.655743272	-873050.9436661521	-894466.5692073809	-916131.2571805656	-938060.0790700132	-960138.8926727189	-982594.5503621877	-1.0051689582204564e6	-1.028140448310708e6	-1.0512108993903217e6	-1.0746866141649627e6	-1.0982532824282683e6	-1.1222217732179963e6	-1.1462845796164714e6	-1.170733172209548e6	-1.1952917756207064e6
-336.9801976611905	-2686.3725778532153	-4991.576638959101	-7213.929196400731	-9314.769993689424	-11255.44310650935	-12997.298389254112	-14501.692976708748	-15729.992852451584	-16643.57445441033	-17203.826587006162	-17372.151826172	-17109.9687046186	-16378.713198624104	-15139.839894079789	-13354.821172986649	-10985.13892040264	-7992.238346961022	-4337.130391659056	0.	0.	-6021.409957734029	-11727.765665734341	-17456.941706315003	-23369.072983284204	-29510.446638347108	-35875.61207425909	-42479.47375960267	-49331.14084245088	-56418.93125890526	-63747.657462327385	-71328.48098881754	-79165.05848367173	-87245.60677769246	-95543.1371374131	-104123.42438114903	-112943.4924749835	-121993.72288351647	-131289.28657675436	-140848.5146138682	-150628.22239297026	-160665.3377742172	-170972.80977268945	-181536.91580507506	-192299.2372343493	-203330.04730184938	-214640.7459028801	-226147.2240543605	-237915.35417009948	-249928.86544556095	-262186.3221926941	-274748.8125148793	-287517.4232817613	-300471.42396317405	-313747.86936978926	-327275.31571086065	-341033.1738461677	-354993.2561211158	-369258.69120691397	-383752.82951417676	-398477.9214656809	-413484.87807172386	-428691.08787547296	-444159.5368336128	-459882.7051584503	-475852.9548984045	-492134.606603752	-508578.7739235231	-525313.763204404	-542274.8769075188	-559499.45466337	-576928.2616787627	-594652.9316827668	-612563.1297371907	-630774.6554261436	-649212.1010525904	-667905.2327909258	-686894.5978491142	-705994.5052947667	-725455.3048814515	-745181.143051576	-765018.5623227796	-785255.9931707886	-805731.278076028	-826321.1526839862	-847279.7881376924	-868460.5711280218	-889853.9257293622	-911521.1971944299	-933411.8251963533	-955547.2031507943	-978002.2507118216	-1.0005766585706186e6	-1.0235474752121929e6	-1.0466179262922785e6	-1.0700929618744003e6	-1.0936596301381278e6	-1.1175588982661245e6	-1.1416902910504178e6	-1.1659995343818988e6	-1.1906969401439165e6
-354.5140322935212	-2827.1137779769365	-5257.720985258605	-7609.593805679082	-9845.993370490402	-11930.185219941131	-13825.440776388428	-15495.038874743139	-16902.267362950133	-18010.424783425813	-18782.822142429693	-19182.78476570987	-19173.654219042986	-18718.790224703076	-17781.572380320744	-16325.401121689478	-14313.696125696799	-11709.885071030418	-8477.34437694424	-4578.901395542959	0.	0.	-6575.506458866513	-12500.004972027977	-18463.118444778283	-24620.542120061506	-30997.106681654863	-37607.87667654732	-44459.68777299882	-51550.80826079983	-58888.726501535675	-66467.20310869449	-74309.8935340727	-82372.28646952727	-90704.21304669317	-99262.13785666761	-108075.44960313979	-117143.28990354978	-126424.42323184184	-136001.60162166235	-145779.860971181	-155850.09679339512	-166125.80526482957	-176645.8446834264	-187428.0057686117	-198494.71048497153	-209791.3129574907	-221276.9203600959	-233063.15109784878	-245060.52431863188	-257324.5578178079	-269864.8215156088	-282637.1138990919	-295668.5042835663	-308868.9647489417	-322405.1970260092	-336146.66869822197	-350182.3487040287	-364395.47868927737	-378856.2213263591	-393622.16211239476	-408601.3452878399	-423872.7678372966	-439340.10581538925	-455062.1398483896	-471031.3134287029	-487238.95533715433	-503721.1386316788	-520413.6675959945	-537448.8129046961	-554637.5425060893	-572032.225050966	-589773.1193802418	-607734.1351572956	-625944.8401282188	-644381.6596589081	-663074.1292616518	-681977.362271483	-701162.4219948525	-720622.4561716254	-740347.4456771559	-760191.9705325563	-780421.4355806779	-800870.730711083	-821485.7850351534	-842443.7207369915	-863623.9717102783	-885017.0025967285	-906642.9334970989	-928532.7930176122	-950709.2161064908	-973163.6208118896	-995738.0286712509	-1.0187081357404719e6	-1.0417785868210609e6	-1.0652529067788871e6	-1.0888195750430652e6	-1.1126326461099263e6	-1.1368495655497103e6	-1.161158808881574e6	-1.1858556383962738e6
-372.03565010905305	-2967.712651346394	-5523.384798210355	-8004.049495413416	-10374.707182007216	-12600.362787339043	-14646.027232286866	-16476.718989972866	-18057.465719703403	-19353.305986757416	-20329.291078248152	-20950.486920054776	-21181.976088429477	-20988.859884200698	-20336.260376034174	-19189.322159489806	-17513.21311414894	-15273.121867626027	-12434.243058422233	-8961.70258899764	-4819.941349065286	0.	0.	-7121.275185125283	-13257.410278149455	-19465.662498399106	-25863.530466093416	-32487.75875339773	-39349.948974625804	-46444.76160386271	-53784.697323185836	-61371.27555206364	-69182.91125872881	-77269.45891821473	-85592.21526455147	-94156.9013746999	-102970.27916355978	-112023.64688764948	-121317.11264646953	-130886.55781836809	-140693.1678150719	-150714.6409068697	-161039.27907732158	-171561.43615846598	-182352.30183378817	-193384.9715462754	-204662.49449389026	-216188.92310735735	-227963.01756798365	-239966.98096484406	-252286.17192106138	-264767.26544789743	-277523.5164756563	-290538.0330657974	-303820.15770719864	-317318.1540678611	-331034.07785018627	-345038.3238670437	-359338.32971152675	-373797.8140829805	-388508.00212659367	-403539.59530583606	-418722.6236769404	-434275.321943859	-449996.16393940273	-465964.20657389576	-482170.8645631873	-498606.5900569221	-515343.5716642975	-532279.5688727993	-549487.6489249349	-566959.4370374576	-584659.5031122495	-602606.911250315	-620869.1433237083	-639305.3048847163	-657958.9084409851	-676899.9159767439	-696084.3417265798	-715543.5715271465	-735267.6691633657	-755112.1940199648	-775340.7550584438	-795681.0573551987	-816404.2532148812	-837361.4535411361	-858446.7074076779	-879874.945753198	-901559.5177283551	-923449.0428660893	-945624.9315397862	-967942.2600764018	-990653.068522334	-1.0135766937953919e6	-1.0366928809766524e6	-1.0600096984284683e6	-1.0837331171430661e6	-1.1075461882103812e6	-1.131762403114336e6	-1.1560716464466075e6	-1.180767870377767e6
-389.54396766636455	-3108.1665579514893	-5788.592009637829	-8397.39950987998	-10901.171337546672	-13266.494347177526	-15459.961499690597	-17448.173454725747	-19197.740239204017	-20675.283006148707	-21847.435896295774	-22680.848011868475	-23142.18550512041	-23198.133769642012	-22815.399689703318	-21960.713825113246	-20600.83220801905	-18702.53684652694	-16232.632070718391	-13157.925665675093	-9445.135893341132	-5060.1359169212765	0.	0.	-7659.616916609891	-14024.699405410958	-20469.23674424707	-27111.50292680101	-33981.15434374414	-41081.719875496856	-48424.497315794375	-56008.3524693166	-63831.64553719262	-71919.77634486544	-80233.48352193422	-88794.2236765815	-97617.5480679811	-106677.27490844927	-115996.31481704063	-125546.4810308476	-135319.91411656313	-145382.59562553436	-155694.40314397676	-166228.84756253916	-176986.53280747772	-188055.2583279833	-199311.27202948456	-210852.09077694468	-222628.99987593642	-234612.9532816448	-246931.1225452651	-259431.06327628889	-272182.9857018795	-285168.1335481702	-298445.46511703206	-311965.5132473969	-325700.66327091266	-339738.9332276406	-353943.60359397484	-368402.70054174465	-383192.6075331265	-398162.71211947885	-413414.8078963903	-428866.2995131969	-444580.1417224127	-460548.8196375643	-476764.6834670991	-493292.1971402178	-509982.1348458351	-526963.0975441721	-544170.203861155	-561640.9084273847	-579340.114647389	-597286.699751654	-615442.9665045964	-633900.8631460076	-652636.2195190287	-671576.5034250685	-690760.2644898854	-710218.6509479571	-729813.6557176885	-749786.3383680352	-770013.951604041	-790354.2539019183	-811076.5572231316	-831979.9877477903	-853118.2404175574	-874545.8925770036	-896207.9042937056	-918119.0210807538	-940294.3494506561	-962619.4605753184	-985321.7781238469	-1.0081709414450853e6	-1.0313608087590345e6	-1.0546776262113906e6	-1.0784002564381144e6	-1.1022133275059124e6	-1.1264288037442812e6	-1.1507380470769855e6	-1.1754336360883836e6
-407.0377998272439	-3248.4710006730684	-6053.358069023591	-8789.72285491163	-11425.592360030798	-13928.998250927594	-16267.978420454918	-18410.578612959194	-20324.854128623785	-21978.87162209606	-23340.71100970103	-24378.46749765043	-25060.253739586184	-25354.202123206225	-25228.467167319683	-24651.22796970958	-23590.690549257273	-22015.08967634211	-19892.68906695527	-17191.776405058237	-13880.639624377247	-9927.452573654831	-5299.356502188054	0.	0.	-8190.321540029561	-14778.524452931602	-21463.46716653155	-28352.71437213526	-35469.61813410547	-42810.60653740585	-50401.322205302495	-58243.978107414965	-66314.2737721869	-74631.35854004399	-83209.49806230092	-92017.16709422307	-101095.5884348248	-110385.49243379368	-119927.79626600973	-129733.8700152323	-139760.5709835694	-150075.14390375355	-160596.115635877	-171388.67369048562	-182439.0450282997	-193714.9194648777	-205272.26974889057	-217006.49983283758	-229048.87015211396	-241331.92222279287	-253837.78557174353	-266596.1288839751	-279634.80093420955	-292825.31561779004	-306353.2961889024	-320097.04061148287	-334118.3226633194	-348370.4237191151	-362855.58557522885	-377560.9890220531	-392571.57121568144	-407795.66882024304	-423312.09059639304	-439024.6521486948	-454992.02253477974	-471206.6458458021	-487659.8348477451	-504396.105633549	-521357.69059482944	-538607.0682654408	-556041.6862175418	-573682.1976226856	-591669.2676588598	-609876.452752803	-628333.4033301598	-647016.445873697	-665955.2237300661	-685190.1902847016	-704536.0946988277	-724242.6992051967	-744214.4035767146	-764305.007570219	-784781.3275164975	-805502.697059863	-826338.7358390724	-847543.5736322707	-868970.6125211553	-890610.2446191772	-912523.8538219603	-934709.9544510448	-957042.5809644609	-979744.1574757667	-1.0025648955837794e6	-1.0257823701681873e6	-1.0490991876211176e6	-1.072820992928193e6	-1.0966340639965038e6	-1.1208487674395302e6	-1.1451580107726946e6	-1.1698011804800832e6
-424.5158521759058	-3388.6197805729844	-6317.6912693696	-9181.07868374883	-11948.133602946027	-14588.212363852557	-17070.677654408984	-19364.900172853475	-21440.2603689738	-23266.150283448056	-24811.97550096845	-26047.157231772937	-26941.13453379081	-27463.366682476426	-27583.335684670496	-27270.54890998891	-26494.541762641966	-25224.88019735281	-23431.16257721423	-21083.019493084852	-18150.107227076332	-14602.078363118148	-10408.442554457373	-5537.458400905591	0.	0.	-8717.097066764078	-15533.668236920228	-22467.6963043498	-29598.98737968392	-36955.8514639219	-44548.063940161235	-52392.20319320233	-60462.527277630834	-68795.09977229347	-77354.18341053618	-86189.48452449839	-95235.76211343371	-104534.43498436929	-114076.5250832877	-123897.72907099209	-133938.42234924668	-144214.34673126935	-154758.01568657515	-165549.1704275915	-176576.49731381953	-187899.02362911962	-199398.14027887597	-211182.49698288128	-223203.32225001373	-235494.23051819287	-247994.2755509379	-260738.939344469	-273735.8201530943	-287045.99863321445	-300488.88912563754	-314254.61767900287	-328271.82474333973	-342519.80158340547	-356970.101713566	-371767.4499292482	-386711.5018511426	-401957.7954695465	-417426.32543368475	-433168.53828330745	-449189.8148326539	-465403.14283903054	-481855.20493016933	-498536.43305472884	-515519.0075097004	-532700.6755126504	-550154.5232233024	-567872.1878219463	-585857.9243231891	-604064.0992762307	-622520.0620075865	-641202.3509595576	-660121.2076030325	-679289.3024684369	-698720.0235267683	-718425.706757966	-738396.3896459455	-758486.9936408196	-778962.2781988877	-799657.5311533826	-820518.7115053616	-841722.7070517795	-863149.1055856175	-884788.3480486363	-906660.5231710388	-928796.6554822198	-951219.4038311691	-973920.206578069	-996740.9446867659	-1.0199575652040902e6	-1.0432743826576299e6	-1.0669953266132828e6	-1.0908083976821383e6	-1.114876656366439e6	-1.139331537533719e6	-1.163887217799948e6
-441.9767127109634	-3528.6050948228376	-6581.5937185272705	-9571.509580194024	-12468.922954983496	-15244.40897199477	-17868.549240761957	-20311.93354574596	-22545.161625648925	-24538.845054486363	-26263.60924126076	-27690.095564563526	-28788.963657060525	-29530.893851770754	-29886.589795662097	-29826.781222844587	-29322.226851627405	-28343.717307914307	-26862.07783227091	-24848.17015673332	-22272.891873971545	-19107.168074149642	-15321.915356761747	-10887.873709975844	-5774.278898061851	0.	-388.8502966449296	-9240.85122481988	-16293.729739899347	-23458.82777156611	-30840.755938987448	-38436.46738958577	-46282.567270642605	-54369.15002472003	-62692.24118389041	-71260.93575741242	-80080.75618810617	-89140.32335966975	-98449.14955897871	-108006.87427968555	-117796.27754685616	-127848.93922919016	-138155.92118616577	-148687.50926743515	-159471.2558870323	-170504.96286496174	-181797.14538876692	-193315.50882656008	-205115.8128064938	-217093.47608020977	-229379.6632518338	-241906.89357433666	-254657.17704989645	-267660.20773508574	-280943.9490296106	-294463.4080723567	-308152.69800626294	-322177.9670151299	-336408.95482338534	-350934.5996821475	-365637.89245157025	-380671.6086180549	-395886.2001744525	-411382.7728115661	-427079.1408083215	-443037.92379676376	-459251.64933611074	-475712.68896475574	-492485.3916148081	-509420.7904769192	-526647.2675642237	-544100.0065665778	-561816.4374244293	-579761.4523476022	-597953.9209957465	-616356.0854795905	-635060.0188173694	-654041.5499275147	-673227.9911474197	-692657.9553861815	-712362.6783759283	-732203.7190793925	-752422.900572002	-772897.1059490361	-793483.531178137	-814452.5230001122	-835655.6406760424	-856987.0943377991	-878661.3989903205	-900592.0856616194	-922727.8187961371	-945149.9291754151	-967713.5570731781	-990670.6635401507	-1.0138406458561432e6	-1.0372032113209061e6	-1.0607663951457338e6	-1.0847363285627973e6	-1.1087958024348456e6	-1.1332586273600436e6	-1.1578143076267613e6
-459.4188427817355	-3668.41759084541	-6845.0620475811165	-9961.044029426728	-12988.058698615545	-15897.806170968019	-18661.99317662926	-21252.334790975852	-23640.55625317033	-25798.394890076004	-27697.60216336849	-29309.945857540406	-30607.21242581518	-31561.209509246182	-32143.768640484264	-32326.74813583939	-32082.036163092063	-31381.55393849105	-30197.258931616954	-28501.147781679818	-26265.258182105805	-23461.667712213457	-20062.483344745076	-16039.797815286514	-11365.488145465088	-6009.635325104534	0.	-1335.490048563934	-9762.731332250527	-17045.264265723465	-24461.85553404273	-32084.90261716176	-39930.34049291088	-48019.44160099477	-56342.37067015407	-64906.60467168207	-73737.2555340878	-82799.29979432822	-92102.44645946086	-101662.42992600308	-111474.5149977109	-121529.28261214495	-131802.9943718061	-142366.78270529537	-153149.74376829056	-164181.1448227901	-175449.60255709157	-186959.43765175375	-198755.31523326642	-210782.53157568746	-223046.68887528015	-235581.32129707682	-248325.42156902252	-261314.40481431535	-274609.20476837666	-288111.0691354205	-301865.4740207053	-315814.3178768585	-330072.53404729033	-344566.10093892063	-359355.82849692163	-374305.4051213519	-389559.877311264	-405028.3453007413	-420789.0430120706	-436746.37566683843	-452958.62043998076	-469418.2551913209	-486116.6099755418	-503089.6683154749	-520273.31891969696	-537799.7993776535	-555480.0287329677	-573366.2454281065	-591599.0399448384	-610052.052555709	-628754.9144834317	-647683.92504809	-666868.7414883146	-686349.8902769872	-705941.7916587695	-725894.6547641479	-746112.7283637046	-766585.8107668862	-787172.2359973477	-808140.1703232756	-829222.3732731869	-850673.8281678883	-872347.438296334	-894255.4982878249	-916412.7104761689	-938834.1569971684	-961405.5656442634	-984354.0521439076	-1.0074211205007988e6	-1.0308856736109236e6	-1.0544488574363978e6	-1.0784178566384611e6	-1.1024773305110869e6	-1.1269392802516504e6	-1.1514949605188847e6
-476.84056724092454	-3808.046386176822	-7108.087920742251	-10349.698281028106	-13505.613992122522	-16548.57663561814	-19451.334545709276	-22186.644577680145	-24727.273966899764	-27046.002296767827	-29115.62359433717	-30908.9485724645	-32398.80703712736	-33558.050477654535	-34359.55485543239	-34776.223601968915	-34780.99082762006	-34346.82472271296	-33446.731091842055	-32053.75687238426	-30140.993278779177	-27681.577680106337	-24648.691795419254	-21015.54872979528	-16755.340536346463	-11840.998416076178	-6243.323115738353	0.	-1883.5086364220856	-10278.849124930144	-17798.70448707767	-25456.525101042604	-33319.990184760005	-41420.23592278543	-49749.613668059326	-58332.14939439402	-67144.48164002325	-76216.89064907593	-85524.16399260849	-95082.07460123747	-104859.81837805679	-114927.06358819954	-125236.61907709054	-135777.3770075164	-146558.29563727044	-157562.72693490083	-168860.2818198636	-180364.33409948373	-192160.33088489724	-204164.2187321786	-216449.85184956764	-228979.22949953572	-241750.08320574538	-254744.34635607095	-268003.62850803125	-281519.9741914647	-295284.2707090083	-309259.58520250354	-323502.2534565889	-337965.1858325032	-352736.50318760955	-367685.2503412036	-382965.0173533169	-398425.38657464774	-414168.0622812079	-430110.3021409813	-446315.13688860694	-462807.24215055455	-479575.4409137962	-496501.87999103806	-513729.5618865383	-531156.6178331678	-548855.8732738376	-566819.0138398418	-585023.97192231	-603449.7170322217	-622203.9286425929	-641132.089993824	-660296.879005674	-679710.958908138	-699387.7295828	-719339.5545140561	-739556.4770158599	-759893.1601494708	-780614.817884287	-801556.4522002116	-822663.8564259791	-844114.3622027099	-865787.2507226003	-887672.9131168498	-909802.5896530695	-932174.0950291579	-954843.4959443583	-977791.110498009	-1.0008581788556691e6	-1.0243217695276582e6	-1.0478849533538168e6	-1.0718529819091086e6	-1.0959124557823448e6	-1.1203734962085208e6	-1.1449291764763019e6
-494.2400637738438	-3947.479060696616	-7370.658392596334	-10737.4777502146	-14021.640310627165	-17196.85441351503	-20236.83529372362	-23115.306888496434	-25806.003738130934	-28282.672999206505	-30519.07658993315	-32488.993487486874	-34166.22219730923	-35524.583414025954	-36537.92289248743	-37180.11454470808	-37425.06377275811	-37246.71103609434	-36619.03562816905	-35516.05958872059	-33911.85157024078	-31780.53022929842	-29096.266078935692	-25833.27893420699	-21965.822095808402	-17468.11981144659	-12314.0836788218	-6475.113915686909	0.	-2327.5444442775524	-10793.476064546356	-18556.94831316207	-26448.684284703446	-34564.363596638905	-42904.314543458255	-51484.39909154975	-60311.74966437179	-69381.04106753769	-78675.1486285754	-88247.29174686033	-98039.72067906498	-108092.5934340004	-118382.20750893198	-128941.44886994488	-139691.55378808067	-150731.92460964833	-162036.5765158296	-173542.88269065967	-185345.48080350456	-197339.22268782847	-209652.19455489435	-222159.09975158033	-234870.37853819382	-247924.56059975765	-261157.4596861846	-274696.45960994135	-288442.812406551	-302457.50390277774	-316688.9722087618	-331138.9735377672	-345877.83129475144	-360913.2203969283	-376108.2284643359	-391608.52956028114	-407322.77176315314	-423329.61176017154	-439532.88305614406	-455991.1942536955	-472696.9713910868	-489647.168743101	-506886.3013578686	-524366.2732644952	-542064.2850237745	-560026.0416545331	-578192.2216017625	-596654.5954151361	-615302.4866622881	-634252.1224403623	-653479.4177641245	-672911.7488176111	-692587.6705381714	-712538.418329038	-732625.4949667443	-753090.8296636608	-773811.276838894	-794643.8249996315	-815859.1754071565	-837308.696442216	-858886.349898602	-880825.7200393762	-902984.2813175361	-925366.4434422884	-948035.1287219452	-970981.8386024246	-994048.9069608987	-1.0175114990710838e6	-1.0410746828979662e6	-1.065041704374717e6	-1.0891011782485987e6	-1.1134070549250736e6	-1.138116955498994e6
-511.6153513605296	-4086.7016259316315	-7632.756145746273	-11124.378062875943	-14536.170089142335	-17842.74020818039	-21018.703445548555	-24038.683715870873	-26877.31576639317	-29509.2472367969	-31909.140855600883	-34051.67679394125	-35911.55519786061	-37463.49892030754	-38682.25647357784	-39542.605221448815	-40019.35482691378	-40087.35096423086	-39721.47929093894	-38896.669645759735	-37587.900382322405	-35770.202620459415	-33418.66390346852	-30508.430002612247	-27014.701485194677	-22912.714622806117	-18177.667330969067	-12784.385803869718	-6704.753823645885	0.	-2723.5882037573515	-11307.284094450302	-19307.686977015037	-27447.352094996364	-35801.59283128952	-44389.7428689488	-53219.296951427554	-62288.6210865084	-71598.72850852362	-81148.73877084852	-90961.87693417036	-101007.42944496321	-111320.07165346907	-121856.1109513208	-132628.14397277133	-143661.80421943672	-154930.9481506967	-166488.66014745578	-178265.87326064904	-190259.903521124	-202548.01158554017	-215075.62714021403	-227823.75082259934	-240861.491116897	-254099.29349032516	-267590.4320727269	-281362.8764200573	-295371.5965214104	-309623.986576009	-324079.0918933978	-338782.34615417	-353803.64992368006	-369002.77156089176	-384523.1347380758	-400259.0401901107	-416217.6149094645	-432405.57459480886	-448961.93356334884	-465666.1414647506	-482609.28072014934	-499818.71620771714	-517255.8223791288	-534929.0314817654	-552896.2398100527	-571084.3684671795	-589562.4362381678	-608260.9345660364	-627209.3735880844	-646384.0971821594	-665814.6825364883	-685541.6145247904	-705379.5128747962	-725578.3228486067	-746042.4200382612	-766761.6128611024	-787594.161023374	-808808.3302166632	-830136.6973376471	-851834.4843439963	-873754.4490359668	-895908.8871576715	-918312.5202214788	-940980.4639769892	-963798.1701460452	-986993.3048164576	-1.0103351896569908e6	-1.0340180460688204e6	-1.0578275962670385e6	-1.0820434979098265e6	-1.1063493745869452e6	-1.1310582975869416e6
-528.9642778227591	-4225.698474761026	-7894.359632878647	-11510.385821634116	-15049.218745682268	-18486.305493739466	-21797.100347324547	-24957.066668972908	-27941.678889951378	-30726.424618007848	-33286.80688624589	-35598.34656478078	-37636.58495734196	-39377.08660533105	-40795.442321841176	-41867.272477515944	-42568.2305579258	-42874.007009087574	-42760.3333771764	-42202.98673460823	-41177.79434926896	-39660.6384861871	-37627.461081857226	-35054.267686080995	-31917.129190750187	-28192.177377451528	-23855.58208557306	-18883.46408450289	-13251.505504268715	-6931.961864811506	0.	-3089.3042509349116	-11819.353576376869	-20052.93703424076	-28441.86096183712	-37046.66573926066	-45882.79981947619	-54949.25310492292	-64258.15546860181	-73821.81578250541	-83640.44344572363	-93696.02092784925	-103986.42084657525	-114532.06876070384	-125322.69184204758	-136346.56256630667	-147612.16928690983	-159159.7562640004	-170920.8267829528	-182942.15555634472	-195210.7788083222	-207723.42851128022	-220493.91909566653	-233498.4887900212	-246791.69264285415	-260268.10395998	-273997.5338245894	-288041.2284467585	-302284.73055542016	-316776.3585780848	-331496.2185359886	-346454.99265125114	-361735.6633103112	-377175.91995858087	-392921.76818126265	-408881.58058090595	-425134.2916292545	-441583.33188949287	-458287.53627416363	-475239.29143868457	-492502.9308653607	-509929.50881124975	-527647.3958340487	-545591.6990763093	-563799.9150909741	-582236.8113362629	-600921.2996864533	-619920.7432286888	-639094.5219875076	-658485.9073441218	-678164.8852958868	-698087.4598947323	-718285.1147954896	-738747.931273194	-759330.693546013	-780298.3741147447	-801486.1217910704	-822839.6879768475	-844536.4189940457	-866455.5808239607	-888587.5313091979	-910993.4831799375	-933622.9245657701	-956497.207879478	-979691.3724223141	-1.0030047710291663e6	-1.0267150428663515e6	-1.0505245930653324e6	-1.0747394147660031e6	-1.099045291443802e6	-1.1237532027401237e6
-546.2845064038502	-4364.452313865999	-8155.443140868799	-11895.47914995265	-15560.786216289003	-19127.595714344847	-22572.146366327095	-25870.68617263739	-28999.474445024065	-31934.78396366194	-34652.90328000101	-37130.139187872795	-39342.81938597503	-41267.29535539687	-42879.94547621024	-44157.178406676074	-45075.436748947905	-45611.20102024911	-45740.99394657808	-45441.385083419926	-44688.99574949179	-43460.50422005585	-41732.6510459425	-39482.24419042941	-36686.163273010556	-33321.361188810915	-29364.858476924215	-24793.716243165305	-19584.93430444581	-13714.998579632214	-7156.428824443049	0.	-3433.2019519968976	-12331.437657193726	-20804.925230601053	-29435.51919177393	-38279.93925211549	-47371.579460324734	-56685.27900938088	-66246.9503586928	-76043.25791064913	-86085.5869850276	-96396.36957632066	-106940.29500279222	-117727.54200551761	-128788.93196590042	-140071.7806194508	-151580.8723688334	-163334.94046972814	-175380.2551874086	-187618.90389024673	-200145.20722344646	-212904.08721288285	-225935.64176628264	-239169.46138461714	-252722.01845222685	-266456.5775592172	-280472.6557153109	-294725.38550960016	-309148.4834777684	-323921.77231972746	-338869.773657487	-354136.03989062656	-369667.07321807015	-385345.9607726377	-401327.3295926684	-417531.4306966557	-434065.019499333	-450767.4543893031	-467717.53074525006	-484906.58138249227	-502370.49378866836	-520045.25232071185	-538063.039232369	-556234.7559778622	-574612.5013067086	-593337.175866832	-612282.1700525562	-631477.1740148937	-650898.3642299213	-670627.7764356124	-690549.4099458493	-710745.8708073002	-731078.983379776	-751790.1256430575	-772756.4642736727	-793835.1353664701	-815296.5144443408	-836992.1538486952	-858816.0071000541	-881001.6001017281	-903406.4334921056	-926034.8950193065	-948949.9480903471	-972143.1097784333	-995456.5083861932	-1.0191656732905302e6	-1.0429752234903169e6	-1.067188928817104e6	-1.09149480549562e6	-1.116055879081336e6
-563.5735013261411	-4502.94408055521	-8415.976789913984	-12279.628056778383	-16070.858100547808	-19766.63275809772	-23343.925372999474	-26779.71876939395	-30051.007331884102	-33134.7992133851	-36008.11869352615	-38648.008710906994	-41031.533593237546	-43135.782010122224	-44937.870173406016	-46414.945311623196	-47544.18944207418	-48302.82346621018	-48668.111608272426	-48617.366212339795	-48127.952900542885	-47177.29607199399	-45742.88467612283	-43802.27810028795	-41333.11180918502	-38313.1019057348	-34720.04660076177	-30531.819227444204	-25726.336376450112	-20281.439555791207	-14174.37241106046	-7377.816595588719	0.	-3763.3815862217066	-12843.04121663718	-21560.526457011463	-30431.426095677958	-39521.84941875257	-48846.52520680779	-58415.76672207885	-68227.52358214668	-78285.16763874533	-88570.9135721299	-99125.34350414587	-109922.33962933988	-120938.80504986242	-132227.9458767423	-143748.13898694445	-155556.0087889112	-167545.23132536586	-179809.36924991457	-192333.96382171017	-205133.19691120525	-218118.55559389462	-231378.1151694758	-244851.4438274032	-258646.33763514675	-272619.1751545277	-286906.31725585833	-301352.7645468315	-316105.32155449473	-331069.04307938006	-346297.58500857337	-361823.1572372626	-377508.4796043077	-393499.5931744496	-409704.77175425447	-426203.0826195827	-442897.72216715256	-459847.64650165424	-477045.21533438214	-494555.0231799352	-512258.98959643266	-530191.5817834513	-548382.0415355067	-566836.5667395438	-585559.4565385552	-604503.098783551	-623696.7806439333	-643116.9622757637	-662793.0468744818	-682680.1230042869	-702849.2583468604	-723293.703458549	-744003.4786003797	-764825.2162236758	-786047.102594602	-807507.1767400627	-829081.7080325001	-851025.5421606496	-873191.6447401154	-895592.2807783406	-918242.1568975786	-941156.3907786126	-964220.3944698859	-987661.915493498	-1.0112501563807162e6	-1.035179487541962e6	-1.0592354041131246e6	-1.0836979167423737e6	-1.1082501962241647e6
-580.8285122681161	-4641.152845074465	-8675.92647730811	-12662.79465359409	-16579.406491914357	-20403.416848835768	-24112.488250583774	-27684.292911530367	-31096.514862162127	-34326.85220919323	-37353.01955117895	-40152.75057374208	-42703.8008493729	-44983.95086714024	-46971.00931979601	-48642.816673401256	-49977.24904833921	-50952.22243719341	-51545.69728471493	-51735.683450945515	-51500.24557116872	-50817.508812106076	-49665.6649964729	-48022.97901455766	-45867.79533265981	-43178.54417422058	-39933.74640958318	-36112.01482787183	-31692.04560757427	-26652.58109111576	-20972.273135130676	-14629.082889120578	-7595.758220034904	0.	-4078.3698030474516	-13353.37415229214	-22301.697191499785	-31420.697796782733	-40762.973219493564	-50335.0055820086	-60139.07874218121	-70202.6419929679	-80488.02907780718	-91047.12636767354	-101833.54874923096	-112891.99099268239	-124155.84778640032	-135708.38481852817	-147456.67973215473	-159488.56142164167	-171771.9712519322	-184246.6624242925	-197026.56602714836	-210069.54976265194	-223307.74449983003	-236818.01035691865	-250538.87126794047	-264557.9638678756	-278779.98619315	-293261.8199214866	-308012.93864182755	-323023.6324338556	-338227.4719576046	-353733.6730885319	-369468.70566401834	-385433.4954571621	-401660.0754721356	-418109.5096429824	-434888.7040737109	-451836.74342206627	-469032.52387366764	-486467.34290105157	-504177.20052670524	-522167.2342374544	-540362.0006301242	-558814.8915748462	-577472.466645615	-596426.3355158354	-615565.8863666159	-635007.3299232171	-654726.648501639	-674651.0816315378	-694819.2144624529	-715262.3876021826	-735970.7524178887	-756799.5938304085	-778012.9468902411	-799446.539925955	-821046.2061579763	-842988.8774258074	-865154.0958897293	-887532.2026257187	-910154.3874257042	-933059.9929139913	-956180.5396365839	-979620.9923510439	-1.0031807212073209e6	-1.0271373852202359e6	-1.0511933017922451e6	-1.0756546251840359e6	-1.1002069046665803e6
-598.0465577009398	-4779.055699122629	-8935.253772982058	-13044.933247945188	-17086.390549311287	-21037.92796501165	-24877.8551009726	-28584.493538735685	-32136.173826288246	-35511.24297858389	-38688.06435881856	-41645.02085728185	-44360.51776257879	-46812.98587162649	-48980.884864049214	-50842.70697097487	-52376.98096573406	-53562.27650540837	-54377.208850922165	-54800.44399119218	-54810.7041921983	-54386.77398288001	-53507.50657291924	-52151.83066558221	-50298.75756683087	-47927.388366374296	-45016.920697149064	-41546.65396117008	-37495.990345461265	-32844.42454626703	-27571.500586835406	-21656.655009170398	-15078.53200755469	-7809.858821487093	0.	-4386.922178979577	-13861.302451494583	-23048.659551027937	-32413.15288721128	-41994.02568671357	-51821.06069585891	-61880.15449561567	-72173.19092911921	-82726.1276813153	-93503.99764895496	-104551.56042615393	-115858.87930530666	-127383.97408963919	-139139.41622385435	-151183.25116106018	-163421.4980665853	-175952.37098716034	-188732.27535618108	-201748.59729737727	-215006.04614224695	-228495.3624187665	-242255.36106006397	-256226.22456068857	-270508.01820327085	-284958.66985312686	-299702.95681472705	-314691.4696696712	-329932.6731304949	-345405.6083666763	-361175.70217780303	-377105.90740158444	-393342.00453994673	-409792.34528333123	-426535.9847313093	-443476.0538892914	-460671.52493634605	-478207.58250386006	-495870.4669712379	-513834.8233937864	-531998.8311128954	-550435.3124015586	-569135.9966004319	-588105.2111721262	-607295.135650007	-626735.1735406385	-646401.6624235911	-666324.1443632067	-686543.1736090328	-706985.0358105681	-727564.1843183709	-748520.7885101021	-769732.6682533049	-791057.4622786052	-812764.5401116351	-834706.0128954641	-856776.0659421528	-879189.0280176598	-901858.542185345	-924733.1735272162	-947894.3872806523	-971333.7389587915	-994893.4678160766	-1.0188489165251052e6	-1.042904833098008e6	-1.0673649308205775e6	-1.0919172103039157e6
-615.2244070222049	-4916.627631007091	-9193.915772080209	-13425.99033168937	-17591.756853161547	-21670.126869487685	-25640.0199214166	-29480.36566888074	-33170.10611930376	-36688.19799697814	-40013.61527849319	-43125.351919608016	-46002.42480129183	-48623.87692069493	-50968.78085731566	-53016.24254257395	-54745.40536307858	-56135.45462777021	-57165.622428891314	-57815.1929254806	-58063.508075176505	-57889.97383437322	-57274.06683604366	-56195.34153473735	-54633.43777120831	-52568.08863760737	-49979.12838095524	-46846.49977187364	-43150.25966646106	-38870.579700473754	-33987.734048792816	-28482.04968523485	-22333.727593904863	-15522.06640480602	-8019.69763985488	0.	-4689.736572085954	-14362.816126599135	-23800.75722568279	-33411.25131220721	-43247.535285385646	-53304.18416159295	-63613.27654225465	-74174.53984696703	-84945.6225326817	-96003.47579431214	-107277.87731634741	-118808.66035050499	-130593.63275623143	-142625.7870083543	-154861.77516505294	-167389.34377460196	-180138.87962937806	-193176.5833871194	-206437.00476406835	-219937.11819634313	-233672.62386686934	-247697.9870084107	-261907.30863163594	-276424.10547254747	-291149.139091242	-306143.65714218334	-321391.4015927962	-336846.09836530423	-352596.54951729573	-368525.19203939283	-384785.7387916657	-401257.27782856894	-417951.8517485319	-434976.33009225933	-452169.80066176667	-469611.1208501449	-487291.5652759786	-505264.0505778644	-523488.9677645519	-541923.8904346109	-560622.8402445086	-579550.7834974962	-598726.4929625774	-618112.0835083755	-637799.8413132118	-657765.6755098337	-677936.4880577102	-698351.028074748	-719040.7965937972	-739995.9040499141	-761070.8246004488	-782531.0607109378	-804236.7098934015	-826057.4053576916	-848247.0016178098	-870659.0254087553	-893283.743950584	-916201.6205044665	-939361.9374020449	-962672.238615799	-986359.8841750491	-1.010194425545648e6	-1.034369998030379e6	-1.058672280974691e6	-1.0833811131361423e6
-632.3585614234597	-5053.841387655867	-9451.864908453263	-13805.90447785403	-18095.439579049205	-22299.955815004632	-26398.94697179516	-30371.917178453496	-34198.38318767316	-37857.876802403756	-41329.94747377967	-44594.165097913625	-47630.12303751905	-50417.44139838843	-52935.77058923043	-55164.795195513194	-57084.23819837861	-58673.86557024928	-59913.491278833746	-60782.982730598815	-61262.26668296641	-61331.33565073594	-60970.254825183234	-60159.16951149919	-58878.31306698921	-57108.015280296124	-54828.711047000346	-52020.949040616244	-48665.39971556005	-44742.86119199424	-40234.259551108	-35120.63440512763	-29383.08200490962	-23002.552752975567	-15958.97718397503	-8224.831371515893	0.	-4981.719769488173	-14874.504138750448	-24546.262953470807	-34404.99741165536	-44479.90594299423	-54799.25704458186	-65337.9403224099	-76129.56608462508	-87187.90493094402	-98466.24426537167	-110008.10866726268	-121787.30498520324	-133786.3672696417	-146056.21947234965	-158605.97915609012	-171336.69070077053	-184363.87896321784	-197599.76990501335	-211130.3275819477	-224876.67895648308	-238855.93458104183	-253140.43112209043	-267607.8759883167	-282357.828972211	-297345.1598813058	-312577.10603455064	-328062.03336809267	-343779.0627253218	-359793.29813178105	-375968.20335032867	-392449.00227772567	-409144.3011681502	-426132.9979644815	-443318.3270559828	-460759.17157833243	-478540.77878321125	-496449.2622393888	-514659.3718672155	-533069.1438225153	-551751.5116746025	-570698.2046737783	-589913.5748082906	-609349.653344081	-629035.9219189445	-648948.6224311279	-669117.4005854822	-689582.9932856746	-710271.3729338916	-731096.5573750826	-752299.8610024854	-773758.5362106332	-795329.453166872	-817283.4109692703	-839471.737497919	-861842.8469604484	-884506.9270663684	-907364.1101286367	-930485.3752556976	-953893.4912156656	-977579.9702841962	-1.0013860293901376e6	-1.0255887965893227e6	-1.0498910795345714e6	-1.0745986131632288e6
-649.4452334274554	-5190.667323542677	-9709.048731899182	-14184.606156687887	-18597.36051465213	-22927.3389756532	-27154.577072464308	-31259.12091040904	-35221.02950246117	-39020.377253909166	-42637.25662634345	-46051.78100515405	-49244.08780098824	-52194.34181364725	-54882.73888947644	-57289.509902830614	-59394.925094349994	-61179.29879866159	-62622.99459467548	-63706.430911365205	-64410.08712079648	-64714.510147643494	-64600.321619629605	-64048.22557467212	-63039.016725746005	-61553.589256076666	-59572.94607089093	-57078.2083350852	-54050.624942988296	-50471.581170508645	-46322.60485862616	-41585.366216929804	-36241.66097496198	-30273.34577611654	-23662.110466742135	-16388.501380891044	-8424.798993249677	0.	-5272.149981630518	-15378.487279345889	-25296.762566326728	-35393.1271834727	-45718.15349199493	-56275.61513450242	-67077.11894199908	-78102.85778455962	-89408.16255066174	-100921.44362941438	-112739.83833476517	-124723.70895968447	-137001.98836048343	-149539.34911689238	-162296.2493067665	-175310.9078177211	-188576.0406573966	-202078.79015557843	-215823.6228682065	-229814.9173303434	-244049.9686108887	-258576.58424481444	-273282.1831224634	-288303.13102923566	-303540.63897811365	-318995.97235849174	-334730.3236221837	-350724.6691766326	-366897.804999087	-383402.6907760236	-400118.9366618998	-417058.45701328054	-434327.89755498996	-451766.62610844424	-469453.3216747436	-487379.24850735214	-505597.3376985599	-524067.9893945175	-542748.7086459383	-561693.5671264981	-580867.46381064	-600289.1953499884	-620026.1210170253	-639937.6535763377	-660086.0733225042	-680483.9957142493	-701144.8507828523	-722081.09778226	-743282.8182645647	-764603.8179532896	-786310.8057358717	-808263.2524089001	-830330.1120435896	-852766.5264248021	-875425.2742892613	-898318.6134892227	-921461.2789659688	-944868.4462928241	-968481.5991792551	-992359.7852505317	-1.0165612287748004e6	-1.0408635117210373e6	-1.065569710385142e6
-666.4803250306215	-5327.073236459851	-9965.409651187183	-14562.017478980444	-19097.428939834543	-23552.18264343821	-27906.825747929954	-32141.916218620423	-36238.025220723226	-40175.739664798624	-43935.664937205955	-47498.42784233013	-50844.679786125365	-53955.10023128541	-56810.40045535951	-59391.32764416272	-61678.66935335559	-63653.25837285609	-65295.97802742176	-66587.76794844632	-67509.63035028818	-68042.63684300726	-68167.93580986203	-67866.76037217746	-67120.43695255861	-65910.3944318974	-64218.173861401	-62025.43863701425	-59313.98493676018	-56065.7520125164	-52262.83148552876	-47887.473786857285	-42922.08736208759	-37349.21917480989	-31151.481885359124	-24311.29969019394	-16809.825472772594	-8619.128195907262	0.	-5559.266508912279	-15879.191206013258	-26041.627661455965	-36385.07506249562	-46952.869447154386	-57759.56210390251	-68811.9611413174	-80097.72589187608	-91641.93788661539	-103398.24899501528	-115425.10054387114	-127711.17178048873	-140244.38817386026	-153011.3977966583	-165985.11760184335	-179254.40440008038	-192750.68286997496	-206523.925287558	-220511.31912376804	-234734.8478353869	-249249.14467191222	-263999.8263210928	-278954.4958761063	-294253.8261225522	-309728.8310538519	-325420.9725082975	-341417.9480840675	-357582.3990208749	-374095.3674503046	-390820.5863876237	-407760.63940860727	-424994.1223190421	-442424.5416672065	-460110.5864276234	-478137.4359187328	-496291.4089844399	-514747.08978991926	-533402.5199123891	-552330.6393547255	-571523.1909596763	-590984.5474471466	-610666.6518658745	-630599.0257789543	-650757.8422984788	-671225.1230586049	-691884.8220580674	-712819.6022540125	-734012.8787882504	-755340.696077631	-777046.0353721651	-798904.8824557441	-821063.7893130634	-843498.8627153428	-866156.5910417737	-889027.2515939784	-912172.044478968	-935589.5813866857	-959153.7025837335	-983087.2108610709	-1.0071396002157574e6	-1.0315895775340504e6	-1.056138226851724e6
-683.4594043737585	-5463.024189881592	-10220.884644127083	-14938.051872861526	-19595.541385457003	-24174.375222506213	-28655.584161768395	-33020.21003237566	-37249.308162912275	-41323.94999120632	-45225.22586425158	-48934.248057558696	-52432.15404418297	-55700.11004467647	-58719.314890219	-61471.004232165775	-63936.455132143055	-66096.99106762346	-67933.9873879775	-69428.87725732058	-70563.15811797685	-71318.39870897509	-71676.24667051568	-71618.43676005983	-71126.79970019564	-70183.27166309823	-68769.9043775715	-66868.87580760608	-64462.501287867046	-61533.244882695304	-58063.730501333644	-54036.751810167276	-49435.27886438443	-44242.45658956922	-38441.58241524556	-32016.024829418577	-24948.94196467428	-17222.091315219153	-8807.343469462487	0.	-5844.177652122764	-16386.445670434816	-26789.0562052581	-37381.87489815829	-48198.156617915796	-59248.42698051317	-70548.81130345554	-82083.50186785671	-93866.71738979669	-105872.18944966738	-118158.78140138181	-130679.78718629164	-143437.33382385757	-156455.57209638465	-169700.86123074053	-183202.385139735	-196957.0867692108	-210973.81937913853	-225207.37883223777	-239688.27455814125	-254447.97071506825	-269428.6846379001	-284644.474310544	-300122.12071389344	-315878.1345148272	-331875.57338896353	-348046.05699074967	-364535.4689723606	-381284.3514099649	-398215.247010513	-415429.3254370927	-432888.1707983143	-450627.2197620509	-468559.12634744693	-486730.3925951804	-505193.8848682438	-523910.074404528	-542836.4552641634	-562027.0722208818	-581446.8031484094	-601114.442678149	-621097.461865099	-641255.0466838578	-661649.5488059958	-682293.6046012458	-703200.682586857	-724383.2911676621	-745831.495061931	-767535.1420756497	-789352.1819651308	-811551.3024105259	-833984.999210205	-856547.4518468687	-879452.8425313288	-902614.8981647867	-925982.122526384	-949636.0626166454	-973568.3062217068	-997620.6955775643	-1.0220692769735698e6	-1.0466179262922785e6
-700.3776809861533	-5598.482322558354	-10475.404937075904	-15312.61369869475	-20091.58128289337	-24793.787040466017	-29400.71925525491	-33893.87751296951	-38254.77520900638	-42464.94222386733	-46505.92779556376	-50359.303619273705	-54006.66720546505	-57429.64552868867	-60609.899000239784	-63529.12579885098	-66169.06659445433	-68511.50970077077	-70538.29669296126	-72231.32852676095	-73572.57219460401	-74544.0679548256	-75127.93716445073	-75306.3907468211	-75061.73831524435	-74376.39796700212	-73232.90674578892	-71613.9317464594	-69502.28179481046	-66880.91956319724	-63732.9738502541	-60041.75149381167	-55790.74784332761	-50963.65348774829	-45544.35186997526	-39516.89384323054	-32865.40732129577	-25573.788363410713	-17624.404855291796	-8988.97576601303	0.	-6121.618786940523	-16885.30615800496	-27538.777012773524	-38371.43218071642	-49430.497245779596	-60724.96517680028	-72277.90191353488	-84048.44206343155	-96088.88748612758	-108349.75089676949	-120870.02185043576	-133631.22352932618	-146661.95534059143	-159903.89425215567	-173404.2292395523	-187150.33577345684	-201192.4830097304	-215423.53213001273	-229901.96814603597	-244624.93996188874	-259640.3234472304	-274888.4202613773	-290345.9711720706	-306073.7774599419	-322055.61239388405	-338244.9576992777	-354730.84298934217	-371487.399701116	-388392.1677936977	-405641.36000447744	-423119.3577948276	-440794.69772284915	-458725.76948414557	-476904.949400741	-495396.90720637713	-514097.97716190474	-532998.9593825414	-552172.6954419656	-571610.9554581749	-591318.129088752	-611246.1312154518	-631424.4851207378	-651829.3220257172	-672542.7994328325	-693448.6599262889	-714629.7237710096	-736076.2149060665	-757643.2937356182	-779595.1657379802	-801767.4434276349	-824105.6751430922	-846787.3885478118	-869691.705525237	-892808.8460430352	-916219.2113354418	-939872.1251267573	-963675.021384925	-987855.4606894829	-1.012256933491631e6	-1.0368512593593518e6
-717.2299792172768	-5733.406642518708	-10728.895650265611	-15685.597805830344	-20585.4185139967	-25410.270004461265	-30142.07364225522	-34762.762353451246	-39254.28319508754	-43598.600098925905	-47777.69681944867	-51773.580117371814	-55568.28321088785	-59143.86952782233	-62482.436792857574	-65566.12148490448	-68377.10370053264	-70897.61246003774	-73109.93149314463	-74996.40554143683	-76539.44721402858	-77721.54443253067	-78525.26849773462	-78933.28281010008	-78928.3522673721	-78493.3533580465	-77611.28495606307	-76265.27980467021	-74438.61664895451	-72114.73292989902	-69277.23787244185	-65909.92565342905	-61996.78805067386	-57522.025380835206	-52470.05319238923	-46825.49884734479	-40573.17281596279	-33697.96931136788	-26184.530317102777	-18015.847876004966	-9163.57352421986	0.	-6398.901102758413	-17388.16160228957	-28279.796891573333	-39366.24267526531	-50672.93309985615	-62221.50048917079	-73990.93627907072	-86017.53571335317	-98312.3919077794	-110814.3376223871	-123605.19452664997	-136605.28327463524	-149867.73947018062	-163352.25198910024	-177107.89844491996	-191135.8965572665	-205393.95848185604	-219867.51808391753	-234578.12626628886	-249580.2906898622	-264819.59084290115	-280333.01325180504	-296052.73785809585	-312017.93548629817	-328236.8595141324	-344688.52910547366	-361438.1839586703	-378348.63028820354	-395606.01408888225	-413064.4570197174	-430723.542872952	-448751.5816224493	-466928.5348681592	-485344.99753940164	-504036.8737897749	-523015.22279457154	-542187.1302892922	-561623.3555276801	-581288.8015108368	-601202.2349471014	-621431.158194822	-641834.6996511562	-662494.3968381123	-683365.3147187633	-704518.5234868282	-725947.3767500713	-747641.9344420818	-769592.0265779366	-791655.1893987852	-814100.8598983482	-836781.1254530142	-859597.2127023356	-882760.4007252349	-906150.4226267783	-929764.1511857769	-953664.7863735721	-977843.8955514623	-1.0021426151562071e6	-1.0268382260529012e6
-734.0107103549036	-5867.752809604791	-10981.275416653441	-16056.889033915379	-21076.908868952214	-26023.657109365682	-30879.465287997624	-35626.67676788031	-40247.6493769488	-44724.7582232078	-49040.39872182763	-53176.98986650414	-57116.977778334585	-60842.8395664021	-64337.08753519123	-67582.27377482894	-70560.99517090729	-73255.89887122542	-75649.68824706397	-77725.1293869577	-79465.05815904996	-80852.3878796738	-81870.11762038645	-82501.34118535415	-82729.25678435597	-82537.17742208016	-81908.54201166028	-80826.92720906224	-79276.05994208563	-77239.83057573192	-74702.30660319167	-71647.74666270123	-68060.61451997004	-63925.59234618043	-59227.59197973809	-53951.76140981056	-48083.480134869336	-41608.327046612365	-34511.97214363421	-26779.81477091525	-18395.492883370585	-9330.714678908338	0.	-6672.205137096593	-17894.080115259636	-29026.60668289288	-40354.1676374664	-51904.10615971316	-63697.264617341774	-75738.47820256549	-87994.78215009173	-100528.02392389972	-113304.00285083277	-126303.92136123146	-139553.51939707692	-153097.8640289316	-166835.07692723075	-180860.31888721054	-195071.8392932227	-209600.02515391808	-224299.75587284198	-239273.97031913424	-254535.14002124828	-270004.3853164654	-285709.2480936553	-301743.19086474087	-317947.33592689864	-334415.5802719169	-351144.5301876574	-368052.72483417	-385293.4399619227	-402745.8778156013	-420421.8254280625	-438428.79522270046	-456604.7207477406	-475028.89253820514	-493765.7569051196	-512712.03398311936	-531858.4622329426	-551277.6799363125	-570961.4981692795	-590914.3197331242	-611088.0913928405	-631512.2999443309	-652214.6203964761	-673122.5770374837	-694274.5068903911	-715701.7374849382	-737394.4960082787	-759207.6539765061	-781405.9273081383	-803849.880481424	-826409.0684594176	-849337.3149953872	-872488.139370298	-895873.7086710794	-919508.6967277728	-943408.2538393764	-967449.6689925352	-991884.7197694887	-1.0165788263728798e6
-750.7138427949825	-6001.472901674566	-11232.455966865034	-16426.36166038111	-21565.893417403906	-26633.761814750615	-31612.686994094176	-36485.401205436574	-41234.65151492126	-45843.20269143837	-50293.84031765438	-54569.37415373476	-58652.641788944165	-62526.51261635665	-66173.8921667838	-69577.72683882735	-72721.00906263152	-75586.7829353149	-78158.15036673176	-80418.27777232364	-82350.4033525089	-83937.84499249222	-85164.00881758955	-86012.39843425345	-86466.62488287667	-86510.41732211136	-86127.6344549726	-85302.27669682889	-84018.49906502602	-82260.62474846591	-80013.1592765731	-77260.8051494012	-73988.4766929941	-70181.31473090821	-65824.7003274101	-60904.26617438156	-55405.90264319996	-49315.75170437095	-42620.17129300958	-35305.61844348349	-27358.263946822433	-18762.42103973145	-9490.019119854458	0.	-6944.471569795457	-18394.05399580419	-29767.62128835883	-41340.319579519615	-53145.24293295335	-65186.57994408068	-77455.8528012183	-89984.46812057777	-102764.85364416166	-115751.40061783632	-129044.80814984781	-142556.7191942166	-156299.8784470905	-170297.0309059008	-184564.5339407172	-199033.2936314	-213793.10862457342	-228770.3075417884	-243980.2751137901	-259483.37831902545	-275219.9886592911	-291166.5992633965	-307384.0215018274	-323869.3324618365	-340613.42013207404	-357512.4221857559	-374760.4867419399	-392221.37425009016	-409897.4335182226	-427867.5931781445	-446034.7336294355	-464561.5472367035	-483223.063339882	-502160.0036832577	-521340.1459416226	-540800.73372128	-560482.4170468682	-580393.4588979133	-600552.5721568499	-621027.2100062097	-641676.6124782574	-662582.2350841035	-683699.126066839	-705098.3734828078	-726773.354529533	-748714.1364050653	-770910.5422845064	-793219.8280368865	-815911.9248724201	-838838.652310888	-861948.3678747194	-885351.1900131705	-908958.2749987434	-932848.8935445736	-956954.6175636572	-981380.4941327913	-1.0059255439865115e6
-767.3328707814911	-6134.515168703435	-11482.341688125627	-16793.878800470626	-22052.19780338368	-27240.377305380327	-32341.50570731211	-37338.68381828789	-42215.02762464857	-46953.671259391194	-51537.770204385146	-55950.50474795047	-60175.083745874865	-64194.74871668625	-67992.77830921303	-71552.49318024986	-74857.2613206432	-77890.50386884977	-80635.70144955986	-83076.40107750679	-85196.22366197692	-86978.87214886818	-88408.14033323902	-89467.92237223999	-90142.22302350518	-90415.16862770365	-90271.01884559842	-89694.1791481072	-88669.21404496972	-87180.8610140916	-85214.04506852735	-82753.89385459734	-79785.75311193333	-76295.20221838278	-72268.06936134903	-67690.44551801524	-62548.69570363569	-56829.46431285492	-50519.66736110863	-43606.45328079137	-36077.07809602484	-27918.49972211925	-19115.742788543983	-9641.16092743011	0.	-7215.699900711022	-18897.888940858506	-30514.387970362506	-42336.81221226022	-54392.74003526494	-66669.65413924266	-79198.98363262543	-91965.99947505779	-105000.65165568786	-118244.7145196883	-131751.29369984966	-145503.50246988877	-159505.86695625063	-173733.53118590222	-188263.571259773	-202982.47587242376	-217945.84330426282	-233202.45915935203	-248691.42506265343	-264418.4294811878	-280420.2897914967	-296629.088219837	-313083.8543438603	-329792.8122136966	-346734.82846044877	-363975.5078400158	-381459.4207790759	-399140.80068479537	-417075.9745571095	-435326.8341664484	-453747.4402181618	-472416.43952374713	-491397.95808051736	-510543.47921473917	-529981.0284635089	-549645.5928377074	-569574.8190929515	-589773.1193802418	-610192.5323980332	-630862.4702497377	-651759.0610599972	-672964.4558725792	-694362.3629504014	-716035.643395831	-737974.5396932452	-760033.7768003347	-782478.320082682	-805168.6171131594	-827973.9692620853	-851148.6420581157	-874545.8925770036	-898177.8995428561	-922059.367219105	-946205.4899851269	-970629.9382460567	-995174.9881011351
-783.8607809062775	-6266.823768446266	-11730.82914625577	-17159.291747794	-22535.631451840574	-27843.275626370963	-33065.66167435068	-38186.23971457253	-43188.47543023441	-48055.85312561488	-52771.879010960576	-57320.08476891804	-61684.03143273593	-65847.31360640762	-69793.5640746956	-73506.45883719187	-76969.72260633532	-80167.13480865501	-83082.53612829531	-85699.83563121245	-88003.0185071924	-89976.15446489443	-91603.40681231413	-92869.04225120462	-93757.4414088696	-94253.11012408753	-94340.69149539096	-94004.97868904899	-93230.9284903302	-92003.67556296258	-90308.54736028472	-88131.07959651331	-85457.03214193307	-82272.4051391234	-78563.45502130945	-74316.70991871791	-69518.98357168304	-64157.38610561917	-58219.32832863183	-51692.51203391072	-44564.88724189593	-36824.520338188115	-28459.172293971133	-19454.620520289678	-9783.879624690295	0.	-7483.000945997372	-19394.848567520137	-31263.983762091713	-43330.54662172739	-55625.63811823901	-68160.10578564763	-80928.04333539514	-93952.06562070367	-107206.09310783225	-120715.25965167649	-134475.03145886143	-148471.9246315666	-162711.72577210146	-177194.58818594203	-191951.97136069366	-206941.14380024886	-222193.90716820277	-237654.08183366858	-253401.93904072783	-269358.9027374623	-285552.1503223919	-302075.10228806676	-318768.76779832767	-335727.01089794195	-352946.4336930763	-370437.21134555223	-388077.04292948707	-406061.7129441661	-424275.7546041833	-442687.4197227336	-461355.1687438302	-480364.5899964132	-499515.4042390592	-518940.00649483484	-538677.2655600299	-558604.2567783745	-578736.4265685969	-599165.4543073613	-619885.6172992435	-640780.7851651544	-661913.055909951	-683295.038645484	-704940.2325748139	-726861.224506071	-749048.1009509098	-771490.6891953913	-794046.0978794694	-816984.4973327788	-840157.5797838653	-863553.6211732917	-887162.8375864992	-911046.2545813869	-935202.5455350045	-959505.5561869432	-984178.1019657366
-800.2900174850777	-6398.338492637868	-11977.80658752323	-17522.439279636274	-23015.986718113934	-28442.206730479968	-33784.86743575013	-39027.74999842208	-44154.65155840931	-49149.38837160403	-53995.79920363672	-58677.74899869302	-63179.13287900831	-67483.88050735631	-71575.96084393597	-75439.3873478162	-79058.22365613336	-82416.5897873575	-85498.66889840904	-88288.71464347756	-90771.05916555176	-92930.12175692501	-94750.4182194883	-96216.57095153452	-97313.31978215813	-98025.53356718936	-98338.22255167758	-98236.55149289634	-97705.85352422977	-96731.64472348726	-95299.63932810324	-93395.76551244708	-91006.18160801339	-88117.29259668189	-84715.76687602229	-80788.55123351238	-76322.8885814952	-71306.32897993796	-65726.74075025039	-59572.31309685721	-52831.54419891597	-45493.1949952026	-37546.15152467122	-28978.992378221246	-19778.292327249208	-9917.989668436854	0.	-7752.50867854583	-19893.756365442277	-32009.17995866788	-44321.201246672994	-56852.243898147724	-69634.0692447695	-82658.16678448115	-95935.14644082985	-109422.09311804976	-123206.91159733353	-137174.46883249542	-151442.5693400686	-165915.8492191886	-180676.29325983615	-195671.72049679226	-210904.26017788585	-226376.21814215512	-242115.97406577817	-258105.74886003448	-274329.9892753573	-290765.0153038286	-307471.3711046093	-324459.5355117216	-341680.29415535217	-359163.34185757686	-376808.35403434455	-394760.3022503993	-412994.3868443817	-431389.347096208	-450153.92789506674	-469067.5903570909	-488221.00752852095	-507684.1313355103	-527366.6580741013	-547276.4341460417	-567450.9182291081	-587894.5280300436	-608559.4542309868	-629474.9960369295	-650617.3203670363	-672068.435938114	-693712.2281063227	-715631.4415036974	-737816.345960982	-760121.6622071244	-782812.3440616357	-805748.8612311176	-828800.3775511258	-852221.3697360297	-875864.9651453879	-899765.370986404	-923871.2228094744	-948263.8335640462	-972934.8855802534
-816.6124456940178	-6528.994474919068	-12223.153404628805	-17883.146905911293	-23493.037956491222	-29036.897414690186	-34498.80670452445	-39862.86064796565	-45113.17048090535	-50233.86708996273	-55209.10450793304	-60023.06370551994	-64659.95672433486	-69104.0311733872	-73339.57515870119	-77350.92265585902	-81122.45938806131	-84638.62923650946	-87883.94123093256	-90842.97715380194	-93500.39979579678	-95840.96189549759	-97849.51579267156	-99511.02381954237	-100810.56944814995	-101733.36920410137	-102264.78534747333	-102390.33931009241	-102095.72586458153	-101366.82798401924	-100189.7323311448	-98550.74529102008	-96436.40943581569	-93833.52026016534	-90729.14299060953	-87110.62917968551	-82965.63268622923	-78282.1244328753	-73048.40494666225	-67253.11290005756	-60885.22611257601	-53934.0471623382	-46389.15390726941	-38240.257584572406	-29476.765752209587	-20086.095627229995	-10043.387470273969	0.	-8016.23642246421	-20395.52737121846	-32750.25873617796	-45301.98180314746	-58090.81272169403	-71125.8452944101	-84401.43101221215	-97902.98569233861	-111663.27908499999	-125666.98290168718	-139936.45731664362	-154394.8575117882	-169146.45557900463	-184104.5143617298	-199363.39297912	-214866.88414630562	-230561.68866119327	-246582.54778922553	-262796.342235554	-279216.2604005278	-295982.8772081835	-312926.5876271825	-330124.98189108795	-347573.8110127107	-365287.9167438981	-383262.63528075925	-401449.9201798415	-419861.26402565197	-438604.04725975974	-457516.24582457135	-476677.0172585725	-496151.09498004	-515834.7920314227	-535718.6064314131	-555953.9272355777	-576417.0653330284	-597040.8813985648	-617901.3637449247	-639147.2177118099	-660525.2518291072	-682153.0524546847	-704044.1007628414	-726210.9866796876	-748643.8280796241	-771332.4673106049	-794133.9989265522	-817318.5772794457	-840737.9078719707	-864380.2399828829	-888235.7550813723	-912365.539617614	-936775.813418134	-961317.602243462
-832.8193131554667	-6658.721886042564	-12466.7395772828	-18241.22607716272	-23966.54052802031	-29627.05017061242	-35207.13310676591	-40691.18121594962	-46063.603263894205	-51308.82824194839	-56411.308976467124	-61355.52604813802	-66125.9920608841	-70707.25630669591	-75083.90985345563	-79240.59111623222	-83161.99194098962	-86832.86424167821	-90238.02723455058	-93362.37530472435	-96190.8865405849	-98708.63196770273	-100900.7855094707	-102752.63469598266	-104249.59213562263	-105377.2077552312	-106121.18180437842	-106467.37860701418	-106401.84102940987	-105910.8056163606	-104980.71832753441	-103598.25078696362	-101750.31692207367	-99424.08985013944	-96607.01881693116	-93286.84594765607	-89451.62248746883	-85089.72409423436	-80189.86453940428	-74741.10679116996	-68732.86967247793	-62154.9265433918	-54997.38818812122	-47250.650379939994	-38905.24960002166	-29951.42851720321	-20377.489248421054	-10160.055394119281	0.	-8284.804518375286	-20894.689332190566	-33500.10279083718	-46301.978807075124	-59334.017660097874	-72598.98362972778	-86100.71318048496	-99895.13135254406	-113870.51915483244	-128124.47412645636	-142643.05396188743	-157355.13540279958	-172364.328355656	-187566.84076616718	-203069.36872978692	-218823.5163972586	-234752.26134306387	-250974.58971242493	-267468.3246635958	-284173.1809966299	-301143.16482812946	-318366.7904995563	-335814.4396063356	-353523.7425830838	-371504.9028403745	-389699.9560975328	-408110.9335249605	-426816.32335170504	-445719.2799628624	-464982.34503787145	-484380.48199418985	-504054.4146318913	-524015.35106452106	-544170.203861155	-564589.7955776207	-585278.5456824272	-606188.8568916207	-627349.8773058451	-648737.839533957	-670434.5172340547	-692324.1023581334	-714489.131808526	-736919.9148114847	-759471.3101968778	-782407.9992450073	-805590.6128353111	-828888.2933265554	-852555.4980291487	-876445.3570754732	-900592.0856616194	-924944.2634989071	-949583.2845761608
-848.9012097930192	-6787.445614978118	-12708.42508513752	-18596.473349180244	-24436.229745991528	-30212.341949406866	-35909.468815021246	-41512.283388203105	-47005.47611313806	-52373.75828324442	-57601.865773843376	-62674.563098492916	-67576.64783085446	-72292.95543402342	-76808.36454106815	-81107.80272673411	-85176.25281117987	-88998.75974418459	-92560.43809751444	-95846.48021079061	-98842.16502153185	-101532.86760962695	-103904.06948080237	-105941.36960715789	-107630.49623491876	-108957.31946002507	-109907.86456090998	-110468.32606470729	-110625.08250774856	-110364.71183349208	-109674.00735475587	-108539.9941758396	-106949.94595789137	-104891.40187092309	-102352.18354826864	-99320.41181692998	-95784.52292379882	-91733.28390673226	-87155.80663968147	-82041.55988964152	-76380.37834970136	-70162.46685614578	-63378.396301959525	-56019.083609666355	-48075.73678078648	-39539.7103687965	-30402.081121407147	-20652.072503844953	-10268.062404990606	0.	-8545.662652938516	-21394.854251077122	-34248.657729968174	-47285.604290295676	-60574.1598941849	-74075.49652721902	-87841.54173335206	-101850.66063154602	-116116.57088975792	-130610.86364224479	-145348.0508128573	-160319.22708245844	-175570.96045402606	-191066.4433824848	-206784.6868580013	-222768.2295423931	-238960.44351557095	-255441.7008053846	-272165.5381237726	-289141.2192930668	-306335.82626834273	-323799.4126513147	-341522.88651258236	-359495.8187800789	-377631.0015790465	-396113.8513689738	-414798.69385916414	-433779.2715983324	-452941.0911115764	-472346.3065569116	-492064.4496015401	-511978.3001641777	-532121.6538828538	-552523.6819147643	-573190.716431117	-594178.8534303497	-615284.9266819995	-636693.3745360621	-658380.507563495	-680273.1674944017	-702409.9780468624	-724822.6410503645	-747501.3177911977	-770435.8766301435	-793483.531178137	-816914.1647124276	-840579.636575215	-864468.1781541156	-888569.9424978064	-912964.9076049918	-937602.6693857834
-864.8480260578683	-6915.084936782271	-12948.059294916111	-18948.66950744486	-24901.819764247815	-30792.422849071187	-36605.40307833152	-42325.69940898073	-47938.26875707929	-53428.08956918022	-58780.16568909038	-63979.530562994114	-69011.25182625088	-73860.43631533452	-78512.23554745535	-82951.85171630324	-87164.5442316486	-91135.63686303586	-94850.52551372703	-98294.68666155351	-101453.68650322448	-104313.19082692859	-106858.9756351074	-109076.93853139956	-110953.1108768496	-112473.67070991833	-113624.95641256812	-114393.48109028062	-114765.94761751192	-114729.26428505577	-114270.56095713201	-113377.2056362079	-112036.82129843239	-110237.30284174485	-107966.8339577224	-105213.90370545903	-101967.32252695304	-98216.23739459195	-93950.14571236078	-89158.90748906488	-83832.75511501599	-77962.29972996752	-71538.532449116	-64552.81710326829	-56996.86720044528	-48862.68905247323	-40142.43936827374	-30828.018992100097	-20909.599874667063	-10367.561316861475	0.	-8808.41413810582	-21891.344897703282	-34987.374328826525	-48280.82809703529	-61813.05831968868	-75586.08834811825	-89581.34707591348	-103849.41731191738	-118330.64763797233	-133079.60134112652	-148066.2872001905	-163283.00591160965	-178786.15280782484	-194516.08123269436	-210504.2947706328	-226712.36944570806	-243178.79989703573	-259901.89866088968	-276860.3796801643	-294114.1048226779	-311546.13533617026	-329233.36854647653	-347154.5821742277	-365375.4106708173	-383840.3641987134	-402518.20958230144	-421507.4107270942	-440654.4960932199	-460057.9984424299	-479803.417315444	-499690.8017701345	-519852.2728907999	-540326.9019828315	-560991.4511383119	-581885.6965861076	-603028.3141412704	-624487.1140563892	-646120.6185606832	-668010.6386861056	-690197.9857057874	-712608.7143102817	-735285.246244729	-758082.7207695782	-781265.2856327874	-804693.8719257365	-828237.7165883755	-852151.0269374785	-876287.0683672683	-900680.034031323	-925278.4892874174
-880.6489096291727	-7041.5531680973445	-13185.480323563497	-19297.57865456196	-25363.002413361595	-31366.914731734283	-37294.49066103042	-43130.9203897972	-48861.41268253535	-54471.19858357496	-59945.535430414995	-65269.71122116446	-70429.04938088242	-75408.91397156555	-80194.71539019542	-84771.91659767776	-89126.03992662829	-93242.67449414884	-97107.48427727711	-100706.21687298104	-104024.71297369928	-107048.91658727064	-109764.88601630714	-112158.80560672852	-114216.99826470895	-115925.93872966242	-117272.26757698559	-118242.80627043301	-118824.57068425824	-119004.79057834917	-118770.9223292536	-118110.66739481782	-117011.98880937284	-115463.12805956948	-113452.62178502524	-110969.31807997386	-108002.39214198291	-104541.36097977201	-100576.0968492903	-96096.83903095132	-91094.2034652621	-85559.1896045489	-79483.1835203275	-72857.95564402023	-65675.65002328336	-57928.75830833218	-49610.06171602715	-40712.493283446674	-31228.757647017235	-21149.990175793046	-10458.782867502583	0.	-9072.391675191186	-22392.06690895182	-35731.18906190085	-49281.46264062966	-63047.00723870152	-77055.33134458224	-91302.87466789196	-105803.66423895811	-120560.49745284881	-135526.82415496258	-150766.49201520416	-166280.81007952834	-182005.32905567985	-197990.8746381448	-214223.25991494968	-230681.61501547124	-247401.69846585472	-264348.66228784196	-281572.34011526586	-299004.350316044	-316741.4040303557	-334677.8663971401	-352876.45685792126	-371347.3745870471	-390032.64321491454	-408934.1246983552	-428130.4106347433	-447518.8620148136	-467279.19970242557	-487168.80875205516	-507368.3751279692	-527787.7647140214	-548434.6895064327	-569346.631396842	-590528.0673059982	-611930.9704467606	-633584.7297810862	-655517.1468563873	-677655.3837645684	-700037.8644268245	-722696.1876180611	-745620.5700856001	-768800.9171539856	-792094.6946342094	-815771.2596317166	-839682.7658935952	-863817.4356869916	-888165.399835807	-912787.7108292042
-896.292220729289	-7166.757311443385	-13420.51437978354	-19642.947264579365	-25819.445990596334	-31935.40977953597	-37976.250202342475	-43927.394518204776	-49774.289245938344	-55502.404013723135	-61097.23573426651	-66544.31314582135	-71829.20178317011	-76937.50939495378	-81854.89188237938	-86567.05978580675	-91059.78536691493	-95318.91033138745	-99330.35421461731	-103080.12348312611	-106554.32136643634	-109739.15844144678	-112620.96398674155	-115186.19810784013	-117421.46462738611	-119313.52471688538	-120849.31124047562	-122015.94375306241	-122800.7440873547	-123191.25243824338	-123175.24383389743	-122740.74485985612	-121876.05047893946	-120569.74076575035	-118810.69735029752	-116588.11934110426	-113891.53847419322	-110710.83320933682	-107036.24147022402	-102858.37169077835	-98168.21178738138	-92957.13560112503	-87216.90621707668	-80939.6752908685	-74117.97692102136	-66744.71325672035	-58813.12571726493	-50316.73673000869	-41249.219287108535	-31604.05041383532	-21373.329475416438	-10542.027096727454	0.	-9335.895876680996	-22896.14804240632	-36479.98770874197	-50268.68895853798	-64274.95919408983	-78539.50306707589	-93043.30638001603	-107786.94023363499	-122767.79000114583	-138035.141093692	-153512.90194369844	-169233.08146210923	-185224.00018043592	-201453.16158208842	-217876.26230639408	-234595.53977396688	-251553.8321156329	-268800.64753391437	-286251.0394682305	-303977.3869923028	-321915.77854102897	-340141.197203692	-358608.34903230367	-377228.4293763279	-396201.4095207116	-415376.77280559967	-434853.6536662913	-454501.2013395036	-474397.69583675463	-494607.6409315887	-515027.7871425695	-535648.4219914452	-556655.8849109524	-577770.901627434	-599183.0127611527	-620886.7062884307	-642765.6574471071	-664901.1647782235	-687333.8781492134	-709990.1890089072	-732783.6609245009	-755955.8939251908	-779384.2032249498	-803058.6385023749	-826848.6473365736	-851007.9564610115	-875390.099020771	-900029.2160955156
-911.7654862383674	-7290.597689813989	-13652.975086960056	-19984.50320897584	-26270.79401066603	-32497.468998915316	-38650.16251012927	-44714.5251842445	-50676.22768346882	-56520.96470212388	-62234.4593209544	-67802.46774543235	-73210.78448454406	-78445.24801217449	-83491.746959096	-88336.22688007259	-92964.6976386599	-97363.24144845862	-101518.0216121	-105415.29197405474	-109041.40713177343	-112382.8334091239	-115426.160600968	-118158.11449156667	-120565.5701257243	-122635.56580967981	-124355.31779076903	-125712.23555639954	-126693.93766891575	-127288.26803345693	-127483.31247377045	-127267.41546816971	-126629.19687467437	-125557.56845139356	-124041.74995594712	-122071.28458679418	-119636.05350970145	-116726.28919636726	-113332.58728477167	-109445.91665692003	-105057.62741152597	-100159.45637698055	-94743.52976543628	-88802.36245018218	-82328.85312594617	-75316.27409790798	-67758.2532702644	-59648.74301026941	-50981.96276781893	-41752.27859840122	-31953.897376089815	-21579.86753598253	-10617.652688373322	0.	-9595.342076979568	-23397.095542813993	-37221.474962610904	-51250.03389941946	-65527.956095429974	-80029.84707677914	-94775.10810821154	-109785.10916860534	-124979.2907995531	-140503.299505373	-156230.68126961627	-172208.34322298085	-188437.1653695729	-204921.0610318664	-221590.1208657884	-238559.82593318773	-255772.94416875753	-273229.8403881566	-290939.61702538386	-308868.9647489417	-327106.5313229147	-345528.0365332169	-364237.98962080636	-383192.6075331265	-402360.59311309154	-421840.31283892284	-441478.1806672758	-461372.69807222695	-481609.6918822634	-502019.6769463162	-522716.9389245799	-543608.6255045336	-564765.3245746511	-586191.505964836	-607839.4950390443	-629738.440507719	-651915.987684666	-674299.7012650919	-696927.7599026511	-719831.6263827154	-743001.5849627816	-766427.5888820913	-789967.4892947384	-813889.8620372894	-838047.2958270946	-862388.0383508484	-887022.1270953678
-927.0553527504028	-7412.967572766167	-13882.662791197743	-20321.954760154644	-26716.66392562948	-33052.6206846736	-39315.66880383569	-45491.66904408537	-51566.503043236225	-57526.07750620537	-63356.32875336649	-69043.22767697881	-74572.7851551192	-79931.05797161047	-85104.15528902039	-90078.2457197759	-94839.56503766589	-99374.42456835495	-103669.22029197856	-107710.44269147344	-111484.68735233949	-114978.66634876047	-118179.22039771722	-121073.33178215116	-123648.1380165314	-125890.94621451365	-127789.24810409166	-129330.73561383924	-130503.31693464924	-131295.13293958263	-131694.57382200466	-131690.2957893834	-131271.23762752026	-130426.63692822035	-129146.04575324456	-127419.34548922295	-125236.76063385657	-122588.87124199753	-119466.62375146922	-115861.33990732634	-111764.72349837459	-107168.86461817843	-102066.24115555565	-96449.71718485974	-90312.53785465634	-83648.32018875166	-76451.03879512892	-68715.00449477108	-60434.8314589649	-51605.38196748692	-42221.65848823888	-32278.54483417192	-21770.008071371532	-10686.06503766869	0.	-9855.170171243544	-23891.90834396495	-37960.19353887032	-52241.87579870798	-66753.83209654664	-81517.37099745442	-96498.8636062665	-111749.08094281604	-127246.20664078272	-142971.12607891922	-158952.08984857894	-175172.2130783328	-191639.4320743307	-208331.87217517957	-225316.4171652735	-242534.13504861514	-259989.0903987718	-277680.57519036304	-295668.5042835663	-313835.23976793245	-332317.29126979905	-351004.5765173181	-369964.62658551335	-389139.6409524478	-408531.2864645725	-428218.01645360864	-448208.17244178103	-468348.7274469009	-488729.57027046225	-509420.7904769192	-530331.9506634119	-551470.7224963574	-572874.764236534	-594600.2563213875	-616443.8853810313	-638672.9561930875	-661034.6988967626	-683646.4190118797	-706633.5559043216	-729673.0637552331	-753090.8296636608	-776764.7520214503	-800659.7394836578	-824721.0855711226	-849126.2865997279	-873754.4490359668
-942.1475395144422	-7533.752801429551	-14109.363859067786	-20654.98957949521	-27156.64582381115	-33600.35885703199	-39972.168923783705	-46258.134042639984	-52444.33407192519	-58516.875099677905	-64461.8942101763	-70265.56467887982	-75914.10164675162	-81393.76832358332	-86690.88276803485	-91791.82528948669	-96683.04651335276	-101351.07614705697	-105782.53247776175	-109964.13262994899	-113882.70359031332	-117525.19402050265	-120878.68683686384	-123930.41255528288	-126667.76335205277	-129078.30780155226	-131149.80621701886	-132870.2265065599	-134227.76043402046	-135210.8401521634	-135808.15485292103	-136008.66735690302	-135801.63044256566	-135176.60269522542	-134123.46363801736	-132632.42789307635	-130694.05810853663	-128299.27638393434	-125439.37392321724	-122106.0186509332	-118291.26053555032	-113987.53437994295	-109187.65984908272	-103884.83851845008	-98072.64771733496	-91745.03089643815	-84896.28411726672	-77521.0379359306	-69614.2331771173	-61171.08718170902	-52187.04206685534	-42657.67178143507	-32578.475336229225	-21944.293601483914	-10747.703818080734	0.	-10114.216064752456	-24388.933682365445	-38708.754218793605	-53237.637981239066	-67983.74670774593	-82991.42641046364	-98244.01308214256	-113716.01470839615	-129458.24526921047	-145434.4128445463	-161673.03460838445	-178144.47469960703	-194846.0625811582	-211808.52979397072	-229031.45998896958	-246512.83283801275	-264191.68610280886	-282148.36527703906	-300314.23750100064	-318786.2450721867	-337458.0993239488	-356392.79282378	-375600.63742605096	-395022.9499745392	-414728.62368383707	-434695.92683290277	-454834.2585791566	-475221.75819697796	-495923.0847228886	-516834.77635018644	-538045.4899087214	-559446.7959642534	-581078.1326607389	-602958.0803261115	-625154.5067157864	-647525.8378752082	-670206.1199958493	-693079.6644742399	-716228.9573442418	-739644.362422671	-763180.0743633556	-787101.9151596765	-811269.9719291072	-835673.2263756826	-860212.7175132451
-957.0267896660264	-7652.831400162769	-14332.849970610534	-20983.273698412147	-27590.301119440697	-34140.14168706978	-40619.0195264506	-47013.17741970023	-53308.88107749263	-59492.42375221673	-65550.13124731173	-71468.36737651777	-77233.53992549243	-82832.10716642051	-88250.58497375985	-93475.55458598176	-98493.67105392778	-103291.67241064386	-107856.3895943587	-112174.75713637477	-116233.82463901785	-120020.7690343678	-123522.90760479466	-126727.71175432431	-129622.82147535791	-132196.0604462515	-134435.45168472556	-136329.23364910617	-137865.8766628399	-139034.099513816	-139822.88605743586	-140221.5016303581	-140219.50906127077	-139806.78404669138	-138973.5296449004	-137710.2896291923	-136007.96043684243	-133857.8014481783	-131251.44333675154	-128180.89424364113	-124638.54354683321	-120617.16302340533	-116109.90522706292	-111110.2989374833	-105612.24156208012	-99609.98838500911	-93098.13854090907	-86071.6175069059	-78525.65567668727	-70455.76201820634	-61857.690441907806	-52727.39296953821	-43060.943914159536	-32854.38909142543	-22103.38606683132	-10803.030757815894	0.	-10373.313142426308	-24886.46395540748	-39454.24447096781	-54220.52427934138	-69232.91554554172	-84486.46093744818	-99980.65737581773	-115682.70586545135	-131682.3594705653	-147910.77432632487	-164388.94618061653	-181120.54847105013	-198077.74288760932	-215284.37013410058	-232732.29445174785	-250416.87010347404	-268387.41181558446	-286626.95450113364	-305043.05214678246	-323729.49284079217	-342677.2092261557	-361875.65359343315	-381319.3652837873	-400977.07077216735	-420946.7334861031	-441075.10098210437	-461460.3447142102	-482188.401209466	-503089.6683154749	-524278.5427145021	-545661.8963708832	-567310.4950314943	-589228.8545965484	-611369.0510774822	-633760.359428265	-656430.6116218605	-679306.8714867578	-702427.5492588624	-725824.3587829167	-749487.5279849139	-773406.9320222273	-797480.8109704265	-821855.0312919805	-846506.0173535934
-971.6768234356563	-7770.073203609925	-14552.87741424018	-21306.450502454434	-28017.161246754233	-34671.38992841743	-41255.5322882522	-47756.00372736504	-54159.24381024494	-60451.721127891644	-66619.93857784827	-72650.43911674089	-78529.81203916768	-84244.6998343937	-89781.8056691575	-95127.90154083309	-100269.83713976134	-105194.54945563649	-109889.07314663843	-114340.55169769931	-118536.2493622327	-122463.56388508168	-126110.03998811345	-129463.38356539312	-132511.4765514563	-135242.39237503568	-137644.41189924223	-139706.03973659337	-141416.0207925156	-142763.35687379414	-143737.32317486865	-144327.48443393403	-144523.71053185078	-144316.1912912377	-143695.45022034732	-142652.35694066106	-141178.13803423144	-139264.38605273157	-136903.0664591056	-134086.5221531751	-130807.4757436596	-127059.0287925699	-122834.65850680986	-118128.21142588793	-112933.89418121077	-107246.26130397746	-101060.20010520464	-94370.91265787621	-87173.89487100531	-79464.9125088516	-71239.97366379655	-62495.29636868948	-53227.268047032114	-43432.38860434914	-33107.17822457806	-22248.044599177225	-10852.518214699265	0.	-10629.563816676586	-25386.90736192338	-40190.821422673114	-55221.94865085514	-70455.77393875788	-85949.48444164194	-101696.65369065986	-117675.99034950415	-133903.94231996205	-150368.96685120606	-167094.88951197706	-184035.11980621502	-201296.75443867862	-218753.9162847963	-236452.2290857581	-254395.6691313591	-272584.2799983176	-291026.91788615915	-309763.77921313245	-328673.9248792127	-347836.1698894023	-367265.2794920825	-386956.59896778036	-406902.41882350383	-427079.1408083215	-447448.7620637365	-468190.92827149003	-489062.7665496593	-510245.26501876034	-531647.9089130118	-553299.8900023251	-575240.1528435025	-597392.0504744063	-619832.9284050751	-642449.4831013143	-665322.7883589629	-688493.5781414608	-711888.1805025303	-735548.9024651757	-759330.693546013	-783497.9722289582	-807911.589307116	-832567.7585745188
-986.080290593118	-7885.339478018757	-14769.186391420057	-21624.139730253304	-28436.72637460694	-35193.48537588746	-41880.972143624385	-48485.76289021999	-54994.45939487847	-61393.69414707924	-67670.13592871516	-73810.49589230034	-79801.53419033656	-85630.06720788224	-91282.9754464465	-96747.2121023777	-102009.81237667559	-107057.90354647292	-111878.71581664098	-116459.59396498976	-120788.00977516526	-124851.57524282343	-128638.05652099296	-132135.38856019545	-135331.69035854918	-138215.2807512988	-140774.69461540153	-142998.6993516219	-144876.31149319708	-146396.81325523576	-147549.76882328268	-148325.040158584	-148712.80208125839	-148703.55637870738	-148288.14468005818	-147457.7598330638	-146203.95552476187	-144518.65389753733	-142394.15093045548	-139823.11938066813	-136798.60911415322	-133314.0446915302	-129363.22012239337	-124940.29074899122	-120039.76227184947	-114656.47698078895	-108785.59730213195	-102422.58681214199	-95563.18889117986	-88203.40319162919	-80339.46004574609	-71967.79281149367	-63085.00788726507	-53687.851697816615	-43773.174046836975	-33337.89578678439	-22379.101914419134	-10896.638984679532	0.	-10885.940879926575	-25884.933180009382	-40941.195424774494	-56205.249895667075	-71704.65067454027	-87449.92733422013	-103415.36778825607	-119652.734220175	-136139.58599954846	-152873.05182499927	-169809.31963481897	-187011.50077585733	-204459.65444698857	-222211.3108765137	-240159.722180714	-258367.32407380905	-276790.57580694865	-295511.31782125065	-314411.88439564704	-333628.721896192	-353051.3989458077	-372747.6257276512	-392659.1204570777	-412854.2464937094	-433256.1531223668	-453940.26283060084	-474818.4936377237	-496010.7809756394	-517413.71463998046	-539115.998651209	-561009.0040380168	-583132.1539491446	-605556.697601102	-628192.8996124018	-651056.4514027932	-674229.4251918024	-697595.4659587003	-721237.5460074387	-745145.9888888538	-769310.7432271992	-793589.0124346372	-818250.4844990901
-1000.2187246858823	-7998.482556848213	-14981.500340334193	-21935.936501100758	-28848.464160215728	-35705.76937485916	-42494.55558685402	-49201.54834386043	-55813.50035750277	-62317.196961469475	-68699.46203093707	-74947.16442240958	-81047.22499009686	-86986.62423114596	-92752.41060722717	-98331.70958401	-103711.73342277689	-108879.79174966857	-113823.30291768942	-118529.80616450873	-122986.97455519944	-127182.62868331336	-131104.75108613996	-134741.50130982246	-138081.2315458531	-141112.50271744857	-143824.10090672338	-146205.05395834622	-148244.64808196927	-149932.44426351035	-151258.29426268343	-152212.35596247672	-152785.10782127705	-152967.36216825724	-152750.27708019712	-152125.3665787045	-151084.5088971254	-149619.95258272736	-147724.32022400983	-145390.6096247086	-142612.1922840588	-139382.80908935028	-135696.56317367736	-131547.9099478445	-126931.64436878292	-121842.88556232295	-116277.05897094532	-110229.87624594274	-103697.31314660533	-96675.58574589637	-89161.12527466995	-81150.55197536654	-72640.64842124251	-63628.33304006714	-54110.63569255775	-44084.68214870915	-33547.721658365226	-22497.440712811145	-10935.857617606354	0.	-11145.140024342669	-26380.046265359375	-41682.15340813861	-57190.271978905235	-72946.40653266716	-88935.87475151043	-105169.80603894616	-121649.69305292863	-138362.9727731992	-155318.31548351908	-172537.64516971158	-189982.15294580706	-207688.6603019083	-225657.13960511106	-243840.88811958788	-262273.51393052045	-281013.77026135445	-299912.5387643143	-319118.3132754999	-338524.729566042	-358246.51340144273	-378138.5926172356	-398337.8284229254	-418740.14122076734	-439445.2570376193	-460320.93836839625	-481539.5452971469	-502931.80073642154	-524611.9188044745	-546486.7145821154	-568626.9625091027	-591037.2182326633	-613669.4084954226	-636552.8708183271	-659734.7305172194	-683084.2104256457	-706809.2958574451	-730586.9115111888	-754743.075311426	-779155.6605024997	-803814.7141712442
-1014.0724991259528	-8109.34549127494	-15189.525289274428	-22241.41038711115	-29251.808563473176	-36207.541408678335	-43095.449071134506	-49902.39529189816	-56615.27279469943	-63221.00909714763	-69706.5728066135	-76058.98046138369	-82265.30397395605	-88312.67872864938	-94188.31237986861	-99879.4943901415	-105373.60633933145	-110658.13302326118	-115720.67435411745	-120548.95805379917	-125130.85312184223	-129454.38403915623	-133507.7456505116	-137279.31864785915	-140757.6855535711	-143931.64708633756	-146790.23874782948	-149322.74748038608	-151518.7281912692	-153368.0199277122	-154860.76147858612	-155987.40615090885	-156738.73546510664	-157105.87150566225	-157080.28766617307	-156653.81753417783	-155818.66167721708	-154567.39211395988	-152892.95428450848	-150788.666371343	-148248.21586620156	-145265.65332667597	-141835.38332111167	-137952.15261299248	-133611.03569492453	-128807.41783570587	-123536.97585687983	-117795.6569036372	-111579.65551938413	-104885.38937522714	-97709.47405057655	-90048.69732412895	-81899.99355583472	-73260.4190337527	-64127.129979597994	-54497.36751492861	-44368.463616730674	-33737.927466340654	-22603.97127236032	-10970.623363698149	0.	-11398.523307637846	-26878.847574592186	-42430.3084783656	-58181.82860612409	-74191.45905786766	-90408.69456046961	-106888.88175488944	-123622.4024410293	-140589.6032825169	-157770.31846694686	-175258.8972904526	-192968.1952279333	-210921.64997819928	-229118.5108046904	-247575.98584383234	-266264.6944876668	-285168.1335481702	-304396.66508589254	-323816.8926039452	-343499.22691602394	-363433.04549302586	-383612.7740189167	-404047.52177470486	-424713.78369861335	-445579.0783332725	-466805.8021761646	-488168.3975896988	-509841.7987536072	-531735.639462983	-553879.0402781859	-576364.3957160213	-598954.7528618656	-621887.7952775973	-644996.443109037	-668361.9916700369	-692025.3917540888	-715912.6254286602	-740066.2123753626	-764340.1617329333	-789000.577776782
-1027.6207860328775	-8217.761722857042	-15392.949252087952	-22540.104548280207	-29646.15874634796	-36698.057795078246	-43682.76754268962	-50587.279126518486	-57398.61473732162	-64103.83382652259	-70690.03982189027	-77144.38741348547	-83454.0904671071	-89606.43061675073	-95588.76658060496	-101388.54423660171	-106993.30748426584	-112390.70990535445	-117568.52722735461	-122514.67057214589	-127217.20045997493	-131664.34151726926	-135844.49781682098	-139746.2687566424	-143358.46536059343	-146670.1268591808	-149670.5373918516	-152349.24262776427	-154696.06611615888	-156701.12512586088	-158354.84572712056	-159647.9768674409	-160571.60317398087	-161117.1562200058	-161276.42399920287	-161041.55836386463	-160405.080205142	-159359.88218196318	-157899.2288412752	-156016.75401482594	-153706.45542582846	-150962.68649122276	-147780.1453603097	-144153.86128656234	-140079.17848463604	-135551.7376772992	-130567.45558575356	-125122.50266068376	-119213.27939034876	-112836.39155776796	-105988.62485642043	-98666.91932479394	-90868.34415047434	-82590.07360009763	-73829.36531987552	-64583.54359599859	-54849.99420209843	-44626.19169437945	-33909.842428982505	-22699.611148146778	-11001.364748238639	0.	-11658.711753586953	-27374.158519511657	-43165.559237959365	-59173.08634985219	-75406.54990539644	-91897.77598281098	-108625.36087635245	-125598.12468978332	-142815.72349719043	-160250.00494408922	-177988.39083539098	-195932.26771426277	-214140.99300552803	-232575.572882527	-251236.02077908683	-270196.28554263513	-289403.12187548424	-308799.085066733	-328516.5813477869	-348457.88785482186	-368577.6883955273	-389069.6015593103	-409687.25704843906	-430600.8947265597	-451819.21409366076	-473187.9021589224	-494870.7296898543	-516764.6020120288	-538958.0547383853	-561342.5091324068	-583957.2736119785	-606873.6961230059	-630001.8849785068	-653409.1512437004	-677022.899104995	-700881.2826028472	-725015.9549987527	-749417.2196594733	-774074.9799801975
-1040.8415187655755	-8323.554785832514	-15591.441679783768	-22831.534951300782	-30030.878085188175	-37176.53052664495	-44255.573152480705	-51255.11406290837	-58162.29476748114	-64964.296835984496	-71648.34908152351	-78201.73533852422	-84611.80289274649	-90865.97161352365	-96951.74383014833	-102856.7149843121	-108568.58508006617	-114075.17093542479	-119364.41923237701	-124424.42033501055	-129243.42283435113	-133809.84875382914	-138112.30932820283	-142139.62124525115	-145880.82321547612	-149325.192710839	-152462.2626889756	-155281.83810377104	-157774.01196171317	-159929.180702466	-161738.0586367637	-163191.6911765445	-164281.46660102223	-164999.126093374	-165336.77180265493	-165286.8727020915	-164842.268043456	-163996.1682414671	-162742.15306358406	-161074.1670476784	-158986.51212166453	-156473.83745370497	-153531.12661735958	-150153.68221119206	-146337.1081250788	-142077.28969414413	-137370.37202453948	-132212.73681238553	-126600.97800812006	-120531.87670457613	-114002.37565201787	-107009.55383519379	-99550.60160383448	-91622.79696850044	-83223.48395392254	-74350.05459055971	-64999.93796092979	-55170.60510668721	-44859.61707377858	-34064.821671813675	-22785.267589037885	-11028.485676862214	0.	-11913.079522328495	-27875.5966318624	-43907.99470270891	-60155.825713689635	-76653.48664649352	-93367.4965323697	-110351.18481867661	-127573.40433174153	-145037.14749867588	-162729.03729148602	-180693.63922135532	-198894.30443233936	-217319.61432336026	-236051.6115030005	-254970.98655211396	-274190.3815288405	-293558.64284797874	-313276.0692197944	-333226.54983745614	-353383.78891278245	-373815.3172222351	-394462.6348297006	-415394.29034943075	-436588.6488334677	-457954.47903457074	-479663.1241451994	-501546.0742091334	-523717.06719453976	-546083.0801383235	-568714.7270076082	-591616.5968733438	-614740.5672930505	-638198.6946743608	-661790.0859281054	-685717.3266448339	-709849.5970464147	-734241.378723638	-758768.2269425517
-1053.711359201351	-8426.538047533275	-15784.652984263832	-23115.189695699486	-30405.29332724941	-37642.12629459817	-44812.87419293427	-51904.7520433791	-58905.01095314414	-65800.94526248872	-72579.90024713012	-79229.2804392333	-85736.55862332159	-92089.28555525214	-98275.10044263529	-104281.74221360356	-110097.06158754538	-115709.03394623038	-121105.77365300215	-126275.54511775445	-131206.78454302458	-135888.10894741197	-140308.33568497037	-144456.4983380335	-148321.8634947084	-151893.94756707232	-155162.53344829186	-158117.6867942649	-160749.77167181383	-163049.4653448478	-165007.77191602968	-166616.0345703915	-167865.94614834056	-168749.55780476172	-169259.28551681223	-169387.91423311573	-169128.59949026338	-168474.8663623762	-167420.6056556723	-165960.06731081827	-164087.85102986428	-161798.89420005545	-159088.45724193324	-155952.10656202162	-152385.69533929008	-148385.34241794428	-143947.40961576163	-139068.477786483	-133745.32199677252	-127974.88619404392	-121754.25775377473	-115080.64230934456	-107951.33929507234	-100363.71869693707	-92315.19965599365	-83803.23192713613	-74825.28207086331	-65378.828556294655	-55461.37660795141	-45070.5260252087	-34204.21815061772	-22861.822992796937	-11052.362910113263	0.	-12169.530115051684	-28368.509413331587	-44659.026822882974	-61154.14756637456	-77884.1980172859	-94877.15791809345	-112075.12800227565	-129544.37800236113	-147249.3603257558	-165202.83483163652	-183393.22016751955	-201870.24729777485	-220546.1191799707	-239465.57003240526	-258698.65267789506	-278099.3984295529	-297799.25410560146	-317737.60864055966	-337877.75712413416	-358333.9970990768	-378961.2401618366	-399911.3412787574	-421121.9451239151	-442477.1172783123	-464173.8358447848	-486046.46339043917	-508210.3916814039	-530595.1423133365	-553229.6899688867	-576206.3868649995	-599288.3634839002	-622713.254619526	-646313.8362164325	-670223.689014173	-694327.2205263973	-718706.8906829179	-743353.1265900104
-1066.2056709530293	-8526.514496452435	-15972.214152108758	-23390.52847369787	-30768.693926433618	-38093.965739583284	-45353.624312223554	-52534.98197267029	-59625.39017085219	-66612.24717863093	-73483.00636766966	-80225.18512777546	-86826.37448054082	-93274.24943342901	-99556.58010805765	-105661.24366320642	-111576.23701772037	-117289.69036308909	-122789.88143048229	-128065.25046813306	-133104.41584754383	-137896.19020514953	-142429.59699539575	-146693.8873078171	-150678.5567757038	-154373.3623802072	-157768.33893192591	-160853.8149919005	-163620.42798724107	-166059.13824055527	-168161.24167144467	-169918.38088520512	-171322.55440539095	-172366.12380103895	-173041.81850276803	-173342.7381213428	-173262.3521258213	-172794.4967833006	-171933.36931208769	-170673.51925372143	-169009.83712454827	-166937.54046271605	-164452.15743960973	-161549.50825408156	-158225.6845716887	-154477.02730818436	-150300.10308574836	-145691.67971145464	-140648.70104041442	-135168.261591937	-129247.58128805518	-122883.98068387389	-116074.85706565245	-108817.66181904105	-101109.87954416755	-92949.00957671172	-84332.55100770733	-75257.9933463854	-65722.81770353575	-55724.521193758155	-45260.703250670085	-34329.35885558741	-22930.123468783928	-11073.344710708685	0.	-12423.139697590044	-28865.14524035962	-45403.27569293563	-62154.379891737946	-79131.1333347063	-96345.12256132557	-113801.85051198192	-131527.25745463732	-149487.4980084637	-167674.09887043142	-186126.42766581284	-204851.5258096935	-223760.24091564424	-242952.29603139096	-262412.6226719655	-282078.54404531285	-302022.6952212271	-322177.9670151299	-342607.25027382263	-363275.55642453925	-384190.502936853	-405361.1247113444	-426763.75986038125	-448471.1123679129	-470329.9837602912	-492502.9308653607	-514887.4384662447	-537571.6581702316	-560447.3112474581	-583553.4916493173	-606961.4960244648	-630581.4628142352	-654480.7156801594	-678586.5417355953	-702937.1144068599	-727564.1843183709
-1078.2984998528157	-8623.276588598399	-16153.736468381432	-23656.98219313178	-31120.33159699241	-38531.12297769276	-45876.72206381136	-53144.52935161404	-60321.98789314108	-67396.59161201288	-74355.89421690184	-81187.51877463724	-87879.16799532814	-94418.6352705656	-100793.81649259242	-106992.72266720168	-113003.49331560239	-118814.41064442642	-124413.91443304774	-129790.61757881129	-134933.32220616788	-139831.03622063907	-144472.99017004817	-148848.65424404276	-152947.755220747	-156760.29314638756	-160276.55751380546	-163487.14268955044	-166382.96232656605	-168955.26250205148	-171195.6332947697	-173096.01856773646	-174648.72369211118	-175846.42100426962	-176682.15279433652	-177149.33168476284	-177241.7382848712	-176953.51606452023	-176279.1634412034	-175213.52313017435	-173751.76886244063	-171889.38962897102	-169622.17165935689	-166946.17838774377	-163857.7286966502	-160353.37375920208	-156429.87282164855	-152084.16828058913	-147313.36041350575	-142114.68211799226	-136485.47400635714	-130423.1601911067	-123925.22508815973	-116989.19156707055	-109612.6008068989	-101792.9943044494	-93527.89869758819	-84814.8145736308	-75651.21164951578	-66034.5358414405	-55962.24262646288	-45431.900359947926	-34441.5255808574	-22990.97037984997	-11091.750454835948	0.	-12678.679777499145	-29364.504765260666	-46142.77980337362	-63130.957038233224	-80352.27144808687	-97828.62245710507	-115528.14267252918	-133493.31798233656	-151701.88751898002	-170158.40959983584	-188853.79123300093	-207775.5808253367	-226973.47771409192	-246443.1178867983	-266107.6992473001	-285988.5330203327	-306196.0669038638	-326616.3755698563	-347276.4709524503	-368175.21633182256	-389402.28867670964	-410822.21140880417	-432405.57459480886	-454360.96671227954	-476466.618358107	-498901.512880286	-521550.68178010324	-544450.993039462	-567573.7885270198	-590966.9905186411	-614582.5274704511	-638532.4342616133	-662634.9380316981	-687035.1675451463	-711659.7185634858
-1089.9625631716085	-8716.60616388614	-16328.81137247854	-23913.95279573115	-31459.420127744655	-38952.625454459914	-46381.01085408811	-53732.0563819149	-60993.28852307025	-68152.28919058293	-75196.70533824665	-82114.25924837808	-88892.7595433193	-95520.11295641234	-101984.33688306497	-108273.57271538816	-114376.09994472732	-120280.35099475012	-125974.9267289564	-131448.61254007497	-136690.39492176927	-141689.4783840548	-146435.3025462374	-150917.5592268132	-155126.20931744535	-159051.49921045548	-162683.97653146606	-166014.504916093	-169034.27756240714	-171734.82928893637	-174108.04684282606	-176146.1771906612	-177841.83359040832	-179187.99922670537	-180178.02826180216	-180805.6441730698	-181064.93531937647	-180950.34771414025	-180456.6750457583	-179579.04603952452	-178312.90930920924	-176654.01589699966	-174598.39974588834	-172142.35638735574	-169282.42015809033	-166015.34028173075	-162338.05616480263	-158247.6722602689	-153741.4328479959	-148816.69707009918	-143470.91454228194	-137701.60184241994	-131506.32015842322	-124882.65436446473	-117828.19379751032	-110340.51504226822	-102417.16713745559	-94055.65986658272	-85253.45637394399	-76007.97271551818	-66316.59044684801	-56176.69819465294	-45585.810353798675	-34541.94020747989	-23045.11459622389	-11107.871003878814	0.	-12932.4438445231	-29858.524626027123	-46886.855826139144	-64123.72566450246	-81602.28417017177	-99313.43573883841	-117280.76098646119	-135457.85414217238	-153927.9398582267	-172624.30357672842	-191569.97889957397	-210765.14177537276	-230180.53075623128	-249859.1504944243	-269795.03961517866	-289979.3075567531	-310427.794239424	-331051.5604647832	-352001.7464184369	-373167.7010697956	-394550.18407108326	-416217.6149094645	-438148.39196340175	-460250.82105480554	-482696.9639515407	-505334.216287485	-528226.417463932	-551330.327907234	-574700.2658052001	-598392.8823405384	-622309.3064309243	-646401.6624235911	-670803.466618846	-695399.064458514
-1101.1692491824417	-8806.274445427955	-16497.010470113382	-24160.813305996373	-31785.13550308453	-39357.45418396911	-46865.279355865765	-54296.162620068666	-61637.70636366962	-68877.5735109144	-76003.49790235316	-83003.29535886654	-89864.87547461795	-96576.25416790397	-103125.56700170814	-109501.08326651674	-115691.22079670531	-121684.56146871974	-127469.86730461486	-133036.0970781076	-138372.42329784847	-143468.2494033124	-148313.22700382312	-152897.2729481209	-157210.58599581473	-161243.66284829148	-164987.31327702128	-168432.67408105195	-171571.22160299416	-174394.78253775655	-176895.542779689	-179066.0540827906	-180899.23831070808	-182388.38913339569	-183527.1710237132	-184309.6154887422	-184730.11449788237	-184783.41114753383	-184464.58764024335	-183769.05071858628	-182692.51474320577	-181230.98265088306	-179380.72506828865	-177138.25788909424	-174500.3186455061	-171463.8420195204	-168025.93484426063	-164183.85094201914	-159934.9661339238	-155276.75373772669	-150206.76084673154	-144722.58565651087	-138821.85607963917	-132502.20986613218	-125761.27643462867	-118596.66062672302	-111005.9286430928	-102986.59654342908	-94536.12197635799	-85651.90044852653	-76331.26894934791	-66571.52356469262	-56369.96841453613	-45724.04805459263	-34631.75420092865	-23093.253110599464	-11121.969649439903	0.	-13188.313776295647	-30360.28114919055	-47625.33376664407	-65119.30866468843	-82833.28238152135	-100784.60199280013	-118997.73544890221	-137442.66298654085	-156161.48409213568	-175102.86570863196	-194280.4667782294	-213707.44599121908	-233394.00774390664	-253349.637457002	-273491.5540596839	-293927.9787947289	-314586.6251919136	-335517.1819977932	-356655.2059555054	-378068.5800602454	-399753.7307027235	-421700.14352868014	-443791.5075559045	-466244.7384413226	-488834.79014810396	-511767.7830899846	-534858.8470417957	-558323.4103830773	-581920.8080611232	-605820.0973054859	-629931.6331196302	-654322.6160092077	-678920.3530836961
-1111.8886288128622	-8892.042135667769	-16657.88572750174	-24396.908148731698	-32096.616380611238	-39744.54443435192	-47328.26246002423	-54835.38626318205	-62253.587314807344	-69570.60333075342	-76774.24948641598	-83852.43031939669	-90793.15235795041	-97584.53749585271	-104214.83711500057	-110672.44693565977	-116945.9225509428	-123023.99557711292	-128895.59032502501	-134549.84087093335	-139976.1083776316	-145163.99848983772	-150103.37860512736	-154784.3947900308	-159197.48810693496	-163333.4100867133	-167183.23707896512	-170738.38321072198	-173990.61168307211	-176932.04414918873	-179555.16793563668	-181852.8408947947	-183818.29371946497	-185445.1295659007	-186727.320923489	-187659.20367484717	-188235.46837839248	-188451.14883588502	-188301.6080853321	-187782.52199380493	-186889.86068008057	-185619.86803580067	-183969.03964724284	-181934.09944441667	-179511.9754196624	-176699.7747641024	-173494.75876746568	-169894.3178156319	-165895.94680179044	-161497.22124270757	-156695.7743629182	-151489.27537861717	-145875.4091819576	-139851.8575982386	-133416.28236707763	-126566.30999021811	-119299.5186036408	-111613.42709003999	-103505.48679027459	-94973.07648883152	-86013.50205102928	-76624.00372070401	-66801.7781917388	-56544.03402615064	-45848.136097663235	-34712.04186142284	-23136.027626657917	-11134.283467532616	0.	-13440.237190554571	-30856.693989208263	-48371.81059478218	-66112.30353146668	-84065.44200580507	-102261.34580669108	-120732.455451542	-139415.48500603798	-158398.31274052477	-177589.50984896277	-196991.82639817995	-216675.99009278946	-236626.41064345988	-256766.6742586806	-277209.3990462256	-297886.5799179615	-318803.7223460457	-340001.2792989807	-361403.1863878884	-383052.55203785957	-404958.2864774554	-427096.6619720957	-449540.4014008099	-472135.90765640367	-495046.1221953632	-518168.0887751487	-541590.453285345	-565204.1470672229	-589088.3991684973	-613195.2890276122	-637553.9598071806	-662230.8821001379
-1122.0894812538809	-8973.659624274473	-16810.969875599265	-24621.55377579492	-32392.964978309265	-40112.786924625965	-47768.64284155825	-55348.20615342794	-62839.21139393384	-70229.46569029239	-77506.86088649632	-84659.3863440231	-91675.14245865938	-98542.35489867955	-105249.38955522589	-111784.76817012843	-118137.18458134237	-124295.52149945994	-130248.86770112035	-135986.53549720612	-141498.0783062236	-146773.30813706192	-151802.3127610483	-156575.47233498713	-161083.475212305	-165317.3326829171	-169268.39236312776	-172928.34996485917	-176289.2591867174	-179343.53948146742	-182083.981483647	-184503.7499137048	-186596.38381458697	-188355.79403198208	-189776.25787429823	-190852.41098776663	-191579.23649124603	-191952.05150421584	-191966.49122852256	-191618.490815859	-190904.26527699095	-189820.28773147083	-188363.26632038638	-186530.12012163934	-184317.95441466456	-181724.03563977501	-178745.76638705411	-175380.6607318439	-171626.3202096106	-167480.41069375008	-162940.64040734834	-158004.73926579024	-152670.43971335862	-146935.45918578966	-140797.4843048929	-134254.15689464335	-127303.06190668882	-119941.71736776651	-112167.56653287045	-103977.97258917274	-95370.21660169281	-86341.50014761627	-76888.95582613235	-67009.67318774594	-56700.75974962242	-45959.4958802525	-34783.79677791466	-23174.024732110745	-11145.024943541728	0.	-13695.15466048599	-31356.8358731975	-49112.40019292484	-67093.9596165123	-85320.0101765547	-103773.27641601439	-122458.16315429105	-141400.8587870162	-160578.8101012911	-180017.48106853396	-199710.86597664576	-219658.7177466269	-239810.2086110772	-260250.66561240517	-280943.9490296106	-301865.4740207053	-323006.1528417372	-344408.69329620694	-366057.8633007604	-387954.4943711806	-410107.60998800286	-432493.1804136508	-455184.8451472062	-478119.89927245094	-501230.33905100654	-524629.4649144731	-548224.0976227282	-572084.8837500645	-596268.3094317036	-620675.9507117614	-645259.9217305187
-1131.7393355161444	-9050.86732368556	-16955.777054014172	-24834.039645098008	-32673.24842724003	-40461.02960070456	-48185.05321918898	-55833.044590567675	-63392.79617744887	-70852.18006816207	-78199.16107527449	-85421.81049519476	-92508.32056671385	-99447.01959786536	-106226.38776508588	-112835.07351688364	-119261.91050968818	-125495.9349692123	-131526.4033427052	-137342.8100792043	-142934.90534777674	-148292.71247873263	-153406.5448909432	-158267.02225073765	-162865.08559536107	-167192.01114847785	-171239.42255323278	-174999.30126232465	-178463.9948362852	-181626.2229242215	-184479.08074252872	-187016.03989680062	-189230.94644405626	-191118.01614024054	-192671.82688111838	-193887.30837381614	-194759.72917675416	-195284.68125196686	-195458.0622566705	-195276.0558182984	-194735.1100963942	-193831.91494390086	-192563.37800685377	-190926.60010806678	-188918.8502600786	-186537.5406434069	-183780.2018691262	-180644.45882106974	-177128.0073439174	-173228.59201054423	-168943.98516684616	-164271.9674164138	-159210.30967256235	-153756.75687303086	-147909.01342511366	-141664.73042853872	-135021.4947136788	-127976.81973968908	-120528.13843186568	-112672.79812149616	-104408.05792970302	-95731.08930895974	-86638.98125827663	-77128.75356260978	-67197.38598313951	-56841.8840227009	-46059.44274790799	-34847.93090987912	-23207.77729114248	-11154.383755293233	0.	-13950.685403117332	-31846.973999766265	-49849.012122104534	-68092.68798907573	-86546.90235158322	-105255.46255256223	-124190.26361510818	-143385.53296332713	-162815.59488840378	-182508.4395839045	-202443.74015667127	-222628.99987593642	-243039.41290279487	-263720.7575476697	-284609.5636947002	-305794.2587309679	-327222.867867042	-348877.7157062019	-370804.7772700118	-392921.76818126265	-415324.22017410654	-437990.6651300442	-460829.28889192134	-484012.212422371	-507403.4591510295	-531016.248953211	-554935.9230447777	-579034.8615504059	-603397.041670853	-628052.3958946434
-1140.804529994551	-9123.396148741014	-17091.80372518842	-25033.629596177623	-32936.50064715024	-40788.080060861845	-48576.07939005085	-56288.27104390427	-63912.501267207816	-71436.70367743047	-78848.91340868847	-86137.28189260862	-93290.09228467954	-100295.77552091675	-107142.92696384697	-113820.32356930284	-120316.94147693535	-126621.97389774313	-132724.84914345824	-138615.24861392035	-144283.12453293562	-149718.71719996014	-154912.57150605545	-159855.55244881942	-164538.85937339705	-168954.03866602672	-173092.99463436133	-176947.9983213423	-180511.69402807276	-183777.10334799392	-186737.62655176775	-189387.04121632187	-191719.4980319537	-193729.51378132016	-195411.96153689144	-196762.05818807846	-197775.3494360533	-198447.69248919134	-198775.23668891203	-198754.4023666192	-198381.85823511364	-197654.49766097678	-196569.41415623744	-195123.8764368168	-193315.30338500743	-191141.23923735388	-188599.32929631879	-185687.2964725875	-182402.91863582036	-178744.00775332094	-174708.3896853254	-170293.88606192698	-165498.29755774792	-160319.38888575963	-154754.87550791944	-148802.4120758846	-142459.5826017773	-135723.89235723775	-128592.76151477394	-121063.52058986438	-113133.40783768255	-104799.56895145215	-96059.05980408043	-86908.85381670158	-77345.85745330242	-67366.9421046063	-56969.01381566791	-46149.184661392814	-34905.275738924785	-23237.766730221323	-11162.528625577354	0.	-14198.097987457248	-32349.096529726346	-50597.8489857124	-69064.88167614656	-87773.43488141164	-106734.64201111565	-125925.20119621986	-145365.323219196	-165046.9838134134	-184998.39330899192	-205185.34922533858	-225587.51406481297	-246286.25924656005	-267171.7780985471	-288355.5115457294	-309781.2532927726	-331408.7988503184	-353313.8120776309	-375460.61231203715	-397865.01440361416	-420463.2905984051	-443388.4278707867	-466577.87003388687	-489910.2214955729	-513589.21321020694	-537501.4608756399	-561605.8026279756	-585980.8228227436	-610578.8519644229