19605.91871463079	19538.476013821513	19366.079192340912	19088.56923188895	18705.69902426852	18217.127460869626	17622.418734401705	16921.0415421847	16112.368119218816	15195.673090310556	14170.13213456545	13034.820455323788	11788.711047719873	10430.672754953412	8959.468103149797	7373.750903365835	5672.063607853808	3852.834406120819	1914.374044586919	-145.1276482635003	-2327.6055514544496	-4635.123378377131	-7069.87816610634	-9634.205155261712	-12330.583091766632	-15161.639985526825	-18130.15936518462	-21239.087072775117	-24491.53864740212	-27890.80735306305	-31440.372912600607	-35143.91101758316	-39005.30369288077	-43028.65060500457	-47218.28141515059	-51578.769291615245	-56114.94571217007	-60831.91670550828	-65735.08070251398	-70830.13514634174	-76123.15018255991	-81620.51491105597	-87329.0156079049	-93255.85238263119	-99408.67206395962	-105795.60492876073	-112425.3058434604	-119307.00049164193	-126450.53748899046	-133866.44734305877	-141566.00940828386	-149561.328226367	-157865.42094189874	-166492.3178607404	-175457.17869808536	-184776.42767676667	-194467.91142881702	-204551.0846863382	-215047.23010827694	-225979.72040136164	-237374.33333475498	-249260.17339895468	-261667.4399268201	-274633.40289620776	-288197.72708542855	-302406.10816661845	-317310.821560816	-332972.38480541797	-349461.5139742124	-366861.91402121086	-385274.1305696573	-404821.05975973443	-425656.0980302011	-447975.6930546897	-472039.6175223782	-498206.1329762717	-526997.2420201816	-559235.9599387284	-596385.2975531725	-641653.8762158304	-706835.2033089707	-775866.3966189873	-792652.7156652521	-808131.3326455434	-823294.843783098	-837390.643538099	-850867.7961021191	-865049.637820894	-878558.3151429088	-890975.7120011534	-902900.2052665179	-915823.8507047851	-928045.7209623503	-938603.4950530756	-946750.0285120205	-957054.5087150724	-968287.1110510376	-978598.9401175572	-988257.3334207044	-996335.3854191899	-1.0071163178480561e6
19664.47185117523	19605.906441976724	19432.533220717873	19154.90747580082	18772.04969836386	18283.54159927655	17688.92855877222	16987.672878247293	16179.144192450382	15262.615970909377	14237.263380259014	13102.161435205948	11856.283124320442	10498.49739781153	9027.566967166436	7442.145888244631	5740.776907159539	3921.8885506797815	1983.791942992888	-75.32267032982782	-2257.3897119729518	-4564.472399018705	-6998.767230956553	-9562.608867758245	-12258.47542943144	-15088.994252101678	-18056.948139784334	-21165.28215566289	-24417.111001968995	-27815.727043560328	-31364.60903713129	-35067.43163580568	-38928.07574781461	-42950.6398382529	-47139.45227476659	-51499.0848317363	-56034.367483422364	-60750.40463504351	-65652.5929623728	-70746.64105570177	-76038.59109393216	-81534.84280949718	-87242.18004667223	-93167.80026532587	-99319.34740149335	-105704.94856738049	-112333.2551593805	-119213.48904699285	-126355.4946427693	-133769.79780949914	-141467.67275349348	-149461.21829212262	-157763.44518302177	-166388.38852220797	-175351.17652961134	-184668.23589868163	-194357.40296405985	-204438.61919359627	-214931.65835458098	-225861.37305927702	-237253.02457657008	-249135.15650438087	-261539.56279349048	-274501.8644375069	-288062.23058184923	-302266.2917648847	-317166.3130657114	-332822.7254861053	-349306.16166646173	-366700.2189864123	-385105.3013652025	-404644.07937533973	-425469.75077429437	-447778.34396858374	-471829.0875043266	-497979.3074960145	-526749.2474141722	-558958.7751950531	-596063.4492718277	-641248.4414560555	-706130.7132467139	-775737.7255660472	-792546.9934875497	-808028.5286476985	-823208.932959328	-837185.4809418865	-850832.8250228171	-865073.5128827015	-878254.1083630736	-890033.7492218103	-902252.5661230502	-916177.6647296945	-927196.3015901011	-938813.6644806305	-946194.8549149565	-961519.2564537617	-968929.6281441102	-978993.3297886042	-986311.4191543144	-984202.8643749567	-994430.8105333181
19808.89461808077	19782.301500155416	19605.90603785011	19325.70846410186	18942.25986063295	18453.644879503365	17859.134173956387	17158.104334619333	16349.890852700744	15433.751471946853	14408.853430879208	13274.267544697163	12028.964562839756	10671.812312538801	9201.573064924509	7616.900882352507	5916.338830198649	4098.3159884153865	2161.1442209340967	103.01467100294394	-2078.0060454712075	-4383.979975593473	-6817.10957944471	-9379.713591263062	-12074.275828154954	-14903.421944419257	-17869.9329253007	-20976.75187121272	-24226.991369112046	-27623.941506140996	-31171.07858743619	-34872.07462777011	-38730.80769560569	-42751.37319839315	-46938.09620975838	-51295.544952899145	-55828.54557035916	-60542.1983287989	-65441.895428928925	-70533.34061596294	-75822.57081576061	-81315.98005666689	-87020.34597877425	-92942.85928166332	-99091.15652080788	-105473.35673380847	-112098.10246328628	-118974.60584719281	-126112.70057404466	-133522.90065607286	-141217.0037360895	-149205.9971130087	-157503.46721321248	-166122.85883301237	-175080.35226698327	-184391.81884774903	-194075.06862735536	-204149.51463091437	-214636.3917035691	-225559.01740894513	-236943.10550362122	-248817.14581652143	-261212.86893523007	-274165.82052854425	-287716.07932244905	-301909.13801313564	-316797.18294981646	-332440.44927058637	-348909.35711233114	-366287.2299402971	-384674.17424679134	-404192.2817767016	-424994.0667311937	-447274.58210771426	-471291.63304615195	-497400.0535035393	-526116.1066021598	-558251.539870939	-595243.1046602435	-640216.6781328381	-704358.3647071024	-775406.5927110193	-792296.3364897055	-807765.807102658	-822914.4378268224	-836830.6674114414	-850792.0710364634	-864563.8668450426	-878532.0360273272	-890145.072840199	-902016.0460609171	-915495.5744812416	-927133.2993078481	-937145.7161958441	-946178.3176240685	-959629.6536582466	-963314.980689672	-981138.0549734078	-994715.408748501	-1.0018802646667534e6	-1.0083013232253401e6
20039.497235040675	20030.85897572893	19901.43419855526	19605.89907603054	19218.45990879467	18728.634503125693	18133.787770682822	17432.837091641326	16624.952487939117	15709.318962487618	14685.067609975333	13551.249786545908	12306.825224765722	10950.65536787924	9481.498822590213	7898.007680624374	6198.724151222654	4382.077231623727	2446.379268991659	389.82232649673824	-1789.5257050129876	-4093.725294357646	-6524.969794633471	-9085.590341120274	-11778.061158769844	-14605.0053173872	-17569.20097559874	-20673.58815862669	-23921.276119682734	-27315.55134045794	-30859.88623278153	-34557.94861114799	-38413.61201461278	-42430.96696671122	-46614.33327378682	-50968.273475695634	-55497.607578617666	-60207.42921805591	-65103.12342154057	-70190.3861656196	-75475.24595137443	-80964.59864515121	-86664.17719884287	-92581.69795581081	-98724.7862040789	-105101.00989071158	-111720.03368131153	-118590.54258423267	-125722.35308018772	-133125.96016656843	-140812.603841266	-148794.34488709143	-157084.15162789766	-165695.99970013584	-174644.98735640495	-183947.44667567837	-193621.19100465073	-203685.56263775285	-214161.74135500356	-225072.98122532456	-236444.9223122727	-248305.9683019874	-260687.7482901641	-273625.72951306147	-287159.76200754853	-301335.23276176857	-316204.056400578	-331826.2038487701	-348271.80272074556	-365623.71529384685	-383981.4088329859	-403466.32361980574	-424229.83023786475	-446465.45120761916	-470428.57525278744	-496470.28577746206	-525100.2845212397	-557117.5779848197	-593929.5283867703	-638569.8014648666	-701584.4186824145	-774866.8781632148	-791881.7725269753	-807334.3595715647	-822249.4304735372	-836321.3714286218	-850700.415809064	-863954.5952062375	-877940.7747264816	-889476.99641466	-903387.2573560452	-915413.6601057866	-926690.8622739959	-937051.3968642735	-946575.0797077817	-944675.2786684339	-921242.9406753856	-972328.0673016112	-981961.8978068411	-994334.3880260694	-996813.5675603624
20356.297501503817	20355.635975507306	20280.420181690875	20013.117137326175	19605.899674837136	19110.9781513375	18514.330873948355	17812.79757803763	17004.954438197594	16089.750419902783	15066.2053871994	13933.312360366755	12689.99820902729	11335.104976892937	9867.379523641124	8285.466813324689	6587.904866232224	4773.120452423325	2839.4250633478587	785.0109100750269	-1392.0531996835853	-3693.8262009257887	-6122.499394998114	-8680.40141150239	-11370.392491856808	-14194.320187644393	-17155.34219657397	-20256.383433476964	-23500.57066359748	-26891.174550064665	-30431.662224087297	-34125.70715728322	-37977.15404883945	-41989.661007003975	-46168.410002600474	-50517.52363360219	-55041.81350587674	-59746.36417029609	-64636.55082136483	-69718.05878145705	-74996.90499365154	-80479.46178057656	-86172.70195831585	-92083.13411949642	-98219.00405738954	-104588.21936086813	-111199.36980586936	-118061.63047567388	-125184.79422641985	-132579.3299513503	-140256.44871934876	-148228.1791520301	-156507.4536967772	-165108.2338916182	-174045.52051401275	-183335.64370016294	-192996.31356098416	-203046.82920158457	-213508.27603961993	-224403.8588372427	-235759.0977995852	-247602.2785934455	-259964.89130931243	-272882.1958433042	-286393.92804978107	-300545.1928881385	-315387.6100957905	-330980.8072553931	-347394.4008700141	-364710.6795154348	-383028.344088159	-402467.70840001246	-423178.7501986271	-445352.8441038956	-469242.18343223305	-495192.74140618974	-523705.38101075543	-555562.0349112413	-592131.0128988726	-636325.6214425028	-697902.8569201136	-774103.3091708783	-791250.5357803775	-806745.0384194292	-821341.2042209712	-835886.8760474103	-850508.337977839	-863281.7288782911	-876666.896175479	-888807.4272461853	-901202.1266929543	-912967.0121424929	-925991.3241806143	-936771.5852312281	-946188.1644105543	-959212.2117787526	-965696.3612802501	-974988.2783188854	-984614.0942384358	-997618.8918541644	-1.0057202268569071e6
20759.400693504627	20762.793094673136	20721.154998804093	20525.614826803343	20121.468380037302	19605.900630866738	19003.337568507617	18299.509974939545	17490.874461270367	16575.696267616906	15552.70295359275	14420.742333520306	13178.661908732349	11825.257448186523	10359.247648792007	8779.259908429369	7083.821233137103	5271.351629545083	3340.1587074637064	1288.4328335605242	-885.7575279568773	-3184.4705029632605	-5609.895660656985	-8164.359127848518	-10850.329037182702	-13670.42137049629	-16627.406253242953	-19724.56615551497	-22963.946249859204	-26349.876403320333	-29885.465838693315	-33574.369565978006	-37420.43036978057	-41427.757574695075	-45600.66123184888	-49943.63936091107	-54461.51645303189	-59159.365573362986	-64042.54947434508	-69116.73998879496	-74387.93941883983	-79862.50417626099	-85547.16757827176	-91449.08202929987	-97575.83247482349	-103935.48465594475	-110536.62267316639	-117388.39442876031	-124500.56282823317	-131883.5687896476	-139548.5760941147	-147507.57803262724	-155773.46157631575	-164360.11128490604	-173282.52304528386	-182556.93613842817	-192200.9874533028	-202233.87823526945	-212676.64748380135	-223552.351395389	-234886.37126376864	-246706.85857165715	-259045.12771200232	-271936.2208977356	-285419.6419539714	-299540.18346725893	-314349.09326005634	-329905.5364226614	-346278.5452735292	-363549.65708352526	-381816.5670979896	-401198.3285357988	-421842.9992164679	-443939.33410184376	-467735.54242304753	-493571.2475869844	-521936.38064067066	-553591.8993533815	-589858.6570550645	-633506.7646459192	-693417.2730315157	-773088.7800187012	-790474.7275615621	-806044.2838331229	-820643.7526880561	-835395.431655081	-849399.7157161955	-862689.9373783733	-875425.2082261968	-887917.1612558279	-900767.3376935666	-911242.27224259	-923957.2139131778	-936211.6505765476	-945686.3697572149	-957484.6806056212	-989269.3560153524	-978943.8610037577	-1.0077178254009367e6	-1.007981800635013e6	-991803.2540571381
21248.537882679426	21254.244295385848	21232.750177682174	21098.252692273163	20760.35180491839	20228.72221599255	19605.901916980016	18895.581723361072	18084.27760208268	17168.16294302992	16145.225513206584	15013.978237652103	13773.095128807734	12421.273941310239	10957.174642037273	9379.388027554116	7686.417767752086	5876.668906514962	3948.439619813231	1899.9146442020647	-270.84046515240334	-2565.8847203673067	-4987.391310010469	-7537.715941264847	-10219.307957710233	-13034.779449223453	-15986.89582945939	-19078.582692517637	-22312.93320610476	-25693.21610665733	-29222.884365014135	-32905.60429861583	-36745.18612139445	-40745.71592943776	-44911.4864440571	-49247.03087727184	-53757.13748357611	-58446.86551467872	-63321.56274383092	-68386.8879920317	-73648.81919231072	-79113.69701078275	-84788.23726084514	-90679.5632460388	-96795.237921756	-103143.29979110515	-109732.30308455674	-116571.36287312733	-123670.20588686352	-131039.22795987563	-138689.5592074218	-146633.1411378017	-154882.80114678337	-163452.3721832006	-172356.76489391027	-181612.14891339	-191236.07285740343	-201247.6518372518	-211667.7793726467	-222519.37964778318	-233827.71011006593	-245620.72751869232	-257929.53483857797	-270788.93238262105	-284238.1051623867	-298321.490821815	-313089.8909100386	-328601.91609176126	-344925.8991603715	-362142.4789213748	-380348.1724486655	-399660.4497581834	-420225.1780132922	-442227.970958887	-465912.43894123903	-491610.50034242927	-519799.3888640662	-551215.6938241569	-587125.8616790192	-630138.5635396035	-688232.2021650223	-771784.782272296	-789519.4255974216	-805025.7491781901	-820308.2810196627	-834258.2224265992	-847932.9694089269	-861910.5133785342	-874503.4974035902	-887872.2148959205	-900459.5491810697	-911531.8409905633	-922843.1395162722	-936395.857434615	-946092.2544645309	-966056.4596701283	-965398.6593202408	-977671.9505964326	-997100.3731640822	-995531.8687514176	-995556.415579197
21823.447640660735	21830.62437978039	21821.831178870663	21730.48005641542	21469.42293064962	20986.328862172355	20335.74793064517	19605.90351566686	18787.736101974864	17868.7036960946	16844.76643627401	15713.665702726808	14473.709597292676	13123.414626474638	11661.296864673655	10085.89232112105	8395.660332860265	6588.977194086394	4664.122347083874	2619.2685131271573	452.4739176996882	-1838.3243896980348	-4255.316694340341	-6800.848424045602	-9477.337895171186	-12287.416467827148	-15233.844853297385	-18319.54288977773	-21547.59700822449	-24921.268268020067	-28444.00103824382	-32119.4196164615	-35951.389728447975	-39943.96555567261	-44101.40076222332	-48428.22842042011	-52929.22199314259	-57609.42466868009	-62474.16677786602	-67529.0849550206	-72780.14326033673	-78233.65651487152	-83896.3161386227	-89775.21882950218	-95877.91167970549	-102212.37612449931	-108787.14357092229	-115611.29074345279	-122694.50212185507	-130047.12686612093	-137680.2433832909	-145605.73285113735	-153836.36329419905	-162385.886160225	-171269.14779158772	-180502.2187562636	-190102.54473704225	-200089.1236317058	-210482.71476937225	-221306.08781008434	-232584.32112567307	-244345.162492797	-256619.46116458293	-269441.74202850123	-282850.8329577445	-296890.7492761995	-311611.775410171	-327071.8802540106	-343337.54892431316	-360490.32579641737	-378625.7745384902	-397857.06098477286	-418328.7172380263	-440222.74850462785	-463777.28915266995	-489316.10222732974	-517301.636756046	-548443.4071603752	-583947.9245105502	-626253.7136360058	-682443.839238094	-770087.1363413371	-788390.752918462	-804128.3144799555	-818876.2317944503	-833370.7871191439	-846971.2945422934	-860906.8072114923	-873677.3957107654	-887814.0071356324	-899408.6592473403	-910465.8205880243	-922331.8587421895	-933301.8805474639	-945046.0847881366	-954425.1240313392	-963478.3913016721	-973755.3193287074	-984730.4560090341	-991083.2924362625	-1.0026606488131981e6
22484.149896282113	22492.180398288925	22491.633934264995	22430.235283927548	22233.000794467356	21829.44180076098	21206.550863410637	20442.948100465	19605.919246231635	18679.82998226233	17652.849856793007	16520.7743496811	15281.125407325708	13932.01697556043	12471.781177033306	10898.811938475796	9211.489259691742	7408.138243849629	5486.981714234877	3446.217161202294	1283.8644887186529	-1002.1481453987217	-3414.0158841929515	-5954.064132829342	-8624.743059543878	-11428.683198717044	-14368.62871764155	-17447.49381079551	-20668.357963364353	-24034.474073657824	-27549.27718243678	-31216.401760603534	-35039.659771428385	-39023.10528504482	-43170.99642258193	-47487.84119835528	-51978.400109533395	-56647.691204643605	-61501.028168739416	-66544.02610418247	-71782.62564679742	-77223.116116919	-82872.16114573297	-88736.82711061754	-94824.61476842602	-101143.49454211153	-107701.9459961523	-114509.00213320967	-121574.29926250974	-128908.13333496614	-136521.52381802473	-144426.27880342084	-152635.10871037657	-161161.67553448665	-170020.7339139059	-179228.25100656395	-188801.5553599737	-198759.51795626964	-209122.73251742945	-219913.79972031002	-231157.6944170986	-242880.98988812533	-255115.73899694777	-267896.32194865093	-281259.602493331	-295249.8564004913	-309916.7836898002	-325317.6264643897	-341519.0020439068	-358599.3421453813	-376652.2803590599	-395791.4238101193	-416157.31430636405	-437927.9640017011	-461335.54313774273	-486694.3601346328	-514451.3189856749	-545286.1591847187	-580341.8226426648	-621879.8115828224	-676136.5522555714	-767735.0436086153	-787116.263636901	-802712.6039531092	-817609.2644570449	-832178.4125596713	-846751.4656230095	-859840.262838904	-873691.3195958907	-885550.5861838388	-897627.873067569	-909723.4902731739	-921145.612960491	-932067.3573536363	-944122.9122796712	-954853.3335666612	-965082.4039847162	-974839.7692026809	-972746.5851873539	-992079.0616801878	-1.0003813148358767e6
23230.199044684174	23238.770167962677	23243.765452072184	23203.42069742715	23055.01620206194	22728.818870944197	22178.37993303712	21423.173321805756	20549.816784520364	19605.920152487844	18571.845928102128	17436.722273240797	16196.21536228132	14847.650467136686	13388.957752315662	11818.281573587097	10133.909134581583	8334.055585787974	6416.909557728104	4380.583613954397	2223.107809291687	-57.629271684963896	-2463.8213786996203	-4997.799505336894	-7662.02805419865	-10459.112260527501	-13391.816094416776	-16463.02749247561	-19675.829889571236	-23033.467872646055	-26539.365550212213	-30197.14124975761	-34010.60898822245	-37983.79600556764	-42120.953022688016	-46426.56734692273	-50905.37718204358	-55562.38728802682	-60402.886154763546	-65432.4648764639	-70657.03794038211	-76082.86617563345	-81716.58214576563	-87565.21831434176	-93636.23836698948	-99937.57213856984	-106477.65467265731	-113265.47003562457	-120310.60062336008	-127623.28284025955	-135214.47020440607	-143095.90514865302	-151280.20105629537	-159781.02323359862	-168612.85493164434	-177791.6300857342	-187333.90619683597	-197259.59313762438	-207589.2685138078	-218344.0207243266	-229549.112702347	-241231.88611308072	-253422.4263012763	-266154.6325576812	-279466.5066187717	-293401.0558290528	-308007.3324377113	-323341.77907797287	-339470.00058830064	-356469.2607223444	-374431.2794804086	-393467.53716014104	-413715.4972028165	-435348.80092735053	-458593.148844857	-483752.71237000683	-511257.4575865858	-541756.377965088	-576325.5678734871	-617049.2270774031	-669381.7327545264	-763784.9230373104	-785653.596266015	-801381.3484404332	-816513.3792371693	-830822.3308697594	-844704.2398082548	-858350.8442318898	-871727.5352118721	-883765.8744262494	-897337.61973838	-910295.5753920116	-919900.8873113501	-931955.3985313155	-940283.019042521	-949685.1357606918	-965752.3951300542	-969949.5731706861	-983221.4687916524	-997760.2132231386	-999270.1820645214
24061.471313743765	24070.270911626954	24079.051737403075	24053.70820779571	23942.00810365349	23680.883008814453	23213.40348983989	22518.102246811504	21637.77207432992	20657.052146959875	19605.92141717321	18463.805928915244	17220.36102057506	15871.148147315187	14413.29608650555	12844.59798629528	11163.051517511645	9366.726428529495	7453.728216636009	5422.107349316822	3269.8408162505584	994.8124672739505	-1405.2012874489737	-3932.5526197517174	-6589.6920944309095	-9379.230540901553	-12303.9350397948	-15366.701482138364	-18570.598001661987	-21918.860997132346	-25414.905844749082	-29062.336341093614	-32864.95498191935	-36826.774049451036	-40952.02762280207	-45245.18463314988	-49710.96309597572	-54354.345666822876	-59180.59668475756	-64195.28088934711	-69404.28402294894	-74813.9043088783	-80430.59940753406	-86261.44333992846	-92313.85209966134	-98595.7107754146	-105115.40532157273	-111881.77411041927	-118904.51863484172	-126193.72262199718	-133760.35231649282	-141615.902348041	-149772.33547815395	-158244.33912141918	-167046.7568942536	-176193.65083017512	-185702.8659580564	-195592.9543412354	-205884.16542105773	-216598.68236953532	-227760.90473286866	-239397.789183378	-251539.26398467022	-264218.73804780294	-277473.7329160182	-291346.6767570096	-305885.9152131514	-321147.01555792027	-337194.49017132295	-354104.08694364066	-371965.9423129662	-390889.0020524901	-411007.42186589504	-432490.1649403465	-455555.99718251557	-480498.4867712717	-507729.9166377614	-537866.4759716976	-571918.088083529	-611793.0804723343	-662239.367577289	-752829.3540664461	-783965.187136017	-800006.3542949364	-814851.3678634905	-829472.8158659629	-843140.1745545478	-857229.5384327932	-869586.7161735315	-883377.9725031841	-895580.529115343	-907365.0784551549	-920157.42934698	-926496.0905413777	-943517.5050584442	-950587.9016476888	-961988.5216488144	-968461.1118049534	-977493.24112496	-993746.0614996606	-999981.7778394211
24977.514207869295	24986.44687610525	24997.72346553256	24983.20376161584	24899.156726757996	24690.237047500952	24299.41036380514	23685.95886103512	22850.776904017745	21851.18367128197	20764.044743864026	19605.911218690635	18355.712612569725	17003.78086819259	15545.592363561394	13978.160049825354	12299.045713831933	10506.106317171296	8597.283844142075	6570.529494844028	4423.754094179138	2154.787669539932	-238.59677766505047	-2758.7880688839796	-5408.2592224287655	-8189.632540594597	-11105.644854736965	-14159.208668564155	-17353.386011437688	-20691.40616639072	-24176.67494783437	-27812.80210265296	-31603.54223348714	-35552.90851570986	-39665.11740802239	-43944.61823332083	-48396.10734382289	-53024.47870340517	-57835.09644644536	-62833.43562077997	-68025.35077237533	-73417.03730609751	-79015.13485506485	-84826.44496953848	-90858.42045449614	-97118.89763973252	-103616.20897866605	-110359.2935863761	-117357.47828182735	-124620.17159204121	-132159.6049237749	-139986.6782421561	-148114.80403765346	-156555.45110762885	-165323.94697665406	-174435.82562390916	-183908.08646749094	-193759.05384870217	-204008.77410598262	-214679.19709617004	-225794.452699913	-237381.18381431676	-249468.95090188598	-262090.79527608992	-275283.51704025915	-289089.1240413972	-303555.1332059121	-318736.17546041147	-334695.58565896866	-351507.6183656127	-369260.46949515026	-388060.49135195976	-408038.3551436969	-429358.06922009884	-452231.2087547587	-476940.1864574109	-503878.801507178	-533630.7866188269	-567138.253807575	-606141.5321014404	-654758.8489356004	-733356.7395899442	-782031.1994995987	-798097.109250321	-813097.6152091699	-827716.3536537002	-842129.11196812	-855165.802860269	-869165.2954356534	-882002.6965354375	-894286.1115608434	-905261.3466229107	-916726.9550587381	-929329.3960813265	-940977.02820177	-952233.5569363512	-961186.7006092026	-970070.3054352467	-984790.3408792801	-991315.9436998058	-995138.7471451794
25978.114222631026	25987.002919940132	25999.845649496754	25993.20861089995	25929.99603104945	25762.365848637317	25437.02021287236	24906.718733791276	24147.420528160903	23178.227506048715	22063.920629446475	20871.163373966985	19605.914385570897	18247.575903007113	16831.132488147632	15219.615773113415	13542.237734378155	11752.305329697541	9847.511924255246	7825.642734316236	5684.530765082425	3421.9191702851676	1035.517079408237	-1477.0770839570541	-4118.350075903829	-6890.936354145379	-9797.596495127611	-12841.251733358687	-16024.930990901223	-19351.872343700437	-22825.472885900454	-26449.31339334557	-30227.16890065893	-34163.019951037946	-38261.06466048848	-42525.71867534678	-46961.68735734497	-51573.8790535212	-56367.51036252962	-61348.086889897066	-66521.42970011283	-71893.75866638811	-77471.47654570872	-83261.5513600097	-89271.31347449741	-95508.54666447022	-101981.4797256625	-108699.0101135989	-115669.50884968758	-122904.85878355554	-130416.03539323783	-138212.3111478732	-146307.06598254014	-154713.55039376265	-163446.04861452736	-172519.99792316952	-181952.12772749568	-191760.62004577412	-201965.3036626254	-212587.87792627624	-223652.18341798132	-235184.52672170033	-247214.0744806478	-259773.33608085907	-272898.76156363334	-286631.48814017535	-301018.29125354474	-316112.79931646655	-331977.1057218185	-348683.8799769366	-366319.26924308017	-384986.93711242365	-404813.85054533347	-425958.8950076691	-448626.07449588773	-473086.3833897305	-499715.0795004191	-529062.738717967	-562005.4132230193	-600123.4206381924	-646981.3159039696	-717003.8799305501	-779866.6715861182	-796181.1296512217	-811356.201598404	-825717.3378908102	-839784.4924238621	-854004.9193897616	-866751.0159495826	-879144.9799033471	-892197.9099589936	-904840.8966336688	-915328.3599614616	-926854.8454089516	-939610.3953955843	-950073.1732142555	-966383.5955969647	-970074.2599003371	-978956.3778832657	-984791.8510431007	-998110.0814585472
27062.79540316933	27071.58215880549	27085.286736084527	27084.338666317853	27037.083371786735	26901.825237323574	26630.671760645186	26175.917705747743	25501.673494036586	24599.432136395466	23501.960169436337	22276.36341851618	20978.29596187456	19605.91773763291	18139.39507933655	16570.043809449562	14893.203743857244	13105.571398018728	11204.427180866856	9187.313160670266	7051.876465381116	4795.780798936954	2416.6463500791942	-87.95383138275793	-2720.563299134752	-5483.845652854754	-8380.543690546547	-11413.58288687814	-14586.023573428334	-17901.08567580658	-21362.145869452128	-24972.800494692696	-28736.79838895111	-32658.11011132822	-36740.902616684936	-40989.589536779444	-45408.82031639402	-50003.56092435398	-54778.87785669399	-59740.29970635142	-64893.568148381775	-70244.88803952484	-75800.6964158414	-81567.85711944144	-87553.64927809645	-93765.80048762597	-100212.52384528579	-106902.55940823001	-113843.86372178473	-121048.98083407813	-128528.86449528369	-136291.84906092874	-144351.60857913655	-152721.26758027263	-161414.9691198712	-170447.9916357734	-179836.88472245436	-189599.62778411774	-199755.81656137487	-210326.88452989399	-221336.36362445843	-232810.20382346446	-244777.15404531208	-257269.2323687615	-270322.2973597613	-283976.78639009106	-298278.6194357339	-313280.3796259606	-329042.8593138057	-345637.04480793024	-363146.9585896303	-381673.41463913594	-401339.5799784919	-422299.11173581175	-444748.26376007666	-468946.3349486195	-495249.8730902255	-524176.6407472179	-556538.5772432636	-593766.0000564193	-638940.5693707474	-702752.890849212	-777398.9801649975	-794182.0198249754	-809393.2729495896	-824322.9314553401	-838090.7199585425	-851449.0617305677	-865353.0632965275	-878569.6834426856	-891046.6560634485	-902916.0345191018	-915345.5613457668	-925803.7970519249	-936929.8415442916	-945147.1497220685	-956874.0532991679	-969664.0011362598	-978004.9118165176	-985409.8292820265	-999065.5856472922
28231.1281364361	28239.37297373255	28253.835072540023	28256.894548353215	28221.668622316567	28112.021094146585	27885.04744033616	27495.673305103635	26903.594365060526	26084.598887627828	25043.68820446692	23823.0295618023	22488.723630602733	21085.47092134392	19605.92123847523	18031.171934633443	16352.900136579163	14566.383585402218	12668.187016767115	10655.442056311236	8525.54757363021	6276.002769476632	3904.320046414068	1407.982876526119	-1215.5746677146526	-3969.0454832429823	-6855.224253777356	-9877.02147285905	-13037.528677905415	-16339.952964043769	-19787.685522291897	-23384.27526201484	-27133.477694984147	-31039.20585676143	-35105.78471728436	-39337.382131752995	-43738.66270916331	-48314.60679013809	-53070.30688782217	-58011.20766213337	-63143.057096340315	-68471.93378969884	-74004.27094221913	-79746.88286836172	-85706.99439183896	-91892.27261416992	-98310.86673911149	-104971.44419522319	-111883.23926948916	-119056.10399407888	-126500.56640499475	-134225.65545069703	-142250.1822065651	-150580.41496369432	-159232.586874089	-168221.80892777487	-177564.44082795968	-187278.2451949048	-197382.58148938406	-207898.58558409056	-218849.47347215173	-230260.81818515563	-242160.92891064694	-254581.30417239608	-267557.192914359	-281128.2918396541	-295339.63993888255	-310242.67681724636	-325896.87506430066	-342371.44658895273	-359748.31525752554	-378125.3070534929	-397621.7055820081	-418385.6396973637	-440605.719218218	-464529.3983525182	-490494.521077984	-518986.75204893725	-550756.38625596	-587094.7127665527	-630665.2716757951	-689627.047733322	-774424.2735507314	-791928.450955007	-807196.0911259191	-821855.650222307	-836173.2737689294	-849980.1506078974	-863020.1148010896	-875915.9592580523	-888166.606683224	-900536.1027469994	-912686.6406846503	-925733.158457576	-937675.2223890972	-939994.8909103563	-958074.0512830872	-966511.8647062457	-978819.4344950091	-981445.9037160816	-995749.8661381283
29482.685391980493	29490.51516537917	29504.95411878916	29510.850766429692	29484.814749452875	29395.206089467116	29204.14682143108	28870.00613324953	28352.162782094398	27618.674226359653	26656.470113781463	25481.57839635507	24142.28580201071	22700.95509636637	21192.669129991045	19605.92816722116	17922.908155232268	16135.583458347319	14239.169731205584	12230.102385022969	10105.380455314691	7862.260524495512	5498.081149617894	3010.228526478437	396.03470233342523	-2347.2275540710834	-5222.444604719349	-8232.455316298045	-11380.392443925419	-14669.467870440014	-18103.03689350598	-21684.766041256138	-25418.274604035018	-29307.544082150038	-33356.705066354916	-37570.12718252852	-41952.410005391896	-46508.40415523035	-51243.227805446906	-56162.28288360279	-61271.28140891342	-66576.25734416729	-72083.59646216442	-77800.06100512328	-83732.8186425097	-89889.47464152437	-96278.10771701939	-102907.32165570202	-109786.24408360769	-116924.63596360787	-124332.94227024558	-132022.31290475134	-140004.70772974813	-148292.98697984905	-156900.96662045812	-165843.60175200627	-175137.01792202744	-184798.78685726668	-194847.9898337377	-205300.6143577015	-216188.93865736958	-227533.58136965928	-239362.39111942454	-251706.3262416051	-264599.9862299107	-278082.2471993036	-292197.33363685163	-307003.6279395273	-322543.46275310783	-338891.91978591355	-356128.56046443706	-374348.3403671618	-393666.5054534811	-414225.75099440356	-436206.6603559404	-459845.1096641773	-485460.5303673112	-513507.24487780407	-544677.0244764748	-580133.2589264067	-622178.7129259295	-677172.5702879673	-770310.6603948124	-789527.0094752405	-804810.8428557031	-819354.7293793453	-833846.6670113592	-847516.2376598672	-860962.3698624988	-873715.1143258839	-887264.9902177452	-899146.7194010483	-909704.9519055646	-921292.613132438	-933966.3154870364	-946265.597899237	-955893.6755932876	-966178.6631265837	-973910.0690871782	-986241.357955222	-992982.4663146099
30816.945280488944	30824.391214285562	30838.373713688823	30846.235373126423	30826.920966134378	30753.233716519127	30591.08115780646	30303.008787975188	29850.019623196815	29197.326111568582	28321.29005826256	27218.735828844998	25914.49770774116	24460.230949244753	22913.251271374786	21299.86796799647	19605.932128696506	17814.61059331109	15918.099653651872	13911.579509811316	11791.341649071204	9554.277186719475	7197.464073820665	4718.126053058702	2113.4908553407004	-619.2635973455908	-3483.0703889257566	-6480.742380620388	-9615.551846386617	-12890.620647172938	-16309.3739636041	-19875.369408917293	-23592.325106885954	-27464.1676649555	-31495.02184483208	-35689.22699705258	-40051.363188109535	-44586.24942493177	-49298.9711785946	-54194.89556308622	-59279.69078483329	-64559.3592803083	-70040.21364687331	-75728.97363304475	-81632.74860666628	-87759.07537538564	-94115.97369957177	-100711.93258837698	-107556.01289376523	-114657.91726701893	-122027.92745219384	-129677.08035979865	-137617.23152329834	-145861.07129208784	-154422.27088490344	-163315.57881642942	-172556.94655694647	-182163.66937586718	-192154.58224024903	-202550.22865045734	-213373.07776871015	-224647.988682009	-236402.29027691355	-248666.38027970807	-261474.2039118841	-274863.9640105947	-288878.6091058187	-303567.5719788555	-318987.2722390167	-335203.37686408934	-352293.1352552513	-370348.44478340837	-389480.5846595358	-409826.5752598593	-431559.41603111365	-454903.26877031196	-480159.4560346543	-507760.5659659449	-538317.9757275495	-572903.459867167	-613502.485453697	-665149.4099062048	-759764.5437648844	-786805.8532764565	-802357.3522667824	-817070.8662685645	-831439.907536489	-844974.2535707707	-858624.7329886374	-871784.3791291375	-883740.7265496011	-896855.2635621179	-909536.7246597584	-920427.0372957803	-931263.086827903	-942550.8069245426	-951787.7792989919	-962706.2017998713	-973149.2635341447	-981662.7243153063	-983949.0743893164
32233.355894190907	32240.335178345464	32253.805287895128	32262.433340228068	32248.114030171506	32186.64230000836	32048.09111715891	31798.24864459293	31400.909612329793	30821.010958816536	30029.858976714422	29011.8862487672	27772.610388998335	26343.54743572719	24777.21326754181	23125.36545255111	21407.062782552734	19605.936083290842	17706.270275462484	15700.456984995966	13583.612651123083	11351.934144356586	9002.139582838383	6531.19919204661	3936.1659385152307	1214.1677122674882	-1637.8515302347078	-4622.817971992015	-7743.898765520629	-11004.466725910694	-14407.6949924519	-17957.232861369936	-21656.829942742566	-25510.3752406039	-29521.98352729506	-33695.97675147261	-38036.904510044114	-42549.57185739541	-47239.00634908938	-52110.561892978105	-57169.84347290528	-62422.8034632747	-67875.72854067589	-73535.26753718036	-79408.47126697979	-85502.80851635127	-91826.2088544796	-98387.10563412274	-105194.07274214752	-112257.43448318526	-119587.47825238635	-127194.2563988805	-135089.87479001388	-143286.8901120769	-151798.79865604703	-160640.16297610887	-169826.70453085552	-179375.4861858831	-189305.05224556365	-199635.63347717538	-210389.3783971452	-221590.689481728	-233266.34711034346	-245446.19780432188	-258163.52564334427	-271455.6387317468	-285364.7120419326	-299938.7214417532	-315232.7721273038	-331310.6397020243	-348247.27032895864	-366131.5359970898	-385071.06081067096	-405195.864841659	-426672.6325123667	-449713.6168913	-474610.17647086666	-501735.4084030262	-531696.0674739591	-565425.5592597751	-604652.0501989464	-653415.8213196606	-730555.1108884619	-783911.7109379764	-799899.1560460175	-814594.2047366829	-828900.1145883824	-843307.0135387728	-856011.3870822077	-869380.1164410283	-882926.5536979997	-894385.8077281725	-905907.8965293779	-918233.2630464861	-929307.7095592308	-939389.5456823546	-950110.287518125	-962568.8278442321	-971768.8327087035	-982821.6668755386	-988749.1296648576
33731.30743370158	33737.74625805686	33750.41216499085	33758.929916752844	33748.49944148196	33696.52519449884	33576.77956425455	33358.53914889047	33008.412054935114	32492.597945578513	31780.443281393396	30849.45742866269	29691.57010111818	28319.570013065517	26769.52409614977	25093.68048071504	23337.56844480001	21514.243985500645	19605.94006617443	17597.89252217499	15482.65290789972	13255.282306693363	10911.863282132072	8448.98636514342	5863.464810950543	3152.2287457784987	312.2134863860265	-2659.6894732353103	-5766.639882626376	-9011.955250212734	-12399.029742884319	-15931.430464845616	-19612.881835401815	-23447.299480648217	-27438.7527517673	-31591.5690791628	-35910.25391117271	-40399.578817925256	-45064.56447437854	-49910.50006599788	-54942.97492166664	-60167.88257084598	-65591.45586236427	-71220.28797861497	-77061.7531145195	-83122.11478316906	-89410.31595941941	-95934.3247250178	-102703.56604223343	-109726.53632864417	-117013.76095244539	-124576.03778674846	-132424.91620962025	-140572.78823239944	-149033.01819216018	-157819.8813288638	-166948.93791945148	-176436.97535272542	-186302.2528863288	-196564.67180116504	-207246.0080776472	-218370.1633671783	-229963.52344734198	-242055.31219171983	-254678.09022713022	-267868.30817261426	-281667.2032011101	-296121.49487948103	-311284.8014670821	-327219.10434577626	-343996.836111148	-361704.23934777675	-380443.179935551	-400341.02402059035	-421554.7778816747	-444286.0697366076	-468801.9102297963	-495470.1776421226	-524827.1975429282	-557718.1283235154	-595643.2956943072	-641882.4297155729	-708302.4215519907	-780652.3559253884	-797037.4632826659	-811995.4998472799	-826163.2679161298	-840366.0382285924	-853618.4047754399	-866491.3909047602	-878827.509656851	-891982.7906848122	-903979.5354527252	-914763.3425140065	-927529.0084765754	-938092.7893571001	-950263.4504597042	-957656.565660587	-968808.4012392627	-977785.823194635	-991657.1927421868
35310.14175968441	35316.03288132379	35327.68655735196	35336.25953847123	35327.69776868604	35282.91715722957	35178.221501168184	34985.98077076818	34675.65301416567	34215.40825397152	33574.44284400896	32727.11016413408	31656.549266158843	30361.460524943403	28860.551335639735	27193.049567914968	25409.58935035333	23549.761743281328	21621.40991753189	19605.941751366416	17489.47061362643	15264.691157516514	12926.59534797004	10471.158750890892	7894.829941198135	5194.295103290002	2366.332912846061	-592.2613853203657	-3684.7520331783453	-6914.475236622355	-10284.865190255456	-13799.519383143692	-17462.150920190237	-21276.653880723403	-25247.120889039506	-29378.087713495726	-33673.58864192426	-38138.58118150814	-42778.05165001415	-47597.25800331084	-52601.73916562923	-57797.34356904308	-63190.245791036024	-68786.61863856035	-74594.08701459802	-80619.62266676355	-86871.5069772423	-93357.03832231322	-100085.45643047575	-107066.15036200918	-114309.01686160179	-121824.75800320788	-129624.75527412916	-137721.24606088473	-146127.3716313286	-154857.28055747418	-163926.24769356017	-173350.82828107945	-183148.97525683837	-193340.2137678031	-203946.0033116663	-214989.78115670278	-226497.4056950602	-238497.47976489062	-251021.85314228415	-264106.18659377	-277790.67242265353	-292120.73095520196	-307148.4948941872	-322934.0527953112	-339547.86274716805	-357071.6573219516	-375605.5496385993	-395269.8736695412	-416214.5577768328	-438630.50236251194	-462768.1829834926	-488969.36418174976	-517726.3454841742	-549797.7331518736	-586489.4696793262	-630489.0608930839	-689973.141414644	-776695.8528475713	-794054.2227535541	-809126.9202457615	-823301.8002686378	-837530.7805597762	-851593.126446726	-864077.2166577813	-877741.6881839171	-889286.1468001836	-901121.7486861957	-914583.499919701	-924714.3148201358	-935743.7191283227	-945262.0060076398	-955629.8880583639	-963905.5416384299	-976023.2914159786	-984920.0008073419
36969.17658501741	36974.43971345918	36984.91362191965	36992.72738696253	36985.38874570672	36945.908907407356	36853.08177990125	36682.11518183132	36405.18347374485	35992.68955396042	35414.933342496	34644.68767742536	33660.61932474706	32451.816776216736	31022.669095006473	29396.674767542907	27614.77258364531	25725.162288905012	23762.373228040044	21728.53589265613	19605.94538613988	17381.019384447667	15046.579454106482	12597.542281666232	10029.790373177537	7339.673535135793	4523.70741574635	1578.3810298328608	-1499.427719920568	-4713.213107788455	-8066.480581833734	-11562.825775872887	-15205.99672828069	-18999.90175156969	-22948.62250380902	-27056.427628896927	-31327.80063649331	-35767.45639757559	-40380.36825103755	-45171.71238002973	-50147.00549210438	-55311.656510847344	-60672.523727300926	-66235.75163521216	-72008.17289485171	-77997.57796046976	-84210.65616625134	-90655.9998885871	-97342.29421851109	-104278.83790247593	-111475.45162117682	-118942.65357014915	-126691.69550196105	-134734.6464595527	-143084.43880612322	-151755.02388623013	-160761.43964095638	-170119.97241116693	-179848.27421447725	-189965.56409094745	-200492.8885762968	-211453.136690968	-222871.71797209152	-234776.6127429942	-247198.95603021764	-260173.5236327132	-273739.4483111551	-287941.0177997198	-302829.0166897228	-318464.0477592738	-334905.3017640956	-352241.4920109618	-370564.62852819567	-389990.1530593293	-410660.6342187386	-432756.4832266938	-456512.7333503221	-482246.93329660967	-510409.3341394777	-541681.832913395	-577203.35074112	-619196.2035466002	-673590.8816609664	-770437.5969936921	-790806.6802116192	-806121.6758981671	-820426.159553052	-834587.7006661918	-848145.2510416593	-861339.551734577	-873809.3064014813	-887242.8508501621	-899178.0579421152	-909652.5323069775	-920982.9876206035	-933460.1823908549	-943952.7872830323	-956624.4078886785	-963015.7507131085	-971399.715223272	-984368.6030744934
38707.65096013491	38712.270508567424	38721.404636194726	38728.055837150314	38721.0665924055	38685.25500685504	38601.72770051684	38448.048835761794	38198.96834678261	37827.20890914111	37304.64578375154	36604.08888921882	35701.88765792308	34581.201253224855	33236.15113691623	31676.312551286435	29928.632072231616	28034.921125561683	26040.49488543679	23974.465680841	21835.657614460702	19605.949494909066	17272.53287445575	14828.313210265514	12268.163778833317	9587.862417221142	6783.5714783240255	3851.5782805327617	788.5764803266793	-2409.0059821892646	-5744.751176168065	-9222.314494433565	-12842.075074962413	-16618.098279692582	-20544.31915292816	-24628.38889011249	-28874.7722249839	-33288.15723394105	-37873.46433745831	-42635.87863409151	-47580.854695900955	-52713.66838707059	-58041.29890199355	-63569.71833704825	-69305.71770035685	-75257.12340146938	-81430.25691581733	-87833.81622537877	-94476.37774496971	-101367.06691368905	-108515.60606513527	-115932.37762153646	-123628.48244827453	-131615.79805486108	-139907.0887148141	-148516.05054951186	-157457.54473975467	-166747.5772233509	-176403.3997250131	-186443.9765296716	-196889.86370172654	-207763.6080124498	-219090.00468440139	-230896.42768993112	-243214.96219630435	-256074.49971927115	-269518.1435828189	-283587.4151698528	-298330.91638853657	-313805.3904038083	-330076.1148339664	-347219.7761905839	-365327.59100006975	-384509.7262690505	-404901.633181086	-426673.71373360825	-450046.1929825563	-475313.66640539933	-502888.4496635755	-533383.5811837078	-567794.1596251742	-607972.517645038	-658374.7293799866	-742599.4849148819	-787347.2997172081	-802963.0658554538	-817612.8312511841	-831660.5791529886	-844760.0228019435	-858557.0384380172	-870930.1302257646	-883259.99226552	-896068.6756722095	-908858.9531470812	-919370.355141231	-930609.3731490577	-940559.057818072	-950923.1355505887	-961917.3480212431	-971532.9376716658	-981181.9165505725
40524.78924194632	40528.71759145215	40536.37835421511	40541.51326515658	40534.15862525129	40500.74536978043	40424.20909768569	40284.48911616558	40058.49867761922	39721.27818282288	39246.552856821065	38607.98056850565	37781.08630732465	36745.72000929596	35489.303647014895	34010.63132537078	32323.272483929155	30457.09479895077	28453.870272355387	26355.616980934552	24186.553498912806	21942.7436880916	19605.9513335418	17164.011586012784	14609.879607240422	11938.457960735432	9145.2125565428	6226.373395173985	3178.1366012962244	-3.1207175852614455	-3321.090777763733	-6779.47876751062	-10382.0895233568	-14132.885695534773	-18035.956410597093	-22095.539823336236	-26316.126008884996	-30702.358159595984	-35259.13930797044	-39991.609146073795	-44905.1915949159	-50005.048071978235	-55298.22154460341	-60790.577109430335	-66488.80063306153	-72400.77917671145	-78532.54028469039	-84892.77967150189	-91489.97335081821	-98333.0997322438	-105431.81307746324	-112796.32134453437	-120437.56396333585	-128367.2609914646	-136597.95998064702	-145143.8409024708	-154018.2242293934	-163237.42338734935	-172817.47669305047	-182778.73485489644	-193140.52612864907	-203924.92282215552	-215156.17746532575	-226861.0469973312	-239069.18945295108	-251813.71350709803	-265131.4674604155	-279064.47861332004	-293660.1841987682	-308973.05698541226	-325066.13020091096	-342013.15586717	-359901.5350448163	-378836.3146797366	-398946.1171216882	-420391.6944938948	-443379.22389340453	-468181.9018137981	-495177.0233717185	-524916.4960234537	-558271.9097805559	-596793.9427164085	-643932.6119053623	-712464.2196175533	-783498.4704231779	-799634.7048438168	-814256.219182531	-828243.1156488876	-841694.8078544169	-855690.2835496132	-868643.8502947588	-880838.2486982051	-893120.6905448658	-904156.6103104284	-916156.7343980802	-927986.0633292352	-938211.09911304	-949064.7316248073	-960718.5077664653	-969121.8373651294	-979768.4529999129
42419.702484523536	42422.91529858557	42428.915660111525	42432.31993929351	42423.972429218324	42391.75072276914	42320.36702679492	42191.597419125595	41984.66588500376	41676.73104073931	41243.15949449663	40659.122259690535	39900.25297390235	38944.907297182865	37776.26268322824	36385.70198245133	34776.07885915611	32964.526222119035	30982.692538230556	28871.83652883547	26670.56918912333	24398.729550136755	22049.820995035043	19605.95480250397	17055.44854671118	14391.331811883181	11608.325147250027	8702.018079159141	5668.294265627133	2503.3257589471905	-796.7222504717938	-4235.661431739893	-7817.366734506504	-11545.823383774667	-15425.137020101305	-19459.583170053185	-23653.618647563257	-28011.877954309282	-32539.235301232926	-37240.8141634114	-42121.982788349094	-47187.80230657183	-52445.3700492137	-57900.42592470761	-63559.61009679621	-69429.94140256254	-75520.17614620441	-81835.66128933494	-88385.9999286597	-95180.04136016485	-102227.3100232032	-109537.06493062398	-117121.77967572736	-124991.93672455044	-133160.03374890186	-141639.39064700014	-150444.30832457385	-159590.21526576712	-169093.83726728114	-178973.32493753493	-189248.4468077693	-199940.7923294797	-211074.1367107929	-222674.53911526967	-234770.88658951427	-247395.44977044477	-260584.20225216215	-274377.70630626316	-288821.97827948205	-303969.637084872	-319881.4219609711	-336628.17451674223	-354293.5438718351	-372977.69377258036	-392802.57228307915	-413919.7378161691	-436522.12259267154	-460862.98029342503	-487287.8529423829	-516293.2234385074	-548645.3577518844	-585659.0821320021	-630037.8235190588	-689920.6636415902	-778777.5096795561	-796027.4138929048	-810902.4693951466	-824761.9211990181	-838664.1690118402	-852369.7679130349	-865295.1440735013	-878332.6925760261	-890337.2994264668	-902561.3879644816	-913641.1367503838	-926017.4183870225	-935261.0087670472	-947731.7596428902	-955932.8162996501	-962098.4735290497	-976542.10831197
44391.49879141964	44393.95565264072	44398.33997984741	44399.60151002418	44389.72481666957	44357.737410130285	44289.86231983061	44169.6624881249	43978.27075140937	43694.74213340747	43296.505903080724	42760.08523808522	42061.972686125155	41179.971916627575	40095.099760800826	38794.025893616825	37271.2317166839	35533.53448745048	33600.745385068294	31505.884015009666	29288.97849036548	26985.4027565398	24611.219506297566	22156.882526574635	19605.958389339452	16946.855759839047	14172.605425432906	11277.926366583517	8258.226261876756	5109.287267343869	1827.1327540436905	-1592.2161424660444	-5152.723285797809	-8858.43382185667	-12713.499504024643	-16722.21207800026	-20888.99581889539	-25218.534995871363	-29715.65198469223	-34385.49406725685	-39233.291175056554	-44264.70067566281	-49486.00023661018	-54901.86908736266	-60520.83062407636	-66349.07226346305	-72393.36066307567	-78662.53966733365	-85164.372355533	-91907.60460677228	-98902.97822403847	-106157.76650523322	-113683.874251128	-121492.66152983566	-129596.27671608387	-138007.78809911569	-146741.22416980925	-155811.80048771953	-165235.8688178255	-175031.2353380733	-185217.25557378464	-195815.06539747573	-206847.8120094624	-218340.99393221148	-230322.79233458813	-242824.51853844407	-255881.15618054138	-269532.03554537566	-283821.67932090716	-298800.8941423532	-314528.1435677973	-331071.436190504	-348510.7636648596	-366941.5320176357	-386479.3585243012	-407266.99497203296	-429484.9116351451	-453367.5566964373	-479232.1097861581	-507525.3242828625	-538922.5319735501	-574542.2967327454	-616547.9726504125	-670548.484310894	-769733.9019268723	-792270.900266039	-807480.1430421057	-821602.2628522384	-835392.5748445923	-848759.4955383914	-861799.8305567387	-873915.3528269323	-887011.6186155463	-898972.5204620638	-909948.8864372072	-922046.2733735755	-932799.008895479	-943375.156676308	-955152.7474486931	-964183.9680304833	-974240.0782826764
46439.18331297535	46440.88112525457	46443.47543867417	46442.45561513357	46430.57734975644	46397.99145251513	46332.24610007082	46218.4685422864	46039.61182486066	45776.411081656566	45408.22860029178	44913.113910956075	44268.70366859633	43453.06363158119	42446.1922907177	41231.72281530807	39799.16305489075	38146.67689442436	36283.74871463135	34232.63000353497	32027.008593297665	29705.355301059273	27300.03518585205	24823.126046085148	22263.900335858954	19605.962102990386	16838.2151342211	13953.759901260186	10947.194684102593	7813.815041219976	4549.333395067471	1149.5643926417542	-2389.588969417833	-6072.264209494388	-9902.669194740738	-13885.115463718423	-18024.08767975759	-22324.205896393978	-26790.31374815764	-31427.47613696054	-36241.42408970781	-41236.91748883073	-46419.69233711714	-51796.740517199505	-57374.43931979369	-63159.333766687225	-69158.80022951137	-75380.51807106391	-81832.6382995494	-88523.81369681947	-95463.2518502626	-102660.73698753194	-110126.66102687208	-117870.45434098595	-125907.63890149855	-134249.2859414657	-142909.23014858947	-151902.27420411387	-161244.52906594842	-170953.41624217367	-181047.87374891376	-191548.55948345893	-202478.0885455812	-213861.3190279089	-225729.31472549587	-238105.48654286552	-251027.21892999712	-264532.6216815534	-278664.7475281288	-293472.60930477036	-309012.45443123346	-325349.5153419325	-342560.25550961995	-360735.4914509653	-379984.7229470863	-400442.40573747794	-422277.1911959922	-445706.73778249614	-471020.8930334706	-498623.5168607003	-529110.7425051668	-563440.9191447275	-603367.5537536254	-652956.1526902926	-730396.1585162946	-788090.7734760579	-803592.8035862767	-818005.5993541427	-831753.9027238578	-845227.0780894352	-858585.7365865321	-870642.0356785341	-882953.263870598	-895625.3761749172	-908120.4020307007	-918611.5541389002	-929884.9302614018	-941373.4520660371	-950195.7294788759	-959872.9169812179	-970112.7637439596
48561.77269058923	48562.67274278948	48563.39651471143	48559.87214984822	48545.61499872066	48511.680031193806	48446.86766673267	48337.71433034331	48168.65892051801	47922.353882658164	47579.63653898871	47120.072135674505	46522.78315053407	45766.56075109615	44831.127239596106	43698.60011729236	42355.03975154932	40792.79959069486	39012.948284733495	37027.56442607804	34860.73347207543	32546.31813228246	30121.40729183949	27614.54980854794	25035.053615974757	22370.899559725352	19605.96595031576	16730.229325508175	13734.761776202402	10616.11172400102	7368.828990691662	3988.436610604622	470.640119636053	-3188.838225651445	-6994.277825963509	-10950.05876614309	-15060.681691057936	-19330.777286089884	-23765.20620400482	-28369.51583107232	-33147.94356426466	-38105.89408012746	-43250.519330167095	-48587.12387472775	-54122.22389227929	-59862.53866823221	-65815.38651369864	-71988.30069723757	-78389.28862923715	-85026.97665703768	-91910.29125847205	-99048.94732258335	-106453.2311583476	-114134.13151185683	-122103.40278898407	-130373.64894453197	-138958.41315528998	-147872.28216225805	-157131.00648506967	-166751.6416061633	-176752.7096333658	-187154.392677187	-197978.76047440263	-209250.04415574315	-220994.94525920087	-233243.04995382938	-246027.3275431196	-259384.663404415	-273356.6682995227	-287990.5900299726	-303340.52027724864	-319468.99344158394	-336449.0043861043	-354367.0825975378	-373326.7903435868	-393454.64428026334	-414908.3971193506	-437890.018532105	-462664.80425391067	-489597.7312441941	-519217.1616871618	-552347.589940757	-590429.6140712281	-636515.0933052974	-700620.1517775087	-783337.8814110293	-799720.4539535758	-814255.0104623821	-828267.469172568	-841897.1455130209	-854888.9456758272	-867395.6405005591	-879520.4834871222	-892240.1226204773	-903309.4766629299	-914875.606190995	-927237.3099968898	-937197.0700732641	-947380.2224322296	-960326.4422174494	-967944.5376926463
50758.14655183026	50758.22238828958	50757.009264620414	50750.82899574702	50733.8319563328	50697.94418308606	50633.01285473618	50526.883320354355	50365.395447881085	50132.6790182063	49811.27898212965	49382.389733515556	48826.22783971496	48122.73050608877	47251.96922918406	46195.3936703265	44937.0944792168	43465.42456385901	41775.61182856319	39870.74853446439	37765.61341419735	35485.516685262366	33064.13767990408	30536.81463007268	27926.64512191012	25246.769127917185	22477.83581330825	19606.187534055585	16620.838023796983	13515.63592549981	10284.741337965854	6923.278828842682	3426.6356656479766	-209.63807886463474	-3989.9575796576537	-7918.665654975048	-12000.502259564237	-16240.034108798078	-20642.156657057174	-25212.590425415925	-29954.575459859567	-34875.437075725844	-39980.38060034372	-45275.457345398	-50767.02493287579	-56461.81494097668	-62366.90582106318	-68489.78923069313	-74838.3978146367	-81421.14112640332	-88246.95444239676	-95325.3365372135	-102666.4087539126	-110280.97306721544	-118180.5790140378	-126377.60199148182	-134885.32804423204	-143718.05583977676	-152891.21183918865	-162421.48288682173	-172326.97806119476	-182627.40361200453	-193344.284842233	-204501.22764808242	-216124.19506246073	-228241.95062977297	-240886.43412311666	-254093.37062475138	-267902.92958515993	-282360.6436596672	-297518.5026112932	-313436.41150437883	-330184.04942224466	-347843.70261220273	-366513.42748483585	-386312.3822469532	-407388.0099158511	-429927.1633419745	-454173.6211957573	-480457.5254836853	-509248.1843594811	-541258.8548921545	-577685.7813680427	-620882.6034300949	-677229.2473442636	-776169.1453736746	-795597.3429580219	-810330.3753461068	-824485.2415522963	-837895.7566758909	-851024.1909558977	-863902.8939227762	-876843.2453455221	-888541.5275906423	-900318.6420435201	-913117.1301947798	-923017.5188658591	-933964.67441101	-945084.3741852138	-953986.8137354656	-965957.5710622745
53027.17769282942	53026.415737023715	53023.191571930976	53014.20146732099	52994.150701520346	52955.77256504981	52889.82140450627	52785.3209323106	52629.432417000615	52407.65275392352	52104.024223005785	51701.14613728954	51180.70746680774	50523.660312683394	49710.91804528066	48723.82273468859	47545.4797774582	46161.91259731686	44563.65475027617	42747.96934711125	40720.866635174105	38498.51342933666	36107.29237675349	33580.57118479212	30951.666134265375	28243.070908845366	25458.559364166256	22584.774690329155	19605.97903110161	16512.10733303505	13296.331190703815	9953.006066088157	6477.093504835037	2863.8593019122054	-891.3089148165018	-4792.958049814508	-8845.698578730342	-13054.288777117676	-17423.56757868585	-21959.64759016309	-26664.641434324294	-31547.02483784809	-36611.547514034566	-41864.20674880693	-47311.30373848579	-52959.4749152585	-58815.72720431641	-64887.45236231742	-71182.47795411645	-77709.09294669161	-84476.10827227903	-91492.85051670374	-98769.2867600479	-106316.03417959064	-114144.44076866622	-122266.64387879558	-130695.67681820702	-139445.5502494455	-148531.3669349071	-157969.4487831621	-167777.48771820497	-177974.71918264718	-188582.12814182433	-199623.18449778098	-211121.6840801062	-223106.99000334938	-235609.57986553072	-248664.03351922194	-262309.0625807024	-276588.6194277785	-291552.51889182767	-307258.19214945816	-323772.24783965014	-341172.7723094458	-359552.60291177203	-379023.8452517183	-399724.3459868791	-421827.38100720616	-445556.751916801	-471211.6299280259	-499209.92390696204	-530171.8707801602	-565099.9901509422	-605849.3978766507	-656809.2921925522	-739444.8944722388	-791112.590765385	-806290.2600693901	-820404.9294799855	-834081.9762336238	-847009.9262338564	-860122.4625394383	-873561.3937524287	-885078.7922916601	-896982.0340740761	-907673.8295311931	-919209.2227914084	-930874.5562876635	-940744.4969835741	-953676.7750755742	-961677.0061929862
55367.642371291295	55366.02071289257	55360.738863039835	55348.83328795732	55325.51547495367	55284.05073924075	55216.339462727665	55112.30744067314	54960.25091134127	54747.00594244411	54457.94881668211	54077.06755821084	53587.38748239175	52971.143392085054	52210.02427728552	51285.87400024054	50181.455514795874	48881.390033728225	47373.43590260238	45650.21341251244	43711.03727765502	41564.02642039175	39226.83002125819	36726.482889348714	34095.83345242116	31366.132581143713	28557.126757420978	25670.23764422316	22691.725120796284	19605.983209984843	16403.343901193177	13076.91406405464	9620.973534508055	6030.3474360105465	2300.1711907526333	-1585.3893315288005	-5597.787575509734	-9775.102928368433	-14111.125306603135	-18611.019033374236	-23279.823208059737	-28123.06019471347	-33146.41934152879	-38355.8374524074	-43757.56620841398	-49358.169968472735	-55164.574289724726	-61184.07711989805	-67424.39637264566	-73893.70467049428	-80600.6684436354	-87554.48747333934	-94764.94740026543	-102242.48394438665	-109998.23569437987	-118044.11851956055	-126392.90512705757	-135058.3192368377	-144055.34220988053	-153399.32722055513	-163108.18293926277	-173200.42710518243	-183696.53225209372	-194618.8617392314	-205991.9741803503	-217842.93245736812	-230201.73922098067	-243101.8029409384	-256580.55405529012	-270680.1570676008	-285448.64957068407	-300940.89429190155	-317220.4317056667	-334361.4434815368	-352451.84005166835	-371597.0757786748	-391926.05536481395	-413599.4975730723	-436822.84628998255	-461868.02899265033	-489108.0694238383	-519084.583592613	-552645.5813868796	-591278.6455999332	-638159.2783259306	-703930.3773663504	-785962.9575621234	-801996.1634163611	-816332.3092120923	-829798.3969161151	-843036.0433553425	-856586.7287727995	-869475.7675755587	-881977.0572585333	-893224.7885042734	-904876.8906493171	-917567.1100190115	-927098.4950286922	-937657.6078174481	-947502.8901330598	-958645.4255951066
57778.27757452483	57775.786029258	57768.40423851239	57753.47073881718	57726.524177669744	57681.79037609549	57611.578987716835	57506.91608469856	57357.1897623773	57150.34338708974	56872.9927944565	56510.6356786172	56047.43218881727	55466.645027744766	54751.33364706283	53883.66583269116	52846.786446216385	51624.6386393642	50203.26648846186	48572.08294087449	46725.74581248122	44665.338535441	42400.74240527201	39950.958166681216	37343.351499417244	34610.04936927485	31780.225951089546	28871.05874199464	25881.902171376918	22798.596105279517	19605.987484234196	16294.555364428787	12857.358727293002	9288.615308481472	5583.013664980826	1735.5738406052988	-2258.627111390262	-6404.482493149757	-10706.946078683308	-15171.220174754068	-19802.33757369721	-24605.817283246448	-29587.318069354646	-34752.75277178778	-40108.28922264377	-45660.460256907565	-51416.0806429068	-57382.37776922068	-63566.94481055712	-69977.85206294229	-76623.63238810794	-83513.33259711409	-90656.51292493741	-98063.53572178667	-105745.28118020686	-113713.43976989051	-121980.551805555	-130560.01148865942	-139466.29906953668	-148715.01043164358	-158323.0164235376	-168308.61934719834	-178691.7437919163	-189494.13581495255	-200739.65374589653	-212454.55741347937	-224667.8457767599	-237411.90202945098	-250722.7916250659	-264641.11590562033	-279212.91751396144	-294490.7625466285	-310535.2174056015	-327416.7795931562	-345218.592552796	-364039.93073976075	-384000.9739431568	-405251.9346302354	-427980.9386302803	-452435.1262416218	-478948.7292681155	-507996.89251578366	-540302.0429717402	-577075.5560858138	-620699.4932369133	-677619.4291189746	-778146.8982187917	-797537.2157416154	-812147.1618734528	-826213.1179257021	-839345.9170573822	-852759.5201669397	-864942.0450634646	-878210.975937692	-889757.0366130531	-901961.001463245	-912183.5690750907	-923295.0173698529	-934939.1955501541	-946214.0738578942	-954951.7962766094
60257.7364956358	60254.3724246053	60244.855505046085	60226.729965115446	60196.12632478711	60147.54773345325	60074.3681602546	59968.15232883078	59819.42441432863	59617.20124110553	59349.21081059272	59002.10090816687	58561.281294658285	58011.28157277294	57336.14542994094	56519.22498511362	55543.372993892044	54393.11645825582	53053.307467370185	51511.42921590952	49758.53954094313	47790.978757289355	45611.716808260404	43231.657104826234	40671.30743812441	37958.18689949092	35123.298787351276	32193.913105092157	29184.85033176368	26092.575374033506	22905.44320636714	19605.99186082692	16185.72000507002	12637.668894861737	8955.931523077452	5135.115517048427	1170.050832945577	-2944.8387763396313	-7213.561686844172	-11641.894912241405	-16234.91870316847	-20997.596250913775	-25936.648215255642	-31057.4185400196	-36366.04552829577	-41868.96392842819	-47572.949278122745	-53485.10294392938	-59612.94598385194	-65964.41425205578	-72547.908721123	-79372.33484592778	-86447.15763234932	-93782.445163809	-101388.94335517118	-109278.07198968963	-117462.1170509303	-125954.23234948877	-134768.5580544662	-143920.33682465774	-153426.02541501942	-163303.46772676427	-173572.0722264707	-184252.93949628843	-195369.3243428775	-206946.64817945316	-219013.02110373531	-231599.59736262768	-244741.30143807782	-258477.1524165147	-272851.3106231635	-287914.0691537369	-303723.2002729045	-320345.69839458156	-337860.1734112038	-356360.0566962222	-375958.1017273995	-396792.8915915835	-419038.53706032096	-442919.75358775223	-468736.56626400526	-496907.618586448	-528052.7921405884	-563171.1482018512	-604100.1257925627	-655137.0020424118	-736150.5389312044	-792648.6348795842	-807606.7803296329	-821622.072854357	-835074.4153696422	-848025.0078121764	-860886.8822159722	-873874.6014969436	-886085.2520214242	-897668.2940991754	-908032.7997076703	-920187.2234526946	-931109.6483226542	-940524.6075579588	-951756.8047651991
62804.63761737179	62800.38718272204	62788.67769938237	62767.33941899875	62732.82112907453	62680.2405347655	62603.47924691807	62495.03579028709	62346.080014715306	62146.75136779138	61885.96312979267	61551.23490597314	61129.07788450048	60606.019200805575	59965.96406352254	59193.734317284674	58273.222880097295	57188.53676509437	55924.51298212041	54467.56403202489	52806.29889616164	50933.33571209903	48846.54297815725	46550.41266810827	44057.19682635185	41388.29492195982	38571.08172693923	35635.65317868185	32607.230558835305	29504.476293554035	26305.01213491184	23012.247546722865	19605.99634576135	16076.835935433366	12417.83910901894	8622.933681661641	4686.629949491791	603.6272454355494	-3631.3227064063103	-8023.537058163958	-12578.153149615624	-17300.67753179284	-22196.799259205625	-27272.329604232946	-32533.381824041717	-37986.3442447859	-43638.33088481639	-49495.523873630096	-55565.75948048569	-61856.85888293953	-68377.09868407354	-75134.7439273404	-82140.0746961381	-89402.49552782453	-96932.52912423387	-104741.4398669973	-112841.19034501814	-121244.68173449521	-129965.7258233963	-139019.1910050047	-148421.19187493133	-158189.06593659514	-168341.74659992591	-178899.78467732389	-189885.64636474417	-201324.04306550138	-213242.17022477463	-225670.16524587316	-238641.5848324736	-252194.0120572875	-266370.0947883694	-281217.3573827143	-296791.1887501774	-313155.2369706989	-330383.87196344876	-348565.0241419003	-367804.03951983573	-388230.1033725592	-410003.4525455053	-433329.0611501719	-458476.91742077866	-485817.32289837673	-515885.6156981641	-549515.1744114371	-588155.2879664425	-634848.0545068153	-699298.8164453187	-786886.6550030789	-803060.6855001114	-817197.423282157	-830552.8684844782	-843625.7242308373	-856984.356339148	-869706.6193870162	-882241.3158815078	-893267.95214593	-905351.4707213955	-917255.7920444135	-927137.7252534904	-938119.0838892248	-947858.7391758931
65417.5153749859	65412.37693479753	65398.49908451403	65373.857693717364	65335.36746516126	65278.42234557809	65197.61856516598	65086.153263224194	64936.14516691117	64738.30642346796	64482.73923984532	64157.90519076762	63751.919029563636	63251.199023682624	62641.90933516259	61909.21725469171	61037.840452440156	60012.714749056504	58818.5649820437	57441.073947089055	55867.69412383014	54088.42918195881	52097.13618439056	49893.011253972305	47482.14412311022	44877.84703651207	42102.09657045864	39182.25693608682	36147.16120465583	33020.191643450875	29811.247915733664	26516.35770610736	23119.04318930932	19606.000944616884	15967.954238403647	12197.874255046976	8292.266305786761	4237.585548499221	36.26566809353244	-4319.6904504423	-8835.811658151826	-13517.395221441897	-18370.154298501293	-23403.791431262216	-28617.11462898247	-34015.22901913826	-39613.65028265488	-45415.09762693627	-51426.88704848755	-57656.729622692365	-64112.7770853375	-70803.64872944582	-77738.48823405048	-84926.99651464782	-92379.50474362637	-100107.0295169336	-108121.33398993296	-116435.00515833421	-125061.57150679606	-134016.04041590274	-143313.12408959965	-152970.22875796544	-163005.76644839178	-173439.69854308013	-184293.31603493437	-195591.61232350307	-207360.37631344667	-219628.71116336214	-232428.95442436886	-245797.24442876183	-259774.21282812062	-274405.89248278795	-289744.7751962067	-305851.34307633224	-322795.95202978875	-340661.4039565403	-359546.50022762816	-379571.02371789067	-400882.9990834447	-423669.6749967735	-448174.634332014	-474726.6435160397	-503790.80056796246	-536069.1535343396	-572726.1086865328	-616008.0074108203	-671728.1032500092	-775195.4638006383	-798137.8272525369	-812519.4092097507	-826148.9513692481	-839448.661419443	-852439.3237661632	-864818.5648642749	-878079.270224588	-889490.7233907287	-901644.366227924	-911581.4446265617	-922869.558884936	-934826.5780275642	-945637.7649049105
68094.84407406552	68088.80447674567	68072.71610307056	68044.76413203521	68002.0568008908	67940.64242939558	67855.47336345137	67740.43239105665	67588.25305896229	67390.76152687104	67138.73315313896	66821.80286669695	66428.82380994059	65947.24716834788	65364.44138951938	64666.68406909438	63839.09505202276	62867.51702286613	61736.96024686779	60433.27946867769	58942.880616576156	57254.13776751744	55357.956083847486	53250.37386911106	50930.98388243546	48407.269630021445	45693.93307915087	42813.05385881683	39791.83555714684	36657.88471969655	33432.753876570714	30124.759011577466	26727.37916709596	23225.67000817918	19606.005663310323	15859.027372548808	11977.751816444506	7956.006974974123	3787.942993668199	-532.0125176535512	-5009.513991333224	-9649.955504802725	-14459.078656078753	-19442.76755391326	-24607.080608518387	-29958.282752964355	-35502.92403659201	-41247.9566293885	-47200.619746237295	-53374.6872702619	-59766.205335342325	-66382.20991492248	-73245.63180580101	-80359.27046518808	-87733.26562782761	-95378.38501009389	-103306.1915077175	-111528.96761673313	-120059.95536400878	-128913.32156875858	-138104.35186777497	-147649.55820904026	-157566.8052294947	-167875.5219354009	-178596.88538390992	-189754.06895763008	-201372.53092803864	-213480.36900934402	-226108.74242040614	-239292.84104041348	-253070.73892517807	-267486.8913083671	-282591.37177524506	-298441.190132958	-315103.80822079966	-332656.75903750036	-351192.60344987287	-370822.82376218785	-391684.1468502746	-413947.9061382341	-437834.4133759008	-463636.59082842444	-491760.73940627347	-522803.579839129	-557715.1688109072	-598208.0129908199	-648127.6024279877	-722609.0625847173	-792746.6938191139	-807958.4786781665	-821639.8521458036	-834980.761318258	-847487.2877604552	-860451.893204664	-873599.4010888975	-885152.0700569241	-896896.3158635633	-907281.5240779391	-919358.9535696479	-930180.761102128	-939943.6509574465
70835.03896487525	70828.12583765888	70809.79392243168	70778.40065356495	70731.4781780052	70665.36050290315	70575.55982197745	70456.45787293863	70301.43407826325	70103.13936235571	69853.03364434052	69542.0007521169	69159.31341668867	68693.84743685184	68134.49745366604	67466.40884482049	66677.73278446269	65754.51857582193	64681.76012204575	63445.89329102214	62033.7410503878	60430.29571018924	58627.35871510231	56616.3925346422	54393.625006180184	51960.962780889706	49326.65985816154	46505.846744807786	43521.386657868396	40399.91217802925	37167.889076894615	33844.99027720324	30437.704300147365	26938.457933438913	23332.370786780244	19606.01050902682	15751.090171851509	11757.517066500324	7622.0528176557855	3337.729443740056	-1101.2011797121668	-5700.578050965356	-10465.924586007939	-15403.218785846635	-20518.53290851906	-25818.164107425313	-31308.57446641772	-36984.92226147148	-42889.414956217806	-48994.4831517713	-55319.76863288443	-61873.57846898935	-68664.75954424823	-75702.6655595004	-82997.2123167428	-90568.1782570479	-98399.3916817829	-106530.326273337	-114964.74045972223	-123716.4905815252	-132800.46993934448	-142232.75882705065	-152030.73995284864	-162213.29139333405	-172800.9454463328	-183816.15747920703	-195283.54403546965	-207230.22739750182	-219686.22390565253	-232684.9311480823	-246263.7207331746	-260464.67982854723	-275335.54327153496	-290930.9080621158	-307313.77530909644	-324557.6348783643	-342749.5336694219	-361992.6815200499	-382413.8410442496	-404170.05192743626	-427460.77257308445	-452548.44668532605	-479789.5296039467	-509695.2637503693	-543051.2584625426	-581196.2009966094	-626837.4986940435	-687800.6773105286	-785713.4466330563	-802865.34127173	-816955.7218246962	-830482.3952035614	-843607.6321985133	-856003.333591763	-868395.4712918025	-880574.8993291142	-892325.8650564092	-903727.4441768015	-916453.6854576431	-925917.7709123353	-936847.9201779957
73636.44657483671	73628.64912774866	73608.08344201223	73573.44179305431	73522.19704751653	73450.88209108467	73356.40056816547	73232.69601010424	73073.69534125892	72874.14141653501	72624.81876762013	72317.71199520348	71943.38799089138	71491.66158354668	70951.12503575635	70309.45291982652	69555.57529911361	68674.96906197857	67654.3345458862	66480.40405389026	65138.86190704488	63617.28046695445	61903.38713259736	59987.79748544683	57863.29894438623	55527.63027017344	52983.48172502754	50240.34063071311	47313.8885149954	44227.26377638921	41006.62823030152	37677.28256602712	34256.94069295151	30750.400096618512	27149.821506340217	23439.04558749142	19606.01549128542	15641.061852268205	11537.140000433865	7287.783966066781	2886.945215625732	-1671.302926590608	-6387.04314099974	-11283.745814894486	-16349.825373934116	-21597.50692847342	-27033.21703933453	-32663.74219635577	-38496.17257426065	-44537.92346122902	-50796.75906067138	-57280.92331034038	-63999.105926675635	-70960.49765665707	-78174.8472791553	-85652.5222796808	-93404.5646788576	-101442.76645684912	-109779.7229040406	-118428.95615221094	-127404.99080889317	-136723.4858861242	-146401.34802471066	-156456.90373111784	-166910.0749934247	-177782.60872305877	-189098.30576741928	-200883.34086833912	-213166.62996264192	-225980.27474024816	-239360.10581843636	-253346.38433895278	-267984.6167448489	-283326.6928018914	-299432.2528166097	-316370.56563681096	-334222.967028499	-353086.2952026363	-373077.59689954924	-394341.0435397029	-417058.09926624526	-441463.8479375802	-467872.71775795333	-496724.96858565847	-528680.8501846152	-564805.5588756226	-607091.7345936911	-660325.9267963113	-749516.0114011376	-797503.6917742381	-811913.5042167514	-825792.4954284087	-838650.3669780365	-851094.9816641951	-863875.4530302138	-875829.7413401955	-887735.8532954771	-899574.7784779447	-911040.2528420774	-921359.1543628463	-933055.0729647207
76497.3496975229	76488.62841505112	76465.91072138498	76427.64490497691	76372.20496059934	76296.03535688216	76196.2651295327	76067.86937162097	75904.97671471517	75702.95965004785	75452.97974274447	75148.20656030196	74780.20313373356	74339.22505091681	73815.04446003716	73196.34797304615	72471.57654562467	71630.2180466424	70656.1715084535	69538.22763172752	68262.52469182902	66816.26186737932	65186.725670767686	63362.91849452164	61335.74935954435	59099.47704765122	56652.71291800407	53998.984576700925	51148.70402608169	48118.27278829375	44930.90560362433	41612.01916906593	38185.78875642337	34668.26090412325	31063.500290071344	27360.73261939206	23545.676719746392	19606.02062308381	15532.02913706268	11316.615883294493	6953.210186821234	2435.5881966938323	-2242.3153439504968	-7086.555338374921	-12103.447205583914	-17298.9149027658	-22679.608314227313	-28252.243674187455	-34023.83257806444	-40001.6901456177	-46193.53590276558	-52607.45628240594	-59251.99221086595	-66136.17581614462	-73269.57595337363	-80662.35427222899	-88325.32681050577	-96270.00804222847	-104508.71296026066	-113054.65307094692	-121921.96660386067	-131125.9005735906	-140682.90199123372	-150624.10945853172	-160928.81420490582	-171658.09855921136	-182821.63895405934	-194444.98672683066	-206555.108837815	-219183.73959833	-232364.95483601122	-246137.24638347374	-260544.01974354312	-275634.587530138	-291465.4390425974	-308101.8931356327	-325620.27737917827	-344110.9495160018	-363682.40514359844	-384467.2111459436	-406630.6324151043	-430384.0563902296	-456006.44329700386	-483880.9542859687	-514562.9401889208	-548919.3607387276	-588464.8083034797	-636402.3384077838	-703148.8708262003	-791223.7007913599	-806876.1431293875	-820643.8145780779	-833975.5252741908	-846944.5663492831	-859079.941287144	-870927.417773644	-882777.3866075082	-894901.4341934617	-905842.5763661943	-916959.5331844897	-928531.6855914784
79415.98502552763	79406.36734026804	79381.38467540061	79339.9136472394	79279.96964223663	79199.06966531462	79093.71974876663	78960.09272719477	78792.66479255876	78586.80373314704	78334.93605624145	78032.33273443347	77668.64547339172	77236.55878749023	76725.95324066088	76127.19684541078	75429.27944609075	74620.20643233981	73688.3350679522	72621.37633875589	71405.83184471252	70028.87696904261	68478.36927436323	66741.64082597633	64808.9397003774	62672.04783619661	60325.65264806379	57769.33737283724	55007.86291768159	52052.16542995913	48919.32891181206	45632.37191313847	42216.19656368351	38693.675244361584	35079.37647148101	31375.230638217676	27571.52346178888	23652.317955275066	19606.02592205383	15422.973193323822	11095.964912906318	6618.309281565613	1983.654300987153	-2814.245034740263	-7781.586318095768	-12924.738164517912	-18250.437683813187	-23764.878978510795	-29475.257234842604	-35388.82781726553	-41513.189396671776	-47856.3256892669	-54426.64200769932	-61233.011825010675	-68285.16789826727	-75592.41623424517	-83165.27858992317	-91015.76094826884	-99155.54054749454	-107597.48778568709	-116355.41408416824	-125444.1373597387	-134879.65714451653	-144679.25702601945	-154861.9016770915	-165447.53829163872	-176458.34541381826	-187919.22736492567	-199856.75891023088	-212300.59408657544	-225283.68633317167	-238842.8531286015	-253019.4956924765	-267860.5063708523	-283419.3858843319	-299757.77133057744	-316947.32989437156	-335072.4548857682	-354233.833959284	-374553.56983543595	-396182.4889963615	-419311.3859711129	-444188.48955541756	-471148.6500310707	-500665.3811711541	-533452.7775730172	-570692.9622011575	-614658.7724568606	-671179.9071011493	-776905.9557507111	-801458.2785440134	-815482.8391002777	-829122.0979030268	-841901.0658726956	-854760.7065432138	-866868.1300632838	-878214.1955919153	-890382.2118836897	-901320.4242647408	-912998.8201370457	-924193.0477413115
82390.50579216672	82380.03092150431	82352.94985605674	82307.9962452369	82243.69864147445	82157.6597401548	82046.71345479472	81907.77518031458	81735.40678610337	81525.3439817235	81271.80989782995	80967.92005059028	80608.13459608454	80182.88514578185	79683.6405208488	79101.20534298492	78425.82522148089	77646.39296225228	76752.2150538692	75730.90361503082	74568.98328620024	73256.58482092142	71778.98827282651	70124.61838936154	68282.31135230199	66241.96257052913	63996.841059795406	61541.984970924444	58878.005853390176	56010.44779193141	52951.048317250286	49717.16469855039	46331.74687631376	42819.132652886154	39200.90820727387	35490.09375023833	31687.43165683956	27782.216895086312	23759.110241297283	19606.032771300073	15313.874188442642	10875.167578896915	6283.093943743617	1531.150444272469	-3387.059021356603	-8477.961978997482	-13748.370220719546	-19204.462896630488	-24853.374433688296	-30702.28024404915	-36758.769190478866	-43030.682325727306	-49526.30058803101	-56254.347647228016	-63224.043811555486	-70445.15553842823	-77928.37846125901	-85684.09707177861	-93724.01532481686	-102061.54311938302	-110709.51279579359	-119682.49859332587	-128995.85310363836	-138666.72453946865	-148713.11603431223	-159154.75636568066	-170013.1499357114	-181311.81841976126	-193076.5999319582	-205335.99776384165	-218121.61656587676	-231468.67683919845	-245416.67426377838	-260010.20301162166	-275299.9705149978	-291344.1571104656	-308210.1046217859	-325976.709581846	-344737.5223993603	-364605.1924399454	-385717.6575054104	-408247.6088665045	-432416.8406496773	-458519.5569110034	-486962.8424239282	-518342.2141005555	-553600.13585486	-594418.8348183157	-644501.320141477	-717434.1514248366	-795387.3640593935	-810331.753231603	-823764.1953914175	-836863.7690835575	-849101.0859689645	-861818.3930334115	-874076.7144073175	-886141.1770305055	-897193.7910157373	-909384.3034431427	-920108.4366370618
85419.01651483394	85407.69802697618	85378.32146455036	85330.07712722113	85261.40306478442	85170.21155358154	85053.45113370355	84908.99342206024	84731.85136165287	84517.28633814453	84260.86164265833	83956.02307825701	83597.75199007036	83179.67998989463	82686.94747672614	82118.6061522525	81463.17522507897	80709.97941262492	79848.21879466617	78867.48669277622	77755.96634146363	76501.0114817856	75090.59088756036	73513.13015367604	71756.68386936358	69809.34288933915	67662.89250390584	65310.685231520256	62749.12526314519	59979.1849368104	57007.1824538037	53845.57099459252	50511.94907931096	47029.15142894513	43420.91516140729	39707.51903801071	35900.44842379469	31999.290021323104	27992.745387402232	23865.716718704585	19606.038936400786	15205.757155272207	10654.236681899463	5947.4667839187605	1077.921373221936	-3961.0041382909985	-9175.943690284039	-14573.599576869805	-20160.92643594122	-25945.022406503762	-31933.35850002346	-38133.717215041455	-44554.255584964034	-51203.5659836299	-58090.70017189867	-65225.237333484634	-72617.32864234131	-80277.64420017379	-88218.22262259736	-96450.57085945428	-104987.75244404929	-113844.53115492786	-123035.67247187492	-132577.48764901113	-142487.58601814834	-152785.07356382092	-163490.73574459285	-174627.2736049235	-186219.57336335443	-198295.03441586212	-210883.9670448529	-224020.07478480763	-237741.04391932697	-252089.29140517052	-267112.90045296843	-282866.8211425601	-299414.37544112734	-316829.3881545076	-335198.8974414413	-354626.95602890267	-375240.020138368	-397194.8086008681	-420690.1902320798	-445986.07525226276	-473434.9767574124	-503538.919894421	-537062.7394540652	-575292.143816552	-620763.9937992401	-680377.644378763	-786075.2810486079	-804792.8191505614	-818557.1473682027	-831533.7795947688	-844582.3072301884	-856863.5166125362	-869238.1232717672	-881591.2897066638	-892607.7603398027	-905030.1983992707	-915186.658112395
88499.56520112227	88487.38321579268	88455.83067755408	88404.43528612166	88331.1906370328	88235.11758992678	88112.78414804555	87961.87777634611	87778.89503351695	87560.27163915297	87299.96961025565	86993.53376561688	86634.15705482016	86218.41070912997	85735.491832302	85178.40330221015	84539.48074724303	83808.72370775578	82976.36263172497	82034.05867337823	80965.25756167887	79763.78650971627	78415.40493592422	76908.55895758467	75231.86402850936	73373.01104775279	71322.66689927739	69072.02877559555	66614.17403749717	63947.433487650414	61073.1496657792	57998.32451859242	54735.98221686242	51303.94087742017	47724.809708889225	44021.647400382455	40213.433186959635	36310.451489084415	32310.925635834632	28203.193018900987	23972.250665232	19606.047175812564	15095.546883433737	10433.098445590382	5611.618381583568	624.2618497312651	-4535.679268483829	-9875.025272047787	-15400.69269245505	-21119.824938542384	-27039.817826552375	-33168.36516177899	-39513.52370205254	-46083.750314426376	-52887.94351769978	-59935.504802474316	-67236.38078442338	-74801.12187608812	-82640.95824443392	-90767.84734183716	-99194.89217683004	-107935.14977472578	-117003.29181319365	-126415.81049274417	-136189.45977332396	-146342.73013580556	-156895.71974213253	-167870.33515063964	-179290.54995505052	-191182.70283177478	-203575.86963362008	-216502.3023882552	-229997.97168333363	-244103.24723979854	-258863.7285679017	-274331.3872085295	-290565.7519516727	-307635.9891762292	-325623.2039461812	-344623.62142186565	-364753.40513743355	-386155.1620558759	-409007.86782960396	-433542.1547630407	-460065.25241958164	-489004.6729930204	-520990.4101931093	-557030.4055102251	-598955.0875909743	-650929.6094132297	-730096.1556973818	-798718.302200179	-813123.9354576941	-826333.0373320591	-839311.6635961343	-852047.7239285307	-864044.9729339858	-875742.6751517731	-887666.7621412636	-899670.4230220335	-909989.7146291219
91630.13612899513	91617.13824368262	91583.59851561577	91528.77352376649	91451.4827533431	91350.10641799436	91222.33232275432	91065.45801086052	90877.36451976138	90652.5498849526	90388.12851932892	90079.28290653927	89720.17727769283	89305.49940276222	88829.7245302338	88280.52166941663	87655.64377069172	86945.0154628639	86138.10039137691	85225.83159295336	84199.00397162083	83045.77856422812	81753.12134787058	80312.42409768183	78709.97223467799	76934.76406443237	74975.76819540786	72823.23925908268	70469.22328561635	67907.87294061678	65137.29880391715	62160.24368346484	58984.16707152428	55622.43565640604	52093.19136382546	48418.69757430456	44621.25161577962	40718.71714527064	36720.002950554655	32622.32327230934	28413.602913708528	24078.781106418784	19606.04932731959	14986.343965681925	10211.881438126584	5275.425619349524	169.34802252677036	-5111.274207852432	-10575.447812453553	-16229.646063153778	-22081.232320727868	-28137.84411037658	-34407.44102266099	-40898.36667060712	-47619.36708785815	-54579.676502028306	-61789.04535523537	-69257.80521079313	-76996.92680570396	-85018.07952962467	-93333.74050188888	-101957.22989283982	-110903.14434316562	-120186.25412758769	-129823.07780980907	-139832.18019516824	-150232.67037742212	-161045.68756837887	-172294.33023522672	-184003.91524564143	-196202.35098285787	-208920.50046360132	-222192.71045774076	-236057.41162908485	-250557.8840488454	-265743.24635008175	-281669.5996324067	-298401.77014910727	-316015.37274228694	-334599.6175918099	-354261.337478638	-375130.7173601504	-397369.29907177645	-421182.7029571503	-446840.3024247247	-474709.26873594814	-505315.0038206491	-539464.9633167591	-578530.7416972164	-625274.7443047115	-687575.9501648417	-790517.1907469471	-807552.540703132	-821106.2796975923	-834076.9135696543	-846339.8720383664	-858787.9068422577	-870630.9210418668	-882346.010952791	-894233.4294834416	-905031.1369584131
94808.6653731128	94794.84887991296	94759.18862900216	94701.22955464103	94619.7099936451	94513.10582278353	94379.87459455189	94216.36331996831	94023.01544797108	93793.10386897513	93523.5563618075	93211.53937550755	92850.87697157064	92436.5023887972	91963.72536144662	91423.63453414736	90810.46057182219	90116.17449143436	89332.01221489898	88449.24952231746	87457.61928228111	86347.11120637154	85107.04834308567	83726.03164103089	82192.59964378021	80494.82621780169	78622.53882869417	76564.13078890949	74310.95902580669	71855.1332926819	69191.7826852733	66319.13105109555	63240.849680558604	59964.85387756572	56505.198641519804	52879.78276633797	49110.92546554317	45219.813812413835	41223.36469818384	37129.1387085616	32933.454253855656	28623.835812455683	24185.248659130928	19606.0596744442	14877.115119402282	9990.529635943647	4938.959612180479	-285.4883838270034	-5687.762517944211	-11277.193955821625	-17060.457898602297	-23045.118310784455	-29239.075812941912	-35650.5619036016	-42288.20177732507	-49161.07057062653	-56278.72390233626	-63651.28242557481	-71289.4768135768	-79204.69874911077	-87409.1180423011	-95915.7046678841	-104738.35713215036	-113892.27758463396	-123392.98158815468	-133257.7756197643	-143506.04227569688	-154157.88928485254	-165235.58904345136	-176763.47057389765	-188768.31205925922	-201279.6734618168	-214330.35582597996	-227956.95971978363	-242200.57904725237	-257107.69702499756	-272731.17365582316	-289131.84924775246	-306380.31907405093	-324559.3826850712	-343767.541357017	-364123.8454655445	-385774.5790174906	-408903.80823341245	-433749.1539868824	-460628.26131748874	-489984.66758444044	-522475.43328455486	-559160.4530443535	-601987.626425524	-655498.9299926348	-740253.5984335827	-801410.6181904172	-815598.6947265815	-828891.3253975953	-841340.5329062634	-853337.9992475328	-865728.49746866	-878307.6377331165	-889259.8261448216	-900411.0472976618
98033.02741080498	98018.41399825204	97980.80165893986	97919.48738402149	97833.8008193799	97722.29257828704	97583.41647460147	97414.37909918293	97214.38022046261	96979.0074862462	96704.73950598142	96388.35174259315	96025.47691227632	95611.56151615256	95142.36909712557	94607.075108356	94003.53776132975	93322.88432476766	92559.17428732045	91701.34735971013	90741.45035679748	89670.41025836929	88476.16848137774	87150.87262300588	85680.6227421038	84055.45770001551	82264.34347061985	80295.67314459434	78139.62556596969	75786.76281123646	73230.5471476081	70466.28880618283	67493.2791546675	64315.24887255246	60940.81380939044	57384.47218789064	53663.959912046004	49801.42694365539	45817.44062724587	41727.343546389864	37537.86775740511	33244.340339855175	28833.89583547067	24291.693349472218	19606.06597166852	14767.852269258583	9769.04268435028	4602.162458164792	-740.8927629798127	-6265.1679288035375	-11980.29291955044	-17893.134376498114	-24011.48741420865	-30343.52007736193	-36897.73735706665	-43683.062296951655	-50708.88397770506	-57985.131373645854	-65522.27993237419	-73331.47678584099	-81424.5719936784	-89814.21150829922	-98513.89893475728	-107538.15395605209	-116902.5457007041	-126624.14017246652	-136720.57353461062	-147211.50815085863	-158118.9659557814	-169466.0907593033	-181278.57947898266	-193584.73541634623	-206415.9018614922	-219806.9529174043	-233796.95729303116	-248429.8288736989	-263755.5193207167	-279831.1463040188	-296722.65785812266	-314507.10848537285	-333275.46029493085	-353136.7769597058	-374223.94929053757	-396702.37009191746	-420782.6278487004	-446742.35406536516	-474958.13289990043	-505973.84074966016	-540626.8188629077	-580354.162010116	-628083.8913208677	-692442.9528180889	-793491.5699586144	-809777.1338783887	-823148.5409693874	-835814.1927550959	-848591.2804649668	-860625.7495655597	-872437.2159797896	-884112.6272365705	-896002.4260270265
101301.0477375742	101285.59862116905	101246.0640271928	101181.69104416843	101091.9673854764	100975.45495378113	100831.08777714448	100656.282945997	100450.62347021559	100208.82251717048	99929.19485788842	99608.54579981479	99243.36237689584	98827.68558759529	98357.654873266	97830.1130404544	97233.71788085732	96565.5288253771	95817.91683465305	94982.72485145053	94051.43708216316	93014.21615954794	91863.6871384604	90587.72387441379	89175.67088612691	87617.80233814307	85902.69570823445	84018.58151251523	81954.35684706537	79701.69856341153	77250.71892637952	74595.61492565424	71731.99860760613	68659.98503278676	65383.75280658282	61912.17471173618	58260.20297387989	54445.75951085624	50490.45809736909	46413.91567066428	42230.73252656849	37946.234624053555	33555.07725796857	29043.89565910712	24398.082476849566	19606.072369985428	14658.558946319215	9547.394848605269	4265.051106806961	-1196.8711775328848	-6843.487426050415	-12684.732423486304	-18727.651701137278	-24980.344847638044	-31451.188579568756	-38148.98370059166	-45082.96793532849	-52262.8474490263	-59698.9329017791	-67402.0801589978	-75383.86145094826	-83656.59850609288	-92233.42704388773	-101124.82237927508	-110356.79366736801	-119934.70606563281	-129880.004554549	-140211.23030896904	-150949.01556990168	-162116.4324771471	-173738.55412280862	-185841.17252266745	-198454.90390071337	-211613.08823463006	-225352.02477470675	-239714.62552731042	-254747.56420724804	-270504.4564603998	-287047.00777159515	-304446.97698210564	-322788.49857223296	-342171.7887667562	-362717.9147913846	-384575.9992465362	-407933.7253859291	-433033.7895397234	-460201.0419682142	-489890.48739122483	-522777.928926368	-559957.7385501196	-603455.9695006048	-658061.7907939442	-746761.7478850544	-803488.3733448138	-817356.4424028109	-830274.2772864142	-842896.3526679708	-855614.8991397391	-867400.2298584102	-878416.936503098	-890580.815247348
104610.50093269287	104594.31097968505	104552.59562869696	104485.41894420038	104391.93211980932	104270.95931087059	104120.43597809713	103939.96461085847	103727.30326792553	103480.3988396207	103195.619363963	102869.82417210439	102501.53712194087	102084.6696880389	101614.95898078242	101089.02870161665	100499.32001422752	99841.75551524761	99108.8909070537	98292.92859347511	97386.70410808548	96381.1714672973	95268.2231838696	94037.38053502026	92679.20626050016	91182.72713703544	89537.82408888597	87732.63269291745	85756.75673217294	83599.39573695266	81250.78165876324	78703.27131899011	75950.72510769095	72989.37206370092	69819.58739474503	66446.48392464593	62879.08502321705	59132.72209048187	55225.266132388424	51177.84881372629	47009.465928338075	42733.498587774986	38354.213050472055	33865.463905981145	29253.781906908756	24504.459684141126	19606.079011143418	14549.221481269982	9325.638335900207	3927.6271721260564	-1653.4267952880182	-7422.719222675019	-13390.514506023377	-19564.055925948633	-25951.69537799788	-32562.076071053976	-39404.29948022656	-46487.927815706294	-53822.9963512407	-61420.17228466022	-69290.73362437956	-77446.70426932181	-85900.85970132885	-94666.9182998687	-103759.53223874449	-113194.46789126727	-122988.92639801983	-133160.86885179777	-143730.42092413886	-154719.26950271334	-166150.86079955712	-178051.6884202523	-190450.1378522439	-203377.96158135578	-216870.35873927822	-230966.87675163843	-245712.03472813184	-261156.3715408689	-277357.68492857576	-294382.9019175993	-312309.99379715405	-331231.2144046882	-351257.1766752196	-372522.7544862932	-395195.9354901067	-419490.7434543008	-445688.79615507694	-474174.9962027882	-505503.60105815565	-540531.2604795183	-580730.5629871879	-629121.7018044593	-694724.7121085909	-795549.9631043914	-811518.4484038171	-824728.9166910078	-837563.4609456975	-849990.8526405281	-861826.6771193186	-874333.8213857592	-885841.1069464601
107959.11995126483	107942.18308206051	107898.77455895788	107828.58751283877	107730.97193123185	107605.0814536555	107449.68779130983	107263.85155539706	107044.02659600414	106791.6031224622	106501.20287882115	106170.92183285406	105798.26262214189	105378.93540187518	104908.83053792332	104383.79739575618	103800.77954297964	103151.19548541738	102429.9111182458	101630.70972187875	100747.69712002804	99770.34742147569	98691.34474713777	97502.15210305544	96191.83885299218	94752.66754123449	93172.20282966107	91440.59438664612	89546.29957791188	87480.02107391192	85229.8297289605	82788.2395979535	80145.32563187863	77296.00128247653	74238.28103430965	70972.40011423659	67503.67996577258	63841.726302584546	60002.05224793403	56002.53671416819	51863.77286231749	47602.114744590566	43235.56475209148	38761.71567011897	34175.62703865889	29463.58824627538	24610.81131333302	19606.085946144012	14439.841177926486	9103.742110751045	3589.84214634166	-2108.5362902787747	-8001.4029317596	-14097.640278324485	-20402.348464811424	-26925.545555091638	-33676.20420561917	-40663.72092354298	-47897.949377178564	-55389.32789948693	-63148.873510993726	-71188.3034822201	-79520.13756324828	-88157.57019150496	-97114.773870504	-106407.22825757763	-116051.36178467498	-126065.0047366384	-136467.03778193094	-147278.51796233928	-158522.22677937057	-170222.8373497646	-182408.25902605068	-195108.4099758317	-208356.920164141	-222191.26865324914	-236653.54954070016	-251791.36995650944	-267658.9330717158	-284318.7392727927	-301843.1795495853	-320317.35321312095	-339842.5604302761	-360541.23927153996	-382564.242779318	-406101.5118029235	-431398.66410438635	-458784.8091788285	-488720.71150479466	-521891.66233388113	-559408.3665045886	-603329.4451690477	-658533.124097181	-748656.1285076317	-805086.2599035634	-818887.3354158978	-831471.5021439553	-844128.124334311	-856544.5468636792	-868058.9579343428	-879388.7107344785
111344.5889500441	111326.86942580121	111281.90020978011	111208.87480632507	111107.49741589323	110977.03604284192	110816.39187939945	110624.61044998243	110398.95203266428	110140.57023990303	109844.72927544556	109509.0075569507	109131.87566427547	108709.93806602694	108239.35318621644	107715.30856079012	107135.2832155592	106492.20034920194	105781.8928146674	104997.3706458706	104133.21425101484	103180.60653144176	102132.18920884827	100980.28033543781	99715.05991386887	98328.12993279935	96807.00783359108	95143.12533678829	93326.3000469049	91345.21481773279	89188.56316360054	86847.4517913019	84312.36428665684	81576.06329683115	78632.41213009284	75479.39246351337	72118.95319741503	68555.45273868792	64800.30541403493	60868.36384009449	56777.626122659334	52548.1979351308	48197.59135252418	43737.01086703269	39168.86007416685	34485.5302410592	29673.237480238895	24717.131482524128	19606.093062510452	14330.437729896395	8881.71034497986	3251.787670924241	-2567.3680276855594	-8583.910946646152	-14806.09961416194	-21242.48385011201	-27901.88249272789	-34793.555523690506	-41927.215396704385	-49313.0500884403	-56961.85028733924	-64885.04935214267	-73094.79259566456	-81604.09796172247	-90426.62413887473	-99577.26965555025	-109071.94447653939	-118927.76335003949	-129163.42277035955	-139798.87947830872	-150855.99444685748	-162358.71473624912	-174333.04268143926	-186808.27347010805	-199816.17375726858	-213392.32465297251	-227576.56110440852	-242413.75252703403	-257954.81555910618	-274258.2155329877	-291391.22025502543	-309432.5160238865	-328475.0743463752	-348630.48141992826	-370034.6100027384	-392856.8480826912	-417312.87847452273	-443686.49548757204	-472365.5077510285	-503908.1126377294	-539176.4303388433	-579651.1105459791	-628362.3018139161	-694306.314632616	-796838.0224793446	-812794.1081497419	-825879.6114049413	-838559.2894615903	-850580.2469314595	-862551.6727587797	-874564.3132660975
114764.55732513481	114746.26372577391	114699.44317226508	114623.76422055138	114518.5254488751	114383.62643330816	114218.3987756669	114020.68560315024	113789.72963288188	113525.79833200134	113223.39352551455	112882.5867634241	112500.6144055552	112076.19870113587	111603.24607403278	111079.37540080732	110500.64788184606	109864.47777803842	109162.63364555791	108391.7819736092	107542.95534134944	106612.57357671656	105591.84115129741	104473.66341175808	103248.65366479888	101908.01813794792	100443.34666351177	98843.17901239557	97097.45288763734	95195.75862665237	93128.35688263612	90884.03039447237	88452.48299732056	85825.77206817194	82996.36206432922	79959.40868551395	76712.90597749017	73258.82684804674	69602.11315259719	65754.9174045469	61731.56955651521	57550.585718470946	53231.17109728536	48790.11076825182	44237.800382849935	39575.55676824978	34795.21109588546	29882.699741149932	24823.420141175855	19606.100238126324	14221.005381505005	8659.540795328066	2913.415758228395	-3025.6029875331733	-9165.89776884776	-15515.91860468703	-22084.507251673233	-28880.740334966133	-35914.1904504188	-43194.85225937446	-50733.29075330589	-58540.66158436285	-66628.84173161563	-75010.35883371008	-83698.7343171564	-92708.21692077728	-102054.27619172964	-111753.48604178795	-121823.74593293061	-132284.41635397228	-143156.5402915429	-154463.04182988073	-166229.02512725972	-178482.1628667671	-191252.5513493482	-204574.43092404073	-218485.3753769294	-233027.6480321515	-248249.33012041193	-264204.9263506732	-280957.19241237757	-298578.99407953885	-317155.8995477711	-336789.74588142533	-357603.5612696685	-379748.90448533744	-403416.5085269094	-428852.8059869469	-456387.8478898738	-486483.02491902956	-519823.61130476044	-557517.4604320507	-601609.8364535505	-656903.3028754143	-745751.3018477906	-806139.4107346493	-819859.8065228577	-832375.0459648047	-844962.4462195516	-856995.8705297692	-868541.0439629643
118216.56929275638	118197.62052280299	118149.14993539499	118071.0598117247	117962.32952248762	117823.6029665063	117653.04850435209	117449.52407367741	117213.59226700134	116942.07587531133	116634.93386785695	116289.21283726789	115902.6767200446	115473.6324673034	114999.18302837345	114474.87271347632	113898.37306704711	113265.97713332657	112571.09472250861	111810.06553166281	110977.24219668497	110067.05330969962	109070.31659245276	107981.88391818313	106793.19699378576	105496.89626537522	104081.2613626094	102539.76725241772	100860.46266864626	99033.8086949699	97049.68724135472	94896.26819170071	92564.45773238743	90044.35420817236	87327.20329909009	84406.7083893569	81277.59502315488	77938.87714258318	74392.40320741372	70643.94383296224	66705.61432410189	62592.03821533531	58321.502257744185	53912.72117711778	49381.720045831025	44737.9632628269	39981.82421272775	35104.67435254954	30092.108308142982	24929.669038339314	19606.107079721987	14111.540021115507	8437.275247206562	2574.733611819247	-3484.4311011345417	-9748.785710831347	-16227.131805972895	-22928.411171914137	-29862.125957492564	-37038.08032283251	-44466.62429885671	-52158.6670160591	-60125.78921475951	-68380.19751753999	-76934.97506315925	-85804.05864670256	-95002.43484755355	-104546.0335744876	-114452.1743409416	-124739.52579242626	-135428.32025484066	-146540.57164301822	-158100.3216260182	-170133.9309718297	-182670.43926645815	-195741.9004676795	-209384.23201773764	-223637.27433636237	-238546.32143488753	-254162.44233149115	-270544.1808741087	-287759.13285311405	-305886.24882560456	-325018.7639830896	-345268.4240233669	-366771.4174609708	-389697.2011176272	-414261.416880212	-440747.44599183416	-469541.96736075194	-501200.09453458607	-536576.7375678929	-577132.2989289472	-625827.6863347201	-691243.7345152731	-797325.419884192	-813621.264518673	-826632.630869452	-839231.6963134009	-851112.3543636166	-863043.9570280204
121698.25746519772	121678.7355295227	121628.6775985217	121547.98473103749	121436.14263635073	121293.62235929491	121117.91191816621	120909.05677129258	120667.60968171112	120390.13347304668	120077.43480677897	119726.6602721218	119335.63782362483	118901.98025484229	118425.08270911437	117900.25368834828	117324.35082945591	116693.32586125206	116006.23760413418	115253.80178545692	114434.16943031532	113539.712175493	112566.88691851933	111505.13092526484	110349.50577687181	109092.03418404986	107722.96562594111	106236.69152326102	104617.53575550465	102859.9884003461	100952.99926726396	98886.13709862281	96647.53093961874	94231.78741968921	91624.3299256639	88818.09960295862	85807.39438029661	82587.65882367198	79157.63519920285	75520.17049363196	71681.04408253716	67652.5843130424	63449.74226079331	59090.38017167602	54592.84083632886	49972.33942371476	45237.448156583356	40387.66410325808	35413.82855644793	30301.400024452654	25035.893285968923	19606.114964796056	14002.041647693986	8214.792400140548	2235.7334528222564	-3943.809155862953	-10332.588766687812	-16939.644886965747	-23774.224751352653	-30846.065941454	-38165.24497717005	-45742.54595858295	-53589.23635828818	-61717.20492098847	-70139.1895871665	-78868.71267265227	-87920.2566959213	-97309.33035796485	-107052.61792141513	-117168.17533958738	-127675.35354634537	-138595.35409762705	-149951.21469051304	-161768.15154021606	-174073.85971320566	-186898.91138251137	-200277.1569004202	-214246.46299349272	-228849.48614628392	-244134.1285908707	-260155.08604047057	-276975.25501286413	-294667.49636122177	-313317.44826996385	-333026.924417927	-353918.797696715	-376144.3177103249	-399893.61672465596	-425411.82164584275	-453026.7156328317	-483195.39303765097	-516594.0094677708	-554309.6668638883	-598330.6778695147	-653239.4304448708	-738738.0388935608	-806752.077217083	-820383.7360679413	-832934.3370584828	-845338.7242190187	-857411.5679885488
125207.11842114059	125186.94527863842	125135.45610611579	125052.2687532948	124937.41540953697	124790.52328660956	124611.05379959819	124397.16085106618	124150.314612101	123866.81038928665	123549.18499300016	123192.84998837052	122797.37034778275	122360.15579705866	121879.38366969142	121353.34060553866	120777.71859251351	120148.93274818397	119465.55975493405	118722.06071862369	117913.18810505277	117034.47860593493	116080.04226817594	115043.16692776035	113917.7944679645	112694.9198581326	111369.428463332	109929.74726851762	108368.64662066087	106676.47195122577	104841.93680153422	102855.78002617134	100708.37282453914	98388.17303263892	95885.67057032388	93191.5156341311	90297.85121225275	87198.5933558607	83889.60976716221	80369.57639010227	76642.0124353531	72713.31859938584	68595.94996050483	64304.704044486454	59857.29683723852	55271.62774007078	50562.062871363654	45736.32011709883	40793.09624459455	35722.7354488229	30510.51199810271	25142.218136955402	19606.123054119933	13892.51026330085	7992.212926480512	1896.4173175364267	-4403.76038196194	-10917.331402253767	-17653.494771435275	-24621.899069184496	-31832.48710733556	-39295.73322437378	-47022.676822556125	-55024.975490743585	-63314.96756762639	-71905.85092091415	-80811.64444345259	-90047.3728844925	-99629.13477952813	-109574.28429717885	-119901.7027015487	-130631.45390392834	-141785.8034867709	-153388.83633352217	-165466.97177272494	-178049.3591392815	-191168.06953167781	-204859.1465560348	-219162.555640576	-234123.34676427778	-249792.85007172317	-266229.53272894793	-283500.9248533917	-301685.8245559794	-320877.24179059314	-341186.54363803216	-362749.22457429394	-385733.81449017744	-410354.1904276679	-436890.85384653765	-465725.49330355076	-497403.8313959264	-532761.4341045867	-573213.4909573442	-621583.0280484993	-685739.7740185515	-796732.0623315681	-814029.5802397311	-826996.2250217623	-839459.9550107744	-851588.4425749807
128740.63372960391	128719.94881198977	128666.83499678697	128581.66244467547	128463.67785993245	128312.98980845549	128128.92220396239	127910.83621554586	127657.8336488251	127370.37372855227	127047.65004611478	126685.00672886171	126284.81772646657	125843.06071073786	125359.67869218937	124831.8120805714	124255.8899069856	123629.55137506535	122948.78824114622	122212.3677396242	121412.4628083062	120547.2018164021	119609.51016735562	118595.20297115538	117495.44487523712	116306.6088084055	115018.3132395028	113624.95062553248	112116.28348659578	110482.83214828323	108714.9799818902	106806.28675250002	104742.75964254676	102515.09182494399	100112.66143770318	97526.78760731404	94747.44669281313	91767.3757362708	88580.77766387632	85183.25651255867	81574.67003309928	77758.33604230222	73741.24900968742	69535.83207406862	65157.00375921167	60622.26815888073	55948.988979928545	51150.78803394543	46234.507764705224	41198.09903920861	36031.406277137576	30719.59316477584	25248.370079942193	19606.131887632102	13782.94280815014	7769.493873963802	1556.7841371115646	-4864.291421053524	-11502.974000696035	-18368.766878818773	-25471.472916549945	-32821.457602430775	-40429.4858404081	-48306.93618960853	-56465.890517636435	-64919.12195997167	-73680.25141054508	-82763.89592782396	-92185.52009370684	-101962.01744638511	-112111.28659075667	-122652.94617465936	-133608.1818803238	-145000.03720372217	-156853.75913712283	-169197.2573194462	-182060.86064038542	-195478.82875998138	-209488.8340200371	-224133.339207878	-239460.3054226925	-255524.2566661355	-272388.0160551042	-290124.1988441814	-308818.0295428314	-328570.73510669766	-349504.34327824286	-371768.8253512548	-395552.3526477354	-421096.88994123554	-448725.00476688263	-478884.71484407596	-512235.0182740351	-549826.5719561819	-593554.6163640579	-647670.0113185849	-728689.5963592143	-806813.1759124226	-820787.36825514	-833420.6652593138	-845381.3111178211
132296.31122338213	132275.07542199505	132220.8121351608	132133.33680107133	132012.74557264088	131857.91326870144	131670.1567666095	131447.80968200683	131190.17288518767	130897.76795389623	130569.16451190016	130201.96287427598	129797.21280838101	129351.6918886199	128864.08343073554	128333.90560770393	127757.07999362182	127132.0237084956	126454.71915055235	125722.57737106469	124932.28147947583	124078.14176315832	123155.2111950928	122160.1968580971	121086.00182637683	119924.03337963489	118671.48061538034	117319.96567635187	115858.831961319	114281.13299054498	112577.75847971727	110737.47650828736	108752.68285261099	106612.7981034824	104306.10464038307	101825.38255461358	99155.26640641793	96292.16139024025	93227.08155157452	89953.8847669414	86469.26383301662	82773.10809235637	78869.24021533699	74764.84189184119	70472.28131928496	66006.79831027731	61385.33972156703	56624.988090134226	51738.557837743865	46732.043804953835	41602.70610882112	36339.75068926584	30928.507462294598	25354.513140106515	19606.140306930756	13673.345666434063	7546.6502834521525	1216.8416960656177	-5325.388003237254	-12089.537145378767	-19085.33249503933	-26322.96147710888	-33812.993612123246	-41566.57132431737	-49595.45969223711	-57912.090167609334	-66529.72896760952	-75462.46641197061	-84725.38808157423	-94334.66146631446	-104307.7809667699	-114663.38113165699	-125421.80205807742	-136605.34008560563	-148238.0596326728	-160346.18735997996	-172959.24541685783	-186109.19988331897	-199831.8280827772	-214167.123529675	-229160.09029386844	-244861.7358367496	-261330.34110680054	-278633.040438271	-296848.3330780903	-316068.2453641527	-336403.39511944936	-357987.7672072891	-380987.76925416687	-405614.04034975567	-432141.95960251184	-460944.77221955964	-492553.0611859916	-527772.9694227346	-567953.2639316602	-615728.1303644873	-678085.0151365782	-793839.2064024132	-814017.3284942089	-826980.7137817488	-839090.2913305766
135871.5582314813	135849.89358455304	135794.49732598668	135704.96113691464	135581.40230464505	135423.76739742883	135232.40296194522	135005.71343585986	134743.01649719206	134445.6772724461	134111.36923576446	133740.50585985425	133329.72687570864	132880.45374143333	132390.44245994792	131857.97477054456	131279.891090951	130655.10195831498	129980.5512072263	129251.9405341973	128469.17498933134	127624.90921407379	126716.8077324279	125738.72680620442	124686.16051148371	123552.30968814198	122331.56254085545	121014.69492733364	119599.97057664295	118072.40631261357	116426.10227507372	114653.24364716378	112741.65949712282	110683.10862216377	108466.8341284091	106082.15632172099	103520.91779003742	100771.39002661224	97825.70622867614	94682.05478389123	91317.98994472077	87747.61610951065	83965.18415968471	79974.74788712396	75784.05147974481	71405.32752779235	66853.89608852688	62146.50551374862	57299.48694835318	52325.31386022142	47228.938049560005	42006.964567712595	36647.81621840206	31137.3144393868	25460.5957823371	19606.14892854003	13563.71553142782	7323.664071764244	876.6612300303241	-5787.080887224991	-12677.020131879952	-19803.27631496894	-27176.332779714372	-34807.04771885593	-42706.93756809729	-50888.13779531629	-59363.49912729196	-68146.73393383517	-77252.43535912945	-86696.24165355536	-96494.85696310701	-106666.5306779042	-117230.80864352669	-128208.76769495104	-139623.38333650812	-151500.23478625395	-163866.8213285713	-176753.75786591088	-190194.85822453105	-204227.79648555384	-218894.9943076811	-234244.0493046363	-250329.2917867428	-267212.98885257466	-284967.25964052515	-303676.54485924565	-323440.928384878	-344381.09740610863	-366644.74466597696	-390416.875399826	-415934.51219214255	-443512.54637383984	-473585.77715140453	-506789.06706406176	-544123.1755388923	-587365.4082713439	-640364.4357948434	-716535.1580926467	-806308.0273678292	-820483.488359762	-832910.2176903345
139463.78830581257	139441.61426669144	139385.01792398802	139293.65410308176	139168.00071146054	139007.09400600352	138811.7027058386	138581.80882327614	138314.72241070433	138013.01966180798	137673.02262890662	137298.15760107976	136883.88754940397	136430.22743704522	135936.14110425016	135400.64168860854	134821.92041981185	134197.20718326917	133525.53110514398	132800.1064300976	132022.56761990496	131187.78167208604	130291.61242185376	129328.66752505042	128295.63808973384	127186.89581204779	125994.59242645635	124713.88956065397	123337.13312609593	121856.97784335876	120264.96262023362	118553.36326926164	116709.58067091243	114727.58228384738	112597.30164577582	110304.55289998354	107845.18971387405	105204.9725053609	102375.43183026077	99348.32816784958	96115.85049562875	92673.70290065142	89018.70943399372	85150.81551036536	81075.1709587668	76799.08321136695	72335.08052453076	67698.45297977614	62905.78146071956	57972.90796263973	52911.21034187649	47725.16726099883	42410.68132747128	36955.69880303895	31345.995045709307	25566.674568169983	19606.157778198016	13454.054928131605	7100.541093964188	536.0126878050796	-6249.325908496452	-13265.420463423769	-20522.611301475816	-28031.61068047001	-35803.657442465075	-43850.63380397734	-52185.03115657324	-60820.1767152379	-69770.21087339881	-79050.18908371229	-88676.307713561	-98666.35075065237	-109038.755451612	-119813.8965915885	-131013.73293828219	-142662.74336084363	-154787.13388597744	-167415.91766856442	-180581.10345569148	-194318.42581151356	-208667.61979607795	-223673.45361343917	-239386.50037495868	-255864.69335792132	-273174.4365716883	-291393.3074692901	-310612.50095035566	-330940.7989661986	-352510.2528163027	-375484.0905084269	-400068.3542328917	-426531.4330261571	-455234.9980699285	-486689.0147205603	-521664.3495663756	-561425.3484434475	-608385.9149656614	-668596.0240990832	-780038.1471228005	-813553.3547181974	-826578.4153477061
143070.38753347672	143047.83249907382	142990.2997249698	142897.05920297498	142768.99233031634	142605.50053431257	142407.04219137476	142172.85700737586	141900.4267367239	141592.09169668955	141251.89569032582	140872.1263258435	140454.11480403444	139997.47940903227	139499.149710285	138961.08920594782	138381.17472596158	137756.0210330089	137084.58712594607	136363.46243490692	135590.1156206568	134764.31633348833	133878.89747864153	132931.78602741304	131914.64264613835	130827.04824361873	129661.65024191968	128413.3806616386	127072.5940696414	125636.33940702803	124092.94433537248	122436.05896354502	120664.90745067489	118748.74873101483	116696.51555274817	114493.71603679346	112129.58871365586	109593.62011318213	106876.28832854154	103968.65435508758	100860.2058842087	97546.57112504683	94021.22229576472	90282.46222017462	86330.2740311469	82170.32196087687	77809.98640207364	73261.54853672505	68540.57693227314	63663.24683944808	58644.86982565955	53496.144164819445	48220.75448931471	42813.959889680846	37263.37802447443	31554.554660418333	25672.72156820653	19606.166799897008	13344.328520024632	6877.281406463211	195.1252790085564	-6712.155988677725	-13854.744281658845	-21243.289596402232	-28888.787348249054	-36802.83310890128	-44997.64989252016	-53486.1298871552	-62282.09603622224	-71400.1359140331	-80855.79293816444	-90666.08871370979	-100849.00665374193	-111423.87901254807	-122412.48548209592	-133837.24404899636	-145723.6182655369	-158099.0102480534	-170993.91362919082	-184441.95360140578	-198480.7152940696	-213152.14302295074	-228503.57208881457	-244588.74254842062	-261469.41986856982	-279216.7556316701	-297913.996202473	-317659.92304287513	-338572.938893219	-360797.70197116106	-384515.12992163457	-409955.3303941984	-437424.0766635989	-467339.78179086	-500306.7304865484	-537268.2137207139	-579862.2501114651	-631509.6646255254	-702908.5364230545	-805031.231486104	-819926.1597771267
146688.73321267375	146665.8206979029	146606.7872786392	146512.49708906777	146382.72297225328	146216.43285600308	146014.6144938066	145777.2250068404	145500.40336793225	145191.78268736866	144844.58498577555	144674.00954868976	144038.10473972515	143577.11219888832	143076.88118528173	142536.86610319844	141955.1117380283	141329.3091805171	140658.26615286514	139941.45239444572	139172.39034279127	138353.08895855088	137476.52193508862	136540.88505204872	135541.09053387144	134473.1480890287	133331.79141905112	132111.59857780728	130805.81333804154	129408.04711805261	127911.72228412968	126307.8200559195	124588.54985527265	122744.7743748248	120768.03745723386	118648.37797618439	116374.3164933847	113938.17608904387	111328.04581253411	108535.28535791265	105548.46722861282	102361.66969216338	98967.29392589576	95360.61861831733	91539.54024662799	87504.06541124183	83260.72839506087	78816.9112601706	74184.9747222171	69380.29313024139	64419.00303292979	59315.4974641586	54080.11390546014	48715.6304993463	43216.768032419786	37570.750329801755	31762.99314747349	25778.737181799224	19606.176007896836	13234.597888019605	6653.897479743464	-146.07758130182629	-7175.467735503102	-14444.99286045361	-21965.329989320948	-29747.880886707397	-37804.591035286576	-46148.044578827394	-54791.59898664325	-63749.45562286122	-73036.73430433124	-82669.6936166432	-92665.30193622567	-103043.063283041	-113822.94387472514	-125026.98126471497	-136679.17727767897	-148805.79394701368	-161435.89474919747	-174600.9771945199	-188336.57551019662	-202682.10855383007	-217681.99825472874	-233386.32312763756	-249852.24928288232	-267145.48864157824	-285342.3762918456	-304532.25687556027	-324822.6585897268	-346342.4149660802	-369250.51669929177	-393748.3932773685	-420094.3095339341	-448636.54939118156	-479862.4183833422	-514496.69029417646	-553714.2572311864	-599691.5185637807	-657571.7273569905	-751843.9094890304	-812655.6312281182
150316.19000976952	150292.739158287	150233.32821717003	150137.4011464576	150005.4469568503	149836.90219607583	149632.03146738294	149391.49363140672	149113.74790115256	148799.8407119825	148449.43884130623	148059.63252609485	147635.0583399732	147171.06122124667	146667.74586942757	146125.52409816714	145541.01774191536	144914.94192447147	144245.31796158192	143529.54631987936	142765.59944902075	141953.54668109943	141083.01892335096	140158.77996677958	139174.01227553852	138123.87412074715	137004.48394942482	135811.2028891141	134536.8853910021	133175.36376891955	131720.5318619	130165.41044794963	128500.85535522898	126719.77678313179	124812.87659345713	122769.90284969108	120583.07261879503	118240.00381986133	115731.83212594764	113048.82654497556	110180.51810572187	107118.88107011838	103853.11331416416	100379.23445668438	96693.24863355317	92789.22169430077	88671.94952117553	84346.3076717972	79819.88737235148	75105.17258090072	70217.60023813983	65172.68928662466	59984.800809207256	54663.08765942746	49209.83634912237	43618.95339138113	37877.7594168568	31971.358095422096	25884.718468329695	19606.18543054897	13124.834171857772	6430.366597298998	-487.5960851740674	-7639.53071811414	-15036.174047133187	-22688.71552288084	-30608.87559826643	-38808.88717610721	-47301.7769274271	-56101.14665923844	-65221.92092985433	-74679.66301009286	-84491.14082236658	-94674.32217347721	-105248.81097525364	-116235.6445849262	-127657.56294927711	-139539.95891905588	-151910.09704159165	-164798.16369142762	-178237.53092504188	-192265.38026891113	-206923.2672269796	-222258.02165158238	-238322.72314928932	-255178.15894160402	-272894.47259358014	-291553.5241341266	-311252.0063591505	-332106.1345017983	-354256.20475084055	-377878.33370177564	-403195.461844048	-430500.6588969623	-460194.06063640025	-492844.7836930682	-529333.6515542839	-571151.6262701231	-621293.6005821789	-688212.5557065282	-802254.3206963807
153950.12534843193	153926.5004651717	153865.9834372439	153768.91394797253	153635.2011575052	153464.38883708348	153257.76251265517	153013.30128603138	152733.72610175383	152416.12811145704	152060.54162138712	151670.219343655	151240.19837444052	150772.49898481654	150268.69196069142	149722.96903608838	149137.99545795762	148508.75448242854	147842.03837697214	147128.12963750958	146369.47723113254	145558.55917238048	144701.39724999812	143784.78279019214	142813.3921195609	141781.15621025517	140680.61124599705	139510.26271862257	138264.46116670966	136936.76699265547	135519.14612251948	134010.83357965774	132396.94709890356	130674.57884471068	128831.79622451685	126862.06966438738	124754.00130308149	122501.84470792781	120089.91277602669	117512.92256302062	114757.19060026544	111814.22715352791	108676.25810220541	105337.49440780662	101782.35188854934	98015.5901044182	94032.48046345546	89834.59644614093	85427.08890137347	80818.94775207847	76022.3529703673	71052.56884364484	65924.72408855759	60652.80421417754	55245.15971234959	49703.36661434092	44020.85409631647	38184.94950863061	32179.581574540876	25990.671481789148	19606.195017212973	13015.039741794084	6206.699084517022	-829.4526955358742	-8104.08768727383	-15628.269842241367	-23413.509373722773	-31471.64443345688	-39815.62175932876	-48458.691450806626	-57415.062203130685	-66699.87744754087	-76329.2977129991	-86320.77443699003	-96692.93088512227	-107466.00770703243	-118661.92360680387	-130304.56420785701	-142420.00414656015	-155036.87748115184	-168186.78910823097	-181904.7214934214	-196229.7566080094	-211205.60475172743	-226881.88020415232	-243314.45871721685	-260568.88038323855	-278719.25968663476	-297853.72176989634	-318076.637967882	-339513.83880677284	-362319.6912906434	-386688.4209979491	-412869.1166005868	-441193.9836315268	-472124.0281287951	-506336.71552080114	-544909.8816652938	-589782.3207531432	-645272.2026222937	-727734.5964233781
157587.83032281592	157563.99608964327	157502.61192480242	157404.77223020102	157269.55827270745	157096.93291457044	156887.537246385	156641.6045925405	156357.8575806808	156037.4838851131	155677.4454949954	155285.76969251194	154854.18677596792	154383.10965698352	153876.12944849711	153329.01520535583	152742.42050784756	152114.68191613242	151446.2248957196	150735.15280065866	149977.4267020773	149172.7750873995	148321.29557074644	147415.66093914042	146454.96504786125	145436.87887724233	144355.75804393925	143208.0962899748	141987.9048235413	140691.786235879	139312.0345217724	137842.10296752342	136276.93964759004	134607.3195556501	132825.56802607997	130923.66684584683	128892.70447011226	126721.39713079663	124403.23598454213	121929.08813631814	119277.59748831388	116451.87535988071	113435.92893108045	110223.9305871959	106806.1585824109	103176.518603854	99331.57108950039	95269.05351260831	90991.24843807876	86503.16489807662	81814.15607682936	76936.54061661928	71885.17472238751	66675.0439420407	61319.50212978915	55826.2500840844	50196.36938804423	44422.55934516902	38491.262174470496	32387.700885815808	26096.572070417344	19606.204787485476	12905.260917608626	5982.894884315407	-1171.6092068365542	-8569.196698345506	-16221.292922811874	-24139.534863494366	-32336.46852520207	-40825.08570263523	-49619.1536782686	-58733.32789022545	-68183.25332100969	-77985.66134911141	-88158.5471099299	-98721.2845691063	-109694.85977443296	-121102.04987094557	-132967.70482355874	-145319.01462144224	-158185.88307081407	-171601.37055116892	-185602.1979236591	-200229.35564436577	-215529.08933999564	-231553.61812393583	-248362.7089403561	-266025.1216103148	-284621.00175893214	-304244.75045343756	-325009.1712348941	-347051.1881053045	-370540.08371067455	-395691.1356530525	-422783.57105930464	-452195.8409099033	-484464.05203961674	-520398.46781674726	-561344.0497639594	-609892.8223133592	-672703.813383093
161226.71980137145	161202.62983589733	161141.0694350092	161042.0919924586	160905.2686999493	160730.9423796828	160520.07890244276	160271.9822716188	159985.99360301177	159661.39833247877	159302.6727610635	158906.13778060174	158471.96431879784	158000.88817260976	157489.06925276062	156939.38387382723	156353.1604378179	155725.12366110037	155056.48960272167	154346.63436606104	153593.16513105365	152793.5691971694	151946.13382962058	151051.5994273318	150100.09445655782	149096.66959044288	148030.83639812417	146903.63549107756	145708.08981041863	144440.4132428306	143093.1856352557	141662.11798585058	140139.99418506876	138521.37882904557	136796.31503193255	134957.73188748775	132996.36880603572	130904.88699866977	128672.31833809023	126288.18057172652	123746.58814813793	121030.13288198407	118133.19349514884	115046.25079750926	111760.66465030555	108268.12368578406	104562.64828568074	100640.01335364016	96499.28661509178	92142.43925203278	87574.88394153517	82805.76840413851	77847.86529382644	72715.40231113727	67423.71814453826	61984.98584215471	56406.55304131718	50688.60606518187	44823.69340281864	38797.93820145173	32595.53751903618	26202.468616912025	19606.214738919458	12795.395913923596	5759.047751996957	-1513.9632175081642	-9034.910805483552	-16815.2364163514	-24867.041244791413	-33203.24123143335	-41837.158368260425	-50783.02028991695	-60055.93372816243	-69672.05834918754	-79648.69526970922	-90004.46972146054	-100759.45699490688	-111935.45652311231	-123556.1263568215	-135647.32584337442	-148237.41646467143	-161357.61495562101	-175042.53115567187	-189330.68074473058	-204265.1999804887	-219894.7405348693	-236274.62853562908	-253468.2453563084	-271548.8539691799	-290602.21646348946	-310729.8743270503	-332053.902330247	-354723.5505673734	-378925.1283821999	-404897.1599129274	-432954.7193482483	-463530.9597131879	-497253.9531060457	-535104.326827283	-578792.1762638353	-631914.4595073524
164863.89821216755	164839.3772352263	164777.39385123912	164677.95250854056	164539.76392599134	164364.286033466	164151.56228567986	163901.68952223693	163614.6002685594	163289.32158405735	162926.1949033077	162527.12166496587	162089.50044189446	161615.7625785515	161103.8792882805	160554.4346887184	159965.70577876488	159337.06352753483	158670.68144290926	157962.15419280264	157211.41453102257	156416.14072311064	155574.73016573497	154687.12299329543	153746.6703420493	152754.22135185727	151705.8148479247	150597.06138165682	149424.63565404742	148181.51177730368	146865.5235612624	145470.78378710532	143989.46771056097	142416.4394983353	140743.452092593	138963.63151254045	137069.44932736503	135050.57367724972	132899.4193844284	130604.87070181067	128157.93303445764	125550.17408575492	122767.11535230612	119801.9166736629	116645.16855612726	113287.38792058913	109720.5543539185	105939.70881602375	101940.8397420134	97722.96509264814	93287.74466369598	88641.66773406576	83793.431771712	78755.88629022398	73543.40275201533	68170.40277556385	62648.9595032018	56985.678236720734	51180.080824285804	45224.23673649097	39104.05663326243	32803.37908413663	26308.32981964285	19606.22491466679	12685.498538074607	5534.87388816959	-1856.8634608100983	-9501.202430660749	-17410.130449862452	-25595.929676434258	-34071.93832872994	-42851.83460679534	-51950.289613866946	-61382.89248503093	-71166.31564800069	-81318.45996071806	-91858.59634507587	-102807.54477256065	-114187.90873091947	-126024.29838377587	-138343.60162246798	-151175.41334571852	-164552.35670725914	-178510.61826330563	-193090.6416787631	-208337.7762929974	-224303.3394637456	-241045.87804257183	-258632.6528070072	-277141.8146020649	-296665.20424920134	-317312.179359025	-339215.01273306366	-362536.69002115855	-387482.5610670472	-414318.4332682225	-443400.5075338726	-475227.79695667396	-510542.51618785737	-550547.1657235273	-597467.6347046935
168496.92661008757	168472.62505686004	168410.1035966561	168308.86875524133	168170.05235304084	167994.01278954628	167780.2304666408	167528.43275952354	167239.36081241776	166910.30280636405	166546.7385606651	166148.12522515966	165708.87634742603	165233.26195424935	164720.00451673806	164168.77285822004	163579.28712580266	162952.0480976725	162285.18366508817	161577.06021730026	160830.68130541942	160039.5828044047	159203.8911312457	158320.16857303592	157392.87370320986	156410.78614263935	155375.77398451578	154285.20272362852	153133.52215148415	151914.67910475846	150627.3912447131	149264.8125576655	147820.77494876343	146291.01235323813	144667.99268421327	142941.26005391835	141110.81826111145	139160.50815860622	137085.78171616734	134876.18548039792	132520.59157000348	130016.90866564159	127339.86238768144	124492.16614597003	121458.0459605917	118231.82032203767	114802.73648074194	111166.55663284939	107308.96791001817	103234.6851388418	98940.45157823147	94428.2690412768	89704.20317388175	84777.66747538047	79661.2891555327	74369.1218091367	68915.45328270097	63311.7388639758	57563.927370898775	51670.93866319896	45624.265840396925	39409.63534884274	33011.163031845645	26414.21813296157	19606.235259758803	12575.518317218055	5310.664851445996	-2199.9798888697405	-9968.07789812691	-18005.82211018866	-26326.19843888766	-34942.56661339832	-43869.116862352355	-53120.965947692515	-62714.201874035236	-72666.03951615392	-82994.97812612704	-93720.96460075717	-104865.58983497263	-116452.29654563166	-128506.66243926919	-141056.70109540143	-154133.24968357792	-167770.3753851491	-182006.00902035687	-196882.54724422336	-212447.73458679102	-228755.71017032972	-245868.42771078146	-263857.35346541763	-282805.88399872126	-302812.452425307	-323994.976649255	-346497.02838407294	-370496.73911215283	-396221.57705205726	-423968.1455283775	-454141.26317677426	-487319.43124875217	-524388.3134811175	-566846.1733266441
172123.03693651393	172098.1926347994	172035.2105110095	171934.02757140028	171794.63368545513	171617.71335280867	171403.13674169313	171150.3263962384	170858.11925128696	170528.6434229104	170164.08967116228	169762.55113391508	169323.70230067335	168846.00673572157	168333.27599090087	167779.77705799587	167191.6252685408	166563.74075526866	165897.23560063806	165193.86454565264	164446.5494093998	163662.56399916072	162830.1082754599	161955.8392363884	161036.41113376833	160065.31506226552	159044.4896422236	157968.48199093563	156834.43986241028	155639.74769126627	154378.34434541987	153047.60820716445	151638.38173383166	150147.7332397425	148570.16364186577	146897.7683307415	145120.83493404856	143236.67584543728	141232.61418307872	139101.93114930805	136834.4526389983	134420.22156334962	131853.8813838612	129114.34587402805	126202.0624538213	123103.02205523325	119808.05776139227	116310.46920710942	112598.63570256531	108670.15150271863	104521.4381834905	100151.83983011151	95563.30735213525	90762.32105439273	85758.29670641565	80563.67311235942	75192.6405839484	69658.79386039468	63973.205099351384	58141.253313401714	52161.167552695144	46023.97429025566	39715.159278902865	33218.74787658383	26520.01854585763	19606.245744586253	12465.554029055755	5086.251515212323	-2543.400632409437	-10435.536001797765	-18602.541986588563	-27057.835473315557	-35815.14521776303	-44889.03203492885	-54295.08656794898	-64049.90960883984	-74171.27499867551	-84678.3067978709	-95591.65602877823	-106933.68421999097	-118728.73601085338	-131003.38623353915	-143786.81093497208	-157111.14031689748	-171012.0067611552	-185529.0995010212	-200706.94842047582	-216595.74854609044	-233252.71306965675	-250743.414624315	-269143.8223762065	-288542.97897738474	-309046.55436448206	-330781.796172714	-353904.81664395717	-378610.7923759689	-405151.9375352685	-433860.9645363877	-465199.98363640206	-499844.660682676	-538863.6308600011
175739.52355136344	175714.68514727213	175651.70487242055	175550.00294508622	175410.51535789054	175232.6402287531	175017.05641553452	174762.58969735733	174468.90689697908	174141.92010296037	173775.40790484834	173371.79264525557	172933.37972125184	172454.5234759278	171938.76217334624	171386.5306739056	170798.51291233528	170173.16743720634	169506.20673278393	168803.2903545025	168061.4627630851	167278.72026048639	166453.3977344834	165585.955110554	164671.6054112908	163715.5286187156	162704.93331389345	161644.33999888983	160527.58593858685	159354.89100104885	158119.22270710696	156815.54841051222	155437.83326501344	153986.103468469	152450.23172542875	150825.540261862	149103.47136521342	147257.3239895089	145342.58917026056	143285.62713053703	141100.22865988794	138776.55169183796	136304.57124899284	133676.16775060818	130877.20080756469	127900.88901217486	124734.79904292192	121372.5210897522	117805.48843621972	114022.87809218903	110023.11227473259	105801.30025813961	101356.95497387252	96693.23589734524	91816.60307127424	86735.45236466426	81463.30176129815	76013.88382033061	70400.41333221234	64633.42124675168	58717.60418910073	52650.7177427868	46423.14411169442	40020.42743558329	33426.21312002675	26625.772342016455	19606.256402461528	12355.55635357427	4861.76017502803	-2887.13916626852	-10903.417598742642	-19200.209949569195	-27790.906608941033	-36689.68111563701	-45911.57426455483	-55472.65177563112	-65390.01738217205	-75682.03799372801	-86368.47639362828	-97470.68913160462	-109011.8912006151	-121017.31167496945	-133514.5853720216	-146534.08176745637	-160109.33221192594	-174277.53739742265	-189080.2953600593	-204564.32706727315	-220782.52186523424	-237795.24993226898	-255671.9872479965	-274493.56875925325	-294355.1412651675	-315370.20491515426	-337676.33667751204	-361443.49828477995	-386886.10374764365	-414284.471658421	-444013.38838412706	-476603.254152418	-512849.71341522515
179343.75662146305	179318.947144591	179255.79622466973	179153.7018622278	179015.77264879036	178835.3016144219	178618.58787260094	178365.79156476748	178070.98438178893	177743.79473436542	177377.99236783778	176971.9995950173	176532.40887357754	176053.40190961648	175538.4537839705	174987.9667763053	174398.34901351517	173773.6183757143	173110.3217355806	172405.56404369592	171668.13809879572	170890.5712826546	170070.38485331152	169210.53334945568	168304.8083156757	167355.0084626776	166358.25151071185	165311.87160341715	164213.65971657683	163058.3583205447	161843.7799843261	160568.10823929793	159222.7001819266	157804.16265296598	156307.72742386605	154727.63053530158	153056.5043513063	151288.73481378768	149390.06302908174	147428.10084665832	145319.42695724	143080.06098294264	140701.3634002888	138171.39053809416	135483.15023550307	132624.6731289614	129585.53472167632	126356.05529392633	122926.72849670524	119291.05477208016	115439.73536063239	111368.48707395548	107074.17675829277	102556.45623994106	97818.11070135745	92865.88985598795	87709.04063050888	82360.15359321516	76832.927443853	71140.31233413017	65292.327434243925	59293.02159517698	53139.579901830846	46822.03878084372	40325.43928530731	33633.5687421842	26731.508439149067	19606.267231857055	12245.550258934847	4637.114997824945	-3231.212400238961	-11372.031902529532	-19798.82711697719	-28525.3516392812	-37566.173640102264	-46936.77843761648	-56653.69909404899	-66734.57915774523	-77198.3743603268	-88065.53714300488	-99358.17661495355	-111100.29235870473	-123318.14516229008	-136040.41890546534	-149298.7201411969	-163128.032687005	-177567.46048981335	-192660.19760322955	-208455.22700531315	-225008.7112899843	-242384.44407879305	-260655.60964302684	-279908.48295530654	-300244.51361344324	-321786.6780718615	-344682.95480274106	-369118.7143063402	-395331.0963625172	-423631.1583772877	-454444.00067233364	-488381.8386963366
182932.99499372006	182908.15927389433	182844.0303189517	182747.48928516038	182604.73306265136	182424.94518722934	182208.23444321117	181951.79461538605	181660.85492377577	181332.84536890622	180963.21210424282	180560.18734787503	180119.7634394014	179641.6438856239	179127.00175834732	178576.96181519155	177986.63893699594	177364.74845309084	176703.23149006715	176004.05119299018	175266.93347458274	174493.74568005567	173681.97198389668	172825.4764686118	171926.77936529252	170985.20103340677	169996.51246433676	168969.2040894528	167885.46758431307	166749.9300981914	165556.47582181272	164304.32226406276	162990.28417002037	161604.83099711582	160145.09667569888	158604.73172388997	156981.4368342717	155265.2286030093	153452.6583012963	151503.97387384134	149493.82921325258	147334.78103743715	145042.73250606598	142609.05276478367	140027.04378780234	137277.0784202022	134358.0311828625	131261.0241279829	127964.35367864341	124470.86245515398	120767.3960961042	116847.40966944947	112706.01356071339	108340.14555842822	103749.95977266846	98938.039817045	93911.18607747558	88679.121172143	83254.19585906417	77649.7800187188	71878.55117645537	65949.9883903985	59867.46036588424	53627.76438556379	47220.42477924016	40630.22163593612	33840.79327311326	26837.21327635419	19606.27823147853	12135.488476511266	4412.337196816225	-3575.617105987156	-11841.215158470324	-20398.381834037253	-29261.16891268379	-38444.616852401115	-47964.608159049705	-57838.182349740295	-68083.55553215597	-78720.28694164223	-89769.50822836801	-101254.1073871961	-113198.97468494752	-125631.3167555916	-138580.97825169004	-152080.87653114006	-166167.49700250453	-180881.71442538843	-196268.77829995705	-212380.39756604983	-229275.25703371677	-247020.7382882532	-265694.9980069343	-285389.63511843304	-306213.6277543558	-328298.35425857175	-351805.25076743925	-376936.8563669914	-403953.82004030154	-433205.7211745266	-465173.9477533926
186504.6696346529	186479.930362677	186416.77181327643	186313.6088720488	186174.48024915732	185996.83631534353	185778.5410829506	185525.04396965908	185233.2067275433	184903.68145818418	184536.74254075013	184133.51825831283	183692.4261797445	183215.7675548292	182704.12671503247	182149.17659788486	181567.06067727605	180943.9466409724	180296.85207160882	179588.3472933535	178857.72432173564	178084.10906686034	177278.69856410025	176430.63654265998	175542.34115797596	174607.61583468074	173634.22379180708	172614.37538468285	171544.59596578387	170424.4415289535	169254.33598419355	168024.86910236854	166735.21369635887	165382.06532140658	163956.6750530934	162456.0424630561	160877.58934341307	159211.45348557274	157452.92705988153	155592.8326816601	153599.47671621465	151540.12908185454	149330.83916637988	146908.32647493825	144500.50159250645	141861.60550241423	139057.43379063118	136079.33856679057	132918.48207727855	129563.05450861988	126003.47610617336	122234.35996869023	118246.74424390629	114036.00371240289	109599.50457399405	104937.71467740723	100052.9101178362	94952.1631072386	89645.91777684406	84145.50152610985	78464.4273311212	72615.10406022557	66606.26261417574	60441.02118596973	54115.24887843619	47618.38833667149	40934.78571819828	34047.911201456096	26942.886858151876	19606.28940028767	12025.393424732261	4187.429343532305	-3920.3125214121537	-12310.975354820432	-20998.868386691553	-29998.39704264718	-39325.01774128381	-48995.09676002036	-59026.16000320483	-69437.01314631233	-80247.81567884242	-91480.44851522858	-103158.56551206054	-115307.98009058269	-127956.92316895782	-141136.42085140327	-154880.7472836062	-169227.9667186787	-184220.83008990617	-199906.4742752202	-216339.72485352063	-233582.46358098544	-251705.3974491203	-270791.71812158276	-290939.1242676042	-312264.30657199654	-334908.88053847395	-359048.11254008976	-384903.7900023174	-412764.2884181894	-443021.6602433927
190056.05507046593	190031.70352914813	189968.59437290556	189866.4166386197	189726.51739563188	189549.34540427622	189330.24471038172	189079.52251696162	188787.8337251877	188459.27962269215	188090.81264695566	187688.25070707835	187249.39208996197	186774.96400317262	186262.69602636658	185714.9637080573	185129.6883269534	184510.22537808746	183854.66683465266	183160.92380612713	182431.4822687158	181669.79700849036	180861.74933356332	180023.7947514985	179140.54438376834	178217.2701771179	177252.2429139996	176246.4708527304	175192.26940856862	174089.7306409599	172938.22033559356	171729.65650423078	170464.8225244545	169139.92304231843	167746.00142244608	166282.3150864587	164745.09342080948	163125.66623320564	161417.7330850472	159615.86383255044	157712.72555795222	155669.84003990344	153566.7467970717	151308.72556940356	148915.35208370956	146376.59836301644	143682.83992712465	140822.23030403059	137788.3518685814	134565.15441227326	131148.3637284025	127526.161419774	123692.22858739455	119637.80345644214	115358.46770505293	110852.3340894898	106119.63952462739	101163.0083899665	95989.71269795543	90609.24173831494	85034.05173066538	79276.93312617473	73349.96394435427	67261.31368961203	61013.46149194648	54602.104060556245	48015.84003679096	41239.00280401821	34254.89787032889	27048.529189487395	19606.30079485121	11915.258640772081	3962.373761652154	-4265.13688327017	-12781.324000264343	-21600.290817548812	-30737.024784289417	-40207.40116773953	-50028.248329229886	-60217.64379481424	-70794.9297859359	-81780.98981819453	-93198.37232166756	-105071.60837177106	-117427.40319241764	-130295.09166058683	-143706.903716341	-157698.53757689724	-172309.71672838595	-187584.87704258272	-203574.17375941877	-220334.33478165406	-237931.0385079945	-256439.1229601258	-275946.85001427494	-296558.4191589372	-318398.9737088912	-341621.3411582714	-366416.03829563805	-393026.4974780914	-421772.75560886436
193584.51585155842	193559.77123932136	193497.04098405267	193397.7272678576	193256.79221179313	193077.03088874035	192861.7424645723	192610.00628587147	192318.80085403658	191992.4961673491	191628.35981376108	191225.9456731319	190786.9880886274	190312.52076107194	189801.89713544206	189258.06418818844	188674.35883260448	188056.2841950237	187403.57511948902	186718.8821764783	185993.6671696937	185230.37425770165	184429.4456998411	183598.787684149	182723.42580161052	181812.04916470818	180855.45217186725	179860.48617338593	178820.09809027886	177733.8527257274	176597.98339803406	175411.7948413285	174175.06059244898	172873.31263664667	171511.73475861838	170085.67320990254	168582.79442230152	167007.24311517976	165348.083508582	163600.11810233505	161757.6105383251	159810.6235522958	157724.66681199602	155574.3631027345	153269.18985656102	150826.20647487105	148238.4479456776	145488.79156328554	142574.5344282295	139481.57958249556	136201.38452817113	132723.246744214	129038.9931056764	125140.04539573289	121019.75924887104	116673.77794799261	112098.78255853918	107295.7679448952	102268.26725097216	97022.76637759837	91569.25012637518	85919.92377342391	80087.29868229714	74083.08923091317	67915.08199038493	61585.046219911455	55088.25470509872	48412.88254909523	41542.904368104995	34461.76312021847	27154.140275529702	19606.31228355912	11805.028707280871	3737.178571232129	-4610.452429271245	-13252.261304406566	-22202.665782886557	-31477.062344184436	-41091.754719204444	-51064.06976898521	-61412.62908278173	-72157.36581585929	-83319.83453432121	-94923.34235330537	-106993.2811085126	-119557.33688354044	-132645.92978248216	-146292.56641708495	-160534.43622099038	-175412.98412978556	-190974.6994426882	-207272.1281450569	-224364.91301113053	-242322.33510175277	-261223.5924183377	-281162.4462059238	-302250.1413160929	-324621.01272619644	-348440.1910264356	-373915.1652484441	-401313.65073442203