27983.53443568405	27824.79754038906	27401.175813491063	26711.785670427344	25755.185792268545	24529.369189174045	23031.752039570187	21259.159132778557	19207.805686240594	16873.27524494358	14250.493375716003	11333.696246934414	8116.3946785502485	4591.331501584034	750.4325216292928	-3415.2503370442137	-7915.604835643426	-12761.534641648715	-17965.04776189587	-23539.35942438233	-29499.01214979346	-35860.01647698322	-42640.01668964069	-49858.48743295119	-57536.966177099916	-65699.33594722957	-74372.16374854036	-83585.11484983808	-93371.46462463132	-103768.73514392509	-114819.49957429882	-126572.41164214285	-139083.54612633528	-152418.1720314285	-166653.1539882681	-181880.27877902222	-198210.99843246076	-215783.4245387767	-234773.07096673956	-255410.20346591377	-278009.6980633461	-303026.89002494176	-331174.7200512262	-363714.9037255204	-403421.97894164093	-460921.3172740945	-518971.7817622989	-536904.3374114048	-554075.2311789633	-571077.5722137601	-588071.9804680804	-604644.6413546631	-620876.1849841787	-636997.5789936793	-653197.8171720421	-669718.3532603856	-685450.0030538971	-700237.1408720403	-716286.1769875246	-732877.6823764585	-746625.3893535291	-759782.0915422905	-774810.9171865748	-789473.3624143412	-801757.524096451	-815793.6019853496	-830857.3605215102	-845030.8962709289	-854503.2605441476	-867683.4673448787	-878298.0488250719	-889539.9376347368	-900379.5808119345	-912503.6918409381	-929834.6458051826	-933635.4790380304	-942577.5829813657	-952722.4648068696	-962715.5884583299	-971205.3045559742	-978260.4914541715	-988042.1690771235	-995065.7813258872	-1.0017238821872156e6	-1.0090375451605795e6	-1.0162008629279616e6	-1.0204404752842605e6	-1.0323220088416513e6	-1.0310954988909271e6	-1.04554315006087e6	-1.0412530822638494e6	-1.0505353715420112e6	-1.049885017844758e6	-1.0550209520953926e6	-1.0581880888674476e6	-1.061057848142064e6	-1.0621422107129379e6	-1.0646922553729415e6	-1.0673540580100934e6	-1.066132928288008e6	-1.0681145612558092e6	-1.0654957091530878e6	-1.0662685949374528e6	-1.065031601127162e6	-1.0627552991503165e6	-1.0641316082690263e6	-1.0623063358235506e6	-1.0607387907386522e6	-1.054256870660678e6	-1.0521102530326142e6	-1.0486451630188567e6	-1.0452727315686245e6	-1.0384246753665705e6	-1.0341371890120748e6	-1.0261968602340878e6	-1.0225966632235523e6	-1.0192947361812564e6	-1.0065550299150674e6	-998849.3495973586	-995363.3350347427	-985632.3348625386	-975170.3172881072	-963962.1892458424	-955635.8235935359	-951189.5081341579	-946659.5358491361	-925716.0535723125	-910945.9764126826	-899209.6400793805	-889830.4919965537	-884147.8573984881	-871875.267833187	-849329.1763235307	-833731.3763020455	-818320.6492050658	-804038.7263481338	-794311.8072897703	-779557.1251028043	-760681.333994166	-738134.5930802049	-720026.4989619385	-702312.8472415111	-688300.660199302	-674565.5869585725	-652988.6724126565	-628869.6257992524	-605412.9836700414	-587315.9234898521	-571007.5250003228	-545954.7345854908	-522393.27862333186	-502439.3430214476	-479288.156018002	-452562.6901428302	-426574.1476356637	-408786.5940938788	-377605.4833713852	-349826.1522105623	-323672.49166321784	-297377.07132787193	-273677.75045099884	-248795.7901231603	-219451.7602396033	-176835.61043823214	-150072.06065727148	-116650.41972619324	-90956.54280212132	-65545.11833615723	-33095.91018156969	-5022.37365640729	29894.15665342071	59152.11517698242	81698.19939517061	128672.21302202548	169790.98476995592	204759.74919341848	245299.28160215233	280291.0031958564	316834.67460216273	353722.54761560465	388343.7472464742	429061.03188830725	466656.0371651814	506147.75448862993	542946.3798101495	583020.8586779532	616984.2959387007	653394.855398718	676717.3642054077	737109.3381421592	792131.4328464416	826278.5019560761	876936.3005108878	928534.5713561883	976597.6540738593	1.0268872835951119e6	1.0746418093495283e6	1.124354016945455e6	1.1701524476288434e6	1.2197422880921287e6	1.2673568209951043e6
28088.156224240258	27955.259691255356	27528.289346010803	26838.5426003077	25881.97959082169	24656.354066371685	23159.026505784568	21386.804015170695	19335.89576562014	17001.883839101516	14379.694553365756	11463.566156504006	8247.012466230546	4722.780094125861	882.799357897049	-3281.872563212979	-7781.117384814264	-12625.831852572985	-17828.016081656926	-23400.876291708693	-29358.944715303798	-35718.22011385854	-42496.333425369194	-49712.74300575185	-57388.969165866256	-65548.87345449056	-74218.99814463698	-83428.97967081153	-93212.0586518243	-103605.71556498081	-114652.47293069337	-126400.92301484762	-138907.06278665466	-152236.0638274735	-166464.6650019841	-181684.4876144809	-198006.7603866311	-215569.28424416628	-234547.1244167135	-255169.8676888721	-277751.2984242935	-302744.84763847385	-330859.72677994735	-363348.91336471384	-402958.5503407231	-460081.7726046581	-518824.27623318066	-536763.1349672712	-554024.6449049348	-570972.9180952038	-587853.4907915352	-604426.9293688191	-620753.130996184	-636931.741757727	-653165.064328996	-669677.1170768759	-685503.2770025029	-700194.8226511392	-716227.5963118568	-732889.4662755944	-746413.7887484513	-759735.606297821	-774791.4991925147	-789324.7578046974	-801720.0948835614	-815682.8600087615	-830657.6673997119	-845187.1178264953	-854473.8018508451	-867748.2352791564	-878254.315380305	-889501.5600042692	-900377.4271312379	-912560.1877395194	-929898.3938532253	-933578.5235917838	-942572.6137635396	-952720.5123468051	-962769.4890871467	-971191.0794325406	-978286.3203904508	-988146.7339115681	-995060.3479344381	-1.0018105079309463e6	-1.0090467794377122e6	-1.0163133713160299e6	-1.0204830635477584e6	-1.0325271087611581e6	-1.0311676082366914e6	-1.0453967047052211e6	-1.0413477760442798e6	-1.0505073932700225e6	-1.0499822316257376e6	-1.0551556413918186e6	-1.0582911599522806e6	-1.0611335658265254e6	-1.0622432369297342e6	-1.06484340138005e6	-1.0674709003747108e6	-1.0662581768787303e6	-1.068195837458729e6	-1.065648258273112e6	-1.0663835234048292e6	-1.0651984961025813e6	-1.0629025347896477e6	-1.0643521670925375e6	-1.0625368424157011e6	-1.060887174834403e6	-1.0544327520113802e6	-1.0523123370164353e6	-1.048867152991664e6	-1.0455245756422477e6	-1.0386111169737268e6	-1.034315529037609e6	-1.0264326660780588e6	-1.0228036348151157e6	-1.0196039471428932e6	-1.0067473410697021e6	-998927.5391518157	-995881.6394449845	-986496.2020694648	-975406.5980265543	-964833.3705505873	-993995.8230523202	-953064.6288768027	-949207.2590230617	-924672.6403285968	-910577.5505511058	-898720.9355066696	-889887.186523203	-871733.8806203639	-858989.9357238384	-845748.3502119579	-823735.0448962939	-818110.8541957918	-804115.5960752391	-761886.1522041135	-763867.8069640202	-762871.8439049576	-755388.3961014601	-724769.8057650072	-702895.1843032222	-693100.3671553761	-668547.6207639361	-649209.2417999567	-622818.4296960579	-605024.5060955225	-589226.4629394251	-558264.0929261856	-540566.5288931618	-539426.3947061768	-497052.93178406433	-480470.2710113852	-467311.92828545003	-429556.84444631665	-400535.76896101126	-373163.2528795859	-354630.8809317279	-322294.552176575	-299676.83205076243	-276475.66901902977	-250591.1998274441	-187169.80757442937	-190020.71102555963	-151590.28811980627	-107698.92879628419	-98774.19593270199	-75856.62146113423	-29969.06321698596	-2070.5004432753776	39729.47335898242	64471.385920274246	88415.3095736822	130809.04944562324	177606.88529563713	193293.2069654122	231633.28036275523	287547.16265524476	309840.55203389627	346902.45005237096	383332.2838062478	426584.527631052	482012.8401123138	516332.32835041004	538489.1310451699	581347.1006009129	623779.1349688389	657088.6227194776	680162.4716594701	741711.015058683	799439.9843430796	831458.1700810443	870089.5891616053	922607.5992431778	972047.2511663081	1.0227069526955772e6	1.0686363374969976e6	1.1229328457383986e6	1.1703419025923104e6	1.2207490396501624e6	1.2625218717131175e6
28392.47049634278	28335.46122379141	27926.416587032436	27224.3433541049	26265.230192399584	25039.071136275074	23542.037318527757	21770.586664429182	19720.795851797826	17388.190318106645	14767.671685972862	11853.469626144943	8639.09798744382	5117.30913870316	1280.0432776882953	-2881.62913849327	-7377.573422867841	-12218.666837237695	-17416.88675421563	-22985.413096469652	-28938.747676013372	-35292.85457965107	-42065.32441896868	-49275.56942489672	-56945.05585755248	-65097.58265187617	-73759.6184427705	-82960.71288728906	-92734.00298549724	-103116.84510414753	-114151.61118340131	-125886.70806788193	-138377.90243081015	-151690.0744954804	-165899.5880061146	-181097.5709368697	-197394.58666777582	-214927.51117176903	-233870.0751331682	-254449.84797436855	-276977.3754104781	-301900.45068814885	-329917.27956536826	-362255.17221423774	-401577.73817224713	-457630.87241276057	-518411.5741619665	-536298.1387713151	-553741.022800731	-570665.1959201399	-587268.4171666915	-603879.1354565134	-620483.2266207829	-636816.873754712	-653142.8992866739	-669448.4734262922	-685727.091140518	-700115.4382329488	-716100.3487831291	-732598.9266550615	-745834.4063798967	-759621.7792467694	-774770.8297526157	-788922.1485013766	-801625.3092041134	-815371.5471711154	-830105.9517482738	-845546.5365650682	-854402.668423702	-867962.0502695306	-878134.0487162694	-889394.8333843062	-900377.430271277	-912741.3992021757	-929696.7017684781	-933418.7928409225	-942563.7674722893	-952722.7822994073	-962945.0684387961	-971157.0894016263	-978367.5518538195	-988470.1009397863	-995049.3238694426	-1.0020744307873193e6	-1.0090785225497847e6	-1.0166561219759611e6	-1.0206128878992149e6	-1.0331654079092529e6	-1.0313853499887097e6	-1.0450013987414052e6	-1.0416334155481379e6	-1.050442480942562e6	-1.0502757269955124e6	-1.0555660170124718e6	-1.0585999158184913e6	-1.0613708373976166e6	-1.062550033528296e6	-1.0652527204116299e6	-1.0678348312502431e6	-1.0666371380984879e6	-1.0684461972761436e6	-1.0661070866549246e6	-1.06673043936427e6	-1.0657008919812727e6	-1.0633449916832147e6	-1.0650239684133825e6	-1.0632385153649899e6	-1.0612678780919993e6	-1.0549612478168004e6	-1.0529211038132925e6	-1.0495388284883187e6	-1.0462883838629958e6	-1.039174456517902e6	-1.0351077214269724e6	-1.027047547583025e6	-1.0233764448224406e6	-1.0204314252034517e6	-1.0067570499229475e6	-1.0003478687790914e6	-996118.7208000463	-986146.9099409655	-975688.8350751158	-1.0148582203060903e6	-977369.3433271057	-952765.948395513	-947797.0014722436	-927414.0021227493	-912202.0696326366	-898754.0990784215	-906599.9110121161	-886014.2370615345	-870020.2818850421	-852223.6625754363	-841456.5675970186	-816502.5168553472	-790900.3478834718	-776551.5466383309	-783693.5162877347	-765043.5087935235	-745049.9023056442	-713742.7339531146	-698810.7886494747	-686532.4512865553	-675041.2050866745	-654851.8953616221	-627594.5529956117	-593305.0861913704	-579882.6735562636	-575052.8734489607	-522380.66367822496	-524461.36992222	-492133.9846526967	-484169.5921906173	-457600.77753327513	-427923.4262480103	-401394.1349655572	-387494.20866815845	-348070.9649873118	-314900.5658947237	-281582.80217376986	-275573.43102841993	-235326.18463122688	-229580.02794063027	-164956.97321244125	-152352.19124015403	-126046.45859301352	-106364.86491040495	-60446.26101471746	-35830.08040734037	1854.2250315627898	32949.87984502566	63250.72121637099	80674.51463154581	119172.43170194532	142705.28701606643	215712.48727283365	241582.76499594765	282620.58176379994	308147.27783627034	351704.82280272216	384029.36386259476	429651.6607610301	464196.388402431	513232.5513951184	547722.4652953262	580588.1071639492	621503.3593906749	650498.7665601529	697282.9221173886	742643.1865256715	787631.279468673	810369.9079988354	887038.2964948134	918444.5012966522	975994.3272266069	1.0160748418888634e6	1.073905920392255e6	1.1190134431876324e6	1.1692707602732412e6	1.214367334393732e6	1.2635934473149895e6
28897.163427465886	28861.767275474063	28623.338086259202	27897.469776265818	26915.872650446137	25683.623041095503	24184.7096127416	22413.237386094726	20364.50114395839	18033.70082697252	15415.586962159869	12504.315694289311	9293.367048439512	5775.482332701111	1942.6047924107406	-2214.1819293727604	-6704.722039200438	-11539.86477325605	-16731.552279411517	-22292.924322893778	-28238.433841538827	-34583.98829981533	-41347.112771267086	-48547.14347414548	-56205.45861261819	-64345.75290134664	-72994.37400102543	-82180.72804369897	-91937.78147150634	-102302.68543189266	-113317.56296481269	-125030.51535062525	-137496.9290801074	-150781.20372906214	-164959.08549879148	-180120.89013042988	-196376.08715714968	-213860.0340757657	-232744.27459171688	-253253.07972208463	-275691.7152587364	-300498.8240025516	-328354.8508872893	-360446.0950601864	-399306.8611467029	-453744.88245124754	-517660.69400315906	-535708.1874862623	-552919.0113148424	-570066.5069063359	-586698.5529056136	-603339.8081931912	-620355.4537200166	-636886.7465587889	-653355.3917648846	-668847.8718506244	-686028.6957138507	-700161.3305828385	-715888.2046027794	-731484.0982033997	-745026.106368548	-759523.110448146	-774875.807092557	-788379.6844959254	-801528.6382090079	-814915.8779507489	-829319.4550080711	-845213.9535977549	-854342.4552494206	-868231.4907936926	-877968.8965536752	-889244.1043906154	-900399.4381246762	-913086.8228259068	-928572.7701051927	-933186.3901253359	-942568.5820870365	-952752.4909607286	-963261.5556756982	-971127.4212604384	-978515.3883477934	-989044.9633084068	-995047.5764166098	-1.0025285953783628e6	-1.0091442474244314e6	-1.017246088482012e6	-1.0208359406422593e6	-1.0292241298886077e6	-1.0317529417550168e6	-1.0444737151883112e6	-1.0421147498719874e6	-1.0503895472571517e6	-1.0507710342373364e6	-1.0562726910178885e6	-1.0591183430054616e6	-1.0617974805047747e6	-1.0630733350808427e6	-1.0657943903117648e6	-1.0684850040498623e6	-1.0672791863132354e6	-1.0688831898770814e6	-1.0668757845254699e6	-1.0673154394078674e6	-1.0665441119663904e6	-1.064084873663045e6	-1.0661817416806472e6	-1.0644464592631354e6	-1.0617948460048756e6	-1.0558449445407542e6	-1.0539437446562394e6	-1.050682244922348e6	-1.0476065301144803e6	-1.0402099630891541e6	-1.0358019733165482e6	-1.0280921209276386e6	-1.0231143738676801e6	-1.0217809309947737e6	-1.0083737148359471e6	-1.0006520255954491e6	-997082.5020678539	-987956.5685443867	-977446.1397926162	-968484.8079406566	-953868.1061918742	-947727.9152952651	-950208.8586014218	-928873.616260414	-912918.9138561513	-897242.6806631621	-901457.9892320256	-893520.1829682034	-867903.4022473281	-859164.5947384844	-818496.2384253202	-812727.3366220731	-808309.8642212558	-796883.3756377709	-779765.7134251606	-761795.9464422001	-744407.4342937288	-719651.0170513403	-714219.0875446321	-703380.9557800901	-679587.8696982323	-658556.6688759758	-639619.7089190746	-612580.8640535737	-586947.1009521242	-565708.3394451872	-557794.9374300686	-523469.0026105473	-520494.2458742753	-487966.45569716726	-449529.2936723296	-426923.9718181189	-395574.8472247627	-391877.623519562	-354134.26452667994	-337607.0343580398	-309284.65456576814	-254462.27730686154	-255122.03120100155	-213153.47496048344	-163821.8242135754	-168535.6184313901	-132183.80202390748	-96767.4759439298	-61316.88691608497	-21721.33188783872	8390.401795978367	30334.25387673377	50999.27869831369	65638.88701926282	121013.00250255008	144240.4996684689	206094.18410589936	226983.0388896737	260462.69467773772	314739.7089395888	349732.6301494713	385178.91058003594	431079.830336956	460334.3731540308	499712.3767969135	544729.1396994626	573417.0704229253	617212.8054122741	650903.3766446838	667660.01481349	730422.4051854189	787836.6566525043	817391.9148826979	879026.2602017641	922006.8561748301	969051.2969964824	1.022298569643731e6	1.069725375727276e6	1.1130223227900953e6	1.1579553506730457e6	1.2117457206466298e6	1.2580623402331218e6
29602.475570224924	29575.140217500186	29421.809541885974	28916.77652969626	27868.446047282283	26604.11804065178	25095.121227107185	23320.04664500679	21270.738833425014	18941.163277866057	16325.526641716104	13417.717730882956	10211.080634057944	6698.287589819025	2871.253686512966	-1278.9404831378342	-5762.123571187898	-10589.116927154311	-15771.821256170791	-21323.324296991443	-27258.015574732657	-33591.72695886179	-40341.89495261645	-47527.75305155294	-55170.55570963858	-63293.85723321223	-71923.83760893412	-81089.70508137105	-90824.19034390681	-101164.16091216946	-112151.39700938822	-123833.57783846906	-136265.5657481522	-149511.09868892108	-163645.07193112595	-178756.6856470814	-194953.9088718709	-212370.02046786173	-231173.5782614455	-251584.36570832814	-273900.49779306515	-298548.29479631234	-326184.4963822086	-357941.4517863458	-396188.0646707756	-448649.235393183	-516591.7714256427	-534791.82440893	-552182.0845197893	-569250.0482052811	-586577.5359450846	-603237.2870358787	-619969.0427070523	-636457.7188331068	-653080.7628545428	-668208.2181088419	-684691.9709213113	-700653.293366455	-714969.8243943723	-730082.958305287	-744154.036559589	-759611.3144883758	-775289.6559593133	-787850.095221214	-801539.4841049893	-814394.5319294641	-828429.9731434456	-843636.9395223872	-854390.9490970706	-867769.6541842283	-877809.7376151634	-889088.0746842385	-900478.7666784392	-913681.2430938261	-926955.1210954704	-932922.8019418062	-942615.0780536646	-952845.6154810949	-963512.9427174074	-971136.9229691068	-978748.7303017275	-989941.4414941848	-995076.9478094184	-1.0031976782151591e6	-1.0092611352694097e6	-1.0181166410158556e6	-1.02116165933049e6	-1.0304035720228464e6	-1.0322774178276439e6	-1.0439531671677188e6	-1.0428000269682754e6	-1.0504090090545854e6	-1.0514775592983875e6	-1.0573194349869725e6	-1.059826758155336e6	-1.0624540761451228e6	-1.0638302247879116e6	-1.0664521779885003e6	-1.0694597821491018e6	-1.0690450893307587e6	-1.0695307824947254e6	-1.0679607285235694e6	-1.0681475746732347e6	-1.0677378598421784e6	-1.065125657770092e6	-1.067894633097846e6	-1.063969244937463e6	-1.0625304951768762e6	-1.057088206046547e6	-1.0553704861591237e6	-1.0522824653131296e6	-1.0494994682542158e6	-1.041444634592327e6	-1.0381065739595403e6	-1.0310230351220996e6	-1.0255361050301772e6	-1.0262326068228001e6	-1.0111469133755066e6	-1.0020599949459457e6	-998928.7004341304	-989803.7894640514	-977863.1817985582	-969082.5616500734	-958834.4979182247	-960336.6237962686	-951446.9116379512	-930112.7667316021	-912569.2019945439	-901704.008961339	-888488.9171986347	-889096.472849678	-865772.6874701728	-853199.4340571454	-827708.6435051963	-828020.6610034935	-795941.4396428654	-782685.0272390158	-790822.2622246644	-758778.0341924594	-759376.27371966	-723437.72863331	-713454.4345782576	-681624.2144541014	-665316.9429123607	-657204.8862358213	-634711.2849942287	-596159.2950555133	-592044.690376126	-562902.20790113	-528672.4874528241	-528209.737913793	-506780.9621594719	-484191.8093503684	-463003.176110786	-430564.76508827443	-419330.19209998247	-383002.12070722395	-353019.47815292777	-331860.98165950674	-298461.8501108231	-249604.66875070642	-257369.63547471754	-237412.23424508405	-200109.40339949104	-130696.79279234336	-140071.26206688286	-106724.9977643544	-83119.90283140709	-30621.971852069546	-4273.8371319028665	24851.921037507418	56337.25042321504	75667.2813377601	121308.29096702085	165012.51966364047	186435.63274157204	220436.32412911224	282141.22401227447	304002.5046934557	352558.9596332681	368428.772070646	420068.44839504705	456804.05060893454	496937.25247136474	536348.8205369862	576481.1852320961	610811.4423576074	644889.1940413013	667801.4788816569	726474.3440482214	782089.1304428743	817431.9193975234	861779.2007562553	912722.164714827	969525.172106101	1.0191941648394379e6	1.059194526077205e6	1.1082494664309898e6	1.1633084633059695e6	1.2009873950233783e6	1.251450073419526e6
30508.687247268506	30485.211810078763	30371.5847424237	30023.77263062846	29207.50079318654	27839.34017448878	26289.65412328209	24500.504670139577	22445.770889712672	20115.01437332455	17500.772372044317	14596.170944380545	11394.163510294195	7887.219745685346	4067.1488220090105	-75.0172305162996	-4549.117809745774	-9365.956983850643	-14537.397111321574	-20076.46753497205	-25997.488127504475	-32316.198998883614	-39049.93017223569	-46217.78178062888	-53840.85986307677	-61942.54081425621	-70548.79342225759	-79688.57653032645	-89394.32327405605	-99702.5441663249	-110654.58478417218	-122297.59351223795	-134685.77174834156	-147882.02488872007	-161960.17866501078	-177008.03457600763	-193131.68205721665	-210461.80678828456	-229163.2535490449	-249450.25052170054	-271612.10595149745	-296060.0804893829	-323422.3051909564	-354767.1370684757	-392274.127247531	-442565.31606801535	-515129.7720553829	-533637.142521253	-551044.4798095777	-568272.8169711747	-584869.358055118	-601817.4887336511	-618150.1651067827	-634695.783993393	-650958.5967095324	-667363.4493385416	-682787.8218205667	-700053.9640191728	-714026.8575664305	-728898.9103854499	-743389.0861718263	-760268.9752805147	-774502.6142103022	-787538.2614767374	-801884.0679199104	-813902.9754367827	-827548.2571526286	-841994.5945065499	-854739.2988995379	-866909.4723614263	-877730.5042732107	-888980.4621420563	-900672.2127099612	-914709.0515066024	-925440.3014444674	-932673.8614425214	-942741.7178054443	-953051.55532613	-963542.636017513	-971227.9222144012	-979094.9056135495	-991308.8788785024	-995163.2147770158	-1.0041246731710448e6	-1.0094497375965046e6	-1.0193288879067055e6	-1.0216024161263595e6	-1.032198949159296e6	-1.0329687656981437e6	-1.0435514306474878e6	-1.043701754657242e6	-1.050556382049876e6	-1.052408971685813e6	-1.0587947957220352e6	-1.0607252222582065e6	-1.0633899448010991e6	-1.0648446669758938e6	-1.0673620216254883e6	-1.0704793788424337e6	-1.0698490961631406e6	-1.0704140906911886e6	-1.0693718332704918e6	-1.0692375778531334e6	-1.0692983577697931e6	-1.0664719622134524e6	-1.07016970421091e6	-1.0632383991753582e6	-1.063598991843849e6	-1.0586963578550639e6	-1.0572693150877666e6	-1.0540646504279773e6	-1.0521262321750491e6	-1.043153687000138e6	-1.0404981094466802e6	-1.0317573634858329e6	-1.027415481960674e6	-1.0266585357301198e6	-1.0126501722433188e6	-1.0038915229830027e6	-1.0002142380845589e6	-992937.5267735994	-982044.2053132339	-970401.359659937	-962898.2922351256	-956775.784536568	-956392.1096066404	-932645.7491947259	-919847.2282153056	-906886.6680032231	-897505.2720836326	-896911.7277229158	-873976.8835682732	-857109.3588574813	-843183.8250092329	-826200.36317907	-809583.920547284	-799909.1086707169	-793211.9229406263	-785315.0464692421	-745690.300137399	-729098.0874283873	-716407.6561249057	-695481.6504198934	-685345.4455876693	-659422.6619705129	-631422.0102890579	-625886.9733143747	-575204.5862717181	-584578.2104461025	-555417.4519570239	-504115.86042223225	-512183.51980147307	-480916.066090175	-463906.3926871166	-436612.14250423416	-419140.8304641869	-403719.76027932233	-358853.7106006917	-333272.2072492543	-314994.5045263868	-294509.7668296013	-262567.6913379047	-234731.71964467393	-206238.96674208884	-179368.57050840213	-128510.16318040277	-102867.90410106612	-95850.30966630141	-36834.71325714496	-12771.774972891726	23574.5198746018	41287.20687637635	77181.15575965605	117035.49992171646	153642.5034323057	185259.03766194097	221703.3092617478	260535.09108684323	307034.4823223862	342818.17339531024	382103.21606178227	396852.12895431387	463129.43330346904	482033.1209015345	521674.08520061587	562361.6907516012	608421.9034351774	639916.6948572199	661031.7624725418	710923.8394952302	773895.6703123504	815133.0787352964	861375.7399117479	910123.888651965	951038.5641687519	1.0099600070131186e6	1.0606128877525867e6	1.1037301131589634e6	1.149804462988329e6	1.2017901336065463e6	1.2461652176178012e6
31616.14410004884	31594.758247981794	31502.560845069194	31240.95229728453	30643.567766696593	29493.971682847565	27810.13870179662	25972.744437846646	23900.18711105027	21562.261542531574	18946.29009131051	16043.339522058348	12845.392142021476	9344.410827597429	5531.930860047229	1398.8410269679152	-3064.767299910556	-7869.71341718972	-13027.837971074565	-18552.122330627506	-24456.807764696576	-30757.53324866324	-37471.51377381823	-44617.69340245421	-52217.00383855951	-60292.60641792638	-68870.22232088863	-77978.51121235016	-87649.55412518019	-97919.43312958037	-108828.97621931454	-120424.69686298141	-132760.00811812156	-145896.82700893443	-159907.70628067263	-174878.78729788976	-190913.948229479	-208140.81088942883	-226719.86221729033	-246858.84570458892	-268836.86695322586	-293047.91661135026	-320087.70624464325	-350953.70068916207	-387623.98226338084	-435682.2111654755	-513144.51330191595	-532169.9771559394	-549693.146090708	-566953.7127979812	-584176.5346315738	-600864.1084333675	-617538.7309161739	-634018.4444824876	-649581.9771282461	-666307.0435097972	-681568.2281467412	-697548.0093693587	-713865.5584545373	-728198.3916428022	-742968.7590208277	-760715.9091306531	-772624.5683299995	-787701.372409468	-803054.997251227	-813567.6696863605	-826768.2966489806	-840632.5939317178	-855772.6340013104	-866365.268290299	-877849.2587483318	-888997.0765802031	-901075.6895678234	-916625.002417736	-924173.6288193678	-932486.645809059	-943001.0306864749	-953441.1778171835	-963849.6536831644	-971450.8722620741	-979593.2669737116	-993500.8081552209	-995334.0426276252	-1.0053864568594994e6	-1.0097325299771519e6	-1.0209998645801402e6	-1.0221730178895819e6	-1.0340194094982534e6	-1.0338402868785907e6	-1.0433367691388559e6	-1.0448380832355183e6	-1.050873724415804e6	-1.0535844508616293e6	-1.0588426010452902e6	-1.061894505299534e6	-1.0645511911066957e6	-1.0661523792518442e6	-1.0686070734186245e6	-1.0711299567699558e6	-1.0709849934722565e6	-1.071556330206163e6	-1.0711240567319752e6	-1.070596740711011e6	-1.0712524474187987e6	-1.0681292233237505e6	-1.0719062437570635e6	-1.0651252917468653e6	-1.0650690336592738e6	-1.0606813535028715e6	-1.0596848664175763e6	-1.055527086567164e6	-1.0551730954398317e6	-1.0452194101948468e6	-1.043413525218671e6	-1.0318516238388142e6	-1.0276015266048394e6	-1.0318681516155167e6	-1.0151114907508716e6	-1.0057254795350209e6	-1.0027610034246966e6	-993892.0956461667	-985493.115008675	-973609.1932675601	-964286.0455600799	-956313.9227417037	-953150.054101815	-933673.9655770164	-924097.4098562514	-908220.3458583823	-897721.4313900077	-891569.9119481279	-877188.610020953	-865008.9259077043	-846679.9795200105	-814537.1575567559	-825555.555746607	-805602.0328921033	-789397.9550694306	-765697.3309856437	-764240.8525696483	-728477.4627363721	-726312.6234972905	-694695.4468854379	-680140.9710459826	-664037.3095908975	-640974.6956438196	-628140.0673072073	-592452.529360482	-586014.7456726662	-566614.3108358299	-538723.0285225546	-511017.0500527928	-500406.5910600073	-477342.122578997	-419207.5207607486	-419474.01994434913	-407962.8465166656	-365877.28124404774	-298874.1611707642	-307796.2148412506	-294778.28269709257	-266416.42769604205	-256940.7629525697	-204886.88196140045	-172393.48883049825	-125857.64731450361	-104544.08634521748	-74436.85955421749	-39650.50239351933	-6197.713710048527	2086.1646667227033	46123.65856468835	61426.42477525229	116451.30560082867	141887.43262162915	184375.08527942718	221800.60241972766	252542.03489133454	285719.84948413185	332718.8878520189	375451.99976169475	411307.5993218908	448758.2845621241	482691.4096295556	519701.3596084036	562921.7928920991	591043.793706055	636643.438634176	650946.7438095117	720657.5464664015	770341.0243555799	799047.5489103904	854429.1582034936	901287.3562774265	946493.4045280281	1.0020731637643797e6	1.0546139245015613e6	1.0982386921597754e6	1.1460789357646059e6	1.195030618800014e6	1.2408767563992494e6
32925.26023214948	32905.06590496702	32825.54583161068	32615.20817766503	32153.532008985174	31269.54841583573	29776.51796811857	27780.827162182875	25653.49522405269	23294.360235607513	20669.672015217147	17764.60160309545	14568.723643976991	11072.836712996665	7267.860991617927	3144.3462754222564	-1307.7946166192123	-6099.4651304445215	-11242.527530166917	-16749.933763554785	-22635.85894611993	-28915.844398459354	-35606.96569810264	-42728.004428348126	-50299.71019852159	-58344.98493914587	-66889.27039019178	-75960.89110098103	-85591.50701042358	-95816.72094797346	-106676.76395672727	-118217.41889386543	-130491.19892997952	-143558.88085483218	-157491.5646155469	-172373.52280208687	-188306.07940411847	-205413.4132748749	-223851.10554396972	-243819.6392970627	-265586.7944222997	-289527.5931404129	-316202.7072129838	-346534.81295512326	-382298.667032661	-428149.82659697236	-510001.30298161064	-530467.9324765245	-548167.8369857052	-565215.1453120802	-582053.6224135295	-599273.4837521284	-615868.7903400618	-632430.2289183643	-649785.4179518558	-665243.7256393519	-681596.2282373433	-695990.7375205767	-712514.874958507	-728471.0686451958	-743452.8473261427	-757660.2901077694	-771359.4015977008	-786533.4996378326	-801911.4957481585	-813608.0886027794	-826196.6227949935	-839564.5732623565	-854956.0691726424	-866320.1099138346	-878409.9731138658	-889261.0528962002	-901877.8699879462	-918827.2142897807	-923156.0578798817	-932411.3575037445	-943471.6072098506	-954135.7349777438	-963917.2711143072	-971873.9856265136	-980304.0307114909	-996758.5065533095	-995617.9259658698	-1.0071345378678374e6	-1.0101326019835807e6	-1.0233840101206354e6	-1.022890664242642e6	-1.0332964914837496e6	-1.0349096459399443e6	-1.0433438620850244e6	-1.0462357656282664e6	-1.051390324788275e6	-1.055031436123028e6	-1.0608481644572245e6	-1.0632509289237359e6	-1.0656925008579632e6	-1.0678172667026122e6	-1.07023020334021e6	-1.072019496511554e6	-1.0724790238830864e6	-1.0729773316899166e6	-1.0732405212847951e6	-1.0722360524445751e6	-1.0736482402452144e6	-1.070103762387199e6	-1.0728362329724955e6	-1.0673727820941377e6	-1.0669551901450953e6	-1.0630522363696673e6	-1.0627063716034493e6	-1.057918149256276e6	-1.0567775184343054e6	-1.0477929297357812e6	-1.0470311015292471e6	-1.0369292416719066e6	-1.0319589849435296e6	-1.0308709202586357e6	-1.0149419722159901e6	-1.0094809313974704e6	-1.007023337041619e6	-1.0038157530290573e6	-987637.1947359995	-980545.0228897962	-967866.656747981	-966417.8228233305	-949976.9783540894	-940197.3340040685	-925033.1756429574	-914064.3745064035	-904774.5167184593	-892080.0527164009	-897695.632011428	-868621.547569805	-846907.3618062763	-831785.1672410041	-844559.0686827169	-812160.7004096908	-807103.6334144645	-783994.9015649313	-741563.7257875018	-761664.4197483172	-715486.1880482461	-709703.5654620721	-692544.1239258491	-664246.0730129373	-655540.2248656906	-628692.9370380249	-610548.6875671376	-588897.5930455851	-572046.3370055656	-546802.1020175787	-526539.4872969941	-489539.14631656586	-463932.8402219655	-443339.41423240193	-434828.92020278756	-406772.1426266877	-361704.3315771607	-302957.1651429891	-324524.5654266917	-287142.1758749036	-256478.21807492833	-252254.82622843265	-221545.90747168084	-166217.89168192662	-145835.2556571833	-88270.22467656556	-83272.1137395979	-56751.8330040414	-33871.956678560295	3155.2507675072993	36977.89198382961	63505.74932546419	85655.37668897741	136432.1876845599	172546.26090826577	222733.16969939898	251376.94317470276	292145.35493530723	321948.1440950443	356104.03744488413	384276.6815271682	442757.7829354938	486795.97926479735	516211.2201142592	548318.0431665096	587198.4014975999	629560.8995461625	641902.4864882992	704887.6579915804	752182.4762909838	792160.6136079596	843044.8169099044	891892.1114821534	948515.1000195572	993577.0801728431	1.0389252337665695e6	1.0829102166312465e6	1.1345763149410763e6	1.1869403407235646e6	1.2355464388653457e6
34436.54279008458	34417.00084973	34345.39615691584	34167.62973043919	33792.96352897471	33091.19237289461	31896.09301998961	30055.9487066399	27751.389282884324	25331.91619181118	22683.06984158908	19768.0073493066	16569.84438224812	13076.665588771051	9278.05287834884	5163.840743120818	723.5463860573072	-4053.946794966221	-9180.59660966944	-14669.374378859138	-20534.415500320698	-26791.17476450643	-33456.594149937424	-40549.29269643415	-48089.78242800378	-56100.725104718644	-64607.240659790594	-73637.27071109605	-83222.03781807434	-93396.56826934045	-104200.45262350011	-115678.65482638558	-127882.68392897863	-140872.04704375815	-154716.22821526468	-169497.42500559834	-185314.16668654192	-202286.8382932025	-220565.66629582003	-240343.26538856683	-261875.2459194755	-285516.4944503241	-311791.12713829655	-341545.8229644283	-376358.1812037131	-420082.85111339454	-497561.96070175705	-528418.3924827725	-546161.9447864495	-563327.3632010829	-580664.3600830315	-597635.2427619658	-614494.218766591	-631029.1668177594	-647061.8792939107	-663445.264768664	-679707.0118141754	-695853.5540781908	-710599.9243445254	-726479.4287481168	-743173.0084289641	-755582.3837847225	-770892.6634934805	-785713.4889192206	-799337.66471466	-814596.4799646689	-826012.8200445301	-838832.6051146023	-852796.0589337347	-865930.809779152	-880021.034505144	-890030.0588757056	-903565.9092214548	-915442.8510586482	-922377.5810305146	-932508.9217770062	-944293.2989006804	-955408.3213024046	-963780.3487421528	-972615.0604022574	-981333.1759844562	-994928.771027036	-996045.1673900124	-1.0097269101723954e6	-1.0106738827082589e6	-1.0271521309069132e6	-1.0237754408645299e6	-1.0328079805368655e6	-1.0362005612101455e6	-1.0435880888106273e6	-1.0479359217392807e6	-1.0521256020681763e6	-1.0567918768073963e6	-1.0616979529203423e6	-1.0649178381186577e6	-1.0671568371095774e6	-1.069856380242444e6	-1.0722929061337325e6	-1.0732979557625009e6	-1.0743435010897932e6	-1.0746941586091884e6	-1.0757592173732796e6	-1.075799434266331e6	-1.0765838397248755e6	-1.0724028695280722e6	-1.0742773130652367e6	-1.0699879288828156e6	-1.0701544134061334e6	-1.0657852997335724e6	-1.0666263375178622e6	-1.0605570443784397e6	-1.0584881665921828e6	-1.050596431759244e6	-1.0507610878634083e6	-1.0388053701044118e6	-1.0347917993719268e6	-1.0392865560465476e6	-1.0227918154822076e6	-1.0120824156909429e6	-1.0015804140373582e6	-1.0030108752886979e6	-991761.670629346	-978565.9856884794	-973102.4864356117	-968226.8231078018	-966342.0964616083	-945172.3591773405	-934693.9482063272	-921770.2432648777	-905161.3132303345	-898907.1652215312	-881844.6621507253	-876203.4768791546	-864320.1803095604	-824223.9587074323	-818661.0710203955	-799647.7772632793	-810712.021384541	-788532.3463363447	-761184.1180114639	-742569.0262807254	-728888.5297303584	-711237.7272048595	-699154.3298570772	-697904.1603969559	-656093.5966759091	-625769.5239425898	-610325.398695187	-595075.0783639783	-571078.2246673582	-556594.8719522785	-534643.4124870903	-499982.90587907756	-481366.52126310865	-450360.8581217309	-432184.77373327577	-402701.8903585517	-389225.21543712664	-316379.15595254564	-326350.92122904985	-297927.4421818767	-285504.07517666306	-222597.58119126904	-226206.11220011237	-170241.48124300392	-148135.49610486982	-167327.77459492843	-98070.65883469424	-52203.79068392218	-21953.404509035696	-2431.579223468725	24524.98074764636	74955.20821538538	88260.50562347955	127122.7431727454	168043.21933912038	207062.93707340973	241402.61825265613	290378.5996886163	325951.11472206394	360039.9812543408	388476.14506777906	433600.7928462943	462292.9652050242	494677.3934297261	545608.2132565647	573066.8070967232	632704.8316633662	622753.7231710802	694001.9310486398	749886.9896306719	786557.4842758521	838315.185606552	882138.6926388366	938319.6872904345	984227.5708985336	1.0312783741992393e6	1.078697123462295e6	1.1262411820351265e6	1.1758785977876864e6	1.225221630529694e6
36150.52410106058	36131.30348825664	36064.76889529388	35908.64808167389	35592.3768080764	35014.78373320025	34042.907167401514	32520.617139503447	30333.123772314793	27721.80815871054	25007.965266261046	22066.269775161505	18857.17027140349	15361.81391568709	11566.81314928885	7460.509159610403	3031.613320244709	-1731.4384671052394	-6840.843435023082	-12309.675952231832	-18152.0850507516	-24383.46692607653	-31020.648503334967	-38082.07792463951	-45588.04749397859	-53560.941526406874	-62025.516610614875	-71009.37350795651	-80543.16436331253	-90661.3661149555	-101402.82575177688	-112811.6198858132	-124938.16185611814	-137840.58653096593	-151586.6538699238	-166256.23664213056	-181944.92746063432	-198769.02213137597	-216873.03949127032	-236441.27946893522	-257716.61309985473	-281033.1212456274	-306877.8482856348	-336022.49544998346	-369859.28046578803	-411567.9717670752	-475268.2172533476	-526091.9077822535	-543992.0713238756	-561332.9327823097	-578763.3257318542	-595860.5362976189	-612153.7529249683	-629280.3325889781	-645825.5551938738	-662427.4360926519	-678025.3039512024	-694632.7662894758	-710698.7571385268	-725321.7926280049	-739825.9228576163	-754518.4270017797	-772011.0631397909	-784575.7226726108	-797874.794871194	-815417.2865162909	-826673.1795410484	-838591.7170526546	-851503.3886737942	-865100.8950003558	-878650.7800726905	-892072.9289453854	-902356.5526750176	-913009.2429933792	-921845.5827238685	-932868.8088724164	-945790.3564574553	-957984.3728980226	-964219.5201026618	-973962.4044829742	-982914.6773156107	-992767.5994166764	-996650.753287216	-1.0141751989786606e6	-1.0113824045548819e6	-1.0315068399761319e6	-1.024851873237669e6	-1.0362422171037749e6	-1.0377468990721733e6	-1.0440756657827827e6	-1.0500072245789142e6	-1.0530932755966387e6	-1.0589367919224075e6	-1.0637587308929143e6	-1.067113273201651e6	-1.0690749387904361e6	-1.0715266303109853e6	-1.074944356445396e6	-1.0749464792725656e6	-1.076601171577149e6	-1.0767231179067516e6	-1.0787489972045019e6	-1.0776738009059536e6	-1.0802995126633854e6	-1.0750374606515516e6	-1.0763005799989477e6	-1.072990901670772e6	-1.0723290633980117e6	-1.0688229010753897e6	-1.0703278368806683e6	-1.0638906307928232e6	-1.0609542998191859e6	-1.0565051903312998e6	-1.0531098888113166e6	-1.0441730434821069e6	-1.0438187018434186e6	-1.0447446698437396e6	-1.0238824689847466e6	-1.0164400394828029e6	-1.0134799340288593e6	-1.0064086658159473e6	-996012.7270141104	-982702.9802702251	-974003.5944542496	-965402.0747543157	-952857.768519351	-946553.278697063	-936870.7855679931	-925193.9441645744	-912052.8048908238	-910648.5944128954	-873142.1118444114	-872117.9262200219	-859861.1264735959	-844672.7793505983	-825642.8949924721	-815476.199503456	-814613.5713712599	-797137.3291570211	-771579.4818813957	-721629.7715936424	-741529.9800289823	-728126.1953373335	-695347.5889598753	-682792.5482466684	-670561.508920592	-645998.9378594649	-626106.7661806543	-613412.633831251	-571273.7008920969	-547412.8082549893	-534442.7808618094	-499616.48446362285	-479541.1832948109	-465572.8018452442	-439455.11595056514	-422008.16671486275	-385626.5423498874	-327277.3315424857	-336748.0012285447	-308617.86053812533	-281089.82859495777	-244556.38075668254	-233471.34589114581	-193152.30268372485	-171116.98667027178	-134245.29493223905	-108072.85939751269	-66694.00251289905	-35499.55002616375	-63272.06074241345	22373.083282650157	59949.010970164265	84632.38066158182	113890.09043322754	155266.07299601397	182304.74193171988	241708.5820613128	273683.90852743963	294116.46204583085	337324.30389083707	379218.99989196303	423617.3212014769	457677.69628744264	501126.0543904064	531967.9500401386	583048.8502204183	611903.4372926571	616349.0535783928	679612.4618274912	734067.2094098812	775603.7511230295	819938.8030186535	874246.9424289798	921404.6845547117	966776.5160334089	1.0198125547841943e6	1.0564214971043698e6	1.113672727638101e6	1.1637557721443295e6	1.208266476557141e6
38067.82505808139	38048.690973757795	37985.39682154445	37844.07700260346	37568.414675226624	37077.933041753524	36266.28106477551	35001.97389944532	33142.12893020341	30608.826409114932	27692.069191928895	24681.56493812958	21443.85177285134	17936.97818100285	14140.230399650856	10038.74835324302	5619.618152939889	870.3923199676356	-4221.616386840353	-9669.740914300004	-15488.237202005912	-21692.5029649606	-28299.28070340256	-35326.86734047865	-42795.33800808298	-50726.7908522646	-59145.65311716867	-68078.99084016775	-77557.10056537166	-87613.69473460346	-98286.87517826591	-109619.7778271872	-121661.63554554607	-134469.1245521372	-148108.1299871249	-162656.1492759165	-178205.58471063472	-194868.46433900908	-212783.3498445286	-232125.9306830696	-253126.01368229193	-276096.66324539494	-301488.16720857646	-330000.01072098507	-362854.2004741201	-402670.81272260944	-458653.11758548033	-523321.98664446134	-541581.4982697878	-559291.4060212874	-576427.2522645565	-593787.4540407625	-610907.0329285194	-627317.3167637358	-643506.5794591708	-659763.0030746832	-676328.405279561	-691619.4746692784	-707825.1049001673	-723791.0452758595	-738355.0114144352	-755179.6051801678	-768774.9789782409	-783968.6945712448	-797572.665485821	-811511.2464099971	-829083.0654320228	-839348.3476192486	-850921.4395941689	-865412.4709187429	-876693.1724574941	-891789.8295568477	-902670.7611677197	-911478.6344688653	-921595.9372994865	-933655.9146500342	-948988.8357324204	-956799.4299576071	-965584.5777240896	-975904.175252422	-985759.4824043936	-991685.406360606	-997480.5033690957	-1.014538939860431e6	-1.012289156185965e6	-1.0276670061262159e6	-1.0261520088853205e6	-1.0357942142619428e6	-1.039600601851491e6	-1.0448096929848215e6	-1.0525786537491414e6	-1.05430482081173e6	-1.0616055755218044e6	-1.0644330256950033e6	-1.0682690094233425e6	-1.0711873941105935e6	-1.073534437329701e6	-1.0784947378885658e6	-1.0769556355262562e6	-1.0793029269057564e6	-1.0790830489254093e6	-1.0823550155321239e6	-1.079931773686085e6	-1.0847650980555257e6	-1.078013141888143e6	-1.0787936348991995e6	-1.0764103841019631e6	-1.0749350250724629e6	-1.0723974165824112e6	-1.071871854323711e6	-1.0677545957273408e6	-1.063699260555327e6	-1.0548691777112032e6	-1.058079434076876e6	-1.0501708191793952e6	-1.0410442175993244e6	-1.0429992144182012e6	-1.032862783493557e6	-1.0203111827175687e6	-1.0176843923889201e6	-1.009769806296288e6	-1.002770466519576e6	-988407.986209871	-976018.8772336761	-976828.4242078355	-976579.7259264055	-956408.3205342365	-937434.5669235783	-929475.5235404898	-911526.6445188045	-905507.5125557948	-897718.9814483309	-881949.0090911333	-861862.9734606708	-850157.1963744494	-840801.1517705151	-806744.3232534183	-819349.7515905476	-795810.5937137681	-782077.9877612418	-768261.1316243527	-721070.4019238853	-751385.208776342	-706422.7450333813	-688721.2951421991	-664834.6801470355	-654705.9971036469	-623150.8181783971	-600608.9688681168	-576533.7382450241	-564592.2628833319	-538869.936442235	-528603.4247510892	-497252.16423646413	-480597.80156916316	-449660.8355853551	-438639.271447538	-396849.4554974286	-366778.5679942172	-318803.56082277355	-310073.0616400678	-298964.57113456615	-263253.94959500787	-216374.92529757117	-200501.43015686033	-158163.30051292042	-161036.80356231827	-120312.69907108351	-78103.04863240366	-50161.34211229469	-3588.2333588253823	-929.9302692397614	38109.48733957129	68807.83108696545	108800.59354772809	148230.64862188435	178746.47368710226	218172.53310367296	234960.38136528217	307684.9865845886	326761.3122662969	375170.4623936705	404401.9710253372	444637.06735612423	491765.07017340715	529826.2399219929	550295.4990316855	601126.1050290929	617644.2003191083	664325.3811117064	723975.579876743	768359.0397816391	809192.500175392	864604.9513333773	904017.1320703074	958854.1314627051	1.0022651421864142e6	1.0491412631587626e6	1.1002889761725625e6	1.1432780329183599e6	1.1959100508349768e6
40189.11164684364	40169.89504756688	40108.59331054773	39977.53428698369	39730.83234366882	39303.140863484296	38608.1427163098	37537.65882954857	35964.36987114216	33760.483885162015	30883.733449948195	27662.15559136006	24352.6160468022	20815.66295428785	17007.209842488082	12904.759766959382	8492.001823714148	3754.7484973857645	-1320.6391628441343	-6748.019193397427	-12541.915955166856	-18717.82837398575	-25292.48179122295	-32284.057916105623	-39712.43097017531	-47599.42205171119	-55969.10460152527	-64848.12358996911	-74266.12962983601	-84256.26295730565	-94855.77918845383	-106106.81172894695	-118057.36151474848	-130762.56075294806	-144286.3445185141	-158703.7069027286	-174103.75559974578	-190594.09821028644	-208307.1827961483	-227409.92015204922	-248118.9883982981	-270726.5802145039	-295647.2336514969	-323512.19932046713	-355390.0702779615	-393441.5010728001	-444072.70534674387	-519961.9075829519	-538896.9341305639	-556579.5153314953	-573975.265148255	-591440.6251864668	-608619.235157226	-625533.6210455787	-642406.8556169716	-659158.3376894819	-674535.2826517401	-691874.7995281257	-706106.9566221773	-722236.5546288241	-739114.9409686886	-753113.8759691899	-766530.8045054339	-781783.2549850126	-797578.2319309108	-809444.5520489744	-824686.4667448637	-838435.0891610831	-851421.5869028077	-863788.222740836	-875922.4890489595	-888673.3706420497	-900199.290090119	-910517.1689966668	-921714.0610349812	-935280.1633429364	-947835.5166271022	-954859.5530936241	-965942.6326731369	-974629.1146660061	-986602.4432191292	-991231.5060001484	-998604.2556936785	-1.0112710522040625e6	-1.0134354918358417e6	-1.0255593372252602e6	-1.0277220697285605e6	-1.0358207282733645e6	-1.0418498953649993e6	-1.0457937492931881e6	-1.055941961190654e6	-1.055772549832981e6	-1.0651411899828871e6	-1.065634020091128e6	-1.0697432333958612e6	-1.0736891698936406e6	-1.076116939655085e6	-1.0803745177374869e6	-1.0793349724877311e6	-1.0825716511273133e6	-1.0818016486738937e6	-1.0869614948962617e6	-1.0825597371751391e6	-1.086288688060633e6	-1.0813603918651482e6	-1.0817724415297091e6	-1.0802348612524525e6	-1.0779269407557887e6	-1.0766116709791562e6	-1.074493549246027e6	-1.0715002906240793e6	-1.0676916549347853e6	-1.057820482342196e6	-1.061156371105671e6	-1.0512026534039008e6	-1.0440336603413413e6	-1.0498999527613337e6	-1.0389841104674998e6	-1.0257254615409621e6	-1.0200693848893146e6	-1.0154383393571128e6	-1.0041518323271545e6	-992238.8619558667	-986177.7664809381	-979832.0040342605	-969477.4692186436	-957723.959218892	-949838.5834913866	-922209.3894690312	-927709.1484524694	-913860.1418115359	-908612.3141396663	-895270.9316309975	-879693.5832785028	-852692.0123908403	-836611.2911069805	-848301.953364504	-822956.735750888	-802100.3172100519	-779308.8489783437	-767068.733549424	-753198.7277763665	-732558.4828695685	-711886.3451595693	-710311.559354637	-672805.7558269987	-653139.4744378382	-624695.5618926364	-613834.4132559919	-598896.224683495	-570426.6843954613	-563825.4094608419	-526644.6850131061	-490533.10478495114	-435075.1500295075	-475624.69582464645	-416605.5704262653	-394756.13713954	-375431.24350595643	-354199.1363878905	-336260.1519930631	-310467.75022579293	-275602.5586837836	-240821.27402681654	-193964.3538004959	-191240.5546215403	-146410.89068094065	-131586.65957336576	-99566.43573065457	-65142.43137117085	-30136.866853006475	3322.0464520092937	9294.517558364838	57617.4753148008	94978.99174284813	131482.50168792362	169514.92903640092	201561.09336775512	264763.95149218215	284124.0824518662	318886.5353477948	344153.3220202622	396537.4749140336	443645.58356250374	478554.95389422606	511061.5802817351	545637.773018088	584619.443607026	607373.6576801485	653247.9044037105	713317.007389263	753341.8220318367	805527.9068293923	847697.287592761	898898.6139588354	936322.8063218535	991498.1499347982	1.03273803696621e6	1.087510085730763e6	1.1330126249616777e6	1.1818633551738744e6
42515.11552194791	42495.67479561684	42435.4714783027	42311.517844908434	42085.80794028894	41704.33131261449	41095.95213679352	40171.236680802656	38822.24003096056	36927.774111536506	34375.989573660685	31158.417762852245	27632.05226610157	24021.0050683936	20181.521554080653	16067.596596204676	11655.029654799786	6926.0676572925	1865.2370144730376	-3542.32705683948	-9311.699256762258	-15458.652690916424	-22000.000723838617	-28953.877240870068	-36339.99901884884	-44179.934506311416	-52497.39937769335	-61318.59473560739	-70672.60908601125	-80591.88375033309	-91112.83586757988	-102276.55881072338	-114129.77329043741	-126726.00722855877	-140127.183687803	-154405.72043283438	-169647.34415488745	-185955.1535479702	-203455.4059648385	-222306.22012720403	-242711.23674128705	-264942.26368993626	-289379.6013487487	-316591.0275829259	-347508.8097977356	-383918.81349804444	-430459.4935428535	-514604.5311936308	-535825.5389696381	-553755.75125323	-571058.6402067372	-588619.325771301	-605743.0902260733	-623120.5622442313	-639579.8015350325	-655324.4603006388	-672499.0269907226	-687861.1839318902	-705020.571425304	-720019.6513819881	-735162.6592645408	-749948.3988011118	-766448.6698638629	-782103.4300064619	-794793.0713405178	-808739.8699774125	-822078.8930732885	-836792.4360692513	-853222.268330877	-862661.5200404746	-876627.0158297776	-887133.019729479	-898815.0827514825	-910060.8900940069	-922401.6283735537	-939251.3659859651	-945009.8851961584	-954022.3272718799	-964661.5500739412	-974517.6239112155	-984440.1131621397	-991241.0436722592	-1.0001489061208321e6	-1.0098613891003104e6	-1.0148850722649388e6	-1.0246832854094629e6	-1.0296360111870214e6	-1.0362288741371476e6	-1.0446682235259898e6	-1.0470345409811237e6	-1.0609918075995466e6	-1.0575127548368727e6	-1.0670317743570076e6	-1.0672562638253383e6	-1.0717982604590564e6	-1.0765810507390257e6	-1.079510208645206e6	-1.0824602518576689e6	-1.0821222354923286e6	-1.0867763271267645e6	-1.0849308066488658e6	-1.0926051800801817e6	-1.0855572270522488e6	-1.0885167286785857e6	-1.085655111432478e6	-1.0852136201579266e6	-1.0839369664732926e6	-1.0812551757964464e6	-1.0813389479920398e6	-1.0779389384870746e6	-1.0746747482301139e6	-1.070958930777344e6	-1.065970429424486e6	-1.0642223794285534e6	-1.0579717009972213e6	-1.0542752697199697e6	-1.055472866728364e6	-1.0398745885173972e6	-1.0395073362338203e6	-1.0266930543979013e6	-1.0284250114869124e6	-1.0141720066171647e6	-1.0068362595893382e6	-992387.0871337818	-985772.9844154066	-988850.6419107176	-962738.9964826859	-956348.9128912487	-938114.7983549028	-930710.2363650566	-920777.964161129	-914681.7715302245	-881002.9398942618	-882989.1230501463	-846671.471602249	-851347.8324831766	-833245.4131588717	-833510.2369963874	-817801.0294130808	-792276.5777570519	-761397.5898431151	-758407.1224913525	-738395.8384242938	-721563.1881404156	-711919.7027057139	-686032.6762055713	-657726.1710895242	-644070.1326048961	-621124.6177014012	-599047.908109179	-581128.5820127171	-567585.033030658	-535270.3542370079	-483568.04141266627	-446711.97597332025	-478190.8974524029	-436062.48417930707	-416487.46172923717	-383636.9348755761	-368754.43060020433	-336207.758465933	-302531.50040764344	-294076.5339850623	-254482.83468796156	-210077.67917235132	-194771.03510378237	-157064.5933179374	-130168.61918844684	-109400.36316904082	-72897.90792526054	-46799.632728874974	-6349.73565710691	46464.174236891035	42609.4313508842	89148.99566954392	124420.20680020907	172500.80600347853	198579.75559676456	234054.48857031408	277367.7640799826	304351.7535089447	343265.6765525976	384117.842483571	425971.82316291536	462020.4065946445	497489.7801554931	540206.9604802567	564404.717499566	597717.5640037654	649541.2688755922	698877.4789956498	741868.0135890252	772084.1266511853	836179.8054746881	877351.3805232604	930571.5559982841	973781.4373042339	1.0201092006129387e6	1.072462840289654e6	1.1246884863655695e6	1.1701880955915477e6
45046.59759122136	45026.82624354219	44967.057634728786	44847.93452171056	44637.520772542106	44290.60867250712	43747.659158068695	42933.87997450275	41758.5186940642	40115.614467526815	37890.944564983016	34989.18505580371	31433.36514039764	27601.74284309434	23686.610281664325	19541.226127610833	15117.848732132436	10390.637526861072	5340.416016014526	-49.599537646136014	-5795.53105673461	-11913.718680690603	-18421.244252932578	-25336.308760433116	-32678.543302941514	-40469.305158594885	-48731.98105370278	-57492.342845945546	-66778.90235359117	-76623.41384591273	-87061.41857323333	-98132.95198731901	-109883.4172878528	-122364.71629741775	-135636.7100168291	-149769.1679470176	-164844.41828038055	-180961.0166668791	-198239.02760285034	-216827.86075554718	-236918.38079052838	-258762.74402396343	-282708.8844550387	-309266.2770986386	-339247.346216277	-374133.1673417624	-417378.13511797984	-485879.2694512513	-532410.2394673473	-550660.9734826915	-568433.6860406722	-585371.0881868519	-602882.4533071169	-619972.3287925601	-636820.9547317761	-653556.3191706305	-670312.0692175718	-687257.1049251324	-701660.3275146026	-718061.2119522949	-734665.1922981762	-749697.1507177628	-764832.7069946504	-778487.6317730246	-794273.278730886	-810532.4948674801	-820940.1376711144	-834436.8135091884	-848796.5014790872	-863518.4626053767	-875144.7098493744	-886606.703526262	-898195.6662553591	-910226.5587101209	-924271.1629122053	-936616.4504704864	-943665.3069288689	-953855.0640359872	-964512.4521309978	-975584.0871865135	-983806.4006021137	-991677.5513484869	-1.0024062217651592e6	-1.0093416201832427e6	-1.0167468312559035e6	-1.0244967000828777e6	-1.0320312254020215e6	-1.0369731828407082e6	-1.0484810932460434e6	-1.048543913286844e6	-1.066040645235524e6	-1.0595503178428833e6	-1.0680583916679567e6	-1.0692640624905066e6	-1.0744000306871384e6	-1.078503770960418e6	-1.0830730352198929e6	-1.0840273438872253e6	-1.0854288754997568e6	-1.0908652287930083e6	-1.088599573900226e6	-1.094053155029187e6	-1.0889181116089204e6	-1.091703559231617e6	-1.0892837415237671e6	-1.08842810533709e6	-1.0880719684668756e6	-1.0865915135702428e6	-1.0841760195330866e6	-1.0836347901130836e6	-1.0781473662226414e6	-1.0761695922675636e6	-1.0732529313154714e6	-1.068491924606545e6	-1.062556852454519e6	-1.0528130968049814e6	-1.0539200778713142e6	-1.0508108102197808e6	-1.025686891294118e6	-1.0315718789715364e6	-1.0232115727532315e6	-1.0228040771256359e6	-1.0104911651760254e6	-1.0030026638754513e6	-994771.4488425073	-988311.2008382089	-969958.8972690168	-957462.2512210193	-949308.739473644	-939206.5346564979	-934787.8715824841	-920971.3054011604	-903784.3261984349	-890125.7349724614	-884830.7489350636	-860780.3062385342	-844771.2879388074	-846798.3787986715	-820731.8816732664	-807718.478423062	-783670.0273394159	-753230.5973613465	-768349.7342161539	-730201.9412436662	-706817.3469784164	-695846.8055368874	-676302.0112663815	-661966.9370105674	-632699.0020978241	-616508.3830453318	-588040.0467532198	-562032.1433280883	-536673.5818042257	-494784.1774021993	-456381.0890159866	-474709.18572343054	-452690.80463639164	-423384.50171023706	-387184.1179891483	-380943.8960547585	-340013.2201771702	-328832.54552631994	-305647.5773393631	-261715.913690531	-233655.01265739492	-224293.08154723496	-173460.49121655925	-151702.0358832556	-97013.53595885012	-89647.97376702196	-56684.09006781998	-31001.34602498432	8584.110288640659	36491.92355521041	84145.15457837022	113300.70030287717	153684.40623107244	185806.2780676756	221413.52359649184	261989.3301504312	288608.28681778925	328267.636330696	351148.19296484085	402046.0783068274	452664.97226471937	480570.68398498854	517268.3761377243	554676.0275340716	580816.2056563192	629149.3563483588	680874.184494877	723342.0530636886	756014.5320243135	811896.7522856684	866133.5262867601	916816.6183059586	960134.8053794892	1.0041959076573167e6	1.049599242844612e6	1.0957218723873931e6	1.1453903485699499e6
47784.36629019768	47764.1739949614	47704.312956556896	47588.35169975445	47389.06306668019	47068.1591040823	46575.2385090014	45847.163876610444	44807.30087005257	43363.84123351009	41414.788362962805	38853.35295412157	35600.72035340557	31708.986646258156	27571.213834824943	23349.304299108568	18894.562111882493	14157.656760798418	9111.166875149851	3734.4983033911267	-1990.4568080675963	-8081.118801221681	-14555.14256495396	-21430.981210936283	-28728.301856735496	-36468.32746899428	-44674.17411913701	-53371.18413419947	-62587.33936333728	-72353.6912751181	-82704.91174573629	-93679.96292448486	-105322.91385245339	-117684.0098108806	-130821.0323982145	-144801.10517805791	-159703.12532109173	-175621.12515832778	-192669.0460148324	-210987.75378255642	-230755.76277719805	-252206.4577528888	-275657.5130553844	-301565.3826091352	-330637.9874948691	-364108.7526324769	-404607.89167159615	-461209.7357338062	-528474.4216531159	-547056.0404287449	-564845.0391966677	-582490.5662337069	-599788.2494502221	-616929.5794630258	-633894.4493872502	-651627.2674102264	-668167.6151074916	-683791.6133422945	-700557.2934262289	-716546.3948290576	-731541.1425040055	-747064.9161102702	-761357.7218165302	-777766.255480285	-792306.2797827842	-806105.1513249325	-822014.4723127892	-833591.1542777973	-846807.0152989856	-861544.7316246082	-874560.6712251129	-887663.7159517866	-898526.6990041647	-911515.6081565607	-928668.193991326	-933572.9426428869	-943109.7814788497	-954350.578268578	-965247.5403795333	-976004.8529503308	-984024.067079151	-992599.8662042641	-1.0063753259311009e6	-1.0093933763028898e6	-1.0192591433211616e6	-1.0247985612942034e6	-1.0352142359684096e6	-1.0380350305277398e6	-1.0485010953004768e6	-1.0503457358226771e6	-1.062443736181805e6	-1.0619262238680082e6	-1.0703549440039378e6	-1.0716632482738981e6	-1.077717005337289e6	-1.0811624318783456e6	-1.0844928171407585e6	-1.086305182949844e6	-1.0895256202843252e6	-1.0927940217470916e6	-1.0921952447956027e6	-1.095069725904029e6	-1.0926905047221927e6	-1.095742922705637e6	-1.0933953008735261e6	-1.091770576775444e6	-1.0884488948930579e6	-1.0917024696170422e6	-1.0903881058846116e6	-1.0858284295753841e6	-1.0841782838181702e6	-1.0795782524100528e6	-1.0797069790387305e6	-1.0728833550650144e6	-1.0692615903940736e6	-1.0741750471726395e6	-1.059828859976711e6	-1.0586644269604124e6	-1.0437848816455554e6	-1.0359623118053596e6	-1.0374250481455924e6	-1.0295505149249695e6	-1.0086573982966731e6	-1.0172084646841246e6	-996621.1547204794	-994477.7382427731	-991802.6606204042	-965211.1352497074	-954620.1752594882	-945570.5295543731	-934038.3400177122	-928697.9025660013	-927678.5509639019	-887191.9890638054	-881955.031007336	-867772.8291648522	-851384.6686329653	-838023.8908063271	-831336.8339160779	-786974.5110945853	-772759.494442649	-784357.9281175355	-724780.002135152	-753987.0661821743	-727108.4006660031	-730034.14229603	-686603.0020218017	-661072.4494535623	-643359.4205012522	-612359.6297576814	-597400.3914272494	-561806.5749036106	-560114.1262397501	-506433.72021260235	-459991.70501877	-435118.58835965657	-463520.65657031006	-434068.3893879052	-400981.37065943034	-395872.99251988373	-357897.6040555698	-336427.4288176054	-310108.00014817185	-282933.68116534763	-254617.37015805888	-201491.0326003626	-185378.94064527593	-151218.11603536532	-128250.83526667563	-88155.0243166064	-65000.37409428909	-36220.26092852262	-9804.669789891515	28265.782167412515	78471.9617582375	90496.25079612545	131521.18249271828	170421.28918502823	199407.74460340914	243036.65133520513	275209.7435981703	319148.38610289217	365725.7391914117	397251.47018348257	424258.760964872	470541.59913532593	505510.3679101399	537088.927241524	565712.038330849	608502.4769413981	669473.6211347894	697098.8907599652	732500.2123842628	794707.3137558026	848984.0823603615	893784.1737368132	933522.352168883	988100.5083065208	1.0334184342972187e6	1.0853747240159584e6	1.1328178566492076e6
50729.26296764893	50708.57036975285	50648.22936992861	50534.08086934374	50342.80607383305	50041.54087587567	49587.32913110798	48925.981291072705	47992.12740338754	46707.69895943292	44982.88386915247	42717.91861909823	39814.9300324691	36211.28333942947	31985.635631412442	27540.450310678556	23008.958169272024	18241.307649334834	13186.703078008126	7816.189018716017	2107.7602669343905	-3958.0390316624835	-10399.961160370738	-17237.032125243633	-24489.14735570246	-32177.51974633771	-40325.06861043175	-48956.784227986594	-58100.13328720197	-67785.4843398101	-78046.65786075086	-88921.53525497991	-100452.8579694023	-112689.21047498797	-125686.2934734958	-139508.58652124632	-154231.58311977278	-169944.84894881566	-186756.32471060555	-204798.58495401742	-224238.2827813789	-245291.06442440988	-268246.5576314146	-293513.39141042886	-321708.8810598928	-353865.05281191634	-392021.91577074706	-441885.8145571814	-523515.7779418795	-543297.2214270507	-561288.6304578194	-579052.2749071568	-596625.4270163537	-614105.6109164425	-631353.0125453144	-648023.5434334222	-664479.9626137365	-681196.7916385557	-697092.0147700799	-712767.0189661519	-729478.5714145529	-744557.204762063	-761804.8755907728	-775410.721926043	-790950.9084012175	-804519.4655031504	-819744.8495840402	-835490.3911099609	-846542.2562869268	-859263.8040740038	-873391.0969645875	-886932.5382375575	-901232.4364072892	-911729.9021161238	-923126.2362869594	-932135.5357344777	-943256.44918912	-955889.022628301	-967572.0198782922	-975752.5803571718	-985142.4119539813	-994240.1447205462	-1.008781877723177e6	-1.0099108147230507e6	-1.0231114156782983e6	-1.0255120419666995e6	-1.0401756441669827e6	-1.0394190174586808e6	-1.0502489018187174e6	-1.052478502708574e6	-1.0616686130995362e6	-1.0647150283250124e6	-1.0708511751470894e6	-1.0745008209842513e6	-1.0803722325854755e6	-1.083902374515396e6	-1.0871607700607523e6	-1.0892852169373112e6	-1.0923637339275237e6	-1.0959906839110286e6	-1.096123475832311e6	-1.0974101359626516e6	-1.0968605332037238e6	-1.0975628646485333e6	-1.0979007007701937e6	-1.0959719933991963e6	-1.0990463045390828e6	-1.0978988727872856e6	-1.0956469735016832e6	-1.0917179059461663e6	-1.089004518231334e6	-1.0875346852718776e6	-1.0808413585475988e6	-1.0803565714863988e6	-1.0756649612404795e6	-1.063358747956368e6	-1.0618730957565515e6	-1.0593287752487396e6	-1.0489317291191577e6	-1.0485069967905781e6	-1.0375734785488253e6	-1.0358665398328677e6	-1.026128579369169e6	-1.0138905351248188e6	-1.0036412251680254e6	-996534.0705691343	-993717.4085502778	-971349.1248232177	-975101.7352691297	-950379.939467127	-948013.8453638859	-926906.1518189493	-913129.5949342863	-905868.2627759408	-883694.20142791	-863402.6023115565	-860966.7084519258	-864520.101266677	-837289.0252199061	-806352.4460430001	-804838.6875315916	-788583.1853281653	-766413.1377989764	-752801.8631299997	-733573.201354685	-709811.2124863977	-692298.8667690158	-670814.7369357825	-640371.1473373419	-630581.9275483147	-607127.0870309358	-590144.9432252194	-564606.3443881741	-551139.0880178157	-525086.7282358506	-460022.734856241	-497913.37568337034	-418892.44524463575	-421329.90769953217	-405926.9102153115	-404870.36183817155	-354731.50392503367	-326713.7898208246	-302239.19554298074	-274732.534044226	-226390.36679165327	-184288.9206507493	-163344.41550211638	-151301.4782906876	-112014.75864218484	-82425.50133482675	-46083.01257194887	-30552.18219575967	6535.830651203345	45617.099529822066	72417.9320050233	115302.14401940646	156907.4904514213	184357.4312091057	226946.93804848864	262148.32703993254	302396.716609162	336031.04449677997	360595.8200085123	398248.6515887274	453523.5722445172	481774.3514834537	517752.9667373655	538928.1839448239	591645.4513776607	653894.9473299177	678446.0625245662	715075.1072761964	770811.0853093422	830503.544503764	874949.6832089245	932178.5867462324	967459.0363652918	1.0227243895043421e6	1.0649445049745196e6	1.110488697909545e6
53882.15935596876	53860.896619291365	53799.73525495634	53686.39783615267	53500.70943804931	53214.24973306316	52789.91893745569	52181.12417449792	51331.59514092353	50174.08323361166	48630.35451412658	46612.004273616854	44023.70144883718	40775.873127481595	36821.56215799597	32263.6134097147	27509.438092846365	22665.44194328165	17581.236362251453	12204.66285092113	6505.271262869384	459.64185872505186	-5953.045074351161	-12752.925195245509	-19960.444770378585	-27597.013904300315	-35685.48946197846	-44250.59043081246	-53319.324701278005	-62921.428332172065	-73089.88865008266	-83861.53137086591	-95277.78212678031	-107385.57816625788	-120238.55531158151	-133898.58066799387	-148437.79691267037	-163941.40313808765	-180511.48318117188	-198272.6516341466	-217380.25899189868	-238033.32033916493	-260495.65539378749	-285133.0193583598	-312484.4731807959	-343417.9419769708	-379541.1053503372	-424729.669817414	-501837.3457862726	-539041.4766587515	-557479.9134103081	-575436.7548315141	-592591.7709801872	-610229.0907955426	-628075.3888419331	-644929.0168887496	-660861.5881830209	-678308.6363290595	-694047.9156571166	-712227.3178422207	-726659.5594411679	-742600.873688268	-757459.4299945459	-772691.6506303998	-788314.860079567	-803503.8899834587	-816404.8422121333	-831830.7391021347	-846128.0265570956	-859262.1791989459	-872472.4766036724	-884623.6600368228	-898519.9877471228	-910466.9157767869	-920656.505115984	-931632.8833462384	-944392.0702432485	-960452.2546284196	-968005.231390222	-977243.4561491311	-988085.1316688748	-997575.7073300881	-1.0052879555816886e6	-1.0108944294001937e6	-1.0305400332384601e6	-1.0266176721301626e6	-1.0464077105632848e6	-1.0411527680830881e6	-1.0530655810436385e6	-1.055013914104622e6	-1.0620838546049248e6	-1.0680674699172475e6	-1.0721586269840286e6	-1.0779062733992608e6	-1.0829080670442928e6	-1.0870631263839914e6	-1.089825608306799e6	-1.093093240489607e6	-1.096055323314196e6	-1.0978978488042678e6	-1.0993623470720428e6	-1.1004614151424642e6	-1.1016124493776022e6	-1.1013027679314073e6	-1.1031797857468533e6	-1.1003490777879965e6	-1.1039798023262543e6	-1.0976586312750094e6	-1.0991609998375594e6	-1.0959248055441966e6	-1.0969996307175963e6	-1.0917082623740472e6	-1.0891782235295654e6	-1.0835598360382554e6	-1.0815567420026255e6	-1.0786161524186917e6	-1.0683064897319956e6	-1.073397499691677e6	-1.0581586707978898e6	-1.055068536827855e6	-1.0257794880478678e6	-1.0383967372148477e6	-1.0295495011931336e6	-1.0178673252029337e6	-1.0095668392089198e6	-1.0069162268565344e6	-1.0105206621848096e6	-982808.1343873632	-964031.8479607506	-955927.2204429274	-948163.5134482884	-938875.7787079143	-928004.557365682	-878822.344024749	-901370.3847545311	-879268.9523993046	-868710.0638637659	-871544.6634686582	-866647.8964376166	-826265.249575108	-799482.9500453069	-791587.3237600375	-771410.5529867599	-768867.4601775098	-781884.3580028987	-737228.9007801791	-697343.1332168079	-686368.0393153175	-654066.8872072976	-648090.3183231314	-624285.9133760023	-568587.7010243831	-580361.0154971215	-556073.8579939257	-523360.6806328295	-521734.8487425787	-500136.80295294157	-457260.894677579	-433211.5588626138	-425390.52921610215	-411422.122601033	-370273.7570358606	-338931.6809067822	-308590.5044815515	-277102.6183284496	-251797.75874886225	-212672.57157300907	-170753.8039268449	-162273.57106155792	-123067.25331562507	-87638.39687275124	-66783.89391489542	-42117.98694498307	-11818.71090618783	22751.807643443055	71374.04148905183	96550.41916540376	142547.72740214987	179741.8039650956	208331.44282267167	244296.04009522282	285615.42918885703	318322.5521450785	349419.95070021664	393482.95065419254	427833.09831751016	468765.2576434465	496822.0864917065	531377.6121197871	571551.7191091229	619444.6599701752	671896.7954011045	695141.9545090587	762187.1657165063	806931.1951093429	855546.1070973088	898034.1795547975	927937.877461747	997623.3263614641	1.0417913006467798e6	1.0818512008724117e6
57243.922721068695	57222.06305409546	57159.79377383327	57046.48934331619	56864.40730243904	56588.98296668728	56187.86891025229	55620.549903879495	54838.43185103772	53782.6139209565	52386.86621054093	50570.772761839704	48249.42188961711	45331.8088686242	41736.646517210174	37432.2232821018	32543.186018831446	27478.163513409585	22318.626306119346	16914.122024099226	11211.210228852884	5177.97846498125	-1210.409384316008	-7976.172457005399	-15140.863763547291	-22726.419844168624	-30755.84098530304	-39253.719134432424	-48246.699867717485	-57763.95132635098	-67837.66822812357	-78503.66711173108	-89802.08161225446	-101778.23407164143	-114483.74102509551	-127977.89922464114	-142329.57895902803	-157619.72001798177	-173944.80265201261	-191421.78234518055	-210195.34139847313	-230448.99466485134	-252422.9567594677	-276444.7343225159	-302985.9655342225	-332780.4689581766	-367113.2117986106	-408749.98722595663	-467512.46017781115	-534326.4951217624	-553110.4177738605	-571287.4919628927	-588821.4782692464	-606669.9647645282	-623876.8429004932	-641138.9355751658	-657540.7210764312	-674689.1671200034	-691950.0453662006	-707447.955311011	-723917.8766739867	-740759.4283709768	-755786.4403669506	-772550.120650955	-785950.4144701217	-801440.087419424	-816439.2619017318	-828699.8188043986	-843252.9546598978	-859354.8405185381	-870808.9047757797	-885285.8374181055	-895880.8446140485	-907993.6936833197	-919617.6715762403	-932143.6939355715	-948128.5567416821	-956493.4856599192	-965477.9723493429	-976777.7600484039	-986571.0426571928	-998306.4997063323	-1.0043313801415502e6	-1.012440488455788e6	-1.0254144833962906e6	-1.0281566872580964e6	-1.0411491872361144e6	-1.0433092054151304e6	-1.0523848362059898e6	-1.0581005600982162e6	-1.0631813552022814e6	-1.0723623265115698e6	-1.0740193567976535e6	-1.0822319960210547e6	-1.0853093814529818e6	-1.0898052808626096e6	-1.0932844661893584e6	-1.0961922989961486e6	-1.1012319095908406e6	-1.100856906875626e6	-1.1034719481692817e6	-1.104050643043369e6	-1.1070236253017762e6	-1.1063201504269724e6	-1.1095878005685124e6	-1.105009865527787e6	-1.1069170208871448e6	-1.1049611981138608e6	-1.108327870447851e6	-1.1020787173799088e6	-1.103997271949073e6	-1.096741012095069e6	-1.0974574559594044e6	-1.0897853033904252e6	-1.0779074588579596e6	-1.0873267286749366e6	-1.0755255644149976e6	-1.082935555590119e6	-1.0638346679020002e6	-1.0621548407307058e6	-1.0495562561867933e6	-1.0347546548135597e6	-1.0324291859439882e6	-1.034064294662277e6	-1.0202880394313976e6	-1.0202125735768345e6	-1.0090175919942015e6	-994221.9003118451	-986033.1390771831	-964601.6446655176	-964514.143591024	-946648.3706552614	-939706.9902164368	-916024.4516653668	-901344.7480320863	-893063.8716536954	-880229.7152689169	-870645.3349084586	-873288.7310276802	-833265.4722320479	-828145.9835445713	-817165.0662568978	-816546.517316954	-791501.5077300714	-780260.3502619178	-720155.7513378351	-717009.8288869106	-706828.6653664231	-676574.5967300332	-664925.8608180897	-627711.5584552034	-602302.2938604511	-601849.805164108	-575848.0229907455	-552581.1199167746	-534307.1335976045	-513076.6314582928	-469391.9801376698	-480887.57396213786	-439579.2516293282	-413445.4658420871	-391124.4757845656	-361835.4740980643	-326882.75748784357	-303286.5085845029	-256524.89705812215	-229523.694143161	-186358.04803385428	-150429.10724913917	-147612.61184332968	-119658.36413149053	-71491.89099400566	-68566.72757444513	-40933.358104138926	10675.74654807261	58431.24169173901	83106.9652619657	124301.85092210554	148883.39404845395	194595.84791568265	224760.32320636854	256166.03862195805	300618.001980181	344497.685325131	374240.3426866938	412342.71148390806	437891.43028148887	487242.2171146392	512870.3831338158	543224.7176889845	589330.8403868291	646792.4524016909	679916.5674608655	742600.8539602205	779940.4648772113	836537.797773089	875500.1639033842	916322.2871198698	969247.5420879868	1.0154099872068537e6	1.0659889198081323e6
60815.49165987535	60792.974905225215	60729.380387523765	60615.313952909404	60435.42625522334	60167.899712092505	59784.84532888647	59250.362378485006	58521.920037292584	57549.54534582238	56272.73771099976	54623.98839932156	52525.542461047924	49893.472151551454	46641.863634783454	42697.70132113695	38043.89978739046	32824.58286414179	27446.612897827858	21968.38415824836	16239.739410243434	10206.023046691276	3833.8808354830544	-2902.9474452657087	-10028.107931785526	-17564.623365102692	-25535.98423675474	-33966.86546939349	-42883.69884381542	-52315.186988635454	-62292.812565374086	-72851.4365945702	-84029.95491707082	-95872.11758487031	-108427.57287003755	-121753.12816722033	-135914.47626179305	-150988.45326399244	-167066.14509958238	-184257.25115677743	-202696.41936111185	-222552.79950467433	-244045.11860840317	-267466.88311921584	-293231.7170594182	-321963.438946029	-354702.1817929423	-393493.8906116066	-443990.36460303096	-528257.9367092606	-548523.0364440391	-566797.780168795	-584722.2757413564	-602733.2605613179	-619690.4582452246	-637098.0949531426	-654057.6541515407	-671068.7155757006	-688459.7125135423	-704219.097991056	-722328.8945846334	-737484.9445133922	-752543.2931633566	-767602.5519380514	-784401.5614005474	-799174.485902661	-813504.9414046761	-828750.1744554208	-841168.1145077075	-855073.4683890471	-871447.2469032009	-883183.3794052862	-895492.9766995914	-907233.1113641867	-919862.8694075495	-934816.985591314	-946186.5519409413	-954212.1130840576	-964896.5117371185	-975987.6988368146	-987330.2005336827	-996327.7624482852	-1.0044558733636243e6	-1.0148788544115247e6	-1.02354439117498e6	-1.0302490710061579e6	-1.0397372008351577e6	-1.0460381081985626e6	-1.0527615147264618e6	-1.062096710038401e6	-1.0647905472740978e6	-1.0790486868339262e6	-1.0763522363465435e6	-1.0889675653076333e6	-1.0872585198533642e6	-1.092225774298716e6	-1.0973714895472273e6	-1.100327369629359e6	-1.1046490706212015e6	-1.1044443871523433e6	-1.1085984461380588e6	-1.1083443831229587e6	-1.11404054659429e6	-1.1103488552068993e6	-1.1131677441448756e6	-1.1102099757697135e6	-1.1112818652228832e6	-1.1088006761531224e6	-1.1090254475325313e6	-1.1087736087116725e6	-1.111529415472526e6	-1.1053108451824812e6	-1.1021866739003223e6	-1.0992458474152721e6	-1.0925552863107433e6	-1.0900831734310884e6	-1.0852731616552898e6	-1.091368930617852e6	-1.075984349537874e6	-1.0652455174823857e6	-1.057497728581036e6	-1.0539528977115566e6	-1.0463004670836292e6	-1.0265958964094482e6	-1.022683735584032e6	-1.0225630546627638e6	-1.0236998533566203e6	-1.0014844828454917e6	-986605.0857283599	-971972.4945472316	-964530.3672850654	-937571.2213526755	-953089.8923858607	-937985.7392342903	-908093.072091711	-910448.5685498547	-886799.4204384743	-876171.642437886	-884357.4108099525	-845508.1175882942	-818938.4000803758	-807721.1744937769	-781211.6801731482	-808959.9795812131	-778965.8713503596	-755731.0678424637	-735967.2151207805	-704017.1666543887	-692553.5839125058	-679799.017640519	-646540.7435501141	-605141.9514108617	-608966.2181954077	-594881.1315481574	-561745.0106640679	-502188.27420149447	-526406.82603527	-498916.1748258288	-467695.85735307244	-460375.6112480071	-422615.54963488627	-401703.6220188158	-378418.3591666336	-350064.6278460252	-297577.31451840774	-266909.03378240654	-235912.63416210964	-194911.7118713556	-174931.43649708835	-157831.25808443298	-131761.1105567881	-104113.07766797376	-77153.26130551362	-41480.52889307059	-2410.645611387503	22910.20541625534	69954.10391463543	93611.69088021776	104353.05040771858	168635.01906577515	202976.53522559645	243290.256045961	281566.81936010503	322847.16998173733	355798.44157438324	393774.5179702879	433649.6331023394	460347.7196454324	493610.6806904093	513423.73453604494	578670.4098127724	627393.0652094295	658155.0165278276	714211.0328044833	762877.964741742	807496.3677896184	844652.9515164269	902492.4878945367	945653.6737915201	991795.6277446251	1.041904935021077e6
64597.82724950256	64574.55233513069	64509.37794757521	64394.1495188	64215.0912517822	63953.01822135378	63583.73676160355	63074.87678819634	62390.65316325266	61484.908035580665	60306.69294057024	58795.680001082466	56882.99438414996	54492.8706572596	51543.81988337987	47953.909824352915	43659.723538568054	38657.18681340388	33108.010212108595	27414.77487065358	21614.59134351439	15557.866655240097	9188.780375018774	2472.553315445897	-4618.511026316621	-12109.524348528808	-20025.03049998595	-28390.1432807838	-37231.30482295469	-46576.89946008555	-56457.81791443618	-66908.04504507362	-77965.31535220859	-89671.88821521732	-102075.50047593408	-115230.56288116427	-129199.70550102738	-144055.83412795424	-159884.89029248917	-176789.71833994327	-194895.58240477595	-214358.3787285104	-235377.35060469713	-258215.85257610376	-283237.61095958424	-310975.8452129282	-342282.25054594956	-378713.2559690127	-423915.006124931	-496072.5348849428	-543418.8651613102	-562091.7085326745	-580313.4936360102	-597882.7489759929	-615776.5764801044	-633917.871494303	-650598.1302477871	-667351.8549594488	-684773.5135021352	-702233.7754144564	-717970.1074926115	-734323.3487867198	-751323.799510364	-767928.2660764959	-780701.2606215512	-796841.0447808905	-811535.5232764536	-826437.6421682073	-843028.1363942637	-854194.7825097025	-867376.6366477779	-881767.8046838879	-896661.5797656227	-908824.2176771639	-923063.2106183849	-934792.3017404408	-942799.9027227357	-953544.0327040523	-965618.4299496489	-976998.3738863373	-987833.8959953475	-996402.2005957931	-1.0054705437224614e6	-1.0196375741778451e6	-1.0232204147300229e6	-1.0332303388795548e6	-1.0396816969485588e6	-1.0497384425093853e6	-1.053803464106647e6	-1.0632508473294165e6	-1.0668544999337792e6	-1.082231090154027e6	-1.0791439546352993e6	-1.0905103678699604e6	-1.0899497888513135e6	-1.095739194941276e6	-1.1003662262117225e6	-1.1055709383165338e6	-1.107195936702317e6	-1.108877887959277e6	-1.1153397209674998e6	-1.1129566523017797e6	-1.1211194328775345e6	-1.1149819891691492e6	-1.1174259785148785e6	-1.1161811750943353e6	-1.1164752975212531e6	-1.1164111493712068e6	-1.1119870112206007e6	-1.1140021625582431e6	-1.1114012314557626e6	-1.1096039858368689e6	-1.1099324543444437e6	-1.1019341179258206e6	-1.1061348969317614e6	-1.0954718034103361e6	-1.0905923008589076e6	-1.0969797393868961e6	-1.0798341328019104e6	-1.0723058406225543e6	-1.0679519439778794e6	-1.0640098059211737e6	-1.0554915307277136e6	-1.0440211581360316e6	-1.0348654717776766e6	-1.0272577446516028e6	-1.0261781214801704e6	-1.011685836608391e6	-978461.5368803532	-1.0023473661979125e6	-965545.8999596941	-962578.134956274	-965333.8244159387	-936801.0579653529	-931472.3897045532	-914458.951167847	-898712.7603703903	-898565.4841471356	-882679.6018773196	-867784.8145637007	-854775.4957802442	-825693.5466339868	-820318.1973566699	-804196.3826309983	-793002.2267838181	-750002.7089214202	-728370.9728357571	-747738.024905209	-672218.6913728588	-680189.6087228921	-665463.729357057	-649140.3817616194	-631544.65454455	-610203.1578539582	-588221.6989067758	-547711.6713129743	-515209.88920205395	-507783.09674578166	-493475.5241828401	-440950.51316139457	-448824.53018242895	-416196.3392384544	-390839.22919913597	-355495.532249105	-299922.56697975035	-289440.91570283874	-272114.11143852986	-221904.70257418213	-199733.91022886318	-172828.9803524784	-140181.0137491392	-129890.92014850472	-83472.81380926148	-53608.15023000288	-42134.56558296952	3739.6933450924116	49339.856632038194	79174.18679302902	113836.07297056232	159954.59486367478	178425.99886897224	222087.46563839138	262244.4740813628	300768.1869319297	339944.8527399429	381904.1151751836	422909.34578613954	441828.5462811805	474585.5089232863	499344.4309520085	543909.2659771263	602215.3201876075	641982.8533854547	693204.9702588029	748428.6500886146	783258.702821899	833739.9149718767	879876.9620065277	919319.0005034672	967954.5461678279	1.0225424522576488e6
68591.77939534564	68567.77928324207	68500.93735216757	68383.72061611403	68204.76605577918	67946.39797378861	67587.03553424266	67098.78667395635	66448.95367091263	65598.25940759474	64500.75180867303	63103.38442980911	61345.6826287431	59158.70446210235	56470.03523937796	53199.004431990295	49268.439759548826	44623.246761793795	39272.63775809562	33393.649646614154	27382.63630171781	21257.126889655017	14868.287804013293	8159.170005132924	1093.582561948453	-6357.631560491929	-14221.083820552842	-22522.89695742447	-31289.884138329013	-40550.35159289521	-50334.75775983661	-60676.33820199598	-71611.76499578093	-83181.89149388058	-95432.64743311911	-108416.14590557916	-122192.09614152597	-136829.6511774586	-152409.88196172152	-169029.18265642252	-186804.0844710257	-205878.29985585227	-226433.45600576972	-248706.21831867358	-273017.3716330629	-299825.18703523127	-329834.4574232052	-364256.5208449646	-405608.2803732459	-461915.14733033185	-537586.4220179289	-557000.4415653213	-575329.3059101459	-593510.2835098745	-611302.5348252144	-628832.4026276381	-646563.144033365	-663332.7218684913	-681010.6003659661	-698833.5948377938	-713657.6466603375	-731701.4827630748	-746663.0981899002	-762087.456248495	-779698.7931937394	-795405.4379370676	-808859.8227375413	-823043.1559885605	-837973.666137405	-855133.8862401422	-867433.8138378204	-880341.9630473647	-893078.5949210599	-907490.2707795152	-920015.3491633683	-930467.4489915995	-941581.11855773	-954231.8896079278	-968931.5108903369	-981063.2491023531	-987831.6997397365	-998277.4923412746	-1.0078194423784381e6	-1.0202594845573939e6	-1.023772950397376e6	-1.0383694293106059e6	-1.04040434165649e6	-1.055946275312533e6	-1.0553847451400291e6	-1.0669870936112762e6	-1.0693976432316555e6	-1.0796060375913482e6	-1.0824859049692892e6	-1.0898534385511705e6	-1.0932733945060174e6	-1.100660295467844e6	-1.1038709168683083e6	-1.107643774101105e6	-1.110198553107251e6	-1.1142051732842734e6	-1.1179815461122529e6	-1.1181744921947343e6	-1.1217770785258838e6	-1.1195625941595107e6	-1.12747320484378e6	-1.1209792390165366e6	-1.11998441427961e6	-1.1232543752343236e6	-1.1185745411417582e6	-1.1146664595224697e6	-1.1214603475226003e6	-1.1139759678847087e6	-1.1143870071517474e6	-1.1140492685080706e6	-1.114010029095915e6	-1.088833500863753e6	-1.09695542255864e6	-1.0879211502573781e6	-1.0816730208848768e6	-1.081068492551135e6	-1.0771332312189077e6	-1.0783379298839867e6	-1.0586601447328916e6	-1.0420184132738004e6	-1.0382262580404736e6	-1.0318491414168102e6	-1.0398428229317248e6	-1.0105324078413688e6	-1.0041363434140454e6	-991912.285689004	-997628.1599230955	-975251.4811322852	-975972.606438145	-963252.9343851751	-938762.367822527	-929491.4824617084	-907015.0033750709	-902410.4863256412	-898966.6028241857	-887476.4641071246	-862963.0691866039	-839707.3975007583	-812587.7480738307	-812799.8379224427	-776672.0671178084	-788569.6451272361	-760509.6586417549	-712944.0128916651	-712084.0503778453	-700333.2594987641	-677860.7483860808	-662347.0530577323	-616068.0832121435	-615092.5907414779	-603978.4356593892	-564433.2323045249	-527562.9598668185	-528002.1649594421	-510092.50362091424	-470764.16279418353	-458692.3959885238	-445736.1012072571	-407482.88780916744	-374312.7454960796	-344129.41129776073	-292501.63940895844	-278339.7142012155	-248426.01257076935	-226612.7003731074	-169858.25792178727	-166958.77865508414	-139321.02986371453	-99210.62128920789	-85731.31570528337	-44004.41720360174	-16056.647328929335	21352.105628489226	52801.80156161467	95145.7523471021	133370.98713882332	153787.11390281114	201178.32800878695	237007.13709696772	258692.35304174636	315073.0091545863	357288.30930780777	392991.08848055097	419992.6686905233	454019.69412853866	472711.4319922805	531769.0758860738	581580.9405788665	603645.371421987	670230.0048002133	715140.2743238963	761805.6195660492	801319.1632061915	850211.3923368098	894135.4828500391	948118.2683234799	999360.8037348555
72798.29515728897	72773.45931158168	72704.81903552433	72585.57916331712	72405.5616969176	72149.12911802196	71797.67025601253	71324.72064692066	70702.17671437748	69896.25280548273	68865.6379234677	67563.50526943979	65934.76806683454	63919.004324725945	61452.532531566336	58457.86937617694	54859.22698047815	50585.56527408451	45588.97419260006	39890.76630239564	33681.66987846696	27350.18582587078	20895.87311396285	14170.789113066014	7116.888299352271	-303.43987619488325	-8120.825983568895	-16363.423778489232	-25059.007552943425	-34236.164883725534	-43925.17063931416	-54158.69040812759	-64972.46899010142	-76406.07356810258	-88503.74253513862	-101315.42387915328	-114898.03463766791	-129317.19759334534	-144649.38371743503	-160984.94738428126	-178432.32228125734	-197124.0598811946	-217225.89432306873	-238950.88891166454	-262582.8397475519	-288517.73449362995	-317344.46717942826	-350024.05266578525	-388377.12035424163	-437010.2207665721	-526978.3113308302	-551450.4300634961	-570202.9379921176	-588401.5117587855	-606381.988943303	-624741.2306524666	-642156.5346142696	-659118.0894346784	-676345.5573580065	-694118.3729069505	-710310.3925316411	-728558.9722063753	-743625.4905883356	-760134.9614721981	-774731.6134897058	-790783.5286749501	-806665.3144806228	-823412.3358002561	-835436.0102669019	-849511.7854578665	-864928.5809197174	-879088.4795755276	-892988.0785270617	-904312.0811834745	-916818.8991946636	-928969.6559218287	-941937.6974112145	-958041.0042502852	-967433.0477612342	-976704.7458041853	-988751.0304004492	-998735.9473257898	-1.0123180965681891e6	-1.0174740040274153e6	-1.0251111264856218e6	-1.0418306139517305e6	-1.0417762426152187e6	-1.0588576882379875e6	-1.057500396187945e6	-1.069118233746387e6	-1.0725178172602109e6	-1.0798335100091768e6	-1.0866032034429389e6	-1.091161815204034e6	-1.0973757394996337e6	-1.1032072744149198e6	-1.1075552980549808e6	-1.1110399338893674e6	-1.114539447194979e6	-1.1181326309775955e6	-1.1214380814736327e6	-1.1228996347778568e6	-1.1246258844152037e6	-1.1254330364609014e6	-1.1269874226055357e6	-1.1276090568824369e6	-1.1306587699743614e6	-1.129425114260646e6	-1.1288044125082125e6	-1.1315287757212478e6	-1.1224117868460058e6	-1.1201832175734947e6	-1.120491567935805e6	-1.1175556377127704e6	-1.1122460274571972e6	-1.1157227870984424e6	-1.1089992922699577e6	-1.1082537035344588e6	-1.0974583069156904e6	-1.0893057875133918e6	-1.0854674116069227e6	-1.083771126601084e6	-1.07691788160901e6	-1.0600701997049425e6	-1.0552458924081915e6	-1.0448258515316169e6	-1.023372921803314e6	-1.0261867715744087e6	-1.0180091366709066e6	-1.0060896346310736e6	-997357.8573042767	-996640.9590640559	-977394.720885555	-958108.2369705082	-964948.9987132163	-927447.9835263223	-900685.9465632767	-904446.8880234819	-908184.0933065142	-898856.3792759315	-875662.9150372981	-853810.5593351792	-853149.1556626074	-821789.5922325852	-788709.5052019281	-776315.739004822	-759100.8836844831	-754570.3827146101	-726581.5621588607	-727472.3411235134	-702323.5107985036	-662787.2184733665	-654132.0480989569	-639875.6652855403	-611662.8656089525	-597002.2876715376	-547986.1059553563	-533582.6643227092	-516722.89694085467	-495463.4033506797	-473134.9724940679	-473888.944684299	-417901.762185525	-397424.67862790154	-357327.334905288	-312624.942236489	-295891.4896470679	-269418.56881181087	-245909.8230998328	-207923.46979391045	-180027.21292940696	-157867.97065283387	-124460.42404162913	-107928.75402264885	-77270.91456453252	-38383.235170226835	6049.781220325443	49385.29024213384	72805.50291354134	114594.72100752097	155910.79053574352	186725.12706609693	228062.42364094936	255400.9826705602	299152.97910462896	330504.5305791257	363579.53684443346	405483.17144083016	426098.9392062558	448603.13134376256	501258.7655722128	558952.2535631775	590504.7093275578	639311.0421932486	681660.3331265885	737155.6583878768	778121.1126729266	816223.0879421008	874885.3666127126	922600.4762653846	967705.9103737331
77218.28721888756	77192.61878402105	77121.98138950152	77000.51223921074	76818.52132450751	76562.70859329331	76216.55568066609	75755.72748661815	75157.14192302516	74385.17892006238	73409.97849823243	72185.52051320253	70665.67687219089	68796.44858193367	66515.18674093083	63759.24074791858	60453.49120318159	56524.68487818161	51906.06860589371	46557.55078167713	40512.04653733852	33972.213767605106	27317.41242006942	20530.717222032894	13465.169064548158	6061.637337847511	-1718.9024549818278	-9908.590163802852	-18537.172748518715	-27634.128938020003	-37229.92077187686	-47356.90122916463	-58050.086447464506	-69347.90751888372	-81293.05585006307	-93933.44725757555	-107323.42399737668	-121525.22312391987	-136611.04096046626	-152665.59705613507	-169789.83320848327	-188106.11227802408	-207765.85206142964	-228961.2531659686	-251944.20378460886	-277058.67891337816	-304801.1735488915	-335946.7498497943	-371859.47188608255	-415502.9074974519	-477713.77752972086	-545317.7569450487	-564682.719807442	-583139.6127147488	-601244.5487519174	-619511.038078713	-637056.1004713613	-655205.1001786035	-671897.4583953749	-689833.8313967283	-706984.2557587689	-723844.3685274657	-740275.7737796782	-757239.8082982376	-774877.7583201826	-787993.117477925	-804393.3040354359	-818412.9849775825	-836091.9706820077	-848852.020882816	-861832.3288449689	-876631.8826813262	-891005.0612977676	-904829.4811703365	-916285.1312373695	-929555.2805708244	-945965.6743019591	-955260.9561771858	-964467.6631761282	-975747.4733558171	-987274.6458148155	-999011.0315557674	-1.008624662446562e6	-1.0171153353931196e6	-1.0275314381433346e6	-1.0376089925382596e6	-1.0438580904205667e6	-1.0549549958554e6	-1.0602900923297482e6	-1.0685958067329137e6	-1.076523357758875e6	-1.0811596875615043e6	-1.092285412253942e6	-1.0933789180802156e6	-1.1028776858957917e6	-1.1057490982406007e6	-1.1108657914836784e6	-1.1150821107199418e6	-1.1186224306540021e6	-1.1240775617392382e6	-1.1245954309109433e6	-1.1273575696275963e6	-1.1288122129199395e6	-1.131479959981772e6	-1.1329730224246222e6	-1.1377536965951102e6	-1.1346253049917729e6	-1.13767716097342e6	-1.1332391649643395e6	-1.1338778556943298e6	-1.1345481112150378e6	-1.1344783177856205e6	-1.129123196404493e6	-1.1261219267772555e6	-1.1189656340662844e6	-1.1211887880656421e6	-1.1131813099881846e6	-1.1137183606797014e6	-1.1158673988790314e6	-1.0818599386240966e6	-1.0791969300440117e6	-1.0917761560999493e6	-1.0802479022139423e6	-1.0925985209431595e6	-1.0653236212306477e6	-1.0527653226464747e6	-1.0504046591853702e6	-1.0545419692250548e6	-1.0399808034163266e6	-1.0221988421899918e6	-1.0095714560910449e6	-999625.7134714478	-1.019572237194722e6	-971091.4256251713	-969800.700620896	-955240.5406092082	-933663.4007462743	-925648.532410891	-910136.0173465447	-903572.4450628196	-878843.7188521414	-866697.0944806817	-855166.9847885261	-824704.1153809123	-804598.3465153358	-811869.2206933107	-779860.830854978	-760072.2965410557	-722959.1482328163	-763488.6795542904	-707725.1067508243	-682817.1976961885	-659474.8622037121	-636832.638243028	-647628.9907549231	-614430.3203380508	-558031.9251531442	-547943.9848605415	-534113.0285310897	-501643.94955643994	-479419.84695112525	-468893.1685653127	-431253.54937132524	-433354.02809035295	-375273.5423545617	-340646.6708009395	-290161.86801374034	-266644.02808766795	-258105.6884125679	-232815.25864042464	-204888.28650077694	-174915.20899943012	-146796.20347709238	-138974.79205249558	-84500.47148799553	-43786.521868546784	-29411.923413499084	10494.18841535243	52554.23209643335	81484.0007993548	127696.06774125545	158145.24434081715	194569.4037015952	224346.63050407375	264992.81748654944	306589.97898010275	341081.9854022462	381199.30496583757	417066.81215335074	428010.41526873055	481908.28733722045	539646.835393266	561749.0472953755	612972.0545473432	661639.927962031	706531.9304729269	753501.6974845983	801036.191983409	849403.3029233988	893853.5088138904	930643.9694701692
81852.66123412931	81826.16674140679	81753.37550696186	81629.10049996502	81444.47579389173	81188.38732535296	80846.99298628044	80392.75719011461	79810.46910217138	79070.26407795274	78138.63491500777	76980.90903469021	75550.97382476434	73806.47963569943	71684.59590867994	69131.24188019487	66079.76096162891	62457.076445624945	58195.92682029361	53230.36892143043	47529.56495880743	41136.91708087931	34265.41894397084	27284.304806459753	20161.55174982507	12751.229588088288	4993.134690961597	-3153.1845396595963	-11721.407596730474	-20742.92616317953	-30249.001506766464	-40272.06006139651	-50846.65593245323	-62010.3060811091	-73804.32727197441	-86274.78286728867	-99473.58922212987	-113459.90546054911	-128301.85505187188	-144078.97429561024	-160885.29825059627	-178833.89656806324	-198063.3140436305	-218747.3127516002	-241110.20006629085	-265452.31909160723	-292195.76878367766	-321974.66476120346	-355839.7695855854	-395835.0737127033	-447453.56825401937	-537159.500487346	-558630.5810259464	-577490.9005451344	-595992.5192875287	-614091.9506873686	-632842.2178324605	-650098.3413831217	-667799.2968652337	-684921.0424595168	-702487.0851900987	-718994.7137450124	-736509.6272762369	-752635.9527514814	-768212.9049741579	-786049.5025597801	-801931.3888394244	-816039.8844812838	-830288.0057152072	-846342.7574894081	-861371.1648746647	-874701.2370102264	-890030.9445852053	-902313.1036693614	-919690.513061242	-929354.2822450551	-941777.4453131936	-951995.898908921	-963850.0766766928	-976819.3318580203	-988686.3774069177	-999192.1020877706	-1.008551487466834e6	-1.0181128625655861e6	-1.0328275157384735e6	-1.0367848540769983e6	-1.0470394259807868e6	-1.0543137735416912e6	-1.0641809472883143e6	-1.0693569995157558e6	-1.0825080907740046e6	-1.0832032379017342e6	-1.1024390911916343e6	-1.0962584077781413e6	-1.1072350663316865e6	-1.1081989166821789e6	-1.114078557504189e6	-1.119861809226284e6	-1.1238131488154833e6	-1.1280827038781717e6	-1.128631480644418e6	-1.1336267508662676e6	-1.1339449549515194e6	-1.138353035364437e6	-1.1372079166078109e6	-1.1383191541876597e6	-1.1403698200833702e6	-1.1431683705799908e6	-1.1352863147235662e6	-1.1458458978880404e6	-1.1366072803124452e6	-1.1421749325646718e6	-1.1369397682882384e6	-1.1293921280220964e6	-1.1306830178899567e6	-1.1319933809597187e6	-1.1217612166170354e6	-1.1159753731278793e6	-1.1264485358328153e6	-1.117061094933066e6	-1.1081084466223915e6	-1.11824774131063e6	-1.0946835406707607e6	-1.0826238275733807e6	-1.0725967058593214e6	-1.0593466491500444e6	-1.0699970457540948e6	-1.0591596137671962e6	-1.0386733695095293e6	-1.0384860730793546e6	-1.0211858521917998e6	-1.0025699752032107e6	-1.016293968562685e6	-999175.5456670651	-978381.575672518	-968872.3864213501	-922622.8040178593	-947836.3887449824	-923349.7456923602	-933722.6805361493	-892215.6366041387	-878581.7755424301	-858595.9998595486	-831127.1623856113	-835468.265358018	-787990.7366602414	-804677.0217494906	-769949.065867879	-774080.720246885	-694443.0866305463	-740396.3858989589	-704997.1094919706	-666986.1298721891	-670626.5246294944	-641232.9072156267	-621583.7068739648	-584679.8068093774	-571972.3889537256	-558338.9975966346	-514931.2434191611	-470796.40026253863	-489380.6001232046	-451480.5861084958	-448936.80468507187	-412468.8481960439	-369820.1754668386	-332694.2414915006	-312930.57004595484	-286759.0496721103	-255655.7104686902	-223360.07281130675	-198285.77342138562	-157926.76759529795	-153816.34114019602	-116383.2162550714	-78361.7116540799	-40596.017925510474	1173.9829860675964	15055.867004920437	63104.82376834442	112682.15400061122	137987.25112385087	169584.10829685553	205937.36520617286	242946.81058725406	270127.4923871832	317830.75363301643	352714.9204937296	387441.1951722211	407984.99110383977	459395.549857774	501115.7312150972	539750.1193677827	573730.2429188637	631332.7338776027	666527.2827921507	723518.9312143743	776208.023380649	814169.025358876	868500.7414981776	907697.0516482161
86702.29465260508	86674.80390002026	86599.87841711416	86472.93600689247	86285.64916025347	86027.59742443018	85686.4845400123	85239.23927093971	84669.56133248919	83953.79295673897	83065.226836227	81956.06854067597	80602.39076713155	78960.74049037928	76977.09049256508	74597.02774706492	71764.11396727018	68411.30866438425	64471.66568886016	59871.45937308401	54558.87768761719	48505.63331054454	41765.78039057783	34561.40760582687	27250.85416414225	19788.2716376663	12028.776869024034	3911.1063712709147	-4606.64974075112	-13559.742342292215	-22981.26522220942	-32904.34033193356	-43363.469014506074	-54395.51445868877	-66040.67965171243	-78343.37738436332	-91353.3121659159	-105126.75824885452	-119728.15222261856	-135232.17513256852	-151726.5446605048	-169315.867120112	-188127.13069344196	-208317.7981319604	-230088.2823761833	-253702.15468270407	-279521.0577489375	-308070.40207421815	-340178.2235928712	-377324.4661426641	-422821.66416949476	-490141.30491999036	-551974.7790178363	-571408.5021855838	-590046.6694322929	-608359.0467662013	-627034.8036077197	-644627.916990978	-662930.3632487291	-681163.2982302478	-698024.4675970823	-714446.5062769023	-732263.9740613811	-749198.8073069607	-764885.7584739458	-780520.2771849853	-797205.1563826185	-813231.0395560523	-830357.2980177563	-842599.2170483654	-857223.1575156911	-873550.4551113257	-886857.025712305	-901876.1080149496	-913453.615022955	-926503.3713603185	-938637.8375988868	-951252.670116999	-965550.8461606523	-981888.0452919835	-989558.4350018536	-1.0001364615063262e6	-1.0115105424433816e6	-1.0212414984777989e6	-1.0320661856943078e6	-1.0372852592080156e6	-1.053221651619803e6	-1.0549177862340442e6	-1.0711390194763702e6	-1.0709314070101746e6	-1.0834535593667992e6	-1.0858867349584114e6	-1.0972612238683507e6	-1.0998169594592107e6	-1.1085856681224555e6	-1.1116578217262821e6	-1.1187841148929284e6	-1.123315164263085e6	-1.1280296168132788e6	-1.1310647500682606e6	-1.1342834245091449e6	-1.1429614528773695e6	-1.1391284823889632e6	-1.1475279213204174e6	-1.1404896592397937e6	-1.1484169955062803e6	-1.1438703077823361e6	-1.1469529385786846e6	-1.1473681118956844e6	-1.1463102947637977e6	-1.1471468435392121e6	-1.1463998117543072e6	-1.1439218005907277e6	-1.1444636007389456e6	-1.1402197818382657e6	-1.1465568075376358e6	-1.1272913534335974e6	-1.1250966886592659e6	-1.1326499299656635e6	-1.1174507086560084e6	-1.1082013036221827e6	-1.0976500423665526e6	-1.1037483359772775e6	-1.0892435898470716e6	-1.0810422406139749e6	-1.0759260935667322e6	-1.059166175584798e6	-1.0762829830951046e6	-1.0543774388451946e6	-1.0724211781743213e6	-1.0241073208844326e6	-1.0161901440960779e6	-1.0381644546011074e6	-1.0076687654585065e6	-985643.8230703839	-981062.514252947	-966538.4882130455	-912282.0324965492	-920312.3832341125	-941546.3699001966	-921110.1697262735	-890444.3149649105	-856586.5763767369	-838452.9224169774	-822472.9598095093	-797441.6080071772	-759626.54147708	-796321.771714366	-807037.7514037776	-727707.0367231658	-756129.9417429185	-720178.7687469679	-700242.3565973938	-686585.9011272471	-658440.4717008569	-631752.0628355739	-610789.560635315	-603335.3651990558	-565087.7495467511	-533209.1983310641	-522285.29043625767	-504473.6173103082	-508775.20880005445	-458083.42935120995	-431527.528965954	-386009.6275786318	-354170.5177114767	-324612.7580240977	-286083.1639541833	-275593.84610604803	-248907.42389623198	-220690.17969358742	-186060.70724727336	-160006.29446455633	-159538.53135453613	-98368.78076889674	-67371.91160053463	-18832.161868686613	1319.9375803146395	35129.84943088767	81295.44607730088	107277.90305821662	139993.61649848212	174560.03688425262	213297.6272749246	255382.5263760981	282360.7067965117	330559.31209197844	362317.9539112567	384280.2584753015	422426.37037574657	483083.2988885373	512127.0279489236	546672.1726447872	604266.1240348227	649159.6192214217	699733.1077289942	743315.38516705	785063.7542968213	829827.6043495226	879127.9746505467
91768.057006357	91739.61472554624	91662.18888580654	91532.19055835207	91341.81027317487	91081.33067281773	90740.0275598299	90297.00334418986	89737.86858304893	89039.0672409706	88175.63621954489	87117.34879672111	85828.18778180901	84274.97852378325	82405.21026062782	80172.97053638066	77532.87474711303	74413.90703409916	70755.16287955665	66490.19501514905	61553.40075581914	55892.36981632991	49486.327334888396	42399.00744507136	34860.291434590894	27217.049941559322	19410.779097606544	11297.645674857165	2815.2906747757806	-6079.646126369567	-15424.038791468512	-25252.74628748165	-35600.83550599892	-46504.97885749148	-58004.526929022395	-70142.51350653454	-82966.68453897387	-96530.69100423306	-110895.5566209747	-126131.53226366249	-142320.54598243895	-159559.52396794007	-177965.0892737316	-197680.2720390977	-218884.76215476924	-241810.98464498826	-266771.04211039696	-294205.242388067	-324778.6658402059	-359602.66577111074	-400870.7319393388	-454685.83920907124	-543747.7681521683	-564853.270749975	-583933.5458122015	-602656.9578335376	-621009.0876096592	-639205.0733751906	-657556.7299090612	-675602.6369200696	-693211.8890616358	-709997.8938439391	-728182.1044188191	-744498.4185270304	-762158.2712446402	-778425.7783814438	-793144.6651472873	-810123.3897857771	-825131.1381083499	-842193.8686555922	-856253.8089411147	-869395.296222385	-884711.2813847568	-899299.8880605323	-912869.4208652717	-924966.6714713057	-938238.2982694511	-953536.1067332034	-967440.423600096	-975489.589297157	-986625.5366828353	-998697.3740466603	-1.0100225503047348e6	-1.021985834938304e6	-1.0297421852186446e6	-1.0389253398915345e6	-1.0534507945718637e6	-1.0564176427367877e6	-1.0722138964217522e6	-1.0732466607686353e6	-1.0849116107540552e6	-1.0893422936290165e6	-1.0970559674880551e6	-1.104339160559859e6	-1.1095763263228445e6	-1.1161084466910085e6	-1.1230354234816749e6	-1.1271327052784362e6	-1.1315332135658565e6	-1.1357800393622504e6	-1.1391236865127773e6	-1.146099271000216e6	-1.1447582777849769e6	-1.148034245213789e6	-1.1430311902011798e6	-1.1528779042579257e6	-1.1511573661030964e6	-1.1523763532213285e6	-1.1540346747477169e6	-1.1520448431206888e6	-1.1564362435178861e6	-1.1414000474216088e6	-1.1503385756559977e6	-1.1497007520216617e6	-1.1444470100629723e6	-1.1370956464541699e6	-1.1379479794021985e6	-1.142183969487978e6	-1.1234832708627658e6	-1.1314322109702402e6	-1.1255432162528557e6	-1.1176582637559853e6	-1.1106827305493453e6	-1.0897846640131238e6	-1.0987739157865893e6	-1.0856802581736085e6	-1.0705530707131217e6	-1.0771788159410416e6	-1.0455894122917443e6	-1.0488158866283651e6	-1.0428313792243835e6	-1.0356639167954843e6	-1.0282138902872384e6	-1.0323543264601843e6	-1.004200664746077e6	-986517.6699423026	-966725.6575598251	-962745.8867562378	-953417.9807773945	-945743.700533903	-931703.3208866108	-906289.8103037961	-889820.4517820477	-882396.665627863	-845279.666549826	-823246.7565701392	-807935.2891035469	-803509.5984898403	-784267.2207958291	-776938.3251030871	-760518.5155371132	-735805.6336717694	-718954.2989825842	-696532.5079686737	-689565.6768032308	-655709.0562013155	-635682.0772316679	-620619.6422958239	-594679.0312124633	-561022.4093699988	-505590.001250021	-512129.6262739844	-493293.4697353368	-472665.40339981235	-443923.6838139885	-418777.52199860784	-367780.0853359311	-346795.1297529366	-316120.31866189727	-303285.3936478764	-267800.2866649789	-241205.94500891241	-221649.78252359416	-182532.16701647622	-175403.46313425835	-124988.65871142998	-85151.59998794954	-58055.16170540528	-31132.64955326292	9949.050442796375	46111.47847975389	88400.28866658703	117942.69687021774	155067.85815486935	192363.2809809271	224717.00378865114	264523.6655670695	303858.0351208897	328808.947376643	364603.98779989284	394833.56595288374	456093.20834455517	488351.75228397426	506234.0707641474	574154.8126309381	624634.8281493706	669216.6812978887	709498.2777898719	758648.5736463012	796523.6303512778	854739.7250251414
97050.72044130223	97021.35297264188	96941.87154453614	96807.79680485724	96614.52838764963	96350.8326759331	96008.30041689388	95567.16880421899	95015.82104762584	94334.55833286014	93487.74158108025	92473.32266543273	91237.28569878696	89758.16012837617	87986.7755113621	85880.64919836589	83403.91093518454	80480.27418706095	77079.27408195392	73104.96052158086	68519.1715387583	63243.347158316494	57231.69934801757	50472.18349458474	43036.93908588172	35162.17379102664	27182.883552748594	19028.97925254451	10557.649374740678	1705.4383818422648	-7572.505478873936	-17314.72178221286	-27557.901951989872	-38339.14912165553	-49697.427996463404	-61674.7169549746	-74317.08187178065	-87675.8521178108	-101808.95744729304	-116782.60217111564	-132673.4427992567	-149571.46242180967	-167583.96571732557	-186841.23541280287	-207504.9257160795	-229780.97494396375	-253940.56721748755	-280356.4788652196	-309571.6805813741	-342445.1065121647	-380521.21966440533	-427298.24929997	-497677.4699782399	-557672.9025108677	-577367.1292158603	-596374.8524626631	-615455.6118427981	-633419.4893497343	-652361.1017973772	-669651.8791104734	-687422.8997791307	-706058.8095616086	-723656.0677669095	-739845.4727771145	-757356.697978186	-774633.7332770885	-791700.5775003857	-806591.9508625446	-821835.912156391	-836883.8466363093	-852431.0162339506	-871134.3020774096	-882487.1109868821	-897862.042022489	-910635.5474449091	-928536.4364617178	-938854.4179752932	-951914.1616566654	-962074.4969233815	-973981.601780345	-986817.1678612609	-998855.0299273804	-1.0107740144589287e6	-1.0202133211274806e6	-1.0298913622226205e6	-1.0424703032258926e6	-1.050358594524083e6	-1.058928130106419e6	-1.0690213581702807e6	-1.076462508938046e6	-1.0843987129576802e6	-1.0939946397954829e6	-1.0984161967071889e6	-1.1110079244329927e6	-1.111931242284275e6	-1.1222344418350828e6	-1.1252742618499547e6	-1.1302286910099303e6	-1.1353266528871418e6	-1.1411697580717471e6	-1.1456567490682628e6	-1.148388932952237e6	-1.1516759046927209e6	-1.1520174926613236e6	-1.1508135722910494e6	-1.153281205789849e6	-1.1672949175706613e6	-1.162736078520064e6	-1.1633414085396281e6	-1.161556028535738e6	-1.1574169533338493e6	-1.1659727991563978e6	-1.160591222543637e6	-1.1618527995276256e6	-1.1553468916716997e6	-1.151578670355142e6	-1.1471068308107532e6	-1.1388731004697008e6	-1.1463815883012395e6	-1.1460662719983698e6	-1.1270824833544109e6	-1.105760931911479e6	-1.1135034858957923e6	-1.1180598286298073e6	-1.1049345715127315e6	-1.102978505509215e6	-1.0931517603112157e6	-1.0864439853425256e6	-1.084687565080099e6	-1.0671237786167264e6	-1.059781130321998e6	-1.051810416388781e6	-1.0502382241068569e6	-1.0411253106621441e6	-1.0212859530751454e6	-1.0060170110300069e6	-982958.0343676601	-983877.1475397111	-962052.4921372053	-953569.2120679456	-949174.5214350654	-926015.2130175643	-890235.417926301	-882500.6266219465	-850606.1431617995	-826179.1526695245	-839049.6687602885	-824819.8532908815	-808547.6216323925	-786978.1467767204	-778806.3012496682	-757303.8600573651	-743408.100619362	-715571.462392818	-708369.8947550589	-666039.7040184571	-634382.5975598267	-624963.4065999372	-615077.4215611606	-596432.1790595204	-557133.6015338507	-524494.3201546536	-511160.59907589207	-493238.45793089346	-486063.5065435118	-434098.893177599	-404907.5286127495	-393530.7442506126	-341722.30890727305	-305206.6511314598	-292953.67842355213	-268366.12014394096	-243625.88054505578	-206757.01194752782	-200423.77064397122	-143039.97308244585	-113328.06728145183	-83023.81624007813	-40187.49331845931	-11825.52075539279	26811.489263727504	57439.7743690472	95825.90422651189	136845.97582855466	162220.9219592588	200292.56374227552	243810.2826876116	280421.7155025063	302825.5719774814	326967.8693359617	372116.7968340797	405654.4141095222	458932.2461456719	489211.10405520693	540515.1814143935	594935.886614179	635448.7631544347	671540.191210632	727418.5259920915	778543.1511144291	819658.1575780751
102551.02548683461	102521.03556037664	102439.06627611883	102302.44084545289	102103.71658568949	101836.0744145891	101488.46937250101	101051.33432701201	100505.3660317284	99832.51347018743	99013.57335640493	98024.70571524694	96833.97481970253	95413.95197465186	93722.20214808968	91738.23485112857	89399.25548611404	86651.39342837737	83462.18469885185	79753.88881928747	75478.72053155617	70557.15842887157	64939.228619235044	58576.937628771266	51463.741734664625	43679.88824453876	35467.149241315594	27148.345841162634	18642.78419478015	9808.630672993342	581.3130109248959	-9085.543415180407	-19232.195708671672	-29897.24115683879	-41119.915693535964	-52941.60465131278	-65407.071375751824	-78565.63180413202	-92472.46856559138	-107190.14500693232	-122790.5362768262	-139357.359671737	-156989.57618475833	-175806.1937321634	-195953.135477492	-217613.71823205857	-241025.08378560934	-266505.7786673246	-294505.4064444217	-325703.56700439396	-361237.06101075123	-403353.5024009302	-458331.0519004674	-548840.3377507601	-570215.9247924674	-589606.8537291649	-608664.3993580549	-627488.2405471795	-646417.3860453062	-664260.6191513641	-682404.2129588232	-700382.8755918345	-718032.036191849	-735210.2294480302	-752515.1420823943	-768954.0034911106	-786161.3111134833	-804431.465576136	-818754.1079998768	-834213.824723972	-849735.0155661404	-863747.2615476707	-879696.2109749562	-894874.6348020106	-909864.008418683	-921731.5283558469	-935186.8344183492	-947812.9785944992	-960768.9446465233	-975178.1450029451	-992153.2658779286	-1.0015416891819106e6	-1.0106660411018622e6	-1.021887911891089e6	-1.0320563635284987e6	-1.0469758972105191e6	-1.0501213698620538e6	-1.0635752897241088e6	-1.0687461169155438e6	-1.081725092783005e6	-1.0853601485323417e6	-1.0967967764462316e6	-1.1007093009100652e6	-1.1172425788674445e6	-1.115044411375173e6	-1.1262721719736843e6	-1.1279239839591302e6	-1.1356874929038736e6	-1.140813343260117e6	-1.1457476102031816e6	-1.150301906803858e6	-1.1509321647158281e6	-1.1570555376691185e6	-1.1574443134535328e6	-1.1616484717706495e6	-1.152549728530899e6	-1.1686993390562998e6	-1.1680281755367105e6	-1.1672000393334357e6	-1.1556965060985836e6	-1.1671127058150284e6	-1.1686574761701736e6	-1.1578579343027803e6	-1.1646278199688005e6	-1.168214509557045e6	-1.1551559191842563e6	-1.1554944059484452e6	-1.145377747586255e6	-1.1593345523726756e6	-1.1483217811622715e6	-1.1659885339225857e6	-1.1334020797862147e6	-1.133781455436134e6	-1.1199534308892875e6	-1.097834778341269e6	-1.113547362113337e6	-1.1083117625553142e6	-1.1101784395818505e6	-1.085797067343948e6	-1.0809011296923014e6	-1.0567585378235558e6	-1.0703530746326956e6	-1.0519099853911689e6	-1.0541236116464667e6	-1.041393712797967e6	-1.0232256325026583e6	-1.0025882874214e6	-982027.8451921109	-969154.2761651597	-966497.2693302045	-974186.0959381303	-942404.0661743504	-916031.6951102144	-910666.5922420304	-867136.143051275	-835828.4021868717	-882235.0400373633	-857733.453216362	-836649.2752631058	-808211.9385504986	-801455.1348251037	-774915.1861488931	-751531.0699016424	-732073.9133478173	-708191.2136175802	-687145.2267416478	-652066.1940847251	-648185.1471725889	-637497.1766278243	-610755.2836958645	-588272.6312687891	-574369.0626403508	-535752.5339221903	-517304.23770887154	-494017.0486062563	-458149.3896427954	-431959.9006985848	-385772.52653611527	-377454.31041444774	-334476.4248384147	-288994.92654138413	-288892.2820169505	-257589.4013921086	-238112.41950414685	-209222.24164425052	-176163.6772884967	-157987.26471874426	-99166.56351558008	-68349.31823713548	-21694.04291525978	-4293.947926883877	33863.91244608833	69030.13831534906	105143.51323983277	130930.48875061021	169759.36938133993	217844.817982746	250399.7256717218	269210.41901142866	300982.22212881705	331197.92299478146	387934.40726170706	442836.1736891616	457329.58031462756	518062.7871535641	555103.0262519463	602439.2630113687	640362.3170052262	693478.8529366178	730667.0432680834	783972.2711464434
108270.21870451764	108238.92333999209	108154.49929497697	108014.12153797195	107811.08494471633	107540.21845775351	107190.20964523838	106750.25875179551	106206.50124644132	105543.08367928388	104738.07896476246	103772.18728674701	102617.5767608444	101258.19835021562	99640.59592810376	97746.88189125372	95523.83580651555	92934.64185997975	89930.9236806526	86446.53859765707	82447.23150592929	77853.58935514171	72605.22116828713	66643.16845283651	59928.89513679345	52461.46394376135	44328.14186564284	35775.30350789838	27113.429611480737	18252.11019410912	9050.435523412423	-557.3089325438195	-10619.058930786414	-21176.844447955446	-32271.248244925126	-43943.743558962655	-56238.27065777074	-69202.55362996302	-82889.38499925689	-97358.09778898724	-112676.29742684972	-128922.03997424216	-146186.85584851747	-164579.73252623124	-184232.90271215397	-205310.2647547197	-228020.46174754412	-252638.00671605265	-279539.86504196236	-309274.3691365134	-342707.2136492172	-381389.8506731692	-428812.5905708515	-499431.4460050762	-562418.8068870439	-582489.9620276173	-601579.8972540626	-620744.4560030042	-639839.1413759084	-657951.5322181527	-676237.2306096517	-695358.0133086958	-712089.0212285146	-730325.6336471338	-747586.7820976172	-764520.1686533408	-780712.5008362415	-798151.8382551777	-814599.774973599	-832140.5681905553	-845893.7000732103	-865451.0791436639	-876731.3249983354	-891162.7187187835	-906801.8418833688	-921900.5642908507	-933723.5283427883	-947553.1410681601	-963387.631777253	-976814.9834007411	-985653.703297768	-997239.0182777147	-1.0098540957319916e6	-1.0215098953720501e6	-1.0348016508608107e6	-1.0423781303975466e6	-1.0512999651028852e6	-1.0692339750863195e6	-1.0697859581924446e6	-1.090306073773276e6	-1.0873434714124028e6	-1.1018837457194184e6	-1.1038162801727955e6	-1.1138362879535642e6	-1.119186165592777e6	-1.1272459676617854e6	-1.130411324394805e6	-1.138794819309768e6	-1.1439696200033713e6	-1.148699891864812e6	-1.153690215344984e6	-1.157738120247683e6	-1.1658917174278416e6	-1.1647138756170536e6	-1.1680250296617707e6	-1.1666452960904343e6	-1.1733314832215845e6	-1.171993350185391e6	-1.174974429967514e6	-1.1739513066295742e6	-1.1791452531141054e6	-1.1782731524480125e6	-1.1713540868005075e6	-1.1641751059383592e6	-1.173835740056767e6	-1.1668552584230946e6	-1.1760321934764117e6	-1.1675220020379212e6	-1.1596546894055016e6	-1.1608359716944692e6	-1.1475887148308863e6	-1.1393608503618191e6	-1.145037326919349e6	-1.133124620081768e6	-1.129389195617909e6	-1.1295718199577336e6	-1.1149616495488824e6	-1.0993485487533659e6	-1.1217019992063385e6	-1.0898136415258509e6	-1.0696487444972193e6	-1.0834399980762627e6	-1.0892958688732905e6	-1.0621768708367173e6	-1.0662111428801457e6	-1.0445577765409809e6	-1.0105459276197066e6	-1.0002681675105926e6	-989715.2086326743	-995581.5077034764	-987035.0672955685	-930586.2111580004	-947696.9649700283	-927505.6494203617	-876786.8439017353	-864790.126330941	-901044.5790986188	-876189.9613854294	-847169.9323992063	-837135.9219057218	-820474.4690116365	-742339.4111186671	-713869.2755245201	-790749.562879476	-744064.1711105953	-710042.2307935243	-684789.3047583785	-681432.74706342	-652287.2575861483	-621697.9212446471	-607516.9999227454	-585902.0999072909	-556707.7604781473	-506621.5193000327	-511418.9192675192	-490329.3577573996	-449707.3218041531	-425716.67726579384	-384809.9179801981	-361438.1192759162	-316988.787911258	-309402.5540233071	-315457.8599531644	-255749.65016967832	-237854.71045080136	-205099.61104692734	-161805.51357323147	-128325.47549125721	-96090.27387046191	-65752.5700607461	-19932.551453858905	20193.64457155828	43811.508230561565	71052.9337484042	108446.38095248787	141330.06070898817	185367.21513414028	214234.5314215577	221052.2572208221	268892.48856720066	289626.11373733374	357469.3602650847	402617.8603135619	432789.9210228023	472219.8320937256	529398.5550959387	575430.2408702688	617465.7210405737	657438.68374213	703068.9861971408	744963.41070028
114208.52444813789	114176.55069485046	114088.77975860887	113944.69626540487	113737.46934274162	113461.19106376174	113109.00550782421	112657.67653516907	112122.77841286696	111467.7161803587	110676.51345945793	109730.27582108241	108610.90112572875	107285.23687539638	105732.25683123444	103918.54736759068	101802.2664297617	99339.51741849436	96512.02926113772	93240.16437955278	89472.62909763197	85158.62897992705	80245.64400245852	74661.39097205768	68355.03295829915	61288.37959358921	53465.81096185165	44981.96346368588	36086.71666185584	27078.127252380917	17856.88079516645	8282.9194894229	-1710.6382469020973	-12173.33308070722	-23149.03097854402	-34680.38357587077	-46811.21276766782	-59588.15991094128	-73062.09340106609	-87289.53590760313	-102334.29320707632	-118269.41588192055	-135179.7891418151	-153165.56376350607	-172346.9551830657	-192871.18616197706	-214922.8512703881	-238740.4057985114	-264643.42846278864	-293081.7713420963	-324732.79594576656	-360722.8597640681	-403255.51851924934	-458328.2390613084	-552508.1252469751	-574692.8302346945	-594389.495843818	-613746.6766713306	-632819.456037397	-651530.376439393	-670121.3815455902	-688016.6051908366	-706799.4302413131	-725732.1428757133	-741693.9495174568	-759901.1219225107	-776299.4851321382	-792876.3396860524	-810041.9906496753	-827068.294470482	-844768.2722052967	-857355.980152016	-873948.3741893857	-891650.6696395783	-903720.5328411921	-917897.2940102615	-934324.0505534133	-948938.7539593512	-959897.0180880234	-971269.8066751233	-983894.0986680016	-997209.830977116	-1.0097263578852648e6	-1.0219929869112181e6	-1.0319134429830555e6	-1.0419462346743376e6	-1.0545276814480461e6	-1.0637920607870321e6	-1.072078421379094e6	-1.0836300346998821e6	-1.0903264877489228e6	-1.0997631220029986e6	-1.1081651053651646e6	-1.1144124759113856e6	-1.1249128865662992e6	-1.1286527930767727e6	-1.1374844510561703e6	-1.1433639172093517e6	-1.1492859777193742e6	-1.154453690774513e6	-1.1652793245783672e6	-1.165884459543178e6	-1.1685630995648697e6	-1.171453537766919e6	-1.173668415017938e6	-1.1741523889112016e6	-1.182953539762739e6	-1.1785624559462974e6	-1.1845648011705857e6	-1.1897146536560399e6	-1.1887099857100027e6	-1.1849006131690613e6	-1.1761858919404475e6	-1.1781273304447213e6	-1.17640045566513e6	-1.179564804964887e6	-1.1801253398048182e6	-1.1693997383626408e6	-1.1710074798822077e6	-1.1709341036067128e6	-1.1679687794426777e6	-1.1640200283358141e6	-1.1641903458121873e6	-1.1421962194239222e6	-1.1352022702073173e6	-1.1515520209444698e6	-1.1220209541833135e6	-1.1471815564544364e6	-1.125092209929996e6	-1.102711738758898e6	-1.104846576952989e6	-1.0965387716928085e6	-1.1130770416356628e6	-1.094972944494596e6	-1.0734507153484412e6	-1.0551181670655815e6	-1.0318757434119929e6	-1.0103159716642743e6	-1.0219990069557677e6	-995152.541473279	-982568.0068336315	-940953.9475137764	-962881.0340996722	-942492.0087553167	-901078.0523741168	-918022.4620315984	-907341.0721037367	-886242.4999213524	-875130.8624256444	-819773.7206966823	-839073.6614077499	-819337.9978649425	-795466.8095147167	-813513.4284127392	-756375.7569150527	-732194.5140579264	-705701.9867179084	-688596.056754461	-691896.1000034523	-654298.9084410847	-638651.3763263386	-598206.5881122577	-575699.8937533719	-554203.2417899915	-548714.997596605	-507559.4891447265	-480137.90528920974	-437749.476234454	-432858.7905498383	-384980.3379231494	-358300.66425879515	-325308.45609162125	-279762.4977073598	-272744.8400540592	-273897.4847575094	-235779.2672264225	-192518.06817216502	-161202.2750420769	-129319.70294101379	-95101.55823036918	-48697.48442975833	-25490.486683021125	11658.068604282278	40481.478638042405	80060.48379691242	111058.8071832151	144346.98187590967	181370.3573418997	217696.16242784978	247849.0541763815	267151.49849031604	314471.64882693597	372203.9563530727	392422.3276819686	436518.0782677724	492096.7285116256	546260.7922944908	580220.4560030026	629659.3006967593	672688.0273260938	715639.6133534114
120366.68116232913	120333.5840000688	120244.30670108725	120096.98578989819	119884.05629218387	119602.64529334116	119243.81986262082	118797.84831063756	118260.829452473	117604.08021825482	116812.96389010167	115890.03838683458	114787.61004087556	113510.09291473305	112015.69487511768	110258.1981106812	108238.45872172216	105899.64477321849	103202.60017901224	100093.6787950086	96558.2814466308	92493.69702681922	87881.20897042111	82653.22616092084	76727.57190773223	70075.4248272353	62655.627230589045	54477.2085894724	45641.59402599509	36401.46112311023	27042.43109880059	17457.01614482903	7505.9473621913785	-2878.872236318297	-13748.630959737362	-25149.09768068412	-37125.0833186869	-49722.87766031624	-62991.97719281976	-76986.59963207316	-91767.2590579367	-107402.58478665102	-123971.57319455958	-141566.56527541357	-160297.28731995745	-180296.52600563798	-201728.5660612072	-224801.99857991206	-249790.4841083467	-277068.4381671102	-307177.78209904797	-340967.889708618	-379943.02648871904	-427408.863201247	-495905.96815142833	-566186.1544515861	-586534.7929342105	-606270.3414424134	-625688.6087508344	-645040.0700217956	-663336.0077955138	-682585.6279614489	-700837.4833421498	-718728.7696763463	-736090.3088039793	-755093.1921138337	-771482.4255112442	-788641.2450586956	-805118.5954921781	-822722.8841101541	-838543.9957301465	-857392.40031246	-870242.1051933616	-884860.0724071222	-902892.6861213802	-915936.2549675768	-929319.1542614314	-942920.6425241376	-956390.4146801052	-970129.3057938246	-985891.3580312028	-1.0016285758790965e6	-1.0109097726075929e6	-1.0219871033240538e6	-1.0336830862675223e6	-1.0441262071640829e6	-1.059416191056772e6	-1.0630171886142173e6	-1.0765023853443067e6	-1.082692751453927e6	-1.0952052675243379e6	-1.100210597801917e6	-1.1154918188668897e6	-1.1163199098008906e6	-1.1375543395275057e6	-1.1309863404739727e6	-1.1436686680164493e6	-1.1478507753729252e6	-1.1512005876233377e6	-1.1589744594155785e6	-1.1657186805325814e6	-1.1661467807298088e6	-1.172577245219979e6	-1.1756830613063409e6	-1.1777564231602002e6	-1.1753896842573008e6	-1.1816814203987583e6	-1.1885321684459927e6	-1.187418170364196e6	-1.19115011741705e6	-1.1951953778387362e6	-1.189669025968142e6	-1.1951364626256106e6	-1.1940482276156323e6	-1.1955347619425282e6	-1.1924315048641397e6	-1.2057439176361393e6	-1.1856098072422177e6	-1.1718281444052034e6	-1.1822233816248607e6	-1.187206243896648e6	-1.149125069220312e6	-1.1679883149984037e6	-1.1532761827174125e6	-1.1298624757089918e6	-1.1480940749109008e6	-1.1413998387015725e6	-1.1313872491519528e6	-1.1295002911248778e6	-1.1098792934273758e6	-1.154837522431453e6	-1.103063279329907e6	-1.1254592378147386e6	-1.0958551563488292e6	-1.082197200738039e6	-1.0581280161448354e6	-1.0535577282491291e6	-1.0449684868810351e6	-1.0178900273075907e6	-1.0125853382237891e6	-1.019366220413323e6	-998390.7235687005	-987239.9541684389	-945838.6892991229	-916234.4798444358	-928308.5883230888	-930595.9278797482	-905821.1894358359	-859963.4587045196	-872500.0741752461	-857312.2132232767	-823273.6012290032	-813601.4917558818	-776872.33249816	-766953.9921271144	-758339.551771685	-735317.782624187	-714062.1826850374	-700673.7393292165	-703267.0962358017	-642932.165999141	-624620.4322791195	-570578.3364372584	-566077.5077784574	-551055.1501612018	-537731.016991874	-505138.97283780837	-469864.56615555735	-442346.4615916808	-419471.7013793474	-398283.6548619115	-359994.19468271994	-312828.0096956243	-309803.748377757	-277569.91854859545	-259686.26760144514	-227009.40330557182	-191438.6037538292	-167166.69534989615	-118772.23517431674	-86960.20090708212	-32347.539453695354	-24913.18266265496	12456.544983385771	39553.44144789147	82940.0205414907	112086.66995342885	151081.23180724418	180780.43619936955	214847.5960938527	244350.54028104543	283344.124105761	350747.80266361375	363312.33169822925	418581.5336414554	457236.00679858465	504641.8396290016	546311.1256057282	598989.170698323	624809.8485177716	681287.5645152524
126745.57107226647	126710.9883714814	126618.65501914344	126469.5303247254	126249.66172495131	125964.4420541652	125600.88316059139	125148.64978505005	124605.25415351143	123951.2857958241	123181.86497056318	122269.35042988198	121150.797631264	119922.60348900918	118479.40530941154	116783.9227429984	114827.28474811482	112599.11633979535	110015.05593764082	107071.90692347578	103723.68272477412	99895.00392805175	95541.23830140861	90616.06784271443	85057.41015959717	78804.66716929531	71805.71050652665	64031.40697645888	55496.04845705934	46307.25507066434	36719.603594785876	27006.334724802524	17052.453963685926	6719.392808315068	-4062.1954856155717	-15345.200818808647	-27177.366671750453	-39605.75957302633	-52679.264895170374	-66450.39944829923	-80976.9471750575	-96323.70303839448	-112564.50084323616	-129784.81352995112	-148085.16915426013	-167585.91309028817	-188433.9933504841	-210813.1489182146	-234959.84392042295	-261189.67343544296	-289944.36745146784	-321883.82317544584	-358092.1941693069	-400646.24085256195	-454926.0214245619	-553831.3592567812	-578264.0437911863	-598390.0541947235	-618047.9418871615	-637521.5687003986	-656576.3802111994	-675426.6866595303	-693590.3301341832	-712692.5670624082	-730896.7107755814	-748652.1532248517	-766887.5842252576	-784436.6199119084	-800675.2792975835	-817555.0789934287	-834755.232238136	-850448.2769951229	-866463.9731561414	-886302.8355520763	-897596.1444439585	-913692.6795096009	-928716.1834353223	-943343.9493433428	-957725.4072652636	-975678.664822394	-983717.9775183045	-994787.2277490799	-1.0073360974187616e6	-1.0202622408304617e6	-1.0326600993921321e6	-1.0455851671798213e6	-1.0544133299626017e6	-1.0641023699287663e6	-1.0819860714764537e6	-1.083340048502548e6	-1.1051015422300668e6	-1.102016243914965e6	-1.1176633069022042e6	-1.119163110103011e6	-1.130577338632601e6	-1.135131530691622e6	-1.1453671288118395e6	-1.1504183329590193e6	-1.1611447970674678e6	-1.1615267675526899e6	-1.1685544009370364e6	-1.1681529674279937e6	-1.1762484666514508e6	-1.186255112855116e6	-1.182291716641467e6	-1.1901058302489729e6	-1.1963932133949215e6	-1.1936240250268676e6	-1.1979078137833183e6	-1.19448886606152e6	-1.1991015709867233e6	-1.2003325266391085e6	-1.2038482963583274e6	-1.1993648811765104e6	-1.2009056522907263e6	-1.1998376533514343e6	-1.2011684158052541e6	-1.190995097014348e6	-1.1862158830994684e6	-1.1921206019184252e6	-1.1868178837470948e6	-1.177087246004555e6	-1.1769213912843182e6	-1.1727974958057194e6	-1.177953496212617e6	-1.1442919644894872e6	-1.1573543983405966e6	-1.1437940035411841e6	-1.1563118513575515e6	-1.1329722674997647e6	-1.1146335441065615e6	-1.1293102608366397e6	-1.0858516021455943e6	-1.1176544089438454e6	-1.1001488072262902e6	-1.0722566384958553e6	-1.0525415748169678e6	-1.0633965731852388e6	-1.0427521909255087e6	-1.0152465574379493e6	-1.0309183726517383e6	-1.0294142945748235e6	-1.0149737425527324e6	-958433.3035934039	-934287.7257282352	-902495.5697436344	-951674.1468908926	-938446.2352354645	-943499.8716866637	-854649.7795148809	-886421.0797123108	-850697.2128352819	-833330.2665288209	-807021.4546289258	-814970.4840483095	-773725.6364612719	-763031.0478017898	-742326.4130498774	-748729.0686751609	-709601.635586391	-665892.903231428	-649055.1597045765	-624447.0324897866	-604191.4399393974	-579516.5729478211	-561463.330335255	-530776.2259982696	-481816.5787800805	-495948.3358750998	-444929.30226186273	-406132.8271055546	-381559.6502343382	-347200.26933560503	-304481.3303317407	-307389.6537315732	-288321.8620774842	-253450.5306758185	-220760.49847345456	-186345.08546146873	-147464.06513113045	-103681.0142223456	-81210.25361981458	-47024.070669438515	-14398.778686899517	15025.657230021141	43226.38776999171	89779.53442775941	122555.37554803834	168189.64701731567	191835.06154600735	207999.2948029681	258947.84386685508	295366.6331593624	350342.00571069	362595.19475148077	422622.0852608012	473534.61887512513	503892.19106113137	554626.6972935738	601628.9118959696	640804.7229434743
133345.62110872482	133310.12752761642	133214.9736432828	133059.7258329721	132834.001823652	132550.50726870255	132176.05658753536	131721.5605862792	131173.51351536904	130522.49664685762	129746.52930023204	128846.81590384402	127781.41942339482	126534.08235525906	125127.43377587662	123508.59749398954	121597.17176656335	119441.93064430839	116989.53636421103	114178.47469670005	110983.92135983717	107369.50635920731	103420.43219984867	98607.14154404246	93367.5489955812	87484.97835824409	80893.11643219518	73545.57501511925	65415.73217312651	56522.70574719185	46979.14606927273	37041.206283849344	26969.832677081125	16643.12857758536	5923.141269506712	-5260.779579214177	-16963.273727454143	-29234.137944859904	-42122.80119191736	-55680.87469861997	-69964.07591628509	-85033.98860110075	-100959.99410028051	-117821.5590199522	-135711.20117301904	-154738.4690670377	-175035.5112051271	-196765.22049908742	-220133.62267420243	-245409.73815259122	-272959.41946838226	-303307.9065838294	-337268.77999032574	-376255.9210114599	-423265.63512581046	-488394.5429332627	-568889.751360276	-589893.4775720937	-609925.4522817978	-629897.7472892841	-649158.7931866129	-668169.4314297338	-687561.8011899765	-706123.6099341232	-724755.4208519838	-742057.446025138	-760831.9043949349	-778716.0083941114	-796782.9052951618	-812746.6041005265	-830490.9005868246	-846027.1105832804	-864192.6023572411	-877765.0312449327	-894259.6807511197	-910298.5057965422	-926007.8417446292	-939006.9657958192	-953636.6303864154	-966763.096321247	-979833.4311810848	-993790.6249936551	-1.0084040650870989e6	-1.0212715798183428e6	-1.0326936951749471e6	-1.0433415142853849e6	-1.0540617419383288e6	-1.067875222154522e6	-1.0764588076194723e6	-1.085805004325033e6	-1.0973708851719399e6	-1.1049632151180839e6	-1.1149355404731657e6	-1.1237109063626074e6	-1.1303967219962336e6	-1.1413674251625796e6	-1.145221973270594e6	-1.1570563427448836e6	-1.161734528176319e6	-1.170504921721928e6	-1.1727944047358388e6	-1.1678199994136428e6	-1.1815028136060722e6	-1.192992100733789e6	-1.191617537968523e6	-1.1986165497250357e6	-1.1841194905655645e6	-1.208196520509424e6	-1.199203067135073e6	-1.1942601047625197e6	-1.1893987406375846e6	-1.205131025480448e6	-1.1987803714504982e6	-1.2102476903652896e6	-1.2158763875343297e6	-1.208848879645052e6	-1.21371051765403e6	-1.256995215035066e6	-1.20837195309694e6	-1.1969757365046733e6	-1.1895968928079498e6	-1.199521803666265e6	-1.1876880214315609e6	-1.192218604474712e6	-1.1751027336803095e6	-1.1726544768886357e6	-1.1771662801548839e6	-1.1652471628757624e6	-1.1561524456991411e6	-1.166219133216048e6	-1.1447277150411855e6	-1.110731290408265e6	-1.1300733491161398e6	-1.1803689239858782e6	-1.083756201652712e6	-1.09589076741536e6	-1.0430318400499979e6	-1.0843275876695307e6	-1.0750169493766427e6	-1.0457023098094861e6	-1.0360744673274457e6	-1.0218612401729214e6	-1.00884761395225e6	-1.0093026412959404e6	-937731.2260494677	-967262.4359986787	-967092.8417409533	-951032.1830731006	-933523.0599382233	-903549.2013289358	-870552.4564429279	-877230.1378191432	-848406.3698799587	-824554.3614389198	-812911.0247930209	-781276.8154659539	-776981.2553998926	-753044.4636225146	-732831.6141020823	-717538.2425238464	-689252.3681273265	-608693.5650245906	-649231.4738333018	-637968.4497045437	-596543.7554864322	-582460.3347426632	-559256.3202576723	-516416.94714792055	-498548.65683693375	-469872.9946357308	-436932.40850179346	-421311.10391789564	-395965.0368369257	-357727.73592936975	-314257.1459811356	-323165.24794500676	-289588.4620960125	-258067.87183567957	-216699.72052996728	-178718.89039864746	-142754.24325518572	-104805.64715908963	-77602.13000501302	-54643.73620347894	-18714.69559153571	16067.85828517907	64501.58555402857	95385.84314239648	124222.2420300871	158358.010680244	184789.47011904808	219291.47904726554	249176.779757905	305042.23235503695	321059.8358211952	390911.610078979	424350.6624465619	483611.11504909553	518790.9496295496	558751.8353621073	595540.590826187
140167.36078435462	140131.26077839808	140033.28072458124	139872.54262295295	139648.10000154396	139350.882691712	138974.27414906683	138513.27961666408	137953.48838367354	137301.4919817322	136541.4769223207	135570.28531763563	134666.20222723827	133379.0306047765	131998.69458794783	130410.55566033196	128545.69059532124	126483.27790398092	124128.41693760574	121404.49310721627	118394.73547329355	114930.85151321327	111078.48918526966	106628.58272597619	101685.77899687673	96137.55212027424	89923.57614505477	82992.69785509774	75295.28425805413	66809.34012633888	57557.51655996176	47657.45234583614	37366.32356619154	26932.91992782225	16228.981113245623	5117.076055004582	-6474.783626738208	-18603.06327579703	-31319.69668100799	-44676.57339831823	-58728.18310736184	-73533.62970516793	-89158.55014547688	-105677.24446551397	-123175.27271625778	-141752.83958947973	-161529.41547345222	-182650.31102646719	-205296.42574077757	-229699.40017694683	-256166.47269336355	-285124.1935711268	-317202.6258100656	-353419.44718667486	-395668.3637374712	-448550.5690544512	-540257.6521624888	-580818.5963252471	-601444.3121387421	-621494.3051000668	-641083.0129169305	-661309.1105768553	-679951.7243427441	-698488.1770677955	-717913.5873191401	-736319.9640031711	-754858.7900642604	-772764.4323736124	-792060.1531532237	-808393.1044862601	-825401.1129926271	-841829.6483755598	-857701.1168296058	-876311.7032017326	-891808.5860717697	-905757.977856183	-922205.0782594641	-938249.6756538854	-950644.0558816753	-965001.2735242932	-980602.3236424199	-999321.3698755016	-1.0072261265385894e6	-1.019019627122629e6	-1.0336451932938462e6	-1.0457946880875924e6	-1.0575048730034018e6	-1.0692055576535051e6	-1.075742237928958e6	-1.0911176740524226e6	-1.0966075125074375e6	-1.1103026871516784e6	-1.1148804204614244e6	-1.126789487047144e6	-1.1319150653596716e6	-1.1525144326418198e6	-1.1464822225542783e6	-1.1652793410118585e6	-1.1667274805445254e6	-1.1711916615629802e6	-1.179147059382171e6	-1.1786472674023255e6	-1.1853182918299267e6	-1.1905921082691934e6	-1.1946780923654519e6	-1.2044134587818377e6	-1.1976829432713483e6	-1.2122457521715686e6	-1.2074019527505399e6	-1.2161328733001205e6	-1.2254056695391324e6	-1.2151803946960447e6	-1.2213148810828743e6	-1.2105515215084688e6	-1.226985043394588e6	-1.2029576398865755e6	-1.23234840651994e6	-1.220885456427393e6	-1.215416914831891e6	-1.1969331894874529e6	-1.1957049338698946e6	-1.1996018346967802e6	-1.2097992604015716e6	-1.1740975879442156e6	-1.1772253144858736e6	-1.1692892344043027e6	-1.1744537120335416e6	-1.156788154722577e6	-1.1780225295768033e6	-1.1645512210804557e6	-1.153292680750021e6	-1.153847141202864e6	-1.1184766440845078e6	-1.1289415486841768e6	-1.1218042405955673e6	-1.09914780061495e6	-1.137280486388725e6	-1.094164294907363e6	-1.095766085517749e6	-1.0737329790072641e6	-1.0457438474418663e6	-1.0465879325831307e6	-1.0282935448369996e6	-1.0181548527722117e6	-970822.3990754846	-933777.9130217982	-982420.0265550078	-975887.126021222	-953329.261967377	-926050.0383050342	-886876.9407133732	-894010.3361378966	-871709.507535828	-844803.9244396682	-842779.612310305	-794919.5959230121	-802873.2935122461	-785936.0727101995	-768126.0503865662	-728251.4164605963	-732691.3523584255	-702813.9329594662	-676546.7613188918	-650954.1538161053	-625178.6829890658	-617948.6452621543	-583686.8498400783	-537331.8338890073	-534953.0216797076	-497515.6414323131	-473414.833212016	-447451.0965845094	-405662.8971325423	-382571.97323603864	-351115.709602956	-316407.8182238129	-311566.8655665785	-280092.8318886839	-257163.07304402237	-202352.68816539255	-173023.42017562018	-135061.13015828264	-131569.91903493583	-84861.15402351302	-44312.43209910701	-6751.725799810432	23460.459595801483	67755.77407958469	87431.14506975858	122592.76559371053	155094.31110255158	183904.71794382873	233742.56949694426	264253.37380643067	292121.5343427874	358663.6848918867	393887.6738824143	442003.4974523426	485162.04061923426	526408.7135187115	565873.6656876679
147211.3999350281	147174.46649943688	147074.20796921404	146908.94623182758	146678.569710206	146368.52864492423	145995.11885974885	145518.4755096833	144969.76746360067	144310.84024543088	143532.15957157704	142638.54921994533	141606.96004053258	140420.17766842435	139048.04088477307	137494.71559419547	135731.10447264893	133700.36979775623	131427.40049541724	128822.11549860064	126021.14149704087	122583.17724079045	118947.53647011757	114719.04488851	110038.35978498391	104773.63017628882	98920.94557099974	92377.18026325245	85104.0687490447	77056.73397048187	68212.92218992066	58600.7913216396	48342.341344565706	37695.00808007005	26895.589076897333	15809.957647198928	4301.1057958720485	-7704.35393135724	-20264.772598571377	-33434.30148880783	-47267.41891249482	-61821.640969224754	-77159.65782472832	-93351.43256310726	-110476.54687006367	-128627.15384055459	-147911.85071066752	-168461.04741966806	-190434.74741813002	-214034.2469899704	-239520.72878280346	-267246.55935153185	-297712.2134567268	-331681.0979264327	-370448.23827448895	-416638.2286155393	-478048.999097896	-570286.9147784498	-592352.0055524879	-612864.8077461757	-632838.1694034296	-652722.2574538081	-672734.6066421687	-691299.9443711366	-711314.8828260319	-729535.8698601928	-747466.7077070847	-766498.4891053231	-785168.6708854944	-804042.9988569377	-820075.3369326086	-837282.7857594651	-853764.0509788799	-870398.1648772836	-885807.3136360887	-904354.6884836557	-918238.237572755	-933596.6457675912	-949848.4909602322	-965730.9284570636	-978060.9921763539	-990318.5850326999	-1.0034893184046715e6	-1.01734757282429e6	-1.0304727393982434e6	-1.0441500945965988e6	-1.0554506880611891e6	-1.0658466147264466e6	-1.077214718748363e6	-1.0921423236496067e6	-1.0971257680751034e6	-1.1157195209277014e6	-1.116596975116487e6	-1.1316409487686083e6	-1.1351998091726569e6	-1.147044627471964e6	-1.1516882269923093e6	-1.1611143314693328e6	-1.1671539878113482e6	-1.1728579324719529e6	-1.17655300164873e6	-1.1883937996741661e6	-1.195072993092039e6	-1.1986069431549911e6	-1.204811678914837e6	-1.2110916239470802e6	-1.2037327628986554e6	-1.2088538685175998e6	-1.225266265462625e6	-1.2182122250359452e6	-1.2248312362091504e6	-1.213779136267243e6	-1.2254039818494038e6	-1.2293859357636399e6	-1.2828279168685342e6	-1.234555736836106e6	-1.226856333733012e6	-1.2148831439047633e6	-1.2143532407211822e6	-1.2113740592830156e6	-1.221472089410434e6	-1.2223447527032525e6	-1.2237316612613888e6	-1.2057022758710678e6	-1.2145138833617223e6	-1.1962312571063566e6	-1.1849923276505496e6	-1.193462835996445e6	-1.1898662406223249e6	-1.1898773203687933e6	-1.168383368421375e6	-1.1630272899776667e6	-1.1457495618892936e6	-1.1352085897586197e6	-1.1390431095788742e6	-1.1886942965448129e6	-1.1668353781075736e6	-1.1417495255415142e6	-1.1262866188200053e6	-1.0931040211393752e6	-1.079471937436681e6	-1.0737256870185332e6	-1.0540024500398708e6	-1.0402124308382033e6	-1.0320704655489905e6	-952021.5363029144	-995160.6331191042	-987597.8818553442	-965665.3436931758	-951660.5105561041	-913390.8340351034	-897564.2470069567	-900463.7694807828	-869568.9512901718	-870333.3428506169	-828829.3647936401	-825141.2878792568	-798863.9514789078	-777308.3186471516	-763235.1712008098	-728373.2223718846	-711312.3277724085	-689802.734297826	-671048.6679425719	-653550.839801102	-631224.4332132731	-585164.1340414158	-578858.8985357389	-556014.7684100906	-529282.4822934351	-553679.9163457991	-470777.6017243334	-444645.8232447396	-415218.1734881958	-391079.2221630377	-353523.9114254972	-333850.0996568844	-310143.9856849339	-280410.89992666553	-241498.7887914137	-204708.0335116217	-167392.39866955654	-138204.75672912534	-97961.45816952019	-79904.90522788448	-47047.50831642171	-25798.569487959903	19588.904575515247	63383.356848220516	88740.76567771257	122407.43598301912	134291.46834131534	199583.14976049884	241947.4531199035	262634.96893233684	303812.0018747185	369963.1897677767	403532.51778135233	443740.78746191383	490402.1295354885	529274.8722893817
154477.94049821474	154439.66209911375	154335.57436644717	154167.55764334445	153932.13688329424	153620.6382623057	153236.7194922575	152757.25556738552	152207.38032733297	151524.68587581857	150769.36504085278	149813.05392564612	148840.69969135645	147751.7647027108	146264.48177736925	144798.55048749968	143074.6167337825	141109.8629920356	138902.18227838894	136385.04107754194	133562.18840907756	130377.92680612457	126866.00610350183	122866.44499336123	118432.7791329141	113463.47938402827	107893.32467654029	101716.59210053434	94843.8639490678	87228.93647034354	78829.59806212204	69626.60386203715	59652.809598240594	49033.962652670525	38027.30073893428	26857.83652051058	15386.008821128285	3475.1342714497296	-8949.624960806876	-21948.582266692072	-35578.19607019078	-49895.65846304581	-64961.67344221388	-80842.73684907836	-97613.41979986551	-115358.98465415742	-134178.71964538225	-154190.39664434653	-175536.5080393877	-198393.48455762723	-222985.79429620353	-249608.8350685329	-278668.58160386584	-310756.3944690715	-346807.94168711634	-388505.76693541877	-439658.74519777676	-516402.0898252109	-582403.1755518278	-603612.5017063573	-624127.2511919464	-644190.2923807413	-663754.1102739256	-683829.5434327165	-703199.2375049097	-722433.7940652857	-741844.9176568252	-759814.0302712324	-778415.5452489147	-798334.2963926774	-815150.5713998673	-832942.1440377096	-849036.7658299836	-865059.4756406685	-885953.8914089222	-898553.2925767037	-914552.0765116375	-930931.5454539319	-945442.7519622974	-959381.6222049114	-973796.3972836165	-988707.9596625809	-1.0050265534671177e6	-1.0220859037478853e6	-1.0327824535228896e6	-1.0430636447632813e6	-1.0550801357860318e6	-1.0664677261426128e6	-1.0839997195202073e6	-1.08846251866418e6	-1.1001068109479945e6	-1.110503102044996e6	-1.1205814428050283e6	-1.1295935576720305e6	-1.1404145472249954e6	-1.1461885770429696e6	-1.1604827227539176e6	-1.1617073035185551e6	-1.172524500520273e6	-1.1779529295785383e6	-1.1875122867220796e6	-1.1957126557806542e6	-1.1997406132657682e6	-1.2019712983105367e6	-1.2062954843649266e6	-1.2149053449948113e6	-1.2181495420239607e6	-1.221442498674166e6	-1.2200155397236235e6	-1.2247722310970055e6	-1.2314941857486595e6	-1.2365908939231338e6	-1.2412510865248404e6	-1.2312208994724036e6	-1.2269923709383607e6	-1.2471385121074226e6	-1.24445869176157e6	-1.2473311649705167e6	-1.2316161649796728e6	-1.2341938881743618e6	-1.221121066364342e6	-1.2277133162637893e6	-1.2295091822069106e6	-1.2303539987167702e6	-1.1921465662971449e6	-1.2122331018468884e6	-1.2089755425081742e6	-1.2095177429332526e6	-1.1952495842079252e6	-1.1877433973098611e6	-1.1692411703997464e6	-1.1932880802484194e6	-1.1730540632524537e6	-1.1528342144044647e6	-1.151329410930795e6	-1.1528255767003822e6	-1.1273715688052003e6	-1.162483284701385e6	-1.1115165384605553e6	-1.1004800632925252e6	-1.1121682094768689e6	-1.0885374184217106e6	-1.0820439509265716e6	-1.055389544879717e6	-1.0029555426733685e6	-1.026231816229004e6	-1.0122937479565802e6	-1.0052530762567981e6	-956710.268426389	-962854.0802993188	-943566.5151349043	-924806.7680622332	-929515.857073498	-941436.8402991609	-885975.9569600164	-876886.9197127598	-845735.9567770003	-816529.6126151008	-804105.9584172508	-793170.2478218239	-770624.6534895136	-742873.7961827728	-722710.9812119177	-704425.1563525808	-666965.2874601246	-651361.8683423791	-615934.4207807311	-589192.1005320342	-558157.8775305513	-616984.8838884931	-493966.14016466617	-500017.67064824776	-477027.06554938556	-451452.2156029398	-417448.0896792061	-379652.1303210955	-350593.9527240203	-333115.28054937284	-318836.09951553243	-277413.2144876507	-241164.13333855273	-225847.85023782897	-170548.2391289117	-146004.82469591667	-110846.86614181037	-80640.13678971009	-36002.90865695599	-7936.702672562387	22034.445763317577	58086.739543806936	91407.36996251548	103716.53049545939	148342.28121389094	191019.1400711445	239898.7112366135	271207.20141299645	324858.0552556144	361569.04723313515	399685.33605851204	449398.838319767	490610.6211591127
161967.81689700892	161928.14712841145	161824.68881769577	161649.51401574753	161410.40378455695	161100.28741635743	160698.27406977728	160215.56613758334	159661.23368622435	158999.41770989925	158208.8055157244	157313.30332249968	156287.28454002633	155110.51879791473	153804.48640583525	152246.15914174	150601.75098369506	148628.8614495521	146522.260442156	144089.59432897027	141370.9930220878	138329.39918551204	134899.9482791741	131329.35234113672	126904.81613808963	122159.51729650311	116880.69622622203	111034.30985175433	104530.46802364384	97324.37126167196	89365.7572346143	80614.98985469661	71050.90772540504	60713.64764969128	49732.457439176025	38363.249767834175	26819.65899653532	14957.089319630453	2639.0849423511536	-10210.720482781326	-23654.65585751721	-37751.60480945195	-52561.591426638246	-68148.68408133817	-84583.41530903289	-101945.27332434722	-120325.62370072337	-139831.49767468576	-160590.68730889724	-182759.0601183974	-206531.4487636807	-232158.72813031485	-259976.09402473114	-290453.6337551488	-324295.63497260073	-362664.3328046246	-407802.83545793354	-465619.70845659886	-569035.4989101056	-593736.6483489545	-614657.6188317847	-635223.7773366235	-655530.0980029705	-675151.5228398985	-695246.9679849313	-714775.7585311739	-733602.6942276184	-752384.3907482463	-771944.8836225714	-790334.7055183661	-809752.0460997946	-826455.4634682157	-843837.9455584602	-860935.1745575413	-876666.332819388	-893726.500621442	-913925.2687191512	-927470.5911739825	-942184.1797776106	-961479.6651373657	-973823.999914971	-990421.3000908291	-1.0012832062957513e6	-1.0139700011311546e6	-1.0275252259331124e6	-1.0413571092457778e6	-1.054629777319296e6	-1.0696280615408344e6	-1.078682326682687e6	-1.0884272462560153e6	-1.1107815339432547e6	-1.1096992796256524e6	-1.1277393326141357e6	-1.1291476769290767e6	-1.1460700917352622e6	-1.1521402951477068e6	-1.1674748516955113e6	-1.1664384523215867e6	-1.1767356622871943e6	-1.1873672378293853e6	-1.1933058230104807e6	-1.1969386144866538e6	-1.204623703145576e6	-1.2088908785247372e6	-1.2146310685623086e6	-1.2148566085319598e6	-1.2167207546746698e6	-1.2281301750536007e6	-1.2342408073311234e6	-1.234488829387755e6	-1.2665384292398836e6	-1.2419816337696398e6	-1.2551698868145416e6	-1.240528791544467e6	-1.244848114325834e6	-1.2394848584964657e6	-1.2452042299888704e6	-1.237251262173275e6	-1.2405078640376579e6	-1.2382026802449303e6	-1.2272515809463186e6	-1.248247779664505e6	-1.2303146980476496e6	-1.2139328286644116e6	-1.2268095684660967e6	-1.2090621090529156e6	-1.2019339583240484e6	-1.2214541798067533e6	-1.2060791907185554e6	-1.2002125440827871e6	-1.2105475059837296e6	-1.1720300459819988e6	-1.1655946057291776e6	-1.1526617545255602e6	-1.1625538892872627e6	-1.1775108679947683e6	-1.1568218018888303e6	-1.1840171125208114e6	-1.1358155598764776e6	-1.1367827847964226e6	-1.1179892990040116e6	-1.112096319485217e6	-1.0955103781867807e6	-1.0697287073827842e6	-1.0554243599809518e6	-1.0542716300454382e6	-1.0299904804847781e6	-999626.9827870047	-1.0188065411348217e6	-988909.2584041643	-962689.7195718843	-937064.9465114484	-913157.1591182991	-935913.9458170666	-889388.5797124032	-888977.0757173959	-871266.5695541783	-856340.7480903014	-835349.697962136	-812594.9273984269	-805688.4020375097	-761674.9419454271	-740586.724059843	-726790.2651474907	-702142.8014244444	-685914.4827718439	-655753.0245314678	-618013.7800212174	-613518.9275592088	-585312.2726960944	-548228.0291669264	-562777.0647837233	-499403.4123633018	-483450.6623889928	-454145.7322399354	-400111.23990348104	-388320.302521969	-337618.63066139846	-343547.42740526685	-305714.7278964732	-269742.2922251623	-253581.5805205524	-216906.61110278807	-173536.9090580375	-147498.79457120207	-112154.38740913785	-69270.49283528171	-43381.237054993224	-8664.297698786308	26928.951322979934	49682.61179842212	79493.03123806388	124581.5396416976	172627.0589106052	191394.64308429294	240073.82849934668	286595.88104102266	321356.5423616415	374905.11362180737	408703.44295739074	453601.79547984124
169680.98276704087	169640.69886156433	169531.9119471087	169356.87817066145	169104.67043067762	168786.35770732822	168390.30578696908	167894.60314633744	167327.1699940827	166643.44333389745	165871.5533698367	164962.8559101798	163984.56392941182	162891.11946622052	161556.87065176165	159947.91284749584	158257.3100142737	156442.99680923414	154348.25551757478	152020.58818491336	149383.99756227314	146365.42395115813	143134.32546585373	139646.56222504764	135453.06763583788	130943.45512140827	125915.21999366084	120361.18039415196	114186.86625685736	107358.44214471552	99820.54419466661	91518.12771783811	82410.74815977446	72485.77359587624	61784.21410783974	50437.945732604014	38702.89613205893	26781.051678782125	14523.158654671788	1792.8751803923078	-11487.747016203328	-25383.151264151005	-39954.73369962748	-55265.496391283465	-71383.05358130287	-88382.21888392384	-106347.72976755424	-125377.5263913688	-145587.02093662648	-167114.98817562693	-190132.103028631	-214853.87609365577	-241561.3537374502	-270636.2430795549	-302625.89019289374	-338376.58719769405	-379354.97044255637	-428652.10707736906	-496504.2758909595	-582699.288811279	-604838.779403324	-625662.0503435435	-646358.2911017081	-666867.5825955623	-686907.3613133316	-706982.4074127846	-726230.9279812444	-746483.6240350902	-763942.609914769	-783674.6815383302	-802775.2282574023	-820503.3255451669	-838588.8926920579	-855516.084932083	-872326.2386138223	-893341.4939026653	-905783.7653351128	-923853.2557642246	-938941.4239724579	-953655.6289007864	-968391.7911001805	-983138.5339503239	-997638.3630220373	-1.01310079658632e6	-1.029249596252105e6	-1.0426945018453544e6	-1.0539237181776017e6	-1.0656421615801132e6	-1.0772795610916298e6	-1.0914030657749963e6	-1.1025780465000013e6	-1.1097923822185632e6	-1.1267688029896377e6	-1.1308639741544798e6	-1.1458760021070908e6	-1.1499655894515214e6	-1.1600746641910032e6	-1.1767860597156028e6	-1.1784588320932721e6	-1.1861278215906979e6	-1.2036828598263613e6	-1.2075842650644253e6	-1.2137777853653177e6	-1.2191851168848088e6	-1.2213273145798119e6	-1.2327848464693164e6	-1.2156975117626851e6	-1.2274498131238394e6	-1.2370288106692825e6	-1.236420247894399e6	-1.2426294329405287e6	-1.2475165140654724e6	-1.2461419338801154e6	-1.2485505620494692e6	-1.2383088893737616e6	-1.2538763371565433e6	-1.2601675429787221e6	-1.258808339782809e6	-1.2512210758988739e6	-1.2575211230099548e6	-1.2593342351072547e6	-1.262355087909674e6	-1.2395246735765433e6	-1.232097563378262e6	-1.2384138389270378e6	-1.2257550664861444e6	-1.2325188658266105e6	-1.2193475377365786e6	-1.2274006284127196e6	-1.220021031509172e6	-1.2004091711750834e6	-1.175704516836343e6	-1.1798314967158837e6	-1.1999511998792393e6	-1.1767492098953368e6	-1.1731465356918287e6	-1.1825202190139685e6	-1.1703691106089004e6	-1.1509345013548231e6	-1.1322107661202347e6	-1.147534092918927e6	-1.1231281170020474e6	-1.148654211510829e6	-1.0661773242214439e6	-1.0598289951907883e6	-1.0109153668895215e6	-1.0609424627365975e6	-1.0592379873423332e6	-1.0499519250614499e6	-1.0226797381324142e6	-997210.484798386	-967918.3216739325	-945430.1698605407	-949482.1232559585	-932381.4538959991	-923536.9601742742	-891671.334135032	-881282.3341302762	-856359.1471191661	-829122.8466233783	-826419.3979508542	-785524.4671873376	-770980.8824093544	-756193.7760702991	-747705.8795208845	-718012.4709287502	-689305.583811048	-649228.1932522112	-649958.0654189412	-610027.9137863091	-579852.0450810546	-557748.5829249432	-528761.2609578071	-510155.4795488257	-480630.5596963701	-495778.37524849206	-475694.84318381205	-389307.8149165505	-364165.56978781364	-341179.504774995	-304456.4745495746	-275901.4316459697	-243044.41089439142	-206222.24375133665	-180245.09093374788	-167907.30661821907	-112961.51822356117	-79158.94175092672	-69282.31833579653	-7969.397979065601	25207.050208075612	46159.04514332273	73245.76366836642	128638.5717465423	152395.70852130622	186765.76403764792	235512.33868851856	281717.2203991806	329781.65202131093	372146.6013744042	405248.6794108466
177617.81934434758	177576.24157701863	177466.0242525145	177284.66828086245	177027.29126202213	176699.38393860892	176294.2120019304	175771.5232926248	175203.47842741315	174540.35021176084	173755.98970796214	172851.4607641503	171842.90391035803	170662.2691544561	169345.8269472459	167985.83200377403	166324.98849764225	164438.7765073631	162351.06322910674	160124.84307418938	157177.12444157276	154576.39444318225	151542.88439267268	148189.65632629956	144057.58261881137	139809.71558171712	135003.17705205106	129729.2285293213	123836.89132327474	117355.35855861288	110206.59854166124	102333.32559835963	93682.58990983537	84219.70631037356	73932.56327893795	62863.36870822846	51150.54225718076	39046.260750416375	26742.010591820115	14084.186650070566	936.4429390847799	-12780.808969407866	-27134.20515595739	-42187.77153891942	-58007.631882530346	-74665.14167332274	-92239.65498228619	-110821.51958605341	-130515.74742865365	-151446.8492674103	-173765.6298037939	-197659.1960125586	-223366.33394006197	-251202.6786651048	-281604.6349756222	-315213.34472505795	-353056.15894254734	-397019.33343622234	-451556.84631035087	-539605.4419475121	-594083.1961840172	-615734.4257565145	-636741.820667624	-657414.9278995062	-677724.3037085889	-697801.1414975098	-717673.5372164426	-738086.3417684301	-757690.6678098275	-776720.0134340681	-794590.4526159801	-814049.5004148865	-831627.6247370294	-849925.2464990069	-867761.5676158916	-883718.0962306729	-900997.5133622226	-921239.0921164704	-934930.097061262	-950476.2576181286	-969431.0477645961	-984137.6436851837	-1.0030614695822038e6	-1.0117996750349796e6	-1.0245112263034559e6	-1.0382234291536182e6	-1.0527558289238962e6	-1.0672172060034778e6	-1.0804583481885327e6	-1.0922581113853648e6	-1.100507714966269e6	-1.1155754320749815e6	-1.1227212876654733e6	-1.1366894281976838e6	-1.144474733752378e6	-1.156007001602404e6	-1.1688749443990828e6	-1.1778401042428233e6	-1.1811620267311654e6	-1.1937286668355225e6	-1.2131098944657485e6	-1.2045394588402507e6	-1.2153975618510274e6	-1.2194711886515557e6	-1.21407689646188e6	-1.2341518748171881e6	-1.2383379580764328e6	-1.243690706745344e6	-1.248523393623504e6	-1.2491748734721856e6	-1.254012684530983e6	-1.2550027509365526e6	-1.2532929330114122e6	-1.269439699809622e6	-1.2655168916732252e6	-1.2666764057229108e6	-1.2437882147626085e6	-1.2779904080376138e6	-1.262737175089604e6	-1.2650350037565287e6	-1.259000866489377e6	-1.2677503837447541e6	-1.2502739761327673e6	-1.2426714793420904e6	-1.2420362176592408e6	-1.2883879538391565e6	-1.2521164469997839e6	-1.2355945399576651e6	-1.2343991078442545e6	-1.2208526410373913e6	-1.2251695665915532e6	-1.2071107982870443e6	-1.2048358826689806e6	-1.1980302099237568e6	-1.1949989257800167e6	-1.1887252061215674e6	-1.2254588943627775e6	-1.1907743886470725e6	-1.161256295130241e6	-1.169761277346261e6	-1.150781203663688e6	-1.1478938567864306e6	-1.1879484870741835e6	-1.0963122447125793e6	-1.092489011695088e6	-1.054857928731135e6	-1.0700930589378371e6	-1.0769803892315857e6	-1.071156445394445e6	-1.0207268896279344e6	-1.0151231768602927e6	-999433.6202328561	-984003.5249087326	-974357.6468254235	-957506.6279995658	-951330.7186993288	-926848.0759991175	-884959.4485037462	-885544.8826659606	-870523.9739890387	-847502.1749689227	-817247.3846556705	-777710.8282535132	-771125.1716521559	-747786.9205097293	-718250.7773435349	-720089.0189048315	-696157.1463319228	-662071.7980782399	-642475.7087548834	-615633.543223066	-587684.5141772765	-554534.9187232314	-529847.1181107883	-514804.54290932725	-482798.48208906205	-468221.2597916264	-440576.1563327809	-382362.1332001475	-365988.9668340914	-333167.36323120614	-308951.75737455377	-274229.7038545672	-232704.40575017018	-217869.88509470114	-183635.8318151518	-161990.39607230137	-122374.05124842079	-75148.01772853715	-42934.36589796684	-15134.983334815886	-952.0895648038131	35758.58941943635	82483.67457493971	123116.43362121767	136454.89975581522	202397.72179805598	245195.58998054377	290725.84769759764	330019.96461980295	371745.7084638017
185778.8814728662	185737.04698147342	185623.9360013893	185444.42077868443	185180.14173954818	184843.21014387137	184418.5142044549	183932.09854745853	183360.7899235551	182646.15422300863	181867.8661542558	180956.0282413279	179977.49720752786	178825.64802366658	177511.18934160226	175994.8007674594	174378.13042689918	172450.09050832654	170578.30159610047	168371.91482783185	165912.34377539883	163104.38331734296	160053.07438647904	156699.93136645155	152867.0222762596	148712.76959601507	144209.7161003701	139112.653969757	133509.52413425018	127344.10074009353	120544.7868843443	113075.11313790105	104859.50347159448	95863.0136111065	86041.57768091228	75390.1828892208	63953.518286899314	51870.34361407059	39393.37973132546	26702.534274736943	13640.131063502398	69.7256453614973	-14089.993471648311	-28907.941953535104	-44450.88977769026	-60788.23810540579	-77995.28676078317	-96156.21128422528	-115367.35798851389	-135741.3390895931	-157412.55179300893	-180545.01491653075	-205344.07613003824	-232074.7921927818	-261092.62037840538	-292898.5714583719	-328248.79647401406	-368405.16879884707	-415851.10208091285	-477435.1042836054	-580901.7487168482	-604979.4116592142	-626516.8873643999	-647410.8170505613	-668473.6504728936	-688863.3557234427	-709060.9816343747	-729655.7591217498	-748451.5648088872	-768328.0957790695	-787758.6057106291	-806253.6136212335	-824765.7126528725	-843412.5253123576	-860564.3641563924	-878346.646477286	-900081.7010622711	-912801.8294776957	-930677.0249310862	-946806.1334674063	-961877.3575821335	-978108.1478326654	-992291.5356381699	-1.0075790908257752e6	-1.021571547190968e6	-1.0378114387212114e6	-1.05073533679808e6	-1.0651754812087712e6	-1.076896878014903e6	-1.0891647827274858e6	-1.1003515399564633e6	-1.1168541604212236e6	-1.124413923501028e6	-1.1432367212574e6	-1.1452297637980077e6	-1.152319939189661e6	-1.1608925239979757e6	-1.1932382580375744e6	-1.1795570439290327e6	-1.1962667689882421e6	-1.206153292412669e6	-1.2050280925090995e6	-1.2164620107451489e6	-1.229990638092861e6	-1.2402623623276958e6	-1.2353183427373494e6	-1.2416090675275014e6	-1.2427904617172666e6	-1.2599723626269097e6	-1.2543689904076206e6	-1.2564692047473679e6	-1.2657386164895878e6	-1.2871423181378487e6	-1.2633671318414256e6	-1.2808657685316147e6	-1.264609249807886e6	-1.2541923497164783e6	-1.2801504498640606e6	-1.29329516904879e6	-1.27924163034463e6	-1.2722607240497526e6	-1.2486825595364433e6	-1.2898314997102374e6	-1.278107635822558e6	-1.2642609378741814e6	-1.2620235137722804e6	-1.2595217006213693e6	-1.2682621102622896e6	-1.233016379955625e6	-1.2184740228002677e6	-1.2326085573417458e6	-1.2207671365152113e6	-1.2418178654903632e6	-1.2131298002022074e6	-1.2130083482119197e6	-1.1903310595171603e6	-1.2070225185930997e6	-1.258858729574404e6	-1.175106860833618e6	-1.1818916349266942e6	-1.1685486336259593e6	-1.1665142539031433e6	-1.1624249343355906e6	-1.1332288682936768e6	-1.1343855674499187e6	-1.099461826579907e6	-1.1007708105778203e6	-1.0951071063794598e6	-1.0717446172913478e6	-1.0582587128508934e6	-1.050366030592746e6	-1.0264004918650759e6	-1.0023985235480804e6	-986750.9415131018	-985610.2822120453	-976935.1353611385	-938595.4260193887	-930784.1040242736	-910477.7155301285	-883335.5225153551	-877583.9909713997	-839266.2286806356	-824754.7071722203	-795256.7353251262	-782893.3057651019	-765377.1882878114	-760634.335845269	-739089.0006148333	-684168.6096958364	-664938.8747770819	-639807.0063637139	-595358.4696558795	-593855.3007879427	-569749.7113482996	-540214.1048986593	-516617.60908315127	-489102.92020514124	-480729.6783562492	-438039.31444961	-380284.5709769114	-380858.3871751095	-347454.40522295266	-311965.1998749569	-279919.707678228	-255329.5033790975	-214734.4079657973	-182116.9604048406	-148174.32753595506	-111336.68804391782	-87940.18949746183	-53185.476539159485	-29693.729036627163	-1851.737390597642	45655.35593506339	85021.77501667588	110820.0090084357	162167.42538878712	208528.3840574326	247904.5409865856	296186.53508249595	331870.261826432
194162.74792689152	194119.32895368955	194002.2536726643	193817.24290397484	193554.82484870014	193160.08296391848	192777.3541740244	192282.4416059443	191674.66809323692	191003.6011261304	190187.19605595642	189280.50019380453	188109.82514737302	187101.7937138883	185805.5062591719	184362.31139897477	182809.61254821395	181051.23638204928	178838.92071657025	176988.30327151425	174303.68585874466	173739.59086560854	168744.17696196935	165390.59088434465	161813.15012286635	157747.38657649545	153425.70393394187	148531.04315212253	143215.91960885166	137312.25725092716	130864.81477462791	123759.85874294104	115953.14380876474	107401.59063855011	98056.98573679941	87878.05017257246	76860.01644837702	65052.84106069362	52597.440941707	39744.27869936207	26662.618285683813	13190.959842799552	-807.3294132230221	-15415.3777934252	-30704.471873792354	-46744.24457917304	-63607.53508966786	-81373.80781801284	-100132.35842825551	-119985.93796147488	-141055.35444333547	-163485.74538095348	-187455.63925882464	-213190.6909704107	-240985.67695216957	-271242.06904065114	-304537.70229075075	-341771.16792232206	-384513.871723146	-436134.2992036456	-508374.118411172	-593093.3272473493	-615706.6549499985	-637250.1984333417	-658472.9048835123	-679397.5641602096	-699945.3354385798	-720235.5549183739	-740545.1182174431	-760320.9397593793	-779460.5186528761	-799041.5548099396	-817525.5766589488	-836160.607826384	-855668.9024924047	-872495.0235168347	-890538.448660094	-907347.5022268537	-928301.6412460648	-941895.8017012614	-958523.1045447066	-976853.375589682	-990943.6353674354	-1.0096435262592493e6	-1.0236058303932135e6	-1.0351526866677906e6	-1.0491745395625492e6	-1.0645299728527227e6	-1.07708452782898e6	-1.0892041754842892e6	-1.1086706447865346e6	-1.1122279867049737e6	-1.127315785485868e6	-1.13728601444762e6	-1.147834278959502e6	-1.158544916139636e6	-1.166664567014466e6	-1.1804971838266356e6	-1.1920393566540873e6	-1.1935790428954407e6	-1.1932733986952351e6	-1.2197044681864383e6	-1.226334803781282e6	-1.2253220806480902e6	-1.2320433056286792e6	-1.2377811024802106e6	-1.249529737610895e6	-1.243478052460639e6	-1.2677273961636203e6	-1.2675835262160904e6	-1.3047226524609404e6	-1.262592592260832e6	-1.2651147784206383e6	-1.278606817650021e6	-1.2697822327546575e6	-1.260899247636124e6	-1.280574082865037e6	-1.2790723926500853e6	-1.2842899644644225e6	-1.2846918798989076e6	-1.279795543773348e6	-1.2890725836254419e6	-1.280810945148005e6	-1.2836006501330005e6	-1.255330700598205e6	-1.2927755690030723e6	-1.2630927193105246e6	-1.2815832858971367e6	-1.2607886732464463e6	-1.2373357200795894e6	-1.2431186551002187e6	-1.2438417481826684e6	-1.2473586454023155e6	-1.2455075252953975e6	-1.2452831371390277e6	-1.2240706116779305e6	-1.2256298795774367e6	-1.2057831259772454e6	-1.245323561463494e6	-1.192422361487261e6	-1.1980675241754453e6	-1.1812831144118018e6	-1.1688368467206203e6	-1.1539141352500885e6	-1.1628477038755731e6	-1.126945865760558e6	-1.1179474754023992e6	-1.1461467169350358e6	-1.0998558829080707e6	-1.0702073228267666e6	-1.0825476944919827e6	-1.0360904192023056e6	-1.0269264155142291e6	-1.0092155835913487e6	-992314.977189712	-964575.729504931	-986291.8700210766	-950079.7566835757	-927947.1879062029	-908685.0100065207	-899806.3080435239	-875545.7127534484	-852706.55139247	-827392.7326188572	-809783.2851806518	-776022.1921657547	-772508.0198788685	-751671.4072957293	-725610.3330234343	-696165.2428206848	-668779.8056168112	-657367.1485278595	-598065.7473317867	-599169.9368415575	-559644.009585303	-540332.2327018853	-507428.9032975438	-523577.9052568733	-470784.2803212901	-454896.94722540566	-398458.4312974031	-372402.67459563893	-347123.34797117516	-318926.4218179987	-284644.4833669195	-247046.14420160215	-213659.01912164158	-176369.0406911148	-161915.84874839458	-124202.38111355557	-93175.16645285889	-62264.69494424836	-46343.650087980845	864.520346911333	57401.67897846707	76471.20637133362	121416.68877557776	180889.80057741114	208686.43518637278	246384.98883324134	291289.41910955746
202772.18310329577	202728.67548157938	202612.64188252582	202420.17857416836	202149.78585707385	201806.00568464742	201368.1753938591	200863.37661325632	200286.89928896102	199529.48327671614	198752.21427496767	197962.6826544943	196785.90935198654	195620.24686620687	194411.18413263198	192986.8097349174	191324.027550079	189410.48320417167	187672.23102420522	185444.59611486143	182984.81108514307	180501.56914034215	177328.90512998786	174343.42363747317	170865.61940464863	167029.65072076707	162710.1661236087	158231.78218624694	152885.50359475502	147389.95876805234	141176.27686518343	134407.16423554253	126988.67439764283	118855.00877635667	109964.69691145651	100266.51807222624	89727.70694088071	78341.94863070721	66162.31834082092	53331.91343522319	40098.981120107725	26622.261645887513	12736.66239882038	-1694.75703624569	-16757.031819116615	-32523.892774514155	-49067.97514551936	-66465.727056406	-84801.00841555552	-104168.54941378144	-124677.95139440478	-146458.85117398296	-169668.06915274268	-194500.08249962848	-221203.214591606	-250105.92671807768	-281663.1052492346	-316544.5526257609	-355827.35964236496	-401500.6766786407	-458318.40384005435	-552453.3815894951	-604037.519573963	-626319.7279705713	-647798.9809791406	-669268.1382919981	-689959.1130910912	-710632.7057948108	-731679.5565378328	-752573.0341573046	-772422.2169020588	-791455.2610227133	-809940.0764077466	-828810.3165378575	-847965.4329770445	-866748.7544310447	-884014.1463874069	-905795.7004905285	-920134.5052625975	-937417.1047393724	-950444.4735689862	-970078.660915944	-986093.5911401801	-1.0008871013644096e6	-1.0151764874937104e6	-1.0314682856626625e6	-1.0468892100445926e6	-1.0615265314116438e6	-1.0759798901471114e6	-1.0875182468874643e6	-1.0997380056463499e6	-1.112621023935926e6	-1.1316413998007923e6	-1.136658153518789e6	-1.1590468255165697e6	-1.1576875510175563e6	-1.173394151302467e6	-1.1820754231614622e6	-1.198648175155551e6	-1.204324109394293e6	-1.2111745000518477e6	-1.2201724463377225e6	-1.2254948832990148e6	-1.238872173095349e6	-1.2375510744689952e6	-1.2517722244315015e6	-1.2614723853175738e6	-1.2569030216400358e6	-1.2658458029635097e6	-1.272712325037711e6	-1.270545913874148e6	-1.283602007429906e6	-1.2618771748361657e6	-1.2711400322056396e6	-1.2756976631009923e6	-1.2936132882184752e6	-1.2998005519235823e6	-1.272090617289955e6	-1.3035542519820083e6	-1.3094504436518769e6	-1.2725956418265372e6	-1.2962441353899043e6	-1.2901957977353614e6	-1.3122758361391712e6	-1.285697767864054e6	-1.2773936151464113e6	-1.2973927671689237e6	-1.2798052694857577e6	-1.2859208622070253e6	-1.2489149713998921e6	-1.2500564605556405e6	-1.263709112691153e6	-1.2068166961232633e6	-1.2901816653128744e6	-1.2312394699326144e6	-1.2397693706690331e6	-1.222894409441461e6	-1.2300969487543788e6	-1.204691219349965e6	-1.2538253864712042e6	-1.2202607151744168e6	-1.1999602750465341e6	-1.1948597346271814e6	-1.170557616315394e6	-1.1728037175435533e6	-1.1263525202492524e6	-1.1270829458529407e6	-1.122840496375007e6	-1.1448448778839868e6	-1.1169792722082268e6	-1.0902594227499191e6	-1.0722599042833156e6	-1.0557181000989133e6	-1.0266572139716912e6	-1.0210281122566259e6	-1.0171782554295992e6	-988393.9784183875	-955425.7465900183	-953372.8647090001	-931125.3708915787	-919674.5635326607	-906584.6900129642	-922313.0847970799	-866349.205377893	-835312.7093655479	-828952.6853572179	-792989.051057003	-791815.5937925254	-758933.8147478169	-724523.8855622718	-696204.0159583956	-743199.4748280882	-643117.2940571087	-620629.907067395	-625319.4489171186	-580030.0654968626	-562259.2259983269	-543538.9431405265	-502418.46976706275	-471093.90049120906	-418657.6532839195	-409529.5536921218	-388248.1305957812	-341434.08146016794	-319325.6312093719	-290821.5470968823	-256921.2790089341	-223859.94007882132	-206027.4062405427	-158062.5896956444	-131203.18423158518	-97169.43135115021	-79174.4427137145	-37093.58095179015	9740.351788685832	35705.10931070632	83754.87028779805	116285.76071249851	172694.42073404248	203401.59354851925	243604.61376907973
211606.7053024681	211562.32368062105	211439.29710696742	211242.66070086195	210962.91735404436	210603.76888534628	210241.05373410124	210043.289705129	209052.2310298325	208328.07542377344	207510.2615814734	206602.92690871007	205565.886248932	204207.00846865706	203146.7024989327	201795.55087833473	200217.45332506785	198499.02015976977	196637.88084972996	194138.0853278897	191879.42874271265	189489.88315152316	186552.22530106897	183490.37949161194	180053.26869530842	176320.18098060097	172200.10250140293	167762.03314344684	162847.8009271166	157480.01044343162	151530.60979019984	145067.41699196715	137994.60494658223	130236.08702162282	121774.47395827642	112542.3443111792	102491.9121194744	91590.85420849107	79836.31648487586	67282.22680556834	54073.828559990245	40457.501702901005	26581.461663962822	12277.210169073252	-2592.6201739668613	-18115.014680184948	-34366.29010095965	-51422.2067446461	-69363.00069970329	-88277.17194125336	-108265.22274937225	-129444.07792202523	-151952.89435120783	-175961.2085897327	-201681.07716980932	-229386.0872668497	-259443.08431498293	-292369.2061946516	-328945.19811027334	-370474.83557566185	-419526.7055553927	-483200.83171278256	-589801.428105436	-614624.5336570486	-636793.3191785691	-658763.2563304647	-679731.88409487	-701149.3377631919	-722809.8983732134	-742681.413688811	-762638.189715771	-784057.9786211811	-803167.0036027641	-821442.3910017456	-840722.4113739582	-860241.1428165177	-877997.5681040995	-897306.8412676346	-913794.595535436	-934957.4913914127	-949400.3388506998	-966061.8687900414	-985012.0438541267	-1.0001060212556878e6	-1.0180958902550277e6	-1.0342325323543588e6	-1.04538765600656e6	-1.0592513640869672e6	-1.073936764503235e6	-1.0778495245691992e6	-1.1001132941575448e6	-1.1185481536921875e6	-1.1238574116969e6	-1.1375379608636063e6	-1.1511175616943992e6	-1.162301691077561e6	-1.175714305069709e6	-1.180183694015353e6	-1.194953627141299e6	-1.208454984936429e6	-1.2144753122374695e6	-1.22131005131713e6	-1.2343435062496993e6	-1.2310943061503412e6	-1.2440442536439819e6	-1.2530954394266612e6	-1.262059758545615e6	-1.267569149578757e6	-1.2693982724637259e6	-1.2783763040235979e6	-1.2826337156564607e6	-1.2706152095606187e6	-1.2945608467184496e6	-1.2944019008495596e6	-1.2882430487136715e6	-1.289579844357234e6	-1.281972407386642e6	-1.3046614985968457e6	-1.3133371720233257e6	-1.293502170787862e6	-1.314334757834862e6	-1.298570005635049e6	-1.3202329382889967e6	-1.3144106128687894e6	-1.2983085343513088e6	-1.288059324449033e6	-1.3099052783745541e6	-1.309149530009161e6	-1.2687680877234414e6	-1.2942773755687138e6	-1.2592629733701663e6	-1.276491093501059e6	-1.310523548983806e6	-1.2493493896507565e6	-1.2815759890423545e6	-1.253190155887399e6	-1.2438139038616433e6	-1.2853454741706492e6	-1.2411332709797246e6	-1.2324342052830195e6	-1.2200752347481188e6	-1.2699393065477468e6	-1.1797726592842678e6	-1.2052381077782367e6	-1.2051832169660458e6	-1.1850970018154408e6	-1.1652737787290264e6	-1.1354928433628033e6	-1.1332101583505312e6	-1.1362156081097175e6	-1.1116062241839112e6	-1.0896839573465737e6	-1.0835788077887266e6	-1.0567407584916607e6	-1.0468473503216573e6	-1.0367560610873664e6	-1.0361189156089593e6	-997213.4396012763	-968812.4759471053	-960143.3774092176	-945560.2239393014	-934665.3108062956	-906228.3116600071	-897926.9287303244	-870622.5902838036	-859303.3704311936	-827512.4353802777	-812444.219204158	-787069.0307844407	-756080.0857868958	-730394.1486419812	-703605.0775117439	-648322.9698168796	-639745.2113580375	-636680.6446998643	-603036.5493575924	-576990.4003883081	-575942.6849822032	-538709.2524155455	-507372.9208249513	-480301.5696124344	-440465.71866630233	-412976.8517188293	-373357.27151578554	-354330.9785220337	-333710.02357700357	-296580.6399907994	-255378.53894439043	-229198.80349086627	-206092.74404628045	-149814.84063654096	-144288.4492495049	-114528.41874630918	-81310.48934492032	-30451.944307683327	2810.038710000168	20173.45991276548	73510.70712464832	127899.13933596312	156714.83763160155	205420.91894846613
220664.02815634588	220618.90208818196	220495.72081475254	220273.3070958391	220015.93390080016	219651.94982069402	219203.39736458164	218678.3518063263	218098.7599083935	217317.6636245973	216529.7533594847	215557.12888641862	214538.30555059196	213398.4179151192	212186.87482079666	210741.84913003063	209004.8577236969	207348.80632988067	205390.78515824268	203380.9993084917	201048.7847702246	198612.9554690332	195229.5443620509	192677.85760993353	182843.03974407414	185765.96571724696	181900.48632092032	177450.93276244242	172798.06370868318	167554.27282288863	161939.29884701344	155709.92364159954	148928.2248238938	141563.76885093687	133506.0784266541	124711.82352495378	115137.43240971646	104733.45784954418	93468.1183907864	81342.65867225826	68412.21754928277	54823.24710755152	40819.86401204037	26540.216396431235	11812.586990915734	-3500.929847287829	-19489.372420675267	-36231.737617160456	-53807.05090019532	-72299.52728279229	-91802.56808497297	-112422.80029891257	-134284.98991738964	-157538.55972729123	-182366.89731085912	-209001.43135930639	-237744.0556120164	-269005.3883695323	-303375.51609241357	-341770.162047955	-385785.5044005694	-438821.8318522112	-512499.36200315953	-601619.7033583899	-624972.0276811025	-647293.9070127856	-669079.9749584075	-690515.5183476978	-711785.6776637842	-732667.1738553995	-753654.8432570195	-773562.5953508215	-794107.5562781699	-815247.7281009126	-833624.544045829	-852794.4220791114	-872388.8248840026	-889801.6472523361	-909522.0491710631	-926225.9587236494	-943674.7478366154	-962205.9994681838	-977373.1726370894	-994008.9107204981	-1.0096508524082878e6	-1.0248550810302955e6	-1.0406192644097805e6	-1.0561627534051582e6	-1.071457355445682e6	-1.0863116527121456e6	-1.099906952690352e6	-1.1106270425207524e6	-1.1295028605240986e6	-1.1475749940876106e6	-1.1484244455709413e6	-1.1642547443903112e6	-1.1697103447751182e6	-1.1821203786100144e6	-1.194923442085787e6	-1.2068471255537907e6	-1.2110767023536917e6	-1.221995145373872e6	-1.2277870821850433e6	-1.2464841546618757e6	-1.2424252857690274e6	-1.26010982704415e6	-1.2659442468070176e6	-1.276976500849078e6	-1.2743245318436206e6	-1.2874052818726809e6	-1.2803578583875934e6	-1.287751753143337e6	-1.289078415260994e6	-1.3131031319546797e6	-1.314526517692933e6	-1.3133510945067124e6	-1.3088912366585173e6	-1.3436604933857834e6	-1.3247752111134473e6	-1.338867321912756e6	-1.3247970683347897e6	-1.3399350937533402e6	-1.3162783173749968e6	-1.3142589864074143e6	-1.3184139148320311e6	-1.2860129215682861e6	-1.2760878210924312e6	-1.3088651806657298e6	-1.2764348861402075e6	-1.309070809395231e6	-1.2918432331411846e6	-1.281763027400817e6	-1.3141720018406205e6	-1.2611763415603687e6	-1.2753477505522885e6	-1.282594461535799e6	-1.2515080465810823e6	-1.245377023263455e6	-1.2705581904681497e6	-1.2137581319851673e6	-1.243505257005239e6	-1.2475509749192891e6	-1.2186187203505954e6	-1.2374477771212005e6	-1.2130899537562898e6	-1.2040554545254896e6	-1.1878082498293153e6	-1.1785356063233006e6	-1.1831281746461943e6	-1.0762238579360724e6	-1.1276664146928752e6	-1.1183155352736074e6	-1.093014063555135e6	-1.093803599325968e6	-1.0694066701647867e6	-1.0525162372834834e6	-1.0431204246715424e6	-1.0312157777212339e6	-998004.4252711732	-976665.0629646191	-936321.285256844	-953975.72724381	-935978.0617072261	-928206.7749188722	-883669.4618045765	-862931.6512678002	-859416.531338946	-838785.7884282169	-807843.5383230653	-789125.6550800705	-765614.7330712483	-740887.7928712277	-698116.2967527614	-672063.8264841845	-651738.1908218798	-622314.6595686136	-610710.6871839289	-590063.6252675874	-574766.6018656462	-543684.8533137331	-504481.87880682835	-491008.84288204304	-431915.89658835606	-413337.946316527	-379251.9343571051	-364341.27743298776	-331012.31883836567	-301713.5905014452	-274587.1833631623	-235621.35381720477	-170960.8601980054	-182309.15068537724	-151025.50771035563	-123793.31145209941	-75842.84784101584	-36304.58883593726	-22002.7277010752	36141.6275790112	78237.56565283303	122055.98354380083	159705.26699861576
229947.4945677843	229900.63536757653	229777.0059840693	229566.48454024812	229284.92325020328	228915.37511386606	228458.58539199003	227919.21586322953	227214.38329695794	226569.20753572157	225801.08606829948	224850.8128914829	223835.64648059063	222878.99993461824	221324.18595986557	219826.65364800883	218382.64799733824	216856.33165995718	214850.45999512632	211216.96877968888	210791.66938089379	207933.8144606302	205096.41583690554	203508.59208526224	198890.24655639904	195470.30813271762	191649.70974071356	187529.19615737573	182667.20860150826	177776.0686663439	172358.33712648661	166418.6224055197	159936.2725293662	152876.06742057117	145178.9511656855	136791.1249423078	127669.71609886117	117746.79664842038	106988.15321307232	95361.5372801517	82861.9400920377	69552.49128133352	55580.220771554246	41186.07592630389	26498.524856214586	11342.778810982098	-4419.718790752435	-20880.149129666213	-38120.29711540905	-56222.6039376602	-75275.46633764575	-95377.44616951304	-116641.69630561379	-139201.35878940078	-163216.93744472013	-188886.92595673766	-216464.13544903666	-246282.20321250014	-278801.8766609624	-314699.186377828	-355055.6200966734	-401851.5131515596	-459735.74750939297	-551882.5067826118	-612240.1305674668	-635310.2495825146	-657804.8502988631	-679634.0813816828	-701704.0137538684	-723483.969231955	-744126.1272476844	-764248.7917616228	-784656.2823471802	-805776.3708046549	-827255.7528452261	-846888.0614823834	-864370.8886579582	-883635.0022744399	-905201.0682381282	-919161.9742935498	-939187.3953494125	-956094.5625025562	-972856.7620197486	-992762.389880484	-1.0086030290337412e6	-1.0266756666482461e6	-1.0421369396616516e6	-1.0547220126559532e6	-1.069325463511875e6	-1.0814097319936734e6	-1.0990352166286386e6	-1.1117323963897296e6	-1.1310242255466986e6	-1.1370627014417716e6	-1.1475318705802464e6	-1.1624850297522221e6	-1.1759563848583451e6	-1.184095019489801e6	-1.1967399261806838e6	-1.212531930785807e6	-1.22589537747327e6	-1.2347668675467956e6	-1.2405580340345197e6	-1.2429913819640141e6	-1.2564583343507706e6	-1.2591943580462683e6	-1.2807720418391787e6	-1.2794609003215393e6	-1.2728667715775375e6	-1.2963838754471086e6	-1.2824214693362145e6	-1.283437461919935e6	-1.3031165615506188e6	-1.3089195842225435e6	-1.3149135159107854e6	-1.3281996364284183e6	-1.3155741912110476e6	-1.313771665179498e6	-1.3195558859846103e6	-1.2976702496853468e6	-1.3546714702520943e6	-1.3432823660194492e6	-1.3121003798781086e6	-1.3268333475124303e6	-1.3153811332252212e6	-1.2953957805037678e6	-1.3343875471861323e6	-1.3122790242742032e6	-1.3370496633117807e6	-1.3270083304018849e6	-1.331894056262718e6	-1.32587478539189e6	-1.3063500350483751e6	-1.3175322418695537e6	-1.3106384251806452e6	-1.2935800142335857e6	-1.286884582532462e6	-1.2738296926390969e6	-1.270705803335531e6	-1.2824468441079597e6	-1.237926228578144e6	-1.245415973431792e6	-1.2430338064054537e6	-1.2465319068140925e6	-1.2466967072937253e6	-1.212013097910865e6	-1.1950292615746653e6	-1.203838231378453e6	-1.175163673903472e6	-1.1583626129369738e6	-1.166682925655062e6	-1.1196415002142538e6	-1.1559099941911513e6	-1.1038422098012457e6	-1.0910258428523524e6	-1.0867541543148423e6	-1.05788656151979e6	-1.0602079494430441e6	-1.0172357098172666e6	-1.011926141193043e6	-1.0027130799986233e6	-980628.5795543317	-963759.5721591318	-951132.0127959929	-913549.3145221937	-906263.2542397194	-881075.7241770343	-860546.1329316169	-849682.5681186356	-823881.0006157097	-801518.8105021019	-771647.3461775645	-737425.9618830753	-729939.9843408756	-681498.1947653072	-661871.0850137237	-644357.7790107222	-630061.0434942802	-596514.0174860989	-573767.7931765111	-552698.1065926307	-518926.4785180779	-489315.3876634811	-459318.9550024842	-419526.0361834302	-401796.14850195666	-377500.5738133158	-328308.5106429875	-304610.3717127445	-251988.02341525006	-242280.86327764607	-207761.14234034374	-185978.15592382738	-175214.45031288062	-123763.54630226671	-83270.73596824828	-53922.16265179386	-10736.298805674829	36201.4150326738	76141.1634211868	114261.98309733317
239452.51108067244	239404.79469447117	239303.49156443498	239071.3920680149	238781.19037388856	238437.8620480729	237959.48123387014	237388.94742471067	236818.76740777466	236040.33835716845	235287.97947487747	234392.4033013196	233248.91120146087	232091.98632461327	230772.56936309568	229112.91780319644	227828.917264093	226027.0208603221	223954.562275365	221795.6157490089	219734.7107190047	217238.86299239215	214034.35724807062	211934.260119105	208572.6831985911	205086.54143369396	201251.95500309794	197307.62771750835	193320.48577505004	188255.4522193454	182906.82678915592	177245.87148307922	171021.09152941173	164176.1555040158	156817.48633483105	148808.99590671674	140104.1353217417	130644.9054399762	120379.45523122886	109267.5633392684	97269.02010784468	84391.61934572028	70703.327415218	56344.79293407501	41556.150623368	26456.388023283493	10867.773983552732	-5349.0090959511	-22287.374023187876	-40032.02020211046	-58668.9528750444	-78290.95453366029	-99002.0504214713	-120922.30816368113	-144193.85054923507	-168989.14101600042	-195523.15305567742	-224072.32974119025	-255006.00533019245	-288842.5259004167	-326359.7870242229	-368845.0588076837	-418794.5679682326	-482851.98745350033	-595857.7917154406	-622539.441384102	-645552.0149076991	-667971.1295530885	-690284.8128623259	-712007.1883613835	-733132.6344595575	-754861.4875343961	-775565.7399292057	-796033.9904269974	-816263.677369454	-837736.4814538837	-857739.9435829741	-876197.6570728209	-895498.5001539509	-912995.144274028	-934305.3187482373	-949306.6116102717	-967861.4793421826	-984381.8191275366	-1.0008283958056411e6	-1.0173177909543719e6	-1.0332112643297408e6	-1.0497633520198388e6	-1.0652573098280907e6	-1.0800874213751513e6	-1.096016722084958e6	-1.11344783418005e6	-1.1265917577441223e6	-1.131507757282752e6	-1.160086998415703e6	-1.1641293612258725e6	-1.181831599769647e6	-1.184788827287366e6	-1.1985273043257503e6	-1.2102807345812428e6	-1.2268338243460462e6	-1.2329965869953611e6	-1.2146273446808944e6	-1.2441005723646192e6	-1.2637239702048234e6	-1.2750360591020521e6	-1.2626786144590357e6	-1.286221138306773e6	-1.298661329156656e6	-1.2813568352070698e6	-1.3073072824092123e6	-1.3062589522404918e6	-1.3143310550007909e6	-1.312413789162217e6	-1.3163156618388235e6	-1.3061014846423324e6	-1.3327436117862877e6	-1.3265098947403324e6	-1.3366615501425285e6	-1.34711733086326e6	-1.3436792520435129e6	-1.342418845707445e6	-1.3518258710021332e6	-1.3139883274890757e6	-1.3325641041942395e6	-1.3615377623821166e6	-1.3406283940068232e6	-1.3250844779982544e6	-1.3552136014578794e6	-1.3266908118309046e6	-1.336686928263907e6	-1.366898127860042e6	-1.301976134045643e6	-1.318133625048385e6	-1.3085731127947837e6	-1.2972614889764667e6	-1.2726044711534996e6	-1.3102639598342972e6	-1.2810287393701305e6	-1.2768425814853427e6	-1.2602124162768538e6	-1.256014858708657e6	-1.2719181016502553e6	-1.2778249766916868e6	-1.2427356965139562e6	-1.255829070946988e6	-1.2284451722826671e6	-1.2230042507292524e6	-1.1822649140361396e6	-1.1910317454473327e6	-1.1826451097340446e6	-1.17176379842656e6	-1.1925871887514403e6	-1.1472032772396407e6	-1.123709007392266e6	-1.0993524741947332e6	-1.0950753735434718e6	-1.0694624523403414e6	-1.05002201804647e6	-1.0408496295449277e6	-1.0216103593565931e6	-1.0084543055312973e6	-991218.4210369585	-979722.7645119042	-954332.381890876	-957329.04243846	-914342.0910473017	-898375.4834064408	-875037.5003385809	-855974.9288165504	-842592.6901717631	-796499.6046933795	-776848.9564203611	-752091.7947883327	-718244.6602249828	-702476.6843106381	-656908.7268008322	-651376.0973619812	-655690.4603237433	-602615.6088144288	-593947.6158655027	-558383.9187329474	-520279.7673234891	-484907.70877140836	-460855.44834468496	-422266.86376542255	-411956.73586767755	-381745.9144672028	-318331.69373826106	-317592.7134896585	-273039.0360219845	-251269.6417284918	-229094.86000763188	-209488.75945268973	-162223.0410353819	-118865.41372808983	-89062.22913008073	-44983.727622341656	-16183.074340591964	29614.023042140238	70664.26890572597
249178.02685517518	249137.53390501795	249023.4528384204	248796.0166291973	248496.32261550293	248124.7509686263	247627.94190380938	247127.36861584632	246605.74904488891	245780.5565735668	244858.5662239269	244040.4125848108	242955.7764654893	241810.2601037849	240334.69613187193	239097.026126905	236882.85242455546	235557.92611220892	233620.46156036257	231875.61935945667	229568.38112071875	226875.80338770075	223430.28028163136	221576.2182835981	218709.02439398356	215022.55833482544	211504.98169233094	207430.32108666445	203273.172329812	198750.03761971326	192689.0798315197	188025.098574602	182031.17393797397	175543.33684126305	168477.41163801815	160789.31895150017	152452.25356529973	143443.1329735829	133643.20360547578	123026.52784501905	111555.16255369798	99189.42113452131	85941.98138164138	71864.85899432332	57117.00045652341	41930.09445017163	26413.798528625804	10387.564743397525	-6288.812379632378	-23711.073633615335	-41966.94631478927	-61146.16904655777	-81346.12454615667	-102676.60611233476	-125265.03312448802	-149263.13951132243	-174856.3089112311	-202277.51122445415	-231829.3572394902	-263921.39575504785	-299138.41990335734	-338379.86803404125	-383191.6300761018	-436781.62613162614	-509297.9699349275	-608183.6298436064	-632734.0404729405	-655771.1413257783	-678234.5857300528	-700248.3985009084	-722551.9063313373	-744149.9418758345	-765592.1714614877	-786726.4654753734	-807619.4738567756	-827303.2452711314	-847600.9516083684	-868538.8071501662	-888110.2556009162	-906763.4325756573	-925069.8916066464	-943317.8036254593	-961956.1805795433	-979845.0894756329	-1.0001531306548438e6	-1.0180270096498893e6	-1.0358240890090996e6	-1.0493950013842573e6	-1.063910395896345e6	-1.0753960144729742e6	-1.0927629734119487e6	-1.108439008702903e6	-1.1211537538839907e6	-1.1330462329414943e6	-1.1510876925520585e6	-1.1583200488519182e6	-1.1811486686974508e6	-1.1748408252671922e6	-1.2021835036653709e6	-1.211223310132495e6	-1.2265957929733407e6	-1.227992490740643e6	-1.2462274914957073e6	-1.2556532911616715e6	-1.2646235757015438e6	-1.2718200718893507e6	-1.2675847223500025e6	-1.2992878625115948e6	-1.2916773239619678e6	-1.2787861462897458e6	-1.3194406911515e6	-1.3243520979453241e6	-1.33209860351733e6	-1.3132022044237333e6	-1.3331228122022443e6	-1.3237024893218009e6	-1.3390131151751035e6	-1.3396239219141772e6	-1.3473349551165078e6	-1.3715116587009777e6	-1.3506490964370747e6	-1.3262965082434649e6	-1.3280228925523802e6	-1.3412372359430061e6	-1.343193436313497e6	-1.3574276836052442e6	-1.3484455792195706e6	-1.3566251793810094e6	-1.3246072605386726e6	-1.3402928596602299e6	-1.3866601997870447e6	-1.327579270332661e6	-1.3518925494061846e6	-1.3360986321881828e6	-1.331589782995161e6	-1.318009943602882e6	-1.3248335625580524e6	-1.2984151362468034e6	-1.3159093753967357e6	-1.265437443151184e6	-1.3010395109488622e6	-1.28559537567769e6	-1.250599521960058e6	-1.2727783628315239e6	-1.293221687156549e6	-1.267824704258185e6	-1.267452322138583e6	-1.2277657256438553e6	-1.2143844877032703e6	-1.2044820260234547e6	-1.1870152686036625e6	-1.1924006074094914e6	-1.205558854895447e6	-1.1903520810996399e6	-1.1443484595075154e6	-1.1513591571815237e6	-1.103255176893594e6	-1.1029803783920275e6	-1.0765065513725954e6	-1.0676687580497197e6	-1.0399801534054808e6	-1.0329794791967785e6	-1.0134807031825171e6	-986964.2268804885	-995161.8327348309	-940272.1471728694	-950090.0329774392	-928087.4763091959	-915488.2861304805	-880878.5720941066	-869881.1671991856	-842315.6324172665	-805815.6426640598	-794616.4727721442	-749473.9313090371	-740974.7550132137	-691440.6139673113	-673745.6293777705	-688740.0011705158	-649952.2522099304	-611151.0078041644	-594948.6752157689	-558564.8848742952	-526516.5133481517	-480461.52975408855	-469632.2077939271	-437599.85404379416	-415001.46852595994	-391345.92301516124	-351530.98557048274	-319801.74252019246	-293875.14462213806	-278929.7668385844	-247423.3398643814	-214174.6210720677	-163960.5687814097	-130224.87851845549	-105609.0805770185	-53856.435064479534	-11404.984195819416	26693.709250596992
259140.3006924945	259090.16704099058	258960.35594088022	258738.0552510172	258445.3917762063	258063.8850875797	257543.92439512577	257062.6271179698	256383.265657883	255607.8348864743	254752.12496578155	253928.0007393399	252751.07203501702	251508.22664350708	249916.5485051936	248824.05018751926	247118.5299502759	244674.23729571485	243555.8585814733	241670.01092430454	239504.78545483496	237132.61278421257	234293.5744133747	231702.422039897	228636.9550687604	225342.98438481987	220105.55160042312	217690.48730254208	214428.69167676012	209045.32965032486	204368.2006480518	198937.9056797063	193156.71880937158	187142.94946828112	180098.8066541443	172742.1079339176	164794.947060788	156150.74686472694	146794.68578190327	136659.85427828383	125695.17385703155	113865.54904633763	101129.69276368097	87499.97090533096	73037.15922138667	57896.872387870244	42307.91181284867	26370.760856145673	9902.1454304301	-7239.137778625009	-25151.265805313335	-43925.109498304635	-63654.310847362154	-84441.09079347877	-106401.3257231543	-129670.25157611264	-154409.8925053224	-180819.59963670402	-209152.011333176	-239738.7540132816	-273034.79306103516	-309701.922627584	-350785.64902666194	-398161.5380556449	-456053.2991272093	-541941.1494252973	-618675.4554458982	-642707.3399246885	-665898.6010385987	-688573.8294871929	-711193.2938143362	-733178.6312553964	-755017.2342742546	-777414.5843801289	-798042.3552374134	-818829.5735363581	-838444.7210407613	-858718.944831376	-879802.4805963018	-900231.4382504483	-917257.3694928656	-938075.0754596943	-955285.6612444527	-974155.3278824654	-992189.9342460076	-1.0078012229402938e6	-1.0246913592577178e6	-1.0416371642011211e6	-1.0588877300614319e6	-1.0758653458212349e6	-1.0894659008937401e6	-1.1063543956922123e6	-1.1217526474749409e6	-1.1354381852917923e6	-1.1514093085110935e6	-1.167685790188002e6	-1.1691534960708178e6	-1.182447391939187e6	-1.20613817705342e6	-1.2149768075953622e6	-1.222769819972619e6	-1.2305854864474076e6	-1.2458095979919627e6	-1.2647488632758297e6	-1.2792568893742615e6	-1.260412446396167e6	-1.2799319298533178e6	-1.3053407500010408e6	-1.2969544133199311e6	-1.2931272561190838e6	-1.3067524524624136e6	-1.3274154407065343e6	-1.2987548039493044e6	-1.350861672896309e6	-1.3337220863532233e6	-1.3267856512104599e6	-1.3497058637069226e6	-1.3535011725677054e6	-1.350363093590829e6	-1.3476328468594544e6	-1.3620558008275677e6	-1.3230332315389058e6	-1.3488078587312212e6	-1.3554826179170408e6	-1.3251885114607417e6	-1.3655715692893644e6	-1.3543060567316313e6	-1.3665144324856945e6	-1.3788703719236932e6	-1.3694441444216657e6	-1.3511354526245596e6	-1.3530482856640988e6	-1.3555158869626473e6	-1.3936420831857522e6	-1.3648012856893057e6	-1.3365875675899594e6	-1.3511888085415212e6	-1.289868472304574e6	-1.307296360255155e6	-1.3184414797173669e6	-1.2874514008228427e6	-1.2840645336261329e6	-1.306907584621182e6	-1.2664036428204048e6	-1.3151885229000556e6	-1.3080777889604454e6	-1.303017449286374e6	-1.2473183410854365e6	-1.273078646992359e6	-1.201687282067736e6	-1.2285511523136182e6	-1.2209435470224319e6	-1.2028081885627436e6	-1.1803097017900634e6	-1.1700899177803628e6	-1.1941095902896577e6	-1.1588025960816806e6	-1.119540493849308e6	-1.1097638290538518e6	-1.0901883420411688e6	-1.083090221590084e6	-1.058108978539087e6	-1.0270735700395925e6	-1.0261833662813113e6	-998307.531156084	-980959.5616163858	-973767.3519396477	-947169.1817591912	-942435.4356885096	-923879.021339536	-910553.8688028492	-882950.912324887	-833880.4713821025	-804181.261463088	-796577.0100612754	-753538.7156396906	-737079.6668469997	-705984.7491234087	-696182.1828843018	-685954.377311134	-658996.7210728603	-622680.1474476436	-585812.998403467	-556591.7128630921	-531547.0068554038	-510814.8764467424	-480960.4783656591	-450552.1840126927	-436642.31921155826	-389211.35822351585	-364955.05502683466	-325490.930808903	-304160.58473462827	-298471.402764933	-259438.87938211934	-221097.7287068086	-168088.72573582438	-166523.44016509486	-94375.17971582647	-63611.848164733325	-15323.79910550575
269318.9030853675	269270.2426335139	269134.96375216637	268917.4178216394	268597.4111810891	268224.0569963211	267714.56254831806	267179.2100060899	266519.6712699738	265723.9471765972	264850.9204677233	264216.1231820829	262690.1886711068	261524.0868265975	260359.80844172213	258086.95466423006	257332.94104130077	255476.61271957273	254116.4560979803	251450.32556719685	249795.9603084414	247760.23765461793	244729.32459535525	244330.4062146864	238870.0672447894	235516.48151882528	232129.32188890682	228383.09961523447	224891.89588453845	220262.5214741812	215495.84922051575	210040.30190735013	204331.68702623592	198309.3606417018	191766.10843379796	184701.73952673544	177079.46396051464	168798.82664790502	159856.67547525387	150170.68746691858	139696.88632194212	128379.50342525636	116187.84040613034	103082.26265976664	89070.75037487771	74220.18251699535	58684.4327254965	42689.60836620856	26327.274946056248	9411.517734836729	-8199.99428357731	-26607.958226354967	-45906.53077493116	-66193.43207591382	-87575.95876706688	-110176.41354119073	-134138.3427781391	-159634.790656798	-186880.21188314504	-216148.76703782246	-247804.3039811782	-282353.2293346035	-320546.94670166017	-363607.98439624865	-413839.2053767086	-476980.66760527046	-592643.573449184	-628739.0381339996	-652584.6244853353	-676195.371669196	-698787.0423978621	-721450.914761801	-743174.6959957446	-765630.5011681425	-788610.3084670263	-809255.881137538	-830910.6675512514	-850618.0215500786	-870497.0624039497	-891123.3493421297	-909024.5077489254	-933117.9878159559	-948181.0707286962	-969037.8158737784	-986831.1315073327	-1.0043178649801456e6	-1.0253678274291856e6	-1.0420738398448483e6	-1.055378466265838e6	-1.0707040244921767e6	-1.0872998748543523e6	-1.1106647229418384e6	-1.1208798996620176e6	-1.132409182804266e6	-1.1506512483039103e6	-1.16436767763421e6	-1.1692337857624146e6	-1.191755398717731e6	-1.2013604918929236e6	-1.223099805487394e6	-1.2249548669986196e6	-1.2373000288047383e6	-1.2607197676347804e6	-1.2720820069319732e6	-1.259136637672726e6	-1.2690142824104556e6	-1.2900140165583019e6	-1.2976750623316867e6	-1.291553852871781e6	-1.324289435110312e6	-1.317481857883314e6	-1.3438674920806738e6	-1.3334427088999322e6	-1.3418898869455268e6	-1.35002417618831e6	-1.350842271209208e6	-1.3587777582595511e6	-1.36629307190106e6	-1.357556563633189e6	-1.380078096566915e6	-1.3897667966371363e6	-1.3897802528759544e6	-1.3473925166870914e6	-1.3641938259697512e6	-1.3785925800497234e6	-1.414159060266998e6	-1.3896937689147936e6	-1.3731558586260334e6	-1.3740515321206604e6	-1.3788711191889578e6	-1.3596298247355444e6	-1.3918034362499472e6	-1.3712042669307597e6	-1.3745805553598283e6	-1.4033826420831096e6	-1.38722510858462e6	-1.3426191681247645e6	-1.3516255217785316e6	-1.4169150014855443e6	-1.3380182388327275e6	-1.3349185039096752e6	-1.3178558587324254e6	-1.331874312640194e6	-1.3032861777044025e6	-1.2953848916786977e6	-1.3282198089763278e6	-1.3003069206395962e6	-1.2828466217417351e6	-1.2628956136181278e6	-1.252260047840527e6	-1.2535347777719821e6	-1.2455378562047707e6	-1.187487544440878e6	-1.1938610667758205e6	-1.1959897088879242e6	-1.188691126943656e6	-1.1886428513000752e6	-1.1810926721967813e6	-1.1409372276804193e6	-1.1192076266768689e6	-1.0979155343758345e6	-1.092052107658388e6	-1.0695640413247948e6	-1.0305405079871621e6	-1.0090551836570483e6	-1.0109236003644497e6	-1.0067582294223409e6	-982017.8104174349	-959494.92990234	-960562.0274086588	-922513.1095547674	-910979.8360990265	-892552.1197861109	-838643.5862672254	-826621.3849497042	-807708.8595902154	-772976.6827363733	-742915.422130306	-728952.6593878136	-695935.6490021257	-691031.1824064141	-650991.6944075085	-628893.2966560542	-605487.054600517	-569549.1959746282	-543015.2250712377	-515644.6969151691	-490026.2363244489	-451093.4703303648	-429876.9661767276	-398066.12807456014	-366186.57424820616	-333502.28039173345	-317654.1435847029	-324512.7933760372	-259268.39171197574	-216063.19630456838	-195494.00906962279	-154262.89848522778	-101655.9283045766	-61407.1373582299
279720.466140879	279671.37523794436	279536.4922875755	279310.26483697887	278996.8519892871	278597.78851027787	278132.49373252597	277536.456814099	276829.4310984834	276032.9594793582	275173.98209093965	274303.07279819297	273163.92062187975	271736.8815597751	270645.0799496886	269219.0554197577	267588.3753437725	265707.8101605263	264885.9161246416	261705.66634384377	259764.51093312298	257269.64605425234	255099.69916085404	252249.98890584914	248738.54973216844	246093.484747915	243206.24210239202	239185.09721726837	234208.19406785865	230468.5122145797	226344.58993478148	221354.86930757633	215742.7511000593	209734.05013871536	203434.22676401515	196696.8962181295	189370.05307471973	181426.20051394255	172858.39994208893	163581.53426731005	153567.82867768413	142765.74487982158	131092.2455710292	118530.62013037522	105057.86821739019	90654.25511898952	75413.90889415846	59479.69794828576	43075.181901495554	26283.340207284986	8915.670201537316	-9171.376666048629	-28081.151526907488	-47911.22358733736	-68763.57103853035	-90750.82281164982	-114002.06836754072	-138669.68070185347	-164938.51973969128	-193039.3807829626	-223269.995773279	-256030.0566777719	-291884.4000888907	-331689.23970157636	-376883.6256972575	-430335.3581410165	-500195.3988169288	-612313.9463934733	-638593.7645949847	-662641.3540859558	-686175.2395603599	-708859.3979820139	-731745.540424482	-754366.7266943001	-777090.3827629173	-799432.9307472182	-819696.1703921736	-841568.1351727636	-863680.2849016248	-882955.6448964293	-901955.3997795845	-923087.0671902208	-941057.4155276364	-962817.3900648342	-980792.9713301524	-999192.6605812886	-1.0151403050583769e6	-1.0323521361747463e6	-1.0492307877172614e6	-1.0664617697496584e6	-1.0827022153003628e6	-1.0994857353866394e6	-1.114920267210588e6	-1.1300341345753341e6	-1.1469215047750932e6	-1.1588142211480364e6	-1.1733510304116954e6	-1.185034240004797e6	-1.2065602256436076e6	-1.207832267379728e6	-1.2318849795318304e6	-1.2480230888939486e6	-1.2525064049392806e6	-1.2595060799735568e6	-1.2696055308711592e6	-1.2911792617768387e6	-1.291215951229024e6	-1.3071612604064674e6	-1.3141724693769417e6	-1.3071497428679606e6	-1.3210100708913056e6	-1.331496902104005e6	-1.3574421696115974e6	-1.3436622054635438e6	-1.3497106827384257e6	-1.3595587826920683e6	-1.36111167196171e6	-1.3619157004640088e6	-1.3670971862253128e6	-1.3711968797031026e6	-1.384771740685671e6	-1.359393667756862e6	-1.4212180897484173e6	-1.3551278738225405e6	-1.3942114412822274e6	-1.4111817150201355e6	-1.4049265541355922e6	-1.3827193817562116e6	-1.3882507811410031e6	-1.3836656534279168e6	-1.380599508945308e6	-1.4013272923767203e6	-1.390383611048362e6	-1.4162920828801596e6	-1.374510854311275e6	-1.4057883204820587e6	-1.383717155355347e6	-1.3659499527849709e6	-1.4169394518088477e6	-1.351541964649892e6	-1.3489019169624557e6	-1.3315670749045908e6	-1.3365429537738904e6	-1.3351093245550657e6	-1.3257967574795969e6	-1.3056909871867453e6	-1.2959348053434414e6	-1.3025532160146253e6	-1.2852896138574665e6	-1.274758632034814e6	-1.2625518481470982e6	-1.25676038215944e6	-1.2465477001107095e6	-1.2357712900263572e6	-1.2115447354894828e6	-1.1906725601157316e6	-1.1901961944087876e6	-1.178502785150491e6	-1.1761138581854792e6	-1.1402876553590102e6	-1.1246952126181566e6	-1.113868170649902e6	-1.0972853251526547e6	-1.08815151474098e6	-1.0487125180947564e6	-1.0167007489467191e6	-989177.2105752563	-1.0299082231455983e6	-998977.9389000018	-987398.8981459017	-947106.4698963591	-933067.8682145926	-907697.431610534	-877238.8376082862	-858119.9788322155	-838483.6386363797	-808411.5868640889	-786195.9004722342	-768338.0209013547	-755228.3690907622	-695057.2469808909	-698859.5014186569	-679957.6305775477	-639877.4529404065	-581045.1196263062	-582320.3263445243	-546900.9750733788	-523037.72662659717	-507745.79721995146	-470326.28615354403	-445356.9088488201	-426233.96472643205	-375849.65333197947	-360149.1129406223	-342654.1529632321	-307801.871411308	-255439.95768118213	-229029.48732269864	-191584.2270194714	-153614.6484104272	-107872.09469483636
290345.1928963232	290295.00841451116	290157.48205835785	289916.1582670935	289619.29161496495	289247.07606838044	288707.0000804958	288147.0098575143	287537.5898539616	286644.61388417654	285825.11948743375	284927.48964262364	283705.68501078966	282014.5464574315	281182.6097409233	279754.05906403635	277984.6593774194	276071.4799506245	275052.3972178119	273018.23308456806	270360.2982110087	269068.75815500575	265897.80387841666	262567.07563876256	259787.5751647147	257188.1474903926	253543.10519579682	249831.93756167393	246445.40021222312	241508.25064600765	237298.58236632484	232073.9037370395	227088.81479483124	221515.2133668206	215340.53593561891	208737.30015324417	201718.51988316365	194046.9446020953	185804.85592296487	176934.1866567732	167330.41737123864	156988.75567761227	145827.37617169466	133815.6584868443	120889.97410563241	107036.28524509179	92253.99702577548	76618.74667430788	60282.679663546325	43464.63316045754	26238.95602121536	8414.6176341307	-10153.282661049947	-29570.84340698761	-49939.18929983792	-71364.75846884801	-93965.76674033754	-117878.47258203878	-143264.63557673327	-170321.77737272222	-199298.38574172964	-230518.0350464884	-264420.3637900278	-301636.7820068134	-343146.77167598536	-390656.99743320263	-447800.468331561	-526958.4407153192	-623078.313694499	-648392.5732470774	-672453.6626987997	-696037.602490288	-719544.6938953053	-742458.7370028116	-764861.7228571256	-788119.1983271725	-810013.232850966	-831249.7080481553	-851629.116267395	-872989.5211113743	-893831.788851605	-915559.1899023016	-933589.4753632662	-953923.8418815739	-972363.587550448	-991714.3621091298	-1.0088388619799698e6	-1.030599179629097e6	-1.046481326908641e6	-1.0639358171340062e6	-1.0804363318275735e6	-1.0954068809831217e6	-1.1150356874166802e6	-1.1290911629867048e6	-1.1346469149096836e6	-1.1638461671247971e6	-1.1712107226187575e6	-1.1873971143804356e6	-1.1968126647903842e6	-1.2174222850927184e6	-1.2381435752193586e6	-1.2378319694193376e6	-1.2428925040352542e6	-1.2701420128477842e6	-1.264146542057093e6	-1.2550034323850658e6	-1.2985421152066048e6	-1.3330977117905065e6	-1.3201538396902566e6	-1.301234854680573e6	-1.2723954138309618e6	-1.3419704387962527e6	-1.353325591276591e6	-1.380583128873776e6	-1.3690401703129818e6	-1.3784144356981656e6	-1.375889036700153e6	-1.373627460929321e6	-1.3735691700883259e6	-1.3561338986023704e6	-1.3845860868526115e6	-1.3930830064946502e6	-1.473027917080435e6	-1.405330684539707e6	-1.3953161883203827e6	-1.417029618552886e6	-1.4159376674861722e6	-1.4000742811914198e6	-1.388817263994769e6	-1.384373525977572e6	-1.3442025634207197e6	-1.4085689714713215e6	-1.4005746461288042e6	-1.4175878325687668e6	-1.4124882325099045e6	-1.3970921254139596e6	-1.3987008430365177e6	-1.4617997019214162e6	-1.370818989853614e6	-1.3786526883777978e6	-1.3648844383371882e6	-1.3606200038755015e6	-1.345185029985171e6	-1.3296632211294994e6	-1.333897781420184e6	-1.3370641604551005e6	-1.3301428355743692e6	-1.3523753324483426e6	-1.3189779553736483e6	-1.3063189141523952e6	-1.2548263583816937e6	-1.2682000867675121e6	-1.2754338589815276e6	-1.1790868864013252e6	-1.2135613849643338e6	-1.2376917168413063e6	-1.2159249530835836e6	-1.183533537705601e6	-1.1638863675666335e6	-1.206075934554292e6	-1.1659172562201908e6	-1.1520186417604224e6	-1.1320860761529203e6	-1.1167184830303302e6	-1.0804811105714336e6	-1.058895009641034e6	-1.0641032605182014e6	-1.0390480240440089e6	-1.0283834321346399e6	-1.031128968265784e6	-999913.1675287555	-953452.5573211969	-950851.556957673	-905751.2477898304	-894810.779206008	-869614.6451003482	-849292.8484242996	-822287.6475048994	-799757.1938660278	-782476.8560007855	-739177.5759103547	-733188.4008560881	-701684.1487391267	-676219.0189961328	-630223.657621572	-615348.4185072093	-573915.6301159563	-566320.7212689284	-529697.1650142136	-510048.2377066648	-483843.1260257683	-456958.19343766506	-431614.10525241244	-395254.649357199	-381818.3148038004	-341102.4672900511	-297865.15795743215	-265090.7693792757	-239672.4884657737	-197940.3465286594	-151453.7387447458
301160.3722633859	301148.5357482175	301007.0822447705	300784.51521350234	300466.2067919228	299795.2596285548	299505.96326453704	298920.17766046483	298292.2808096112	297532.5296081631	296557.6102343892	295653.3757409063	294454.59927796025	292874.5993191412	291971.5417627726	290778.2152427813	288973.1013090188	287254.01191730006	284937.5464533651	283214.92090652225	281435.49243454175	278573.92645965924	277024.32962136576	273770.9483245604	270571.44864412834	267993.87991846056	264418.82958612766	261516.08993023576	257213.00390595503	252146.81305499197	247912.50630204912	244070.0773187706	238734.44466886806	233172.86724223132	226486.97036355062	220634.20262599437	214097.22606510157	206679.39300444175	198737.05733264517	190179.0579143219	181023.25955857028	171104.94574950292	160435.5146784175	148930.45578390203	136559.04448728997	123266.475095602	109033.5896516523	93865.92854030995	77834.41675204888	61093.38454512926	43857.95760048489	26194.123416141258	7908.358794395055	-11145.702501937165	-31077.024312178895	-51990.43220445997	-73997.01576939976	-97220.86597524094	-121805.80595481029	-147923.57737549517	-175785.27595447085	-205658.55645058083	-237895.3611084852	-272979.92261185945	-311619.7650103005	-354940.2142532883	-404982.71400541725	-466448.6411298775	-560699.4748843412	-633031.8623856115	-658085.2297446833	-682342.445454143	-706080.2125663781	-729473.8073787512	-752117.4362437667	-775264.2292545631	-798866.68904991	-820048.4826313832	-841806.314861038	-862248.7964490498	-883577.657378704	-905009.7570430143	-925484.3207988273	-944712.4344898523	-965147.4631376234	-984045.331424132	-1.0031071831290005e6	-1.0228473619278036e6	-1.039401221932418e6	-1.057167186679317e6	-1.0777579882538596e6	-1.0955131968102048e6	-1.1152994262838226e6	-1.1243021790757093e6	-1.137899721070721e6	-1.143282013506813e6	-1.164599691442683e6	-1.1966535355966275e6	-1.1935582266558257e6	-1.2292860472529817e6	-1.222634287891519e6	-1.2315134226288863e6	-1.2536405047097614e6	-1.2500155370296827e6	-1.2721351984519467e6	-1.2798919481846339e6	-1.30028737685604e6	-1.2918679097929716e6	-1.2909262586431652e6	-1.3060637346652008e6	-1.350177158089387e6	-1.367921815636722e6	-1.3532221194550982e6	-1.3695436160347012e6	-1.342658831397103e6	-1.3685522281853326e6	-1.3709125311917923e6	-1.368790393688365e6	-1.363612772639166e6	-1.4163690303269965e6	-1.385918667883413e6	-1.4171297475298576e6	-1.3798966558376446e6	-1.4177165502312058e6	-1.45574397801289e6	-1.412683309316913e6	-1.4247738403535553e6	-1.4003312121636844e6	-1.421996593349054e6	-1.3616840110362247e6	-1.4023860044183787e6	-1.3816911175525028e6	-1.399142392023626e6	-1.396515065771919e6	-1.4081748865728097e6	-1.415972547144552e6	-1.3971362347772794e6	-1.4401414554374146e6	-1.394184753626525e6	-1.3960714917180396e6	-1.406961420473387e6	-1.347060815790945e6	-1.3792635805312195e6	-1.360702139418536e6	-1.3660667012578e6	-1.3568264423035362e6	-1.3335906222277295e6	-1.3472295718843213e6	-1.3329395116255416e6	-1.3261684171555906e6	-1.2990471690075372e6	-1.2801453928647523e6	-1.3060183817279541e6	-1.280916023203687e6	-1.2706021196227141e6	-1.2637372985403982e6	-1.2370252427195443e6	-1.228073959071691e6	-1.2094949471517724e6	-1.184364253386386e6	-1.1653893727144033e6	-1.1759791149766992e6	-1.1239147138405612e6	-1.1375090067696315e6	-1.1204555855110995e6	-1.1078335507282834e6	-1.0849704992355327e6	-1.0660742993120907e6	-1.0615087166490292e6	-1.0233181452517263e6	-1.010840640343152e6	-998394.9394884151	-973440.9342019549	-949352.8973830824	-930206.7251758678	-918730.9560920158	-886775.0357317857	-869529.7772502201	-834693.9498424407	-812566.5876973418	-778900.4878706664	-751918.5520844979	-747035.7488677434	-710861.0431250662	-686825.1660453298	-663895.2098720584	-625085.872352998	-606360.247956068	-565775.6194488893	-544957.497033207	-505778.9958279224	-503804.6108099663	-466357.37188242824	-434069.7759440656	-420407.95102232957	-390576.5026945237	-318094.0969814866	-308298.55783721415	-303124.93392523547	-235064.1255210925	-204879.06998342864
312256.93116890633	312211.23857917206	312057.0218051504	311847.57950768055	311514.9404694416	311077.47491665604	310589.4365062311	309979.76351176546	309312.424636717	308556.63597221044	307613.7778504661	306555.89222256065	305395.18653782684	304087.64338740904	303064.16957962036	301378.20650508406	299732.0391691901	298003.6879219669	296523.1544147715	294378.527929652	291962.5007468382	289647.9474013784	287332.2637631728	284709.6687315913	282608.3431163443	278492.7473054597	278984.1665640059	271782.7830812488	268661.15755419177	264155.30904773355	259865.18315188712	255418.39406162786	250100.45388892258	245465.478333716	239563.1075701771	233104.54435225995	228042.2815858466	219441.97848926677	211690.60990455092	203504.63283894607	194649.85174925567	185135.68432477122	174890.17446544158	163768.20741226763	152070.24601427885	139328.97844570805	125666.05062065303	111043.8799037924	95491.62957693564	79061.06619033474	61911.81352532693	44255.15378880844	26148.84210817094	7396.901450409117	-12148.623247924465	-32599.675781048572	-54064.94228654995	-76660.3566613589	-100516.18657176004	-125784.24106418708	-152646.87522538094	-181329.74340130523	-212121.27785116248	-245404.58594382345	-281713.8167531691	-321843.79839009285	-367093.57810781297	-419929.2741530515	-486604.04251394764	-609543.5719988158	-642709.6676182367	-667678.0482917202	-692269.9028000913	-716158.0374533804	-739490.7398842259	-762541.2996850265	-786210.9547467488	-809612.6682976582	-830743.7105581625	-854103.8030641447	-874943.8810927	-895492.7066767337	-915746.0035043485	-935681.9270625368	-958393.4226885613	-977301.3423256611	-997384.8715953969	-1.0154045958934498e6	-1.0332158660673718e6	-1.0492713104441734e6	-1.0690644988310062e6	-1.0844526184201727e6	-1.1005027425393204e6	-1.1245297040702137e6	-1.1420868524991071e6	-1.1517954222359464e6	-1.1693610526807744e6	-1.1650483730388363e6	-1.2032463812493286e6	-1.2147155660378542e6	-1.2235007582804046e6	-1.2474307634373282e6	-1.247192347373556e6	-1.2676409765603726e6	-1.2889638878748731e6	-1.2860324247877698e6	-1.2887054001521636e6	-1.306055251908677e6	-1.3148773071370528e6	-1.338666160908807e6	-1.3342518666056078e6	-1.3596829328055826e6	-1.3424055944635745e6	-1.3573907807099523e6	-1.3957025681430066e6	-1.3907413037593286e6	-1.392762606960943e6	-1.377077700776556e6	-1.3488875840469578e6	-1.3882367020724702e6	-1.42661533537389e6	-1.3916308118018638e6	-1.4142913557570612e6	-1.4238254998931694e6	-1.4526649245543876e6	-1.4257136486081015e6	-1.4490495395409432e6	-1.4479985495351418e6	-1.4168185911508908e6	-1.4227018889792238e6	-1.4356740333056985e6	-1.4161782569082251e6	-1.4101662405064695e6	-1.3918891188738677e6	-1.4273891558629482e6	-1.4115236557402473e6	-1.4076586003247292e6	-1.4161700424571142e6	-1.4314728052061552e6	-1.4052267643702938e6	-1.414576475590886e6	-1.4018870346031215e6	-1.378183688537828e6	-1.3845384792101886e6	-1.3778782526487445e6	-1.3362579406904264e6	-1.3810300602283229e6	-1.3138176043537783e6	-1.3665761975770302e6	-1.3443582177509689e6	-1.3318286711775002e6	-1.3103385512690851e6	-1.3153789913700654e6	-1.3290142454645878e6	-1.3064005866083938e6	-1.2763779802419704e6	-1.2653206770589093e6	-1.2589806947942388e6	-1.2559528055320524e6	-1.2068484315009818e6	-1.2047149211187463e6	-1.1966932347791048e6	-1.1864833259557572e6	-1.1651052293660408e6	-1.1545434919411177e6	-1.1368447559419135e6	-1.106691343896797e6	-1.0790562968370279e6	-1.075249972577486e6	-1.0570886997506784e6	-1.068752144911824e6	-1.0339823769432202e6	-966621.2972359604	-978564.5628750464	-966046.0744007367	-931359.755835902	-908947.2302150312	-890920.4630656601	-869441.0806243655	-860855.7654583056	-827018.5727787975	-796400.3624288912	-786145.5569352277	-750776.6158193147	-699024.0525753291	-686735.0084640726	-674810.2700848884	-653277.1859021334	-593459.8796984933	-575748.9992904	-559084.5643741677	-528604.4343485476	-503883.98932862544	-482986.34602402645	-455663.9495868751	-415137.296343969	-388901.14731176366	-350175.5048966769	-336880.5255725247	-286742.6589552195	-242993.3378393206
323558.1945604634	323509.8942632574	323358.9996594593	323124.91287709173	322798.83913469233	322389.6463415483	321865.0072765238	321286.79037452396	320488.26149749826	319781.3842421404	318840.3253976886	317717.1670911226	316593.8670100863	315783.2608157694	314038.3150075841	312532.2857187587	310863.423597338	309585.62603563245	307592.9219853021	305245.3309757681	303558.952567182	300902.8943045367	299060.9028187671	295684.005875921	295358.6531778327	289588.1531324773	286252.5334076539	283662.05718550447	279161.88895125384	275777.19201475766	271333.03008479625	266178.3913623066	261860.18314038278	256787.05213340814	251396.92072555766	245302.1579528164	238381.1278170033	232038.87721268565	224672.10238992795	216702.28903996077	208251.70350998268	199126.55545900494	189280.36222232739	178759.98342562706	167357.15581478534	155203.68013636867	142093.66562287963	128077.07095123045	113070.39679222993	97131.07945008238	80298.58429320512	62737.96322701295	44656.21173149379	26103.11362934782	6880.255155063438	-13162.028254538309	-34138.779591140395	-56162.69879004359	-79354.78564622032	-103851.7874989481	-129813.94477778027	-157434.9005188074	-186955.92763738392	-218687.99711840617	-253048.50939364696	-290627.57251765096	-332320.5827774334	-379635.0427403865	-435584.6928699292	-508803.08095357084	-624801.6857780782	-652200.950991611	-677331.6536644609	-701882.9783738744	-725845.0932031416	-749846.0469715451	-773489.0692752372	-797277.3835035632	-820055.1970917652	-841835.0067461198	-863383.2183913258	-887108.020558839	-906522.3690626875	-927399.213132173	-951703.2394615978	-968375.0795587341	-990006.8875090466	-1.0082592501662474e6	-1.0294234123568309e6	-1.0496423053466368e6	-1.0667149458842187e6	-1.0900362105963787e6	-1.1060866924039403e6	-1.1216378262879353e6	-1.1352718249256962e6	-1.152293445466525e6	-1.161157128957729e6	-1.1633496450844242e6	-1.2078667930306254e6	-1.2273414400462238e6	-1.225904600458404e6	-1.2399703347150863e6	-1.2398460352625134e6	-1.2731445347639646e6	-1.2623608690054994e6	-1.2813315032312672e6	-1.3080678739208274e6	-1.3224002794779597e6	-1.3196630432895434e6	-1.336648214415151e6	-1.3424921994103182e6	-1.3783541855638635e6	-1.3678406162107086e6	-1.3659645873813757e6	-1.3911824195978716e6	-1.385640615956323e6	-1.3864352352551415e6	-1.372044407939391e6	-1.3784559745619826e6	-1.3791230734106407e6	-1.3888746459307356e6	-1.4649846788835838e6	-1.4356493932819942e6	-1.4631640631977178e6	-1.431735369256022e6	-1.459278955363487e6	-1.4722989412730578e6	-1.4536757482094658e6	-1.4505510535250555e6	-1.4260833006789982e6	-1.432137976130917e6	-1.4495939177970227e6	-1.4170829188937643e6	-1.4500693725905505e6	-1.4379860666855888e6	-1.4392361748825253e6	-1.4502262312109438e6	-1.451435549792597e6	-1.4260843171247703e6	-1.449672672462685e6	-1.4210749228495932e6	-1.4167891513421333e6	-1.4151133796035238e6	-1.399851368503494e6	-1.3861834381258897e6	-1.3716452620325775e6	-1.3892629168828428e6	-1.3967068096460903e6	-1.3496822777294475e6	-1.4061254633161365e6	-1.3574990582969117e6	-1.3448170654508865e6	-1.3533181436780482e6	-1.3884363597272781e6	-1.3550323400539532e6	-1.321050624043073e6	-1.279656469067692e6	-1.2785458892780498e6	-1.2570254898874445e6	-1.233865089066633e6	-1.2358645639259128e6	-1.228792496768946e6	-1.2197331748094982e6	-1.2059370176311582e6	-1.1882995278783673e6	-1.1461709472782784e6	-1.1297477726884594e6	-1.117280311946056e6	-1.0999305804493218e6	-1.0861461449354128e6	-1.093273550122183e6	-1.0544705786423492e6	-1.0289472171503436e6	-1.0129664543768088e6	-994225.6301097241	-972864.9287294575	-953860.7277959813	-935257.5892599216	-906044.5403999784	-877141.9017034315	-876227.6109792714	-820428.1015830406	-801359.28168673	-793755.8117805787	-769785.8221721023	-740756.9582956012	-709119.7292200464	-684800.5053391175	-654439.2371332122	-624330.6213497955	-595319.6543285677	-572491.8735304058	-562687.9349458881	-518415.6016079889	-500479.55503372225	-440742.07932891353	-439288.7281307879	-398944.059523939	-365117.2406402154	-333696.03735505167	-290328.75034653983
335076.22361882194	335031.46880790376	334885.20220697735	334609.46433178417	334300.99025016965	333865.5761285368	333389.18725991313	332735.40625885595	332128.7668998188	331236.40374538937	330320.2183322461	329262.8654923568	328569.87343663274	326722.71695925214	324977.2440081839	324007.2005276654	322605.08925243	320713.17201984837	318639.7933802351	317323.77854006144	314234.2664443555	312385.0622655102	309273.0581140672	307758.5633833457	305711.60463696136	301060.73023931053	297845.00246340013	295150.41355378344	291548.07784778695	286969.41832319205	283936.288057819	279022.2212874321	271176.63931542134	269042.60189214256	263964.786445525	257962.87672088575	251444.0597292015	243839.69897936378	237699.6339794314	230109.6800296361	221852.80142139556	213058.37825303836	203623.2552826848	193470.79430153657	182629.09870065993	170905.6940999268	158368.42039252678	144929.9360948721	130518.57242389936	115129.1164064611	98785.11220674374	81547.27957893419	63571.82687184584	45061.121316380915	26056.93879820584	6358.430395863135	-14185.896741715813	-35694.30861027195	-58283.67884206411	-82080.29806100263	-107227.72163837141	-133895.07963229727	-162288.02692216967	-192664.60002932115	-225360.23250835232	-260830.10514112032	-299727.2190230627	-343063.2950920156	-392598.07362946327	-452065.476888161	-534065.548326256	-635123.8579358757	-661685.7511316007	-686899.1983341919	-711668.0720059988	-736085.7114331597	-760591.0556546242	-783614.8459315505	-807812.6884188014	-830043.4618015441	-852733.5919685953	-874120.1235283059	-896868.4909511323	-919005.4464492376	-941647.9328318604	-958939.8223428752	-982885.128407421	-1.0011710437051076e6	-1.0218873641445588e6	-1.0388614927173599e6	-1.0565118577771953e6	-1.075356798606764e6	-1.0927869851835591e6	-1.1051876644858834e6	-1.1282508131396293e6	-1.142783434019538e6	-1.1673572713646109e6	-1.1660032959334895e6	-1.1870789755023702e6	-1.2112141860821631e6	-1.2310026250557622e6	-1.2281303936274624e6	-1.2572858773447094e6	-1.266332507582487e6	-1.2818662265107646e6	-1.2824129056505316e6	-1.3076385147933469e6	-1.3131668862786833e6	-1.3235203536319572e6	-1.330715893566706e6	-1.3505236820373782e6	-1.3466216603961412e6	-1.3684766084890969e6	-1.3918107960082444e6	-1.4107610430323873e6	-1.3945956045333855e6	-1.4255038101602104e6	-1.394932259376599e6	-1.418946065398445e6	-1.4455595527642607e6	-1.4748926537762159e6	-1.41315957806167e6	-1.4952469530128909e6	-1.4353704102729852e6	-1.4563906210527695e6	-1.446906305045896e6	-1.4314174424041612e6	-1.4477229029097632e6	-1.461676396547224e6	-1.4477630069097423e6	-1.469538711518061e6	-1.457062681432891e6	-1.4475333927728445e6	-1.4416915728150296e6	-1.421089905744187e6	-1.4231653721911167e6	-1.4430476284091228e6	-1.4445255171791504e6	-1.4524445217924116e6	-1.4334711624969726e6	-1.383885376357428e6	-1.4562907942341147e6	-1.4448265698819412e6	-1.4218189587777038e6	-1.3941617796964704e6	-1.4000357905476333e6	-1.4105193744251225e6	-1.422639187362723e6	-1.3871203403952052e6	-1.3903353730158852e6	-1.3729600955926517e6	-1.3844135916691914e6	-1.3755987210077923e6	-1.3730167687291957e6	-1.4356902228958742e6	-1.3508991403641796e6	-1.3197011581503411e6	-1.3030574369035843e6	-1.296688391484594e6	-1.2623137130621928e6	-1.2617115859960264e6	-1.2401339077200834e6	-1.2474739559716275e6	-1.254234797493293e6	-1.2277717310491367e6	-1.2058345739787782e6	-1.1777327175342112e6	-1.1595310898554188e6	-1.1239426187629583e6	-1.1269413250036088e6	-1.0984065038123042e6	-1.0831018096825003e6	-1.068353888192636e6	-1.0557282294404563e6	-1.0197967062951268e6	-1.0027439622780525e6	-989844.2449126502	-968274.1138652517	-940064.0035825085	-923094.3424225298	-908862.9333383322	-871073.1967644661	-838361.2724690249	-809996.9967220763	-791793.7493639577	-773860.0349734055	-771145.4553369738	-717899.1775620042	-696500.2250859851	-656464.115517135	-627455.0725371789	-601457.2423732814	-587292.3450683097	-573877.2958229643	-503613.2334613626	-471231.3885124361	-481098.1458746668	-433581.91704341007	-424391.60486190656	-388425.7289223641	-349111.6212881178
346812.7994703096	346761.43971739465	346638.82081478415	346369.65485432104	346049.24774032657	345628.72432852327	345104.8927144337	344525.5589330229	343492.3934496627	342850.17282307777	342902.03836439934	340902.197073899	339738.42773610866	338614.9394929247	337217.98121312336	335822.24379568844	334144.5915315668	332193.20619899745	330323.826822125	328723.45751602005	325663.78929667344	322481.3286719614	321589.3613122854	318568.12614924257	318175.6847804025	312636.48293913226	307940.65655127814	307398.88861851563	303388.0780901861	299380.74781949125	294945.43031063693	291225.5742317531	285982.868990896	280986.8651148038	275759.7843248944	270245.67732436414	264367.75498155114	257802.9837686973	251090.97990113564	243225.12467011367	235426.4377394155	227038.45655253343	217860.16592088132	208112.98222283256	197683.76603746015	186435.1139000724	174437.52849355558	161589.48230504588	147760.4382823131	132941.61216333235	117195.19571323067	100451.23896919313	82806.87492524186	64413.39214651083	45469.8767467406	26010.318373500777	5831.439745550888	-15220.205255253823	-37266.23194439616	-60427.85545053269	-84836.8959715165	-110644.0350851643	-138027.80759946717	-167206.63543012907	-198456.55690478953	-232139.5799523563	-268752.56204897177	-309019.36485051067	-354086.884241056	-406022.9691288195	-469531.75838444714	-564885.9447427904	-644742.6895062586	-671032.2572100416	-696424.5618427219	-721615.3203065835	-745862.5013122342	-770200.3404057613	-793527.6209386867	-817821.382677336	-840598.5738158801	-864868.6410090365	-885908.4284840135	-908077.0220840529	-929244.8967675299	-947684.1496922667	-974431.4708279439	-990860.9151766847	-1.0070620089585218e6	-1.0315874934511019e6	-1.0523504649205236e6	-1.072313166647709e6	-1.091789137628382e6	-1.1011074182710303e6	-1.1276373891868445e6	-1.138255663250637e6	-1.1510138092624957e6	-1.1751967685611078e6	-1.187477251240262e6	-1.2058065483057625e6	-1.2057423694623716e6	-1.235530538968814e6	-1.2613578752414717e6	-1.2668242386085966e6	-1.2918153389419706e6	-1.2977056948810262e6	-1.2898592638816417e6	-1.2712777150541658e6	-1.3321983564238867e6	-1.344287022808636e6	-1.3504929372044315e6	-1.362536463482694e6	-1.3848091548803311e6	-1.360655799132137e6	-1.3869967457292103e6	-1.4217051699000944e6	-1.4117928139496571e6	-1.4040251632897034e6	-1.427791425279891e6	-1.414761420161718e6	-1.428732782932271e6	-1.4299878616711714e6	-1.4284022110503898e6	-1.4899386843044213e6	-1.3856133021583925e6	-1.4714433710933947e6	-1.4822232175497834e6	-1.4770759520719566e6	-1.4721950422618473e6	-1.4545352228607363e6	-1.4705614121713077e6	-1.4681296116787714e6	-1.4643422063210409e6	-1.4593951552759206e6	-1.4662183292708383e6	-1.4786626403513988e6	-1.5024727239903032e6	-1.471894755606054e6	-1.408896054926078e6	-1.448854501562754e6	-1.46348120046704e6	-1.440931119419782e6	-1.465534211133207e6	-1.4458984933140492e6	-1.4222640328278213e6	-1.4329599238888153e6	-1.4230606081149576e6	-1.4028977039001463e6	-1.4174401865493925e6	-1.4064533024484413e6	-1.3593284599612046e6	-1.3855225458768308e6	-1.410473114095874e6	-1.3867689563837093e6	-1.3759159182299823e6	-1.3951382829818502e6	-1.3629604495777118e6	-1.3399403869480134e6	-1.3160282933370231e6	-1.298339452874156e6	-1.3198252561529677e6	-1.2999601402088809e6	-1.2516240021824688e6	-1.244243122253242e6	-1.2470074001191976e6	-1.2280904675766467e6	-1.201461907310172e6	-1.1782346935273586e6	-1.1580294622182627e6	-1.1410121316496308e6	-1.1263528188924992e6	-1.1144885702574882e6	-1.1019879035917735e6	-1.0892139638447077e6	-1.0478366450085354e6	-1.0331619661951072e6	-1.0226854139669118e6	-999595.0609962821	-972407.3378640967	-964696.8939221033	-933709.0921315495	-923749.8203766823	-882771.8458891243	-855129.9550111878	-822030.9904424481	-787235.9261593518	-785581.0235501358	-760211.1758851653	-732445.8520177335	-708722.8280408124	-674326.9420354927	-636436.6011508347	-615054.6163631661	-599000.1158044415	-589455.998422561	-565354.6531965027	-530855.4214197041	-498347.61389534903	-460210.1553328529	-441412.36582204496	-390010.6077015291
358773.2234352636	358719.653647249	358571.8620634844	358302.62781461445	357986.09987360775	357530.96101040853	357077.147748491	356376.6950223532	355679.1174899132	354933.9701485884	354071.95212381054	352889.2840395752	352398.0503218173	350825.0324734417	349027.46462942753	347876.33872841543	346102.87405386503	344531.8904002609	342584.59100725723	340285.62539278594	338203.65899643494	336039.5335198696	333589.77860665775	331187.78635353805	328458.95304281276	324924.0732384918	322545.83961565944	318301.85260612203	315242.23786258145	310836.4507879934	307511.47615053493	304610.58362636267	298495.3776155428	293575.36047142616	288266.53647178685	282835.59580689896	277111.1277134463	270527.52924947615	264079.71254702436	256681.01518363206	249079.08652824207	240894.79482027935	232120.5157957406	222774.40482796446	212635.12985746114	201868.95648091746	190400.02686712932	178006.70607240297	164764.71131282183	150578.87636144913	135431.48902206944	119279.89930206753	102132.44598230021	84077.44229939173	65262.64471524651	45882.46543547051	25963.25466674316	5299.297119959083	-16264.926992412016	-38854.51381787466	-62595.19274815102	-87624.55998019228	-114100.7569427357	-142212.2820229961	-172191.11261510977	-204332.62550660718	-239027.72098440328	-276819.2979947215	-318511.2790573537	-365408.4301874943	-419959.0201411009	-488214.7482327461	-610880.916192164	-654110.5303498365	-680496.3608907496	-705812.1837646444	-730842.6608299927	-756119.9839165495	-779748.2664754165	-803825.26800921	-827900.0184877755	-851095.0812935375	-873843.6576685912	-897790.0773277471	-919294.8837442067	-937577.5049366078	-964520.6536407229	-979116.2039902101	-1.003015018841635e6	-1.0236875501178221e6	-1.0463680737873807e6	-1.0612194648990615e6	-1.0811730656298983e6	-1.1044209592828692e6	-1.1131182696597732e6	-1.1354104287033435e6	-1.1513619148748645e6	-1.177290275809128e6	-1.1925559786078788e6	-1.2017033641231293e6	-1.216596582358791e6	-1.2488471241767404e6	-1.2517825247645387e6	-1.2669012902821589e6	-1.279292274502506e6	-1.2985681749395707e6	-1.304797950012598e6	-1.3358365049940262e6	-1.3157393808750885e6	-1.3472092697998502e6	-1.361403864771706e6	-1.3588249299666209e6	-1.3808068018814118e6	-1.38199845443722e6	-1.3808930265560762e6	-1.399462329503259e6	-1.3698007620785024e6	-1.3980535169277058e6	-1.3948742367666445e6	-1.4181312163814637e6	-1.4266821953347602e6	-1.457174172319931e6	-1.4312633525861378e6	-1.435670699403779e6	-1.5088378399200903e6	-1.5037405813045588e6	-1.4860087538679768e6	-1.4780546381356337e6	-1.459107834178503e6	-1.4767392775112106e6	-1.501354907787731e6	-1.4961749912016143e6	-1.46322987892682e6	-1.4739609371416694e6	-1.4984240828116068e6	-1.495302797155558e6	-1.5282891228634662e6	-1.4911603896224732e6	-1.541566171756498e6	-1.4918600411798407e6	-1.4940658895695244e6	-1.4530821275605261e6	-1.475335893673739e6	-1.482322493435333e6	-1.4496692604642126e6	-1.4392468376714217e6	-1.4392911202409798e6	-1.4481402255183554e6	-1.4350722706318088e6	-1.4414758509685898e6	-1.383634971638728e6	-1.3905925610958997e6	-1.4008515627722621e6	-1.388210056252313e6	-1.421052344856565e6	-1.403508915068335e6	-1.4184044578618477e6	-1.3633691575729237e6	-1.3407938397088756e6	-1.3174650221686512e6	-1.3132513238025429e6	-1.3089572226811347e6	-1.2796346993313974e6	-1.279785939487935e6	-1.2834763713088124e6	-1.2644417152600475e6	-1.2263231637672926e6	-1.2181131539026033e6	-1.1957329683480964e6	-1.1717566374280276e6	-1.162244812193478e6	-1.1538467758078359e6	-1.1456338039245347e6	-1.119195513796704e6	-1.0881218078502736e6	-1.072661247593169e6	-1.0523950432964105e6	-1.0354049163046845e6	-1.0182461713662115e6	-999182.7752001896	-969452.1988060742	-970058.7608596168	-941146.2869210888	-909952.553042507	-852985.0918465124	-837278.9403985993	-821878.110749048	-797098.5758099023	-781219.2045101041	-749181.0340376978	-731101.8546765756	-673720.3533123669	-666057.928493683	-642163.714787794	-617653.2259258365	-599861.3820012484	-600426.3826984235	-542521.9586280582	-495474.5914766689	-495707.6505386171	-432371.9409291044
370952.6950056526	370905.2907615177	370737.3095710471	370490.0180388384	370181.80670006707	369702.2608371161	369059.63944385754	368539.5465987342	367796.0148567133	366984.45936244784	366087.7817073168	365179.70353399654	364270.5716760211	362482.80730700993	360977.28659903735	359457.62803374813	358159.3300808165	356331.60678775836	354996.29935217946	353013.40117038105	350717.12037096854	347903.4362064131	345657.2925418486	343245.82501550275	340427.58326645585	337553.2489870967	335994.11614709743	332152.3855528288	326602.0593664928	323386.94566255587	319296.37520347943	315994.4588458263	311040.06187607703	306295.25482541183	300623.9166138313	295635.6062225058	290979.09145214676	283795.409643551	278744.232897002	269164.2675570394	262472.46438404254	254789.68935807305	246386.5581501224	237370.19550933372	227584.85215892925	217218.4266926935	206165.3431117282	194247.74199640556	181588.95695815992	168044.03761678922	153468.04813630233	137923.79811217973	121372.529953799	103825.5911906389	85358.98137088737	66119.56546977183	46298.875058493606	25915.746663637226	4762.0192720264895	-17320.03177132993	-40459.115153502964	-64785.65390962176	-90443.26625117956	-117597.9451316332	-146448.65533752058	-177241.85142628587	-210293.66359264625	-246026.43381691969	-285034.0014702802	-328211.0000557772	-377047.5996542916	-434467.6576542828	-508471.52698643605	-633649.339550337	-663368.9370912875	-689727.363394185	-715472.8655138481	-740855.9799012588	-765446.1637265806	-790320.9008643415	-813944.8090907477	-838645.205686331	-863015.8291930861	-877192.0782058139	-907956.2364405761	-931112.693617614	-954283.9380725331	-972334.2328072642	-995381.8622942909	-1.0157721898432334e6	-1.0369594383780151e6	-1.0533237788079693e6	-1.072731755937691e6	-1.0929471158367265e6	-1.116515212382896e6	-1.1340781310370795e6	-1.1516780206967522e6	-1.168416029094659e6	-1.1765540483624048e6	-1.206821696977888e6	-1.219546479539461e6	-1.229576882742037e6	-1.2621932502622667e6	-1.25073108324616e6	-1.2868167200552167e6	-1.2863257891595587e6	-1.3080716676888533e6	-1.3213905587665972e6	-1.3175339535082139e6	-1.333550794021657e6	-1.3482548718302213e6	-1.3488741370204063e6	-1.387022794453278e6	-1.3910598098718605e6	-1.4213278651400732e6	-1.3901902486380462e6	-1.3805830157795083e6	-1.4214586371524555e6	-1.4197586648258886e6	-1.4417163712180245e6	-1.4573393686218436e6	-1.4671217088143006e6	-1.458301574058131e6	-1.4584760209044185e6	-1.4753182665559144e6	-1.5152770891664298e6	-1.4877668760078468e6	-1.4858396619191263e6	-1.4767765025960642e6	-1.482328585315202e6	-1.4825788988514803e6	-1.470974920132665e6	-1.5264084507547072e6	-1.4983902839394016e6	-1.504066394656302e6	-1.5202723809009313e6	-1.5291308185693373e6	-1.5225325281753729e6	-1.5127093761690496e6	-1.4941741486002267e6	-1.5082268129929677e6	-1.4696173056208463e6	-1.4862571543583805e6	-1.5022519817494776e6	-1.4987346821182359e6	-1.4656650554328933e6	-1.4776628599071826e6	-1.4486412931725557e6	-1.4858177665477584e6	-1.4264200445345447e6	-1.4320065848905107e6	-1.4322739655961355e6	-1.4053497812990407e6	-1.397702619985134e6	-1.4440726393138294e6	-1.4037582675817928e6	-1.3877346105342808e6	-1.3977244153536444e6	-1.3718320210836888e6	-1.3612257780509603e6	-1.3409690383568767e6	-1.325125512947908e6	-1.3174290931253887e6	-1.3047299550376276e6	-1.286236432490478e6	-1.2823591715089057e6	-1.2770193673108001e6	-1.240740500856031e6	-1.223096565392802e6	-1.1997656011693669e6	-1.197454803674836e6	-1.1688638836767725e6	-1.158858711175912e6	-1.135948494152166e6	-1.1306568207344897e6	-1.1070262786311025e6	-1.091850014669743e6	-1.0736334124344531e6	-1.0516544822664391e6	-1.0325659761898736e6	-1.0065930550760515e6	-1.0092845396051994e6	-954017.2871902036	-949881.128093695	-910510.2452269031	-877584.3219719368	-845590.147086621	-807463.2706763099	-811623.5471076278	-788444.3532837045	-762034.310718402	-735246.5321204497	-694071.7697656758	-679151.2998456287	-658677.9654316346	-631470.2423801117	-617776.8667490913	-580773.5731811884	-543034.2765991685	-514903.4558599827	-471513.6982443238
383349.7545326558	383303.71880674764	383136.32477969176	382868.6827918982	382585.675127754	382107.28364195576	381558.53770687315	380834.50131370896	380156.60482778697	379038.8205784003	378443.5798025938	377471.20342482656	375914.6223788747	374831.69230385637	373506.1571899392	371935.58708496636	370905.39481331245	368048.86301020265	366327.4111679507	364806.0861349986	362637.60006778943	360628.83361438627	356907.8872905966	355205.006035456	352648.68074667605	348000.07838837785	346363.5156767479	342825.61894422374	339874.3137626031	335530.32869379554	331977.08912239433	327994.10943575116	324082.15921841224	319029.255983575	313543.65224130824	309372.45400523464	302740.0255035608	296781.2981824685	290497.65120892413	283741.7226835227	276422.4823364305	268962.6185866279	260629.14091653423	251839.83262452	242468.49237800293	232696.36360017676	221819.91586077178	210624.52813483094	198226.38075660655	185063.39942729837	171207.19997441312	156621.59399723072	140427.58284475096	123485.56102882454	105535.45684481045	86651.5635239646	66984.13297676147	46719.09052327025	25867.798396574974	4219.6224709304515	-18385.48772028176	-42079.99244479556	-66999.19305628148	-93292.99322815245	-121135.62226304307	-150737.09585024085	-182359.2562776864	-216340.5683664431	-253137.58983589924	-293400.64954145445	-338127.43474656093	-389027.25063077227	-449627.19100077666	-530910.359017425	-644185.8144889544	-672493.3173881392	-699011.5284612139	-724881.6916175422	-750457.304635955	-775177.4055146254	-800623.3420766229	-824141.3688930727	-848928.975267634	-872798.9259650407	-897021.0855224712	-918986.3738773777	-941491.9497626475	-962192.3341829206	-986374.122419992	-1.005793694407223e6	-1.0259398618436304e6	-1.0479358797942493e6	-1.064896890296838e6	-1.08277762097789e6	-1.1037505106521177e6	-1.128207055070732e6	-1.1481592011119854e6	-1.166597129669307e6	-1.1815124753820077e6	-1.214453909239879e6	-1.204660008666069e6	-1.229612177073218e6	-1.2395289476994658e6	-1.2477654123046824e6	-1.2730074358894941e6	-1.2962995439164455e6	-1.3218857013764856e6	-1.3152471653694916e6	-1.3281268836853278e6	-1.3367039147747245e6	-1.375304981567193e6	-1.3668086141438934e6	-1.3758063448880133e6	-1.411516618759069e6	-1.3817251853659342e6	-1.3929272663561301e6	-1.400369207580269e6	-1.4365422464334287e6	-1.431920808304163e6	-1.4351017573449195e6	-1.500771864429523e6	-1.4369678761974645e6	-1.4642673767865507e6	-1.4331001307892243e6	-1.469380495355166e6	-1.478541748230805e6	-1.496049988975613e6	-1.4903560397452854e6	-1.488039432377463e6	-1.5082680573135691e6	-1.5201844187412648e6	-1.5183532293980704e6	-1.5031740830486806e6	-1.5212973794798553e6	-1.4726123366717445e6	-1.516647126711956e6	-1.5099964870757966e6	-1.5629309847202161e6	-1.515979735638719e6	-1.5005269168651074e6	-1.5256243820861285e6	-1.5046430545293624e6	-1.4984221018684488e6	-1.4789812371701596e6	-1.5201948522624972e6	-1.4955228806903162e6	-1.4758705215524647e6	-1.478265617470275e6	-1.4702456035269082e6	-1.475685358734803e6	-1.4710604293433372e6	-1.4477417253518447e6	-1.3949671439340042e6	-1.4286491728917698e6	-1.4238007387838815e6	-1.4235422543462047e6	-1.4293211811500231e6	-1.3893409013425477e6	-1.4246832782169192e6	-1.3811968767884537e6	-1.368456894799317e6	-1.353703118624632e6	-1.3589905002252609e6	-1.3383596885064563e6	-1.3064608132534206e6	-1.3134072085946677e6	-1.3041725730099743e6	-1.2728626296576005e6	-1.2521586580020725e6	-1.2205238824919234e6	-1.2255673303939046e6	-1.2093087047287861e6	-1.2025397432781488e6	-1.1675915000077228e6	-1.1566938528709996e6	-1.1451447411438758e6	-1.1230040818565763e6	-1.1013184636634619e6	-1.0931129384505206e6	-1.0812145135332476e6	-1.0339684499622039e6	-1.0290367895294402e6	-1.0105685939557743e6	-977356.9260091102	-953189.4408484821	-919997.8074355626	-889236.4818922428	-851781.623265302	-853150.0750052456	-824092.2850920095	-805060.8771271349	-779004.6865306173	-750446.0952237274	-718600.1095671637	-696317.4412532311	-679354.8052513672	-656146.9364641497	-631487.4929163137	-598756.2038834605	-566314.310667407	-546380.5473598226
395973.5794444236	395910.49223972607	395768.5440166391	395507.8412473594	395139.6204533197	394748.9048535441	394152.9490217475	393525.64372846246	392817.8266537009	391877.26390354167	390853.23021503654	389938.1570247437	388024.30982745823	387282.0971565418	386019.80847382254	384674.3038558762	384299.56510180084	381102.7662021989	379380.12006980635	376794.02067678014	375003.5744278914	372809.28330742463	372242.73506205605	367595.8077379705	364734.0618789669	359749.4614074399	358278.1235321038	356625.56707852846	351832.31611095817	348606.4425457816	346141.9935689322	340342.2189450369	337755.9821367704	332044.3396702042	326739.65134670155	321194.4652543883	315770.2608440667	310266.3461112825	303780.56661461084	297286.38715845876	289962.9968643967	282211.6264890153	274792.11642101523	266468.31662607763	257469.46685178223	248807.70530488662	235181.0960193611	226504.6998428359	215141.7253093374	202272.50228147232	188820.47034450664	175027.7004713846	159227.69739980387	142933.28409455586	125611.91512573365	107257.52003330155	87955.03814670353	67856.32273819076	47143.098480796005	25819.410419497348	3672.125011474418	-19461.260089606163	-43717.09933437104	-69235.76267794624	-96173.71115329146	-124713.80769495328	-155077.73992537468	-187543.7454604131	-222474.2716585208	-260363.2109838791	-301923.55504952226	-348270.5495824335	-401374.22505953297	-465540.2165231279	-556743.6527606433	-653663.6542913977	-681616.5995619169	-708169.929916922	-734746.3058569997	-760292.1270723001	-785205.4640058454	-811098.4381104803	-834687.3098509707	-859285.8441852292	-882345.811806483	-907316.7475771487	-929611.9895004677	-950226.416887685	-976881.6824452234	-996403.7632008486	-1.017947300313812e6	-1.0399370625717177e6	-1.0582960647857303e6	-1.0742164533901152e6	-1.1093350477124641e6	-1.1201029230451e6	-1.1267756405780544e6	-1.1535976427716983e6	-1.1736926293012102e6	-1.195826902742212e6	-1.2243872699125316e6	-1.215283054093925e6	-1.2567831006639225e6	-1.2680374402675664e6	-1.2790625500800556e6	-1.287108366029355e6	-1.2978104764784707e6	-1.3312577248845212e6	-1.3287825738585314e6	-1.335536879107184e6	-1.3761590755924506e6	-1.3762689328122423e6	-1.3737709641456658e6	-1.3923536052493856e6	-1.4057137731711867e6	-1.408142897107322e6	-1.385338081397001e6	-1.4323886310342683e6	-1.463561264047973e6	-1.4247105812182536e6	-1.4652094277807365e6	-1.4512637710469516e6	-1.475855772198518e6	-1.477054111577237e6	-1.4869004881968051e6	-1.4981826415393157e6	-1.536891891938132e6	-1.5037997283190903e6	-1.5468780524919548e6	-1.5082571772234268e6	-1.533423129879472e6	-1.5220181259388903e6	-1.5385629529214837e6	-1.5185710289164865e6	-1.528436349180287e6	-1.5546612304454984e6	-1.49550693405804e6	-1.5894200639292712e6	-1.5434974312220314e6	-1.5183767758072293e6	-1.4762676917175597e6	-1.5251000658887732e6	-1.484996788037746e6	-1.4907165581173864e6	-1.538632112564259e6	-1.5080732468438623e6	-1.4994244741063546e6	-1.5090045609396726e6	-1.505282840728109e6	-1.4974783905458995e6	-1.4869065502404815e6	-1.485552685719944e6	-1.481886872489729e6	-1.411145213739129e6	-1.4593795752951123e6	-1.4413708258033271e6	-1.4463885798132145e6	-1.4181721561641616e6	-1.4291055203222188e6	-1.437953899887256e6	-1.4016773185899078e6	-1.4331390102661669e6	-1.3845784173615037e6	-1.354541661463637e6	-1.3451335354429448e6	-1.316308191241163e6	-1.330812731806622e6	-1.3090011868105936e6	-1.298633343752674e6	-1.2968055924001085e6	-1.260867457813786e6	-1.2371047070275098e6	-1.2361254770855727e6	-1.2096714811170644e6	-1.190602777782908e6	-1.1756172321785118e6	-1.160483537662122e6	-1.1544871115365366e6	-1.1024450664310525e6	-1.0979609657782847e6	-1.0768345424753008e6	-1.0679255141097454e6	-1.0658521332570014e6	-1.0250384220684257e6	-995613.6530063536	-969845.7678381016	-926917.0426600876	-898404.4734745182	-869974.2885707293	-864859.4424082658	-842020.7214540045	-816443.5643369013	-795116.3118848598	-757088.3085355896	-732953.4577482941	-720528.4268989752	-701775.5518991647	-674573.7882801921	-644219.656168102	-598107.9854460426	-584481.705389315
408794.8724172174	408773.7684554566	408594.81733371306	408333.59248476656	407990.26584704826	407509.8045388849	406961.70591026975	406345.6292126458	405635.4746233092	404670.66145818064	403645.7688069064	402958.84465067415	401717.36877824774	400132.0636247964	398973.34414869704	397791.92863232014	395597.13907340734	394519.73464315175	392173.00380920985	389848.4143774352	387328.29022547865	385644.4603551634	382934.64160589216	381356.4652347709	377150.17810814007	374614.5293107385	371575.8071138666	368602.74560027826	365309.57904368883	361590.95215560996	357573.16269808763	353987.7410138438	348564.2267946934	345597.3411193387	340205.6201068407	334848.4002032714	327811.3011807547	323571.459702249	317704.8607186349	312828.9603057447	304221.4546650044	297215.4583960809	289245.2772947117	280981.1134827724	272252.9533768301	262789.4443514042	253047.6859549589	243034.99683367432	228557.3132092066	219236.171783516	199877.90365558187	192479.48376301432	177833.47006059584	162178.7824630132	146086.13969986312	127760.63313709339	108993.0331142401	89269.38970043641	68736.10711309526	47570.88237475994	25770.585202321818	3119.5506095818128	-20547.311448149907	-45370.386603659426	-71495.31026644312	-99085.38647151628	-128332.53061272932	-159470.76668634912	-192795.7482022827	-228695.76244328165	-267705.4093134406	-310607.4052019923	-358651.51204273704	-414120.4098463654	-482345.860757434	-589223.1367144214	-662788.7236574038	-690626.0111412304	-717482.701123816	-743664.3028440254	-769704.7669350305	-795620.3178070092	-821534.0763059775	-845267.7064702462	-869635.2190821355	-894055.5836103661	-917066.1121608766	-941984.2660216626	-964539.4204254318	-984410.211511201	-1.0077770305669508e6	-1.0300043373077803e6	-1.0555427025702244e6	-1.0696840505734433e6	-1.0910222732760797e6	-1.1146126103616636e6	-1.1300784402251171e6	-1.1563566578132578e6	-1.175182860374743e6	-1.1840820361788205e6	-1.2125413529008098e6	-1.2290343292284203e6	-1.2359248864303827e6	-1.2534016961728937e6	-1.2824269906005815e6	-1.2812862099217125e6	-1.2901116673522205e6	-1.326148509206984e6	-1.3286975362147295e6	-1.355452945710317e6	-1.3606102265246008e6	-1.3587973884874883e6	-1.3877848025442392e6	-1.396126407789062e6	-1.4197133847015747e6	-1.4098631474539342e6	-1.3856996616527187e6	-1.4547057100706736e6	-1.4369270528594162e6	-1.4542138264617622e6	-1.481810506666611e6	-1.4328180230100208e6	-1.4746060218549352e6	-1.3955245930797786e6	-1.4982936974287175e6	-1.4782469391911372e6	-1.506282965053491e6	-1.4953327742812333e6	-1.559370633670688e6	-1.546583815398541e6	-1.522274950209285e6	-1.5827873164056442e6	-1.4704871230237565e6	-1.5656363117331688e6	-1.545910693842338e6	-1.5354427200696957e6	-1.5323122714985427e6	-1.5379546054509317e6	-1.5742555754605427e6	-1.555814098606739e6	-1.5451606307779055e6	-1.542060736112839e6	-1.5298387662754073e6	-1.5488724574690082e6	-1.541620214927994e6	-1.5257329916469918e6	-1.534223524358621e6	-1.5246096937913457e6	-1.5160679094654794e6	-1.5111050006653934e6	-1.4859821104575286e6	-1.5008989277235663e6	-1.484420509679225e6	-1.4837083660281936e6	-1.475021131422472e6	-1.4856616296416244e6	-1.4554150958330827e6	-1.4446188272244476e6	-1.447044262851781e6	-1.4387213356699736e6	-1.45722052780036e6	-1.4135857115190877e6	-1.390787554248228e6	-1.3987211960400415e6	-1.38463243685918e6	-1.3771828707843765e6	-1.3516693779378186e6	-1.3385347245348212e6	-1.317711918837986e6	-1.314675440466496e6	-1.2987941589796862e6	-1.2643595326924012e6	-1.2617090569959846e6	-1.2872568765658133e6	-1.2229797760236298e6	-1.200931383501088e6	-1.1747305363900894e6	-1.177577087575587e6	-1.1380962353942129e6	-1.1334627732481896e6	-1.1204638604753215e6	-1.1023262352902708e6	-1.0904196426149567e6	-1.0623964698734153e6	-1.0367173559255332e6	-1.0072158452214848e6	-950899.7400602896	-936513.1952129642	-914735.694411284	-911554.4068138993	-881320.6424809832	-860699.5117090943	-847159.3765000135	-809995.3608609263	-771088.8809101928	-746034.3638373583	-742014.7112916822	-730648.6481857442	-665843.1872028222	-642855.8108647282	-623366.6913392867
421866.2670172573	421821.6345918605	421658.0863137276	421409.26234653336	421035.43324306817	420570.5727194404	420034.1835241319	419397.40930252976	418602.21829586197	417613.05572873284	416685.78689945186	415574.2622285943	414281.2048072089	412680.88028287195	411823.9251321396	409628.6655769944	408570.0200079188	406670.4929746253	404444.29097238113	403772.44632253307	398228.6805364626	398425.83143558534	396577.12777516246	393885.9645979854	390566.6552404567	384637.1737600178	385488.6972457593	381982.7578035657	377414.3834664234	374898.8420651278	370756.76886728616	366246.1225865136	362719.6723130225	357915.8595531695	352027.3690495526	348460.93992211105	342662.17166705255	336653.6180699855	331375.66107484134	325195.4925399498	318758.05944150983	311246.84634748654	303422.5834571535	295664.20786041423	287101.29105087055	278562.1948796009	268425.8877974524	258507.46301808697	248159.17029987503	236025.79562845765	223373.72020045726	210283.88450621208	196057.05123002443	181116.0670718692	165124.75125553744	148053.37140296528	129918.2397621902	110742.29344617866	90594.62331811723	69623.45634640873	48002.42503076309	25721.32307911408	2561.9157605743385	-21643.602679712465	-47039.79990324791	-73777.7812886404	-102027.98239134514	-131991.8161904681	-163916.32178126427	-198115.69604473945	-235006.0675348271	-275166.4602168998	-319457.31260313914	-369282.931132373	-427304.18704300915	-500241.3681675932	-634140.3103706939	-671742.8257815295	-699635.254347181	-726795.7568405904	-753459.5612253407	-779239.3769585334	-805444.8028983623	-831803.3028496734	-855725.049497135	-879786.1143833147	-905863.815665751	-928452.0107142066	-951417.4735004834	-974062.4101959488	-1.0012763981716787e6	-1.0199013433576215e6	-1.0404746338682116e6	-1.0584680320269132e6	-1.08541111279705e6	-1.1032878371808298e6	-1.128100086039956e6	-1.143922297164025e6	-1.1639411377811085e6	-1.1635714638870393e6	-1.2055515454990903e6	-1.2177762890590183e6	-1.2291039105674603e6	-1.2430263704702996e6	-1.2713679585869515e6	-1.2735524655153234e6	-1.303220356971686e6	-1.3163814475019758e6	-1.3273088397443814e6	-1.3570602703033218e6	-1.3480563729465269e6	-1.382531668066388e6	-1.3951189786595332e6	-1.4048704424680767e6	-1.4342032464470498e6	-1.4332683912482501e6	-1.4039962873607166e6	-1.4740961750620853e6	-1.4524080281743503e6	-1.4683221320161058e6	-1.531298373467311e6	-1.511839987345048e6	-1.5079443572432895e6	-1.5034066055992635e6	-1.518066985801039e6	-1.5138127497997915e6	-1.5383577621585608e6	-1.5162657249219918e6	-1.5068849075801969e6	-1.5815537875134728e6	-1.530999564886979e6	-1.5573613149288807e6	-1.5549514849004871e6	-1.5372683681633894e6	-1.5668947575122127e6	-1.5492947526607676e6	-1.5559275223527914e6	-1.5485309395288764e6	-1.527929387446677e6	-1.5118374843690174e6	-1.5720188057319727e6	-1.5777848686726035e6	-1.5421866376491946e6	-1.5925346406885528e6	-1.554272837577196e6	-1.5260243416667257e6	-1.5468523863725394e6	-1.555285219408024e6	-1.5543269114926637e6	-1.531274247882036e6	-1.5102069757160468e6	-1.4962234356838728e6	-1.5183787725436005e6	-1.5107478854510223e6	-1.4999067012663742e6	-1.4865679248418843e6	-1.4932226314211304e6	-1.4838774358428686e6	-1.4784337477568483e6	-1.4639640187134736e6	-1.4154338896054712e6	-1.4452608536348224e6	-1.4078928321969267e6	-1.4287960445707876e6	-1.4151995777510782e6	-1.3863080824220793e6	-1.3819192007227954e6	-1.3685921355535572e6	-1.341653808117619e6	-1.3479546091111992e6	-1.3314287121581014e6	-1.327479496410384e6	-1.2891380321751237e6	-1.2835664803627476e6	-1.2530138195005278e6	-1.23006390813828e6	-1.191540792606769e6	-1.2101580896941891e6	-1.1869679491732111e6	-1.153899786892752e6	-1.1543260035024642e6	-1.1321710965433589e6	-1.1347481826018018e6	-1.1045492522366273e6	-1.0834677797205814e6	-1.0451719890285989e6	-1.0068314376299337e6	-996529.1928839402	-951922.7560103375	-922057.6108393928	-933366.18629311	-892469.2249015912	-872280.6316784525	-851983.7919526047	-830565.6728510817	-789768.7184488492	-783427.6429636192	-760526.5525906726	-737094.8934862989	-694729.0383152401	-663663.1325290969
435141.2269593089	435084.8262568525	434920.85037751065	434757.1444846204	434289.52858862566	433871.7672128944	433368.63092689076	432548.0768335047	431883.0583168928	431042.59601285623	429919.73507557035	428832.445271718	427821.34995064774	426414.1851144283	424985.91710313375	423548.01178279123	422114.70577870857	420547.57428688393	417664.8714426189	415914.4778313182	414835.68964537885	411895.3711386655	409383.42820688366	406056.64767105144	404289.3338874695	400322.152421072	397406.3510131965	394805.1472733608	391695.04482626985	388379.5218364653	383696.8445281248	380665.457013904	376542.07786006207	373653.46828860434	367097.91024812893	362138.0701206687	356794.0891472023	350469.8581367282	345627.8132729423	338593.1258186268	332923.7038177915	325687.6904230528	318583.224024693	310524.03827253846	302165.97914646106	293443.70798673044	284341.400750677	274129.8350139309	263392.0513220725	252250.5263055722	240705.73149377893	227750.22090563562	214451.4295285727	200225.57905917923	184351.31481188757	168096.0323229261	150643.65306565125	132099.57791029353	112505.52917300336	91930.68335378909	70518.33838556701	48437.70823048835	25671.62749018398	1999.244348856795	-22750.09148479032	-48725.28299807565	-76083.11417506973	-105001.46043452946	-135691.6795896921	-168414.5679926665	-203504.0835232429	-241406.271765697	-282748.79297708947	-328478.8637442466	-380179.1240853209	-440972.4727317144	-519523.59851572075	-649436.6081091415	-680641.9508355253	-708676.4480264541	-736081.412060733	-762841.5927348968	-788911.7752796987	-815559.2816731997	-841110.3143016023	-866290.8979383488	-890965.1859639243	-914804.8351349244	-939498.0446919906	-962301.1889185745	-987762.8853032754	-1.0104410452669917e6	-1.0302112823932308e6	-1.0500669939016064e6	-1.0745674478710953e6	-1.0938854931741145e6	-1.1125428721689836e6	-1.1369299070210925e6	-1.152866697710611e6	-1.1747824048830038e6	-1.1985212832571636e6	-1.2026164408312698e6	-1.230712790793879e6	-1.25587886885573e6	-1.2633568993318805e6	-1.2914818708198678e6	-1.2796136282297922e6	-1.3499121629703357e6	-1.3254816446649104e6	-1.3486562041901685e6	-1.347477550328513e6	-1.3831986711990333e6	-1.3922111942215266e6	-1.3830837725428524e6	-1.422196751313457e6	-1.426095109864806e6	-1.426594264911473e6	-1.439306674427367e6	-1.4685511157975474e6	-1.461608476226701e6	-1.4720431348481243e6	-1.5115714097890335e6	-1.5245844449291194e6	-1.5176399277869035e6	-1.502718509117957e6	-1.538227498218939e6	-1.5261722365340067e6	-1.567302382244419e6	-1.5329448655869362e6	-1.5668699545292258e6	-1.5788211847522024e6	-1.5881236571776976e6	-1.5859073436369211e6	-1.5595118865003819e6	-1.562935419776167e6	-1.5600438375177935e6	-1.5404526307115236e6	-1.5508255896414474e6	-1.562726650312122e6	-1.592782207035239e6	-1.5834181377810321e6	-1.5837584498689938e6	-1.5410874384185781e6	-1.5568584553816007e6	-1.5754959677247587e6	-1.5764016353248165e6	-1.5357372866762222e6	-1.5746217417796473e6	-1.5601127631062248e6	-1.5619989329329499e6	-1.5656767322574954e6	-1.5487147035867323e6	-1.5215733207103855e6	-1.544573385374801e6	-1.5322639434016894e6	-1.5081174252597787e6	-1.5162857936458585e6	-1.4879896723136448e6	-1.496223771154769e6	-1.4830537498847495e6	-1.4871323652777749e6	-1.505087259098683e6	-1.484005512407355e6	-1.4394491442626365e6	-1.4453944625178736e6	-1.4310828685312525e6	-1.417089233104707e6	-1.4106698072816657e6	-1.391236885867323e6	-1.3648681754432444e6	-1.3564393523367397e6	-1.3431109133188042e6	-1.2962101114494835e6	-1.3223057917885839e6	-1.2881847144726694e6	-1.2591097640540225e6	-1.243992762602654e6	-1.229804871808505e6	-1.234251446991823e6	-1.2101809625119597e6	-1.155248520248284e6	-1.1699240296800646e6	-1.1449091933169498e6	-1.1476504823200738e6	-1.1113655387128505e6	-1.0812525668892309e6	-1.0658040372485102e6	-1.0339530764378046e6	-1.0201536666168005e6	-969423.101067411	-946544.3152321924	-935539.1582049241	-917407.9666505854	-889887.4467133989	-873896.4501839497	-836746.4818817053	-822617.7473858779	-790450.5802028107	-786519.6844784014	-750748.5335745004	-712480.7321773393
448632.46688823827	448578.0032214228	448411.3842314285	448159.18791085004	447836.028812405	447336.11012622376	446731.38784639805	446070.83252529154	445349.4411567887	444410.953449355	443211.2138746247	442240.2292547539	441556.0738056458	440178.113547146	438239.59881974885	436786.95167531556	435481.6186556557	433323.6992957626	431920.9474483279	430943.0572968186	427426.9819856908	426113.7648286518	422541.77644156426	418370.2926008695	417191.5790420894	412888.6315733977	412919.9358548562	408966.96469137975	404777.8164344998	401335.80803115445	398094.8295445519	393108.88028926787	388780.5482269806	384243.8708041209	378741.7510384594	376338.928896811	370296.42979742354	364785.7661566046	358805.13669812295	352603.4295847026	346755.1233634575	339898.93521543406	333324.63648571825	324769.5597119363	316656.76346857054	308656.0789504474	299814.1263838005	289819.6653141412	280416.633700652	269694.71292901307	257903.63482974895	245793.0105398558	232372.7705924626	218300.86349549226	204036.91230271012	187872.48148417062	171076.97369600268	153243.95967976455	134294.49323974468	114280.5946155396	93277.54918303294	71420.71875256911	48876.71349384624	25621.500450640975	1431.558990803489	-23866.737675188866	-50426.77821816498	-78411.24805729551	-108005.77072553575	-139432.1481126683	-172965.67324820696	-208961.36271354306	-247897.52085252124	-290455.0117984596	-337678.2053982104	-391356.48254315363	-455183.7069891836	-540678.8177236714	-659350.6077223269	-689448.6867360086	-717721.6422320614	-745121.323499379	-772324.7292184031	-798752.1338381695	-825143.0819490713	-850736.4257885998	-877104.2431086327	-902914.4080354148	-926166.002063381	-950248.0485455727	-975172.4714906311	-996814.4031327337	-1.0216439133013485e6	-1.0454681446057174e6	-1.0692271326922302e6	-1.085779249473228e6	-1.1053581917983855e6	-1.1284790244727512e6	-1.1416182383487837e6	-1.1567237697809017e6	-1.1928831152150657e6	-1.2113684493491782e6	-1.2389608846176255e6	-1.2390173996853188e6	-1.2784141899429269e6	-1.239496494488501e6	-1.2841937609767371e6	-1.3001523810634117e6	-1.3279851796375928e6	-1.3596161187043162e6	-1.3631967776262856e6	-1.3662555582153373e6	-1.3612235432280505e6	-1.3957929463573424e6	-1.443220780638045e6	-1.437197705430116e6	-1.4054401323936484e6	-1.4546378330302094e6	-1.4253499427060692e6	-1.4715810932243827e6	-1.476246230869108e6	-1.5143185792853972e6	-1.5154433966524142e6	-1.52407350289989e6	-1.5301166290765146e6	-1.5695603238059173e6	-1.5350675717681895e6	-1.5461023463552224e6	-1.5432427005005085e6	-1.5390046960115535e6	-1.5585951544894238e6	-1.6161368283231778e6	-1.6065239906607254e6	-1.567117635328769e6	-1.5782352148172997e6	-1.6033915553485982e6	-1.501925777255629e6	-1.5743809167214485e6	-1.579211808674685e6	-1.592201902901623e6	-1.6059734904679435e6	-1.574260678720175e6	-1.5740638938512034e6	-1.5865740936957237e6	-1.567291529520015e6	-1.585470791216154e6	-1.5484956517321202e6	-1.5616001012173693e6	-1.5996337205287532e6	-1.5745048768892789e6	-1.5826541279380608e6	-1.576650274362905e6	-1.5619975834823821e6	-1.5528766021159163e6	-1.5508703211748183e6	-1.5398724430226823e6	-1.536941648263987e6	-1.5365025783170601e6	-1.5229322831488838e6	-1.5225712510333513e6	-1.5007547315549755e6	-1.4794092891271545e6	-1.5134537119506898e6	-1.4760915925326128e6	-1.474645584959516e6	-1.4502357197519238e6	-1.4460250445124584e6	-1.4280853615887107e6	-1.4219677338020268e6	-1.3948081766941906e6	-1.3743248093828296e6	-1.3817822909244297e6	-1.3784461970647231e6	-1.3397285319744782e6	-1.3226723574050826e6	-1.304852616002434e6	-1.281338983641246e6	-1.2838994278846718e6	-1.2565168205930481e6	-1.2469546047716644e6	-1.2098176911665257e6	-1.2048162260537122e6	-1.195100540311986e6	-1.1835981874829647e6	-1.1519447008490304e6	-1.1326565644482013e6	-1.0984423495517317e6	-1.0708658889089415e6	-1.048861899736889e6	-1.0155142274920384e6	-996093.000251265	-970040.1518683562	-932212.0985116174	-930196.4003824925	-918129.0498558294	-885757.911152398	-851562.1032518956	-837130.2106719881	-811742.3701986822	-795818.8174180922	-729240.6081582217
462336.00921813067	462271.0655626847	462120.3539441825	461849.50989385543	461508.08186877734	460982.84148777847	460443.5760871824	459773.0705719133	459146.0037604276	458202.08624506945	456942.84815667727	456105.56736272434	453612.5486880334	453703.51705352165	452186.1897940487	450565.2516860153	448601.9820930424	446244.5918155117	445940.8381400794	443037.32660182123	441534.0955183058	438490.2491702894	436357.30042997596	433408.2039350727	431261.9729891166	426951.83391589776	425390.3259418182	420845.1273401205	418531.3301467441	414269.6745986623	410459.538244209	406853.91342558904	402326.46824725275	397873.81227153214	394176.4541011335	388630.67687880987	385686.9318131943	378711.63279371185	373774.7772355548	366928.6257269298	361260.8103583095	355747.4081035354	348212.2123727371	340665.50082699023	332338.0872372157	324122.2617651195	313287.978361822	306190.60027392267	291560.89350761904	285530.9301849139	273623.4329810196	262637.55919699266	250203.32246504078	237042.05281000532	222960.03739628592	207287.916578574	191268.51665958393	174092.17649942538	155851.45983393688	136503.8608239969	116072.03970321713	94635.18385525007	72330.5615301411	49319.422353415925	25570.94356766861	858.8845709456946	-24993.493833444198	-52144.22758740664	-80762.11789564556	-111040.87445284054	-143213.23596827267	-177569.81230426492	-214488.04566500435	-254481.02393938712	-298287.9037068957	-347062.1069493035	-402833.905911328	-470012.2540743417	-564614.1712042347	-668445.2572594327	-698218.5244179941	-726496.8426562035	-754806.1082007831	-782077.8693509304	-808858.9732649145	-835392.6796288532	-860966.6345131262	-887898.4639309903	-911422.1397721155	-938029.7626421989	-960738.4561529618	-985933.0074523329	-1.0123768941629112e6	-1.0321485311045486e6	-1.0601273295409482e6	-1.0793645499054203e6	-1.099439760056981e6	-1.1155799615560253e6	-1.1387336161518802e6	-1.163171572158886e6	-1.1854892130468264e6	-1.2010972081956689e6	-1.2235351015167579e6	-1.2387177570518737e6	-1.2499890421536085e6	-1.280685370922432e6	-1.303512994384189e6	-1.295300355240945e6	-1.2997344675711663e6	-1.3340030345197457e6	-1.402631044411646e6	-1.388421254260135e6	-1.40445827505579e6	-1.3982171946954343e6	-1.417158049155228e6	-1.4338967100942163e6	-1.430931755785267e6	-1.462580514074439e6	-1.503044827931138e6	-1.4462267492687677e6	-1.505168202415298e6	-1.510304657428806e6	-1.5110594554934085e6	-1.5278036320124974e6	-1.5104676025801292e6	-1.5693759507672614e6	-1.5702642654714952e6	-1.544240159428128e6	-1.5627465462593173e6	-1.581981115230752e6	-1.5677496197753672e6	-1.5986507431581442e6	-1.6224558395870589e6	-1.6038636796626693e6	-1.6053678473151207e6	-1.5670072217124163e6	-1.5499986733573736e6	-1.612111591218941e6	-1.5596696036501692e6	-1.6076675623472617e6	-1.6346925073636777e6	-1.5842973042864383e6	-1.6138631810675005e6	-1.5953998169851135e6	-1.5991091852572702e6	-1.577325524176795e6	-1.6042095996764875e6	-1.599269065127089e6	-1.5873014274040402e6	-1.592524895508945e6	-1.6008889481864513e6	-1.6159880248970175e6	-1.5817674550748118e6	-1.5665040783208641e6	-1.5798506361733486e6	-1.5657207526118876e6	-1.5603442246802268e6	-1.5519574621520268e6	-1.5389736112508446e6	-1.511997434908366e6	-1.5259259996001967e6	-1.5184709695127315e6	-1.508937604069695e6	-1.537377902360845e6	-1.5051677976799326e6	-1.488256254105801e6	-1.4715825348714178e6	-1.451649632025495e6	-1.4332279715752618e6	-1.4292223534629263e6	-1.3797707668743741e6	-1.4041245469542802e6	-1.365664144115844e6	-1.3754050145439787e6	-1.3555922157937882e6	-1.344045525500268e6	-1.322134327727975e6	-1.2978756833710975e6	-1.3115341471986815e6	-1.2758405019075715e6	-1.2618251468436262e6	-1.2393829226451335e6	-1.2345164434030673e6	-1.2119911047922208e6	-1.190317476038325e6	-1.1713169742619405e6	-1.1401326528103838e6	-1.1060638731114105e6	-1.0833466518180077e6	-1.055896858649179e6	-1.0374990022507452e6	-1.0152369741092531e6	-968867.5150819535	-975829.0436819268	-952665.3921158214	-931466.7889892997	-911109.1810415911	-894577.5665161659	-869830.410621871	-836080.9459914158	-789613.1915661681
476265.8176604605	476211.0103710446	475961.0952596587	475805.0038038649	475404.7408096594	474898.41658306395	474461.07521963684	473768.48771808494	472883.9644123273	471795.70258061687	470539.4366588199	469939.195429172	468853.9674710511	467616.431111717	465733.81504176685	464755.62662305345	462507.0665507403	460540.44025675766	458512.73811694863	456873.22054824716	455341.62086980755	452595.798235481	452116.19110737264	447360.5972867856	445061.8159744825	441383.6256026811	439116.78924018005	435806.2812245423	433645.96045841766	428400.8396889045	425208.2266460507	421393.2383932761	415944.0399582652	412706.5428947711	408078.8917303496	404030.8837767956	397869.19657452015	394684.81714254525	388461.0180790432	381469.3649076816	376054.2788459599	368940.5072740498	362691.3047408912	354796.47678726027	347292.8111693294	339804.82741339924	330554.3565070998	322685.94332060724	308188.4493685774	302182.43579852284	290384.47332608845	276448.6925358243	267989.24509869295	254884.21084649293	240929.5642038084	227280.4173573117	211037.26659972436	194599.71461876144	177135.3211353951	158492.1235071512	138730.99681952904	117878.56354896759	96003.55472845456	73247.82805575192	49765.814045845764	25519.95934330992	281.24477194302017	-26130.314357939584	-53877.56521627953	-83135.65555600822	-114106.72127953538	-147034.962817417	-182227.1632914205	-220084.6544606274	-261158.06032425835	-306250.5164809763	-356638.0634256176	-414633.379900032	-485555.3633365797	-593451.8776663591	-677242.1887729492	-706966.7491249214	-735720.5868869517	-763658.483332013	-791218.6970927257	-818534.3366807618	-846077.0660983806	-871549.021517867	-897412.7018684214	-923025.345774374	-948512.9461835923	-974368.107585348	-997788.2060860167	-1.01953797364515e6	-1.0436939236999832e6	-1.063526634348743e6	-1.0860895429992457e6	-1.1094568980591071e6	-1.1336827443608714e6	-1.1547228078488468e6	-1.1639987459265022e6	-1.201154731145103e6	-1.214223557137483e6	-1.2310971941987935e6	-1.2439003138922357e6	-1.2832457680101292e6	-1.2888796553800432e6	-1.3124966880284206e6	-1.3144888093695615e6	-1.332301378108354e6	-1.3646733058498516e6	-1.3897057264847236e6	-1.3801340720553647e6	-1.3892991830531151e6	-1.4368856533681634e6	-1.4195443342057294e6	-1.4326325607090988e6	-1.4300861373527255e6	-1.4969138736068862e6	-1.4878547938128496e6	-1.4957809821099988e6	-1.5156845395320845e6	-1.5054006583268575e6	-1.525625453175378e6	-1.5286011130733683e6	-1.5451522874119116e6	-1.5247462494430311e6	-1.553794747868539e6	-1.5531039648115821e6	-1.5805532198351226e6	-1.5843294352465146e6	-1.6243130836521385e6	-1.5746163601295522e6	-1.5988674505474549e6	-1.5850379542680993e6	-1.6051504736358214e6	-1.604990798377983e6	-1.6166052166064144e6	-1.631650555298095e6	-1.6099351888547356e6	-1.609250148577927e6	-1.6509289530664012e6	-1.6047588496824452e6	-1.5776506249367802e6	-1.634351291642268e6	-1.614943511511694e6	-1.6041931468713589e6	-1.6194899124693894e6	-1.59253907113937e6	-1.6178001133403722e6	-1.6227603984176104e6	-1.6129732986592117e6	-1.6372030129905469e6	-1.6017890815827483e6	-1.5890261842458195e6	-1.5705198873019137e6	-1.5808844544852062e6	-1.5876511276264784e6	-1.5350140593305195e6	-1.5559408400357922e6	-1.5315742502753325e6	-1.5153186756424478e6	-1.544100596578853e6	-1.5763837439619375e6	-1.5308030291634675e6	-1.5212160351196816e6	-1.4963021142186576e6	-1.4929564029454282e6	-1.4815462297244447e6	-1.469502369422477e6	-1.4360461910457402e6	-1.433541529842469e6	-1.4363376397108925e6	-1.4140204332604501e6	-1.4102632714824616e6	-1.392582300696925e6	-1.3602625389914853e6	-1.3377886558149934e6	-1.3238549086594314e6	-1.2950588364378237e6	-1.3043073387927169e6	-1.281659677230758e6	-1.2694170225736261e6	-1.2473424973889743e6	-1.2448037284823377e6	-1.2053369645027202e6	-1.1693282192749535e6	-1.1563768678928535e6	-1.1206593094161418e6	-1.0975342901932497e6	-1.0829510852372565e6	-1.0667392311053264e6	-1.0229122325136957e6	-994124.7594543237	-996648.58382192	-967101.8317274454	-951618.4772700293	-935614.5683456308	-908347.9124132774	-888411.7423222631	-857485.4208489277
490410.58121598937	490357.15081853553	490209.62248768396	489913.13537681475	489572.43547813594	489090.2174219015	488494.8545294009	487816.3013844366	487198.2371266367	486070.7697325882	485097.8308958243	484275.2621906708	482748.9132612601	481366.4894169127	479784.3105708094	478718.59238765214	476971.93480723695	474857.9985301696	472847.1282568294	471890.87992249767	468962.3785592898	466629.73209986836	464284.94188916415	461974.4797818796	458855.35117882356	456492.2798685912	453315.4374018147	455257.11019611394	449536.714698105	443140.31644006394	439752.9650873045	433805.87699725095	430323.0156793556	426630.6305224666	422390.75031991536	418046.6679381369	412729.23159804684	408628.71403708943	401903.32002353563	396397.81576300267	389939.3950339466	385034.23482335644	382897.8359465335	369381.70220574783	363096.20165280986	354609.659409079	347382.6980765944	334182.95369428396	323704.8202412977	318965.9103137042	307764.7768473211	294133.4614030976	283346.9674476011	272793.95494132926	260591.08646076877	245520.0600116892	232345.0408856243	214760.81956994865	198037.50854816404	180202.42997683847	161158.60414368368	140974.32251409336	119694.23276817799	97382.59713532246	74172.47903358965	50215.867151141225	25468.549888931273	-301.33423926885007	-27277.151318515767	-55626.72752386989	-85531.79406666383	-117203.26161280746	-150897.34755910613	-186937.90699157788	-225751.7428166783	-267929.98574907373	-314346.0708577026	-366414.40910837933	-426780.74608851696	-501944.52029077226	-634326.9843892683	-685886.7237544684	-715708.7293911467	-744594.3294737276	-772836.9434906624	-800608.5317335208	-828494.8211008182	-855467.8390432231	-881872.9316352501	-907010.7077656924	-933911.6421271141	-958935.3463215493	-982392.176103621	-1.0058256079616651e6	-1.0331767400284011e6	-1.0570830848797304e6	-1.0789628634545186e6	-1.1022460105657266e6	-1.1211830413129388e6	-1.1316895130173692e6	-1.171889081997543e6	-1.183330751164816e6	-1.1982503533439168e6	-1.235172552794432e6	-1.249670741888303e6	-1.267826516640838e6	-1.2797207713809374e6	-1.3215002602952719e6	-1.3584359538364236e6	-1.3282646283214337e6	-1.350244460055574e6	-1.3753323955701597e6	-1.3958881357553701e6	-1.3805861172015043e6	-1.497819644890327e6	-1.4217200313805193e6	-1.4353633265205075e6	-1.4543237695306654e6	-1.4402728549853377e6	-1.505603481538424e6	-1.4687157769892565e6	-1.5019839273514666e6	-1.5248901110596026e6	-1.5304979209844358e6	-1.5490155869971826e6	-1.5486642691350572e6	-1.5329966672236288e6	-1.588149581178312e6	-1.5564301446182597e6	-1.6027691168345138e6	-1.5781796398987845e6	-1.5975335411172374e6	-1.6079879764842559e6	-1.644757578949429e6	-1.6316575170643006e6	-1.6215663359398085e6	-1.630562128316929e6	-1.6122487661850958e6	-1.6255620949237428e6	-1.623526579384164e6	-1.6389174814768962e6	-1.6536495593563467e6	-1.6180490763134824e6	-1.643796176108229e6	-1.6419675485004452e6	-1.6433048326621691e6	-1.6429425503955863e6	-1.6383583267591991e6	-1.6157379339017388e6	-1.5767773895748535e6	-1.6184656429293207e6	-1.638488482297824e6	-1.6395974230522967e6	-1.6177821056781563e6	-1.599629707469271e6	-1.5956827747488313e6	-1.5910268457333844e6	-1.592520253127825e6	-1.5674603820025306e6	-1.512295605916979e6	-1.5886548910921926e6	-1.5901799414743974e6	-1.580719346160516e6	-1.5424946682932493e6	-1.542417658478441e6	-1.5462969581755286e6	-1.5337195856372365e6	-1.4962179515606111e6	-1.421107403974592e6	-1.514777645212012e6	-1.489973905337657e6	-1.4623755662462222e6	-1.4553939443684714e6	-1.450926214443104e6	-1.433941526062789e6	-1.4067585365752524e6	-1.36761046992528e6	-1.3609384915309069e6	-1.3578743587291862e6	-1.3296164876504967e6	-1.3148116886727144e6	-1.329847473133304e6	-1.3076118151671907e6	-1.2815253893807183e6	-1.2782568036018265e6	-1.241557109155031e6	-1.1989056006302899e6	-1.1995508920560388e6	-1.1616527831295517e6	-1.1385919993481578e6	-1.1137177698939473e6	-1.0780321900048002e6	-1.0668268254143025e6	-1.0407900193475413e6	-1.0117063591555518e6	-1.0038470056944012e6	-971186.1082640763	-975553.455783868	-945378.9734899148	-939794.9938077896	-899518.055373905
504768.3297448242	504691.9959555976	504634.14309538004	504226.4975590493	503867.4958260929	503389.62147808494	502974.92437373026	502008.37920072745	501221.6295530481	500389.95842651185	499215.74957968184	498398.1882578453	497013.84017935593	496016.4698629223	494764.8216305837	492352.4669461771	490823.03687012836	489419.59000880265	487440.4367446624	485646.78742358397	482497.4490156085	482685.66872331453	472608.76634886744	476137.95749313955	472720.8756088138	470712.44419297774	468307.586300962	463901.98725533753	460404.12007061346	457096.8069875821	453572.30242199486	448901.98977712146	442801.14150489226	440185.8236789413	436233.4878807671	433702.9678767981	429659.75319948234	420788.26310269174	416061.1437789309	412250.19775413495	405054.4803205667	398641.3167592705	392593.9755643207	388604.84454287775	378798.05603252293	369188.5321177375	360948.1200211769	351758.6844137145	339833.7422118422	334806.8095987586	324521.5579631304	314298.09752595786	302628.7927402114	291597.0544184113	278005.9353240395	263813.1111314721	250861.81999656017	235040.58125866795	218761.36852002225	201665.86275472192	183282.23197481837	163813.1065601277	143233.68157456408	121528.14797636971	98772.25075821823	75104.47324993968	50669.5604042249	25416.71777459228	-888.8258018894121	-28433.95706865238	-57391.64771597227	-87950.4589344195	-120330.44481584831	-154800.41147406405	-191702.2387107261	-231489.88970173144	-274798.24607106234	-322578.0985826385	-376400.4366827957	-439306.7243557815	-519365.35971885774	-659698.5362930365	-694470.2333121174	-724433.8654508966	-753473.9498999037	-782152.5067030878	-810039.2468651026	-838335.1019751998	-864657.6698460572	-891961.0988963943	-919702.1997101603	-943828.078504079	-970684.85323319	-992122.8066315323	-1.0183795737295148e6	-1.0411254092061755e6	-1.0678753307229336e6	-1.0948183200973675e6	-1.1193086154411377e6	-1.1329281121019984e6	-1.1601034879835986e6	-1.1712449708766933e6	-1.2051472706456364e6	-1.2191299440861854e6	-1.2393063613848707e6	-1.2624469423754008e6	-1.2770045968587084e6	-1.30068396234109e6	-1.314089562601316e6	-1.3371341867273997e6	-1.3345480266779289e6	-1.3722847064019532e6	-1.3893478327155358e6	-1.3940457659418765e6	-1.427379744198221e6	-1.4563746774900507e6	-1.4374044847267657e6	-1.424233740901457e6	-1.4723960231076174e6	-1.4819243003445647e6	-1.4880796439720406e6	-1.5328148656247547e6	-1.5030131666957357e6	-1.5306496673427082e6	-1.5667545870580163e6	-1.59660887958293e6	-1.5283429747646144e6	-1.5502485603667316e6	-1.5620294315052505e6	-1.590315752432949e6	-1.6087897301182093e6	-1.597809556363385e6	-1.6007614697786956e6	-1.6297056238686421e6	-1.6179630254501652e6	-1.6270038918125292e6	-1.6818919255778075e6	-1.6144279128709931e6	-1.637772526213861e6	-1.6387485686097832e6	-1.6736947109735997e6	-1.6786225706074894e6	-1.6495274574049695e6	-1.6619781200299996e6	-1.669547698028741e6	-1.6485565092131037e6	-1.6596349001657388e6	-1.6533915970675251e6	-1.6200541717834342e6	-1.6261312399172967e6	-1.6318618708080025e6	-1.6406149884724119e6	-1.665292604397745e6	-1.6654741628439312e6	-1.6316036189695445e6	-1.630163169549918e6	-1.615341974025489e6	-1.6181255727962395e6	-1.6254491622296064e6	-1.6035405199471675e6	-1.5769346596892562e6	-1.609477220331039e6	-1.5940138471770922e6	-1.5830405322095382e6	-1.57000500200664e6	-1.5632765608509996e6	-1.5917562728714182e6	-1.5493771623440247e6	-1.530220725977432e6	-1.5369759111066617e6	-1.5081651189274876e6	-1.4769058665469198e6	-1.4463512823446188e6	-1.4723557766715384e6	-1.4680398185266375e6	-1.4431319075185074e6	-1.4390291358223984e6	-1.4026053775179114e6	-1.3881759041463286e6	-1.379231985828537e6	-1.3505724718253987e6	-1.334535668179521e6	-1.3358640957650598e6	-1.3183942288570548e6	-1.2996640920124976e6	-1.285649531996706e6	-1.2649314417510321e6	-1.2348860003975637e6	-1.211190075764158e6	-1.1594627712602366e6	-1.1632587834044648e6	-1.1280761056944828e6	-1.1243117519542102e6	-1.0889141092545374e6	-1.0611374266405727e6	-1.015207680273433e6	-1.0215765571106335e6	-1.0183718773298704e6	-992548.0920835815	-980262.6174540429	-943133.9767125112
519327.6966619192	519279.5405444525	519112.017166973	518838.22336878104	518458.89085693023	517975.13558482256	517343.966723021	516716.1510345397	515851.63371678663	515030.85570992593	513873.97299521	513101.27184121654	510643.2864847621	510478.5700360275	508813.8306347433	507143.90224069316	505794.34795450815	504367.2118696103	502827.6604545877	498799.6643960894	497853.93125771283	496865.5240300121	493248.7590840234	490512.0740753985	487940.8722770761	485180.665780872	479537.6541834767	478304.87535938143	477950.70370539965	471761.70673262863	473937.70637795795	462336.0066188618	461696.28074095596	452193.9449197356	452031.4851290224	446980.20648983715	442944.9413805542	436582.9050661315	427302.9521392385	427380.16395093827	420047.82087040396	414809.41046867345	405604.4188286413	401285.1623928911	395738.3268582212	385511.1136329026	377598.94676777633	366788.8736596579	356595.6603444561	351393.84216493776	339702.99285585026	332535.6743745603	320687.6407610928	309527.04332694307	297562.49731960124	283181.05805147876	269137.9299034977	255069.35150863946	239230.85105277036	222726.60968116962	205052.88996071526	186328.6204394254	166506.07692254457	145506.87893306062	123373.15080755012	100172.48835524498	76043.76841178455	51126.87391359074	25364.465533336566	-1481.20340111712	-29600.680036262842	-59172.26268241025	-90391.58008652163	-123488.21940619947	-158744.17402888375	-196520.35992048954	-237299.69872208015	-281764.3747238658	-330950.4118187358	-386606.6084459192	-452248.31724756194	-538095.5601818191	-670204.8250083204	-702963.8047671621	-733218.4751568537	-762766.8797921084	-791231.0612647769	-819675.0258564821	-848486.5878388474	-874689.1824826095	-903095.5784460998	-928127.2480606227	-954152.7803251457	-980409.549396954	-1.0046797932910027e6	-1.0290052073690349e6	-1.0531140753158235e6	-1.0815990503175722e6	-1.1005375060315537e6	-1.1236506299186603e6	-1.1471170798401753e6	-1.167672870191802e6	-1.1969307177845484e6	-1.2227875082478377e6	-1.2099120291775556e6	-1.2466219593536435e6	-1.2595381718517367e6	-1.2920401731439244e6	-1.313546937861784e6	-1.3344155271458884e6	-1.3632404428559307e6	-1.345082888791025e6	-1.3807962452222893e6	-1.3528718115257863e6	-1.4509767918866172e6	-1.4335761606534626e6	-1.4533143972470528e6	-1.4574736481685417e6	-1.5027785929617106e6	-1.5671662930077496e6	-1.4985291659707783e6	-1.5476216852827233e6	-1.5368245244537338e6	-1.5332884007162605e6	-1.5509841624442588e6	-1.5755198729688514e6	-1.5441385556398362e6	-1.5899180590270932e6	-1.5379496363617657e6	-1.6397509419138683e6	-1.6220711057269168e6	-1.6377491083167645e6	-1.6148322963861348e6	-1.6230481087728462e6	-1.6717161765855986e6	-1.6463343802281388e6	-1.655007725265762e6	-1.6921301402079638e6	-1.6678670968772445e6	-1.6582337994093127e6	-1.6383168179786678e6	-1.6643250817934442e6	-1.6588169168392697e6	-1.6676961672096625e6	-1.6770563525690627e6	-1.6642609263606349e6	-1.648012560379814e6	-1.6682232507032617e6	-1.656543131344903e6	-1.638512823718527e6	-1.6761370456665382e6	-1.6735452923690376e6	-1.662074749691994e6	-1.669364110280196e6	-1.7281048432844628e6	-1.6681222679095743e6	-1.6503992200763356e6	-1.6320840727381543e6	-1.642235577892583e6	-1.629159872461884e6	-1.642972155492417e6	-1.6185893606850372e6	-1.6178954957111247e6	-1.6233526020857377e6	-1.5985912121066565e6	-1.5816979493478946e6	-1.59144166950252e6	-1.5865673186052178e6	-1.5551229944166183e6	-1.5525522805579875e6	-1.5518022909264448e6	-1.5445082755341656e6	-1.49627790117564e6	-1.5127220588726688e6	-1.5046794367331169e6	-1.4739191970718445e6	-1.4691818604893927e6	-1.4388723674676754e6	-1.4105474691208412e6	-1.4089964609726935e6	-1.384921737839472e6	-1.3688220046361245e6	-1.3580801120046563e6	-1.3455501778798208e6	-1.3319763385238734e6	-1.3133441445352337e6	-1.2956572713904183e6	-1.2762869895759178e6	-1.254140035029173e6	-1.2276071733430268e6	-1.199097739292655e6	-1.181888657303877e6	-1.1563849044831728e6	-1.150698883957246e6	-1.1207299368922987e6	-1.0755340160556042e6	-1.0687532586937563e6	-1.0579944494055167e6	-1.0375457280175376e6	-1.0141849736473693e6	-1.010557771596256e6
534110.5511596167	534058.222576409	533904.8318199817	533658.2932695325	533129.5407617635	532791.8622895635	532195.8220430785	531418.8244675635	530779.428820993	529614.0000164374	528693.9539992991	527168.9729088526	526299.5921258674	525065.3312087059	523549.044849319	522195.21983533085	520209.89655174606	518671.18580534915	517257.75157436705	515927.87235815456	511255.8854735494	510911.8240356423	507933.9301248846	505078.15607824526	502166.70033716655	500435.76500803186	495875.5221219078	491999.6229407763	488695.09466763097	487771.88860099437	483020.06828257174	478172.7946930643	472041.0912973565	472382.952062268	469453.05867158365	461551.1160543342	456694.2833618241	451049.7676201448	444408.47915419715	443406.3898540096	436779.47312163445	429032.0771129315	422574.33210748376	414763.32917730114	410427.73332069826	404738.6627008311	393471.042583394	386657.66637016414	377066.55654776044	367663.17111301766	366320.9204962207	348048.8266258077	333235.5534273839	326181.2073380841	313935.2039173935	302980.68368884624	290743.7813217257	275193.84027652035	259495.14793919865	244710.16658288494	226303.6076572365	208542.1303533981	189471.54539733892	169238.6159390136	147796.95447769808	125231.95062329661	101583.2296689456	76990.32089855237	51587.78344738064	25311.79541333631	-2078.439912332571	-30777.27281294507	-60968.49585138698	-92855.08151985495	-126676.53181524697	-162728.65919969842	-201392.48068243038	-243181.811291765	-288830.00964876584	-339467.17741714785	-397044.7111297821	-465650.78858506546	-558585.5913306982	-679251.5939080466	-711452.0249084048	-741680.4921102382	-771435.5792954222	-800372.199638855	-829243.4151848496	-857734.6151354003	-885060.3649121744	-912293.6756502709	-938916.7164318541	-965837.6150282801	-991462.9570791081	-1.0166390810053826e6	-1.0446705289773594e6	-1.0634129269994912e6	-1.0932305950569408e6	-1.1120731943762049e6	-1.140480078481376e6	-1.15485039646249e6	-1.1759868271061915e6	-1.1955082826120385e6	-1.2284772023343549e6	-1.2416288203335854e6	-1.2676510068881458e6	-1.2190651999340353e6	-1.3193951881005196e6	-1.3279306918567934e6	-1.338308962737994e6	-1.3581366113044808e6	-1.396798972843801e6	-1.351319329397882e6	-1.4494715563910033e6	-1.4556040825567243e6	-1.4442242781405535e6	-1.4612467194514873e6	-1.4815089150751643e6	-1.4844588050170967e6	-1.5007386943465376e6	-1.5164481463257135e6	-1.527459154134237e6	-1.533974826468669e6	-1.56661521478522e6	-1.5606214475531608e6	-1.5179497501520843e6	-1.5599239001524218e6	-1.5827328668006628e6	-1.6297605051763111e6	-1.5986327239498994e6	-1.6281730133206602e6	-1.6560623911958903e6	-1.633383027347942e6	-1.6011919094176916e6	-1.6665273694868453e6	-1.6623054379585187e6	-1.699390968613915e6	-1.6797997833317525e6	-1.7350914139612669e6	-1.6767596478319673e6	-1.6655447412887795e6	-1.6952406150430285e6	-1.655578869554631e6	-1.6809996933975483e6	-1.692706336839853e6	-1.6819521511085972e6	-1.7023980586727324e6	-1.6653686933522662e6	-1.7142331498653612e6	-1.686199503676519e6	-1.6682099709279528e6	-1.6816094326532779e6	-1.686806895361107e6	-1.6751245963762396e6	-1.6717551015448573e6	-1.683468046962865e6	-1.6873328696326038e6	-1.6592854749693044e6	-1.6537203230175108e6	-1.6444996266911956e6	-1.648385975736198e6	-1.6241327126052778e6	-1.6334311035125449e6	-1.6437752842579323e6	-1.6124670905257363e6	-1.657539339670479e6	-1.5958074126240935e6	-1.5786160091975166e6	-1.5720750929540668e6	-1.5858463288849466e6	-1.559017264209547e6	-1.534857803611695e6	-1.5304152491836313e6	-1.4961178698279501e6	-1.5008807952299914e6	-1.4718166321994737e6	-1.4693378707196247e6	-1.4510187674636564e6	-1.4400410084995306e6	-1.4197576021269574e6	-1.4025559985142914e6	-1.391535604733702e6	-1.3608909958504527e6	-1.3635118544664998e6	-1.3622011715152278e6	-1.3454092840964515e6	-1.3182502184214937e6	-1.2952991277768873e6	-1.2638432206173087e6	-1.2545153484681752e6	-1.2270439520554382e6	-1.1884743305223614e6	-1.1728533796677005e6	-1.1417627020419913e6	-1.1472633545056672e6	-1.0973448295575788e6	-1.0678169818421572e6	-1.0835263318359007e6	-1.0597816769508782e6	-1.0543038055255252e6
549113.9258662518	549054.9644161855	548890.2801929234	548564.9421024756	548259.2001622829	547822.2225520697	547117.6505968107	546634.6453129536	545798.3966933857	544968.9726326634	543940.0545046538	542694.5827242133	541436.2823413875	539886.2413557392	538566.5884084054	537014.8769554339	534816.3643117559	532885.7601220924	531462.9915532671	528005.7622218963	526746.8216821952	525236.0342879844	522443.3468222849	520650.67886751133	516970.3515999669	514153.17054048483	511712.8363903344	508262.1212683401	504715.6937124106	501100.9109262435	497726.91111421003	493386.81739367236	489733.05242953927	486590.05128579075	479973.05918393086	476362.94141014945	472399.6047498519	467076.9675585624	461441.42159077205	455626.2991624181	451402.8748506532	446199.63036169135	439283.3085633005	433281.8402018558	422218.6959113487	416066.6014571235	408331.07861444546	402688.47726239724	394773.71637313074	385097.88627938577	374736.6901958247	365692.8873495625	356467.67298090283	344486.9939369404	332630.9791951205	320870.4014590592	307878.5258761419	295227.6861684372	278990.20420767827	263615.80739249935	250308.5125833103	230382.63817085416	212094.7304516153	192594.29272309545	171930.23495440703	150098.18899999175	127103.53659704555	103004.4157352196	77944.0847856506	52052.26422713493	25258.71019574866	-2680.5075115931104	-31963.678061287443	-62780.2762140907	-95340.88794557523	-129895.32795962627	-166753.89456359978	-206318.82276418066	-249136.93138366012	-295996.89102259633	-348132.92821147485	-407728.14889135066	-479570.51829918154	-581661.736518912	-687851.2229660903	-719931.5695455796	-750607.7941714842	-780231.8385364574	-809584.9858328828	-838645.7231283833	-866694.4950021317	-895184.7428205356	-921797.0328799505	-950771.367971122	-976093.4850170326	-1.0005329877260933e6	-1.0274477793182221e6	-1.0482581776556859e6	-1.0763944268528477e6	-1.103971022425358e6	-1.1250007930512095e6	-1.148356918438836e6	-1.173011298068654e6	-1.190611083542607e6	-1.2184113894857594e6	-1.2316877024036276e6	-1.2594656853154066e6	-1.270506879467143e6	-1.299408114820182e6	-1.3123379588259049e6	-1.3582971751192103e6	-1.351963413474221e6	-1.3756892473162143e6	-1.3704396940876709e6	-1.393112346946142e6	-1.4871118762645845e6	-1.4532216848392456e6	-1.469106504057173e6	-1.4910813293909414e6	-1.4826325315868598e6	-1.4911454534522528e6	-1.505547347332515e6	-1.5275890984384883e6	-1.5263817602333375e6	-1.5502258869180705e6	-1.5814834451179511e6	-1.5817127216191445e6	-1.6010259860036802e6	-1.5679031388797082e6	-1.6391105031873218e6	-1.6267168622975352e6	-1.6322747061374525e6	-1.6545907438811462e6	-1.6180119727976308e6	-1.6081407305807467e6	-1.6907014144296942e6	-1.6418631751747187e6	-1.6770396864078825e6	-1.7097765662972683e6	-1.7131385153845183e6	-1.6987438553119565e6	-1.6731727070070326e6	-1.6797521711169134e6	-1.6817898212693713e6	-1.6728193838975679e6	-1.671321258397585e6	-1.686275291405265e6	-1.679395043250074e6	-1.6857870956467262e6	-1.7243036805068587e6	-1.6974829496242155e6	-1.6875041312117435e6	-1.6985871264899184e6	-1.7286355858089945e6	-1.6902642327680748e6	-1.6998117045313863e6	-1.712946453496178e6	-1.7013615838040651e6	-1.6677157121745602e6	-1.6648789325619356e6	-1.6666042539828664e6	-1.6576798252328096e6	-1.6398888466262093e6	-1.6783255618158344e6	-1.6686259987550618e6	-1.6447229998621717e6	-1.6316914875033435e6	-1.620130877691402e6	-1.6611068597414868e6	-1.6374851914231419e6	-1.586330591860599e6	-1.5917053085538817e6	-1.5697417447566292e6	-1.5491353173665893e6	-1.5729251724336005e6	-1.5486312831375727e6	-1.5291006862969727e6	-1.498345531846393e6	-1.4911835669502458e6	-1.461827263331391e6	-1.4552969222917475e6	-1.438584989742498e6	-1.434971790523511e6	-1.4024643995697573e6	-1.3858051364884619e6	-1.3719919303790638e6	-1.3872767199836222e6	-1.3638220442507153e6	-1.335417646531753e6	-1.3107843909265485e6	-1.289536974294877e6	-1.2705344880501772e6	-1.2303920190485849e6	-1.2289833195551161e6	-1.204431760143778e6	-1.1769710938386389e6	-1.1457634511731116e6	-1.1150217376815819e6	-1.118061591798581e6	-1.099171704025741e6	-1.0954664768200435e6
564319.7008021376	564272.3327931497	564101.8779614315	563825.8049650961	563714.151242694	563094.6751154518	562328.4440625458	561811.5263213575	561066.6442099174	559809.6644932104	558708.3840537391	558154.6008043758	555903.3201987277	554950.8032264448	553679.2250685373	552064.7336560676	549749.2790271156	548480.3374798065	547360.7222253603	546883.3302976515	542466.6456254679	540345.9158674828	537711.2518608588	534817.5385834329	532474.5094067012	530897.9566589313	527812.0059881859	523205.8795891461	519955.8234764172	517450.0823999784	512717.00427192205	509718.99810177984	505363.8174255043	503134.71180568775	499801.9678587946	492855.80600661103	488360.6919032677	483532.73265959724	481338.48433117056	471324.5521752034	467371.33689453575	459681.8595306679	455549.1663922585	445798.0378751678	441710.9512742253	429425.4152497975	431451.1992740682	419171.3460100631	409882.58649118047	403654.27933051984	389160.4090186788	388063.94133385667	373569.7626809362	363628.1522509499	348920.6525809871	339097.6344014573	328670.23765684315	313017.93696006807	299647.65980664996	285185.5299517347	268165.982080502	251997.41390255676	234320.138847537	215649.48733780417	195765.49650833418	174686.27730406262	152869.0963780089	128990.07277723443	104436.01417861308	78905.01472837216	52520.296329855686	25205.21234934189	-3287.3741324922885	-33159.84617817326	-64607.53944901604	-97848.9221947522	-133144.55589445372	-170819.90587220382	-211299.6281470636	-255165.68565131543	-303266.8904309908	-356952.6200615501	-418672.24371897226	-494079.28667909134	-609188.4817587333	-696256.7832201999	-728358.7978194454	-759204.2180062463	-789462.8440073554	-818751.132886614	-848022.5634731904	-876554.8122299947	-905653.7718023185	-934551.5449865584	-959610.635639926	-987610.5740390078	-1.0146599711130003e6	-1.042375944417472e6	-1.0660193285971226e6	-1.0877364381491642e6	-1.1152584512785238e6	-1.1339667094157794e6	-1.1639696242518686e6	-1.1801501880283917e6	-1.1952414087445778e6	-1.2304224884331147e6	-1.231594929264818e6	-1.2763630882578439e6	-1.2764591955478785e6	-1.3015650840230694e6	-1.3487899547435648e6	-1.3524122504559525e6	-1.384097132054975e6	-1.3358932126777612e6	-1.3745494348536313e6	-1.4185304382097975e6	-1.5209987130455526e6	-1.4731969044688742e6	-1.493188550085385e6	-1.4791763058988503e6	-1.5103707645981233e6	-1.5218036394976906e6	-1.5664720841302085e6	-1.5637880407920687e6	-1.5578919108078068e6	-1.5577655399180916e6	-1.5520332762621646e6	-1.6100267348848698e6	-1.6142081596569854e6	-1.624172637422718e6	-1.624218297041398e6	-1.6199797564099361e6	-1.6815301621652434e6	-1.641881224251012e6	-1.6619466567071693e6	-1.6634185290891526e6	-1.6153608445506874e6	-1.7103877669391588e6	-1.706959958175618e6	-1.695955220274993e6	-1.695716316111799e6	-1.7085068747677805e6	-1.6834686219236057e6	-1.7485927833550882e6	-1.7274787038224859e6	-1.7470170233703775e6	-1.7180498706306976e6	-1.7151489769845132e6	-1.7352778673509278e6	-1.7003057894670411e6	-1.7374418431909967e6	-1.7156839087849043e6	-1.7011188309519824e6	-1.7278051034681129e6	-1.7250245944627908e6	-1.7165091257944608e6	-1.7017274821523984e6	-1.7025095005721904e6	-1.7228408452975464e6	-1.728792331209332e6	-1.6807759909734682e6	-1.7010772105036958e6	-1.6800730889485183e6	-1.677285873635311e6	-1.676946350980202e6	-1.6819110056171615e6	-1.666873592465998e6	-1.6430613046845796e6	-1.6512931087666855e6	-1.657949777765076e6	-1.6376676233332586e6	-1.618624478300009e6	-1.5956509849827203e6	-1.5851488555855497e6	-1.5654623727155738e6	-1.563799484437947e6	-1.564069999840604e6	-1.5520346259547968e6	-1.5227485660504785e6	-1.5034582525943734e6	-1.4810954683311293e6	-1.4759341324733894e6	-1.4471319595193507e6	-1.4266635392693228e6	-1.4276828055405247e6	-1.4102442853249342e6	-1.42654812947531e6	-1.3995379621862764e6	-1.3688933904061238e6	-1.3509995218096988e6	-1.3340675014460455e6	-1.3087087699884402e6	-1.2803647418877499e6	-1.2608385848858422e6	-1.235108137921138e6	-1.2149420151421789e6	-1.2035372291257584e6	-1.1631840353430437e6	-1.1421488057512373e6	-1.1392855619026383e6	-1.1170845315790337e6
579738.168273122	579676.3917829742	579509.948704943	579332.7764046189	578898.6958884387	579041.8720651069	577936.7018168115	577095.7390793805	576220.0881127928	575390.3244567234	574399.6883451323	573493.3318842024	571851.2733476213	570908.693379031	569225.5516231107	566893.7815135275	566105.0790465153	566301.2939111369	561661.2824818386	559307.7747322086	557678.7619856023	555118.7157722164	553339.7585970794	549601.5048652575	547712.4958931685	545522.018569814	541539.4359342032	539035.685947777	536239.9646123473	532633.3812098819	530149.4221099904	525920.2970707583	519349.3568934544	517627.5458493735	508910.1366442774	509819.0410585839	502461.2803493068	498635.3005875172	492351.18979762535	489670.3713264499	481062.74558962754	482345.25167787506	470979.59708650195	464062.64782018535	457336.6907530948	448483.7912966119	437244.6743249359	434349.32164389576	427015.591132154	416097.54474716674	409649.24109013774	409016.32514252065	390007.11141220125	378918.7033629301	368649.56626295845	356931.4224554297	347265.0532850871	337361.62277795613	326118.0456956502	302873.9861031426	289762.3993342429	276707.10680615314	256661.3153400175	238020.72304967727	219926.14553384436	198894.24852006097	177441.17373572773	154760.64940211707	130886.23673382925	105877.93808167859	79873.06411352108	52991.855885855504	25151.302922766015	-3899.015535358456	-34365.718849493715	-66450.21142277279	-100379.10778891068	-136424.16179222247	-174926.72547005705	-216335.11865236406	-261268.91380734794	-310642.00621001614	-365931.6886364383	-429894.6659214758	-509270.95476151357	-646934.1593660428	-704562.3132882693	-736740.0779578348	-767872.0458835382	-798404.815266032	-828015.2918380455	-857339.0857007678	-886980.6393292395	-915720.4657875441	-942926.8082487185	-970414.8059805741	-999045.7729169053	-1.0233496726336011e6	-1.0477588025861837e6	-1.0725720959048674e6	-1.1008981409904964e6	-1.1233002016105421e6	-1.146357010675656e6	-1.1809569565854322e6	-1.1963487609164577e6	-1.2185215953376282e6	-1.2394577266956621e6	-1.2624071259405962e6	-1.2720204906075385e6	-1.2580156814424002e6	-1.3194539804848337e6	-1.3650639620767792e6	-1.3771843289728044e6	-1.3883300758955332e6	-1.3769894829852846e6	-1.398200047348272e6	-1.4095468890005841e6	-1.5052506656746997e6	-1.4758746121791836e6	-1.493937672444294e6	-1.487475578232255e6	-1.512599703236965e6	-1.5404551670000146e6	-1.6182465757181754e6	-1.5941451135960466e6	-1.5607212439623822e6	-1.5882639530112112e6	-1.637603611713106e6	-1.6110292659457142e6	-1.6160890701791376e6	-1.6221963479064035e6	-1.6408032591084104e6	-1.6695602757829025e6	-1.54379135352118e6	-1.6890240232098328e6	-1.670260042857405e6	-1.651705963206581e6	-1.6925465199391285e6	-1.6841824891148198e6	-1.7219116805060909e6	-1.780095319765257e6	-1.7089566430167707e6	-1.7199994399473753e6	-1.6882708170449866e6	-1.701999773844558e6	-1.7405238371867083e6	-1.7090973642604456e6	-1.7305771313238207e6	-1.7511925152183657e6	-1.76719096921792e6	-1.7525697895115602e6	-1.7416047472022872e6	-1.7380137558490413e6	-1.7446427762356529e6	-1.7370972674070366e6	-1.736097532806406e6	-1.7297521848444089e6	-1.7143575713029217e6	-1.73235554325663e6	-1.7346530380475095e6	-1.72452384073969e6	-1.7199857173271126e6	-1.7050879441949788e6	-1.6796420825087207e6	-1.6664713298634777e6	-1.7007701430660796e6	-1.694861417792972e6	-1.6752793454018494e6	-1.6687219763118357e6	-1.6783971796962742e6	-1.668950844581471e6	-1.6533628390589084e6	-1.6473285837831588e6	-1.5960407413979273e6	-1.6011145474856303e6	-1.626150376151712e6	-1.554539868293671e6	-1.5712406655299792e6	-1.5473235998219722e6	-1.5345703994590347e6	-1.5652222939046146e6	-1.5132906897277643e6	-1.4857113471599834e6	-1.4765001930001946e6	-1.4659527313978903e6	-1.4398097082919932e6	-1.4271056637491242e6	-1.4459501801152723e6	-1.4151814297955409e6	-1.3888316345135581e6	-1.3746097211592062e6	-1.3472432426036822e6	-1.3231572930234803e6	-1.2960144790490323e6	-1.2694020771682258e6	-1.2427924093647448e6	-1.2428613128520509e6	-1.2090193132056694e6	-1.201464813113611e6	-1.158047402424698e6	-1.1717396234441607e6
595379.6711957318	595337.5921133525	595187.0202065652	594879.4593988	594495.5392559654	594026.4982524241	593563.4204308866	592660.6811772377	591817.3255599253	590996.6304775788	589801.4373391873	588944.4890144838	587683.673156223	586074.6330174694	584657.6700135156	582814.8156693141	581471.4943450806	579624.3778800609	576811.8581297137	574764.990260239	573451.7196610495	572402.3075511756	569473.6100651881	565423.1798980394	562871.8418180979	561760.158726377	558371.785772513	554033.4639278505	549306.7923376542	547452.7996214691	545483.0714938886	539225.9003200015	534819.7337948944	535121.802553445	526692.5675805242	526059.3536038259	518766.61612852674	515215.65175897046	509969.28955700994	502635.2838977159	499236.1507788322	490620.28133810195	490495.82309287845	481730.1448239926	474985.41426224896	470443.25395168527	456820.99748513626	452409.8833372984	444071.88723219483	437525.55426867935	431160.49814338767	417407.74098402646	407481.5412275951	401167.02613687434	387222.0549028608	385895.2164732569	373505.3797049094	357292.82091270067	337369.5661004791	329008.1511889495	309711.83254619915	294983.83958626806	278206.13997839263	260534.4544070752	242417.15097981656	223980.04350096744	201534.41558092815	180225.050539058	157113.03579215746	132797.5087805924	107330.12133893202	80848.18546203745	53466.91681613756	25096.987717040873	-4515.401000352867	-35581.24943900085	-68308.21735508688	-102931.36684944638	-139734.09236743354	-179074.39457476354	-221425.57578781707	-267447.3854181127	-318124.37006989465	-375076.1695588044	-441415.9373659958	-525272.3962329377	-674346.3393191155	-712768.2042051312	-745208.8528584738	-776543.097100429	-807252.926843612	-837437.6258589164	-866955.6229966974	-896895.175222418	-924390.3795778619	-954063.3364612907	-980588.5634424959	-1.0069093807694914e6	-1.0334209544236241e6	-1.0656087675220214e6	-1.0890084834570575e6	-1.1107575106432645e6	-1.1360013435030163e6	-1.1589828205090219e6	-1.1885489212124606e6	-1.2139316620055768e6	-1.2301512256605022e6	-1.240211093152973e6	-1.284086712592445e6	-1.287093312413669e6	-1.3127476766520597e6	-1.3532975237218223e6	-1.352858107918595e6	-1.391385157266501e6	-1.409514986885361e6	-1.415855605845156e6	-1.3891741674426233e6	-1.4698255085677167e6	-1.5158735928670384e6	-1.4631786116779828e6	-1.4920535068926124e6	-1.536577192993833e6	-1.5468712530358124e6	-1.54782486308043e6	-1.5847726669963489e6	-1.588859148125146e6	-1.607283964782164e6	-1.59344913056179e6	-1.6162520918308033e6	-1.6026869559954316e6	-1.6139636623683956e6	-1.6234926508514776e6	-1.65117151535972e6	-1.6615598881887023e6	-1.7110773769023793e6	-1.666102159085558e6	-1.6889503056464957e6	-1.657519162975304e6	-1.6997430919714367e6	-1.6913849194340191e6	-1.8116185585205855e6	-1.7581348815660926e6	-1.7613445093898026e6	-1.7311532454602506e6	-1.7478119794166407e6	-1.7440277473709683e6	-1.7266882190653116e6	-1.7149687205168128e6	-1.7339169472339794e6	-1.7537474948347409e6	-1.7604250494521426e6	-1.803963362344222e6	-1.765591418615895e6	-1.7535059972509986e6	-1.7448798817334224e6	-1.7607982384495374e6	-1.7594067344459456e6	-1.7411437853866194e6	-1.7483723087129246e6	-1.7634879355415592e6	-1.7581535761396976e6	-1.7499193257109758e6	-1.7332387574639667e6	-1.7144500919861023e6	-1.705301853536011e6	-1.714782019819727e6	-1.7109664210627426e6	-1.7230358586559987e6	-1.6610338400649794e6	-1.6800885879796513e6	-1.6717027692426567e6	-1.7005751137873095e6	-1.66982955827552e6	-1.6628843099596149e6	-1.6469764449697903e6	-1.633390743161333e6	-1.6406682474680769e6	-1.6105684202917705e6	-1.593641180683223e6	-1.5684596420617725e6	-1.550986200333474e6	-1.5441227916158994e6	-1.5437384330512283e6	-1.523087238425392e6	-1.5033993766567553e6	-1.4878452150336609e6	-1.4681988588718388e6	-1.460383130444617e6	-1.428847439334382e6	-1.4404529511126939e6	-1.4081212171330864e6	-1.3855841173048632e6	-1.3770103326888967e6	-1.3387987057193813e6	-1.3125602048700864e6	-1.3020329428436444e6	-1.2798410738061513e6	-1.2561229934239762e6	-1.2504702051731145e6	-1.2087855621089635e6	-1.1823006365517501e6
611220.0089870872	611188.5866361652	611026.9723546269	610741.1690329809	610327.1471125302	609809.0551637158	610291.1739480776	608445.5943602063	607614.5791454047	606166.1239247506	605765.9207211357	604687.3716975756	603362.2432733523	602093.6729480195	600060.5898881629	599288.5856821265	597996.2344130946	595160.1014477941	593520.6768700226	591180.7984213665	589228.6300640082	586351.0505193077	584690.1420198084	582107.9101150251	579075.6683691026	576667.8033233278	574521.635944615	569102.497457702	565588.0825666663	564625.385556092	560158.9706278859	556814.2478475649	553748.6371559377	543811.0217345664	544449.3617156883	541749.7845896451	533284.2753392956	529552.9370539539	524301.1220668616	518424.6069122825	515177.20165951614	508826.4598711443	502606.19702796574	494943.24581261683	491346.5163837705	480513.8972800815	474853.2805439788	467323.8529875309	459346.7620932625	458655.52735931985	445929.86969821155	435284.0660059479	430023.93018503283	415898.5914181883	405088.4339463067	395125.9467981551	385830.61283918633	367483.7436021852	358531.2075270394	352994.48413506435	330307.0077876473	316187.99022946873	298742.34508897585	281604.4503241358	264916.00858832133	246311.21110687096	226418.57501394086	205315.2257773548	183024.6456067104	159492.61801707023	134721.07907636417	108792.51131747197	81830.33023380174	53945.457450663205	25042.267368343484	-5136.501242978091	-36806.38045766979	-70181.48293061875	-105505.61850212823	-143074.30316231452	-183262.93400869268	-226571.26874341985	-273701.9296343469	-325716.32316723693	-384392.6511931469	-453260.16176370945	-542262.6163843658	-685088.3208876916	-720961.1132318156	-753466.0208774097	-785503.8090099806	-816099.8708044279	-846946.6335192674	-877652.881227385	-906476.3048893402	-935256.686082561	-964554.0632733121	-992232.4197144706	-1.0175596889320251e6	-1.0455088732574643e6	-1.0733149822694582e6	-1.094811883930264e6	-1.1251112361652674e6	-1.1480041707254683e6	-1.1669216372786195e6	-1.197710416094802e6	-1.21483136142736e6	-1.2469101655345096e6	-1.2724965952992372e6	-1.3010914365286606e6	-1.3283340368687809e6	-1.3303628048896708e6	-1.3728264315490269e6	-1.3688849552367472e6	-1.4064385144723428e6	-1.3976020229547226e6	-1.4497104365086388e6	-1.4490604301101703e6	-1.4967693544237958e6	-1.49100174351288e6	-1.5039043872387148e6	-1.5262658072229407e6	-1.5348623741571226e6	-1.537453692286907e6	-1.5643713269660312e6	-1.5751846975197091e6	-1.603218008925671e6	-1.5857303948461427e6	-1.5892727644242982e6	-1.62828658578213e6	-1.6430647788830374e6	-1.6340106048740481e6	-1.6768544347474773e6	-1.679479323555704e6	-1.7008750295156327e6	-1.6957427016071554e6	-1.7347638057084482e6	-1.6790865146390612e6	-1.699573495194006e6	-1.7314527777804353e6	-1.7230246776218207e6	-1.800814772407172e6	-1.7695883793939494e6	-1.735654426772592e6	-1.7655039774434317e6	-1.7430562791246043e6	-1.706422127432841e6	-1.743937408988037e6	-1.7189758147194728e6	-1.7911416368553366e6	-1.7959478163405021e6	-1.7553522246575288e6	-1.7660941528593914e6	-1.7903230853570153e6	-1.7421311151597153e6	-1.7701135494472252e6	-1.7810496161331742e6	-1.7567638450646529e6	-1.7771842875104516e6	-1.7840781888984723e6	-1.7503283759085706e6	-1.7746507261087124e6	-1.7587487596456304e6	-1.7522680375429357e6	-1.7328288215610955e6	-1.7386194647170266e6	-1.7294775690504245e6	-1.7537716770394172e6	-1.7363749668913123e6	-1.7066259252428256e6	-1.7217076149008342e6	-1.6859912731291035e6	-1.686716295572696e6	-1.6799840723768224e6	-1.6738395122142246e6	-1.6392596322542808e6	-1.6646573648569465e6	-1.6406436667209596e6	-1.618210383275788e6	-1.6095100697265335e6	-1.5930915363579225e6	-1.5672008472342307e6	-1.5647067011649073e6	-1.5603326874972514e6	-1.555817294756953e6	-1.5209579131289716e6	-1.501457013601503e6	-1.4809716548125674e6	-1.4643985982685778e6	-1.4492046572385116e6	-1.4375402701790438e6	-1.4335017638416816e6	-1.4035337102646793e6	-1.381457541760955e6	-1.372637331066597e6	-1.329672923780507e6	-1.3161384596504688e6	-1.3041813096135515e6	-1.287761107576106e6	-1.2708610745272606e6	-1.230718116569266e6
627286.6466911304	627228.785579426	627036.0808425868	627028.6531695736	626429.9838812915	625934.051095531	625348.899921137	624589.5269426679	623794.2620361373	623397.3526444305	621903.0899120019	620902.3882338867	619306.3318289131	618387.5352781944	616122.9210960851	617425.4799175551	613483.117539125	611901.252530095	608453.2569974319	604907.1206639061	605541.0038990192	603132.2399855605	600926.5476530702	596155.6471709353	594670.9691240137	595771.1223861196	590053.8813552943	585349.6462411953	582389.9297394014	579615.7862562868	575112.2970235357	571695.3730873156	569549.0103558928	564853.6235785403	559090.1142412212	557390.9949242655	555020.557416054	541790.7834816852	541277.8171117781	537803.5756223366	530987.2320149106	525033.4659076774	518105.58874009695	515661.6540169957	507769.0710930022	502443.6936392535	493025.25032066624	485012.534230477	476720.3581145409	466025.08549809596	465050.6802386858	445074.2225525321	454302.6556826642	428908.33088123973	426010.8547013804	413528.36081307346	401714.49093328236	388057.6157910478	373750.07063149975	363665.11144413747	349195.8067207077	336265.20182038785	320508.5775001263	303890.33778602706	288217.71219369164	268735.35717002774	250943.18826853018	229972.99145504227	208612.20532023662	185844.0817773072	161901.91255073546	136660.07439383975	110265.02988096746	82819.4495386696	54427.452158840315	24987.145278071694	-5762.285867430968	-38041.056803522224	-72069.93528690498	-108101.78643838124	-146444.71843875217	-187492.40403130808	-231772.47359485814	-280033.46938246425	-333420.31162108673	-393888.5068546853	-465455.94024144654	-560509.0009848254	-693987.6715793342	-729107.9011472601	-762096.1249831135	-794239.6830886325	-825006.8008542357	-856135.8683997181	-886805.001767793	-915969.3632059752	-945460.7888908344	-972965.8980791357	-1.0040715550625653e6	-1.0284076675938813e6	-1.0518459211826804e6	-1.087218708057868e6	-1.1168838313842393e6	-1.137812154770341e6	-1.1582743545097846e6	-1.1781178070324925e6	-1.2475042834865057e6	-1.2368131268840085e6	-1.290527508250497e6	-1.295372909474988e6	-1.305979161160656e6	-1.3015665792242072e6	-1.3524220353455676e6	-1.3770662323658045e6	-1.375140516424801e6	-1.3801381601161517e6	-1.4470664639451879e6	-1.4452701324614724e6	-1.451987931822995e6	-1.5070657866716215e6	-1.5151134553288969e6	-1.5231466406318967e6	-1.5166248562021598e6	-1.541469013191969e6	-1.5517940444334645e6	-1.593757903553454e6	-1.6556465604371207e6	-1.5992150230339074e6	-1.6349765757783821e6	-1.6147711956659325e6	-1.6490408539422227e6	-1.652905391079073e6	-1.6695687606931713e6	-1.6682826103400101e6	-1.69948499128648e6	-1.6860107748604582e6	-1.6920962537252053e6	-1.7045116638103577e6	-1.7161964336778314e6	-1.7282848182228555e6	-1.739652617742466e6	-1.7574017257441871e6	-1.7788635891770872e6	-1.7975795829311695e6	-1.757674450231414e6	-1.7802956108489411e6	-1.7779373186311407e6	-1.7559225860843777e6	-1.7867274656588675e6	-1.8128358569010987e6	-1.7867897272312066e6	-1.8217384003564727e6	-1.7861320683185689e6	-1.797079846535444e6	-1.7573834978407265e6	-1.7899739921689879e6	-1.8204825877994655e6	-1.7981525145545362e6	-1.7710305817063835e6	-1.786312024397984e6	-1.7927203415089378e6	-1.781220791022273e6	-1.7901722713346656e6	-1.7585203631912994e6	-1.7475313846805233e6	-1.7349730067890838e6	-1.7509228037866286e6	-1.7152816475219761e6	-1.7588544711385483e6	-1.729631616778673e6	-1.7368595101913952e6	-1.7030158652454598e6	-1.7914815948040427e6	-1.73504552834358e6	-1.7098624270180597e6	-1.6826831989703442e6	-1.674050180811045e6	-1.675469602475032e6	-1.662860965198761e6	-1.6152663398110804e6	-1.6144024273648344e6	-1.598565818843656e6	-1.6127273156978053e6	-1.5905675918458777e6	-1.567496089390682e6	-1.5502380148246705e6	-1.5404439246595746e6	-1.523990750703044e6	-1.516900863480555e6	-1.505029296065364e6	-1.469632200036165e6	-1.450697845825691e6	-1.4219436020879857e6	-1.416250071296479e6	-1.404134650775954e6	-1.3918220734618737e6	-1.3496845324113874e6	-1.3398171764803713e6	-1.335355718189944e6	-1.2945494153556086e6	-1.2976064157035782e6
643540.5600618263	643491.1269655125	643317.3935770604	643048.4344656905	642641.4905291016	642263.8812504966	641532.207325418	640936.946651321	639969.4775016765	639384.431056721	638466.9928654596	636942.055875574	635567.12366587	634353.4064843823	632351.8590515566	630825.2879120791	629627.3928114417	627420.8077827289	625676.6148297408	622941.5400033277	620679.1042402477	619002.9544396463	617391.5822126362	614729.0200753139	610917.4751212716	607618.1292766663	604900.1482966102	602960.8075474959	599026.4167933185	596417.1137797143	593334.6438975164	589326.1452302386	586701.1403237828	577859.3143707926	576209.4129849066	572178.1150940121	563637.1775133668	560974.4582290469	558619.6559573628	541542.4090153311	553214.3536173245	503650.262210476	532051.0485176982	524065.6357599227	524724.5284289476	516063.1641971427	509089.01937390515	502349.42371681554	496088.9023479875	477754.586518738	482903.86753255525	468886.42095774267	462068.21732832177	463916.75793565746	438059.5494416945	430752.2709214971	415403.53631119395	396926.92979234486	403006.6668587518	382656.92559148336	372129.5021953741	357986.90305667935	342203.77808139543	327421.22657971893	311449.1688092556	292697.55012484174	273681.1443766466	254257.28951901448	233558.4781972021	211828.63769998727	188682.77191426104	164286.25741942436	138609.93233600596	111747.61520286842	83815.49465979601	54912.87946180778	24931.62401670165	-6392.725497211679	-39285.22231927491	-73973.49953933153	-110719.79760124336	-149845.31240661058	-191762.84882043605	-237029.51933826203	-286442.95463760325	-341239.02151160315	-403571.9361986234	-478037.6525466464	-580444.1263509647	-702350.5247452634	-737291.6767933012	-770321.2567397251	-802727.9647978132	-834008.7528959243	-865298.3387722156	-895587.3877405107	-925698.3776994022	-954214.3350227436	-985159.9197152222	-1.0065861424466886e6	-1.0428900129181517e6	-1.0673182722953374e6	-1.0932047729653371e6	-1.1205193723096761e6	-1.143827777882253e6	-1.1715891925471493e6	-1.2058137978622539e6	-1.234976109385119e6	-1.2615605645777958e6	-1.2506019925237584e6	-1.2479469629450026e6	-1.3216371307466326e6	-1.354728512794817e6	-1.299231596167767e6	-1.386357927831143e6	-1.394337299644665e6	-1.4737079910852348e6	-1.4614460755162064e6	-1.439310129774734e6	-1.4679556759871272e6	-1.5195720966396076e6	-1.5739243470926026e6	-1.5404353822816191e6	-1.5556992198381957e6	-1.6080395872788655e6	-1.6013989192231812e6	-1.6064541377165394e6	-1.598791983793717e6	-1.6445596880949943e6	-1.6288676691617419e6	-1.6660291057589583e6	-1.6619583170741175e6	-1.6664355943732362e6	-1.648106071053149e6	-1.6609991100900855e6	-1.6984816856964475e6	-1.70549502244892e6	-1.737284117265504e6	-1.6973828281635123e6	-1.7538254259083897e6	-1.7691538887889765e6	-1.7583958027226299e6	-1.7430835455123547e6	-1.8203186920363212e6	-1.8001967246487082e6	-1.803271549530186e6	-1.791660803791968e6	-1.7725916935349444e6	-1.785077571005271e6	-1.7919698384346573e6	-1.823106750617957e6	-1.8431381303566166e6	-1.8140154859854581e6	-1.8074153074399366e6	-1.800443900410738e6	-1.8147539694399417e6	-1.7797210860789523e6	-1.834049115859852e6	-1.810548191886097e6	-1.7921753345833558e6	-1.797830882403521e6	-1.821926794269665e6	-1.8130527141544048e6	-1.8011814210341529e6	-1.785489485212169e6	-1.7778761572870712e6	-1.773384179814928e6	-1.7676847679519935e6	-1.781503362434847e6	-1.7653050668949166e6	-1.7709853456081685e6	-1.7542440700100006e6	-1.7502691200659575e6	-1.773995823666415e6	-1.7388220143952093e6	-1.729101387206996e6	-1.7072273241980488e6	-1.697261900928268e6	-1.6833940010197477e6	-1.663465891250225e6	-1.651465466782566e6	-1.6591408287144753e6	-1.632467413278952e6	-1.6161890912241514e6	-1.6014206866540767e6	-1.5835376223027178e6	-1.5575307052561904e6	-1.5594394874325073e6	-1.5512412924804802e6	-1.5236578112846871e6	-1.5146600394302963e6	-1.5206628414727286e6	-1.4767622946294777e6	-1.4630572429427144e6	-1.450640912239993e6	-1.4280339924515584e6	-1.407587876841504e6	-1.3874678720479354e6	-1.340790025167387e6	-1.3522821317631023e6	-1.325780991552471e6
660022.4080402262	659960.9732895131	659839.8079476617	659504.0263059153	659106.3573004656	658583.8683801969	658125.3322380614	657380.540778227	657381.3327193998	655396.3213975806	654645.3422598052	653243.373738556	651906.1182521436	650874.4880469133	648877.5373544004	647759.4537881436	646672.2327584153	644197.9044783553	642442.6607124512	640044.269061808	635752.4750469525	635419.1661412028	631728.6607709288	629727.2440885019	627029.3266879348	624943.0240797016	623202.0107733326	619062.5778185166	615739.0445489255	610898.028147004	607995.6554180344	604959.6144427003	601697.026944603	598437.630903062	590771.9152426404	590002.9059903084	592380.201386991	578310.2819667264	563057.5668270225	572333.8460791177	562347.9399425418	556987.4508035497	554019.6740962715	551527.7626422083	544735.9579020689	534964.8183932345	528468.6097890085	522034.6130913776	510986.573705276	508047.70098394586	500429.45169917436	489913.0223882017	480608.78474689485	478134.1875748521	464016.8424384844	451519.715482078	436015.013755107	433361.8280036358	431768.7338593344	404232.46024913015	390203.82431789	379082.0987691553	364384.21633067995	347564.9308385373	332067.6003494717	314832.80747552967	297208.9360081421	278533.64635029796	258905.27713320334	237342.09948878316	215146.62395336886	191533.7033627748	166712.14997694932	140571.78512753174	113240.19264665875	84818.41481769492	55401.712170406594	24875.706475080922	-7027.789712315425	-40538.82216208952	-75892.10043928935	-113359.55152565334	-153276.02196385164	-196074.32346301957	-242342.72497692937	-292931.3599137317	-349175.347366145	-413452.11487832037	-491047.24430721416	-602856.5224413895	-710482.275525233	-745399.4631615069	-778787.8671164156	-811406.6785225568	-843184.8434828953	-874352.7152049989	-905456.6196428936	-936468.3110350268	-966851.53061137	-994585.9093939338	-1.0242772617695204e6	-1.0507457168612736e6	-1.0895700512554736e6	-1.05802226939842e6	-1.1326987341210868e6	-1.1599644509892308e6	-1.182417950813883e6	-1.2125408502488574e6	-1.2437663133794374e6	-1.2570654897014925e6	-1.2994957040568914e6	-1.314078507679647e6	-1.3002435046057233e6	-1.3526516373758062e6	-1.3876391810342656e6	-1.3945596886474593e6	-1.4335853974456645e6	-1.449630400219111e6	-1.4563273346580733e6	-1.4540982288997944e6	-1.4985293540345842e6	-1.5203492691573522e6	-1.5378667312835732e6	-1.5572953248140954e6	-1.5683194592393965e6	-1.5956915102023624e6	-1.5865214568440367e6	-1.555415253457227e6	-1.5886245390314076e6	-1.6608532389416487e6	-1.6557013870532683e6	-1.675537794186345e6	-1.6650876999282914e6	-1.7261196287956338e6	-1.7186930131595337e6	-1.7465370461691322e6	-1.8736698983317686e6	-1.753834200333996e6	-1.7434479001862349e6	-1.7360010850883967e6	-1.7334269465455797e6	-1.756850222393758e6	-1.7770320455000827e6	-1.7820771157456061e6	-1.796699335147096e6	-1.8155598850508526e6	-1.8118001805164001e6	-1.857922920396827e6	-1.8015297809643454e6	-1.815595327344638e6	-1.8189444761346697e6	-1.8251857468549756e6	-1.8230788573787448e6	-1.830026299142299e6	-1.8279069256242358e6	-1.8159933396388062e6	-1.8173520775176038e6	-1.8575891515095138e6	-1.816395499827048e6	-1.8172247108052669e6	-1.8133602378799224e6	-1.8121247891366642e6	-1.834859319936903e6	-1.8303222024522962e6	-1.8085931540110677e6	-1.797634081747384e6	-1.7980735602729728e6	-1.8066496584541316e6	-1.773572869444588e6	-1.795349515838364e6	-1.7932458716094776e6	-1.7631113905631078e6	-1.7628173141676204e6	-1.785671712540774e6	-1.8012199450491394e6	-1.7493623791907278e6	-1.7023956251522338e6	-1.722026388285781e6	-1.7121835171901796e6	-1.705166489829737e6	-1.7006722482319174e6	-1.6784684307019843e6	-1.6722614668258468e6	-1.6341891038386805e6	-1.6741868797991604e6	-1.6219481056395352e6	-1.6107209913534357e6	-1.6027212370084415e6	-1.5840067606339667e6	-1.5851808982785249e6	-1.5577611811933133e6	-1.5152677406966602e6	-1.5280513367600783e6	-1.516594799684287e6	-1.4943752196362468e6	-1.4759870331917251e6	-1.4463088177513126e6	-1.4134361613196575e6	-1.402448398219705e6	-1.3773456390039271e6	-1.3678679936237999e6
676681.5253025369	676663.7404267716	676500.4287921507	676235.5670911215	675787.5210776394	675280.7332579648	674793.5162767421	673993.6495944709	673059.9221255395	671835.0891381546	671471.2954838433	670029.8422626765	668616.1369636512	667198.7033257976	665539.9341490315	664427.6348606038	662553.832326361	660389.1449459175	659071.8615496509	656030.4988638146	654001.6107723266	652467.933266992	647595.7978939	647868.7199146728	644511.97203438	642539.9872986889	637248.2291458644	635495.763519235	633099.9690701987	633275.4467334443	624320.033798236	616396.7040502387	618528.8506128043	613225.96257695	611376.0339835229	602982.7910535957	600886.1523451813	596932.3523445941	582218.3986518726	585057.627275334	579986.6942966415	572542.8677100135	563049.2467985423	563543.0193167877	559865.7578234536	558135.7487037289	546925.3127131709	538535.0685999012	526702.305197319	520648.8342978796	518228.4138749002	507588.46118322085	500275.850563696	489916.8493077079	483815.7060592897	472913.3446607094	454555.74262062425	446812.5279695551	438595.1865068107	422630.17328188143	405469.36270676285	397875.658227656	382475.30393055774	370113.59435954527	353742.7069809063	336822.75117059465	319786.4475720118	301667.66651876096	283129.47436448134	262583.38911387045	241057.33103102824	218405.3056654248	194388.33877974434	169136.95437681634	142547.54049384675	114742.68217939034	85828.16015592689	55893.92682824179	24819.394945944892	-7667.405871676165	-41801.79983724572	-77825.66319197207	-116020.99281382095	-156736.80149384262	-200426.88043282903	-247712.41788512026	-299499.793830008	-357232.4111171337	-423539.3723024167	-504536.79139743606	-629494.3337745725	-718488.2056164648	-753498.0522926571	-787138.030057423	-820116.9425213595	-852345.900434288	-883920.7544617555	-915372.2379079633	-946494.9149775826	-975497.9899673902	-1.0057812629150206e6	-1.0349610481267127e6	-1.0618562009863288e6	-1.0880762009333943e6	-1.115437957794417e6	-1.1390535094948057e6	-1.1711367205945833e6	-1.195025642086685e6	-1.219332275898369e6	-1.2380319213606054e6	-1.2575256357800125e6	-1.2802250919366975e6	-1.316166458394944e6	-1.348206751150565e6	-1.3713118516860176e6	-1.383132291003405e6	-1.4188513446689167e6	-1.4302243852613422e6	-1.430066818281845e6	-1.4425332777987511e6	-1.4528273716565834e6	-1.5193702981969991e6	-1.540216203774026e6	-1.5830810314836914e6	-1.552178366674483e6	-1.5985904558050802e6	-1.599097998879892e6	-1.6251141754615738e6	-1.5958728089842794e6	-1.649124937523965e6	-1.666531377936247e6	-1.6646793374842547e6	-1.6770660312537004e6	-1.666039822070867e6	-1.7089358369603066e6	-1.7716561186767376e6	-1.735518897717362e6	-1.7102131198530307e6	-1.7645614503096205e6	-1.7342728233934839e6	-1.7768521052386325e6	-1.7663310853106359e6	-1.7816926785043885e6	-1.803038823420042e6	-1.8154991130989178e6	-1.8179905477862323e6	-1.8193248229098723e6	-1.8499486574119737e6	-1.8170395583898558e6	-1.8398153284201596e6	-1.845242494831262e6	-1.7802729793230633e6	-1.7970131489942924e6	-1.8024476868637523e6	-1.8050998327348435e6	-1.8390313650401544e6	-1.806341239254148e6	-1.8523068644683857e6	-1.8568041717681263e6	-1.8546865978275232e6	-1.8523423729945484e6	-1.8190332511248367e6	-1.831282395400496e6	-1.8570409765958104e6	-1.8524677463870037e6	-1.8418211304168e6	-1.9070135561875554e6	-1.8457634316819736e6	-1.8148002546970302e6	-1.819963117979585e6	-1.8150080354411697e6	-1.807703609781271e6	-1.7793614130882344e6	-1.802605653407756e6	-1.7986992386250405e6	-1.8081579159096365e6	-1.7848305842506054e6	-1.7545961872960164e6	-1.754432376035805e6	-1.7392531649409381e6	-1.7276024315419446e6	-1.7112535722641528e6	-1.6904920345315842e6	-1.6759294291174675e6	-1.7158156915846237e6	-1.672753668077851e6	-1.6616228130738533e6	-1.6355690801103807e6	-1.6074461057779414e6	-1.621876150552314e6	-1.5821776974379139e6	-1.554523402122706e6	-1.5534893321649728e6	-1.5203891521181413e6	-1.5167893906658574e6	-1.5078444034244712e6	-1.490487943499652e6	-1.4734693697132727e6	-1.4558094277493544e6	-1.4288671180603825e6	-1.3929262721111549e6
693583.2523904194	693550.2322621003	693384.2448595957	693074.9155929959	692729.1306460839	692183.1949539583	691638.1620550641	690923.9302896727	690011.516751521	690603.9018727192	688688.5883715805	686741.7044723192	685672.5201390338	684101.2548307624	682586.88002482	681114.0203289236	679286.4974068038	679236.6779986739	674995.6018407835	673130.0904397973	671810.1325898374	669358.213323311	664487.1601803892	664224.9033303803	660567.8462834716	658162.9141754436	653902.76068528	653002.7364336655	648751.2488071271	647450.6577644205	643218.5675005931	638890.1641811524	633417.478012673	630263.9514407415	625995.3101981989	623936.4299630238	616558.390924362	612664.2724360179	595952.4392553407	605047.7513740784	593569.2762435977	590985.0169864125	582273.9899869298	576716.0014633774	569219.0754639108	565761.1889200812	562018.7944919857	556984.3793876774	546753.5475710595	511079.4976167411	524129.3687650822	526946.9448598416	517512.7088337705	517407.5765436923	499987.75319504086	484037.10759893176	472970.60446681513	469100.5128362145	453344.95822502405	444503.47700701584	430011.78719954006	421304.4173602158	406437.14565877966	389447.7574983677	374380.3818318265	359703.11731259007	342895.15146059555	324769.2760529514	307121.0548477645	285253.79112085485	266551.04772325227	244683.82565023255	221721.02624053764	197262.68066356843	171582.4716885183	144535.8044244788	116255.05411898153	86844.6794573107	56389.49570837314	24762.692774402094	-8311.674879907398	-43074.100980348885	-79774.11246152688	-118704.03290424286	-160227.60951177927	-204820.59194914554	-253138.97152579238	-306149.4001286505	-365413.61849654256	-433845.40668325685	-518572.3220495882	-665229.2987391397	-726431.2005468756	-761602.3595359519	-795748.535989389	-829057.9208396373	-861380.6712980729	-894281.0037539839	-924949.501129816	-954930.6279532171	-986302.013640607	-1.0153134166382647e6	-1.0450857565075315e6	-1.0774852401991189e6	-1.0973907254320108e6	-1.1223095187618982e6	-1.1553921563638302e6	-1.1824189403387173e6	-1.214477466185578e6	-1.2474035293149457e6	-1.3114544279395037e6	-1.2885093774210128e6	-1.3237967636458327e6	-1.298196337971064e6	-1.3541382083321235e6	-1.3749030941303433e6	-1.3884779095369407e6	-1.4201723609945462e6	-1.4410727339186263e6	-1.4851816166574673e6	-1.5013591480263665e6	-1.4766157856848987e6	-1.5352049665847134e6	-1.5838567710163135e6	-1.5733520023632448e6	-1.6057695922779099e6	-1.5743953386731606e6	-1.613078835204839e6	-1.6101230856850205e6	-1.616765060216942e6	-1.656497246482706e6	-1.6544191072241415e6	-1.6799041208161332e6	-1.7031841012931445e6	-1.706489099351465e6	-1.8094058587930177e6	-1.7341538925189672e6	-1.7521189991826343e6	-1.751981128707208e6	-1.7574909350498824e6	-1.7960667464551546e6	-1.7784730242829288e6	-1.7722969473627063e6	-1.8140532372451501e6	-1.798337645506914e6	-1.8558150518338203e6	-1.8666400513608365e6	-1.8538786850666816e6	-1.8473720196714501e6	-1.851703815634499e6	-1.8652068637154803e6	-1.878692263092172e6	-1.8853817157525516e6	-1.8509951735923558e6	-1.8441860557605426e6	-1.8824407024344907e6	-1.8901764926506474e6	-1.8468923242882148e6	-1.860566896365444e6	-1.877128225750256e6	-1.883216479289973e6	-1.8376085700891174e6	-1.8623796599182927e6	-1.8664843751622892e6	-1.8959080365110484e6	-1.8729393027924981e6	-1.8562497914503838e6	-1.8318988685189902e6	-1.8349975667999184e6	-1.8445373031593987e6	-1.8369418261196332e6	-1.8012772919684e6	-1.8229696723864262e6	-1.7898960709229314e6	-1.816070067792205e6	-1.8001172944317844e6	-1.8230015104192428e6	-1.8092217478559494e6	-1.7806729491482142e6	-1.7567937047063627e6	-1.7822068418824405e6	-1.7400701029108565e6	-1.7437448356253372e6	-1.7158895669152208e6	-1.7241703135912667e6	-1.7092961953515701e6	-1.6907426356787554e6	-1.6656646016178036e6	-1.6567315404571185e6	-1.6478400366286843e6	-1.6194520720833333e6	-1.6205739416397477e6	-1.5886863437473106e6	-1.5713699133126235e6	-1.5360125722537276e6	-1.55806702908792e6	-1.5233343883245962e6	-1.5178672263274628e6	-1.495257665834664e6	-1.4514001307466493e6	-1.458026246313286e6
710692.8803903342	710669.2387832595	710466.8948228734	710120.7340891467	709795.2274193019	709224.1376651397	708630.129473176	708131.2397644923	707194.7579282445	706062.6018732254	705093.7136964726	703873.7873890193	702589.7391883961	701299.0028441653	700005.3967008337	697842.2345699691	696425.9799183288	695042.611565299	692411.5470458957	690186.1607520027	688191.4940915125	684955.9172323893	683596.239100876	679870.3817778619	678120.2824405846	673124.6122236685	671913.6895510253	667322.215643775	663612.1289385054	663550.2798672145	658695.5689513744	656646.0593066937	652621.5003579078	646911.171026805	644009.9774801362	654258.0413850637	635674.8579088538	626105.8753248866	611415.3505450342	621640.0210874352	572568.9464686182	603788.2998919641	596746.1080850884	597295.613621741	588863.1690214573	585340.5067105822	579337.7834603516	574976.4728363766	567027.2970610096	553129.1094820187	557902.3681280507	544897.8251245276	535010.1066372663	545996.7017911597	510610.49382528046	504150.7614692203	492278.62913945236	483431.24677693314	475839.8787816642	457819.8293710436	450381.8195669373	435807.77418684156	430949.8999907497	417596.67396382196	403530.9709221608	381335.1086955604	364476.3396535248	350294.24403301434	329638.67484073003	313132.75998397986	292290.8106455521	270676.4018212988	248507.6047760041	225042.96042358212	200217.23991436698	174041.44442363665	146537.02708415722	117777.24980246485	87867.92535964493	56888.39373169362	24705.602269243915	-8960.430967391003	-44355.6658961277	-81737.3734511151	-121408.5973285758	-163748.41893391288	-209255.5293882934	-258622.76751695282	-312881.3725943569	-373722.6575778101	-444383.5281283972	-533239.7154900942	-691680.8174549073	-734304.4888883003	-769739.5679863831	-804285.1266679382	-837915.2678346997	-870496.1395558068	-902521.1343324021	-934217.6169748434	-963447.2580252918	-996506.1656864712	-1.0254585819325696e6	-1.0543262595666156e6	-1.0815119114090481e6	-1.1081632587711285e6	-1.1444654354148533e6	-1.1652791160435367e6	-1.1996080141842938e6	-1.2185782256767254e6	-1.2645677802966507e6	-1.2754760998813023e6	-1.301454423827971e6	-1.3061214373267263e6	-1.3392430101404688e6	-1.3661295394309286e6	-1.3938977188687616e6	-1.4063899373316376e6	-1.441031521412467e6	-1.431008885712266e6	-1.472926764644969e6	-1.5054732842988304e6	-1.517426295365622e6	-1.5538446156971713e6	-1.5805229904425286e6	-1.5991770788539287e6	-1.5412797114082652e6	-1.6167188673562866e6	-1.6171254196124652e6	-1.6042515704752353e6	-1.6874135611587374e6	-1.6739512081801586e6	-1.6847095414966221e6	-1.6997302935527398e6	-1.6899769734037898e6	-1.7694707099200247e6	-1.7768893209998172e6	-1.7522806610817139e6	-1.7612941510627468e6	-1.7770058771995215e6	-1.7957348755332923e6	-1.8115654310647987e6	-1.7964073060087354e6	-1.797912182869173e6	-1.837598468602081e6	-1.8212876387494437e6	-1.8611881516402985e6	-1.8745397854646936e6	-1.867863204183344e6	-1.8577438222498388e6	-1.8706191475497761e6	-1.854768739677863e6	-1.8704170114117374e6	-1.849248382750266e6	-1.8784130207194828e6	-1.860908875941035e6	-1.8666435788480008e6	-1.8736808814829614e6	-1.9304797829417482e6	-1.8996226244392542e6	-1.8792803521043856e6	-1.8863530638803595e6	-1.8693854238758676e6	-1.8963734485192199e6	-1.9209734838730206e6	-1.9007361055226864e6	-1.886405668882074e6	-1.8716072759146115e6	-1.874360661126916e6	-1.8545992614619813e6	-1.8493759342492784e6	-1.887518960904788e6	-1.8350076948680182e6	-1.846096615277055e6	-1.84854831476808e6	-1.839392477831823e6	-1.8261548995647004e6	-1.8630510414405658e6	-1.791634706241429e6	-1.8012161801305104e6	-1.803378010004937e6	-1.7889781941515387e6	-1.773341538283489e6	-1.7357899477173465e6	-1.7323034311523687e6	-1.7273177515582687e6	-1.728293505221829e6	-1.7026439284404807e6	-1.6802343072400445e6	-1.6916458395044256e6	-1.6613924676279386e6	-1.63610010514111e6	-1.6324645637442109e6	-1.6151063499563925e6	-1.5856646301551086e6	-1.568081005699809e6	-1.5717800847651002e6	-1.5495700805690542e6	-1.5383969269185823e6	-1.513276938621782e6	-1.4839794219437724e6
727996.2687549718	727943.1784009254	727762.9478343049	727497.9293152688	727148.4678422115	726606.638959485	725917.1967152962	725464.1078002318	724602.427576511	723606.1027247991	722254.0447608588	720975.6631358145	720589.8855332413	718939.3437638151	717172.4888006573	715870.9254206191	713990.5863597898	712832.2042079599	709920.4614319495	707587.58342798	703424.9568060915	703461.7238714978	701237.3588450251	699947.7669193208	696010.9033652522	691911.2490378236	689612.5797689068	689612.1202511176	680320.2610219249	681374.2032999531	675569.7670884185	674133.3319248757	667103.2864508019	656511.8494835224	663857.4742891074	665428.8919343889	654086.1282827791	646385.6802383636	638058.6312465391	639550.0354368116	629458.1394590563	620717.7454572816	611740.2197472536	610541.2869466053	614640.6955829412	599588.2979276067	596594.7084101425	593034.2526621846	586489.4718221858	581120.9580519688	576717.9120113356	562938.0908633997	560718.1244614031	547633.5392039797	538403.2738543582	509754.13561994594	508648.1779265449	502449.9505621606	497105.91518113855	484755.2401632361	466324.26979314606	461457.48807166546	447033.3106531445	436195.9755835547	416741.15593962884	405001.785229177	387150.65533997514	369463.27729808004	353411.27437323966	336570.85364995396	316513.399940146	296372.17481480463	274634.43984861433	252364.7084062781	228544.41417014448	203117.10204574023	176516.36121327477	148550.21641539433	119309.0734527433	88897.83960639639	57390.59768332145	24648.12632921338	-9613.689104284393	-45646.43901335471	-83715.3661876237	-124134.58149165963	-167299.13464169845	-213731.74789653637	-264164.217558712	-319697.0216592257	-382163.558205446	-455169.00924889813	-548654.2588061958	-702461.2834150272	-742153.5130937465	-777730.9905359007	-812702.5854218004	-846468.3862635603	-879542.096527457	-911861.9161261353	-943715.8599538237	-967944.3782535053	-1.0066399836284693e6	-1.0392172990552438e6	-1.066258520088314e6	-1.0937859673675955e6	-1.1355232354973166e6	-1.1584364175973984e6	-1.1868559587775504e6	-1.207654138287093e6	-1.2463666454950613e6	-1.260916873822023e6	-1.2907712434729969e6	-1.3236954650065338e6	-1.3379613028188462e6	-1.2504470551271483e6	-1.3785470530404926e6	-1.4023706534468771e6	-1.4069566505517594e6	-1.4480182848731752e6	-1.4682501227369902e6	-1.489908738741798e6	-1.5552658995261036e6	-1.549356475947357e6	-1.5636873825891202e6	-1.584808457940661e6	-1.561950053910685e6	-1.5877508449949168e6	-1.6250241751305608e6	-1.6418122045449258e6	-1.6383782342473639e6	-1.6768835409630842e6	-1.6969468083966456e6	-1.6891307067034312e6	-1.705677608375571e6	-1.7270966339350983e6	-1.757618758580006e6	-1.779030764404055e6	-1.7675689912397412e6	-1.7964817769421746e6	-1.7891544506420975e6	-1.8130296078224902e6	-1.801988612115306e6	-1.8244755322947383e6	-1.7886971675103277e6	-1.8904324526857596e6	-1.8085408250007976e6	-1.8604864490187836e6	-1.8755825075360455e6	-1.8582829274446329e6	-1.8995741104544385e6	-1.8660985559978446e6	-1.8496545406616477e6	-1.8822592085413684e6	-1.8861459019575014e6	-1.8696866722081385e6	-1.9149533987673612e6	-1.899411334874578e6	-1.919223950455282e6	-1.9058793113504478e6	-1.9121051112603021e6	-1.9043825540752148e6	-1.900826399020315e6	-1.8891269633551708e6	-1.9108135254846911e6	-1.9250887785630135e6	-1.9048469264949777e6	-1.8125597321219456e6	-1.8973850368175644e6	-1.8904083530888406e6	-1.8817805080253899e6	-1.8920891137158426e6	-1.8963428631134501e6	-1.8847616513824568e6	-1.8698011003868782e6	-1.8622458727921143e6	-1.8730667387340937e6	-1.843185441552248e6	-1.8832038863055573e6	-1.8169731967636573e6	-1.8169749271615993e6	-1.8173711995850082e6	-1.8090353163309877e6	-1.7786822130388299e6	-1.7792842363605623e6	-1.752832197679818e6	-1.748268233171872e6	-1.746470155528474e6	-1.7193651828594215e6	-1.7238563986052626e6	-1.6971883908457302e6	-1.6836891200943396e6	-1.678167042359101e6	-1.6512276963187673e6	-1.6473792018424992e6	-1.604817050270519e6	-1.5783068730736377e6	-1.5840762510129532e6	-1.573758959854799e6	-1.5503662619173622e6	-1.5398343528210109e6
745493.5628246567	745460.9336036692	745308.1451815743	745004.0962685862	744619.0840054175	744287.7861528426	743471.609977834	742898.4186570962	741769.5584143994	741178.414911787	741224.347583222	739888.6734525634	738335.4743818648	736213.7242945508	734385.8096554498	733076.3747396489	731891.1010053074	729392.6927785598	727476.9620853658	725766.0910780691	723607.0115724363	721082.5939090165	718197.7495039557	717606.2622048379	713565.2076789126	708467.6362761194	708335.4379116812	703969.3125814307	700736.2114733888	698073.0422752614	695076.8938843404	688465.32080138	685724.6363283827	682470.9464979221	676385.4494829683	676426.588569023	668887.5676986243	651678.8735585978	660559.0093148742	656402.3626464703	646316.6026982528	641928.5912046775	635214.7661471886	626648.3844918532	624027.0695788402	622305.267433489	617188.7176642545	602807.8162179204	604799.6122963601	594455.1274686371	593077.8278003901	580207.6874178282	588904.2592115308	561482.0064312193	554654.9139901865	538525.9846832156	540415.1523595345	521800.60635223385	520465.59353144816	502912.3241389126	491736.82024812285	481666.07865459187	466388.68435462343	458945.0141121106	440445.3825259805	428292.2733749467	411692.38391936326	395883.72276395286	378029.04667651514	360616.5332608278	341752.0981687262	321337.45529263304	300873.2847051606	279190.86094691744	256151.82599897747	231768.8353750888	206079.30197141593	179006.05107376515	150575.11937470688	120850.58009022125	89934.37784161349	57896.08360958251	24590.26780716842	-10271.420350804343	-46946.36620987381	-85708.02099096205	-126881.95062026056	-170879.78449338104	-218249.396323969	-269763.75634245144	-326597.73515580676	-390740.71584140556	-466219.49726417195	-564977.1040490484	-711180.8160154044	-749984.4512218595	-785997.6620977176	-821007.1930643793	-854882.3317063011	-889019.5822245183	-921929.0340116385	-954448.4194679668	-987053.6144092707	-1.0167199529477286e6	-1.0450481068020703e6	-1.0723838035970822e6	-1.1115544648641516e6	-1.1437097775689566e6	-1.1689947798213721e6	-1.196875847638638e6	-1.2213013106311902e6	-1.2278835169394615e6	-1.2613346643565092e6	-1.3013301443264303e6	-1.3152042040594697e6	-1.4061183059384306e6	-1.3554930512399701e6	-1.3963114382938445e6	-1.4175663114259655e6	-1.4346484441885126e6	-1.4593965712618812e6	-1.5000193027717744e6	-1.5109121371966281e6	-1.5157018025171792e6	-1.562675168740019e6	-1.5611352354765672e6	-1.61427572436645e6	-1.6176108001404174e6	-1.612348186512869e6	-1.6421634074148631e6	-1.6436518383728305e6	-1.681470719808311e6	-1.6781615444838742e6	-1.7284678904464992e6	-1.7357552792427044e6	-1.7151209170416894e6	-1.7489862179075938e6	-1.78658210482949e6	-1.775743420446072e6	-1.772196783964575e6	-1.8004499299182978e6	-1.7920872836767223e6	-1.8396238121352622e6	-1.8034737672886814e6	-1.9220718215397897e6	-1.8390248984571446e6	-1.8501132180942253e6	-1.8735256836886413e6	-1.8846374097310465e6	-1.9246180932460132e6	-1.889851158461747e6	-1.910207521364265e6	-1.894372979130064e6	-1.8801811497850043e6	-1.892349376335861e6	-1.9472398734748268e6	-1.8958880013312825e6	-1.9255881075841154e6	-1.8854327886869807e6	-1.9555253946108485e6	-1.942936081302862e6	-1.9183226325475608e6	-1.921382134158042e6	-1.9410034171091502e6	-1.9184913826313869e6	-1.9406412008155638e6	-1.9115057096771423e6	-1.9001578133946399e6	-1.9204735065061527e6	-1.9208513448959787e6	-1.9049562400512507e6	-1.9080365684671274e6	-1.9037492288632563e6	-1.904617330605074e6	-1.8969410457067832e6	-1.8978442612751045e6	-1.8832752820520818e6	-1.8725934558983508e6	-1.8526332579355265e6	-1.8992959421597712e6	-1.866099536566402e6	-1.7935416734621034e6	-1.8320574953781322e6	-1.8158829178052808e6	-1.7937110597014928e6	-1.7892964978312834e6	-1.7872926514656974e6	-1.7736342296834716e6	-1.7756416266315172e6	-1.7592913021253303e6	-1.729092199921422e6	-1.726501330475264e6	-1.7092916433624092e6	-1.7115860149895318e6	-1.6689392281850318e6	-1.6558256361757072e6	-1.630756370866521e6	-1.582399317092554e6	-1.6100162737906945e6	-1.586214068739069e6	-1.572408172749527e6
763227.7748025092	763190.1713802796	762975.6641498936	762680.5854661239	762238.6546251506	761967.6443946199	760244.834394888	760793.0830990942	759694.9253315028	758803.2343053819	757675.0006905783	756617.8702031649	755355.3229576981	753678.4439649135	752630.663986037	750403.0380485342	749106.2628439106	748018.1812593404	745386.6185217864	743172.3290661975	741520.0273550643	736980.0361344614	736157.7075827911	732222.386392334	731651.0601459459	728791.8014166396	725491.0318054982	722126.88777525	719646.0733758676	714809.0238481951	712508.3277400264	707422.5506736183	701438.183128912	701772.829331284	707242.4471907706	693280.6500104534	688835.294973538	668194.7037861404	676618.9459368754	671570.5600514084	661921.4609231129	650019.5885310796	658886.9011988072	650330.9992313009	645728.5624717801	630593.9520712877	627526.2076816773	630270.1758105034	619954.9579899133	610231.6682039937	601038.3301527994	596615.3014677695	584549.4337868253	579534.3857727023	584494.7103207281	557410.5488519764	535727.966848936	549864.074835943	535152.0441899179	531305.7627997671	505016.0887138293	505532.45889242867	489787.425824044	466916.97061345563	460657.75900659896	449659.17344220146	432872.75769620546	417258.4061052805	398504.1573603669	381741.40174203523	365701.9840580687	347292.90606963757	327269.0608805134	305738.86152612756	283557.51016461727	259994.29571633769	235120.02068904391	209036.52178091276	181511.21908362088	152613.23145431036	122401.6592008096	90977.48667333508	58404.82221772149	24532.029372369405	-10933.593276687665	-48255.39080837369	-87715.24435335759	-129650.63528758823	-174490.27718856302	-222808.50669139402	-275421.829657475	-333584.99151680106	-399458.9610306537	-477555.57425030065	-582445.8228282046	-719297.0107364752	-757774.6102605695	-794060.9954188305	-829339.4624997864	-863583.5514659234	-898119.2691263047	-931048.6271823365	-963686.3766379219	-994244.4278963974	-1.0268531588330946e6	-1.0598215353187285e6	-1.0903181683151808e6	-1.1287480220114102e6	-1.1470397979273007e6	-1.1679323323730037e6	-1.1973574530883685e6	-1.2282393112752072e6	-1.2644304659180378e6	-1.2874816749755794e6	-1.3045510870982034e6	-1.3264074777201356e6	-1.3635395088992042e6	-1.3774852688635415e6	-1.391170485704847e6	-1.4093411263453986e6	-1.4398230661831999e6	-1.4780248946553927e6	-1.5059663946836677e6	-1.5181491316861243e6	-1.5318911559224802e6	-1.5670366144740938e6	-1.5723764142828395e6	-1.6242985421493363e6	-1.6226849583019943e6	-1.615688012914269e6	-1.6559119785967118e6	-1.6552328660384149e6	-1.6994968942491624e6	-1.7084235327143713e6	-1.7317812443530818e6	-1.7061601762260452e6	-1.734589241672477e6	-1.7881974863930086e6	-1.7746471635242964e6	-1.7971553436661267e6	-1.7924855544180565e6	-1.822701736593643e6	-1.8398088011481639e6	-1.8365771171109837e6	-1.8130692453216182e6	-1.8524058332688764e6	-1.8711623561117167e6	-1.8979480215632056e6	-1.8912066704406019e6	-1.911130173698319e6	-1.9374252428430833e6	-1.932818979053938e6	-1.8954310579558036e6	-1.897832818206065e6	-1.9077479570368526e6	-1.9319055475686442e6	-1.9061996112101122e6	-1.9087922894873961e6	-1.9338907383663466e6	-1.9457249485481635e6	-1.948256350136453e6	-1.9487096812698774e6	-1.944390766118346e6	-1.9528802646119057e6	-1.9639175303406992e6	-1.9621034033377704e6	-1.9460063476314659e6	-1.9413443326818387e6	-1.9368665106666128e6	-1.9412370877305034e6	-1.9107262380332032e6	-1.9379761617156563e6	-1.9286413310799042e6	-1.9346419203744505e6	-1.8972095629983523e6	-1.8936608194467349e6	-1.911138501246794e6	-1.890167424487441e6	-1.892372946037812e6	-1.8785079323968205e6	-1.8779183420838353e6	-1.883539509014983e6	-1.8698436936774838e6	-1.9117239723415228e6	-1.8528763964708324e6	-1.8207237969255897e6	-1.7878441070630054e6	-1.8131523894973707e6	-1.8132355684625257e6	-1.796207000155438e6	-1.76505919345035e6	-1.7820127939534804e6	-1.7272502886251218e6	-1.719519525955924e6	-1.7069730739274847e6	-1.6901492488180224e6	-1.663906330819473e6	-1.6523793604750962e6	-1.65424912142474e6	-1.6345437195540548e6	-1.621181908128449e6
781144.2186131674	781090.76997404	780990.8282218875	780683.9473382275	780326.3684365123	779709.0258441828	778939.5425985055	778730.4649451651	777390.2917184293	776615.8743222859	775492.8767873234	774512.3440630405	773443.0854280264	772310.5758978572	770289.9550402756	768579.5306977846	766432.1309813459	765021.1622916175	763263.3397730872	761684.7704324827	758837.4153298711	755260.050176636	753561.7848389631	752123.1574316437	748262.2243953788	747573.3618344478	739151.4438229857	745408.8877985008	737578.292929677	733106.5828218326	731650.143036608	726668.8240510292	720021.3021106361	744640.0238845188	717920.6155154703	713046.4109579866	690980.1217216623	680626.2367836006	696699.883976426	690555.6440792986	680818.1174321318	679530.9166934963	677884.003077247	668913.6416245835	674242.2200879722	649617.9599397834	644480.2226382006	640079.205852362	627885.1255543935	636469.3513344561	621490.0134668167	614342.0210644901	631103.8333589863	594207.6527634205	620939.7576661885	579578.9000748718	571144.1858705212	562943.9533515621	553492.6592785018	536339.1946535242	530607.0857799901	519188.9424087419	509578.6871152526	497115.8596338851	478180.0317898971	467748.5843486541	456637.3401109861	443572.63837249036	424020.3490481328	406558.2856269573	390062.77560005034	369547.1387563172	352736.81143602525	331999.17396876874	310771.81032133475	287553.49046521634	263879.4941819356	238611.12233332556	212019.98060648714	184030.19624726882	154663.21704554546	123962.21159287426	92027.11478616996	58916.793249084614	24473.414136239793	-11600.177201262908	-49573.45563412388	-89736.99448536139	-132440.51252928458	-178130.59554334218	-227409.20177477784	-281138.9342433994	-340660.37421596306	-408323.5929040492	-489201.4723914473	-601437.2581584218	-727148.5035949424	-765641.5957621564	-802195.1576997756	-837815.5488458169	-872508.5350743055	-906361.6443051978	-940581.543892965	-972792.1099329167	-1.0061948174921253e6	-1.0347182802726503e6	-1.067191073188544e6	-1.0938426624488865e6	-1.1259735718609013e6	-1.160382469534896e6	-1.1927235982496187e6	-1.2156122311628216e6	-1.2358901781856015e6	-1.2681883841113725e6	-1.2925555807757617e6	-1.3245073421467768e6	-1.3480920169952274e6	-1.4168856632765874e6	-1.3902957510517042e6	-1.4100825674362613e6	-1.4197484521870257e6	-1.460949396984605e6	-1.5090359544899587e6	-1.5181744613982553e6	-1.5533464318589217e6	-1.562673026334578e6	-1.5697806985560392e6	-1.5653977049445102e6	-1.6118680060253546e6	-1.6570009057371856e6	-1.6744915978945366e6	-1.6736467677315373e6	-1.6588244892417237e6	-1.6962185147299704e6	-1.7232259795497844e6	-1.7369924241111616e6	-1.729910363746906e6	-1.75578565109474e6	-1.8122871352771062e6	-1.81835287842174e6	-1.8166015641751902e6	-1.845725552089223e6	-1.813277857642731e6	-1.8559564138917609e6	-1.8253007497062932e6	-1.8363050269874104e6	-1.8954405536086427e6	-1.903385314355823e6	-1.894025105156318e6	-1.9462257379393976e6	-1.9484131835525369e6	-1.9453793098233186e6	-1.945522407407724e6	-1.8670176541528956e6	-1.92935287749253e6	-1.9192542720140151e6	-1.92708021295298e6	-1.9135527289838868e6	-1.9684069557150716e6	-1.9870384670927988e6	-1.9843253776929753e6	-1.9537554347063263e6	-1.9431256016549685e6	-1.9664784709667934e6	-1.955103365282295e6	-1.9671480419194123e6	-1.9891025675991096e6	-1.9700057671080988e6	-1.9843065094659363e6	-1.9635597531429294e6	-1.935089998186357e6	-1.9521158194601221e6	-1.9417929256137025e6	-1.9656443345175923e6	-1.945764606775256e6	-1.88471690115822e6	-1.9597746667715746e6	-1.9219936182958267e6	-1.911875214664722e6	-1.8882043985100046e6	-1.8947804814372456e6	-1.936776415222671e6	-1.903180040124939e6	-1.8935748919269482e6	-1.87079119021396e6	-1.8582220094266178e6	-1.840015247395702e6	-1.8320812641197715e6	-1.8346250956604967e6	-1.8125025242280385e6	-1.8064657158469667e6	-1.7983361959069597e6	-1.7871760439736827e6	-1.7382703586535251e6	-1.7530293793363946e6	-1.7445867429066643e6	-1.7133297175613542e6	-1.7297807443203807e6	-1.6583525474200703e6	-1.6780412241952324e6	-1.6629843736083189e6
799287.2826301984	799253.1990795038	799076.6723083464	798716.7481225816	798480.7505686996	797925.1398432802	797444.3440704689	796618.291416883	795766.8369690872	794897.1515982911	793527.7130291095	792543.4299683431	791159.5870635522	789843.0955982223	788343.980789767	786480.8626155441	784775.3822526097	783438.2078755305	783697.0353405459	779134.742139741	777759.1027968498	775226.8417708494	772831.416814593	768785.6577787722	765583.1765156281	764465.0934381725	760570.1667082943	755586.0609791111	752912.1601013716	750249.789744797	747840.3477119699	745239.3566593201	737474.3996649836	748088.5884605641	732806.6426658467	725220.3719057293	711650.5197525995	721174.2601593751	665748.0111286303	703022.0440849741	704216.4272214611	695425.286036262	694328.8992045491	684265.2671590206	676573.3539601053	670751.3202369302	666390.6360304027	656431.970662042	656510.8934904407	642134.2995570711	654720.3215386262	631062.2006602542	637194.7305822221	625598.6269784918	638885.2702598532	605630.8705319148	584907.4663912851	578828.5468973821	567863.9661052272	563564.8620746568	550229.7353101883	536908.4701463139	528445.5450835279	517076.44171133614	506715.5104314533	487471.5443921731	478973.5642088231	463297.96552556346	448513.85843520984	430199.8789226238	411343.0172189287	396936.4632164244	376926.41103274975	359065.9902897151	335533.6274764438	314834.01452306355	291627.733571675	267691.95891238825	242011.67022282706	215011.78230144305	186562.46634765022	156725.86912814295	125532.18882751989	93083.21017591225	59431.97059221519	24414.424996314337	-12271.139924484887	-50900.491833864944	-91773.20088937622	-135251.5297710274	-181800.70654795482	-232051.5921112802	-286915.5825578589	-347825.5832418406	-417340.4634591995	-501186.07174860523	-622616.4650271575	-734859.7933572729	-773423.9841614256	-810385.7405631992	-846193.7907944457	-881513.837277004	-916035.0262020163	-950150.3082708959	-983796.835182053	-1.0152080037066529e6	-1.0409524258566736e6	-1.0761568346815824e6	-1.1114543869430393e6	-1.1382533597798704e6	-1.1535631176399686e6	-1.202260465359412e6	-1.2243941936648001e6	-1.246987032933391e6	-1.2734349381125981e6	-1.3157407165487136e6	-1.3266936221408374e6	-1.3579957522076827e6	-1.3816279149301175e6	-1.4068286762286136e6	-1.4322053062396834e6	-1.4481558833407278e6	-1.477031375362071e6	-1.5018640816217994e6	-1.5335610789397128e6	-1.5519632845094341e6	-1.5184731055189895e6	-1.5959312871381391e6	-1.6385575940612892e6	-1.6587770407870857e6	-1.681535561126015e6	-1.674124610808959e6	-1.6892315196544428e6	-1.685360948449015e6	-1.718178864488586e6	-1.7597150728424082e6	-1.7508979730531375e6	-1.7428203757186125e6	-1.8225211558964627e6	-1.7994798136910426e6	-1.7882503023782268e6	-1.8245160584938845e6	-1.8729757669670635e6	-1.846889151750338e6	-1.8521492856692194e6	-1.8813540246928635e6	-1.8912816718688558e6	-1.8652107889483923e6	-1.8661058319021056e6	-1.900851141914747e6	-1.9135680306777789e6	-1.9349432292414017e6	-1.9515202809513554e6	-1.951106669430053e6	-1.9515426288917505e6	-1.9622030251975947e6	-1.9423839566990507e6	-1.927123822031833e6	-1.9510517548219457e6	-1.9027737769136482e6	-2.008885633352366e6	-2.0162474950881705e6	-1.9788011500801027e6	-1.9926916260501996e6	-1.9889776320745775e6	-2.0028623313992212e6	-1.996708426208542e6	-2.010335278441632e6	-2.0009227091276234e6	-1.9789208289654881e6	-1.9694332061061955e6	-1.969995105192283e6	-1.981685178715892e6	-1.9819531589245333e6	-1.9360476563138848e6	-1.9425112857541882e6	-1.9488639204569336e6	-1.9458379639718712e6	-1.9440928766462791e6	-1.9351248158519568e6	-1.9469783547518866e6	-1.9401646976914324e6	-1.9312762282416078e6	-1.9253697319027425e6	-1.915088856575264e6	-1.9100519809343282e6	-1.8777308590646593e6	-1.8589280408939666e6	-1.8759532468563814e6	-1.8507226654184985e6	-1.8539613784273632e6	-1.8257608801757873e6	-1.8404375181698787e6	-1.8171248086749522e6	-1.8016748718154018e6	-1.7686203624347553e6	-1.7456480754317262e6	-1.7349400482448481e6	-1.6944077945110977e6	-1.6935571770423625e6	-1.7019020412430486e6
817615.5646916295	817562.4056274036	817389.0145983535	817164.9585983739	816578.7012030833	816228.8566859128	815514.6562980514	814964.006640428	814192.2313547061	813038.9983252247	812322.1931628218	810926.4364504653	809330.4629147628	807947.1126365493	807389.9863937346	804691.2684163612	803756.6128884981	801819.8256443968	799872.0908972585	797489.0535341603	796188.1785532031	790840.0535925124	789938.3276260239	788996.3270635165	785038.621317473	783154.0591947251	780555.9472333139	775509.6440155166	770599.1995660585	769044.3183064926	766121.5797119508	760967.1814433109	757091.7910155238	749296.9223356461	750747.6850367184	744803.3013388377	741485.3234266607	703512.6709601884	734399.8449516676	723695.7706958156	721478.5051748854	715449.1417552729	723828.365958344	703430.9984222485	694938.2612081231	693650.0215469364	678545.9613746759	673648.3227921826	677421.7659916492	662682.1858787427	651970.9388532166	653765.0761388714	661127.1902431395	644246.7613559619	646411.6829798254	613254.2330443506	605411.1270989196	596855.1266626739	579031.7599172848	575353.6034986854	576171.6423150586	562324.2497144629	571777.0635174145	532136.009365546	526177.9639883284	512600.319344003	490138.0104045613	486443.0274516477	467429.39890825946	453299.9567225152	436152.16580073116	420438.44492107845	401349.70137988776	379334.8309947708	362794.8540330213	341983.0229145518	319634.6842767083	296251.26981587004	271541.0653276666	245471.28724107798	218006.24402204034	189117.49614402564	158799.4987117583	127111.54080822854	94145.72219625174	59950.32831694395	24355.06400874094	-12946.455271456507	-52236.48021985905	-93823.7504779679	-138083.61311388598	-185500.5801840172	-236735.79716853844	-292752.3197890001	-355082.43330647796	-426516.0492460325	-513544.2067801154	-647368.8977356236	-742493.2598047927	-781210.7906019266	-818441.5165104971	-854572.5919038134	-890316.7794320683	-925522.2474097058	-959836.4742461811	-992218.7509436205	-1.0230739678503934e6	-1.0565196929352125e6	-1.092130595544509e6	-1.1213077857150433e6	-1.1258886863418522e6	-1.1998052952449166e6	-1.1967961842144956e6	-1.2380272304690112e6	-1.2719146446622082e6	-1.3074178653388703e6	-1.3261596611239803e6	-1.3557651287025071e6	-1.3611081603345044e6	-1.4027847505240876e6	-1.42812428217511e6	-1.4659506265382424e6	-1.482949252787601e6	-1.4572342957164461e6	-1.5153349694685752e6	-1.5573375644554452e6	-1.5102620833650467e6	-1.5731275895187047e6	-1.6050802410003722e6	-1.6619004665478154e6	-1.6824843960202609e6	-1.7304918539431023e6	-1.703091879216174e6	-1.676275671398732e6	-1.707483147768221e6	-1.7584614783071342e6	-1.7804146534965413e6	-1.7497816929883927e6	-1.7860967705901854e6	-1.793141812754399e6	-1.8062641987048036e6	-1.8357823566298268e6	-1.859302383215546e6	-1.8557511923177147e6	-1.8594814356668282e6	-1.9020174310646367e6	-1.8805237534836337e6	-1.8964382027249893e6	-1.9034911259840552e6	-1.8881571727090825e6	-1.9409945095232392e6	-1.9882840911191928e6	-1.9678536716164134e6	-1.9647901397176173e6	-1.939637433392666e6	-1.9549340455492085e6	-1.981503452594871e6	-1.931792478711407e6	-1.9410127080808615e6	-1.9647933244156877e6	-1.916617508201326e6	-2.0208398797957145e6	-2.0247649106871008e6	-1.9998619730092313e6	-2.0067139528362716e6	-2.0541706402290266e6	-1.9945647471113743e6	-2.0145213004270543e6	-2.0290050857419746e6	-2.008794391736712e6	-1.984268970323317e6	-2.0030762486679798e6	-1.97928800370965e6	-2.0094929183221015e6	-1.99469281094417e6	-1.9700721905860861e6	-1.984421261077477e6	-1.9845488002980498e6	-1.9793912446700193e6	-1.955697551935959e6	-1.9553457990214468e6	-1.96490261000043e6	-1.9698858419992386e6	-1.954615534725886e6	-1.9812273753425416e6	-1.9200099049001804e6	-1.9107946193472429e6	-1.8954806136932245e6	-1.8943725830965808e6	-1.8889975698701555e6	-1.887752413939967e6	-1.856578843250015e6	-1.86092778924759e6	-1.8583877269198077e6	-1.8419537786293274e6	-1.8268523850393074e6	-1.8038958675074193e6	-1.7815320411647533e6	-1.7582978416847747e6	-1.737039024801477e6	-1.714744685136771e6
836150.995669964	836101.6056322887	835889.3738512468	835655.9343929504	835296.5232484302	835601.4169724555	834043.31312484	833389.5619061631	832729.4975180464	831579.6209230062	829820.5501331304	829651.2725605909	827712.2876884169	826748.5646182165	827551.9503738075	823915.863822998	823500.5407704578	819338.6110192537	818485.5676969746	815493.811916572	813119.1483203156	810738.353879218	811858.289406159	806016.3945411937	804595.9676403911	798108.2121505318	796279.9278888534	791703.1694846681	793188.4854855592	787085.6991174839	785106.3546765287	782568.8988924988	780629.5271601202	761264.8181355254	767451.5271954398	746640.6420200368	766026.1945030175	756861.8642373867	752180.4655441454	745731.9183243659	743413.272173269	730699.4847013457	732473.3432114407	716461.79612682	738601.3919496754	712130.9619032352	710316.2246475625	697307.9854531181	684741.7851682568	683313.7127993165	695278.6298467864	682639.1014953884	679756.6311281199	663183.3842619525	629366.2765034292	637037.4769948118	633402.7099438563	622634.0815149879	614163.7042191582	608318.1611747555	592665.2848010357	592517.6213659459	566620.1328712334	552884.3837540761	541381.4999344286	531845.130665499	523434.84197370335	506355.48949889047	496110.92502092384	476567.38414412556	460000.51631756936	440547.68388566736	425725.92506346083	408460.27942351886	384123.2455953262	369959.9746495703	347324.0070437025	324075.8412285131	300630.22190067347	275482.564135956	248924.64112615224	221044.98604402377	191686.10376090277	160885.11941846483	128700.13199274731	95214.60002645571	60471.84186400869	24295.334227675223	-13626.09174305608	-53581.330963522545	-95888.58866027009	-140936.69004224252	-189230.1896844249	-241461.94623775687	-298649.72541328636	-362432.87765553826	-435857.54713244434	-526318.6293395297	-679203.0649490149	-750070.6248342369	-789107.8335023953	-826573.4968502892	-862935.6526960819	-899258.3893300279	-933793.0190632071	-968920.6668633572	-1.0040208280897462e6	-1.0359730490157236e6	-1.0641333503557672e6	-1.0917238837149094e6	-1.106230094788429e6	-1.1594650577994718e6	-1.1985202226640962e6	-1.2169299619105752e6	-1.2573972669924963e6	-1.2859459511765772e6	-1.2704030756366714e6	-1.3439525790570292e6	-1.3708074869439101e6	-1.3708834744038498e6	-1.3900502348280193e6	-1.4559784681212583e6	-1.45811386132815e6	-1.5105915218058636e6	-1.5204728526548587e6	-1.5524703507802917e6	-1.5571058117793973e6	-1.5325150904226636e6	-1.609378844754007e6	-1.5131601145401804e6	-1.680903434521909e6	-1.680038358189612e6	-1.6938463239677094e6	-1.6995607185216614e6	-1.706958836443276e6	-1.7347707704397796e6	-1.7527878908849766e6	-1.7501056189796415e6	-1.8092876127598316e6	-1.78903562072848e6	-1.820892927173936e6	-1.8064157587484538e6	-1.8624598979884123e6	-1.8674668574500263e6	-1.9003879359684542e6	-1.929296620412403e6	-1.8928382594778177e6	-1.8905350330461299e6	-1.9096747483425236e6	-1.9154883276994897e6	-1.9182253775371395e6	-1.975009362931235e6	-1.9430201449817515e6	-1.9899595274920894e6	-1.983424689290093e6	-1.975931538609516e6	-1.987865520370052e6	-1.9943269312526372e6	-1.9710405259685924e6	-1.9988353589783653e6	-1.963401241182116e6	-1.971275432782177e6	-2.025256844122776e6	-2.0106521726870125e6	-1.990314274568937e6	-2.0121086431274412e6	-2.0213269932527791e6	-2.0285526367137276e6	-2.031488635266029e6	-2.013428746009609e6	-2.027083161618543e6	-2.028850518103718e6	-2.0334906545990894e6	-2.0127894129222843e6	-2.0451599347059128e6	-1.9962724960241464e6	-2.0159216259644644e6	-2.045058758351871e6	-1.998146148595936e6	-1.987304826264993e6	-1.9831853672955597e6	-1.975715005834331e6	-1.9896653408478594e6	-2.0208416336044634e6	-2.0413455075925437e6	-1.9694012883356481e6	-1.943147056586649e6	-1.93900698071805e6	-1.9104005359194952e6	-1.923140073704514e6	-1.913371676997686e6	-1.9049598964701083e6	-1.8898379405851823e6	-1.8939039823108397e6	-1.8787265095818609e6	-1.8466929272551334e6	-1.8296802588851086e6	-1.8104657587303787e6	-1.7985285349422249e6	-1.7845368537169422e6	-1.7691115618450523e6
854883.3670070581	854847.5583356912	854659.5968593012	854445.4943544796	854042.1991070618	853483.2390331636	852928.1946477582	852168.5083529504	851703.7033873207	850290.5218062277	849259.5561273498	848263.5330518095	847172.6790173348	845555.5409141078	844728.6771943393	841678.529408878	834438.4098302413	837813.5900774312	836044.7918784545	834336.1731338355	831174.8754776097	830003.6721711576	829312.204608835	825117.0417921671	821848.4391827268	819998.0000991379	814684.2182589923	819836.1346783997	809061.7863383626	808292.8675747304	799143.5500025377	799706.8416516815	800624.3267902813	787770.0980517364	786309.4781395157	781014.250728318	784659.3751792803	786337.9569592804	782516.9404100205	757449.3844167083	760944.2359732137	754251.3915617962	770833.0783406754	749335.5007076091	748706.855803496	729406.3811394298	730515.4400102657	717411.979716485	710419.3986617661	709335.4242534644	716290.7330722557	687992.0062277486	683443.5119426193	686885.3647830246	687533.2992584864	662281.1485633082	648078.9474990943	637957.8525493855	637199.2195616796	623245.5054740675	625253.4284438951	611439.451252807	592175.8128313133	576660.0378499937	566733.085447219	554304.6780498556	547051.0909999744	530130.7916495878	514763.92683380016	499751.3777336199	485782.6775753186	469509.9115873709	453065.68381070934	432614.5107032114	407462.0211413075	394235.463032835	373379.353081181	352328.1546352507	329646.6046696618	304840.1386460881	279251.420522191	252407.74875752552	224084.73033226782	194259.40168551635	162982.7354589654	130297.94076303951	96289.79193748767	60996.48742307944	24235.238673300017	-14310.008823624463	-54934.99921204592	-97967.64227729454	-143810.68879355467	-192989.51152429578	-246230.17786002008	-304608.4142445127	-369879.0154657117	-445372.98864890565	-539562.6928499984	-708407.7930961831	-757605.4439796722	-796829.7720049545	-834759.3693988107	-871659.2779379135	-908166.2278642931	-939897.6158632862	-977846.1643400264	-1.0090273241437271e6	-1.0456976528690734e6	-1.0878992186039768e6	-1.1200496266061205e6	-1.154550824441007e6	-1.1743177434310985e6	-1.2078306211542129e6	-1.234475753364881e6	-1.269067179336062e6	-1.2970386220523089e6	-1.3842926834174723e6	-1.3587015356744358e6	-1.389700886826764e6	-1.39540020243024e6	-1.4201168205713208e6	-1.4687669417772072e6	-1.4570984769507872e6	-1.5042991805413964e6	-1.5421106725228175e6	-1.5330690548329458e6	-1.5376636904931993e6	-1.5779506261411204e6	-1.614696584981301e6	-1.6551941874726072e6	-1.6707747931980419e6	-1.6907450965844712e6	-1.6951662699188034e6	-1.7493343970835714e6	-1.7293102703220195e6	-1.7518914575469552e6	-1.767232564297756e6	-1.7836904311596572e6	-1.8193152390212987e6	-1.8204131564078175e6	-1.8687048728236912e6	-1.8176118360101155e6	-1.8790606555127485e6	-1.9031849232170985e6	-1.9097046666082267e6	-1.905145604736985e6	-1.900146967140524e6	-1.9161325939188844e6	-1.94638249225716e6	-1.9644209167897014e6	-1.941516507824864e6	-1.982886562705401e6	-1.988075946640047e6	-1.9266890123523918e6	-1.9957739549435962e6	-1.9831868993916318e6	-1.993408674391521e6	-1.9987941672587062e6	-1.9940735630010993e6	-2.0014792551375723e6	-2.0180802731033822e6	-2.0302368417242675e6	-2.0281022829798448e6	-2.05235739890287e6	-1.994370904944312e6	-2.036809492868454e6	-2.0333627151028474e6	-2.0676214522182865e6	-2.0271692243105045e6	-2.0682407640159328e6	-2.038088263067248e6	-2.0421202820455416e6	-2.0539086450808218e6	-2.0352550164316336e6	-2.0039924182296915e6	-2.0606469194309034e6	-2.0334662906489822e6	-2.0313704454096605e6	-2.005144407401309e6	-2.0087658666982662e6	-1.9993366809799925e6	-2.0427953622862964e6	-2.0081521287861655e6	-2.0435557213364623e6	-2.0094502950287496e6	-1.974447574732845e6	-1.9675665382733576e6	-1.9636195247091402e6	-1.9365361134974693e6	-1.9543507697260447e6	-1.9411240349333107e6	-1.934359042922741e6	-1.9354663973881977e6	-1.9072741750032085e6	-1.88779641452977e6	-1.856105754488787e6	-1.8547816733242164e6	-1.8441068594267901e6	-1.8190880214830434e6	-1.7919809726094583e6
873836.8190199353	873868.7681807128	873460.7762854343	873440.5980002037	872958.0808637306	872437.6523851476	871925.1697602493	871969.1133007878	870414.7834322489	869303.9689797745	868273.5367007129	866892.7181457779	864927.5490268946	864414.2620741928	862816.7334629002	856957.3777331847	860499.8172321133	857837.9430826999	855411.0690184358	852969.0031113392	854161.995306222	849353.7028236589	846625.4784827131	842903.2560299811	840537.4447306204	836641.1237026328	834352.6779788729	828774.5587698778	822407.2149498248	828260.3621783418	824049.3120016736	815364.5915719906	814442.8931669662	808460.966384062	798156.1291663966	799489.4818841193	754703.7364059391	794788.4910306624	791840.5903352244	782419.5969514183	781589.1107233164	792994.797136502	771867.2231166991	753264.589013896	752844.0921406879	743748.7220088254	749927.3802589519	726567.4435049568	730869.6685194443	711258.6403276896	736535.6608044618	710101.8280304433	717870.9662792552	692805.3018075097	688894.3303762276	681253.4619209189	672240.6980134327	664327.4156357984	649570.4576788903	640458.26557155	639169.9314623778	623176.8637648828	616608.6777237707	645863.4878092478	578729.512909536	576159.5321049499	566735.2370459272	553501.2611708596	535361.3479815171	524822.7653335836	513316.4845385432	489403.87063449493	469664.7140175727	457984.4004707301	441701.79604958894	418644.0607868285	403525.0593003052	378432.1370463496	357519.55857961555	333637.1050760789	308932.50429264037	283289.6073680507	255943.83803343854	227148.54944429698	196851.98067172174	165092.70699810958	131904.88165311888	97371.24760138779	61524.23664524802	24174.780160947354	-14998.193859728053	-56297.42969033518	-100060.83880220517	-146705.53901922086	-196778.5244817175	-251040.64104797225	-310629.0381002901	-377423.1044785164	-455071.39431981766	-553344.5009765562	-720236.7913421036	-765122.479760255	-804584.7093792991	-842864.2344866893	-880637.4936175423	-916833.5968315261	-953228.0700599928	-987793.5801132286	-1.0236165090502126e6	-1.0576163906197648e6	-1.096116321182639e6	-1.1210987833289476e6	-1.156435499056479e6	-1.1805684792893648e6	-1.218200934895756e6	-1.246685040757527e6	-1.2722988025149277e6	-1.2754630001249916e6	-1.3425357029478794e6	-1.3621821137164955e6	-1.429578094729835e6	-1.3955417321305529e6	-1.4373006987444551e6	-1.479945309709098e6	-1.4827988707911384e6	-1.511238505002611e6	-1.5530223580928955e6	-1.4716991255408076e6	-1.5487064973931408e6	-1.5938089374713458e6	-1.6324415598020714e6	-1.6917559367971097e6	-1.6929252603957632e6	-1.716918760711909e6	-1.724154044935141e6	-1.7272957591826047e6	-1.7375454619972308e6	-1.7672377426949407e6	-1.7765624706064423e6	-1.7988381118217495e6	-1.8406049305212426e6	-1.8514747152693209e6	-1.8846889645329562e6	-1.84556845963612e6	-1.895123209985535e6	-1.899000053649199e6	-1.9302938819169265e6	-1.9315535297638553e6	-1.9279059509072623e6	-1.9385922721883885e6	-1.9885699119030654e6	-1.9569253308214268e6	-1.9942869197966398e6	-1.9793839773466673e6	-1.937859735043506e6	-2.0043757451109032e6	-1.982864848200258e6	-2.0502050470694115e6	-2.027158242429247e6	-1.9742700850512574e6	-2.0247221687740323e6	-2.0291343749041723e6	-2.0409666820083961e6	-2.0647270793839626e6	-2.1630581577638444e6	-2.0741442429697544e6	-2.057898569124249e6	-2.0437810607755652e6	-2.0381672504967654e6	-2.0560826065931807e6	-2.0722745315974557e6	-2.0700053309309522e6	-2.0657550114440296e6	-2.0696144478537587e6	-2.064924248083181e6	-2.0304864867461512e6	-2.0425511655173076e6	-2.0717638141700902e6	-2.0532864524068239e6	-2.0418838609007432e6	-2.0450617199259086e6	-2.046556674895678e6	-2.0386653154795787e6	-2.0417021620608855e6	-2.0204383063105543e6	-2.0737359043821946e6	-2.0079932435124426e6	-2.0320392660784137e6	-1.9888163767177893e6	-1.9824623171494955e6	-1.9864054042126408e6	-1.9549493404657736e6	-1.9552507409818398e6	-1.958924578392457e6	-1.9405561665832906e6	-1.9329692198976756e6	-1.8987911021434667e6	-1.9011672983812124e6	-1.8759010924899548e6	-1.8563981506411128e6	-1.8456533875560143e6
892981.5761392105	892924.0776594041	892791.1458677263	892483.9256744978	892040.17713607	891435.6961113142	891048.3268120657	890192.2232237814	889406.9180829162	888569.5493601857	887508.1653471228	886087.9305377693	884609.648890196	883835.7875210026	881802.3205772729	880684.3113138624	880280.6797759449	876891.9096050274	875415.3576157781	873140.1031654275	870882.3595733987	868593.743508634	865381.4982900417	864025.7829151548	858418.1032926477	856511.5035560672	854469.1139195038	849799.3120936607	841784.77204362	844893.9790845575	845407.6884589548	837154.7597774118	828788.5886833932	827040.9482257807	802311.0695794001	793024.6886771959	813207.3229898482	808717.3089107745	812825.8187742821	795711.3496237856	800107.6663221732	803503.2218259993	789200.2484954221	788346.1359912725	776465.3049594064	769533.5465909726	765192.3919847003	750808.2125565299	767879.9488264581	739286.5716858443	731566.5191549982	726234.9775007867	738829.112969314	717786.7545993216	713163.4248587282	707122.4703067337	692935.5929690213	681992.554293201	668027.0249010633	669896.986018264	649611.6284621449	637898.6377523204	634928.1559912938	617546.9360007995	602408.3741913822	601667.7677255817	582470.1908007032	578865.223584467	556706.1787345728	544342.1227688228	528498.5420214746	517989.93296481366	498847.3938350923	476505.63525034976	463707.8428064784	448502.1452400055	427469.66554727097	405920.5721271295	383461.2894708938	362105.65097715217	338602.8049356437	314162.99475183745	287200.9917721845	259490.7130598568	230203.6846282715	199456.49127765966	167214.33951514645	133520.87328481046	98458.91559883452	62055.06840232923	24113.961378462496	-15690.607674605097	-57668.56751549628	-102168.1065875024	-149621.1710289542	-200597.21236736118	-255893.49736119842	-316712.2873362771	-385067.5805366866	-464962.90497231786	-567753.3833624611	-729013.9344912672	-772651.0269864681	-812486.2905375639	-851085.8365696676	-889009.5513039047	-925208.2389377388	-961452.8484242214	-996341.7197734921	-1.0336362656282487e6	-1.0727032415892056e6	-1.1072827695561976e6	-1.1328619910725818e6	-1.171331488304183e6	-1.1953610237333945e6	-1.2320847561655361e6	-1.2572193158628668e6	-1.3004615187087168e6	-1.3384696162046476e6	-1.3736202664697266e6	-1.3753843318690385e6	-1.4165969677098452e6	-1.4052887279785855e6	-1.4373125588639642e6	-1.479018435968619e6	-1.4971386784429506e6	-1.5161961961360474e6	-1.5575986345913305e6	-1.5455387820897822e6	-1.6308120151816306e6	-1.6147124974162013e6	-1.641068770802005e6	-1.6665010737274403e6	-1.7092136471473144e6	-1.7057904958240113e6	-1.7278079565818317e6	-1.731649568385056e6	-1.7689482368675296e6	-1.8027271074875665e6	-1.7975969035458595e6	-1.8249235848932385e6	-1.8138504112795845e6	-1.85674397079033e6	-1.8587441295698935e6	-1.8862460320501595e6	-1.9010884170730591e6	-1.9112882515699149e6	-1.9306337595194255e6	-1.9404726435413028e6	-1.94811778258279e6	-1.9705142050994283e6	-1.978009040205293e6	-1.9928769626362177e6	-2.007475514473901e6	-1.9832921941871534e6	-2.0194490249797686e6	-2.0005626327668556e6	-2.0128545676305003e6	-2.0323538193537078e6	-2.0456770985128155e6	-2.0373626620204228e6	-2.0498354930415547e6	-2.0523504408319483e6	-2.087772646440225e6	-2.077915149809492e6	-2.0540878981688975e6	-2.082833024410141e6	-2.053795282164038e6	-2.0812106760638852e6	-2.0866856993676226e6	-2.0845149783546196e6	-2.0874098104778433e6	-2.0705058439804136e6	-2.1158395828225585e6	-2.0838041202824542e6	-2.0898995068802966e6	-2.098676695484911e6	-2.0731702415284507e6	-2.0874186777040164e6	-2.0689846458797308e6	-2.0839577646564387e6	-2.084805682486111e6	-2.0618764722509768e6	-2.0717914449044412e6	-2.0623103166965556e6	-2.0523187385506432e6	-2.076730759863437e6	-2.0321000073703055e6	-2.0244578117220306e6	-2.0115013415834291e6	-2.004848666755073e6	-1.9763826995721927e6	-1.980378268648043e6	-1.9845666459373387e6	-1.9891985623527442e6	-1.9690356198355427e6	-1.9391822850541056e6	-1.9188055913837284e6	-1.9226085335465635e6	-1.8957705051948118e6	-1.8909774805222752e6
912333.8910778548	912277.5687471839	912119.5466136143	911645.4996929092	911458.5056241765	910829.4117229638	910409.7505456783	909546.1896722061	909360.9173141427	907982.7063494375	906572.6628826137	906089.3776748268	903855.8457219349	902846.1269443762	901223.7513636128	899866.9955806666	897526.0412506575	895370.670236883	891818.3418561355	891153.097563649	890062.1562634802	888085.0935213566	881198.7353157913	884628.997777548	880032.4395685912	876277.6055634526	878436.064036881	871673.2351409753	867357.599279329	863108.8941340828	859465.7639709043	850772.2124348796	839725.7174722243	837962.979310696	841482.909943058	802832.0829567935	836729.3615791586	830147.2802795812	824669.3448537956	816918.9891865232	820628.1777953649	819386.8327210253	808624.092780354	797666.9006001924	792682.1016532029	780653.7214973387	788241.6924178614	771105.2812392728	765144.7884090361	761702.7015268494	769241.9948297691	750889.6509237208	744250.9790125526	741555.7337686328	739510.2707472814	725081.069663377	711545.5362650808	706929.0812287239	697682.9200065264	694044.9678163216	679242.2971000159	659908.2160677477	665851.1098761468	644729.9973520186	628044.2001862742	620175.2317420047	610317.0847395065	597970.8400897953	587183.1739614691	571423.5449698587	527964.0895622469	540369.4574951942	523615.24111623905	508175.08307263715	490662.5234357952	468899.2688140566	451418.3325133363	433267.3018479685	412910.6438976489	390473.7114504834	366976.605174468	342972.73108438205	317816.5765759815	291220.70494191546	263065.9513172922	233292.8222148032	202077.28752855957	169344.7274093621	135145.8542622527	99552.74596517393	62588.95695817203	24052.784780697897	-16387.22693533625	-59048.358378535486	-104289.3731315987	-152557.5177694657	-204445.56151993584	-260788.91763854178	-322858.8984865465	-392815.0745451865	-475059.04911534465	-582910.4106130779	-736975.7681552533	-780091.9119875387	-820303.0046325156	-859277.2602491153	-897384.0927674489	-935201.5012214452	-971456.1935611975	-1.0106977746652558e6	-1.0434079045406629e6	-1.0751727565369324e6	-1.116745589253296e6	-1.1203667753985187e6	-1.1757550263055305e6	-1.212379046492628e6	-1.2453303468608072e6	-1.2659978072911801e6	-1.2765437819943887e6	-1.3213126795373943e6	-1.3521476876649845e6	-1.404498921546302e6	-1.4346695789764815e6	-1.4265855673529443e6	-1.4735489239213571e6	-1.5065803780988625e6	-1.514899391263686e6	-1.5459397584317953e6	-1.5650739572010671e6	-1.581827118613724e6	-1.6085298624927972e6	-1.6299616898263565e6	-1.643133198912972e6	-1.6886170262281254e6	-1.7171951017398809e6	-1.7253094796262474e6	-1.726722473272944e6	-1.7371202154379243e6	-1.8189704969306693e6	-1.803609458565971e6	-1.7789513220152913e6	-1.8343964798995706e6	-1.836410292013815e6	-1.9021510294068323e6	-1.9086549665006178e6	-1.9024426718855419e6	-1.876221476357842e6	-1.926449997149275e6	-1.9501368207929733e6	-1.9530195506216201e6	-1.970688452260082e6	-1.9709152300197857e6	-2.0167370866872368e6	-2.0010666448511325e6	-2.0125487290242135e6	-2.0238204014477052e6	-2.0550461034990142e6	-2.0245745133127354e6	-2.0983054930556836e6	-2.06601459322375e6	-2.0794762178404017e6	-2.0490549866181368e6	-2.0425961494125312e6	-2.055873552840431e6	-2.100192325656322e6	-2.1279992642784584e6	-2.0786985612180026e6	-2.0963312112520735e6	-2.1040646846524263e6	-2.0953572280536208e6	-2.110024714733443e6	-2.100958505859405e6	-2.0734101024964598e6	-2.113169555964116e6	-2.126772940645246e6	-2.116526263723124e6	-2.1184833094462305e6	-2.1104931680103056e6	-2.100236041289269e6	-2.097963784178068e6	-2.078464945228941e6	-2.084621707454724e6	-2.088806531963269e6	-2.087659784525064e6	-2.100635817939191e6	-2.0904957509176142e6	-2.0754621029292524e6	-2.123689148285283e6	-2.0598348917279027e6	-2.0405035628195044e6	-2.0482285813027064e6	-2.027875956468907e6	-2.0218693320194401e6	-2.016987269491621e6	-2.0013171617611425e6	-2.0023869330442047e6	-1.98335373386018e6	-1.9718156579631374e6	-1.933061396922107e6	-1.9077173207545222e6	-1.9080319155575994e6
931861.5461397963	931845.7707460825	931627.6993370027	931344.0429832436	931108.8059729545	930583.1181189013	930018.0037572928	932317.5879372252	929156.4753903506	927405.8941516909	926488.174860063	924866.0402638084	923840.7070269561	922465.6093540627	919555.4250691864	918955.1554487124	917645.6528414027	915879.701499179	918378.273398551	901622.47843759	909133.1587885718	907563.94867388	909461.920744758	904068.3925145547	897843.473772714	895937.1655394116	894887.0017669272	900286.837259683	886293.0007259529	883103.0268266238	881795.6187886503	876629.8295258364	874190.4173007217	855000.8507338508	863001.7963844611	856339.8775901238	856628.2102424125	850948.0868696597	847507.9587153603	870942.7730626089	845855.5061249466	841276.9874678585	827833.8264456978	831318.8788034865	818586.1658298364	808458.8724161498	794233.0542629944	804472.2523111538	785336.7130390189	779099.6354046585	779108.5350284376	765009.86055498	770995.6146256202	743779.0268249413	753773.6174237253	746608.6857407116	744527.6580789181	733454.7630586402	711924.7767062765	710963.2063277797	696937.9825768794	683141.2810224921	668575.5318717475	663369.8841845805	645183.5994103003	640123.5288780056	633118.6475510815	621471.7753250788	610290.4619936841	590658.4239952274	564157.9118233795	566837.5659969278	548224.0647412958	531243.9658968842	513993.69485116587	500958.2124350334	477673.4272572806	458248.0785331267	438989.9538511363	418060.33098700625	396508.2217406597	373835.320755608	348254.6984923552	322408.59044819634	295230.0588789165	266531.61109269294	236403.05057362	204711.20257138205	171491.50763698225	136779.74895804422	100652.68817144516	63125.87848267215	23991.251855470473	-17088.00924952759	-60436.751653050655	-106424.56834767608	-155514.512454245	-208323.56135876395	-265727.0818536454	-329069.6481494135	-400668.43155926233	-485372.9535936618	-598986.9830139389	-744595.506519736	-787633.2668420665	-828082.9197501352	-867386.821949566	-905987.8833620274	-943326.0924375807	-982105.565286672	-1.0167407692630207e6	-1.0501694457952634e6	-1.0963596984602234e6	-1.1206274961006367e6	-1.1583052946006504e6	-1.1847690700913796e6	-1.2022133088170579e6	-1.2412669181430198e6	-1.2753992612468018e6	-1.3144224448558849e6	-1.3455297911695486e6	-1.3810524695471593e6	-1.3948633811688318e6	-1.4143409920661005e6	-1.4416778199900843e6	-1.4926012003348207e6	-1.5120432043847751e6	-1.5389008179879866e6	-1.585662232746035e6	-1.5449124428952292e6	-1.6040557746854748e6	-1.608563313533941e6	-1.6328629416811366e6	-1.6874828593160918e6	-1.691991784789733e6	-1.6793061078715401e6	-1.7438501262476372e6	-1.7647223001413133e6	-1.8309102075997128e6	-1.8120552458329631e6	-1.8269704007211567e6	-1.8328742864454144e6	-1.8641532595671553e6	-1.8958843800606842e6	-1.9125687506325904e6	-1.8913644797058126e6	-1.9319625349039964e6	-1.9321022536122168e6	-1.942159783178856e6	-1.9663274729584667e6	-1.9916019777467095e6	-1.9986985353548496e6	-1.996757049250099e6	-1.97818656957897e6	-2.0281592572060793e6	-2.0418756417458358e6	-2.0208320159178206e6	-2.059227622398934e6	-2.0607767910401619e6	-2.0678686137349734e6	-2.110613145243249e6	-2.0822893362497224e6	-2.081848828025927e6	-2.0828828892539872e6	-2.0963281963748566e6	-2.1338678541415073e6	-2.1028490626703743e6	-2.1017310424996307e6	-2.123579105338823e6	-2.1076132793473173e6	-2.136357346985651e6	-2.136947935527946e6	-2.128410959575544e6	-2.1277062886239355e6	-2.131291889588572e6	-2.1559000767851025e6	-2.1323916016871156e6	-2.122199904523601e6	-2.1341712439609533e6	-2.1241882516210964e6	-2.140330697021191e6	-2.128444851523484e6	-2.1125941369982436e6	-2.0947686597202478e6	-2.1000307987149525e6	-2.1413358922467707e6	-2.1445508904717006e6	-2.118513006479849e6	-2.1213530158084333e6	-2.0780359721181497e6	-2.0892358866410817e6	-2.0597218737839472e6	-2.0579755531705895e6	-2.0416147196445332e6	-2.0364607033183763e6	-2.030239514936478e6	-2.0333565082708944e6	-2.011081869994059e6	-1.978918851365139e6	-1.9877452200288905e6	-1.9504584693347218e6
951631.5277691061	951597.7023648383	951705.1587379677	951116.0698975069	950724.3590004293	950136.9486983367	949707.4972986248	949060.70785093	948268.2393600106	947112.127420009	944430.1024608756	943290.6750146918	944237.6244059438	941779.2259388261	940581.5584716629	940057.7856438006	935256.9580912801	939511.1702472606	935212.5260581016	930872.019681826	925411.9982117342	928644.6996484561	924284.6755213969	922300.0650369674	928668.4601078418	917253.1292684743	912547.922835165	910695.9417174619	911446.4007905198	904363.5474247264	901341.2109778455	898216.9612050728	884244.0880831894	868714.0186018958	887920.9976958693	883130.1510095223	878663.0805349145	881419.8862828073	871723.7260788197	854042.4414477439	894078.3694793487	869845.5563634664	853822.4916725036	832256.1880413711	842103.4298412654	837458.6747916457	825507.4124706932	815414.7390009109	819117.1958802948	799137.0522414533	780171.0180220468	801113.6045198814	787697.92920503	776072.4091296811	759094.083416317	761168.6847914697	766019.3892640874	748031.9398449666	732678.4617036917	721771.8596108425	730431.473663565	697552.4704909009	699102.326261367	695465.9332340942	675954.4236483347	663994.0040990532	648671.2334277197	646401.7507149889	628930.4705473421	612472.3886720166	602637.3708010365	587700.9962049654	572740.1568678133	554279.1587180883	543319.8609396524	525999.002388779	494355.12431537337	489003.3655029008	466817.21060382586	446947.4070264508	423973.8771314284	405599.8439688056	378348.26098678925	352971.0016102446	326776.19429608446	299053.0744182735	270122.83956289524	239516.49738559767	207357.9476526659	173647.03039732785	138422.4688014161	101758.69174775749	63665.80744650762	23929.36808786355	-17792.932641846943	-61833.68336605525	-108573.61852715805	-158492.08671327983	-212231.20569032175	-270708.19732943457	-335345.3666540412	-408630.7377298069	-495919.71822469425	-616239.8680954513	-752036.1352137597	-795103.152223038	-835908.7484135802	-875466.7143726174	-914527.200103655	-951818.3706374895	-989484.8774741364	-1.0253033719186066e6	-1.0461974134183538e6	-1.1026572244859124e6	-1.1326643323902527e6	-1.1583725276692142e6	-1.197717270064958e6	-1.2145958552460272e6	-1.2623333450116946e6	-1.2898991601007606e6	-1.3286462073701776e6	-1.366266322610236e6	-1.3879163308027035e6	-1.3949261699557093e6	-1.442538981993694e6	-1.4469078676778895e6	-1.4959267011012107e6	-1.52580186971746e6	-1.5493419366509195e6	-1.5673538338937273e6	-1.59352532469046e6	-1.6272020160132379e6	-1.6344963762813464e6	-1.6512609221794398e6	-1.7229570768177554e6	-1.7194545748237662e6	-1.7352950742429367e6	-1.7561777103307617e6	-1.8178330930536443e6	-1.769653092381419e6	-1.8529020426540321e6	-1.8065084505873204e6	-1.8382077864383732e6	-1.8811388943226116e6	-1.8700963426211944e6	-1.9156703074803005e6	-1.9406437149638857e6	-1.9259049876742645e6	-1.941135157727218e6	-1.955478456291429e6	-1.9746145060375028e6	-2.0196501057687427e6	-1.9840522021093138e6	-2.0175417865082922e6	-2.0264001865711722e6	-2.0394773454158797e6	-2.0601758680621444e6	-2.0637273486062477e6	-2.0712775405529074e6	-2.072820202048342e6	-2.1132483987687314e6	-2.103354570807197e6	-2.08010684466344e6	-2.0869188953470031e6	-2.1188623516883412e6	-2.115073126274406e6	-2.121324347286558e6	-2.1200003447271343e6	-2.125515025682401e6	-2.128847389492926e6	-2.1394926552751493e6	-2.1601961865364676e6	-2.152727939943836e6	-2.1279974472383372e6	-2.1216327448018333e6	-2.1597170769333076e6	-2.1701063387458427e6	-2.156892761294447e6	-2.1559154907320477e6	-2.1390211476598056e6	-2.153793280618049e6	-2.1542946828491082e6	-2.146206041032047e6	-2.0938385255435628e6	-2.141800272688303e6	-2.136255608151078e6	-2.1445036242802925e6	-2.1222684048847025e6	-2.1399410189735824e6	-2.138873814575822e6	-2.0807407739497374e6	-2.1045052145761363e6	-2.088838277111361e6	-2.0738310390049221e6	-2.0637193318849977e6	-2.0670837188731323e6	-2.045959833937892e6	-2.0419089025925708e6	-2.0391301032973344e6	-1.9942320139476943e6	-1.9831133219095853e6
971575.6755797246	971548.2645864905	971360.5288062298	971071.3783589527	970622.2681436166	970237.9266246923	969615.2491221016	968883.4295990745	968244.8776733981	966967.2683691522	966450.2188653533	964771.7218412862	963840.392254173	961377.2698527442	960643.2855239518	959118.4695374174	958601.276508667	955468.3678540678	953598.1106660434	951751.7329957759	949612.3642740578	948342.6341693621	945948.4789490418	941737.2184088728	941086.4044623293	936438.566909354	938233.8546138556	935939.0449003372	929300.6452982285	925977.9830882273	919231.7897083623	914577.2983945102	888410.4337468344	916905.548784679	908164.8368210879	898598.4468399199	907167.7519287523	898822.1409965215	895255.1944257168	896478.8529222882	878732.3526504231	874371.0004640383	880362.9054658968	868042.2237818618	856285.9706487589	849635.4355152664	830576.4802174588	834075.4642543299	847161.8597892001	827229.7084227639	812319.8969548411	811763.3097448809	788743.757668281	790385.6230235944	789355.8593667333	782150.3221925796	782350.3340727049	768974.5703572908	765823.7959905984	736069.7574991093	735327.9913025347	735251.7340006235	735715.4628166773	708355.9101516963	696999.018565444	687326.5854451888	670837.0221847292	665559.8968955618	649208.5064638006	639743.8273059325	621701.1519617423	611713.5778880089	580740.2796727249	579924.2058634888	562519.866330417	551788.8196490782	532728.8242445567	520634.4267475077	495152.8977440859	473662.4589633837	451117.7146760114	429850.0183810947	408410.9455750101	384678.8713759891	358589.7991295076	331330.6895036086	303199.35010607424	273670.0112352248	242668.52729873394	210020.47067326272	175813.94761761196	140073.95754552796	102870.70748723904	64208.72213484894	23867.13499197457	-18501.967385431635	-63239.11024346261	-110736.45612240059	-161490.18547844794	-216168.49349763803	-275732.46282349364	-341686.9340502075	-416705.34557587374	-506716.8354883746	-635085.1062606378	-759373.4851180413	-802581.9415771267	-843717.6629685492	-883733.797774635	-923054.6118960623	-962821.2593409352	-999061.3869937819	-1.0363582577090433e6	-1.0784359335314007e6	-1.1094906123075804e6	-1.1409686834332712e6	-1.174239588700298e6	-1.2091410085929558e6	-1.2514329320158598e6	-1.2594882388789363e6	-1.2476314049450997e6	-1.3362328183251445e6	-1.385842940533228e6	-1.4171898943190721e6	-1.4226614800348787e6	-1.458838814789368e6	-1.4758725736404194e6	-1.4964048054975157e6	-1.5472881128670226e6	-1.567814287253036e6	-1.573102423409911e6	-1.6113322525647029e6	-1.6481881179805773e6	-1.6503132660190316e6	-1.6674661165957975e6	-1.7394699539637307e6	-1.7137216160072733e6	-1.736553649150768e6	-1.795521879485531e6	-1.778884106076761e6	-1.7920923987204467e6	-1.8123190261152491e6	-1.8727058756694144e6	-1.872315768190352e6	-1.8907607658847019e6	-1.867553549655408e6	-1.9318587959986317e6	-1.8919693212430717e6	-1.9726351182691797e6	-1.986596049489211e6	-1.9898092370884514e6	-1.995192409265815e6	-2.001306114554858e6	-1.9495219602989412e6	-2.0134277794279444e6	-2.0237656837485705e6	-2.1718020936579434e6	-2.0735764044572313e6	-2.0853413045688767e6	-2.107902930896351e6	-2.0956525907485022e6	-2.1132318845396023e6	-2.1301452747685183e6	-2.0881711746658639e6	-2.1221286989239315e6	-2.1460605338066975e6	-2.168013422031601e6	-2.153305542913409e6	-2.1597205535738748e6	-2.1615891032765573e6	-2.153347155207228e6	-2.1625742467486914e6	-2.182215984419929e6	-2.176511466145574e6	-2.1622134160419097e6	-2.1603057433862677e6	-2.179363900855202e6	-2.158807860693275e6	-2.1842831652800916e6	-2.162907552506144e6	-2.175068809712438e6	-2.1781535085846446e6	-2.159141415734821e6	-2.1910703122452637e6	-2.117275380811666e6	-2.153380551429759e6	-2.167086550185131e6	-2.1666811425785907e6	-2.161136799151023e6	-2.159201585497792e6	-2.154942848646449e6	-2.125232280225737e6	-2.149634348423235e6	-2.098688004281142e6	-2.100224682568255e6	-2.094728203192184e6	-2.0873595364662504e6	-2.0895737943170045e6	-2.0747949702280492e6	-2.0338213396277886e6	-2.0169219928310134e6
991748.6900772795	991655.4100841527	992262.5920427096	991288.5691804152	990434.9068449852	990490.3768545687	989375.6667023965	989199.5978103341	988240.5924306057	987185.1251055427	989892.6759862067	986319.2912317226	985472.5294237998	982176.9317111138	981937.4698960707	979059.3383787716	977931.1780273194	976711.3327498864	973291.2183076034	972340.1446596041	970008.0849555144	965074.1547326233	963098.4103390211	960863.5917556046	961143.7776092263	950285.9310329657	964787.6824689731	951517.9955990145	948295.3868234854	944745.2227839665	941038.3806419375	920322.7050566624	908312.2673549877	912593.575838464	925072.9371780811	923703.7207021455	922809.2827005119	915363.6486295082	906419.6530322409	916670.405510495	896946.321971937	883886.1647824541	911791.3050895508	892402.0542001226	876007.3556293263	875108.9520726858	874876.5246815644	859690.3349214755	852345.304516149	857032.4416027036	835418.2007058344	849264.199511084	806034.3816062085	813886.4072650273	804880.8962018765	805523.6985018498	801065.7369223433	782720.46298692	774111.1570751112	763967.1535846494	762854.2218263478	743408.0580016604	738201.5198382044	729994.1391460871	712670.4689895273	693331.1508801273	698750.4009329912	686986.7774464125	673674.9679139229	655177.0778828317	636032.0532521474	634345.4651399468	612211.6577288858	605592.2924988731	585529.3096307425	574689.233380487	563719.3392588939	541650.3554438935	520071.0748573759	497882.69011829805	478472.7134952076	458452.8547514824	437931.40023536526	412029.8008581255	389249.3168210611	363082.6343451419	335933.7366683201	307299.36613311735	276979.87151512527	245805.52802127786	212690.81492574234	177992.13396977854	141734.14339447138	103988.68543977733	64754.59708553832	23804.55478620436	-19215.086886207224	-64652.97330333083	-112913.01751186512	-164508.73915108223	-220135.42621173174	-280800.10403071786	-348095.2851934023	-424895.90323624294	-517784.7468397133	-656277.5853819302	-766644.1596466044	-810084.3892832499	-851523.132323174	-892457.2463048338	-931931.2949933608	-971968.1693953003	-1.0077064768074071e6	-1.0401685668331643e6	-1.088787090226556e6	-1.1154203304044323e6	-1.149025572805234e6	-1.1905198329452872e6	-1.2062689317771748e6	-1.248894872452054e6	-1.2755478736590112e6	-1.3164263566236545e6	-1.340252190708196e6	-1.3921280492753026e6	-1.4381698143740941e6	-1.4310663329657756e6	-1.486910710145504e6	-1.4981115453109478e6	-1.5125305178123775e6	-1.572782734063892e6	-1.5848580737434246e6	-1.6083491392326367e6	-1.6099388609051032e6	-1.6435492874119875e6	-1.6512981639744209e6	-1.706861431388071e6	-1.700900627871676e6	-1.749516809719748e6	-1.7947017304789813e6	-1.7939305260141182e6	-1.7957112133249345e6	-1.8132998329156127e6	-1.8665816804759155e6	-1.866143757914494e6	-1.8797222025678994e6	-1.8975818845002719e6	-1.9153759482934827e6	-1.9523323140239965e6	-1.9494767314195528e6	-1.9745450852215618e6	-2.022766252334128e6	-2.0002524380872434e6	-1.9982452220809327e6	-2.014466839896059e6	-2.0087928192374248e6	-2.0292189095979596e6	-2.0329229580187018e6	-2.0845200307578563e6	-2.1352935422950275e6	-2.0978105833156276e6	-2.1199359082896514e6	-2.117416439442875e6	-2.1514226067491733e6	-2.1281863592919046e6	-2.1352396879036063e6	-2.1505679444747064e6	-2.1619208422363866e6	-2.174254960130318e6	-2.1662598920269525e6	-2.192913375258672e6	-2.180392947229663e6	-2.202557904307858e6	-2.186837184950157e6	-2.1332051804248085e6	-2.183796652241539e6	-2.1864543677584175e6	-2.2133588047160422e6	-2.187686252554029e6	-2.188020920038902e6	-2.182497039253844e6	-2.177240212967177e6	-2.1865012994899806e6	-2.19421792877909e6	-2.184767330764236e6	-2.194991461898284e6	-2.1516793788110353e6	-2.1664890326758213e6	-2.185501048616659e6	-2.18379675097844e6	-2.1670199844694957e6	-2.167003337254674e6	-2.164161906148454e6	-2.1371888141111378e6	-2.1385351394779384e6	-2.142462955296212e6	-2.118928248924515e6	-2.1174357384251133e6	-2.124693463526167e6	-2.1071891881041676e6	-2.0820988997717502e6	-2.0464223541253444e6
1.0120865866627882e6	1.0120558348462414e6	1.0118866332393801e6	1.011568747383937e6	1.0112326014714822e6	1.0107717639160657e6	1.0100771379746741e6	1.0088953270320339e6	1.0086868596965005e6	1.0075034906918327e6	1.0061350740392036e6	1.0052461859333203e6	1.0064794781002312e6	1.0040793823458615e6	1.0006411797011696e6	1.0000760617506658e6	997259.6675260006	996115.0503050758	992905.9429638876	992619.4139607309	992131.2258700901	990438.5315316229	986780.9881421073	982871.4813499695	977939.6978000444	976722.4574991334	972921.7956696935	977708.5120080679	969846.9542956587	966271.6944739965	949966.8590997069	940989.0953058142	953956.7897841592	952508.145612351	940391.9442708398	945864.714634088	967763.100448797	933935.1484384703	942616.9118949032	923359.130430308	923291.1012290013	912485.6644339802	887800.5612113939	910281.0661397993	899217.9912506011	896802.281415483	889716.988295808	884508.7283264943	864906.9372127075	875180.6130580362	855585.0132182157	849299.6027359794	841062.7733347216	829863.5326084835	832576.3886705198	823678.4997946437	810533.9067674398	811845.683965855	801026.9540010429	786339.4464322743	780318.4376151569	761703.8319739663	763083.9442575243	747295.403272308	750868.4734426867	736393.0641979482	727865.0331249118	703310.6343103267	696605.740887176	681392.4172528763	662233.7532001246	668498.8484958506	649972.706042513	625631.7829957809	600880.2926875991	591717.9023646889	580219.2603213694	557954.6463669757	547471.9990897214	527501.5715750589	501721.10071309854	487029.55845244485	472514.8435206331	441101.14035307	417048.68433301157	393561.58327328553	367905.6837964946	340376.579221315	311540.77417054493	280999.8565784958	248978.753644443	215381.0154118319	180181.32981541986	143402.9473480268	105112.57663528796	65303.40704681387	23741.63053504913	-19932.254634392913	-66075.22148241138	-115103.23948660959	-167547.6893772179	-224132.0103709998	-285911.35883170716	-354571.4153903136	-433206.39374527405	-529147.5974935321	-681426.4114276927	-773882.9479919716	-817641.7384202078	-859412.3177172153	-900440.5171669263	-940486.9349317651	-978819.6745509342	-1.0156046582814548e6	-1.0539851716133535e6	-1.0926261759090729e6	-1.128181496592962e6	-1.16185806489239e6	-1.2032652170612763e6	-1.2377384259772275e6	-1.2681493027935217e6	-1.2995829828130396e6	-1.336306946295656e6	-1.3552365993976828e6	-1.3886782128487902e6	-1.4197527786608336e6	-1.4320307362063916e6	-1.4798490892513667e6	-1.4984763091684764e6	-1.5333632285116885e6	-1.589644604451351e6	-1.5896151104017713e6	-1.620405228793475e6	-1.630762688066974e6	-1.6507167508613302e6	-1.6846015802232006e6	-1.7657448558782816e6	-1.754741581979295e6	-1.7779730852789546e6	-1.8161238117716538e6	-1.8084290173972587e6	-1.8294671782700478e6	-1.8341036605889958e6	-1.868970845520517e6	-1.8661396231478185e6	-1.895428794022233e6	-1.9504281496439732e6	-1.9345324830590466e6	-1.9938825641660246e6	-1.9539392551162804e6	-1.9932824641501836e6	-1.9997783061202818e6	-2.011893307951833e6	-2.020751709475124e6	-2.0328871852148774e6	-2.0184732108929593e6	-2.0361588316687427e6	-2.0624482447873515e6	-2.148350904230262e6	-2.1106789546903446e6	-2.1168863377678804e6	-2.1543121561940853e6	-2.1687070465759626e6	-2.1303963477530275e6	-2.171840841927371e6	-2.1927154495767783e6	-2.1645562733656075e6	-2.1704137456206437e6	-2.171041561659809e6	-2.2139171490481785e6	-2.1886431935524354e6	-2.198653161102345e6	-2.1565975240211673e6	-2.190183590314948e6	-2.190954098810885e6	-2.209105790050173e6	-2.227104372290441e6	-2.207694712486799e6	-2.2156814287427403e6	-2.2087767497192174e6	-2.202880940145092e6	-2.211114025973228e6	-2.204791163257775e6	-2.223958633268683e6	-2.218239968198519e6	-2.209344843296636e6	-2.1895009923715405e6	-2.1871902426228365e6	-2.2168956801636033e6	-2.198853437530631e6	-2.2042980948702414e6	-2.18877597917179e6	-2.18032659978729e6	-2.1956081323610637e6	-2.1559034184618406e6	-2.1390989924193043e6	-2.158064896463793e6	-2.166644695460801e6	-2.1328441737126624e6	-2.132466733839172e6	-2.120152279551954e6
1.0326385510642083e6	1.0325609476039204e6	1.0323601204746455e6	1.0320690915575305e6	1.0318065575220998e6	1.0312374774370597e6	1.030143524922641e6	1.0297023928836689e6	1.0288403694769611e6	1.0295531584536806e6	1.0272636738568295e6	1.0258795284158791e6	1.0242894452318597e6	1.0254737423038409e6	1.0247429394242113e6	1.0206806980714576e6	1.01859755124378e6	1.0168427368055164e6	1.018298872476209e6	1.0128599336282375e6	1.0117404020225841e6	1.0091340871046998e6	1.0031563549577552e6	1.0030617384280318e6	1.0020686324129605e6	1.001665237894915e6	997208.6728417062	993418.3664794995	1.002411303530733e6	991805.9527423204	966290.9218786873	986575.513393936	971619.2805477974	974372.616676435	978342.7036633297	966299.5863776258	949184.4157403742	929985.9931555364	949551.8787781951	948198.9520813979	943771.9138420379	934860.1703852264	925277.5408899806	918088.0336140554	912699.2295012238	915493.7552048638	906592.2267236151	892665.5574303102	896689.4777029584	891660.6322475222	879026.0620848687	880880.6959645987	874015.0643424094	849957.8907846145	847092.764679966	833376.6921089799	833141.348363269	809287.2593386128	825871.40933433	817189.8663912322	806505.0888251243	791316.4651853289	779946.0455417273	773942.0755339467	759063.3973290133	752390.4036574501	748867.3782099838	727558.4989261953	722182.0216544104	701478.7027808558	701895.1186634139	683796.3241286408	671273.9113082355	656808.7634303996	634467.5511985675	623309.1255979624	583793.2807916359	586147.4165319239	570800.8204490248	554831.0334732875	535337.8304717855	516423.05333733396	490215.3449833933	471235.5167476306	448850.53849856695	425216.4801366897	398544.8056981836	372997.5975487808	344750.11051034904	315592.01967705507	284621.13910834887	252165.5848742884	218081.4286886846	182382.55226918368	145080.30410143267	106242.33200481068	65855.12962903944	23678.364989589434	-20653.44807360985	-67505.80208527832	-117307.03899605642	-170606.97725152294	-228158.25664614164	-291066.4800390622	-361116.38351647765	-441641.1764437468	-540834.2486309032	-713160.2368071794	-781080.8288671414	-825145.9588916574	-867341.6389894809	-908500.0430313346	-948696.8606820509	-989006.6902914515	-1.0271883002212693e6	-1.0643014293760487e6	-1.1039951698474342e6	-1.134781286039448e6	-1.17328997726932e6	-1.199386378100093e6	-1.2477205268862753e6	-1.2866170101753122e6	-1.3132863478529232e6	-1.3241971496347927e6	-1.3733022537186563e6	-1.4128513393718654e6	-1.434613792921712e6	-1.432280366872445e6	-1.486896649375871e6	-1.515057888247643e6	-1.5816837624621133e6	-1.56567314287737e6	-1.594704411911486e6	-1.6267564100103064e6	-1.6553477184020078e6	-1.6553055892580256e6	-1.7356831930564607e6	-1.7222760923631934e6	-1.7894167053903898e6	-1.7829744479791007e6	-1.8397476095285935e6	-1.8155190663252056e6	-1.825884607051084e6	-1.8564598145103531e6	-1.8893799882714872e6	-1.9013349420377042e6	-1.9429834420591088e6	-1.9459859982027395e6	-1.909531274690966e6	-1.978150818814616e6	-1.9916369708031297e6	-2.0246670609051662e6	-2.019916151194902e6	-2.0368952077157043e6	-2.0739655677129144e6	-2.078121002576887e6	-2.067095982231024e6	-2.0361784201806022e6	-2.1230163950925916e6	-2.129178540757618e6	-2.1422259271318708e6	-2.1274830590725765e6	-2.129120246865494e6	-2.208163036062791e6	-2.156983067900507e6	-2.195047756325111e6	-2.1990728044301486e6	-2.2118288103679065e6	-2.1840973187007504e6	-2.178022238458654e6	-2.1705519832852967e6	-2.202898379516554e6	-2.2348215273080925e6	-2.206016129519009e6	-2.237417901286874e6	-2.226444855851732e6	-2.239264560840818e6	-2.239432599470538e6	-2.227560222635391e6	-2.230300448024327e6	-2.182184796418922e6	-2.2434577558673257e6	-2.2480376724566557e6	-2.239429266500784e6	-2.2646445028610127e6	-2.232946428429556e6	-2.2432707492325613e6	-2.2469831558993403e6	-2.2408110416308222e6	-2.2315795395454643e6	-2.1935406092557926e6	-2.2352667902213745e6	-2.260990755552144e6	-2.20690839398185e6	-2.1791265437615626e6	-2.187844047797635e6	-2.204584438711223e6	-2.1921824778610943e6	-2.164239144886799e6	-2.1689698086902294e6	-2.1498550640114136e6
1.0533863823053036e6	1.0532925220724463e6	1.0531648043508064e6	1.0528834441389486e6	1.0525218374421117e6	1.0520732011048484e6	1.0514347592169484e6	1.0507101346636019e6	1.0499344310537807e6	1.0490723763573107e6	1.0482355784294533e6	1.0462524582021034e6	1.0443527348700903e6	1.0440300093508281e6	1.0449252053866092e6	1.0431878306551038e6	1.0390119667901238e6	1.0362347247833245e6	1.0354724001178008e6	1.0348572349419375e6	1.0362425542853343e6	1.0319067588964731e6	1.0292720781506235e6	1.0217083875755738e6	1.0235916634295193e6	1.0119481291656158e6	1.0080703821528828e6	1.0152458611281617e6	1.0095985839506799e6	992553.5209365515	1.0039146068100184e6	998508.5912527709	996819.8116908022	999029.7659069924	994741.5365703903	985597.1026803777	973214.6900357312	975056.3945784478	968858.9384810997	966870.5959374311	956838.3945653576	949425.5670393838	951763.7773452399	947165.6329154683	945392.2397007782	939601.0461497348	941359.5064077731	919357.1159727038	903202.6254669253	945613.9203696301	894918.2827177404	899024.7320107127	896945.5624470948	889877.6819882231	861764.3850225278	858047.329419943	854510.447955312	849534.127224383	842511.4319220579	820531.9155208892	833976.1485830218	821331.096275734	806522.8124877238	788563.0889015251	791319.1916184439	763545.379280546	767492.8855310106	751782.0031845304	744736.8480686266	724901.2494278323	724793.1651449464	707141.3158103379	693392.0108096406	673341.6883596266	672142.9654576578	649677.6819658885	633976.1341037462	604215.9027928407	601253.8882926973	581080.127732227	562061.9114297989	541552.7155419765	519180.5259325426	502923.4267149229	481152.9961070694	454183.28558976843	430967.2685581854	403341.0879721394	378130.96675428236	349320.7366883253	319579.9915707762	288267.7825634489	255349.83607735985	220794.25291893585	184593.40706467116	146766.13802748418	107377.9032080106	66409.74184359319	23614.760215244372	-21378.638800602406	-68944.66650079133	-119524.35919235472	-173686.54865954956	-232214.17862801044	-296265.7336319578	-367731.3187729004	-450205.0363338394	-552879.6654925377	-734411.3692128218	-788264.9657551551	-832595.9982639116	-875298.8018123193	-916849.9508559331	-958703.9366605489	-996811.4948623208	-1.0389647411888882e6	-1.0706816009340158e6	-1.1090669801037845e6	-1.1486188642106883e6	-1.1843642678603914e6	-1.2099848377396048e6	-1.26184510401967e6	-1.2954465982799854e6	-1.3157988970806769e6	-1.353070924583588e6	-1.3965439165023973e6	-1.412803894140139e6	-1.4529516630050556e6	-1.4864558528648738e6	-1.5093975078663535e6	-1.5329484533598737e6	-1.574709190763721e6	-1.5812094888906342e6	-1.6133453009731045e6	-1.6439498685996097e6	-1.649691007894295e6	-1.6880684923283642e6	-1.729380012741241e6	-1.8395836167391061e6	-1.76390131265952e6	-1.810322237533346e6	-1.8211735229744765e6	-1.830242257217856e6	-1.8907334708217944e6	-1.8615391628323572e6	-1.911605786455387e6	-1.9364358419983846e6	-1.9518612973164234e6	-1.9450764200063e6	-1.9851107935597145e6	-2.0054084269174642e6	-1.9986930388683986e6	-2.013092841157336e6	-2.0517396817727878e6	-2.0077533173368943e6	-2.0521840389838663e6	-2.0806475817258286e6	-2.0958855822933067e6	-2.1159192417762093e6	-2.138869012213066e6	-2.1695826630833205e6	-2.1486416149187014e6	-2.159972967938639e6	-2.159369318679507e6	-2.187258307737251e6	-2.1913450759092215e6	-2.2242590935372263e6	-2.2193572640020205e6	-2.2074043456392055e6	-2.1859088798180427e6	-2.2243390962778516e6	-2.1853149015388815e6	-2.2479068300760463e6	-2.2650533084642654e6	-2.2489777005707147e6	-2.233552447147534e6	-2.2500872138467105e6	-2.248379931620648e6	-2.272030670606003e6	-2.2582103223382896e6	-2.281254769021646e6	-2.2684932391810287e6	-2.267581119137859e6	-2.3009744999626046e6	-2.258444300638429e6	-2.256578783428152e6	-2.2726368423005817e6	-2.1569821719632875e6	-2.23791526708604e6	-2.2318539458942404e6	-2.2331441922444664e6	-2.233607394468963e6	-2.230457432784305e6	-2.2821648129244326e6	-2.2350276871070145e6	-2.2234183570498945e6	-2.2229823494679322e6	-2.2216795082149673e6	-2.2155789871454723e6	-2.202554374445499e6	-2.1862926103719473e6
1.0743581969918967e6	1.0743550862578866e6	1.0741022983638553e6	1.0739868598399037e6	1.07357223293643e6	1.073109639883082e6	1.0726343182391599e6	1.0721561078203735e6	1.0710378655770386e6	1.070152491807072e6	1.0683538779459135e6	1.067862174200221e6	1.06617161857439e6	1.0658972518663756e6	1.0675315059111854e6	1.06436137619197e6	1.063398397030458e6	1.056719242280823e6	1.0559776104516173e6	1.0578706420448266e6	1.0526855178901313e6	1.0488338066015162e6	1.0474013647074942e6	1.0466321076899624e6	1.040903284768307e6	1.0389329399337779e6	1.0349487906915217e6	1.0343942821644804e6	1.03008234325343e6	1.0091393813252914e6	1.0239613880478067e6	1.0197444781585195e6	1.0184120693154511e6	1.0261835568885114e6	1.0083532663535201e6	1.009507335942117e6	1.0024326413979081e6	997238.8529000782	994611.3957622235	986291.5246607217	984861.7106752731	975487.8174002599	985815.4171524445	969524.228915822	960518.4680736609	960811.0626163933	951091.0246650476	973741.7306943226	942933.1179103116	932917.4667346439	924768.8558817415	917897.331087993	902660.9869860711	890429.4848500197	884544.1573018708	890146.783485427	880749.9233009333	866873.1623423966	883200.5783097118	838371.06613484	860576.9136339537	857509.9914656563	829231.5519136966	817587.1752367273	820130.2578798078	808231.1649393071	782830.0835146895	782336.7008519256	766169.9579670301	752098.1657007128	740768.808103301	717432.9601066785	716865.6040182107	701881.4733642832	685930.9742381271	675103.2926805622	657137.7246791411	624075.6509894445	616781.3369609094	609507.504111915	583345.1777169325	569694.8404743894	550444.9367002454	535468.318758147	507009.6916184322	483499.8909517261	460444.23700762197	436043.27253889514	408985.34668494196	382198.50735231163	354015.9204912906	323640.05780866614	291937.52721741935	258568.7860982879	223526.85660113196	186815.11065122543	148460.38380407682	108519.2415369997	66967.22011818062	23550.8199503778	-22107.795638961252	-70391.75713328843	-121755.12808812759	-176786.32641166775	-236299.80027517048	-301509.4088429513	-374417.4213492072	-458903.23998445086	-565326.9020439629	-744822.223523923	-795442.9075916184	-840090.6141638295	-883155.8593050346	-925262.58716564	-965796.7212930059	-1.0063963985441376e6	-1.0479182663983346e6	-1.0851969908813091e6	-1.1210478878751886e6	-1.1613377756343458e6	-1.2020065558135284e6	-1.232070551420925e6	-1.273283280261757e6	-1.2972614707140324e6	-1.3382830185522798e6	-1.383420271310489e6	-1.4061455794708033e6	-1.4359687547278765e6	-1.4312022817410885e6	-1.4793036342029956e6	-1.4976291415799565e6	-1.5502931457785058e6	-1.572107228501795e6	-1.6032357126173035e6	-1.6257234094571492e6	-1.636588826179567e6	-1.7093834746647726e6	-1.6762653257218513e6	-1.7542653439611953e6	-1.7964845885059221e6	-1.7965851370237854e6	-1.8200460814456048e6	-1.8381824224546824e6	-1.8611449903319173e6	-1.8610336671460147e6	-1.8804934773824264e6	-1.9287830530735853e6	-1.9267963883169626e6	-1.9478117793163836e6	-2.004618295821973e6	-2.0169900065866492e6	-2.0110122704661714e6	-2.0410649512812074e6	-2.0829047610385644e6	-2.0667418797705353e6	-2.0583233043986207e6	-2.0842053504277712e6	-2.0931307034237424e6	-2.0823382892018466e6	-2.155442929835257e6	-2.1570040248157643e6	-2.182952980598473e6	-2.164205415817396e6	-2.194887331970283e6	-2.1899503167927004e6	-2.2245436901034443e6	-2.2075138057037545e6	-2.2112002246387983e6	-2.2422030825713743e6	-2.221760269511409e6	-2.2273980031832075e6	-2.2383770940671135e6	-2.261506244813094e6	-2.2504747451922297e6	-2.286102367905234e6	-2.267549825510646e6	-2.2358786673941705e6	-2.315904059937534e6	-2.2722695142274797e6	-2.275706522482224e6	-2.2551444322948186e6	-2.2685586694870368e6	-2.2983304608968543e6	-2.2864547969679013e6	-2.3288686930460455e6	-2.2727358893296253e6	-2.2873490356970867e6	-2.2695094259425197e6	-2.2915189746020697e6	-2.305558695553988e6	-2.289401386503198e6	-2.288997430957434e6	-2.2609968495881474e6	-2.2570987257139413e6	-2.257407717016627e6	-2.262830915510264e6	-2.2411569932639347e6	-2.2509795885624913e6	-2.2153420597575773e6	-2.220439811352561e6	-2.2267099506433783e6
1.095508127606347e6	1.0955242465635333e6	1.0953215062224732e6	1.094862842274851e6	1.0945746284180654e6	1.0941437511334717e6	1.0934038381787927e6	1.0927575684300102e6	1.092960022498495e6	1.0911057159148518e6	1.091566737097512e6	1.0892534266184217e6	1.08743890225646e6	1.0860487466214062e6	1.0849372535068444e6	1.0890512744783096e6	1.0843714783690078e6	1.0816565326259295e6	1.0819707739621834e6	1.068994494189477e6	1.0751703800527048e6	1.0726781153425202e6	1.069452267071058e6	1.0701288467729373e6	1.0609669502169357e6	1.056545295166012e6	1.0558963412127544e6	1.0599019997783892e6	1.0391057731806386e6	1.047661131966606e6	1.0450585086089522e6	1.0474710581614482e6	1.0400407148823156e6	1.0356825220202254e6	1.0303462821558695e6	1.0200848070174805e6	1.0393157472512855e6	1.0166337847563025e6	1.009937919773945e6	1.0064950641884822e6	1.0088365136939398e6	1.0069862997494627e6	984813.3449867782	990788.185429109	981225.9914344574	978099.9169497485	959040.1293470557	972563.4030648988	972809.0364908291	948502.8149087429	954328.0821215168	947412.957981543	933391.9944375108	966547.9676924538	917913.913651182	911378.9112888201	898225.2980527291	883177.2766425393	888903.0361299306	869145.4657824296	870815.0482408351	874349.6674577228	843463.4908490338	844942.3019431405	835747.8761219197	812487.7836973696	811723.7044234728	801843.3752589956	787143.2216272476	779179.024631768	764519.9192424187	757306.3513753656	735800.9826505526	718884.6058931727	711808.7159274388	710586.4905995326	688411.0081679611	668182.3308499472	651008.6075611626	629782.2591742083	614433.1995108258	598559.8099500309	577625.873924047	558199.5674281372	536256.8036255001	513638.0013878273	490099.6550695223	467547.3156208232	441638.3140432401	415340.3826123066	387669.2840371124	358469.2351026563	327863.28980459773	295620.7488606437	261806.8263389268	226267.74615275348	189048.06140531006	150162.9639300669	109666.29941254796	67527.54120390944	23486.545192997553	-22840.890633141622	-71847.02810672054	-123999.2874395824	-179906.30444738548	-240415.1422970714	-306797.80305728223	-381175.97409445234	-467741.6060920791	-578229.9849137876	-753124.2330084606	-802608.8401311075	-847611.1841653716	-891144.5091952444	-933535.0568273831	-975025.9250662278	-1.0146709234125074e6	-1.0568322040607973e6	-1.0945390093624145e6	-1.131934235654196e6	-1.1700717795925702e6	-1.1969416717383612e6	-1.236870854613948e6	-1.2811434227158658e6	-1.3076487051057557e6	-1.332380557926216e6	-1.3754210733904515e6	-1.4397006638555492e6	-1.4421529083053388e6	-1.4584372767422276e6	-1.501038957973147e6	-1.5333435287376454e6	-1.5518350788816207e6	-1.589195669166324e6	-1.627607810446231e6	-1.605611255117453e6	-1.6953065579584173e6	-1.6916412143423713e6	-1.7523965538025813e6	-1.759955974675005e6	-1.793722063395274e6	-1.791921799417935e6	-1.831482296214023e6	-1.844939271330016e6	-1.8941311388125888e6	-1.8978453357067264e6	-1.9228744078865622e6	-1.9430568694407141e6	-1.9641772150322453e6	-1.9718838232810616e6	-2.0308126524345877e6	-2.0119768473602703e6	-2.0225629174332016e6	-2.0324713723779686e6	-2.0417760882817188e6	-2.0846881571833414e6	-2.0968930618498737e6	-2.0919163751572922e6	-2.133586037234013e6	-2.131162240946358e6	-2.1756657966731666e6	-2.1882282683697473e6	-2.1793331785943704e6	-2.164154391538906e6	-2.162539730084461e6	-2.215988191274668e6	-2.2061958012136277e6	-2.2360720628297925e6	-2.259213893798467e6	-2.251086489785279e6	-2.2755047412644904e6	-2.2109341919111134e6	-2.2484763297778573e6	-2.282030871370973e6	-2.280878028472171e6	-2.29654258046016e6	-2.282295110103938e6	-2.294399813246604e6	-2.3055871620180374e6	-2.29452117172663e6	-2.288357541059506e6	-2.315060508155861e6	-2.3104198483813517e6	-2.300888845929146e6	-2.3365589662275603e6	-2.3186114167313296e6	-2.3105368065592367e6	-2.304676954502457e6	-2.3044685746732717e6	-2.2877830276362244e6	-2.305879118197879e6	-2.306274031439212e6	-2.2966908555989256e6	-2.2893030987970755e6	-2.301784591515905e6	-2.3186124322113274e6	-2.270984454789553e6	-2.2485768271104163e6	-2.240247911637257e6	-2.286168211358906e6	-2.2729915220714575e6
1.1168559620411529e6	1.1168514001052638e6	1.1165876018707335e6	1.1164815887729903e6	1.1161337749672132e6	1.1155137959576976e6	1.1148688579454154e6	1.1135456135091013e6	1.1179289201290603e6	1.112127254381503e6	1.1111279860754001e6	1.1104114039795864e6	1.109348563352378e6	1.1057523145142468e6	1.1060638854712944e6	1.1135808645399516e6	1.1069183007093405e6	1.1070070747133987e6	1.1033222900880335e6	1.0964376400327678e6	1.0944075233518938e6	1.0942733743987372e6	1.0914729580075152e6	1.0867118666731268e6	1.0877017872211344e6	1.0817690427212045e6	1.0776144234725179e6	1.0755611261032436e6	1.0749171783778318e6	1.071260616817207e6	1.0636832042347032e6	1.0620021759614325e6	1.0605354909855481e6	1.0538833144832458e6	1.0542204699980845e6	1.0451771377183006e6	1.038882403890965e6	1.0432890573991565e6	1.0341077369220894e6	1.0266678764807056e6	1.0256555711459646e6	1.0261147796586389e6	1.0192489097526604e6	996642.4186712184	1.0211993742768333e6	1.009105753205185e6	993718.3689676904	986818.1114042397	994066.9103874806	957070.5534200697	973701.0754018434	969311.1615612358	956402.2244809171	944969.2384194797	938228.138358264	939135.6301075226	925256.3023370146	913585.6195544208	898581.0055466271	887449.1261306345	901476.5499699619	860740.2551390085	892902.5559627207	864492.3764120035	850846.1581784139	855594.9651052915	823889.773529633	817623.9568235853	807087.242067936	809328.2423613102	782874.0746021348	779918.0540474702	752609.5863597905	752220.9709190502	739952.4628431003	721463.0375550302	707845.3489273819	694030.7925104883	675805.1879371218	660382.002970643	645383.5108638842	622437.4613926001	604453.1723889352	584885.3641451283	568116.0699753603	543676.0859321525	520840.191309406	498588.72004352865	474589.36713413574	447099.61105591874	420982.39720261726	392451.6543150685	362566.7391856583	332100.94302118756	299354.1491296571	265038.6299204291	229029.0619907336	191290.74357878696	151873.8185352576	110819.02984458918	68090.6820923721	23421.938334829872	-23577.898429925554	-73310.42372367799	-126256.77023494523	-183046.38413427165	-244560.23571562138	-312131.23746390315	-388008.3452250869	-476726.588537554	-591658.2848652969	-760730.7483774533	-809744.9044709231	-855207.2835920507	-897792.5776371718	-941896.1559562285	-983864.5780718776	-1.0233668465596654e6	-1.0637356613940755e6	-1.1047456651867607e6	-1.1443479462761201e6	-1.1814309714164964e6	-1.2005450527485602e6	-1.2578882240201256e6	-1.2834382115497563e6	-1.3256526586388664e6	-1.3451255240520027e6	-1.4171482615102131e6	-1.430446580812039e6	-1.4657489704110844e6	-1.4758791631158062e6	-1.5202880418986857e6	-1.5572063386976381e6	-1.5633528775992312e6	-1.5833907532830073e6	-1.5936508522285616e6	-1.6704660946614414e6	-1.6875226167264942e6	-1.7303705164878352e6	-1.7430725899282547e6	-1.7590059288561677e6	-1.809141770363359e6	-1.8179752302639235e6	-1.8637253703448132e6	-1.8840260847043416e6	-1.882216672100582e6	-1.9182717401996695e6	-1.9250947728310202e6	-1.9426549738022585e6	-1.9648324278110529e6	-1.9952075741069035e6	-2.0348777225298577e6	-2.0528180758391183e6	-2.0423712183638539e6	-2.1106663904160988e6	-2.08708931487594e6	-2.1386428014182374e6	-2.126651474185559e6	-2.123380096201053e6	-2.14026631174843e6	-2.1379608687916165e6	-2.1731820452645477e6	-2.165736318184615e6	-2.189295316449263e6	-2.211749835491324e6	-2.2214023483656533e6	-2.243550172520384e6	-2.2324117771243853e6	-2.274475099054738e6	-2.2694903227213286e6	-2.2845710820995225e6	-2.263311956849289e6	-2.226413153009644e6	-2.2852571243055845e6	-2.2874922165362434e6	-2.296933812147132e6	-2.3223504327794127e6	-2.290786370349465e6	-2.298752864712416e6	-2.3417088385804035e6	-2.344153258670279e6	-2.311359683026308e6	-2.3332511354437005e6	-2.3273868669762705e6	-2.328650656306808e6	-2.344983071992603e6	-2.3233481436744537e6	-2.3286721804361613e6	-2.3204303142697876e6	-2.316746955033703e6	-2.2984775890850397e6	-2.3526631545144888e6	-2.2834311791319763e6	-2.329429015634463e6	-2.313679148966099e6	-2.3189153015523013e6	-2.322480140705036e6	-2.267946995921444e6	-2.2937984726410126e6	-2.29645668372568e6	-2.2910272519425545e6
1.1384019622147228e6	1.1384478144998099e6	1.138282258459598e6	1.1376998716165517e6	1.1373697748647965e6	1.137056900903126e6	1.1365070304984371e6	1.1360400970295072e6	1.1351122278342368e6	1.1340124154891295e6	1.13308566460036e6	1.1316545672386927e6	1.1307198835653556e6	1.125464725083726e6	1.1263045463598808e6	1.1292242021013976e6	1.1253113572340573e6	1.1289317347263158e6	1.1212443485641635e6	1.1155667380534413e6	1.1141246768127573e6	1.1171373210731058e6	1.110948075892176e6	1.104856591513981e6	1.0981568105388226e6	1.105502692783732e6	1.1000228775024128e6	1.097312792776059e6	1.0945417592131554e6	1.0900895225772217e6	1.086704779662286e6	1.0816246801560547e6	1.0842012872798697e6	1.068543030849784e6	1.0730838785835663e6	1.082172571202415e6	1.082432679524725e6	1.060098982999042e6	1.0565885750601348e6	1.0561757685004359e6	1.032284120545018e6	1.0414667140166789e6	1.0308429981558251e6	1.0417590825570668e6	1.0182488127301872e6	1.0257254560262791e6	1.0135883011757324e6	1.0098318411556098e6	996416.9299846389	1.0051477642857884e6	1.0008068620148652e6	957161.2787481941	970233.0897185401	973192.2730267544	958287.0904134111	953840.193591991	949560.750797974	938628.2220622175	916010.0554521846	918268.5863108588	913892.9400359244	916097.0305696886	888816.0228424722	890025.3776626053	874118.2211861	877510.8376161746	864857.2236419787	860451.8788307186	845127.9030942846	822056.976167572	809153.7295719658	796837.6652709146	782185.4619031735	777995.2360773992	756869.7030127399	743027.5366242139	742435.0674445597	725188.525129342	704399.0766881987	694083.7199447043	671979.500340227	650715.382162198	643092.877595893	610795.242482278	604034.3790193032	581129.480305527	553710.9372236168	527068.2365710099	504787.3006247314	479731.33670529333	453194.23040282936	419690.58617715316	397891.090955321	367631.8381974759	336279.6376254782	303109.59645191557	268294.22404917143	231796.66534186353	193544.4131186325	153592.8760258865	111977.38485659915	68656.61980662518	23357.003709908808	-24318.789938920178	-74781.90521043492	-128527.51605524868	-186206.54245651606	-248735.09506630595	-317510.0512544301	-394915.9970979879	-485865.3709796758	-605703.3970829642	-768017.6649379802	-816925.5680407996	-862788.8017708985	-907195.4245818704	-949454.6450594787	-992648.3008468507	-1.03403812226865e6	-1.0757112923059603e6	-1.1141020463469245e6	-1.1498808056940807e6	-1.1927933618231823e6	-1.2265041025269364e6	-1.2630100697078423e6	-1.2994946563402752e6	-1.327245919341836e6	-1.3572604693240647e6	-1.4285473381774856e6	-1.4585048986532467e6	-1.470482037495501e6	-1.4963795188473782e6	-1.5367544124420944e6	-1.5640557905911824e6	-1.584510131484138e6	-1.5922962283222035e6	-1.6563282393637297e6	-1.6725444716465746e6	-1.722899517299642e6	-1.7376966929111222e6	-1.7777443617870708e6	-1.79235719461492e6	-1.8011385507033535e6	-1.8479952810652938e6	-1.8642765625977225e6	-1.8811209418222702e6	-1.8896326734029546e6	-1.9297608946983244e6	-1.9710090052072743e6	-1.983101785772972e6	-1.9861131500800701e6	-1.999719713366395e6	-2.096150493010551e6	-2.0382578356999585e6	-2.0756268322070807e6	-2.0999545055042086e6	-2.0966433956686582e6	-2.1133610110336104e6	-2.130650681305335e6	-2.1336186758581894e6	-2.137006078065656e6	-2.158389270994777e6	-2.1929874858208466e6	-2.236897915593788e6	-2.2321396479891306e6	-2.224576581199239e6	-2.2571089935852885e6	-2.239629271035961e6	-2.23356523402635e6	-2.2871005940048033e6	-2.257290236675512e6	-2.237213778856406e6	-2.29507995466723e6	-2.287731778949229e6	-2.294239481037123e6	-2.315027650980464e6	-2.330246390602842e6	-2.3224524342624927e6	-2.325683950664658e6	-2.3347412466676384e6	-2.3358309714843696e6	-2.344348067492106e6	-2.335565462661905e6	-2.341716281237294e6	-2.3981060564541398e6	-2.372653221037792e6	-2.3578998857988045e6	-2.3533883756922297e6	-2.3521192038191296e6	-2.3061202028153725e6	-2.356291788515525e6	-2.37543536940354e6	-2.360767408405083e6	-2.3807704600030687e6	-2.345248328296884e6	-2.318385151828712e6	-2.3296736349481596e6	-2.3642814889842803e6	-2.327579403739187e6	-2.343975099373932e6	-2.3374388273871075e6
1.160141661417618e6	1.1600694810962845e6	1.159978459233215e6	1.1596527276862625e6	1.159553691488123e6	1.1590137235671184e6	1.158225566677739e6	1.1573762369538357e6	1.1581112765240134e6	1.1559542595895599e6	1.154963406015641e6	1.1538394048737658e6	1.1543168806753603e6	1.1507777821354049e6	1.1573670582219558e6	1.1485367227251544e6	1.1458555991812763e6	1.144085871903858e6	1.146103480208708e6	1.1432728046248634e6	1.1400717401356641e6	1.133088138478657e6	1.1306469501838847e6	1.130600530724439e6	1.1277277088227158e6	1.124775113167485e6	1.103566144875014e6	1.1158755851579274e6	1.1188424199206317e6	1.1191732615785592e6	1.111844616611793e6	1.1012463875799067e6	1.0998085470745338e6	1.107679840638049e6	1.0942581080309984e6	1.1017782748458094e6	1.0911156925539335e6	1.0820204618518695e6	1.080128836873717e6	1.0732359160770888e6	1.059829415490986e6	1.0562744242711554e6	1.0441939566610091e6	1.0523079009122294e6	1.053387430804072e6	1.0320875803172332e6	1.0356451135297962e6	1.0279076251145493e6	1.0110417629624351e6	1.0212843253812809e6	1.0306255847190821e6	1.0040972803157445e6	996470.7715006412	998868.7806615524	980446.1893781453	976550.6493394482	963548.3987813658	948313.6709518183	938714.5534314367	925653.6122113449	933886.160543612	937779.3312205683	927062.9963852616	923795.1558031724	903777.962390278	878316.7597265366	871516.497263955	879773.1674137062	851375.2438452967	841662.7728177472	836596.7128689641	817817.9629114283	824190.7864416849	798418.6376466019	785522.808295758	766414.9828395365	775930.3772121578	742312.9233103336	732519.0062234371	709687.7165228487	699563.5156872268	671073.2144480825	670894.9384273398	660042.8872813581	623947.6237660216	603720.0143524937	581087.358322055	559813.3270246775	537212.4570271478	510075.87714544684	484724.3240389526	456865.01049657946	431702.1255321078	402820.80522947526	372459.58956026495	340409.0986421206	306832.5045097249	271566.4384451433	234570.34974662936	195808.87580527097	155320.0643175767	113141.31857053994	69225.33266274934	23291.742811684147	-25063.537743115914	-76261.41220915993	-130811.46039604559	-189386.71685286984	-252939.81990285567	-322934.6039537273	-401900.4931403806	-495165.9882995719	-620490.5650471356	-775131.6001803156	-824083.1901794844	-870276.1261481566	-915198.3194475463	-958254.8717003784	-1.0006535277192749e6	-1.0408174093233156e6	-1.0831482344900335e6	-1.1244636972368362e6	-1.1611316987142258e6	-1.1982642519564654e6	-1.2376742934488275e6	-1.2714637171509124e6	-1.3211747676709562e6	-1.3468454989668832e6	-1.384431390593731e6	-1.4296991298090436e6	-1.4659829620573863e6	-1.4854189453303518e6	-1.4985993434339447e6	-1.53126138362121e6	-1.6292553112174666e6	-1.6028185325397037e6	-1.6612562583940227e6	-1.669368663446545e6	-1.7182389968250256e6	-1.7367263947260233e6	-1.7533569352186557e6	-1.790358385701664e6	-1.8679121594015292e6	-1.832594713655521e6	-1.8454160923882017e6	-1.9070895791629797e6	-1.8888849214048076e6	-1.9129260563872743e6	-1.9182823214786078e6	-1.9623854716069459e6	-1.975661402024991e6	-2.0023436260455095e6	-2.05422869078986e6	-2.1212764185372684e6	-2.0736235682816852e6	-2.1223744145046966e6	-2.1147051234081592e6	-2.1104266590916617e6	-2.1311781446928307e6	-2.1321919970474727e6	-2.1729313775521675e6	-2.1712245975680063e6	-2.1943958890839005e6	-2.2000164870757014e6	-2.245422713315537e6	-2.2294560126415966e6	-2.239495374665224e6	-2.2751132537487624e6	-2.251847194021687e6	-2.26797180696553e6	-2.29161550208338e6	-2.3123748125302335e6	-2.312569925942586e6	-2.2769544908603495e6	-2.3147462613913836e6	-2.303520667599991e6	-2.2763944987285975e6	-2.3605230802002847e6	-2.354296560909938e6	-2.349195779246864e6	-2.3673116137980632e6	-2.3633763336387267e6	-2.3627988942147456e6	-2.362988618383796e6	-2.3848339855556907e6	-2.3735093633317323e6	-2.3933392562001785e6	-2.3744598098735856e6	-2.3818627268580794e6	-2.317618778816617e6	-2.3825724116666587e6	-2.3891337025511367e6	-2.3598886513131484e6	-2.3934206415468277e6	-2.3704206573697506e6	-2.3400925095897894e6	-2.360406629299002e6	-2.365680632900932e6	-2.3932473261490697e6	-2.370651417908498e6	-2.354036042922898e6
1.182088816312915e6	1.1819671324116676e6	1.181870898332446e6	1.1816638248757212e6	1.1812532778703687e6	1.180276150099591e6	1.1802864208605404e6	1.1788778264545975e6	1.1783428395562372e6	1.1777753596125387e6	1.1763930128566232e6	1.1749022829239941e6	1.1742004631923833e6	1.1729326176807303e6	1.170294876999547e6	1.167218189173704e6	1.1690018228412773e6	1.1651125872434918e6	1.1650535395346188e6	1.165013408964089e6	1.1632731048267176e6	1.1587862995063635e6	1.1537994480983997e6	1.1537773830188706e6	1.150310931305273e6	1.1466629345717735e6	1.1380768244964392e6	1.1381898461368724e6	1.1352757081931243e6	1.1386333410865478e6	1.1226141885439055e6	1.1218276877562567e6	1.1237706044111073e6	1.121249177894235e6	1.1319178740695831e6	1.117662620099148e6	1.116927996281581e6	1.112459743864554e6	1.1230449770159442e6	1.0956564481936316e6	1.089846465099061e6	1.0870934193934724e6	1.0747618859387867e6	1.0724576415134678e6	1.0719803798636047e6	1.056726803539579e6	1.05220768369692e6	1.0461628383037671e6	1.04151734628005e6	1.023533004572461e6	1.0431715870256064e6	1.0389041307702914e6	1.028853588774727e6	1.0131482600340683e6	995043.5071460105	1.007255394327539e6	983943.6888753318	976394.8664198142	975953.7680330691	968063.5954529117	953047.9195596837	963449.7174982759	951767.7685682478	918575.0903502351	942699.7908313901	903901.5266816823	907601.9463656635	900754.0598319786	905412.5535244074	870004.4122034486	881559.7689612122	849177.6022554074	833267.8080105151	839572.658705049	813556.4529155483	802849.7274859457	772497.4097655289	772968.9865130399	749141.4315765623	736200.7184832024	723674.5900168554	699377.8474272653	681512.2950824214	687303.245535046	664041.5541090352	626250.5650020832	612383.0865764164	586103.1099837206	566038.225363807	540888.6758370651	518252.1691066335	491522.8366995745	466616.5821828478	437003.08305980277	407904.05310091714	377092.5883659185	344605.3043300812	310599.2564403417	274844.63525748986	237362.6582884821	198083.58985520923	157055.31250268093	114310.78422166349	69796.79783564655	23226.158838069998	-25812.114694957156	-77748.89930914971	-133108.54262823216	-192586.86634049774	-257174.3961139014	-328405.27504317625	-408963.5065083706	-504637.4704333099	-636198.8820645788	-782141.4052151483	-831267.3381949163	-877706.3525295635	-922551.1920133934	-966818.8911654362	-1.0093494495165383e6	-1.0504522594192724e6	-1.092260797919649e6	-1.1195443060454258e6	-1.1699035489366783e6	-1.2089247115027376e6	-1.2616369513671e6	-1.2829816005033848e6	-1.3272474959760897e6	-1.3665968471308092e6	-1.393556992398565e6	-1.4254109575913867e6	-1.4500835791444166e6	-1.4959093880784449e6	-1.5082802104598403e6	-1.5604641295097356e6	-1.581428882783482e6	-1.6216539731897383e6	-1.6565993299456572e6	-1.7271379628527334e6	-1.7308935591925678e6	-1.7360131921928723e6	-1.7656540340304815e6	-1.7956813789803048e6	-1.8369435350058244e6	-1.8429923959837847e6	-1.852815726229287e6	-1.8869604707332228e6	-1.90754363541663e6	-1.9352946534094957e6	-1.9453479604894442e6	-1.9542156895950406e6	-2.0189094277756226e6	-2.0456625515783036e6	-2.0402878658467776e6	-2.1011731983577805e6	-2.1078723007351886e6	-2.1080791619591853e6	-2.1311210515137557e6	-2.1203324208859475e6	-2.1436897465811316e6	-2.1499929168716474e6	-2.1861248245616183e6	-2.1977996646592924e6	-2.186057177640764e6	-2.2754752885690527e6	-2.2590795929392744e6	-2.254084645701072e6	-2.289733792621362e6	-2.3028381448360234e6	-2.2742631350233415e6	-2.3211711481322013e6	-2.327135307968352e6	-2.3565474014516976e6	-2.3634085345821865e6	-2.3211708532976955e6	-2.34379367807646e6	-2.3568580381385973e6	-2.37143376346568e6	-2.382029516447181e6	-2.3889467881885096e6	-2.35254942845752e6	-2.385705433148751e6	-2.3822594524252154e6	-2.389723269237606e6	-2.3879286957968995e6	-2.387473298204192e6	-2.387425055203464e6	-2.3956796477668555e6	-2.39255615687026e6	-2.395121550588363e6	-2.411906013020778e6	-2.39018985255317e6	-2.4243684837839073e6	-2.363222868430837e6	-2.364051530209494e6	-2.36654072295718e6	-2.4070831570281424e6	-2.391133627385854e6	-2.406704419885339e6	-2.3908408141019046e6	-2.38243788837938e6
1.2042452540769833e6	1.2041493106261794e6	1.2041150373733207e6	1.203664597281105e6	1.2038908706244212e6	1.2028335023205944e6	1.2021138527351727e6	1.2020074604692063e6	1.2010318526436146e6	1.199640325348865e6	1.198506351631006e6	1.2016398163533611e6	1.1964481293442422e6	1.1946358371546075e6	1.1946028817331174e6	1.1912894061078357e6	1.1873121752001166e6	1.1888244436552972e6	1.1885319275410753e6	1.189275963196224e6	1.183212819777391e6	1.1820083454173552e6	1.1784187147899272e6	1.174270201834629e6	1.174598067738515e6	1.1781265940137538e6	1.1660759761489802e6	1.162001747882114e6	1.1612711461963349e6	1.158711081492286e6	1.148226621700663e6	1.155403844988263e6	1.157165132653438e6	1.1489935407354068e6	1.138192908843456e6	1.1417651121928054e6	1.1287048388546226e6	1.127344858776761e6	1.126641445739556e6	1.1190533005508282e6	1.1108111916038077e6	1.1101030070707095e6	1.101124171643441e6	1.093597973346933e6	1.0880281705154744e6	1.0949162288389113e6	1.071533485409368e6	1.0709067949459476e6	1.0650497012611325e6	1.070688551086928e6	1.058582540761047e6	1.0499465469484432e6	1.0470086009404523e6	1.0416942513365743e6	1.0312528923049972e6	1.0158926489454741e6	1.0235099570425226e6	997139.7602416875	997974.9721324984	989566.3811497415	976516.4280246291	963981.0756459609	968929.5071354096	953631.3816057987	950013.0735041329	937350.3772145231	930003.7537804903	916792.049944439	910060.3541846273	886738.438719338	880576.1194265616	873431.6024824431	855606.1680984762	858389.220693209	836376.7525144703	814423.4398887374	808848.0216425075	798026.2481721416	775567.2172316524	755489.7231923216	758691.5455630734	732758.8204138735	712033.5616042375	694315.8579455825	694360.9856041931	670931.4397407759	642824.6679681924	619209.3623157438	594785.7884181618	579369.3661235054	548291.8671656528	523659.2916664884	498469.30673648836	471048.3890705566	442873.5908244499	412661.9482016957	381789.7832830071	348952.7733422398	314384.16507126903	278166.83874056954	240163.63174087543	200368.60107006994	158798.56096063764	115485.73577720055	70370.99237605394	23160.2532013834	-26564.493785276776	-79244.31715752766	-135418.70163962338	-195806.9435622024	-261438.8937883277	-333922.4669526762	-416106.8342652372	-514290.0241132134	-653100.0095921026	-789082.4882238719	-838428.7504089992	-885250.8987648382	-930881.5211093265	-974668.4565741434	-1.0193015548209595e6	-1.058756707506654e6	-1.1028385330115512e6	-1.140566568854417e6	-1.187555673917291e6	-1.2164872416702674e6	-1.26332399187109e6	-1.2961344617963985e6	-1.3436187565021638e6	-1.3688157651081418e6	-1.4044887148422275e6	-1.4454578453199195e6	-1.563228961882273e6	-1.4921711855037299e6	-1.5375305650927944e6	-1.569996580547074e6	-1.6023223134915258e6	-1.617430433996374e6	-1.6745729407155088e6	-1.7008306009659104e6	-1.7575357465184007e6	-1.743074661108087e6	-1.786093723431079e6	-1.803506474971026e6	-1.8669269581780566e6	-1.8323004784158154e6	-1.8787570404736802e6	-1.891343351477722e6	-1.9547519273158202e6	-1.9473229872403338e6	-1.9691957424614069e6	-1.960389617239847e6	-2.0278795899037316e6	-2.0528713023089098e6	-2.0871614172052487e6	-2.106460767525982e6	-2.1114957910354007e6	-2.121497290799044e6	-2.1433865883226013e6	-2.129488688520031e6	-2.184332731476103e6	-2.295296742284078e6	-2.1713421445250763e6	-2.21414098759541e6	-2.2171768975458136e6	-2.258473757887068e6	-2.290287118543092e6	-2.2742337082583345e6	-2.307342034815397e6	-2.285941529892331e6	-2.288635646354678e6	-2.333590186664737e6	-2.3369731168930046e6	-2.369198070920787e6	-2.3562856856679413e6	-2.346638025669383e6	-2.361370466479686e6	-2.392017617520991e6	-2.3845443077860186e6	-2.405585030162812e6	-2.4171002528843097e6	-2.406656460588973e6	-2.4174205333399214e6	-2.4065345688414294e6	-2.413284375008989e6	-2.449446541980462e6	-2.387688610236313e6	-2.423745306083069e6	-2.428886506511517e6	-2.452996724825712e6	-2.4234521784508405e6	-2.433890378224522e6	-2.4329712062339904e6	-2.430148897399064e6	-2.3955473796336027e6	-2.403865901705291e6	-2.4205635437495904e6	-2.415484473854593e6	-2.415305916467943e6	-2.41641030677691e6	-2.4536752508540293e6
1.2265771987595242e6	1.2265977043783488e6	1.2263299979678304e6	1.2259716501865336e6	1.2260373761889685e6	1.225265706241632e6	1.2240995315025651e6	1.2249569111627645e6	1.2225539376531981e6	1.2222576642486507e6	1.2207098300657794e6	1.219879549669167e6	1.2214324320534035e6	1.2187425801516029e6	1.215384355871406e6	1.215461119432606e6	1.2111416257822483e6	1.2115248233905379e6	1.211331225614666e6	1.205505677766259e6	1.2020849426090503e6	1.2058203882237403e6	1.200934836373582e6	1.1981183496353687e6	1.1947894206452838e6	1.187000929052708e6	1.18930521486361e6	1.1877788536144588e6	1.1830166237291023e6	1.1794986383449805e6	1.1735705805911021e6	1.1760806357491766e6	1.1737521653701814e6	1.1757758065008689e6	1.174103088581428e6	1.1579618410934317e6	1.1611945902365982e6	1.1503908725012878e6	1.1551087457705329e6	1.1494909795293044e6	1.1382455039757658e6	1.1407135487358568e6	1.130680729685486e6	1.108115445585804e6	1.1069253951780319e6	1.1096441122860159e6	1.0984496908439961e6	1.0970792660052504e6	1.0793997405080376e6	1.101039433270445e6	1.085779431405841e6	1.0636230745311237e6	1.0850784251497784e6	1.0567605781984446e6	1.0608017629723235e6	1.0379386675047752e6	1.0325583158343208e6	1.0269964255160582e6	1.0177848682823486e6	1.0205420951773229e6	999089.4442060527	986156.805917942	993508.1693823314	975828.5416462785	965495.5509409041	928829.3226664062	962231.8382801408	947563.8975366661	931984.854184557	926604.0872879653	921487.2491477791	894458.480787038	889290.2926487341	859101.125708828	863048.5396180821	821535.3820580568	827940.594344194	829606.6709661174	792503.4056473635	788593.5396220144	777371.1198023264	763009.4764332332	739608.8362587363	724769.9016519338	705718.4657913023	692016.8980576824	668621.095200024	646458.5900136385	624204.0862884393	599792.1209369546	579671.7400690102	556465.4685154154	529871.1785789644	503537.07300405274	482329.8640100993	447525.0689117629	417779.8797801102	386363.81252243975	353202.6279455628	318197.36988654314	281493.2703645071	242981.38887842617	202663.82793717738	160549.73973512882	116666.12803029874	70947.89487723389	23094.030184651492	-27320.64866227773	-80747.61877784017	-137741.87974616536	-199046.90929783508	-265733.3710258249	-339486.6035355986	-423332.3964323881	-524135.2469487435	-671640.4147222415	-795983.6747045999	-845589.1893174325	-892845.7267354836	-939024.2972639131	-984202.8972140697	-1.0279294969952165e6	-1.0700098856759865e6	-1.112097491674477e6	-1.1541559247097245e6	-1.193313047140178e6	-1.223696634917863e6	-1.2680347018851496e6	-1.300550875219507e6	-1.3228920462448124e6	-1.391499994157479e6	-1.4065123995481695e6	-1.4447470222344163e6	-1.4847227195963322e6	-1.5100916037565062e6	-1.5499241368714797e6	-1.5871854721010404e6	-1.6066966233849956e6	-1.69176616212159e6	-1.7419056141746442e6	-1.7556972189456963e6	-1.731597070387507e6	-1.7738268406098254e6	-1.790888003247354e6	-1.8047802932213687e6	-1.8703525277715947e6	-1.8418192588247324e6	-1.8873363141035007e6	-1.9364874439372562e6	-1.9519406062849646e6	-1.9994650397152568e6	-1.9972666345356235e6	-1.9633397833912785e6	-2.0410227367167205e6	-2.0701674481668111e6	-2.082621557389876e6	-2.080723901393091e6	-2.1461436924498267e6	-2.1358032743290793e6	-2.149136278143904e6	-2.1640154725050125e6	-2.1977444628303787e6	-2.195153348822277e6	-2.200229381199238e6	-2.216321703471668e6	-2.2362107992831124e6	-2.277822782516285e6	-2.2899910773856435e6	-2.289088902083652e6	-2.3349316234422037e6	-2.2876090068146167e6	-2.3360941919509657e6	-2.3401337075429726e6	-2.377010923961539e6	-2.3264509643088924e6	-2.3859016495855907e6	-2.369471113798553e6	-2.414206231919526e6	-2.417420418234179e6	-2.3955694966329504e6	-2.405935594611861e6	-2.4265875784902954e6	-2.4471319435998863e6	-2.4149587038849145e6	-2.398204205552507e6	-2.4288394538024105e6	-2.4340962814801913e6	-2.441765398104565e6	-2.4510603768945895e6	-2.444475110643822e6	-2.455975654341164e6	-2.4502609312719572e6	-2.444786588910438e6	-2.4603779733697297e6	-2.447188806475659e6	-2.4419583208386535e6	-2.437865832961901e6	-2.446380342303911e6	-2.436843375794351e6	-2.4192544404987516e6	-2.4258476364821363e6
1.2491105291517181e6	1.2490422276536752e6	1.248931931123902e6	1.2485748366789585e6	1.2481118972495263e6	1.2477060372516732e6	1.2477955689244133e6	1.2464310298238017e6	1.246669574918391e6	1.243619088906645e6	1.242955685049201e6	1.2279286013971632e6	1.2415732916337862e6	1.241149516720724e6	1.2403474366296916e6	1.2404888015882717e6	1.2368653726273694e6	1.2316339235185408e6	1.2342829957902464e6	1.2295625390344942e6	1.231940465756406e6	1.2291193569297427e6	1.2272112038541113e6	1.22205874272052e6	1.222308270369437e6	1.2160364622945902e6	1.2138710518892647e6	1.2102231053718475e6	1.202884081193448e6	1.2019478766903263e6	1.197493898370984e6	1.1980567726248663e6	1.2113648406895672e6	1.1901958681816924e6	1.188023827283857e6	1.1854189443849688e6	1.2133588244100043e6	1.1859377047560536e6	1.1838805611957312e6	1.1538106008260017e6	1.1596548787733712e6	1.1601854493160802e6	1.1440918602641805e6	1.1521069962889203e6	1.1368958141488053e6	1.1198063813470795e6	1.1343765088590712e6	1.1118791859780133e6	1.0988123872984506e6	1.115047449217916e6	1.1003343069904912e6	1.0901744163144405e6	1.0942456735321581e6	1.0969439658505714e6	1.0845952510412089e6	1.0637631031992272e6	1.0636881344695727e6	1.051640769646463e6	1.0342276933210075e6	1.0673075586049668e6	1.0338505516671224e6	1.0227950386657638e6	1.0059150900499655e6	1.0110725138991686e6	997454.1914962104	979876.8827700063	983728.3320819604	966154.8717193049	964308.0417809618	949926.5124615099	939202.0581491811	931196.627076152	908630.878868341	912845.3638500834	883134.6162717908	868467.8665147517	834482.4969152395	847686.9057162507	837631.1587690099	806547.218784191	806457.7559846526	785747.7772118943	769366.5614565813	748716.2704377968	750477.9807434465	712017.6868083352	711239.7012002143	686221.9319856938	654122.5741506863	635739.765751132	610988.0184424545	587850.7082756928	561860.3093004161	536777.5147607693	510081.3843952562	483594.46792015375	453542.7676814081	422293.1354660238	391092.2025358466	357550.2313140128	321997.8066273682	284819.4606820316	245810.76996110717	204969.17867468204	162308.78487439663	117851.91526582988	71527.48406036117	23027.489153293427	-28080.553528995253	-82258.7568749534	-140078.01694936282	-202306.72129411972	-270057.8885422391	-345098.13622734486	-430642.27061641216	-534186.4218514364	-692638.2004269301	-802851.6505018615	-852761.1168012416	-900510.3040562104	-946772.5588211331	-995972.9264987826	-1.0358799047190829e6	-1.0794963283273533e6	-1.1228127482970564e6	-1.1639873185666788e6	-1.2036723726965173e6	-1.2346139885720394e6	-1.2711564344706454e6	-1.296215495841224e6	-1.359300578193735e6	-1.3844556715622337e6	-1.4166099015489395e6	-1.4454550552858284e6	-1.5042680734354046e6	-1.5321043684167003e6	-1.561460694086639e6	-1.5942780450233321e6	-1.6111271811141775e6	-1.6738039289066775e6	-1.7054046229251346e6	-1.7502870418077635e6	-1.7618926421331863e6	-1.774330138532018e6	-1.8036856902055077e6	-1.861744239778993e6	-1.867679038896098e6	-1.8789258670630024e6	-1.9236506927903683e6	-1.9253711014548035e6	-1.9649590125587399e6	-2.02006670721377e6	-2.027528394304422e6	-2.0415381125612173e6	-2.0511576484923891e6	-2.1214698908346947e6	-2.089333122652076e6	-2.1493826747682104e6	-2.1305630084938323e6	-2.1738644197490793e6	-2.187602861727684e6	-2.197261993115276e6	-2.20498202762633e6	-2.2198075047852537e6	-2.227891632747731e6	-2.2594624975739047e6	-2.275393297712573e6	-2.2789538234294904e6	-2.326909476626985e6	-2.308806570574753e6	-2.3330544220852777e6	-2.2938104899705723e6	-2.369803818686055e6	-2.3347357242135927e6	-2.429299234246049e6	-2.389655655674858e6	-2.36432289676266e6	-2.3608572685091114e6	-2.417414809071555e6	-2.4323729885848034e6	-2.4544966127379304e6	-2.4310993802525997e6	-2.4586190145213986e6	-2.4252621481026523e6	-2.451161732545865e6	-2.460219877924719e6	-2.4697542066538315e6	-2.4647380440083416e6	-2.495330715273983e6	-2.451568222750134e6	-2.4740661518593878e6	-2.474316236380266e6	-2.457173959638348e6	-2.4767766795483036e6	-2.4853016946461983e6	-2.4736137850356484e6	-2.4900217969323834e6	-2.466057555552614e6	-2.47818934166022e6	-2.4694868071659077e6	-2.4711381649201512e6
1.2718488084394548e6	1.2717016967296875e6	1.271675377103861e6	1.271513581441733e6	1.2708339899987807e6	1.2711724798868874e6	1.2699276849977341e6	1.2695287468262706e6	1.2686579995570988e6	1.2682137044874602e6	1.2660698261233051e6	1.26513949849448e6	1.2640444148428184e6	1.260024593358026e6	1.2612239098907032e6	1.2596080482832398e6	1.257818120266669e6	1.2558533059134171e6	1.2528802993169622e6	1.253017632430071e6	1.2510913623122002e6	1.2651458422514575e6	1.2525006680657594e6	1.2454097405864638e6	1.2378165819306285e6	1.2393214814284293e6	1.2367838384183014e6	1.2325414591811376e6	1.2239725730649545e6	1.224670184020981e6	1.2199226809001775e6	1.2235402450214368e6	1.2180267506993308e6	1.2193481670300446e6	1.2114707730418094e6	1.2075077735335531e6	1.2090141550050431e6	1.1962038689528476e6	1.1990136524065267e6	1.1936157253384315e6	1.1936404666325764e6	1.1811556179705763e6	1.1690210215764106e6	1.171256726406634e6	1.1632695986382344e6	1.1585607791627701e6	1.135777158134665e6	1.152205977617429e6	1.139385330229775e6	1.114570722864117e6	1.1349156251814e6	1.1155078221795408e6	1.1023553098723856e6	1.0967388107223967e6	1.1053540770146796e6	1.0935691015709431e6	1.0971154993879711e6	1.0829810379831812e6	1.053901567020263e6	1.062307341805669e6	1.0647182050917018e6	1.056624423806348e6	1.028678998025698e6	1.0235125084344435e6	1.0116239912899905e6	988934.6303931805	1.0061442939808215e6	1.0236656828275223e6	994749.1756663704	978051.5324342179	949956.9046997196	950286.2750125683	934669.7156629064	931645.9679363262	911730.0041604455	880939.3485793362	889443.7052789303	868889.1032635905	856047.5424509712	842292.3337119536	834348.3189676739	796277.7435063391	779377.7994316642	776993.6792508449	767367.3320826387	744958.3667190128	714497.6104687445	703161.1159742831	666136.4225762903	662660.033292573	643609.0341369002	616054.3364082398	594492.1615370386	571968.3624382841	543485.8071734945	518262.8803549664	489503.66021326045	459507.81926378293	428092.9295304882	396028.03326437424	361749.04396274744	325849.89066040865	288164.90217622893	248649.91145598423	207284.66534475877	164075.62789246044	119043.0538553152	72109.73703476321	22960.634802205022	-28844.184936246136	-83777.68530438957	-142427.0562312461	-205586.34085819405	-274412.51540651196	-350757.54027773044	-438038.6814827388	-544458.8611634644	-717735.6742297381	-809698.7215802397	-859933.972959785	-908120.0341227422	-955010.1152671704	-1.000934364649473e6	-1.0463084036724104e6	-1.0890731857914554e6	-1.131464736282495e6	-1.171120461872863e6	-1.2173136720903593e6	-1.2510304836854974e6	-1.290984112913205e6	-1.3337375327592727e6	-1.3715438521783513e6	-1.4034428164355855e6	-1.4265267224215774e6	-1.482097433890951e6	-1.5089360104407866e6	-1.5454295942723623e6	-1.5759807848050424e6	-1.5914084024798463e6	-1.6836268943266186e6	-1.6996526251955025e6	-1.743419055204359e6	-1.7681171687682972e6	-1.771103092685898e6	-1.7639035253081082e6	-1.8281515080284888e6	-1.8603382931288292e6	-1.894724867296255e6	-1.8984474177863386e6	-1.9071038330163623e6	-1.951272641884757e6	-1.994545810330128e6	-2.0251436611559156e6	-2.0318010992504957e6	-2.0203700941584592e6	-2.0654163687845694e6	-2.109751402967401e6	-2.1218488502739416e6	-2.162979400862379e6	-2.179609649631859e6	-2.1690740447001457e6	-2.2381344858671986e6	-2.221855586653676e6	-2.233064025339867e6	-2.2581366937853443e6	-2.2719404228372844e6	-2.282226950155896e6	-2.293780463998818e6	-2.336519320429814e6	-2.3500930152742025e6	-2.3420894926796695e6	-2.307262064250257e6	-2.350823126834793e6	-2.4193181410066374e6	-2.4473244447968462e6	-2.429575211417637e6	-2.4175139046056205e6	-2.422481675155811e6	-2.414304306561522e6	-2.4562380899325376e6	-2.4577342458402e6	-2.461003489112e6	-2.455574220287256e6	-2.473812189531586e6	-2.4688131671295995e6	-2.4604469049196383e6	-2.488712573014495e6	-2.468391974039333e6	-2.4587671300615715e6	-2.5143194996674163e6	-2.500405660613016e6	-2.5004149698269814e6	-2.496248296381533e6	-2.5005914009286994e6	-2.5033885607931176e6	-2.4952207170745376e6	-2.471562649704729e6	-2.511611901144581e6	-2.482950610868104e6	-2.5040467062308965e6	-2.5042180322729982e6
1.2947841493723162e6	1.2945739007533838e6	1.2942257116872096e6	1.2941938636447228e6	1.293957761623155e6	1.2896312198086898e6	1.2930522924454922e6	1.2919282390938844e6	1.2910317520160594e6	1.2919941096275472e6	1.2892103328091581e6	1.2888014448628407e6	1.2880977625589133e6	1.2859592286008627e6	1.2843991007522983e6	1.2792238021080573e6	1.2813046520544963e6	1.2813091610992346e6	1.2797496183222788e6	1.2752388487653304e6	1.272907477088808e6	1.2709977643861617e6	1.2693342101452136e6	1.2687957236932062e6	1.2697701106497904e6	1.2640798419313245e6	1.2591267204201063e6	1.2536100935068931e6	1.2511074890999356e6	1.2509993542442734e6	1.2472747705997443e6	1.2295795399042184e6	1.2365641977364137e6	1.2317946740227693e6	1.237162787017061e6	1.232579116571957e6	1.2232383627628891e6	1.2317761007092826e6	1.2171204366185553e6	1.2204861944411122e6	1.211786262681193e6	1.2011154155810776e6	1.1997971569071445e6	1.194068340685066e6	1.1784010538251232e6	1.1831739632676186e6	1.1771843650117358e6	1.1568178261421213e6	1.1733542121742624e6	1.1337863414076762e6	1.1387493584865162e6	1.1469498523306525e6	1.129923593541904e6	1.119623789392636e6	1.1049197408432602e6	1.1512696124515943e6	1.107251682260847e6	1.0896513837941084e6	1.099098486466661e6	1.088670431444198e6	1.0797546997441552e6	1.0808221298733733e6	1.0561623958635298e6	1.0441675975075378e6	1.015032770630118e6	1.0230984123455884e6	1.0207444063570143e6	1.0123378615296197e6	984577.8912150632	999706.9336235658	987108.884226236	968558.0827084245	949554.8084013835	949017.9656846508	930063.2064429512	926056.9490186207	911067.3628682008	894028.1452472019	875428.0168820157	870389.0379672861	851335.1131077124	840594.2595532092	818378.7021046781	808068.2030581818	793759.9244160005	773301.9193352354	750615.2818171845	729596.5969210798	713618.1765839034	692091.0488853017	674171.4029976715	651644.5409111909	626256.3044410036	601720.3023503271	577871.3432714412	550074.6327561891	522622.23720462737	496103.82659494143	464862.0848967177	432466.6321642718	400779.7358015643	365383.0651309304	329643.3503313649	291524.4943924926	251502.50059315038	209610.04616197315	165850.22234453482	120239.49851213791	72694.63336669537	22893.469112959458	-29611.509923721198	-85304.35463885707	-144788.9406035114	-208885.73130601645	-278797.3267194147	-356465.3182044409	-445524.0306461237	-554970.3745094533	-746179.7312280049	-816531.1851794543	-867132.0790330882	-915705.0025929785	-962931.4231657267	-1.0084165603889285e6	-1.054071401011606e6	-1.1005234642577434e6	-1.1369106995459564e6	-1.181598061590213e6	-1.2259721574281778e6	-1.2607758054950957e6	-1.3004900272575745e6	-1.340490658991895e6	-1.3784027682506375e6	-1.4204828529847914e6	-1.4604777541812265e6	-1.4793579820646585e6	-1.520408480862024e6	-1.5543747798285487e6	-1.58923322716383e6	-1.6393591924336983e6	-1.6749814658821763e6	-1.7187187159314735e6	-1.7550469953457208e6	-1.7609915272869987e6	-1.7676340239374668e6	-1.8122640023313917e6	-1.8374608611857344e6	-1.8702261905028147e6	-1.8871374333085709e6	-1.915187194506169e6	-1.9907913391458003e6	-1.972578999931534e6	-1.9941087844141398e6	-2.050022145562704e6	-2.072289024404409e6	-2.0513666623950752e6	-2.0712369470799568e6	-2.1382444963596426e6	-2.1491687938194927e6	-2.1799157666010335e6	-2.1701198103397246e6	-2.2086261564987563e6	-2.2219308111622212e6	-2.2401375911959e6	-2.253235657263294e6	-2.2354192475621616e6	-2.3103094516582964e6	-2.302430094589996e6	-2.311207245766362e6	-2.34877506856676e6	-2.3743189131910345e6	-2.37626226480255e6	-2.3684321224792954e6	-2.3792285118288575e6	-2.401660334084184e6	-2.4046950732564665e6	-2.454770298227857e6	-2.451242073959859e6	-2.439417573227958e6	-2.4164657973611066e6	-2.4686493334264243e6	-2.4902725271987002e6	-2.4535937565939073e6	-2.4704747669350365e6	-2.4876966366459327e6	-2.494931275781839e6	-2.497659765374898e6	-2.514338269049729e6	-2.439718797315768e6	-2.5103744483642085e6	-2.5087112629094133e6	-2.47399314085655e6	-2.525400034504e6	-2.5341378721204987e6	-2.5156906081465874e6	-2.526540976490029e6	-2.5329965733800223e6	-2.4966172264444213e6	-2.5114634682656117e6	-2.51423574351699e6	-2.5208565200098837e6
1.3179017921717856e6	1.3177568726118817e6	1.3173422373780725e6	1.3174580278104735e6	1.3170298427926872e6	1.3166392266383616e6	1.3156638155245646e6	1.315282694562638e6	1.314313224467144e6	1.313656604000547e6	1.3029542597612885e6	1.312590902138994e6	1.309606812379208e6	1.3096943692547316e6	1.3072708067169343e6	1.305676897051121e6	1.3042662952547707e6	1.304599609585399e6	1.3056968804724943e6	1.29774445445485e6	1.295385134315283e6	1.2945506587489853e6	1.2906293585025282e6	1.2876100329561892e6	1.2862922051612148e6	1.281904796627121e6	1.2854714985976117e6	1.2766579253057097e6	1.2756984918154583e6	1.2711542557620874e6	1.2694087343223908e6	1.27301145384923e6	1.266433022153129e6	1.2585192707830465e6	1.251929122362333e6	1.253443558575323e6	1.2523843747055684e6	1.2455331906865584e6	1.2287383926554816e6	1.2339361069985104e6	1.235250655909957e6	1.2111245110982412e6	1.2317368579178182e6	1.214268789234379e6	1.209706884226438e6	1.2003579496634933e6	1.1883087788478043e6	1.1790809147046993e6	1.1809586352345513e6	1.1885191255715233e6	1.1743361750532999e6	1.1630773160749373e6	1.1508931114743464e6	1.157563641627177e6	1.1454923755613298e6	1.1467479973154557e6	1.1712778220934514e6	1.1463161487051477e6	1.1182501371772322e6	1.1216424086183454e6	1.098445544413405e6	1.099983611832633e6	1.073016385909156e6	1.0556096818298772e6	1.0627194965771455e6	1.0558509742955132e6	1.0480417024701785e6	1.0219642346389382e6	1.0315492985114742e6	1.0156909899326391e6	1.0281520866476562e6	998766.8691978867	995520.4282194199	974456.3536698059	956910.475789133	941753.8322270233	942658.2186465337	906570.4938106423	908975.3978205691	914187.4009709668	889981.4002318659	867835.9664326799	853516.5502761441	831426.1504833337	818554.663346704	794435.6834480307	785734.4255852991	743622.5787213853	724545.0607737591	727303.4437995057	707623.9792786769	687038.063233122	662455.2278697997	642213.8204208785	609364.0212834654	585465.4447971521	557852.6150560215	530814.362601147	500800.1686972646	471804.3131861014	438616.94693104853	404897.39715678093	369900.54429519665	333603.5641718457	294922.32018374524	254367.0148301709	211945.1559084874	167632.45323008334	121441.20574513602	73282.15279436158	22825.993898597546	-30382.504167026374	-86838.72179142642	-147163.61450061738	-212204.858109931	-283212.40335937054	-362222.0018778087	-453100.91188597353	-565741.8746365099	-762293.0017543065	-823368.8720071497	-874335.1259632478	-923508.4374200737	-971004.0047812101	-1.0172125746932791e6	-1.0627470739296714e6	-1.1051900242984903e6	-1.151395674862479e6	-1.1889895411873732e6	-1.2322735144394904e6	-1.2662770968196674e6	-1.3170058376460082e6	-1.361267957131751e6	-1.3843986066165122e6	-1.4366320650318668e6	-1.479679115911565e6	-1.5122185303256211e6	-1.5386047593551043e6	-1.561148281726321e6	-1.6079165935626489e6	-1.6291879317739608e6	-1.66172351311303e6	-1.7067584363146622e6	-1.7614489198051488e6	-1.769791092568544e6	-1.8011406798154202e6	-1.8119018740207425e6	-1.8666612205473392e6	-1.8812460254882697e6	-1.8777563715573868e6	-1.939904038474939e6	-1.958557363547778e6	-1.9904693137344217e6	-2.0082827987040153e6	-2.0825199886378704e6	-2.0418551028822188e6	-2.0983964599245246e6	-2.086553548779145e6	-2.163191262082558e6	-2.159859992639832e6	-2.2029694007250816e6	-2.2168402881040983e6	-2.2080740852228226e6	-2.255054848756035e6	-2.240184744057023e6	-2.2519445043219645e6	-2.262593130011618e6	-2.297573426121424e6	-2.3006266735077556e6	-2.334091005480922e6	-2.3680487255137395e6	-2.383436182164886e6	-2.366963608598115e6	-2.4189625123708043e6	-2.4253951854169993e6	-2.458427522273124e6	-2.446000311897087e6	-2.4444468776441375e6	-2.4537775511031896e6	-2.4494683576094024e6	-2.4376658621721948e6	-2.487090015990532e6	-2.5141692652409635e6	-2.4868481049939077e6	-2.512362271008469e6	-2.5254892521642447e6	-2.502932806822518e6	-2.5034215032126084e6	-2.531713668966825e6	-2.527373456715529e6	-2.5307538249761937e6	-2.5243608305769414e6	-2.5183488871043427e6	-2.535531754223505e6	-2.5604391360817365e6	-2.5440129304720266e6	-2.5561842302578194e6	-2.559710330342316e6	-2.5306759605126902e6	-2.5337795947700366e6	-2.5331902265593335e6
1.3412250663846876e6	1.3411479158983517e6	1.3410493320147663e6	1.3406728036133484e6	1.3404196029443368e6	1.3394755710917856e6	1.3392312759911083e6	1.3385811365608908e6	1.337526978639191e6	1.3380108645992489e6	1.336164868265196e6	1.3351243380290614e6	1.333011656490111e6	1.3318667964500824e6	1.3299800970063163e6	1.3295761589413055e6	1.3288067265394514e6	1.3258189667955071e6	1.3248372863917311e6	1.3240694092198163e6	1.3162633117817994e6	1.3186431285935114e6	1.3158075646077432e6	1.3143714115170292e6	1.3190905623757674e6	1.3141042508597637e6	1.310147454704852e6	1.2966272542678337e6	1.3055294350389373e6	1.2974061336234058e6	1.2888038372392016e6	1.2950458934895522e6	1.2789651637136766e6	1.2549431132164253e6	1.2770735481808519e6	1.2757535573119156e6	1.2888504169817646e6	1.2635639354152859e6	1.2818333839144222e6	1.2684813341339256e6	1.242345935692697e6	1.250716530349399e6	1.247030041795494e6	1.2362587527543635e6	1.236543250730565e6	1.2314430468753818e6	1.2204209357859755e6	1.2241393053958118e6	1.204781939981452e6	1.1931963698314517e6	1.1902214210849965e6	1.1747242942379785e6	1.1719262377761106e6	1.174312565059032e6	1.1652922482950944e6	1.1580302854320724e6	1.1602017521383397e6	1.1757215597250874e6	1.1438587174930829e6	1.1329119519198772e6	1.1234722055322547e6	1.120865739003898e6	1.1077259527175357e6	1.1044123825248892e6	1.096040740568047e6	1.0771977288058158e6	1.0613502877348524e6	1.0548182801489518e6	1.0582890860057203e6	1.0233795785066906e6	1.0256373207638904e6	1.0254407058282637e6	1.0093572186413798e6	989923.5848969598	974747.7447722086	966186.4156304975	958926.3523085886	949972.791220294	935994.0223608948	945739.5832029161	899440.9458737841	906667.8061330481	879331.3314262966	861746.5709140667	859893.857340324	828161.9358908185	808415.5850066061	789190.0253132287	776407.6715657006	741748.5814669196	743341.0922710452	717360.6878872734	687629.3763153516	670817.3634730432	642124.7244194443	617257.0372067315	592889.8200669723	564732.9851513936	537902.8755689892	507130.0523948254	475962.87460125075	444153.2031435834	410805.2174195547	374762.102732674	337452.85129652556	298281.3610893388	257243.71035001532	214290.38979149726	169422.30138073862	122648.13238025829	73872.2928273629	22758.212251198478	-31157.14788595261	-88380.73925576196	-149551.01434113784	-215543.68851141422	-287657.83271204703	-368028.1530680591	-460772.13429351174	-576798.1902241458	-771847.1397845529	-830176.2500440625	-881556.397114651	-931073.3570015982	-979406.9095673764	-1.026473145471704e6	-1.0706988588735887e6	-1.1163331380387659e6	-1.1608788244743387e6	-1.2012173261547463e6	-1.2453495011772106e6	-1.2921185037391137e6	-1.3272923439677467e6	-1.3640847741678592e6	-1.3998023814963892e6	-1.4433879025722167e6	-1.4915746570279223e6	-1.5251641613013928e6	-1.535189210901064e6	-1.5763097254276236e6	-1.5905360954988285e6	-1.6573380757765842e6	-1.6807378035595634e6	-1.7337973747645786e6	-1.7570645129380443e6	-1.7817506061244796e6	-1.800862719834389e6	-1.831065870501294e6	-1.8649320678158647e6	-1.9174650597764102e6	-1.9236433313697267e6	-1.9601023596974986e6	-1.9663064820716872e6	-2.0012995810934382e6	-2.0250746399087787e6	-2.0145296210181003e6	-2.0555629476796414e6	-2.100292720756919e6	-2.1417039717573654e6	-2.177781026066594e6	-2.162782184526218e6	-2.2091562433585534e6	-2.2236171971385423e6	-2.2349978034615936e6	-2.2541735950598754e6	-2.287853337284187e6	-2.2550668193982113e6	-2.293844066702662e6	-2.316614414051736e6	-2.3334195451285625e6	-2.3543968917647125e6	-2.4495738230733126e6	-2.3962241311858986e6	-2.383868533679419e6	-2.4002689371409407e6	-2.4416951790837767e6	-2.464328990968042e6	-2.470611612855484e6	-2.4725667908017775e6	-2.4699257499685595e6	-2.4778340102373073e6	-2.4825251995166466e6	-2.526195526024312e6	-2.534113367446038e6	-2.5311283083507167e6	-2.5276327640745677e6	-2.5428362938362462e6	-2.549219318997266e6	-2.5644671778109027e6	-2.558432853346546e6	-2.5667386522262767e6	-2.545115495184064e6	-2.5344496869542887e6	-2.543507879068926e6	-2.5670533711631363e6	-2.5920082292017536e6	-2.5527224923369326e6	-2.5725276071066605e6	-2.585196243376944e6	-2.534867848549364e6	-2.5776873978299713e6
1.3647425882522191e6	1.3646109426839277e6	1.3646067927224752e6	1.3638657875006022e6	1.3641338830402442e6	1.3634867488560127e6	1.3630987327688655e6	1.3625007932193615e6	1.361427807423959e6	1.3607391044877025e6	1.3601924481640025e6	1.3592969463827782e6	1.3589657134671279e6	1.3565593390835582e6	1.3552062911759748e6	1.3533046371475854e6	1.3507774356309727e6	1.3495824743743395e6	1.3501880322526454e6	1.3475029296186673e6	1.3451969471578584e6	1.3366335348561755e6	1.339287450053957e6	1.3362268371307836e6	1.337139213865411e6	1.3332032848755927e6	1.3321697934474382e6	1.3275467160976115e6	1.3219369000787071e6	1.3214093628574677e6	1.3134500287890844e6	1.3126024749798123e6	1.3014486569987072e6	1.303297331894664e6	1.3027872170134992e6	1.2923893646573748e6	1.3009503520037176e6	1.2922253675698538e6	1.2958583532873369e6	1.2813567922803978e6	1.2824391089898888e6	1.2729231802507425e6	1.288347986539096e6	1.2715826439074394e6	1.2739215027341894e6	1.2440758169559755e6	1.2494449421696055e6	1.2394236991896864e6	1.231600053598427e6	1.2295448654073207e6	1.2228536114354886e6	1.2138817971056304e6	1.1937686851741048e6	1.1953432936965292e6	1.202799700943909e6	1.181433804162254e6	1.1713053626598106e6	1.1756208762978367e6	1.1957502046561264e6	1.1578569171921904e6	1.1346841721162451e6	1.1512030618303958e6	1.1229729319158094e6	1.1292632874835923e6	1.120635898348506e6	1.1125463421918028e6	1.079634050851252e6	1.0818735794071213e6	1.069894856626499e6	1.0674655230460728e6	1.0535010326865402e6	1.0323827521999514e6	1.0225456889263564e6	1.0227558995585799e6	1.0049209081190252e6	1.0006342453641412e6	985674.2462022417	988883.3642528057	958011.6745933464	944342.862214197	950061.677999214	919156.2708570601	919355.3597990305	887411.2426754035	879287.379156901	856000.6310845756	838651.9563289956	825594.1816958017	800044.1309868349	781894.7539343653	753425.675822896	753743.7277112366	728564.6322081769	692436.8230307976	672420.0374731692	650967.6944510406	621680.00188356	598432.9011974956	573818.0607576094	544282.5458388756	514180.89925134217	482386.48167619726	449138.09500742843	415150.59004870406	379127.7453914003	341317.46617838205	301681.6419362142	260132.64970897394	216644.97676811612	171219.69414210075	123860.23543990892	74464.99423898291	22690.128171658376	-31935.413621933898	-89930.36552612693	-151951.112113263	-218902.19227991323	-292133.71056884504	-373884.36687230575	-468540.7414219144	-588169.163805977	-779752.6677172908	-836982.4318735022	-888740.5395596263	-938385.9294257399	-986478.4862508352	-1.0340204502934606e6	-1.0809292240533235e6	-1.127275578423139e6	-1.166175781714611e6	-1.2158591119490855e6	-1.2614221758239095e6	-1.2957224070383564e6	-1.3343726739543236e6	-1.3647333747144945e6	-1.4125725130585737e6	-1.4577756425020786e6	-1.5007179148332386e6	-1.5258232401319596e6	-1.5695830618992134e6	-1.5924479517445194e6	-1.628622291379907e6	-1.695935197582462e6	-1.7141212451267198e6	-1.722199299362277e6	-1.7731395882453064e6	-1.795974330952346e6	-1.7997956364607944e6	-1.8462967370912128e6	-1.8761028466069486e6	-1.9384222229479908e6	-1.8522616734415537e6	-1.9629250198840534e6	-1.9936253471993625e6	-2.0348568684056664e6	-2.047784142033642e6	-2.077601278613201e6	-2.106508835048537e6	-2.135616302871541e6	-2.1133597492931066e6	-2.1757784068312123e6	-2.182371716197742e6	-2.259785770467274e6	-2.243921827796934e6	-2.266773654651616e6	-2.2876612801395403e6	-2.2769606890935786e6	-2.30451117643556e6	-2.288091854790464e6	-2.327295358395002e6	-2.3243316185032614e6	-2.4160104397326363e6	-2.427842244381937e6	-2.4205927897700556e6	-2.416739663226908e6	-2.4143060889485385e6	-2.4443513664508406e6	-2.4703473251229757e6	-2.444195684595746e6	-2.4822138357647825e6	-2.508924370119361e6	-2.505772895033055e6	-2.5223615758399107e6	-2.516814715095008e6	-2.5387555054558534e6	-2.5468729323865175e6	-2.550106905469753e6	-2.5618749925960945e6	-2.55196948415701e6	-2.570817525800351e6	-2.585522562405168e6	-2.5713501665832642e6	-2.5710467476799535e6	-2.560354609777608e6	-2.5653549803772597e6	-2.589314172364074e6	-2.612157574808224e6	-2.616079434138205e6	-2.6066442357742386e6	-2.590492356961786e6	-2.5589764188677305e6
1.38846118238958e6	1.3875333014862502e6	1.388267518947884e6	1.3880870747016838e6	1.387465188710152e6	1.3866982426285082e6	1.386598485872635e6	1.3857940915644674e6	1.385300703894481e6	1.384620614640992e6	1.383959100947078e6	1.3808532544975274e6	1.381799854043287e6	1.3788550577810155e6	1.378426600769139e6	1.3756611893575848e6	1.3761023675655564e6	1.3735160385704897e6	1.371219355206948e6	1.370434212968328e6	1.3654081776426134e6	1.3656489700206749e6	1.3668421952489633e6	1.3600359362093436e6	1.3595392962988412e6	1.349046636041513e6	1.3667319972165995e6	1.356172647005861e6	1.3502140769641902e6	1.3396944072497487e6	1.3512828158346426e6	1.3316092824659673e6	1.3326154847287047e6	1.3294829928147735e6	1.3260473393149418e6	1.3329130301740195e6	1.3150983109112652e6	1.324592285580638e6	1.311595456033052e6	1.3029364475205333e6	1.3107684167839773e6	1.296196216463795e6	1.2996639208790984e6	1.2984639939113345e6	1.2763574718600847e6	1.2684376847624201e6	1.2865499005210153e6	1.2547466341747893e6	1.2643463465432918e6	1.2501648269297136e6	1.2387599499271314e6	1.2379010250376859e6	1.2298397913898232e6	1.2229167088135986e6	1.219909741465845e6	1.202625618374587e6	1.1915069240425136e6	1.199527844909637e6	1.1974551464707092e6	1.1723142564408726e6	1.1843924415574465e6	1.1592895184749868e6	1.1413359575260738e6	1.1511368681979156e6	1.1520195897155881e6	1.130189864872197e6	1.12500428113694e6	1.1000189901563413e6	1.098875733307802e6	1.0824422562789621e6	1.0785772918702113e6	1.0635630791337602e6	1.0756424690088262e6	1.0694708837715983e6	1.0410587341189227e6	1.0270600004674848e6	1.0158563683130802e6	1.0070318636340577e6	985214.7317828514	979843.8103841391	948312.7483582397	963106.559410071	909127.1531678096	930428.7816374883	890796.2967186617	887351.9759347637	870607.7752527988	853645.54286048	833459.2882162447	816750.64077407	788227.8735793855	775125.9531596461	759230.8932200229	736815.1893391552	706910.2234855621	683443.9965485334	659329.338110409	632367.8655801644	607875.4336215556	577199.4391288883	550929.6222994124	519453.45843678084	487468.4243532228	453758.3996767099	419868.0749416128	383549.06443003623	345362.1774908451	305095.55238417746	263031.95191564946	219009.65055547026	173024.56758142798	125077.47212329344	75060.25608053408	22621.740353620844	-32717.275534807006	-91487.55248118402	-154363.8290055755	-222280.33766205097	-296640.13800069503	-379791.2716706104	-476410.0409400433	-599891.2110578795	-787027.0923386842	-843811.5375281912	-895868.5468241868	-946364.6912919532	-995280.8649517216	-1.0427058424484769e6	-1.0915267856609144e6	-1.134453752771512e6	-1.1822168366217066e6	-1.222579733639125e6	-1.258113411594719e6	-1.2980541090277627e6	-1.3417258594196562e6	-1.376620417921562e6	-1.4135271706673515e6	-1.4637436222532087e6	-1.5022243382095362e6	-1.5366485525956287e6	-1.5745476292989978e6	-1.6034903166822682e6	-1.657287753086991e6	-1.6699766003972127e6	-1.738618884952347e6	-1.7607490756663254e6	-1.7770604591828694e6	-1.8014188553242174e6	-1.8199876977881251e6	-1.827853256853314e6	-1.9000343795492684e6	-1.922075720612108e6	-1.9475881909890736e6	-1.9879147644714734e6	-2.0294362071973642e6	-2.0370977823313868e6	-2.0794922665392722e6	-2.0465437726993833e6	-2.101326965939044e6	-2.145472062611227e6	-2.164550958607684e6	-2.2164763122084644e6	-2.2085691709172726e6	-2.260348107559181e6	-2.274761615700376e6	-2.2898852023755144e6	-2.2675029754393725e6	-2.32075350966426e6	-2.349455860888725e6	-2.3057239101586957e6	-2.3594660672232956e6	-2.3857199255163977e6	-2.414048251132871e6	-2.444148723830914e6	-2.4076795083657578e6	-2.4098865347260498e6	-2.4665996413466353e6	-2.45290807897038e6	-2.4955954499966176e6	-2.4978354608115135e6	-2.423835006240499e6	-2.503421795657725e6	-2.5271154776397534e6	-2.5978399615015658e6	-2.549447149899586e6	-2.5449421284879344e6	-2.566990713825944e6	-2.564448885494314e6	-2.6093330404109294e6	-2.5923323417876046e6	-2.601752389725147e6	-2.601198502153715e6	-2.604308337287682e6	-2.5962286871300275e6	-2.6155883961387295e6	-2.619554218076095e6	-2.6089674498914042e6	-2.6322145795315458e6	-2.6147216183883017e6	-2.6291553921172274e6	-2.6105382491990263e6
1.4123696464303555e6	1.4124370296151727e6	1.412078170720968e6	1.411893758073473e6	1.4123701991302168e6	1.4112607616074476e6	1.410409229869375e6	1.410017265530094e6	1.408584106203253e6	1.4086051700307652e6	1.4057586311489176e6	1.4058846043175743e6	1.4037903790211594e6	1.4047137831985601e6	1.4027512891835505e6	1.400397787799656e6	1.3988301582547233e6	1.4000778839768358e6	1.395986757693103e6	1.394322261948258e6	1.3925326699459036e6	1.3903833527495197e6	1.3839033561710622e6	1.388607615391372e6	1.3813630979311126e6	1.380703821033118e6	1.3809343841584786e6	1.375492245609159e6	1.3815836973624125e6	1.3665283994012957e6	1.3517777947461982e6	1.3508722136057743e6	1.3562217076524403e6	1.3569052724329573e6	1.347467534687339e6	1.3405774775996613e6	1.3392522890907913e6	1.3399874474106818e6	1.3365380441824505e6	1.324549517920344e6	1.3270877086208537e6	1.3212203608033191e6	1.314490577900778e6	1.3116136724990571e6	1.3038590024331652e6	1.2954695967622749e6	1.2872767826692273e6	1.2908056669577197e6	1.288967136724961e6	1.2764232960732146e6	1.275483358899463e6	1.251038132555889e6	1.2533413376817214e6	1.2580177814851687e6	1.2412373220216786e6	1.2312669711863608e6	1.2312708283442168e6	1.2152803408397203e6	1.2149612895086338e6	1.2078365423678576e6	1.1904865973717815e6	1.1701792642062793e6	1.1873808494649315e6	1.161075344039992e6	1.1645514998464673e6	1.1564175391645834e6	1.146767102094805e6	1.138571116312298e6	1.13175255127359e6	1.1163972967947011e6	1.0947513083275596e6	1.0930261426303831e6	1.0885414561271193e6	1.0788596383467265e6	1.0643978103416841e6	1.0544932654794715e6	1.0387019036905048e6	1.0367449312875028e6	1.0122747466901019e6	1.0034952957477985e6	986848.9166322912	966960.6106412394	968347.6178460566	944433.0161217558	921157.6322749032	906859.8049643807	895028.0615813043	879608.2119737156	854396.5656506263	842967.5368093099	819412.081526962	796689.9386982489	784429.9669923742	768304.2964018099	740847.4442135801	714049.3998830434	691299.6866435689	668643.1802146141	641558.4226773981	616283.66211487	586043.7640288444	555494.2786208547	525845.5864734931	493915.5628565812	460062.58801955555	425072.7230502879	387964.7573813789	349141.7412895502	308525.00939025136	265942.96172148676	221383.53300417087	174836.85886684828	126299.80070643616	75658.05738810915	22553.053295488935	-33502.7088342309	-93052.2602930495	-156789.12169843935	-225678.10733277467	-301177.2238665717	-385749.5313756664	-484383.6372103619	-612009.5162688938	-793990.897954518	-850626.7503005781	-903139.7123226367	-953980.701784095	-1.0028043627376135e6	-1.0515933304985345e6	-1.0986810936296757e6	-1.1411930728478984e6	-1.1880281817936816e6	-1.2302054123276148e6	-1.2736144318610465e6	-1.3185931561909823e6	-1.3572224529343701e6	-1.396161139003645e6	-1.4321597198881751e6	-1.4750837201617712e6	-1.514369600038158e6	-1.5434897781538002e6	-1.5936157557751068e6	-1.6266613617636503e6	-1.663733762899359e6	-1.6763957787814562e6	-1.7423359656181748e6	-1.7718964966122697e6	-1.7984222741330133e6	-1.8066062674647423e6	-1.8897599927066893e6	-1.8812713700866809e6	-1.9139525714194563e6	-1.9133203549946027e6	-1.9717549911204178e6	-2.030842741302619e6	-2.0270538174618937e6	-2.065249888188367e6	-2.0838990069326267e6	-2.1240849291400826e6	-2.150242358920417e6	-2.142068855210498e6	-2.188974272426896e6	-2.2176042733474188e6	-2.248056423967952e6	-2.3291121685860977e6	-2.284019803652278e6	-2.2991899426625706e6	-2.3095274396722782e6	-2.31349475452888e6	-2.350444495877305e6	-2.337454006330205e6	-2.391824834389355e6	-2.3908775367946066e6	-2.408838774667086e6	-2.448286651491085e6	-2.43414255455371e6	-2.461319113007514e6	-2.469566820144538e6	-2.492185030906164e6	-2.5040173924177876e6	-2.504878234510524e6	-2.537777580371785e6	-2.537915306387727e6	-2.5574207775484947e6	-2.647071358051108e6	-2.603849995947902e6	-2.581544599962782e6	-2.585808236081247e6	-2.595354581301082e6	-2.604610124417521e6	-2.6077610314426096e6	-2.6123187344342237e6	-2.6299382952246936e6	-2.6138928702723654e6	-2.6220210120303547e6	-2.655086686874022e6	-2.650643878613999e6	-2.6465410329024345e6	-2.6560723146731127e6	-2.6412558555154465e6	-2.641635342759708e6
1.436475187920315e6	1.4364043148752982e6	1.4363363217270812e6	1.4327412553055647e6	1.4354808815871526e6	1.4352927168424586e6	1.4348140276700458e6	1.433542294714979e6	1.433231657856502e6	1.43499096743015e6	1.4318162117015657e6	1.429713005537024e6	1.428516189980061e6	1.4272763303006983e6	1.4274066255004317e6	1.4261816627366135e6	1.4234686978973525e6	1.4216394334787675e6	1.412644959631497e6	1.4174109036865183e6	1.4205524750740235e6	1.4170639137513163e6	1.4099002340796955e6	1.4060477417306805e6	1.4070725690096025e6	1.4014203232735456e6	1.4084519989077e6	1.3999572436058826e6	1.4041410347058033e6	1.3955134521220003e6	1.38810505354455e6	1.3842945925581113e6	1.380161021777051e6	1.378564214410085e6	1.3625578183461681e6	1.3710689217865206e6	1.3312219283669235e6	1.364818681388296e6	1.3545026447015302e6	1.3494172500606198e6	1.353365627603942e6	1.3523884684555524e6	1.337307287075054e6	1.3311502308379982e6	1.3295546012282243e6	1.328108585354957e6	1.3222830351583755e6	1.3008608037896366e6	1.3034749372131408e6	1.30795293096979e6	1.2934067910806104e6	1.2678201018007325e6	1.2785653509323548e6	1.2805026080906424e6	1.2656797313943407e6	1.2528332890615996e6	1.2526614982457445e6	1.243617966815028e6	1.2438983714841714e6	1.2604636665076711e6	1.2478036356853587e6	1.2097855234611083e6	1.2061831795983366e6	1.2061429713665599e6	1.189403343291793e6	1.1802156392590476e6	1.1707701325510615e6	1.1747986350149023e6	1.144430234095393e6	1.151541567429114e6	1.1298650863037147e6	1.1283146404182988e6	1.1079360223031202e6	1.09210583647033e6	1.07693698131999e6	1.0689161425772766e6	1.0648981758132603e6	1.0513708152312995e6	1.0426358910740444e6	1.0315261588348723e6	1.0122440963091431e6	978249.0649583677	980013.5135629745	982145.3666701121	944598.7184963606	935980.494374997	927800.3235437296	913725.9519944827	898354.0235342921	867960.5824348695	856110.7367773918	832618.8244578629	813602.7653538006	786064.7220764088	764363.953273171	750636.1235871699	727067.4852188487	698414.3950657797	673316.7550885158	647161.6775619123	625226.3029003113	591220.8530173029	565901.3611640638	532478.2841444907	499499.57714867557	467082.1796653513	426492.395824871	392306.0527528075	353083.8594580088	311959.4943087165	268866.3061138494	223766.96320350072	176656.50961878826	127527.17949332017	76258.37851352035	22484.066915286472	-34291.690267516766	-94624.44191979757	-159226.93891823292	-229095.47895164974	-305745.0849677252	-391759.8505557629	-492465.4647956297	-624581.3149800517	-800778.3337897828	-857447.9648573289	-910516.6649775251	-961380.9624566666	-1.0114043035148636e6	-1.0589440179072933e6	-1.1085680410188895e6	-1.1532463991142383e6	-1.1966872633893865e6	-1.2444190879337753e6	-1.2785011573344518e6	-1.31256276285816e6	-1.3730188691480712e6	-1.410534269021311e6	-1.4549293184924803e6	-1.4908125352782377e6	-1.519404221706658e6	-1.5586460203031928e6	-1.6027553158512984e6	-1.6333890204450546e6	-1.6783184654576036e6	-1.7158666523298763e6	-1.7472199629194562e6	-1.7905085953772056e6	-1.8019959010760605e6	-1.8493809644849638e6	-1.8632714202754868e6	-1.9005801980598702e6	-1.9163653811959468e6	-1.9724743299497685e6	-1.9892825954849178e6	-2.0471275386321296e6	-2.057042155787438e6	-2.0502883495242682e6	-2.120937676546992e6	-2.131538464495803e6	-2.166099581777253e6	-2.1803995370215336e6	-2.2162289754929207e6	-2.253139302212119e6	-2.242715790403977e6	-2.3006805107421707e6	-2.2903506791007193e6	-2.315480084803749e6	-2.3066744872402214e6	-2.355058926254536e6	-2.375114520339906e6	-2.3701813863743832e6	-2.4044256739598103e6	-2.407066445953927e6	-2.435495323857967e6	-2.4668784486167226e6	-2.4362203297249665e6	-2.4739919996201536e6	-2.5369777431243323e6	-2.52525451525787e6	-2.524473358087059e6	-2.5296267073565153e6	-2.559050509743914e6	-2.553616683952474e6	-2.5899306960316338e6	-2.624749741585575e6	-2.585845751154052e6	-2.6111826120414883e6	-2.616783047516832e6	-2.6490638515368523e6	-2.6356594581794348e6	-2.621989445379831e6	-2.646942305026614e6	-2.6840040113301873e6	-2.6373399641537536e6	-2.653776799943596e6	-2.6545636619339352e6	-2.6617232199784517e6	-2.668178854670346e6	-2.6755000534337265e6	-2.6621794703758685e6
1.460769945980981e6	1.4607503441086104e6	1.4599799245538155e6	1.4598686070136062e6	1.4599493416027674e6	1.459028078510063e6	1.4591953351862342e6	1.4591575279187905e6	1.4569756284812028e6	1.4568250525036438e6	1.4569913857714073e6	1.4550540696010562e6	1.4525243539054797e6	1.4520327926978332e6	1.4481177485174213e6	1.4498966381913875e6	1.449183406897407e6	1.448637831667721e6	1.443972002062961e6	1.442482914134355e6	1.4408980654810078e6	1.4382379974827447e6	1.438728941484484e6	1.4328761496821675e6	1.4313845954331052e6	1.4281136452197647e6	1.4216919365566145e6	1.42204845047079e6	1.4193157642566047e6	1.424717863764114e6	1.4128010656540198e6	1.4097312364104548e6	1.405769841893875e6	1.404551530275845e6	1.3966687792448832e6	1.4073723625235818e6	1.3968470921744122e6	1.3839730348254298e6	1.3801603701960372e6	1.3819605966673384e6	1.3709324478398063e6	1.3723631815429635e6	1.3758748893910956e6	1.3648483113951695e6	1.354557941141567e6	1.33676069428083e6	1.350218458690527e6	1.3375866321644369e6	1.331796529874919e6	1.3301965446900642e6	1.3210662399914842e6	1.2936117677142723e6	1.3186684761170074e6	1.2931747559371223e6	1.2911879387902946e6	1.2869361463474224e6	1.2806229529911866e6	1.271522382339518e6	1.266221686541886e6	1.2594744000531929e6	1.2681332092401797e6	1.24769503808242e6	1.248043914311666e6	1.2206048230344567e6	1.2212735903813648e6	1.2060994862092645e6	1.1989797427353328e6	1.1816956185465758e6	1.1891078778989085e6	1.1585039727860708e6	1.1590524749673426e6	1.1354540093811844e6	1.1387328093930657e6	1.11651320232175e6	1.1068083724838863e6	1.1050099061825867e6	1.1016574023451363e6	1.0946845059491892e6	1.0798797538970672e6	1.0426558769449608e6	1.0334820655854349e6	1.0285922626326818e6	1.0187815564451453e6	1.0111218219896e6	981967.7454162766	965276.011214179	952146.4805091701	934531.0701622958	907039.5319246688	898202.173010488	888423.8162585051	862945.851445832	846914.0130854214	810867.5989580229	802300.654188978	783584.4663670346	758665.8211059942	733445.2997544275	710774.7457009759	684284.4448217733	637577.8369721777	631646.9213479876	598837.3877048775	572856.6255065182	539113.5029325178	504878.3039726203	471198.0621920868	434805.4069676703	396877.649253363	357062.2842617752	315416.3952134963	271793.2851744032	226159.7260554426	178483.4489681688	128759.56697345455	76861.19966884376	22414.78542507626	-35084.186078974744	-96204.0561463302	-161677.2311241862	-232532.402599975	-310343.8451919651	-397822.9746979645	-500659.83416730654	-637680.8987748248	-807456.0772093588	-864269.3849866504	-917765.6477651817	-969443.0739989302	-1.0188373180155309e6	-1.067847599123488e6	-1.113791036072552e6	-1.162658055929654e6	-1.2097911836502582e6	-1.2536791836120116e6	-1.2868405930785874e6	-1.3398358356522124e6	-1.3827724060407567e6	-1.4212504985289376e6	-1.4640542353071452e6	-1.49738324974129e6	-1.5336921658318362e6	-1.5871368287062806e6	-1.624044526734417e6	-1.6602867527236186e6	-1.6952154224449683e6	-1.7330047027669188e6	-1.7626484771715973e6	-1.8048397426382864e6	-1.8263947183645305e6	-1.8497463976658417e6	-1.883472018343149e6	-1.896855648195937e6	-1.9249339847380596e6	-1.9682771604862732e6	-2.0137732848545488e6	-2.0285763480606854e6	-2.0722369282005944e6	-2.112097468244319e6	-2.1283953690213608e6	-2.135351888954052e6	-2.1550654311478427e6	-2.2073829361358033e6	-2.2486885494850352e6	-2.2411730577302016e6	-2.272543711137343e6	-2.315938027690326e6	-2.324958966535611e6	-2.320490989801239e6	-2.3497020083381683e6	-2.383229403999935e6	-2.3981713465226833e6	-2.373353624376105e6	-2.4027777628485234e6	-2.421059057350711e6	-2.510949784308891e6	-2.4627155874090074e6	-2.4721546448778696e6	-2.4620290966854077e6	-2.5043803824536316e6	-2.565572049091922e6	-2.5559835460790535e6	-2.5591339039613325e6	-2.5859571989569766e6	-2.567601317710031e6	-2.56754868301439e6	-2.6252671634228295e6	-2.618297246514436e6	-2.613582540857735e6	-2.666922480953576e6	-2.6416610939896116e6	-2.6513964091926627e6	-2.6886099901486123e6	-2.671878939470521e6	-2.6724183304753825e6	-2.651039196918603e6	-2.66192423712473e6	-2.687936390515632e6	-2.6715593497630246e6	-2.7135251005187724e6	-2.673835643139491e6
1.4852726246920254e6	1.4851725674159355e6	1.4845894383323998e6	1.484307456781233e6	1.484251910200534e6	1.482490977614106e6	1.4833343809424916e6	1.482613608797476e6	1.4818610926358341e6	1.4810872295712167e6	1.4799793024383583e6	1.4807438542168795e6	1.4784363219645491e6	1.4769009498968436e6	1.4755733059913672e6	1.4736911300096633e6	1.4735260516071268e6	1.4712581348002586e6	1.473350515043777e6	1.4668800911002762e6	1.4702914813090216e6	1.4638887243874492e6	1.4606328053002579e6	1.4561288797389443e6	1.45686818624868e6	1.447233817350406e6	1.450783884148036e6	1.4425186573878846e6	1.444913715787784e6	1.4437017079615928e6	1.4414195925745363e6	1.4396461816710203e6	1.4337891798244016e6	1.421361326253595e6	1.4214064118698896e6	1.4157374184166994e6	1.418798641655682e6	1.410993083449097e6	1.400681221853564e6	1.4038777201343004e6	1.391814136578423e6	1.379111437845679e6	1.3920334457596405e6	1.3894649688976489e6	1.3928006499336483e6	1.376192812925203e6	1.375149295709139e6	1.359249090808986e6	1.3660555683015364e6	1.3543850699196341e6	1.3398934484937703e6	1.3474000752280965e6	1.3372096526137209e6	1.3337839624938576e6	1.3131941740001864e6	1.3140809988539538e6	1.293993525801273e6	1.2835137939204543e6	1.2757856012215274e6	1.2948300826751e6	1.291023550792945e6	1.2816655730584743e6	1.2543148810892068e6	1.2575314195841607e6	1.246927707115911e6	1.238650292119998e6	1.2127344822121696e6	1.2295191280084392e6	1.2144677528615068e6	1.194799911543571e6	1.1768985704392707e6	1.167006321552217e6	1.1517340055092932e6	1.154112186502271e6	1.1282292670271255e6	1.1302737633978706e6	1.1246682435109627e6	1.1107705625410988e6	1.1044112095833682e6	1.0919449697871397e6	1.052087273742314e6	1.0573025335579896e6	1.0432036966234967e6	1.0304866433000688e6	1.013005992628868e6	1.0020791775490749e6	978351.4098203077	968397.6076819461	939260.8156547385	912131.6239576382	909882.3481968874	896734.7363515322	869404.0391489732	835228.9075077925	829862.2684468501	818640.4668485622	782270.012635736	765748.019895146	743063.7048117362	706059.0075209504	690166.1470686619	665088.1436464095	636996.8329586395	607849.8773169172	577109.2000683905	546281.1575113126	511192.2393137808	475533.24507073336	439743.5884786906	401108.6772158715	360976.7450266854	318879.9111722058	274742.7802228441	228561.98034086637	180317.6280809953	129996.92208719486	77466.50075964676	22345.210355172632	-35880.20010107104	-97791.06692585489	-164139.94843332283	-235988.89020574628	-314973.63700363296	-403939.69010653417	-508971.480358941	-651407.6529711259	-814062.2781754343	-871093.3695110788	-924936.7823668753	-977030.5735742922	-1.0283776780876552e6	-1.0772533050971671e6	-1.1229553711136796e6	-1.1719907788688673e6	-1.2215691151685442e6	-1.2619182519616683e6	-1.2967610729747547e6	-1.3547689838517702e6	-1.397488459352746e6	-1.4361701021989186e6	-1.469715564220032e6	-1.5251360059056666e6	-1.5479064874781196e6	-1.5916158216210718e6	-1.6286784434119032e6	-1.6747645331797118e6	-1.7014926902267945e6	-1.7497101470200538e6	-1.7760481188898983e6	-1.8251000021195633e6	-1.8422922657780184e6	-1.864619475985958e6	-1.88289040692688e6	-1.9089881748205072e6	-2.0025252039947764e6	-1.9851901248477942e6	-2.0193875550093611e6	-2.0534153293058735e6	-2.103202429650218e6	-2.107262306735838e6	-2.137585773895637e6	-2.1696120657266695e6	-2.1957239148066742e6	-2.2068517172356704e6	-2.2315232894998174e6	-2.2688133257164946e6	-2.2957119976989087e6	-2.301045810366433e6	-2.311266989342802e6	-2.3593611834345637e6	-2.35022487660037e6	-2.4127086175876893e6	-2.3828748093074244e6	-2.4040316174601084e6	-2.4466424402701696e6	-2.444025766807751e6	-2.497952358740193e6	-2.4913761912598414e6	-2.5042694929628167e6	-2.535377106757666e6	-2.56797736204404e6	-2.5730421366896136e6	-2.5673149591968134e6	-2.583862658173483e6	-2.609423570039645e6	-2.625094082093859e6	-2.631375667499814e6	-2.630532286812747e6	-2.641539105856959e6	-2.6810306894736383e6	-2.638802286099978e6	-2.653027743189728e6	-2.6828561758477744e6	-2.690429569373929e6	-2.6870112208424974e6	-2.6834686507386714e6	-2.6915741640478456e6	-2.670572895521258e6	-2.714934881528251e6	-2.7020667244723933e6	-2.7381255385252377e6
1.509957522925237e6	1.5098432063507126e6	1.5095244463648498e6	1.5094500570078387e6	1.5089799199966597e6	1.5088079008501866e6	1.5081347141773065e6	1.5076935472642188e6	1.5071742798604467e6	1.5063170730558222e6	1.5053170185301583e6	1.5043991409303164e6	1.5023310558418415e6	1.5012623431527354e6	1.500634863896441e6	1.4981666301081209e6	1.4982465835175319e6	1.4953838362403477e6	1.49344660465085e6	1.4935567282957607e6	1.4889703447256922e6	1.4933315216489858e6	1.482305199368473e6	1.4845186327608498e6	1.481588792968567e6	1.484265918614626e6	1.478428644643797e6	1.4726837122979658e6	1.4909184111057604e6	1.4684797903544416e6	1.4665971899230664e6	1.4699675203323415e6	1.4726153938754809e6	1.4547445310553059e6	1.45178984244131e6	1.444025279876067e6	1.4377885521899243e6	1.4390368584845455e6	1.4226113515517425e6	1.4126040096864188e6	1.4201593097301829e6	1.4213206187174746e6	1.4174484753050266e6	1.4128647011969956e6	1.4067144905159322e6	1.3824908372842441e6	1.3911981447707019e6	1.3947169038040387e6	1.3905195660372812e6	1.3783167644605306e6	1.3679984716554715e6	1.3781368076741262e6	1.356351173601985e6	1.3503814615033069e6	1.3460141119094393e6	1.3246245838807086e6	1.3256605678863595e6	1.316895747348969e6	1.3218297332437064e6	1.3256372132544708e6	1.2983658611678802e6	1.3014037075255103e6	1.2785645100747566e6	1.2799786729664705e6	1.2676017858961967e6	1.2511945952784426e6	1.2375638227075066e6	1.2290409507197563e6	1.2327881245590951e6	1.2341733586837994e6	1.2071045301298194e6	1.2030952627931582e6	1.1745534861713788e6	1.1700341165304738e6	1.137816146695748e6	1.1596333404873733e6	1.1743510250706647e6	1.1484816645304144e6	1.1246944328084448e6	1.1232191716060871e6	1.1004679295169148e6	1.0855098271775777e6	1.0523507670769545e6	1.058771423648869e6	1.0453289035234188e6	1.0286903743987477e6	1.0060852374744106e6	986839.4175127402	990597.1521825235	962804.9610312744	920511.1930774437	921889.5268018737	903836.4589882786	876511.066558466	856562.5975725778	847919.2702724161	830221.4865159781	800689.3008490315	776186.5892365382	753862.9797825946	725548.3515761048	698261.573876576	669714.3738238694	644966.5009375932	614220.0417896183	583630.8353474769	549776.4326448739	516414.8075894092	481749.9972113649	444593.74197255494	405571.18991784996	364776.8231541284	322378.12746746046	277703.2135349936	230973.41162635945	182158.9894331987	131239.20497977664	78074.26210728753	22275.344723202288	-36679.68110857182	-99385.41650346713	-166615.04356757062	-239464.91430354747	-319634.60100819333	-410110.8332291441	-517405.62306108396	-665899.6162703764	-820620.538185193	-877908.6827821999	-932236.9731957873	-984703.1190380261	-1.0355498095122373e6	-1.0851848952510923e6	-1.1335604001490108e6	-1.1807767841504e6	-1.2288174250914224e6	-1.2728519473721806e6	-1.3192479288741874e6	-1.3623341579095984e6	-1.418377590562625e6	-1.4411347892967777e6	-1.4706689524772225e6	-1.54324904452237e6	-1.5703962906161228e6	-1.6125811474991392e6	-1.6506249416982906e6	-1.6678373848403527e6	-1.7115584439037063e6	-1.7549345414262016e6	-1.7762284318479404e6	-1.8260437266474834e6	-1.845863820077535e6	-1.8793511373779515e6	-1.8861997916944416e6	-1.941321354584329e6	-1.9985062402811272e6	-2.0326572907257027e6	-2.0387919447932097e6	-2.0779305094836482e6	-2.0842744748474245e6	-2.1185526520142322e6	-2.1352873028014796e6	-2.179403118040609e6	-2.228338457567957e6	-2.2322508384542214e6	-2.272450637450545e6	-2.2829907446352895e6	-2.329704850563449e6	-2.3270133591226237e6	-2.3386984117662366e6	-2.374403827668175e6	-2.381454654195017e6	-2.3974733608903317e6	-2.410855134934921e6	-2.4135452459004307e6	-2.4633125082049686e6	-2.3924498712209836e6	-2.5489084447570276e6	-2.51356908718291e6	-2.5150805579081485e6	-2.5372732275158903e6	-2.569198123400165e6	-2.591175743180491e6	-2.592048782305681e6	-2.587210813239186e6	-2.6296278459287006e6	-2.6403845148587134e6	-2.6318965156886205e6	-2.650778863773226e6	-2.6732173922048677e6	-2.6588877328934586e6	-2.7117287615249576e6	-2.6904474606305044e6	-2.7220089054908482e6	-2.718790250448305e6	-2.7237644806788247e6	-2.7124331995676337e6	-2.7065161058136662e6	-2.7134530176288607e6	-2.7334560172784533e6	-2.762226022534921e6
1.534843421509907e6	1.5347949980695862e6	1.534622757724352e6	1.5343934149773023e6	1.5338680602528742e6	1.533471205914637e6	1.5329730935154327e6	1.5319445195178313e6	1.5306953927643704e6	1.5309396570938318e6	1.529881889475195e6	1.5280611683833227e6	1.5284203690382696e6	1.5265195221731123e6	1.5229838113407316e6	1.521732085121218e6	1.5141090124188215e6	1.5162020582227595e6	1.5192649888273333e6	1.5211270799286212e6	1.517771037041475e6	1.5145659319327108e6	1.5078890617890058e6	1.5066966915606034e6	1.505008748230482e6	1.5018580939024123e6	1.4961208405473805e6	1.4921067250859318e6	1.493937446255597e6	1.4941366139811138e6	1.4946518406716716e6	1.48676042397339e6	1.4891315856880283e6	1.4757508522352667e6	1.475253939966268e6	1.4721997234467359e6	1.4594689095527602e6	1.4563339324823557e6	1.458892278000292e6	1.4523931215060628e6	1.4495971018623018e6	1.4558853282125045e6	1.441147473767587e6	1.433827643621919e6	1.4387706510762556e6	1.4275364773842155e6	1.418569250076644e6	1.412876611591645e6	1.4072554544435733e6	1.4090250516541936e6	1.3998841140834244e6	1.3981215793829616e6	1.388046232327612e6	1.3759780106498338e6	1.3667132486262945e6	1.3617124070283268e6	1.3635529960800263e6	1.3409753292802384e6	1.3240247175153838e6	1.3417663000354096e6	1.330625092684379e6	1.3440722696699607e6	1.3120139326685164e6	1.3113848226890953e6	1.2900144376637302e6	1.2785425730461648e6	1.271555684613206e6	1.2694099005672182e6	1.2268558379059988e6	1.2428626679352054e6	1.241189439479909e6	1.2166453185132502e6	1.2055786712288507e6	1.2009626526762361e6	1.1859702100533152e6	1.1773814545597518e6	1.1818021451797152e6	1.1556489649585963e6	1.1577856600078917e6	1.1391806160545808e6	1.1349610746160832e6	1.1241344059531027e6	1.086397375590867e6	1.0692535014732447e6	1.0635436984832878e6	1.0626353567062705e6	1.0322941584398628e6	1.0204817888280607e6	992335.9250955725	984201.1189700512	967893.8416471547	944857.9443555034	930204.0184825824	921490.8059543973	885502.5080152375	873210.3869863427	847192.5085712365	832156.8759429934	815605.3261105856	789069.0884398534	758817.1586521339	735464.8940578562	708270.2052663438	681454.037199521	651266.3468082214	624960.5205490354	589688.292975586	556408.9738391938	522460.30272809416	487240.89285494294	449608.2276173013	410174.8698017502	369004.9798447017	325870.5913631127	280668.0531849179	233394.06995622348	184007.45374742267	132486.37584121386	78684.46449144394	22205.19050749927	-37482.615207226016	-100987.07549458346	-169102.46935538133	-242960.45637687715	-324326.89264260186	-416337.288709712	-525968.0333149342	-681357.900523952	-827141.7292560826	-884739.0345707342	-939480.4915376862	-992408.486071116	-1.044123184722306e6	-1.0972756890988967e6	-1.1429705658439242e6	-1.190650846086546e6	-1.2371147463670962e6	-1.2780381829423553e6	-1.3321301543224824e6	-1.377764355405383e6	-1.410840351366598e6	-1.4594738133867017e6	-1.504726515394762e6	-1.5351333665788083e6	-1.5840729686855462e6	-1.6127115681513187e6	-1.673510284549279e6	-1.6878254255005897e6	-1.731177344621164e6	-1.7654013357987816e6	-1.794293595675451e6	-1.8444173082354658e6	-1.8638931253915944e6	-1.932994192500347e6	-1.942138701976559e6	-1.953827177760448e6	-2.0107786045582246e6	-2.0456052045521655e6	-2.0582706165394888e6	-2.0784968699332003e6	-2.118187407252148e6	-2.12225616470253e6	-2.172352521477963e6	-2.195274767829571e6	-2.2361763477835422e6	-2.236057406787566e6	-2.2921644083684282e6	-2.2992876435445687e6	-2.334194134716519e6	-2.346230490700648e6	-2.410357876614714e6	-2.3808863928091023e6	-2.39551764324582e6	-2.4247663377544126e6	-2.4102632900231928e6	-2.4455981918126177e6	-2.448272055540624e6	-2.497280630378239e6	-2.543391741781907e6	-2.539175875956676e6	-2.5458847815803094e6	-2.578957796709873e6	-2.5947033353156345e6	-2.6201172419829154e6	-2.623823857484957e6	-2.647809373092331e6	-2.6823588647809103e6	-2.652721550855073e6	-2.6696056119651888e6	-2.6747439027847573e6	-2.6751709203193756e6	-2.691021608160559e6	-2.6808112894779863e6	-2.7208345301847504e6	-2.728556935753146e6	-2.748932480014981e6	-2.744098809944949e6	-2.7491092839103816e6	-2.7422795659481836e6	-2.741651434721593e6	-2.757499370306695e6
1.559926250332216e6	1.5598418396199448e6	1.559975638672512e6	1.5594327017124793e6	1.5593524482304195e6	1.5586221926540737e6	1.5583928078886007e6	1.5569098145142552e6	1.5569151891303565e6	1.5563234084092975e6	1.5550167760527867e6	1.5544067581714622e6	1.5531326968520733e6	1.5514293557099863e6	1.5502299329870073e6	1.555176101117995e6	1.5476491427282144e6	1.5439987467939188e6	1.542289902362713e6	1.542740315431733e6	1.5376562203000367e6	1.5408289501236095e6	1.536199418459078e6	1.531234368623872e6	1.5330059934908974e6	1.5268161222335657e6	1.5243524198412616e6	1.522668664826629e6	1.5147616608581191e6	1.5186666818567594e6	1.512797693191147e6	1.5104937566608011e6	1.5078343576167533e6	1.5161637272765546e6	1.5085389736391685e6	1.4977049308558255e6	1.4960233671254702e6	1.481142357780113e6	1.4837424905118786e6	1.4776038843630808e6	1.4740290904599028e6	1.457739194969203e6	1.4775145413420398e6	1.4587007914875876e6	1.4589365289091764e6	1.458890056620063e6	1.4388202037203794e6	1.4211183670616029e6	1.4347653139183663e6	1.4214341902298257e6	1.4261409139452165e6	1.4074486179101835e6	1.4112447927749828e6	1.403581031444549e6	1.3987358796966206e6	1.3829252355395295e6	1.3781527788403332e6	1.361042431361828e6	1.3384294310542985e6	1.3555498446841766e6	1.3466109524641521e6	1.3416353888540769e6	1.3400510381306354e6	1.332649236341257e6	1.320017577117509e6	1.3022032863149552e6	1.3009721289707585e6	1.2914143601050926e6	1.28966724333982e6	1.2683944079923895e6	1.304883829114952e6	1.237976143028811e6	1.2291766003362583e6	1.2163091347947468e6	1.2174873410640894e6	1.2079002086003209e6	1.1831195743527254e6	1.1994699148654386e6	1.1789578862177914e6	1.1672790541764665e6	1.169552052893954e6	1.1348373928037733e6	1.126920453664873e6	1.1247535040675804e6	1.098517305974192e6	1.083540495371194e6	1.0698667386019134e6	1.0446429664171387e6	1.0293033526057166e6	961781.361799991	1.0031272633557064e6	983635.3268127148	955055.8890527216	935931.1026193702	930660.057814756	899474.9043337051	883392.8757371887	867730.7698044373	858358.1089112698	826180.1053094456	803968.0733121604	770129.1148685183	741718.3855501172	718917.1409188876	688379.5870566985	660250.2593404083	630248.2065330854	596162.583371449	563051.0189786253	528551.8738658384	492649.91480476875	454492.4982623748	414711.10824172816	373003.22178693954	329358.1611257142	283649.78717644466	235823.88276940677	185862.97736689937	133738.39462063252	79297.08979463135	22134.74944655993	-38288.97912378912	-102596.00335403485	-171602.17779359082	-246475.50805319007	-329050.6509913632	-422619.9955800155	-534665.1212046559	-698094.1191924007	-833644.3908568074	-891598.4402350949	-946761.4858741097	-1.000189298160095e6	-1.0516271238504897e6	-1.1022749964135962e6	-1.1513447886410782e6	-1.1982128906721517e6	-1.249530899376482e6	-1.298753918493945e6	-1.336571380358516e6	-1.3852818192248533e6	-1.420249567045157e6	-1.4661625693580091e6	-1.5043843834357422e6	-1.551725809365352e6	-1.5960981856973965e6	-1.6196771779698192e6	-1.670472936368427e6	-1.6937099063157367e6	-1.7457076426453732e6	-1.7828442399744818e6	-1.8014412106591135e6	-1.85836600649983e6	-1.8905966681398198e6	-1.9292310145795464e6	-1.933170863780292e6	-1.983228841692353e6	-2.0253970853038772e6	-2.0547568995639032e6	-2.0787790614196819e6	-2.0932319563529047e6	-2.1172827348287646e6	-2.1599778477609903e6	-2.19040377398187e6	-2.2097401409504684e6	-2.2311202262457954e6	-2.2543100184119493e6	-2.292730965901469e6	-2.3217537210742934e6	-2.344427771614301e6	-2.362927847275189e6	-2.373416478444623e6	-2.398767777968197e6	-2.435652752278518e6	-2.430154616388321e6	-2.4397553153437506e6	-2.476614929987259e6	-2.495878502719566e6	-2.5316821938488893e6	-2.5617296835237676e6	-2.581162771360647e6	-2.5867284094311465e6	-2.589835093704324e6	-2.61544288641674e6	-2.6307642620516866e6	-2.6338256760139484e6	-2.6597052452602023e6	-2.648712994772834e6	-2.6643209318437446e6	-2.701512027594886e6	-2.6940640248643495e6	-2.691978254997611e6	-2.7013147312747324e6	-2.7087970445281807e6	-2.7526979125924483e6	-2.7443867225150326e6	-2.7771243028719006e6	-2.750597681821632e6	-2.763611050285361e6	-2.7742806849097516e6	-2.76716299154534e6
1.5851947821885636e6	1.585135778000943e6	1.5849165747138262e6	1.5847249827270603e6	1.5843497059248898e6	1.58360119187104e6	1.583434130414126e6	1.583235146489763e6	1.583654449514106e6	1.5816086820254775e6	1.5800278456621568e6	1.579807521187422e6	1.5756170764593822e6	1.577008500790968e6	1.576830517531572e6	1.5751807105508682e6	1.5718045666418746e6	1.5703816578664214e6	1.570872309952463e6	1.5681119217384697e6	1.5697214345990447e6	1.562018877954634e6	1.563931667888944e6	1.5601174336193716e6	1.5550532882612438e6	1.5534694154924934e6	1.5491158745241135e6	1.5473238337922236e6	1.5454446654500947e6	1.5258033988573854e6	1.5385861171127358e6	1.524475734203611e6	1.5384895319450041e6	1.5295691302968704e6	1.5283981505550947e6	1.52214401904039e6	1.5120246431017187e6	1.5181093191524965e6	1.5096659879472542e6	1.5106721449352654e6	1.4992145101822854e6	1.4922582680396838e6	1.496593642636625e6	1.4915103099255178e6	1.472984839284092e6	1.4804095263499725e6	1.468188624040186e6	1.4646475495658668e6	1.4551645950851073e6	1.4629203910652176e6	1.4452565370154995e6	1.4394446333713494e6	1.4250625255954377e6	1.4247192769482518e6	1.4192963798098674e6	1.4130051893882684e6	1.3996938359635104e6	1.397730506564979e6	1.3947485157045342e6	1.381122205816986e6	1.3716211146359262e6	1.3766981656409474e6	1.3616330395126448e6	1.352547701234445e6	1.3408971625530957e6	1.3337951540738996e6	1.3273818476068946e6	1.3187091924183015e6	1.3083199952856838e6	1.3042801381579204e6	1.282034341285552e6	1.2555322758077234e6	1.2601926626949685e6	1.2684528832351035e6	1.2378103132771445e6	1.2272766665353233e6	1.2139294236522943e6	1.2003368566508114e6	1.2005845059443065e6	1.188586945967333e6	1.1917355408789748e6	1.1800206030041853e6	1.1582807717125895e6	1.1301170288091593e6	1.1061996249461262e6	1.1056081104382456e6	1.0894850191839356e6	1.0680038281563625e6	1.1031668656611766e6	1.0524377268071016e6	1.0317287970577633e6	1.0180354911721691e6	994533.5433352042	961247.6426031769	951176.6838763992	950659.731605831	901882.1292097685	890430.4563770858	874715.1111943932	865297.4577650077	837066.5232976063	799809.114647143	787732.9106270837	750960.2291727022	723139.830350454	694313.6030084433	668211.398107058	636706.3668324252	604901.5495500796	570460.73115842	533832.7540869317	498191.69763938244	459569.6843427272	419326.28703784454	377016.2984051707	332882.5772045774	286638.69695968134	238262.49284659326	187725.5125423693	134995.2218637846	79912.11825396982	22064.023843297502	-39098.75023709051	-104212.15805426496	-174114.12490720255	-250010.05739509664	-333806.06174892397	-428959.94909952395	-543504.0411239241	-716629.6403773853	-840125.8064997217	-898445.4605500184	-954190.868654174	-1.0078065447880162e6	-1.060778942351171e6	-1.1123921773082602e6	-1.1603716484367156e6	-1.2088675450478068e6	-1.2495666301356151e6	-1.3048705015998625e6	-1.3475776279566416e6	-1.393736976885372e6	-1.4332181452799102e6	-1.4740335440831364e6	-1.5141643395625718e6	-1.5603298612608963e6	-1.6090783775150145e6	-1.6273421421328636e6	-1.671942915629925e6	-1.7196546896300914e6	-1.7596157667528072e6	-1.796681057041603e6	-1.8227339702896152e6	-1.875128698749211e6	-1.9154195144374354e6	-1.9039621402712336e6	-1.9590605993084956e6	-1.9750841543456733e6	-2.0500713064904308e6	-2.0639240225071472e6	-2.080698751118249e6	-2.1055561644666567e6	-2.141355729979813e6	-2.1816089535466274e6	-2.2021803978275517e6	-2.244716760618871e6	-2.2918190078810593e6	-2.284618439777254e6	-2.320480703696686e6	-2.3396556715086894e6	-2.358351722975027e6	-2.3819145782778e6	-2.395222342380481e6	-2.4262382778142067e6	-2.4433273485391587e6	-2.4626276073714383e6	-2.4778541036217986e6	-2.5105872087004185e6	-2.5374372581769526e6	-2.556760333583411e6	-2.5922531510652024e6	-2.572348082670738e6	-2.590742350334909e6	-2.631363866561617e6	-2.637026425658636e6	-2.6455244926654072e6	-2.6916100251947977e6	-2.6809149161236314e6	-2.6981317776146606e6	-2.716006552169526e6	-2.7062902413881747e6	-2.7546965522358185e6	-2.7447399294576906e6	-2.733146871072349e6	-2.7637370657825395e6	-2.7617539652365e6	-2.7684416500497675e6	-2.7891653134437297e6	-2.779601760877108e6	-2.785417287811081e6	-2.7559180532539254e6
1.610677018967083e6	1.6249459890230964e6	1.6103356007693745e6	1.61027749342465e6	1.6088977552666008e6	1.6086031533846376e6	1.6091342002260536e6	1.6061363643945474e6	1.60854385430713e6	1.6062735093847068e6	1.6068670464133993e6	1.6061899416159606e6	1.6029635962360993e6	1.6038315007954612e6	1.600385124409465e6	1.5997744109730267e6	1.5962840381262563e6	1.598473324546004e6	1.5946526546259765e6	1.592601320394991e6	1.5933824099727373e6	1.5864113302403965e6	1.5890727765367685e6	1.5832571621980362e6	1.5824276409986408e6	1.5764178042891575e6	1.5789926940249854e6	1.5768494483714588e6	1.5706558491108175e6	1.5734065292790688e6	1.5690746966464517e6	1.5655021154100024e6	1.5577120690766708e6	1.5537289313475685e6	1.5506730161529586e6	1.554048050301665e6	1.5470979045181065e6	1.54313393538974e6	1.5335717668910252e6	1.5280983154265445e6	1.5277304224913428e6	1.5250168646298528e6	1.5194254373799225e6	1.507496303381918e6	1.5101901288564336e6	1.4974671743869316e6	1.4983908156729764e6	1.495995383770982e6	1.5193799317819686e6	1.4884345512680095e6	1.4731448601585552e6	1.4778381976533467e6	1.4589079683246312e6	1.4559438341759979e6	1.4421988108663019e6	1.45249448946149e6	1.43753075161591e6	1.4278425297896063e6	1.4163841446071083e6	1.4171505596775839e6	1.3885748581945647e6	1.3989177225039592e6	1.4004833325683856e6	1.3674157369540369e6	1.3649495808696107e6	1.364011253189601e6	1.3492904755437814e6	1.3396207638846524e6	1.3308245029413467e6	1.327669321477478e6	1.2988226167959408e6	1.294053253006295e6	1.2856722041250768e6	1.2840656500501046e6	1.2746268350559268e6	1.2611465033385279e6	1.2468575802136832e6	1.2395787168690157e6	1.2105073059736998e6	1.2225988744944371e6	1.2080339719127037e6	1.19494811693053e6	1.193207651591525e6	1.1646554121208247e6	1.160632850615167e6	1.1340898129747044e6	1.1412965241305858e6	1.0891930556216738e6	1.091204952504154e6	1.1034764269274452e6	1.0336883553838048e6	1.0450292782990808e6	1.0304897933900907e6	1.0045145109783323e6	981695.74940066	972678.4883611777	952464.4647038613	918269.562409174	903515.1941269449	878867.2940168122	873694.1816377938	859983.6923876626	814439.267601832	785984.615005997	758060.4046007739	732216.9750032956	701136.4566276693	676624.1586591037	641147.7400504022	610612.9392461315	576216.198819323	540844.3603139459	502992.3793865511	464509.3629540659	423757.8729621272	381194.2446627824	336408.33306481014	289639.17985003185	240710.17173210974	189594.98473279853	136256.82150807208	80529.53130055033	21993.01362011698	-39911.90610551741	-105835.49961613654	-176638.26565914718	-253564.09466238855	-338593.29600089253	-435358.20900238235	-552492.8037648213	-737892.5268867554	-846595.5838569736	-905323.9836802108	-961474.2994228925	-1.0158188245140149e6	-1.0689496826995884e6	-1.1201495099093805e6	-1.1677430118059649e6	-1.2175971938888992e6	-1.2658324747722873e6	-1.3148882859655928e6	-1.3673322117094637e6	-1.4072761093423034e6	-1.4389347587600893e6	-1.4965766237435446e6	-1.5377133747665172e6	-1.5788709976219584e6	-1.6136150385881693e6	-1.6637197355301895e6	-1.706430806904278e6	-1.7277873637157998e6	-1.7748793948542422e6	-1.805990324336847e6	-1.837057898970241e6	-1.883322562554476e6	-1.8651652256254528e6	-1.9380800801121306e6	-1.9846932889207855e6	-2.0031511493141206e6	-2.0543055463846766e6	-2.0713809474281326e6	-2.11150237121098e6	-2.1424749654858615e6	-2.1481389679029016e6	-2.176238340763594e6	-2.234992258833682e6	-2.3003128074774677e6	-2.277873862747687e6	-2.314698326462564e6	-2.327059314951569e6	-2.357291797190384e6	-2.3905469533294607e6	-2.4078549388700463e6	-2.430078304752631e6	-2.436730696031347e6	-2.4711537130440334e6	-2.448892088395063e6	-2.494834953764408e6	-2.4927619271008903e6	-2.562687510915773e6	-2.597080764255414e6	-2.589049720070797e6	-2.610728178853738e6	-2.633658276922074e6	-2.618693613548995e6	-2.638413265285259e6	-2.6662091827646894e6	-2.657745851027135e6	-2.7253151985334e6	-2.711739460053839e6	-2.7121524332358027e6	-2.7332084247213835e6	-2.732619585462356e6	-2.729464130553743e6	-2.752661838888052e6	-2.804193632761348e6	-2.792771614603661e6	-2.8029619815598447e6	-2.812667984587446e6	-2.794891493394127e6	-2.7993706549060987e6
1.6363292913754275e6	1.6362487028575123e6	1.6407947464097533e6	1.6363208984260298e6	1.6355662826858307e6	1.6355319992480038e6	1.6346873277577378e6	1.6346031996013285e6	1.6336730088026735e6	1.6321903598709805e6	1.6311037949234247e6	1.6302129630790344e6	1.6283386196518345e6	1.6279897038480337e6	1.627747504870771e6	1.6248954554518622e6	1.6260365422077472e6	1.6221410913659048e6	1.615672208222037e6	1.6204416221953998e6	1.6151227415636643e6	1.6125823890727747e6	1.6122925621648326e6	1.6094207954294488e6	1.6080716575488986e6	1.607670267062105e6	1.6020452435260145e6	1.6042007344960421e6	1.6015933891478823e6	1.5923478314532656e6	1.5894437967460328e6	1.5857788865218721e6	1.5823599497309783e6	1.5793485967917733e6	1.568966777751008e6	1.5870790014087544e6	1.5731112369201877e6	1.5737427228212082e6	1.5572806189403126e6	1.5478808861170195e6	1.539140926493925e6	1.5466304250094094e6	1.5548470184005224e6	1.5378367052958356e6	1.5277190573757517e6	1.5317967816813695e6	1.5162222165368493e6	1.5160734010294746e6	1.5275772206714647e6	1.5080019589547403e6	1.4975065426572221e6	1.4904032435979014e6	1.5065321368501435e6	1.4717971261476725e6	1.4729343470642758e6	1.4626785471299465e6	1.4697590587443407e6	1.4652077917083756e6	1.4225669321298162e6	1.4409657648765678e6	1.4302168582617096e6	1.422472862731331e6	1.4179677368876708e6	1.4093397357971761e6	1.3958040163653914e6	1.3960393015254182e6	1.3845520343054798e6	1.3787494767166486e6	1.3709042191784517e6	1.3618008804375485e6	1.3218703021140813e6	1.3338420438617768e6	1.3230208227740075e6	1.319944439023642e6	1.3008546068062065e6	1.2910526553093076e6	1.2635974232822827e6	1.2779089334864395e6	1.245044974201113e6	1.2069408892574783e6	1.1994169663398615e6	1.2247148009333583e6	1.2454912339923456e6	1.2050759435797327e6	1.176041855930119e6	1.1693079551454573e6	1.1530818394737781e6	1.1444535999644992e6	1.1254723666032506e6	1.1019978005953718e6	1.0886990685761394e6	1.0999865056201727e6	1.0432445331400774e6	1.0370701238003434e6	1.0162565883081919e6	1.0030862249032044e6	985608.075883569	956908.7820097818	941149.9591791306	918296.230425532	876630.5166866363	890435.3486562823	853819.1896047906	826580.4652926486	797328.2342642182	769420.52463523	737935.4594086658	710092.9018347082	685093.0372128624	650539.9327990217	616814.2298739015	582476.2070468628	545952.0450882997	509031.4523114213	469495.7746319672	428164.76883108076	385128.92054316564	339936.49239430577	292652.5106230369	243166.6557601837	191471.34164448944	137523.15018677386	81149.30952245183	21921.724465802312	-40728.427086227806	-107465.98871290754	-179174.55687325285	-257137.6156687336	-343412.54056868656	-441815.90137400036	-561640.434217253	-762808.482582153	-853063.1419908765	-912192.953773062	-968559.8504632644	-1.0233145804988055e6	-1.0767520010924072e6	-1.1268777065147015e6	-1.1774839388852732e6	-1.2237368146014402e6	-1.27747349441211e6	-1.3206177657237037e6	-1.378262643696795e6	-1.4119479809669715e6	-1.4543398588117596e6	-1.500102241243053e6	-1.5448764595077431e6	-1.5920571667438534e6	-1.6556699498492826e6	-1.674563317841173e6	-1.703195310700658e6	-1.7414407756846717e6	-1.7903693040992788e6	-1.83989626226809e6	-1.851101102954537e6	-1.8430579856963886e6	-1.9109842529170194e6	-1.9622490137667686e6	-1.9952874810876662e6	-2.030571244004946e6	-2.0803835266288912e6	-2.0868463420099698e6	-2.127822919433954e6	-2.152011935942541e6	-2.174511109526242e6	-2.2099098167855926e6	-2.27290110239329e6	-2.2688398441677373e6	-2.2921381830518013e6	-2.3236816789155575e6	-2.3495533176464783e6	-2.366794180056694e6	-2.3755085262787277e6	-2.4283866651816946e6	-2.436330619907298e6	-2.466427135901184e6	-2.4764230737424297e6	-2.4965502611416215e6	-2.5202305662316587e6	-2.501742759900434e6	-2.568963890259196e6	-2.5758691042354917e6	-2.608708431583938e6	-2.6292144742426444e6	-2.653740941703746e6	-2.6704465203092154e6	-2.64704615410225e6	-2.66477918818291e6	-2.7256274313858347e6	-2.750403469179536e6	-2.7331298339450685e6	-2.7512868159095533e6	-2.763122515662114e6	-2.7826329805453625e6	-2.790638634428302e6	-2.791764941228593e6	-2.804757797983328e6	-2.792424498265039e6	-2.761094546348975e6	-2.821141814725686e6	-2.8323514207566744e6
1.662196863618563e6	1.6620940128299359e6	1.6618217049015926e6	1.6620052007469744e6	1.6615473656801083e6	1.6613668390481349e6	1.660206851928345e6	1.6631055110513018e6	1.660351322654625e6	1.6661905032856772e6	1.6580605663672716e6	1.6559087075109947e6	1.6551364477319724e6	1.651767624036578e6	1.6523184342455058e6	1.6528222409276036e6	1.6497951783637726e6	1.6513244917323897e6	1.6438049253148972e6	1.644544113073375e6	1.6418828145228922e6	1.6411260907299388e6	1.6349982463644817e6	1.636115829796594e6	1.631703025392266e6	1.629677633222109e6	1.624749719743746e6	1.6219902153650036e6	1.6245070491788283e6	1.6184249825244164e6	1.6175947348258588e6	1.6153060744357398e6	1.6083777311227496e6	1.5983480046636239e6	1.6025956225293938e6	1.597924563566575e6	1.604432777415664e6	1.5972798873545465e6	1.5885718688070225e6	1.578729677206368e6	1.575502066134432e6	1.568457002234873e6	1.5714733245489427e6	1.5586149525511216e6	1.5505670283586709e6	1.5446675295143377e6	1.558444345158777e6	1.5795052448103358e6	1.5452856114185657e6	1.5320706540006371e6	1.525880253801205e6	1.5182317709743509e6	1.5100674475467508e6	1.542492785376586e6	1.5028423890383698e6	1.4893200260961317e6	1.4773833717635812e6	1.4770326078152966e6	1.475909819344595e6	1.459574383494388e6	1.4519765599203133e6	1.451703932046587e6	1.4397537815791091e6	1.4327735626856554e6	1.431313207981045e6	1.4097237181109285e6	1.405654589083049e6	1.4164148386992838e6	1.4419748104101985e6	1.3762936176506304e6	1.364073273221688e6	1.3497187733320803e6	1.3579708175932618e6	1.3410365327478433e6	1.3079881757811087e6	1.3044426990146593e6	1.3500989410397876e6	1.2934827230794327e6	1.286662634971827e6	1.2690255189617807e6	1.2544237138692273e6	1.2362908698132553e6	1.2408584475120523e6	1.2176477395305124e6	1.2154764122776464e6	1.1905451942853467e6	1.1874095137862496e6	1.1505431301517813e6	1.156283749968051e6	1.1416971696661443e6	1.119162084409583e6	1.1165426253562288e6	1.0973681998695773e6	1.053549908044219e6	1.0475834432791771e6	1.0218959145678177e6	1.0026831589712079e6	996103.6408340961	979717.1349178246	947625.3543212373	931670.5302885275	900597.2754502327	896008.2550647734	860116.4575539738	839403.4846919435	801857.3079731769	777150.2451855184	747756.1559207275	729422.0016904514	692738.7064341891	657786.4023723324	624213.8630580913	587117.3194481756	551942.3817573431	514390.2730764374	474411.78795281204	432640.95594210876	389156.8645582048	343488.4050880112	295673.9370466592	245631.9550367184	193354.53213039972	138794.1746792742	81771.43619641475	21850.157206081552	-41548.28458394483	-109103.58784578368	-181722.9565025887	-260730.61704055243	-348263.9927419515	-448334.2152137179	-570957.159384528	-783833.8294470271	-859527.2104258041	-919027.183446293	-976278.05752495	-1.0312640913153247e6	-1.0848693053330726e6	-1.1376022986200552e6	-1.1862889900375044e6	-1.2384224977272556e6	-1.2876903907513053e6	-1.3325628736559015e6	-1.3865023947779473e6	-1.4179577794558175e6	-1.478482502122179e6	-1.5132650723358232e6	-1.5600744455839947e6	-1.5982977981360948e6	-1.6675337465713334e6	-1.704577766362775e6	-1.725891484264762e6	-1.782264151095589e6	-1.8009445739575408e6	-1.8298153047248924e6	-1.8782681214775008e6	-1.9024177176772316e6	-1.9411286252653769e6	-1.991602418935953e6	-2.0046253178733534e6	-2.090465405938797e6	-2.110076509831897e6	-2.1230884960045284e6	-2.133546489074328e6	-2.1767293585190186e6	-2.194516629119777e6	-2.248711079106154e6	-2.2747786491836077e6	-2.292595839348294e6	-2.322080787435957e6	-2.350200090874403e6	-2.3740003253969187e6	-2.4066806797829503e6	-2.416289746471336e6	-2.4243949145601243e6	-2.475650254305047e6	-2.4878197124216743e6	-2.481969255749843e6	-2.4667733718575565e6	-2.5496885314262602e6	-2.5780701426593047e6	-2.5948927023693016e6	-2.6165542852922305e6	-2.629083571077694e6	-2.6439951519282134e6	-2.6636301219464736e6	-2.669246983150484e6	-2.706902429878108e6	-2.7052258767752983e6	-2.7147025090339296e6	-2.744683364517824e6	-2.750105156409884e6	-2.769419676254986e6	-2.790936555728155e6	-2.7872683991428437e6	-2.8073979475077298e6	-2.8169274034657246e6	-2.8366015086680185e6	-2.8296287498373883e6	-2.83731100843719e6	-2.8540334455389706e6
1.6882476498060895e6	1.6881806100376402e6	1.6880522318854097e6	1.6875975869474427e6	1.6872358760901757e6	1.685538742614245e6	1.6851548719862555e6	1.685965539879722e6	1.685683444434441e6	1.6847908213491726e6	1.6838975871818885e6	1.6829987160149803e6	1.6815440997502534e6	1.6791139850859125e6	1.6795247748773212e6	1.6788687779687098e6	1.6752393585876378e6	1.6751915546246502e6	1.6734950283123422e6	1.6699838234093124e6	1.6714572358338449e6	1.666064116808975e6	1.6700792403369395e6	1.662480962953177e6	1.6581754185389262e6	1.6602349818992177e6	1.6546406616954075e6	1.6565537505235327e6	1.6389774990183038e6	1.646501241596566e6	1.6417126854532182e6	1.6347314157489622e6	1.6383533724890929e6	1.635269804110122e6	1.626572420879286e6	1.6300016804542888e6	1.6256035210820339e6	1.6155514636249233e6	1.6177926730874926e6	1.6026646118051638e6	1.6052955619964397e6	1.6004792378355186e6	1.5944597520569863e6	1.5906459724019177e6	1.5803467206369834e6	1.5746384122125579e6	1.5740592954794886e6	1.5718595980811326e6	1.574035761342772e6	1.551533989346222e6	1.553348498870872e6	1.5472438427822334e6	1.5355031267926614e6	1.52256297236193e6	1.5526588070068676e6	1.5457357764666015e6	1.5261662321638544e6	1.5128943723548346e6	1.495758746902401e6	1.4927645311986937e6	1.4820577543818592e6	1.478257867321709e6	1.4633567985369666e6	1.4464492752887052e6	1.4526845358523293e6	1.4448627883131406e6	1.4266983483726084e6	1.4223555725885222e6	1.4166561275807014e6	1.39686462213459e6	1.3916271475347942e6	1.3875304703937692e6	1.3855691867535254e6	1.3601887409465543e6	1.3482321889013238e6	1.3265474257441123e6	1.3105044224883225e6	1.3410148045148025e6	1.3003207582784097e6	1.2925622983681196e6	1.2790784561603642e6	1.2738131189730503e6	1.2673429546066285e6	1.2527932965896856e6	1.2400221726113262e6	1.2269909684106414e6	1.2151959198814016e6	1.2001047467314587e6	1.1782381360012062e6	1.1800413434595598e6	1.1580600259619951e6	1.1335315208026555e6	1.13196098499521e6	1.1038745143933953e6	1.0800012087498354e6	1.066493483443925e6	1.0362048870449536e6	1.0157938717897234e6	1.0049926943609931e6	988251.8647731913	947681.8748833373	932660.5275422365	900107.8168206671	908662.2558338494	877857.2782728891	843163.1596664228	813738.8412840371	785777.4599071578	758559.1122380779	730468.9636945988	697359.2174141216	663789.141476445	631339.7609529748	594966.0811025132	558180.1365756701	520254.4454027165	479567.0598385874	437276.76048729056	393263.0214428955	347071.1907387406	298705.9055697657	248106.23819392337	195244.50599197624	140069.8560889461	82395.89301252365	21778.313501680503	-42371.4629364314	-110748.25473160436	-184283.41929121432	-264343.0989464342	-353147.85924315103	-454914.42621588404	-580454.6412695267	-795504.6767175135	-865980.9476168014	-925890.0499265885	-983237.2785455899	-1.0387852501260831e6	-1.09323240599135e6	-1.1434166914483558e6	-1.1973711937779256e6	-1.247961138856054e6	-1.2969105972155558e6	-1.352713248033711e6	-1.3867859973990305e6	-1.4319185798549217e6	-1.4783179721455968e6	-1.519129246254638e6	-1.5786975806898286e6	-1.6360606514340367e6	-1.6583323981558292e6	-1.6895984801035046e6	-1.7373911352595638e6	-1.776292220497777e6	-1.8077454877852828e6	-1.8564055803131151e6	-1.883919053834867e6	-1.92036371749674e6	-1.963783226566722e6	-1.9731468846946217e6	-2.0285107043198713e6	-2.0588722012916107e6	-2.1097633087202897e6	-2.1262022340844413e6	-2.1381071579935094e6	-2.1869021029526824e6	-2.226383285434521e6	-2.268790126743016e6	-2.2997248032715516e6	-2.308209787868182e6	-2.35117671175023e6	-2.3687657291303193e6	-2.3796460917968815e6	-2.4123931339927223e6	-2.430751293216101e6	-2.4561687079046248e6	-2.471874887162368e6	-2.507631966123471e6	-2.500004778015431e6	-2.529651761708619e6	-2.5765495773450052e6	-2.609274024853129e6	-2.616724774155655e6	-2.686405105519535e6	-2.5982711503440086e6	-2.6725199457216747e6	-2.693297657263443e6	-2.692267760037101e6	-2.7493454574531307e6	-2.7315834588946626e6	-2.7635102594759054e6	-2.751199438785798e6	-2.77782627681078e6	-2.840567674723562e6	-2.825112274032288e6	-2.793891791988262e6	-2.84073873456988e6	-2.838288951325137e6	-2.862626991174916e6	-2.8595989480447704e6	-2.8697378184210993e6
1.7144902095112195e6	1.7142995022333316e6	1.7142078461204632e6	1.7140545837933507e6	1.7132656486824898e6	1.7134147112261588e6	1.7118572667847602e6	1.7118212878363463e6	1.7119396587528302e6	1.7107409412573923e6	1.7099093497792322e6	1.7069277141734862e6	1.7079113842821294e6	1.7136298962714155e6	1.7110391539782134e6	1.7053468692689412e6	1.700419742721693e6	1.7015611766279328e6	1.6998184447240361e6	1.6968311302545401e6	1.6936215904204391e6	1.6920860896940485e6	1.692974151711539e6	1.6907125880132108e6	1.6856223380993125e6	1.678636701155283e6	1.6791482024753215e6	1.686957752411149e6	1.678665091232997e6	1.6705165684688785e6	1.67076398219506e6	1.6628452466816178e6	1.6627675020626527e6	1.6562855651999936e6	1.6596347742755313e6	1.6481274501113186e6	1.6434580398771132e6	1.6465447489828123e6	1.6464656719678747e6	1.639954357086608e6	1.6318376639017577e6	1.6337104402388316e6	1.6155867799237347e6	1.6123106788881372e6	1.6130690100564242e6	1.6126877355490634e6	1.6188258655095922e6	1.5986300569776522e6	1.5825001101322041e6	1.5777246006456888e6	1.5790082071579567e6	1.5826018305884546e6	1.5733064658890725e6	1.5557515187958148e6	1.548409616279283e6	1.5674894951762438e6	1.5431061834884817e6	1.5151953314161603e6	1.524049418259768e6	1.5188333883217801e6	1.511998650523638e6	1.502945869216905e6	1.5057948414277805e6	1.4742389138983996e6	1.4762237172443685e6	1.479655592557182e6	1.4646098728520926e6	1.4505245258023741e6	1.4368818558697365e6	1.4260580923089911e6	1.4253645786578683e6	1.418767338079199e6	1.4027545139300406e6	1.3962216226065368e6	1.3865468427888306e6	1.3822681488088053e6	1.3790962236733206e6	1.3482256746934443e6	1.3471110741441534e6	1.3218787789485606e6	1.315115771446785e6	1.2892214997596513e6	1.2957054641750664e6	1.2835725960399057e6	1.2577804399276143e6	1.253820344751007e6	1.233478472510234e6	1.208682148551141e6	1.2102901832092227e6	1.1880492396487393e6	1.189238227396214e6	1.1816586038861275e6	1.14698816128263e6	1.1353250187327182e6	1.1164672055195733e6	1.0735110730292026e6	1.091355613196841e6	1.0478431582170177e6	1.0328990884437806e6	1.0182998299915609e6	1.0067127294676774e6	959895.1576320789	955796.2108824189	917043.7398967582	909092.7417133411	884032.1823089361	848320.3136408413	828353.5721583354	795192.681386786	773774.333322059	741427.9500085101	702381.0277494075	671388.6310522169	633539.5167137638	601831.4558716356	563805.7236756302	524951.6262405881	484700.1579762867	441983.81549689523	397051.3703811583	350662.4314182843	301749.0639097851	250588.9026532562	197141.1955161125	141350.15733120404	83022.69244276569	21706.19499740796	-43197.935271010036	-112399.9451247619	-186855.9158876927	-267975.061101157	-358064.35783176776	-461557.89162618644	-590146.2643870597	-803976.809990315	-872427.148221621	-932912.602267625	-990834.3450083302	-1.0470371404033031e6	-1.101314742973305e6	-1.1503394964783539e6	-1.2073293601098259e6	-1.2569360799039064e6	-1.3097017767279602e6	-1.345222702499848e6	-1.3986022644670822e6	-1.4533041140013586e6	-1.492704324774245e6	-1.537340594351514e6	-1.590591236865049e6	-1.6181196568203194e6	-1.665213012105969e6	-1.7103054175439265e6	-1.7653006345683637e6	-1.7924371847988043e6	-1.8207487133949308e6	-1.8664255412588173e6	-1.9066353743678278e6	-1.9352905699609949e6	-1.9756480391724503e6	-1.9857342237816614e6	-2.0309028239675e6	-2.1045749319098685e6	-2.120018729448135e6	-2.148560330880286e6	-2.182066992257309e6	-2.2292030070894584e6	-2.224824801843621e6	-2.236516366221685e6	-2.3054803839723263e6	-2.3336997350758538e6	-2.3813200338611444e6	-2.366278964489097e6	-2.424596839720578e6	-2.462403521391767e6	-2.463419530843855e6	-2.496977364503856e6	-2.559706795351877e6	-2.526884088897381e6	-2.53995821973724e6	-2.5589330769143607e6	-2.591116529313732e6	-2.604390301579031e6	-2.6597829423673097e6	-2.6827719636336537e6	-2.69311841869318e6	-2.697210364530988e6	-2.700428214678147e6	-2.769347652515229e6	-2.7355075527156424e6	-2.7715471507123746e6	-2.7910907781753493e6	-2.794870472407018e6	-2.7817013471696544e6	-2.845055376251949e6	-2.8337260263689077e6	-2.825408600291672e6	-2.874838740610482e6	-2.8839009795643184e6	-2.8619287452552384e6	-2.887427560547064e6
1.740930781570872e6	1.7408010844824929e6	1.74080111167124e6	1.7407158596667484e6	1.7397906518702912e6	1.739473347669598e6	1.7391632981955565e6	1.7387471274914942e6	1.7368275215453524e6	1.7377242351968687e6	1.7355726308697688e6	1.735405948003405e6	1.7331196277561453e6	1.7331184728589593e6	1.7314448912908703e6	1.729564581979233e6	1.7290824428101752e6	1.7252123705137034e6	1.7239722457552042e6	1.7215705893571593e6	1.72281341405701e6	1.7218996370468293e6	1.7164322597286864e6	1.7151471349308179e6	1.71388917756837e6	1.7088149273251833e6	1.7050604417069668e6	1.704048782380153e6	1.7049663925334606e6	1.7000459967404036e6	1.6916147438286855e6	1.6897682038967824e6	1.6862246887360609e6	1.6843057174324524e6	1.6831472079349768e6	1.682545952270804e6	1.6763230602156296e6	1.6749755430413175e6	1.6606264499083606e6	1.675542760023072e6	1.6645303954021581e6	1.6602499714520646e6	1.65301495258441e6	1.6450326731182584e6	1.6415747491470072e6	1.627688518451883e6	1.6319606953409093e6	1.6199412906038582e6	1.621124988566015e6	1.6136613609225429e6	1.6021966953450295e6	1.6012323246519335e6	1.5970696214264866e6	1.5927510187380628e6	1.5750002406457402e6	1.5739587668301244e6	1.590862432471855e6	1.5566346595719408e6	1.5595248353562267e6	1.5477811084178097e6	1.5399988863042633e6	1.5274000430189115e6	1.5238804174807835e6	1.5038518585113827e6	1.4935925845928288e6	1.4997588405652838e6	1.494898521638822e6	1.4824521896588763e6	1.468158176867605e6	1.4552706791446977e6	1.4521679374277727e6	1.4507136922953203e6	1.4327756395765005e6	1.429677573597888e6	1.4150549822100978e6	1.3724654431503776e6	1.3969460376057292e6	1.3799548447714453e6	1.3716375646131937e6	1.3840857319586729e6	1.347295002648693e6	1.333482347848278e6	1.3210390188696524e6	1.2856887992172097e6	1.2881039049049958e6	1.2879004274667318e6	1.261607176606093e6	1.247395951916045e6	1.241377637918053e6	1.2298866043678103e6	1.2018288156872867e6	1.20178407002535e6	1.1970084027660382e6	1.1658639639459816e6	1.1520162217802394e6	1.092685752359951e6	1.0948463880440544e6	1.0868416572036685e6	1.0687058427576981e6	1.0505723520620568e6	1.0306547086154711e6	1.0063651181160319e6	977389.8785925547	952517.7266463075	932178.4489485039	920819.9117109473	895403.2561194443	859556.0550311267	827350.2746905624	805053.8322199659	786931.466802624	741744.6945596169	714501.2701044576	676591.5167997241	641992.8882325514	606949.707598994	570595.8158789084	530824.4717244117	489703.3618043016	446618.9422055648	401457.7413466533	354245.67206082726	304801.1998991943	253080.27190470533	199044.55148009374	142635.04166369024	83651.72464883071	21633.80422143056	-44027.68716583494	-114058.66263018642	-189440.3944254401	-271626.50816124096	-363013.719293169	-468266.0557285093	-600047.5286376171	-811344.5832304286	-878879.0790867193	-939765.2198043664	-998156.4045134711	-1.0543593553814797e6	-1.1098492334018673e6	-1.1641933974786273e6	-1.2163872158557374e6	-1.2619783165327392e6	-1.3198733964500076e6	-1.3625769793249585e6	-1.4116321891551411e6	-1.4585000279241467e6	-1.497308135529646e6	-1.5506239902281438e6	-1.635082495954306e6	-1.63157984123634e6	-1.6745349957655112e6	-1.7205504697901888e6	-1.7658976095767014e6	-1.7911024690259139e6	-1.8409077889802854e6	-1.8677655955312254e6	-1.918166239381064e6	-1.9560371293682496e6	-1.9893056111853996e6	-2.0264879211619373e6	-2.0439184968684202e6	-2.0939218906392318e6	-2.133948192806055e6	-2.1524975573768998e6	-2.1955726364270635e6	-2.226707108882048e6	-2.2408418358012103e6	-2.2632228923035413e6	-2.3367684756204616e6	-2.3507590938141756e6	-2.365743418446352e6	-2.3973140028667646e6	-2.460357508956277e6	-2.459681828973133e6	-2.4493801932196487e6	-2.491664578636827e6	-2.5230905116183385e6	-2.5360384732816443e6	-2.5648333304433906e6	-2.5772219827680793e6	-2.629164492498697e6	-2.5973076547841495e6	-2.6817967292584963e6	-2.696583150221288e6	-2.7212480224816315e6	-2.711657991363568e6	-2.771229698961595e6	-2.801238576971085e6	-2.754731094073263e6	-2.778749626053241e6	-2.798125267945015e6	-2.7949447961862916e6	-2.835449996481576e6	-2.857953262146959e6	-2.845377547398608e6	-2.867415541584003e6	-2.8990503137326175e6	-2.906002843900267e6	-2.890062925583344e6
1.7675630525046224e6	1.7675332853368626e6	1.7674312485892083e6	1.7667946290472338e6	1.7668652093371903e6	1.7664236470083469e6	1.7669758262687027e6	1.7655953384381367e6	1.7647861491102306e6	1.763505442778212e6	1.7620540724546164e6	1.7616911039218423e6	1.7597403195353646e6	1.7595317013676933e6	1.758601136593766e6	1.7558025464231197e6	1.755033658383003e6	1.7509467332994419e6	1.7540894385989532e6	1.749123593723884e6	1.7480356181778433e6	1.7478295007417111e6	1.7413910132432454e6	1.7462201283189435e6	1.73957560038891e6	1.7403811714566662e6	1.7327981678343022e6	1.734577556362547e6	1.7277287552232328e6	1.7269264229027978e6	1.7227256803064344e6	1.716728320789893e6	1.718410318643345e6	1.7072950977959188e6	1.707238755985957e6	1.7006082710556467e6	1.6997497607449263e6	1.7016412796802653e6	1.694846290702223e6	1.685008453914748e6	1.6983429882477622e6	1.6785048502350408e6	1.6827670094451369e6	1.6709333237293551e6	1.6657419876152193e6	1.6546202015150236e6	1.649519675807177e6	1.644806089874387e6	1.640085875223716e6	1.637956549840237e6	1.6338131572167263e6	1.6420622123437575e6	1.6265540715438228e6	1.6178971367015424e6	1.6118570961345143e6	1.5994089921926497e6	1.5941560256474172e6	1.597206763929028e6	1.5775301463667937e6	1.5715272664568557e6	1.5711394999861792e6	1.5666322163929741e6	1.5442307851201824e6	1.5392922715859555e6	1.5312866519316924e6	1.537040091272302e6	1.5420759277831095e6	1.5157079307836716e6	1.4943785761534532e6	1.4916378105276818e6	1.479185760982384e6	1.4749266439149193e6	1.4607935661035085e6	1.4503462840895057e6	1.452422516091936e6	1.4288204145286665e6	1.4213219749267818e6	1.4177138003404858e6	1.3997058125193554e6	1.41084206431679e6	1.3779874349637243e6	1.363170830040762e6	1.3618619426838865e6	1.3303529294164e6	1.2955057868722263e6	1.3137180255940657e6	1.2991958238324476e6	1.2704135108527346e6	1.2626287007407073e6	1.2571146836794578e6	1.2345505898256272e6	1.2226541939598303e6	1.2177205490613468e6	1.1861166968196987e6	1.1605727058550967e6	1.1639244336034602e6	1.1322712677791815e6	1.106720020520551e6	1.1024082054046995e6	1.0928712624354807e6	1.0610230998424164e6	1.0377121659612183e6	1.016812012122555e6	971594.1323823819	968478.7488842509	942526.8590584612	922663.9974521741	900590.3089577176	864851.0548283963	846105.6953627372	813123.0609599587	784094.5239887035	750938.842815547	718840.8600712812	684640.7026770427	650984.1425286846	616267.2498835202	574906.9067124918	536401.4111575778	494827.90097886254	451204.5033938859	405603.04351557815	357853.7780546397	307866.3879308116	255580.03256126493	200954.522161016	143924.4731633484	84283.06249917322	21561.142870357027	-44860.70149073494	-115724.34282601415	-192036.820034842	-275297.4477850548	-367996.18693924625	-475040.46555723366	-610176.5342406284	-818208.188252847	-885337.5189573125	-946567.6546358301	-1.0053924457301039e6	-1.0628990181454548e6	-1.117478820580885e6	-1.171283419385535e6	-1.2239434089698193e6	-1.2772129470800704e6	-1.3271528646008896e6	-1.3795407819871309e6	-1.4370715419471434e6	-1.4670800353457618e6	-1.4884626836183022e6	-1.5607922061394153e6	-1.6093036775131703e6	-1.6486509063098182e6	-1.6889176968145513e6	-1.7261905725852589e6	-1.7812169126356558e6	-1.8320569359655178e6	-1.8531447909101762e6	-1.9056121724897001e6	-1.9278527021974174e6	-1.9546745107934189e6	-1.9660521381765075e6	-2.024560040822237e6	-2.0565596105827407e6	-2.1215167277774718e6	-2.1764725537674353e6	-2.16253233202055e6	-2.205710186781276e6	-2.250337165711032e6	-2.2801799667368177e6	-2.308758081645527e6	-2.323146329099456e6	-2.353392648195382e6	-2.3689866070762677e6	-2.434515675834192e6	-2.4649247918406073e6	-2.4865578087386573e6	-2.4696035905686887e6	-2.51818304536881e6	-2.553006349635399e6	-2.5757120786330597e6	-2.5768779210591335e6	-2.5938174968723087e6	-2.618604576735342e6	-2.673282703850502e6	-2.688747272100726e6	-2.719345283097446e6	-2.7318446002963437e6	-2.722275131439237e6	-2.7671716174732e6	-2.75965223570433e6	-2.7936648344759475e6	-2.8099490885788053e6	-2.8032834124842677e6	-2.843635771709538e6	-2.8580895783971753e6	-2.893406613079563e6	-2.886151843891738e6	-2.8966293230537325e6	-2.8984551273000073e6	-2.9278630764722377e6
1.7944018829370334e6	1.794189403457867e6	1.7941087146191634e6	1.7938308795966206e6	1.7936132917937085e6	1.7972891394119058e6	1.7926848180038936e6	1.7933241089179025e6	1.7917327175129058e6	1.7898672590977093e6	1.7903411988261298e6	1.7894189240230068e6	1.787490390377873e6	1.789115073733855e6	1.7850475801119155e6	1.7850022987796152e6	1.7806925676563114e6	1.780795745317489e6	1.7786802171998697e6	1.7758531329710681e6	1.767026478249943e6	1.7744159780639962e6	1.773860229266511e6	1.7679769767394045e6	1.764503657174108e6	1.7666448327620113e6	1.758015848215508e6	1.7584261298918142e6	1.7510442338697673e6	1.7542028607946483e6	1.7459772576890541e6	1.7421129320580682e6	1.7408588149732149e6	1.7397761553592614e6	1.7377218161016474e6	1.7266508266510025e6	1.7228205410716094e6	1.7131225827677932e6	1.726083474743748e6	1.7144053447729377e6	1.7097210540050517e6	1.7150736744813018e6	1.7087384326770222e6	1.7027315118706895e6	1.6930517092074463e6	1.6901130122911236e6	1.686561868191147e6	1.6744427659404164e6	1.6606678410029837e6	1.6659908751175806e6	1.6637198087158988e6	1.6609104804561124e6	1.655464883544843e6	1.6431776190706613e6	1.6602114066412423e6	1.6332010107268277e6	1.6171896531667067e6	1.6001002811814162e6	1.623716030509916e6	1.5989299958780247e6	1.6008642131926068e6	1.5939846546044168e6	1.5624156630339252e6	1.5628599948685775e6	1.5724574021582934e6	1.5480930101686316e6	1.557992683710813e6	1.5335910562892566e6	1.531520196086458e6	1.51957576973195e6	1.504132510270725e6	1.5115190370655053e6	1.4806545433039647e6	1.4752662039643861e6	1.4774539812327772e6	1.4563305625043004e6	1.4544482859472479e6	1.4452826266209963e6	1.4194780171331926e6	1.4459552268872408e6	1.4001679471030694e6	1.3985366237987853e6	1.3611587981868084e6	1.3650445453282327e6	1.3342587035671026e6	1.3421359863444504e6	1.325030339621562e6	1.3199567702770042e6	1.3115250792096101e6	1.265745714938696e6	1.2830944428852955e6	1.2653948134272718e6	1.2324920500126225e6	1.217977466393605e6	1.212761990777591e6	1.1881468341726132e6	1.183737783571199e6	1.1576775691093104e6	1.139788795311666e6	1.1143759236942772e6	1.089230084664024e6	1.064521450987148e6	1.0527769935309063e6	1.032664627465172e6	999135.7450121986	971065.49850831	980345.32805403	937018.4247913721	911023.661247503	880380.9261575299	860396.9477072483	830431.5509689173	790992.5342854706	760412.2607123945	730421.2491248935	689294.9688398014	655852.4099016692	621946.7830197572	583556.0635653085	542057.1458958793	500262.6401236211	455861.504212518	409731.4413100388	361470.60530550964	310940.6968007551	258088.40284046042	202871.05638051266	145218.4160956042	84916.661913516	21488.212794604944	-45696.94270769437	-117396.90566201787	-194645.1557506551	-278987.8888698721	-373012.0147625846	-481882.7735245761	-620554.6383008023	-824798.3893381886	-891802.5877808484	-953553.9365292776	-1.0129074586778355e6	-1.0700951384231749e6	-1.1272446621323351e6	-1.1813558080580577e6	-1.2325539788957553e6	-1.2856898013870066e6	-1.3306918200466146e6	-1.3874229579050348e6	-1.4391440013089024e6	-1.471715950815636e6	-1.530043693582805e6	-1.5663639235858608e6	-1.626313822241198e6	-1.6676885943004873e6	-1.7024452233449116e6	-1.7455636398923465e6	-1.8050537129589587e6	-1.8306787822451873e6	-1.8645589227089763e6	-1.9144090012362015e6	-1.9514990965809093e6	-1.992342592178161e6	-1.9976869289643557e6	-2.0559810093140479e6	-2.0949952042041703e6	-2.127664771675893e6	-2.1774374463106478e6	-2.2072815633539576e6	-2.228281496158556e6	-2.2576289896354545e6	-2.3105417349531e6	-2.3166776676156744e6	-2.345845363355711e6	-2.379190062940942e6	-2.411503464190919e6	-2.4169739075390613e6	-2.4601324562244248e6	-2.4835740120647307e6	-2.491244579036805e6	-2.5556158787958706e6	-2.560803649596108e6	-2.588015678197574e6	-2.591263188593398e6	-2.666392000779301e6	-2.6644109049513005e6	-2.6835606695705764e6	-2.712182643980408e6	-2.705224221406809e6	-2.744920802978942e6	-2.7522491485437844e6	-2.756651935800014e6	-2.8070073906413643e6	-2.816522213874326e6	-2.8491408577781785e6	-2.8299128570255674e6	-2.8649075724912053e6	-2.881428623214648e6	-2.8668917994694496e6	-2.886544662673749e6	-2.938780407682486e6	-2.915737120853059e6
1.8214116414946427e6	1.8212618704480506e6	1.8211679010811022e6	1.8206954932139295e6	1.8203259372786183e6	1.820342589946139e6	1.8193237313099087e6	1.8181894058056783e6	1.8187543829248108e6	1.8182860130698825e6	1.816742471818984e6	1.816466138672086e6	1.813947739800968e6	1.8122800084541456e6	1.8113368953647215e6	1.8082998000644105e6	1.8089000054633864e6	1.8074746841114685e6	1.8065773614848487e6	1.799863072014739e6	1.80186416905553e6	1.7985192496806213e6	1.7978529250571658e6	1.7933104376193378e6	1.792037940332992e6	1.7895392762640298e6	1.7890386562266299e6	1.7848668156747993e6	1.7810502477034894e6	1.7791284885723402e6	1.7683304497717526e6	1.7743461858977587e6	1.7673515865553112e6	1.7644769601222791e6	1.7636796582494355e6	1.7584235467814137e6	1.7549470852438386e6	1.7536964516183978e6	1.7469155925332939e6	1.7434163809263934e6	1.7454835902017727e6	1.7316135133239776e6	1.735933800789171e6	1.7317063254675334e6	1.7327271738725402e6	1.7139953399181687e6	1.7089145807857937e6	1.700045788119142e6	1.6931018314172514e6	1.7151654564597148e6	1.7364353383274185e6	1.684537631028519e6	1.6872965743016764e6	1.6770551831025134e6	1.6686755886279736e6	1.6551116049873144e6	1.6527756551407827e6	1.6489022018147074e6	1.6296887331345072e6	1.6433068688745433e6	1.6139832760013475e6	1.6027326981102333e6	1.6105810445513139e6	1.6058006259264646e6	1.5851883047950577e6	1.5832423881378232e6	1.5738888557657832e6	1.5483483945351448e6	1.560555290496604e6	1.5394274847820075e6	1.5253818142584655e6	1.5591438011687826e6	1.5223942118580602e6	1.4972309421128544e6	1.4985946704916214e6	1.4952902148873885e6	1.4770396880029205e6	1.4717715349661354e6	1.4528619441174732e6	1.456113685899606e6	1.4255208442619499e6	1.4147194597668643e6	1.400054296183648e6	1.3821129612498654e6	1.3753187776019932e6	1.3618891091098138e6	1.3592030802185794e6	1.3523192224761117e6	1.3451911942922513e6	1.3268453598609057e6	1.291096987795025e6	1.298550952766756e6	1.2738106839183364e6	1.2556623804147854e6	1.2307377735025908e6	1.235388443117139e6	1.1993792019115542e6	1.1908531728856382e6	1.158786663788084e6	1.131639183205517e6	1.125669470039656e6	1.0903850502436901e6	1.073622762431297e6	1.0623183717750553e6	1.0470282096977513e6	1.0196088879256062e6	989890.518587057	968822.141846802	951429.1971697063	917736.0645178016	906605.5592835206	862518.9543190654	826703.6004443236	801409.3678509602	766867.4698451159	737253.3874839246	703138.0916794521	663851.5917244474	627552.4048035094	589029.7541627167	547760.6362495257	504969.18382728123	460467.2015484243	413970.0614572463	365090.2096289408	314024.2458131905	260605.22192994412	204794.10223310115	146516.83448695857	85552.5030773275	21415.015464050928	-46536.37633152283	-119076.37636940414	-197265.3641048281	-282697.8436609665	-378061.4714460422	-488794.74609383824	-631207.3291948575	-831223.3631358913	-898276.4975736781	-960487.2205391454	-1.0202427415096809e6	-1.0785715386551868e6	-1.13364325446612e6	-1.1896980064179872e6	-1.2445416500788627e6	-1.293433396625439e6	-1.3417985722765469e6	-1.3954714428567926e6	-1.4324413947834957e6	-1.4991558051914645e6	-1.5427514125786454e6	-1.6059086787740097e6	-1.6440887132024278e6	-1.6729000139294977e6	-1.718668141848034e6	-1.7621599825454766e6	-1.8024158101432442e6	-1.8517354613266618e6	-1.867323604127275e6	-1.9204632725944056e6	-1.9592833205419558e6	-1.9893631453324703e6	-2.0340579119313478e6	-2.059112187203515e6	-2.11618595616406e6	-2.1590984849986583e6	-2.191462511352231e6	-2.208343277406308e6	-2.238856936524407e6	-2.284054673967598e6	-2.285010474821219e6	-2.397761891726951e6	-2.3625885498868236e6	-2.402692980561628e6	-2.435324276378385e6	-2.46155356659297e6	-2.4812269242189694e6	-2.5080331240666453e6	-2.5283672642068425e6	-2.5568585374851236e6	-2.56842405452446e6	-2.5816182583330087e6	-2.6232723466106374e6	-2.664663168908721e6	-2.6855338463239977e6	-2.703334839771052e6	-2.710462193477897e6	-2.764259256022732e6	-2.755994988694111e6	-2.7713574564126804e6	-2.8143129287416087e6	-2.8363305822829427e6	-2.8530367248697868e6	-2.8548724204870965e6	-2.861639881784511e6	-2.869764221078367e6	-2.8935906433268813e6	-2.9047203791996455e6	-2.9423363412672905e6	-2.9234691507608816e6
1.848635854235075e6	1.8486199274832217e6	1.8481713439188413e6	1.848229272092969e6	1.8481153595669349e6	1.8479665600214703e6	1.8470474001005553e6	1.846015967916598e6	1.845546972834545e6	1.8455090170282382e6	1.8429973624995162e6	1.8427716605118904e6	1.842356677040029e6	1.8392797985176374e6	1.8377586378732692e6	1.8395070678941119e6	1.836660709876405e6	1.8340586726895585e6	1.8331623942390033e6	1.8336664691717394e6	1.828958707935773e6	1.8302418451712972e6	1.8277206993345341e6	1.8237697066977546e6	1.8168930265920707e6	1.8197747757948632e6	1.8155362839584432e6	1.8129214272074446e6	1.8108658277898543e6	1.806386177117324e6	1.8056097725978643e6	1.798135940047815e6	1.8035397035083564e6	1.7899920635731856e6	1.7880291456502522e6	1.7916659929423428e6	1.7856201209855922e6	1.7763538265118226e6	1.7738930466738334e6	1.7719803346791402e6	1.7574320232274383e6	1.7585565119188903e6	1.7597325236341404e6	1.7626203502238342e6	1.7539275734171418e6	1.7495175455482288e6	1.7411463898986385e6	1.733193415098216e6	1.7260289847348868e6	1.7721573398286225e6	1.7256542437110306e6	1.717966814359814e6	1.7201003947748102e6	1.7016976407823e6	1.6988550150428426e6	1.6889811389909596e6	1.6848950530343938e6	1.6691979058183406e6	1.6736640574228955e6	1.6484079626840076e6	1.6705255805784534e6	1.6256906427281105e6	1.63733227492885e6	1.627675539384839e6	1.6042465347694773e6	1.6152872097812672e6	1.607249115506482e6	1.5897978767015697e6	1.5728458681275076e6	1.561662261728725e6	1.561490739036538e6	1.548972807723017e6	1.5496521694693174e6	1.5476008077376967e6	1.5310492240634905e6	1.509830456371341e6	1.5282320660495588e6	1.5062343537027491e6	1.4676675060285218e6	1.4905719223361625e6	1.4638170364319622e6	1.4635212159602845e6	1.469085365801517e6	1.435326726640523e6	1.396577363076027e6	1.4102987019636123e6	1.3650022428586064e6	1.3687952014157518e6	1.364144751800636e6	1.3602630705345972e6	1.3444317983243933e6	1.3145910696891905e6	1.3130183736222421e6	1.284141244725281e6	1.2392785477369416e6	1.2527077105918974e6	1.229285866127438e6	1.1958187483499867e6	1.2032274861181388e6	1.163084671590353e6	1.1720762617758953e6	1.1380315592511634e6	1.111894515583397e6	1.0987558703239239e6	1.0890541280407093e6	1.061703795028626e6	1.0315802678270643e6	1.0026979008611334e6	999588.9431374422	955767.2249098099	932162.7902719323	904882.3174034057	871246.4961514184	838190.0786702933	808393.2547140016	780806.0157346876	738341.3291741761	708206.7969508648	671621.2687149266	634160.2618300816	593809.8466074907	553196.1534930465	510343.88098576176	465066.0121632528	418065.1200305184	368738.866936791	317118.6159585838	263130.10588631895	206723.59460218623	147819.69635101804	86190.570198389	21341.55306346924	-47379.032222009264	-120762.7008547557	-199897.40915416414	-286427.32704287604	-383144.8384655616	-495778.28800854017	-642165.4390876724	-837541.6905477049	-904730.2675733694	-967406.5202265114	-1.0275983555316844e6	-1.0858553626817719e6	-1.1426992133575997e6	-1.1979891667261284e6	-1.2510310535050624e6	-1.304320232388112e6	-1.3551513321301055e6	-1.4059861862605412e6	-1.4497560774269851e6	-1.5099656069899902e6	-1.5534595352531567e6	-1.5989228764027448e6	-1.6510729910380014e6	-1.691007643859173e6	-1.73107102143042e6	-1.8047752967975934e6	-1.8156345352814964e6	-1.8526967721606207e6	-1.8724308412256383e6	-1.9530268766631812e6	-1.9514197642434186e6	-2.0071709356661702e6	-2.06021475843416e6	-2.0838081632238936e6	-2.1022347194810985e6	-2.1634839210294196e6	-2.1870738125146125e6	-2.231166908122643e6	-2.25834677617722e6	-2.286894629961089e6	-2.3489023991050376e6	-2.4263497128439536e6	-2.3684493469982985e6	-2.4207019945126968e6	-2.445567338725847e6	-2.478190837547294e6	-2.508330631515379e6	-2.5346641432766467e6	-2.567971873553198e6	-2.5810366125431173e6	-2.6052015001930958e6	-2.6590175472024158e6	-2.6542133589651855e6	-2.6774628068935247e6	-2.7110145624820413e6	-2.714463860833468e6	-2.7479769653405193e6	-2.7699210524720326e6	-2.8022914133693045e6	-2.813664235098512e6	-2.812091642989765e6	-2.8398278387613455e6	-2.8795698937614253e6	-2.885617202483857e6	-2.89167465639004e6	-2.896846479131356e6	-2.906604650954037e6	-2.9401834741423046e6	-2.968054909480988e6
1.8760514976810461e6	1.8760162076858305e6	1.875685013987762e6	1.8757897986970632e6	1.8753329543682295e6	1.8746589548277021e6	1.87476745632181e6	1.8737445593286913e6	1.8731599269087175e6	1.8725897489726807e6	1.8707823783120285e6	1.869856201114442e6	1.8697329344053394e6	1.867349275096963e6	1.8672225467015933e6	1.8644739593805843e6	1.8643743076749784e6	1.8625876628966967e6	1.856917710009222e6	1.857076978127333e6	1.8567358354840216e6	1.854319428599377e6	1.848587686820094e6	1.8520584506376984e6	1.8457800485971137e6	1.8467802070663278e6	1.8461066797094434e6	1.8407567391758906e6	1.8379722146015828e6	1.8362733395929413e6	1.8335329945363533e6	1.8272430466866794e6	1.8290338824121347e6	1.823289211521443e6	1.8242692942484831e6	1.814763892371343e6	1.8156903136702173e6	1.8035850729619237e6	1.8078911924708455e6	1.7988124173324064e6	1.7930077411393549e6	1.7895871646144795e6	1.788162789445064e6	1.785820366337014e6	1.7902267750692717e6	1.7765447912060285e6	1.7695593339134238e6	1.7589385819769003e6	1.7543254918365378e6	1.747661142122753e6	1.7548404093658759e6	1.7287196700286637e6	1.7390608992669652e6	1.7400780448407694e6	1.7191004698090144e6	1.72390811295095e6	1.7158928391320296e6	1.6974567573570148e6	1.696218152084394e6	1.6927421009796546e6	1.6870507366114284e6	1.6864341543175627e6	1.6677736992543777e6	1.660752065436887e6	1.6464359804546584e6	1.6411408512301021e6	1.6388888979182646e6	1.615696829977751e6	1.6078240306777153e6	1.6067533986421577e6	1.6003744779951205e6	1.590330488848385e6	1.569966388752867e6	1.5726934565784314e6	1.5720585341472498e6	1.540016516815531e6	1.5340597232429183e6	1.5411788231533251e6	1.5063007298749425e6	1.5107918462344692e6	1.4917388077829522e6	1.480342819349841e6	1.4758504814371038e6	1.4652736283350303e6	1.4437158456167844e6	1.4196149893155308e6	1.3974513131424866e6	1.3939999022350232e6	1.3868764973066873e6	1.384284306405323e6	1.3697854458536897e6	1.3531785652476465e6	1.3325894800201743e6	1.3179223818123448e6	1.298007650477345e6	1.295804355970303e6	1.25305138924141e6	1.2452787578619074e6	1.2054585799089991e6	1.2157079567709481e6	1.1921384444811107e6	1.1656856147689302e6	1.1588968391044391e6	1.1426074540673052e6	1.111226993199901e6	1.0972603639210511e6	1.0517127941603e6	1.0381631078773043e6	1.0108706760767677e6	995460.483156425	972107.3357240326	953953.9171036785	908773.4700067975	882445.30190951	848507.8409311227	811356.3385204418	783933.2555527801	749099.3386529497	715967.2713123072	682955.3874894888	640471.6550818942	601798.2634985691	558789.9224124583	515295.68446911266	469829.87467370485	422233.7526898205	372394.515648748	320218.9025209076	265663.28598572616	208659.4973263042	149126.9610897703	86830.84387214785	21267.82823999948	-48224.84891228704	-122455.84507781593	-202541.25644293125	-290176.3559493653	-388262.4106042308	-502835.42788553913	-653466.8435483819	-843787.0335792496	-911170.3242454084	-974344.1680037614	-1.0352955107213135e6	-1.0940067403279182e6	-1.1507844459891452e6	-1.2071082830914513e6	-1.2598378008938062e6	-1.3120007997042073e6	-1.3641435818849287e6	-1.418732798729284e6	-1.4600707899018305e6	-1.5452630495258344e6	-1.5651318159337018e6	-1.6113321396698824e6	-1.654910040483949e6	-1.6980948581990416e6	-1.747845182338604e6	-1.8038438951957284e6	-1.8238397996817853e6	-1.8674353187330116e6	-1.8872421111644947e6	-1.9451283296260762e6	-1.9747195869189508e6	-2.0394738856211135e6	-2.0751941821392702e6	-2.0849065201768742e6	-2.1410556487631714e6	-2.1706854770571543e6	-2.2258102811088506e6	-2.241165723012873e6	-2.286326307520953e6	-2.3102338938245606e6	-2.355234638110645e6	-2.3813331459735185e6	-2.3639311510378905e6	-2.4428303179168496e6	-2.477768686028798e6	-2.489470468945942e6	-2.527048442462907e6	-2.5548532815127457e6	-2.5772067705931934e6	-2.6145252513262974e6	-2.619433293480497e6	-2.6501095411741175e6	-2.685499841568903e6	-2.6815650202192906e6	-2.687809547836475e6	-2.7344381265024636e6	-2.757285535613741e6	-2.826776128375978e6	-2.807662696552992e6	-2.824719583964877e6	-2.876108942178581e6	-2.8798091253269054e6	-2.8827370015276857e6	-2.8803997943845885e6	-2.9040609760265946e6	-2.9266859333235007e6	-2.9601685542077124e6	-2.9672886006420515e6
1.9036534120092902e6	1.9036672760834054e6	1.903311641905645e6	1.9032428759509688e6	1.9032134130181617e6	1.9020140568595908e6	1.9017713359348802e6	1.90156901438463e6	1.9004441177579497e6	1.8988967947719933e6	1.8970373656927547e6	1.8993153347763394e6	1.897053526804038e6	1.896029540339911e6	1.8940236272058808e6	1.8925646904370573e6	1.8929688949509328e6	1.8935107693035882e6	1.8885791147641845e6	1.8869050221738764e6	1.8823407735082512e6	1.8831693733105757e6	1.8808939745753414e6	1.8819448149201544e6	1.8757475035914197e6	1.8748454137803947e6	1.8698500806524514e6	1.8680621100239183e6	1.8678794569284033e6	1.85491074753786e6	1.8597115972577774e6	1.8564464381400053e6	1.8552688033121536e6	1.8438938740799255e6	1.8392757149442085e6	1.8464477895316603e6	1.8357464724727792e6	1.833537912125423e6	1.8289434065975228e6	1.8285333090175067e6	1.8194317846492035e6	1.816662247451128e6	1.8231134896633208e6	1.8085867436019576e6	1.8078293710488006e6	1.8107670933752935e6	1.7936238260877044e6	1.874376379197497e6	1.7945607981132106e6	1.7790630291724075e6	1.7685288077759827e6	1.770468073465724e6	1.7669412059038444e6	1.7501866926589499e6	1.7451581763193193e6	1.7390462789930452e6	1.7453332713673064e6	1.7240925616580846e6	1.7275584454833996e6	1.7054779589364643e6	1.7102343962670886e6	1.7027337219055942e6	1.7022072455992221e6	1.692404712022931e6	1.6726103163679577e6	1.6532217127549488e6	1.6696329586967095e6	1.6426498959165276e6	1.6487541546571061e6	1.6312706853568293e6	1.6112246691718057e6	1.5955890275065112e6	1.6255849894056104e6	1.5938061095726884e6	1.6073771698506842e6	1.5719659143763667e6	1.5712901683213504e6	1.5450436935424577e6	1.558311181180702e6	1.5385749998277936e6	1.5315267454307673e6	1.524590509720911e6	1.5102376733899438e6	1.472801351401805e6	1.4718397439405895e6	1.4592163537019293e6	1.44176466700727e6	1.4332730731249137e6	1.4275042576908318e6	1.4125764309041465e6	1.3972389996920214e6	1.3526298255710625e6	1.3685862573603294e6	1.3517879737860903e6	1.336090543428058e6	1.327971370796419e6	1.291542642795606e6	1.291803611508441e6	1.2473041520105274e6	1.236202329734208e6	1.2165103809413142e6	1.2023002832282002e6	1.1980696614418877e6	1.1703244850463078e6	1.1485875717400254e6	1.1254166229778216e6	1.0971042369045666e6	1.0831619507221351e6	1.0532530602781211e6	998748.867157738	1.0235513833128674e6	990961.9136576031	948812.040013616	915333.7051517197	892630.7202976011	859601.0757028408	826009.3653965162	790239.3399085938	760098.3503719696	724629.6589020018	687132.5167890112	646510.6689840497	605888.6852874262	564577.0708509847	520545.8577650187	474549.84632731345	426440.76851881086	376054.85698343185	323335.24076747894	268204.8207385875	210601.75608845917	150438.59950507456	87473.31091651856	21193.84247974353	-49073.82009106432	-124155.77091556904	-205196.87201199285	-293944.95085102855	-393414.49895559927	-509968.3617875122	-665158.9226608055	-849980.9412051032	-917644.5547352836	-981247.9404089863	-1.0424916219924453e6	-1.10190813812628e6	-1.1590927685494025e6	-1.2154914940476802e6	-1.2684141715548972e6	-1.3249242174609553e6	-1.3749541209708664e6	-1.427910889496953e6	-1.478426487051923e6	-1.5301942698773674e6	-1.5716882579241737e6	-1.6187821124376247e6	-1.6779754700829738e6	-1.7074589287177122e6	-1.752331916314225e6	-1.802116007698857e6	-1.8465389141128066e6	-1.8940501000471937e6	-1.9048307101552829e6	-1.9480446561624084e6	-1.9946655285468923e6	-2.0529526751864592e6	-2.0800877904591293e6	-2.1244358852612143e6	-2.1450275024538757e6	-2.185510858052741e6	-2.215782711134026e6	-2.2876703458396895e6	-2.291230555808224e6	-2.3354427573039234e6	-2.368968991472087e6	-2.369540616127724e6	-2.39089994705547e6	-2.4366968459527586e6	-2.4968085202824166e6	-2.503867835328117e6	-2.5324010721694566e6	-2.592730513343212e6	-2.6069498175063375e6	-2.613006216678815e6	-2.628674576591146e6	-2.668342734289972e6	-2.673746831401946e6	-2.700334969736278e6	-2.726562796931195e6	-2.75456628393534e6	-2.7706006686848532e6	-2.8212549834350664e6	-2.8354786042897217e6	-2.839896680464156e6	-2.8615133246349264e6	-2.8941723134656204e6	-2.9128860638227724e6	-2.923425704076319e6	-2.936829201087606e6	-2.9628542530319477e6	-2.958594026551944e6
1.931449136925798e6	1.9313008808555505e6	1.9311498060551707e6	1.9310747812083836e6	1.9305145487229011e6	1.930098131307601e6	1.9279959598326425e6	1.9284169856370944e6	1.9295020082695729e6	1.92551984391949e6	1.9275191464496327e6	1.9270567072338583e6	1.9262673927030507e6	1.924882477319996e6	1.9218532900718823e6	1.9225700167759422e6	1.9197812318821582e6	1.9202642450159239e6	1.916961141433344e6	1.9145089723229562e6	1.9083879873595354e6	1.9103533829406772e6	1.9119819811227627e6	1.9053870057957985e6	1.9060828762882934e6	1.9023974737544088e6	1.8998072322302556e6	1.8978840161166901e6	1.8912918200062178e6	1.8934982803616724e6	1.8858295688545734e6	1.8852634065731752e6	1.8775730809502797e6	1.875929331552856e6	1.8749068838645255e6	1.8714035660893759e6	1.8662030432470995e6	1.8634397989994446e6	1.8576776742853157e6	1.849485050453999e6	1.8499351380711559e6	1.8413125826879987e6	1.8448525546362777e6	1.844664386715285e6	1.8290622267170202e6	1.830748898127897e6	1.8372071905600112e6	1.8217951497698452e6	1.8106293471004015e6	1.8035731545067448e6	1.8020479298275455e6	1.7980343813805585e6	1.7844438459007265e6	1.7740120880942019e6	1.780741878384852e6	1.7788531851221765e6	1.7681301152574182e6	1.7595015223410735e6	1.7400601793133728e6	1.749128719644627e6	1.7453302965713919e6	1.7332284230703278e6	1.7272093154352005e6	1.728843283570631e6	1.7077416325677368e6	1.705082026550897e6	1.6963547080175504e6	1.6723914035142069e6	1.6705404023664338e6	1.6638920714580014e6	1.6436786935448227e6	1.6373747954085744e6	1.637571127468835e6	1.6259012800715312e6	1.6182830963656176e6	1.6236575142014606e6	1.6041265716987331e6	1.6042632465869756e6	1.5636962925354657e6	1.5468513265319788e6	1.5458257832047518e6	1.5426370720933888e6	1.5284743938455568e6	1.5113720779358502e6	1.5007578747509264e6	1.4888654781124217e6	1.482157999898694e6	1.4586626322655375e6	1.4575943107408676e6	1.451646629688949e6	1.4031983185930753e6	1.3989145651626834e6	1.4026913258123456e6	1.3751525262999064e6	1.3709209137932383e6	1.3542463823544804e6	1.341716493090203e6	1.3067888911006707e6	1.2931084885423693e6	1.265947727377648e6	1.252040870845823e6	1.253618650679008e6	1.2109560558767724e6	1.196902315672135e6	1.1674741870311205e6	1.1571486288832934e6	1.1299591421298846e6	1.109662384545095e6	1.087583817005631e6	1.0628797122739097e6	1.0402888941233116e6	1.0023478316061471e6	997788.3843812362	960391.2876390166	938527.057843575	900924.9340709901	868836.0583582388	834886.4590796658	791384.724379459	768748.671373114	729695.4497329245	692477.2383658316	654295.2361513895	612271.685637017	570269.2131795778	525785.282262556	479294.7136511924	430647.02150527877	379723.6514612348	326458.6651915116	270754.24043975095	212550.32145056222	151754.57644521445	88117.96032083989	21119.597268895246	-49925.92558201053	-125862.44720742735	-207864.21968311095	-297733.1340733215	-398601.42972509447	-517179.45104755065	-677302.2356009672	-856137.964171374	-924141.6652762548	-988320.1401618908	-1.0501499620331556e6	-1.1097513454918575e6	-1.1676900679295931e6	-1.2241082734103028e6	-1.2798182178622817e6	-1.3342977693750768e6	-1.3890944269784784e6	-1.4344402678295884e6	-1.4870963833201977e6	-1.5366203253816266e6	-1.5793411427865794e6	-1.6282254933434983e6	-1.675085258455021e6	-1.7198554866165721e6	-1.7656528503251073e6	-1.807753072153569e6	-1.8511782284197358e6	-1.8807291812017362e6	-1.935940267618119e6	-1.994205073336832e6	-2.0209676568651504e6	-2.0605649395690511e6	-2.10341452836854e6	-2.120792898188821e6	-2.158875657841445e6	-2.2190062982922457e6	-2.2726170278014457e6	-2.2829168447712455e6	-2.308555320450673e6	-2.3377407619407345e6	-2.387302431787693e6	-2.407508206640849e6	-2.447616302814126e6	-2.4742043213351294e6	-2.5007889838179415e6	-2.525987338234227e6	-2.567226094267154e6	-2.593402412865661e6	-2.6451843231832366e6	-2.6372675708216764e6	-2.6464378745881394e6	-2.6987058169714706e6	-2.715988980394547e6	-2.729449877151453e6	-2.765947069822047e6	-2.775510763541488e6	-2.806353747178225e6	-2.812400301919952e6	-2.8553788153063534e6	-2.8853967871369375e6	-2.8697654256099667e6	-2.910347997948913e6	-2.9283735163454423e6	-2.9351686554317623e6	-2.9644538227826785e6	-2.9825863819521703e6
1.9594413601414112e6	1.9593103502792183e6	1.9591761958177022e6	1.9589495499847638e6	1.958636339768807e6	1.9583622439724344e6	1.9577317459144278e6	1.9571909741110136e6	1.956464070208364e6	1.955564293969671e6	1.9544796317891325e6	1.953285694147761e6	1.9536504975951612e6	1.952432935878746e6	1.9502676653022654e6	1.9481191127227917e6	1.9461988625924687e6	1.9459136216002193e6	1.9451740953074447e6	1.9415694954372342e6	1.9402178407335219e6	1.9395070504943763e6	1.9362783426758253e6	1.93846251652067e6	1.9323694114438428e6	1.9317227752321765e6	1.9285334631207823e6	1.922120671144322e6	1.923827858581389e6	1.9181137123613083e6	1.917435440944655e6	1.9103467745803124e6	1.9101799673262734e6	1.9067793482963014e6	1.9066928128167791e6	1.898651767095487e6	1.890694612179669e6	1.8846902565859077e6	1.8801786348583421e6	1.8784624967803755e6	1.8846138398746504e6	1.877044033162805e6	1.8673847248726746e6	1.8650220062028011e6	1.8649745082282356e6	1.850315914234145e6	1.8547329519258551e6	1.8565899941652685e6	1.8441474056433658e6	1.836851321908704e6	1.8364803802258607e6	1.8289817404667316e6	1.815892582507105e6	1.8086178380054748e6	1.7990309543320795e6	1.8081220190301687e6	1.7838153015118334e6	1.7896066877232636e6	1.7994810531242965e6	1.7576370138736684e6	1.7750935860608264e6	1.7752155885386749e6	1.7450372243034628e6	1.7395102271941034e6	1.7484927152179775e6	1.7297656979698127e6	1.7424407354692128e6	1.7133178752756414e6	1.6937560968237058e6	1.6973735850834132e6	1.688909737506302e6	1.670847107399301e6	1.6721430986284527e6	1.658801794854762e6	1.6510373582239966e6	1.630310825300748e6	1.6198890660567249e6	1.6192310898706047e6	1.6033052872961983e6	1.5914933141558343e6	1.585777532342703e6	1.564496567638152e6	1.5501731872516107e6	1.5480588472503154e6	1.5408380932241874e6	1.530022896780337e6	1.5123811596889743e6	1.4846974561830824e6	1.4692638238260038e6	1.4602993588822791e6	1.4597327089392478e6	1.432470795185803e6	1.420644268596601e6	1.419890965460136e6	1.40249843968026e6	1.3840462178694801e6	1.3707494875171855e6	1.3563042192331841e6	1.3231417233944945e6	1.3152684266904118e6	1.279211137528441e6	1.2720718621587318e6	1.2675054188528368e6	1.2327934030877177e6	1.2147219049589187e6	1.2031552385613772e6	1.1617848580899404e6	1.1526314975796267e6	1.1129321100387732e6	1.098853465769724e6	1.090084742235653e6	1.0376478467370308e6	1.0203041244185833e6	1.0000191020024286e6	980222.1685878678	948222.2569414106	918062.5085388357	885385.9063020375	842152.5630692414	807868.8765542712	777326.4288442726	739775.8503001279	697664.872373591	659704.5169950328	619026.3127626348	575856.7975503874	530969.535675454	484034.096393632	434842.547721002	383422.9287928047	329592.13720261166	273311.8928518689	214505.14214437758	153074.85827858956	88764.76849525399	21045.09394763154	-50781.145064868964	-127575.8402077998	-210543.2717797691	-301540.9329977075	-403823.545650773	-524471.2471984334	-689976.2059630596	-862269.717310339	-930632.7318227154	-995186.1920043223	-1.057306606320035e6	-1.1175743095649194e6	-1.17718316239071e6	-1.2331250511982234e6	-1.2879252257491436e6	-1.345470322699602e6	-1.3950883485467106e6	-1.4400855126721722e6	-1.4933175501792242e6	-1.5493583733017344e6	-1.5981913107313255e6	-1.6449426066032585e6	-1.7014743176476595e6	-1.7326898293846978e6	-1.7666908051765806e6	-1.8218005187307557e6	-1.8570834288067094e6	-1.9111961087930657e6	-1.9616847155565408e6	-1.9974344268781648e6	-2.0449192575134572e6	-2.0779301962258585e6	-2.127640198946394e6	-2.1460063455244554e6	-2.1989554094791403e6	-2.2344855317716235e6	-2.2573176620209143e6	-2.2893814412285024e6	-2.3354343054629397e6	-2.354937542580343e6	-2.4129947948895814e6	-2.4215917672499856e6	-2.454003269099815e6	-2.458827286231693e6	-2.554982789252689e6	-2.552713851843938e6	-2.5931052682054527e6	-2.5946755782864e6	-2.647671798467596e6	-2.680197651608115e6	-2.702215205543722e6	-2.7114399510127576e6	-2.737111959086692e6	-2.7592013696463713e6	-2.765205433891454e6	-2.8059573344057007e6	-2.8294419580649277e6	-2.8597254820194915e6	-2.8922366824824335e6	-2.8587115620407285e6	-2.9208257449235898e6	-2.945379744608661e6	-2.9633876817823136e6	-2.9744514998270776e6	-2.995892018071767e6
1.9876329393236134e6	1.9874815276027434e6	1.987384995282408e6	1.9871589726906992e6	1.9869459313360974e6	1.9859944417952376e6	1.9858747185899096e6	1.9847205095450692e6	1.9847552202814198e6	1.9849013692541905e6	1.982579937157196e6	1.981831318338613e6	1.98147235477122e6	1.981002126697495e6	1.9783953098082312e6	1.977434001316708e6	1.9770099870293797e6	1.9740480120854378e6	1.9730208823305839e6	1.9717861275269026e6	1.9707359069861062e6	1.9674450569854435e6	1.9651605475949661e6	1.9644651357546796e6	1.9667052531088106e6	1.9592093353277252e6	1.9551590120036213e6	1.9550177407755298e6	1.948819356783466e6	1.9474398281021353e6	1.9477236693651925e6	1.9396848482404298e6	1.9397398477422874e6	1.9380314298657863e6	1.9330586860634144e6	1.9244134085067182e6	1.9208434055294606e6	1.9163794266528534e6	1.917076288699291e6	1.9060985405214748e6	1.9038616568991463e6	1.905470252148562e6	1.895779189618207e6	1.8866424791037538e6	1.8872795744849828e6	1.8910299194294224e6	1.8924876540665594e6	1.8736071027352945e6	1.8789983086803826e6	1.8670640851936021e6	1.8438880990985136e6	1.83894348732353e6	1.8469250622613984e6	1.825934275361054e6	1.8316981450789904e6	1.828459283284957e6	1.8193374618038936e6	1.8043061578530516e6	1.8235968858382758e6	1.8075751902496158e6	1.7906796506732276e6	1.7837984356348685e6	1.7780154074478433e6	1.7720016522891745e6	1.7634290133109689e6	1.7597137539204408e6	1.755344209546323e6	1.7528483402312775e6	1.7276153331213286e6	1.7297935560912294e6	1.7096892190661342e6	1.7151535151168008e6	1.6817434108019024e6	1.6870629407090712e6	1.6799891442515417e6	1.6638900433250729e6	1.6591664028180377e6	1.6426957521982254e6	1.6370650697535377e6	1.620687113810969e6	1.6410901222072055e6	1.601214283686416e6	1.5834933197511397e6	1.5888590360604895e6	1.5753366653453931e6	1.5544769007504992e6	1.547383725647915e6	1.5205881885267769e6	1.521703665738761e6	1.4785679076775117e6	1.460137017380338e6	1.4654783522110633e6	1.4569054251435976e6	1.456330548665883e6	1.4386953386881002e6	1.432302878180156e6	1.3856132208280694e6	1.3622676598559392e6	1.3588810014438818e6	1.330124204294135e6	1.339524563326992e6	1.2976391238085974e6	1.2865521528765836e6	1.2776930382847588e6	1.2302517080846278e6	1.2527531056781108e6	1.1995600686233863e6	1.176375745163033e6	1.1654163712492427e6	1.1349634893324142e6	1.1084000416911454e6	1.093503598585191e6	1.0503180383457658e6	1.035046446835056e6	1.0265737113877358e6	986032.5487415213	940656.4879882962	925338.4667891043	884120.7102128377	843423.9588343455	821651.3858257649	782377.1315861794	744714.5324031108	705859.9771196707	667776.8465285222	625302.5703463904	581687.7805010478	536529.2896727037	485102.7606227384	439145.9765512319	387108.8904115753	332734.70935907494	275877.47614886845	216466.17001232924	154399.41258809925	89413.72181878146	20970.335450334474	-51639.46023623459	-129295.91738090292	-213233.9911499403	-305368.3753825424	-409081.2062445537	-531846.5103565904	-703288.2953690134	-868379.147736843	-937125.3239231964	-1.0021496328531404e6	-1.0651343001567323e6	-1.1257203076790988e6	-1.1840671447316462e6	-1.2407694113667912e6	-1.2974182758358757e6	-1.3479212003332193e6	-1.4090520587215356e6	-1.4526279538415393e6	-1.5098234584032877e6	-1.562790300446896e6	-1.6103470097593574e6	-1.6558446733433001e6	-1.7144979502419715e6	-1.7541276802964497e6	-1.8071371667104869e6	-1.8262486832608485e6	-1.8832084965186568e6	-1.9214850557742177e6	-1.97018897294227e6	-2.0119375710438748e6	-2.0505402434327595e6	-2.100325092400197e6	-2.1293180256201383e6	-2.1295669976491174e6	-2.218466925502127e6	-2.2384710909144497e6	-2.279430406705347e6	-2.3061616738890167e6	-2.342369825270064e6	-2.3741845025039567e6	-2.423812162826713e6	-2.4504621441769265e6	-2.4779224287904296e6	-2.5247846507806703e6	-2.5479813474913267e6	-2.5779614719125405e6	-2.608517850659929e6	-2.6400879200252173e6	-2.659108582527239e6	-2.6875747281329865e6	-2.713473867873395e6	-2.7341732805533437e6	-2.8229717182650454e6	-2.768096820232736e6	-2.788399862301603e6	-2.8480522338184584e6	-2.8622870393866086e6	-2.8715081343309246e6	-2.8874738705139477e6	-2.9320820450416934e6	-2.95206159334064e6	-2.943754573638592e6	-2.98690268962158e6	-2.9790626199535513e6
2.0160022400714764e6	2.0158936783472628e6	2.0158755212699948e6	2.0156826658299656e6	2.0150777104143687e6	2.01481882858072e6	2.013737173740285e6	2.0136497464864608e6	2.014180352059924e6	2.0120811149564432e6	2.0118787576669408e6	2.0099059011666395e6	2.0083634565914478e6	2.0084621173718045e6	2.0070580894005336e6	2.0055347108199685e6	2.0014668819971026e6	2.0028360063173596e6	1.9983406715333217e6	1.9977523858147815e6	1.9982792893084006e6	1.995687784029457e6	1.9935699139629928e6	1.993121439784072e6	1.9885055356123745e6	1.9916508430318637e6	1.9863726143286289e6	1.98150955963883e6	1.9764089820265132e6	1.9750950751878463e6	1.9689653389054441e6	1.9752140381292526e6	1.9691300179867928e6	1.964632630420966e6	1.9606390356226298e6	1.9531446587888896e6	1.9455763990058976e6	1.9431083483658617e6	1.9477656387584114e6	1.9392941262353605e6	1.9363970021981713e6	1.9316060198009769e6	1.923235474545755e6	1.920890638628406e6	1.9166189181060682e6	1.9149200443011443e6	1.90986973960976e6	1.9054295194779695e6	1.8965905747476085e6	1.903454697475032e6	1.8928537039011533e6	1.870920124074759e6	1.8796417129809551e6	1.8670339151896215e6	1.8639056589643864e6	1.8538681488216883e6	1.854971814384134e6	1.852866025489336e6	1.8390621685248604e6	1.833628988284026e6	1.8342243135102158e6	1.8194595263082734e6	1.8156347897490044e6	1.8058563351540277e6	1.791154368655031e6	1.7987376930885238e6	1.7769427999139787e6	1.7522795262658838e6	1.7721635446752482e6	1.7574645660610874e6	1.7512638896111553e6	1.7259835821827909e6	1.73075277719887e6	1.703162345068364e6	1.7110330443301566e6	1.7099804101629471e6	1.6872685156626226e6	1.6723855700462835e6	1.658946028162218e6	1.6775590810072052e6	1.6553348723632751e6	1.622251714023393e6	1.6185578468091628e6	1.605805027607738e6	1.608863785192673e6	1.5847209918748557e6	1.5756235704702171e6	1.559156686774806e6	1.535824829126839e6	1.5304546587373114e6	1.5131420359932932e6	1.479908703181398e6	1.4878257540136506e6	1.4797068526131995e6	1.4658761186289405e6	1.4540018932657233e6	1.4469286956694678e6	1.395969150817797e6	1.388582426060812e6	1.381897496451458e6	1.342607063945286e6	1.335916345537629e6	1.3049221014773822e6	1.2873752000302928e6	1.2861508718496342e6	1.260854479887328e6	1.2431237609327864e6	1.2180310544009206e6	1.1898422121475243e6	1.1291694016190935e6	1.1718417640042475e6	1.1335119925901848e6	1.1003736554661924e6	1.057560648527836e6	1.0444064496884547e6	1.027774563391239e6	982976.8586366302	964754.3350842007	943468.4464440355	892886.7125176408	860848.0929402979	835961.489759624	791376.0141496852	751343.1914432056	712674.9526318314	674241.143051958	631298.8072973711	587522.5448476558	541468.835957855	489972.92642719066	443338.18416459765	390814.5933968951	335888.9463591336	278450.92843115283	218433.3566387843	155728.2066398121	90064.80230305134	20895.32316603139	-52500.85129310493	-131022.64477919182	-215936.3581750784	-309215.49202380213	-414374.78913537064	-539308.2329178422	-717389.5336065155	-874474.6424510258	-943620.1803972938	-1.0093479425999105e6	-1.0720561414582382e6	-1.133336604528588e6	-1.1931226180716737e6	-1.251811256509811e6	-1.3079160174817212e6	-1.3650172660327025e6	-1.4179974289606058e6	-1.4745157415444686e6	-1.5169544040556897e6	-1.5708513817022087e6	-1.6189480000010913e6	-1.666839663814319e6	-1.7308240695431523e6	-1.7670534377374242e6	-1.812356942769767e6	-1.8541500481880915e6	-1.8896565126503787e6	-1.9355284114359992e6	-1.997000782436617e6	-2.0057969936092638e6	-2.0645079041863226e6	-2.1135782368517397e6	-2.103882725518062e6	-2.17819963957162e6	-2.2070724479887243e6	-2.2400995961932996e6	-2.286126874098696e6	-2.3088402607741943e6	-2.3906129547397792e6	-2.4033177696361244e6	-2.419644585678395e6	-2.4445170528443838e6	-2.5174081901251264e6	-2.543540498470798e6	-2.574747801698737e6	-2.5616332206405113e6	-2.6022311026023347e6	-2.6440236962148137e6	-2.6850988787500113e6	-2.7095143793631885e6	-2.698922512372612e6	-2.7697921157171447e6	-2.814142994309431e6	-2.812243352338046e6	-2.819142689370456e6	-2.8481507085279785e6	-2.856336835821977e6	-2.878745573134357e6	-2.9209016294483636e6	-2.928061087175235e6	-2.9738412591175623e6	-2.9874785850268286e6	-2.984293226961365e6
2.0445774261061945e6	2.044519709244555e6	2.0443138271072588e6	2.044563637572897e6	2.0438702117099976e6	2.043416809835235e6	2.0432392047030826e6	2.0425261771429947e6	2.0424554620294734e6	2.0406344978120215e6	2.0396763467178605e6	2.0389538409056417e6	2.038798749924022e6	2.0358836870911336e6	2.0366807963638506e6	2.0341175155029737e6	2.0331462299509197e6	2.0309190755162213e6	2.0287776981894365e6	2.0267208858760213e6	2.0269986299325293e6	2.0263204790280785e6	2.0223124540480892e6	2.0221060877996944e6	2.0192131656480767e6	2.0150021179804278e6	2.0164785563245963e6	2.0090337335208943e6	2.0096724735205192e6	2.003133838849222e6	1.998003729744679e6	2.001287533220557e6	1.9970264151391478e6	1.9936634597881609e6	1.9864975907434518e6	1.9760665055090014e6	1.9749862289076645e6	1.9759747197505597e6	1.9704824603281692e6	1.9682601367036952e6	1.9635916840896616e6	1.9535081128303544e6	1.9556865913664056e6	1.9515155339202292e6	1.9438651394115605e6	1.9429108054211836e6	1.9340950722031035e6	1.9368325162759179e6	1.9339480803293376e6	1.9226427648510095e6	1.9263721344923587e6	1.9095810405219805e6	1.8967906172265701e6	1.9018115433497115e6	1.8858653773459024e6	1.879100507171399e6	1.8780686301184883e6	1.9048486300362526e6	1.874042641901533e6	1.8607417365851095e6	1.8592560165948458e6	1.8539051693813056e6	1.8499774490634582e6	1.834005668921917e6	1.8163426442858484e6	1.8003706217964361e6	1.8042614615968533e6	1.7956792588347858e6	1.8122310909890027e6	1.7813710851146036e6	1.7696888335974969e6	1.7639881523400086e6	1.7538083490560567e6	1.7491372172483562e6	1.7264480435871691e6	1.7365514547953836e6	1.720800700006305e6	1.695196323162464e6	1.688198931118158e6	1.6860422577592223e6	1.6734796624495257e6	1.6636161522059499e6	1.6438957045214777e6	1.6358954417079326e6	1.6291754396386622e6	1.6240590239423518e6	1.608309259610132e6	1.597990181453374e6	1.5731754210174144e6	1.5586605937450025e6	1.5528612829759836e6	1.4992741498267802e6	1.5064620361029296e6	1.5120000082007302e6	1.4868544469684535e6	1.4871107944160001e6	1.449125214880892e6	1.4711690857358817e6	1.3923413187190192e6	1.4059333761508837e6	1.3938573531495677e6	1.3490905052127503e6	1.371297707095034e6	1.3227490660954404e6	1.2977831988489013e6	1.2674876816845767e6	1.2671702532661422e6	1.2657660275110048e6	1.234989230370338e6	1.2047765462283792e6	1.2109290241718912e6	1.1685027495607808e6	1.1357955717984745e6	1.1090717918163554e6	1.0827231453384338e6	1.0672789563328652e6	1.0414395072666099e6	1.0049036266195704e6	972461.000770648	941114.8397908998	891956.3370745007	872556.3748360474	834983.4001397579	797124.888657548	759948.3452229179	719315.2172300215	681198.8163066334	637473.9922060475	593334.4308913595	546667.511741309	494887.49973580777	447577.1233777595	394540.568857542	339051.5994809298	281032.21177119086	220406.65523878438	157061.20727713197	90717.9963577129	20820.05849692854	-53365.299049566034	-132755.99405947258	-218650.33075929782	-313082.31960881804	-419704.6915611911	-546859.6702503746	-732502.0798720771	-880559.2294134197	-950146.9673128568	-1.0161020173664379e6	-1.0802545392266193e6	-1.1417207095609142e6	-1.2013958150558823e6	-1.2594822168557376e6	-1.3179879776072942e6	-1.373051848205845e6	-1.4248002511475955e6	-1.475935571934772e6	-1.5266745918572631e6	-1.5811650855828451e6	-1.632486566344944e6	-1.68531349423173e6	-1.7268620126723784e6	-1.7681865935389043e6	-1.837160203209325e6	-1.8707314806808133e6	-1.8937372717917108e6	-1.938113181401224e6	-2.0025167568553605e6	-2.0230212078223743e6	-2.083027523882238e6	-2.1072286607932504e6	-2.1623235449586613e6	-2.179503101951775e6	-2.219956846559504e6	-2.2748405100723803e6	-2.3240969233403523e6	-2.336612540978914e6	-2.399738339012375e6	-2.4058464028535327e6	-2.51649982564516e6	-2.485233082151586e6	-2.5150973647252033e6	-2.554360298087051e6	-2.560874427739174e6	-2.6201181629991326e6	-2.6246641196334222e6	-2.6642519598558582e6	-2.7084034040720016e6	-2.7053581638207836e6	-2.7482640483315634e6	-2.8165267687726086e6	-2.7723880897630565e6	-2.816427846382455e6	-2.828556599253945e6	-2.846257211298244e6	-2.916522215780124e6	-2.881720422805153e6	-2.9312836463216664e6	-2.973347391480323e6	-2.9763842797450908e6	-3.022629952868984e6
2.0733444245843594e6	2.0732786644342968e6	2.0732890505210264e6	2.072903928978769e6	2.072498304115922e6	2.0723554225760791e6	2.0713453036754853e6	2.0710805014715912e6	2.0706402891937445e6	2.0701046144716966e6	2.0693234260073816e6	2.0682060142284487e6	2.0670395826825767e6	2.065030755987926e6	2.065123037631115e6	2.0629098823358526e6	2.062182028745394e6	2.0601374116568058e6	2.0581131526865081e6	2.0570952245321735e6	2.0527670738204543e6	2.051780543009548e6	2.0530593653619168e6	2.0503519627580752e6	2.0455789474550437e6	2.0449857878477438e6	2.0426258108234769e6	2.043161013672335e6	2.0359982655832167e6	2.0284321350689968e6	2.035646523108776e6	2.0298220762808023e6	2.0261570128424393e6	2.019066025509695e6	2.0186745125993302e6	2.0148286314740703e6	2.0096350707081938e6	2.005406883078874e6	1.999873355669994e6	1.9988511130191914e6	1.997461781125559e6	1.9895654277610546e6	1.9854112735941329e6	1.993424955153219e6	1.9786805341787215e6	1.971310923992906e6	1.9699500868678903e6	1.9577271726419833e6	1.9602538975057905e6	1.9551520559773732e6	1.9466507842032176e6	1.9448681947951184e6	1.934129371140922e6	1.9358264741310389e6	1.9199722914945555e6	1.9251937144244197e6	1.9071612491151982e6	1.8983451425709713e6	1.9086325205443073e6	1.8922224196087923e6	1.878908548200458e6	1.8753593168410829e6	1.8698220945995946e6	1.8646707409247677e6	1.8643625214354459e6	1.8439202626050734e6	1.8408132531139185e6	1.8300283009827014e6	1.8317576685628148e6	1.8221091573498277e6	1.8017001309042298e6	1.7959638425259893e6	1.793777571892652e6	1.7786315815201409e6	1.7738812169645852e6	1.7512519568266124e6	1.762800523723982e6	1.7362748708147546e6	1.7286972584921734e6	1.7288965688396858e6	1.7004029348471048e6	1.6833481109593776e6	1.696612172231827e6	1.67102455194403e6	1.6690816702796756e6	1.6464230759852622e6	1.6387601710476575e6	1.6167235357199456e6	1.6170058824504535e6	1.5883594432230776e6	1.5654932734014168e6	1.5586029907032608e6	1.5251779656461335e6	1.5356502329502082e6	1.524752093188883e6	1.5165313220949415e6	1.4986793853106988e6	1.4722321322127087e6	1.4551109844125859e6	1.4423152253928827e6	1.4325431561406702e6	1.4166799807781507e6	1.3927773988658292e6	1.3581010430556051e6	1.33310164441352e6	1.342051108464634e6	1.319289304836322e6	1.2224642494367743e6	1.2701272802837223e6	1.2433050260603814e6	1.2307260830522282e6	1.2120448791831168e6	1.1776284298611996e6	1.138582910761852e6	1.1220470739045436e6	1.090534749156842e6	1.0756850161687902e6	1.0436761718783588e6	1.0127896408278432e6	980353.3341554445	941568.3153912546	914916.757904432	883260.7865511334	841306.2332333424	802152.4027226821	768682.1887641596	726998.9340675559	686676.6681984658	644200.284894028	598889.2199634761	551982.5652024054	499866.5522943381	451848.0724076247	398267.93198801647	342222.0222163673	283621.3390461898	222386.01642266405	158398.38229489606	91373.2867094106	20744.54361153231	-54232.78545992146	-134495.9313671284	-221375.8895087659	-316968.8972278957	-425071.33250412135	-554504.366858071	-748969.2136752128	-886635.0722600336	-956661.008634011	-1.0233752793004636e6	-1.087021851317176e6	-1.149147659177026e6	-1.2095935998735277e6	-1.2701226260047744e6	-1.324734734461032e6	-1.3804191954273053e6	-1.4345671256637785e6	-1.489268862453502e6	-1.5415158296790079e6	-1.5962445005361426e6	-1.6478325708122293e6	-1.701675428586996e6	-1.7355809946643265e6	-1.7930282353741147e6	-1.863594773885824e6	-1.894443680617965e6	-1.9301311651653468e6	-1.9574330990434384e6	-2.0049714417487152e6	-2.0426810143468168e6	-2.081102177084572e6	-2.130591276303746e6	-2.161809481442974e6	-2.181103532407012e6	-2.258433156437289e6	-2.2944325815477585e6	-2.334299407683907e6	-2.3599010763523486e6	-2.395621186613393e6	-2.419492495299343e6	-2.5142849108085725e6	-2.51570129865327e6	-2.532186736152483e6	-2.5972569834926585e6	-2.600417593390776e6	-2.644789739546433e6	-2.6508118097112887e6	-2.6923281534381406e6	-2.7190459527991973e6	-2.737650373667638e6	-2.778327385384131e6	-2.7960202840800174e6	-2.82775146388522e6	-2.8409301640185835e6	-2.8434589079415407e6	-2.9079200356254447e6	-2.9019783417159542e6	-2.9247904111252977e6	-2.9539964323740825e6	-3.0005822680642195e6	-2.9919379411503496e6
2.1023056493243207e6	2.1022622342155864e6	2.1021212511842838e6	2.101450468532663e6	2.100903556409779e6	2.1010266652120277e6	2.1001293733658358e6	2.100234435801612e6	2.0993920216006637e6	2.098396529889043e6	2.1002677326476383e6	2.097537650563625e6	2.0951680838644397e6	2.0955663895066513e6	2.0923478443964852e6	2.091113243445597e6	2.092323029087286e6	2.088798878758372e6	2.0870374796972873e6	2.0847897982984418e6	2.0843413006645467e6	2.0833768339289036e6	2.0797129982440714e6	2.0791794277406286e6	2.0793753203043998e6	2.069426977029914e6	2.0716369765798517e6	2.0653891055797478e6	2.0686574791236355e6	2.0650012967670388e6	2.059853244666293e6	2.0495255218246498e6	2.0522485551236295e6	2.0505187798343864e6	2.045298822183036e6	2.0422034722100873e6	2.038444649482026e6	2.0384334896012396e6	2.0290569615037744e6	2.0262809852632668e6	2.0248917314977238e6	2.0291510998508888e6	2.016497519663509e6	2.0161756138030782e6	2.0060617129073197e6	2.000016220419853e6	1.9937747844954445e6	1.9836825673042797e6	1.988054889088836e6	1.9877642923670951e6	1.9762372251211097e6	1.970958082571569e6	1.9744935622306075e6	1.9606918625466684e6	1.9555382169159013e6	1.946493189924526e6	1.943880313602583e6	1.9267817521987336e6	1.9429987950414945e6	1.9237950902939234e6	1.913604563401809e6	1.9089408420881643e6	1.897406057845351e6	1.8936819144320216e6	1.8905466007985016e6	1.871563098161295e6	1.844918476295397e6	1.8587396509577092e6	1.8572715837119857e6	1.8212328355097198e6	1.8317545581119193e6	1.83018896395191e6	1.811433290959423e6	1.810717724769774e6	1.7998844083826882e6	1.7899525087622525e6	1.752897487063234e6	1.7600042641090476e6	1.7568503165058433e6	1.759860477430256e6	1.7247426990714855e6	1.716525769690307e6	1.7109393188127237e6	1.706430116140294e6	1.6980588305159241e6	1.6881376335488304e6	1.6661677477711102e6	1.645794263049855e6	1.6228982574899145e6	1.6315751460940666e6	1.617083609581068e6	1.5811122507257445e6	1.557128621354934e6	1.5510676969205365e6	1.5514130244653404e6	1.5326243118102842e6	1.5238422136296374e6	1.501153811881964e6	1.4954441492160915e6	1.476696284198145e6	1.4271054852572489e6	1.396389747160763e6	1.422280379539432e6	1.3984375965907662e6	1.3596520505620865e6	1.3754075744433752e6	1.350634444312401e6	1.3311747603987218e6	1.29177701900543e6	1.287138598265461e6	1.2647497920536129e6	1.2400490946135381e6	1.2268223733042043e6	1.1922080584385432e6	1.159799637090167e6	1.1392022657099534e6	1.1115671741986135e6	1.0776675969577197e6	1.0594418726782126e6	1.0225749144083485e6	990540.2846085441	959435.6423419672	902775.3754315288	883840.2027901225	847890.0848546212	813489.6804734883	772681.3253654453	735119.9613063794	693874.43805576	649929.6656113602	604851.7623853979	557486.0482905302	504952.43664839	454313.0147891352	402017.7276622767	345403.7470049665	286218.43811897025	224371.39581021923	159739.7011723693	92030.66114796489	20668.779783124337	-55103.29237547191	-136242.4243654285	-224113.00128858932	-320875.25932874274	-430475.1440514757	-562246.1988296418	-767331.287907149	-892705.6554049284	-963108.3265554609	-1.0300967367107777e6	-1.0949635870710753e6	-1.1572122683872066e6	-1.218989817154702e6	-1.2792032896252472e6	-1.335209062149633e6	-1.3912293945695518e6	-1.4433212686713508e6	-1.499184114212549e6	-1.5515841195786844e6	-1.602403496232786e6	-1.6636859881411197e6	-1.706359337112794e6	-1.751284433190834e6	-1.8063713423370842e6	-1.856664320416678e6	-1.9011928810868852e6	-1.934629681450967e6	-1.9874640888040944e6	-2.0357107995917888e6	-2.0710525218933073e6	-2.098310418625515e6	-2.1504746762712914e6	-2.1964732803863315e6	-2.2323011658960627e6	-2.272277453408652e6	-2.3057719967822162e6	-2.3373078331512567e6	-2.367921746998677e6	-2.4238019246812146e6	-2.4349359730493855e6	-2.4952005968193626e6	-2.5002936742104283e6	-2.5642178455073666e6	-2.582434121334588e6	-2.6115468973060697e6	-2.649315016057999e6	-2.6773106087181475e6	-2.717596221515988e6	-2.709248317522737e6	-2.8145160187303703e6	-2.7764865268165255e6	-2.8156299825453497e6	-2.8282075215310026e6	-2.850372797779985e6	-2.8733229553855723e6	-2.9324839618438184e6	-2.9521434796492606e6	-2.9250433228105204e6	-2.976820584229013e6	-3.0609016507890383e6
2.131465140024615e6	2.1314252332536397e6	2.1315293692758246e6	2.1309732720347196e6	2.130659646153956e6	2.129805933014103e6	2.129641943939061e6	2.129144477207593e6	2.1289047867963617e6	2.1280154165026536e6	2.1280640554317357e6	2.1260678629551255e6	2.125882726697659e6	2.124407690934379e6	2.1224561638469426e6	2.1202948960193987e6	2.120222503774263e6	2.11794601862609e6	2.1172430636255303e6	2.1140464674232076e6	2.1113129249027777e6	2.1097020890984144e6	2.110593389166148e6	2.1084735772382007e6	2.1054992562751574e6	2.1030578703209525e6	2.1054900706759887e6	2.0968350205060432e6	2.0940523801785011e6	2.0905682434808346e6	2.092102398981707e6	2.089924538000633e6	2.0878735801958428e6	2.079159504263088e6	2.0789006404836155e6	2.0740685375221649e6	2.0695381487750788e6	2.0623323289670376e6	2.0649586353953804e6	2.0580176199225788e6	2.0534628878397194e6	2.0498366416067188e6	2.0503456885830583e6	2.0405854979849148e6	2.042384195394531e6	2.0321805995147268e6	2.0292061306153024e6	2.0180906393718598e6	2.0093159139320613e6	2.013256306604993e6	2.0076371187366873e6	2.0051957912638367e6	1.997363087083532e6	1.994390944933428e6	1.9969726015966085e6	1.9630218645518883e6	1.9752553115181508e6	1.9649110509266476e6	1.945069445238848e6	1.9459244619627965e6	1.947686286497912e6	1.9363238330687112e6	1.9382857381106133e6	1.8975427932189293e6	1.9084557072245607e6	1.9128320708964309e6	1.8916911180587595e6	1.8878957100725935e6	1.871078647139445e6	1.8741282336838995e6	1.8873816421068723e6	1.854952085684925e6	1.8559309675569562e6	1.847745085427584e6	1.837235979882712e6	1.8214158812349753e6	1.8069746652393758e6	1.7872620375017659e6	1.797829766662321e6	1.7873901735374378e6	1.7598740294363159e6	1.7455177132703015e6	1.747929507171594e6	1.735578059330561e6	1.7137391056026318e6	1.7073787573819563e6	1.6980793573517746e6	1.6752219828529758e6	1.674729766458511e6	1.6567425714568775e6	1.651477897273344e6	1.642240782908774e6	1.6118610177169295e6	1.5939124764480307e6	1.58400458064302e6	1.566241212037455e6	1.5559711662601484e6	1.55684256050405e6	1.5424679959364878e6	1.505912603631499e6	1.5002448431303825e6	1.4858467199665732e6	1.4472680506093958e6	1.4424611845409959e6	1.4192818856103078e6	1.3976946353316368e6	1.3801629813369755e6	1.3655767895314656e6	1.3297754143675026e6	1.3128366373028327e6	1.302757619923916e6	1.2784569680106526e6	1.232051333580182e6	1.2278957020139266e6	1.204188252262492e6	1.169878933300254e6	1.1404457805630353e6	1.1214801463919962e6	1.1064391046547028e6	1.0655035622755843e6	1.0323322295121669e6	987661.2326440606	965681.9422304068	924703.2737872677	898889.8181011348	852680.3174635775	823210.4805955722	781866.2188780748	741832.1631501948	699988.621764703	658940.4302147182	609665.6630891329	562748.1430125285	512724.4792962093	458777.6502361116	405774.3781564429	348594.2714345169	288823.0183781835	226362.74581413623	161085.1323406624	92690.10179555719	20592.770257427124	-55976.801796928514	-137995.443238331	-226861.64110865747	-324801.46042381576	-435916.5882903605	-570089.416410038	-788179.7351780289	-898773.3624431647	-969729.7649599991	-1.0373741942656843e6	-1.102318322375267e6	-1.1710793741167013e6	-1.2259861291192945e6	-1.2885672721237533e6	-1.3427135207944212e6	-1.3999221687757906e6	-1.4593349739443085e6	-1.5119802104658212e6	-1.5648342890692672e6	-1.6207784805990376e6	-1.6674328610321612e6	-1.726222632727931e6	-1.763789872847269e6	-1.8195644868747995e6	-1.860417089933721e6	-1.909254700186942e6	-1.959197911683752e6	-2.0117598326112556e6	-2.037641218534928e6	-2.0865839232334343e6	-2.132367951481984e6	-2.1763594415989183e6	-2.230163976309414e6	-2.2329119582440834e6	-2.278215676159207e6	-2.3936662624374926e6	-2.3572437475236487e6	-2.3898990868961047e6	-2.4353505654516825e6	-2.447177893044575e6	-2.5020345061614793e6	-2.5371158893588632e6	-2.546044391880677e6	-2.608846134434955e6	-2.633654415384761e6	-2.6633771526698284e6	-2.701194524644901e6	-2.7178522234951593e6	-2.7574729021417443e6	-2.8157537144221757e6	-2.815667413235396e6	-2.813342293934116e6	-2.869234873606693e6	-2.8737165284270113e6	-2.9206101847081445e6	-2.9421278863831684e6	-2.940841344126582e6	-2.996688203989283e6	-3.0149195011536963e6
2.1608070588730425e6	2.160696202180392e6	2.160449131884894e6	2.1602754122866634e6	2.160403705285076e6	2.1590145083390046e6	2.1592567647918686e6	2.1595863989210622e6	2.158502645688454e6	2.1571128247808344e6	2.1559727105163173e6	2.154155053080319e6	2.15197579071923e6	2.1534638825711096e6	2.151563704609879e6	2.1510637388223703e6	2.1482124539659796e6	2.146285710668928e6	2.1470397269519237e6	2.145351554577081e6	2.1430840608845106e6	2.1387390060110064e6	2.1378622450176515e6	2.13653368339226e6	2.133926046812341e6	2.138377459378552e6	2.124569617494624e6	2.1278598896379243e6	2.124416832485397e6	2.121322695722312e6	2.1188009079483873e6	2.111927966343244e6	2.111901869743064e6	2.110681492656615e6	2.1019855415535253e6	2.10595326232094e6	2.098340776277323e6	2.0967440940871192e6	2.0904226885983462e6	2.0870768207125806e6	2.090625609085258e6	2.0779350948661575e6	2.076951132930573e6	2.0737005173211622e6	2.0636820221719919e6	2.0643761771195072e6	2.0532613486222352e6	2.0552672401505143e6	2.0450648466232407e6	2.0266337911650587e6	2.038889774269497e6	2.032015867258313e6	2.0293971919418946e6	2.019430152354373e6	2.0228943858257374e6	2.0085030186938462e6	2.000958539767516e6	1.987973119660094e6	1.9791790815894986e6	1.9750112062560418e6	1.9678511758797558e6	1.9667937865341525e6	1.9744689356652335e6	1.942968658847753e6	1.945893058888737e6	1.9334121346178888e6	1.9376786410722549e6	1.9281032846236373e6	1.8928330833954627e6	1.9103715790960137e6	1.899311562256805e6	1.892648577588071e6	1.8993154561776975e6	1.8820326981441332e6	1.864546051663309e6	1.8446506573749876e6	1.8401756627438718e6	1.8301616808204553e6	1.8052272396069756e6	1.8265527234625446e6	1.7958046159720523e6	1.7945349417036737e6	1.7596829950894127e6	1.764010776687215e6	1.7463510334905796e6	1.7696552814218118e6	1.7275712913355387e6	1.7118086317699605e6	1.7021098363840447e6	1.6907189282257203e6	1.6659033688835255e6	1.651376887341821e6	1.6533633655483918e6	1.6273754026818778e6	1.607976575620163e6	1.6048101502967149e6	1.5901058296170835e6	1.5662549229804538e6	1.5614873697533738e6	1.5453180432575243e6	1.527331708752966e6	1.5062721298219431e6	1.476793562318026e6	1.4631460088914465e6	1.4558752883593482e6	1.4353612680922723e6	1.4018983065424776e6	1.3969129407369192e6	1.3769305623116847e6	1.3651884374950714e6	1.3302548480950997e6	1.3063281283232495e6	1.2875549095627835e6	1.2534350853428184e6	1.2448168162529946e6	1.213833034230758e6	1.182841000235979e6	1.1590141627628817e6	1.129649489067009e6	1.1096919902546033e6	1.0759973677339256e6	1.0343998667648624e6	1.0015378961884871e6	976913.8958921465	948736.1998084787	902837.0844063833	865597.5248745847	829235.4501478064	792325.510811297	749114.0271849514	706314.4254080334	665251.9357192086	615181.4991974044	567837.7963334371	515252.99100964214	464732.4276149152	409529.145438683	351791.37900940585	291435.2735310327	228360.02091609035	162434.6449142336	93351.59615803766	20516.512934131082	-56853.29501171899	-139754.9597739668	-229621.78404834284	-328747.5391511584	-441396.1484297386	-578038.6879707796	-809155.0774640061	-904841.0294386849	-976241.9055953536	-1.0442215872017441e6	-1.1097308996976337e6	-1.1728888450172513e6	-1.234260541222945e6	-1.2954354690092418e6	-1.351212337645827e6	-1.4110268632900275e6	-1.4675472999918342e6	-1.5255814435216396e6	-1.5790168834692945e6	-1.6276890103901417e6	-1.6695949250521443e6	-1.7457833295813466e6	-1.7809921371977797e6	-1.8213051637693627e6	-1.8633563299336194e6	-1.9197260392517739e6	-1.9865534383404206e6	-2.0301156184952867e6	-2.0602805152461089e6	-2.1054588057828257e6	-2.1410754404009944e6	-2.2039136706425436e6	-2.248635074077296e6	-2.2359002933848035e6	-2.278986996615842e6	-2.351165546649766e6	-2.398734165683156e6	-2.4246106741540404e6	-2.460236970204752e6	-2.472800497977311e6	-2.5308101433820706e6	-2.5797148079895684e6	-2.5903399256988578e6	-2.620958964607694e6	-2.646271677337114e6	-2.691017782203638e6	-2.7227770410085255e6	-2.7102579555808045e6	-2.782523058080528e6	-2.8907616703955904e6	-2.8416528502172222e6	-2.850330365548441e6	-2.8879624089540467e6	-2.898248650223394e6	-2.957512564309952e6	-2.9576253782360135e6	-2.9890276505221026e6	-3.011013549529288e6
2.190347671613696e6	2.1902513005396975e6	2.19020601099444e6	2.1899360287982896e6	2.1898361779351183e6	2.189492263163741e6	2.188247611620142e6	2.187794293947114e6	2.1866469116773135e6	2.186964340352775e6	2.185415156312302e6	2.1852555027289856e6	2.1835807088277023e6	2.182669814061799e6	2.181936312077647e6	2.180896457365127e6	2.1787569493441926e6	2.1768468542294134e6	2.1746717300987504e6	2.1730386915155123e6	2.172417921872489e6	2.170250518861857e6	2.169987418303051e6	2.1666021155054984e6	2.1641607987017734e6	2.160668017847452e6	2.1583666791092344e6	2.156748329378159e6	2.1525561161929457e6	2.151892748611569e6	2.148590543042848e6	2.147614216362323e6	2.142652546338302e6	2.1397974940000265e6	2.1348162315810225e6	2.131005718174986e6	2.129016516983651e6	2.1275278585304962e6	2.1220394334431766e6	2.115391613001638e6	2.111095735833597e6	2.106370807601191e6	2.113100829833161e6	2.105635553507043e6	2.0973514547250215e6	2.088018510599773e6	2.0909102607318677e6	2.0822313816786492e6	2.076036157396405e6	2.0657936052997196e6	2.0678957419769727e6	2.0571543247580528e6	2.0706964503758475e6	2.0630350564986994e6	2.0448904544134361e6	2.0439206949201215e6	2.034135785405981e6	2.0135429855931732e6	2.025525195308209e6	2.0135627574189552e6	2.007860739370164e6	2.0008923483098834e6	1.9925358090545349e6	1.9882386721478738e6	1.9809476852359707e6	1.9712264943932658e6	1.9623279124083768e6	1.9523382203440075e6	1.9459506090698396e6	1.9113407465589847e6	1.9271241627336098e6	1.9264818802659786e6	1.9296312432242606e6	1.8912072754630013e6	1.8819341311179777e6	1.874169098255164e6	1.8668850285332024e6	1.8570650650767186e6	1.8431639661372185e6	1.8295305352984704e6	1.8317581325819907e6	1.7838597700998466e6	1.8170353233299064e6	1.795007139177614e6	1.804094474003702e6	1.7591665627034677e6	1.778398605607213e6	1.7458747981103477e6	1.7351674114479609e6	1.6945275633379067e6	1.701521163651638e6	1.6745248471189025e6	1.6782682369589298e6	1.6669849066763974e6	1.6497298780877602e6	1.6214564361622978e6	1.6347325752618096e6	1.6062588614915044e6	1.5900488412188631e6	1.5900431159178037e6	1.5582017952854754e6	1.5444181291589572e6	1.528231107481074e6	1.4888905680594863e6	1.4845048189346213e6	1.4635675359076257e6	1.455282249352415e6	1.425054219104561e6	1.4067360057387024e6	1.4061233758165275e6	1.359444647844792e6	1.336616460410886e6	1.3212847893603444e6	1.3023031612254307e6	1.244696087091405e6	1.2652749544337036e6	1.224397863778669e6	1.193598102813922e6	1.1687518470194153e6	1.1450631398245567e6	1.125334273149097e6	1.084443205531817e6	1.0374055559490246e6	1.0092020166764156e6	980387.4758466003	944188.7783789469	906192.9886919691	874797.5954828714	836536.766603484	798664.2852722029	757138.4717413625	690019.627906298	668833.2470774411	622558.9700392438	569908.8372436415	520331.541945087	467661.26629434736	413302.8920575932	355002.06764745805	294055.09936610935	230363.17622198677	163788.20861818898	94015.12816248345	20440.011828419054	-57732.75527439965	-141520.94119088794	-232393.4032571686	-332713.5497498836	-446914.3343080927	-586099.1715764378	-823378.2755705344	-910910.0859077435	-982718.5745612581	-1.0513298420259806e6	-1.1175685546549514e6	-1.1855123534022078e6	-1.2430284115918388e6	-1.304623013194132e6	-1.3600424219447284e6	-1.4197305050422398e6	-1.4747590402697062e6	-1.5353452767642636e6	-1.597816091352295e6	-1.6355495266986417e6	-1.6932021361423687e6	-1.7472120865266563e6	-1.7977559522953315e6	-1.8423446171428675e6	-1.8686254878451007e6	-1.9217540218708876e6	-1.9876435856693198e6	-2.0112809194136707e6	-2.0735567362025732e6	-2.113318980003614e6	-2.1530677893432453e6	-2.201202007762594e6	-2.257183552968364e6	-2.2594311604445437e6	-2.3485242548550954e6	-2.3717942585557466e6	-2.3951017881996725e6	-2.4373618592078025e6	-2.4691302951697093e6	-2.5060600863071987e6	-2.55090187869402e6	-2.5730550330281463e6	-2.6193273285293207e6	-2.643207335658597e6	-2.6704132411630694e6	-2.725583800418321e6	-2.7516999647967834e6	-2.72520132209605e6	-2.7534803818204943e6	-2.8492789500610977e6	-2.879778435510264e6	-2.879810348168349e6	-2.8904247272844864e6	-2.930609527193418e6	-2.955273729398463e6	-2.96476501305696e6	-2.999545882123256e6
2.2200804501930317e6	2.220009922797129e6	2.219922427898656e6	2.2195819213878755e6	2.219441448167096e6	2.2193513560865275e6	2.217857368388524e6	2.217190530471215e6	2.217824244603494e6	2.2168439278639597e6	2.215456882694404e6	2.214639774647526e6	2.2126982013482735e6	2.2141994482443226e6	2.2120050592714264e6	2.2110732349354806e6	2.2085907723758314e6	2.206728521729039e6	2.2039773977397173e6	2.2046239189090156e6	2.2032868910649717e6	2.2011373562522936e6	2.199564369243391e6	2.1944980145520014e6	2.195758360039101e6	2.1941514147822633e6	2.1883689742629016e6	2.18049397200916e6	2.1848307787858844e6	2.1812319986968925e6	2.176161738250397e6	2.1759297511766115e6	2.1751090741850194e6	2.167491280537725e6	2.163553252621868e6	2.1628557534299744e6	2.158658659900073e6	2.1568060949189737e6	2.1516340397747587e6	2.1479696268314784e6	2.1447717580971904e6	2.1332336833591443e6	2.136563793019793e6	2.1369885450634556e6	2.130406839532878e6	2.118246719188872e6	2.116320706297217e6	2.114107779553292e6	2.1000193872453514e6	2.106119714247517e6	2.0962501706220834e6	2.0883491016190532e6	2.0874794767751729e6	2.0778794961453357e6	2.076754828329718e6	2.0700308027341042e6	2.064945999508278e6	2.0648720795188318e6	2.0523578396354571e6	2.044682146514499e6	2.036132458839912e6	2.025619505480743e6	2.0277587765823593e6	2.0156457396189303e6	2.0064558801821922e6	2.0014866986633115e6	1.9868176617704225e6	1.9945830763166905e6	1.9727826554639433e6	1.96704106672984e6	1.9570113257572798e6	1.9433284316473235e6	1.9438244474996126e6	1.9511466384477746e6	1.9171669329050519e6	1.9136767610881687e6	1.9332533287273548e6	1.8974126511045229e6	1.8646275583744224e6	1.8683959059138831e6	1.8332543721072855e6	1.8347816049473102e6	1.8473302090550642e6	1.8359415621611318e6	1.8109319930181364e6	1.8119419897623132e6	1.7801982405219625e6	1.7577752560176658e6	1.770603270046967e6	1.806595234333912e6	1.7457882048059222e6	1.7287257579369745e6	1.7017539885464625e6	1.6959375888982539e6	1.68888869554108e6	1.6649176850617249e6	1.6371032841383964e6	1.6370326666871964e6	1.6111141418399697e6	1.628669744096241e6	1.6014652046490135e6	1.5711003679457894e6	1.5659184779619472e6	1.5152758171643196e6	1.49896530062286e6	1.4948287059148522e6	1.4797680925086946e6	1.445453174454379e6	1.4388071675698115e6	1.4269072639025582e6	1.413408183091418e6	1.380000444079976e6	1.347520632731996e6	1.3334323240277949e6	1.3178083868151898e6	1.2850636241071124e6	1.2659112888762888e6	1.2264026917056232e6	1.2092162043070062e6	1.1886446210446197e6	1.1498320188152671e6	1.1368830514024883e6	1.0884970288818353e6	1.0659121921775588e6	1.0377841005083639e6	993607.9643782312	953703.1193892632	920893.3024539615	884032.1235067954	844997.1187563415	807089.0209514527	765715.4725563962	719303.789484028	676862.2027524335	627887.2051301904	578749.2133461761	527258.6547937372	472132.2287364986	417075.97979727155	358219.89357749536	296682.4744184285	232372.16769391554	165145.79352277727	94680.68091988913	20363.269614832243	-58615.16455052141	-143293.36012650304	-235176.4765526068	-336699.5461301368	-452471.6714511828	-594276.5796747606	-832845.9476763678	-916977.9162882913	-989348.2451763239	-1.0583925108612257e6	-1.1242206111879994e6	-1.1929344330874358e6	-1.2514002577249797e6	-1.3142346258588901e6	-1.3712618996313217e6	-1.4321385273963052e6	-1.4853894491228212e6	-1.5465721908245946e6	-1.597361499219959e6	-1.646553801767709e6	-1.7086105699980792e6	-1.758700032892004e6	-1.8095056606919758e6	-1.856844318420797e6	-1.8956541654811103e6	-1.9443508354711088e6	-2.01173696937968e6	-2.028158683913071e6	-2.0662850698504795e6	-2.131177494030794e6	-2.1530107231293814e6	-2.220442764660254e6	-2.2648254678613823e6	-2.2950820103714596e6	-2.340284292388073e6	-2.3715026414599326e6	-2.4122065846307874e6	-2.4599160242959484e6	-2.488102989836512e6	-2.533574198147025e6	-2.5656045358827617e6	-2.600076581808714e6	-2.610022340854563e6	-2.665178193538826e6	-2.69045742793193e6	-2.739392995551287e6	-2.7860332101619616e6	-2.718971751837427e6	-2.808519369076064e6	-2.8682927538465243e6	-2.9166513368496466e6	-2.8959102650215738e6	-2.9110933576593045e6	-2.914216379117422e6	-2.9819274035518477e6	-2.9763972487379415e6
2.2500126315411464e6	2.250062692553401e6	2.2498613424893003e6	2.2493805558370473e6	2.2491553285250566e6	2.249068423958342e6	2.249259567350432e6	2.2481464010247844e6	2.24710685971485e6	2.246247854381647e6	2.2451785210586973e6	2.24454183374383e6	2.2442964544389485e6	2.2429779692937927e6	2.241942360680144e6	2.2402319066913812e6	2.238926829307365e6	2.236002112177537e6	2.23507712018129e6	2.233249205565187e6	2.230670395404259e6	2.230973179422172e6	2.2284060120582837e6	2.2277831791935656e6	2.222652996073309e6	2.2221570913819284e6	2.2198312278487906e6	2.2131319690566184e6	2.2157722654107986e6	2.211783102002552e6	2.2088767102491693e6	2.2068268806427224e6	2.20155088429724e6	2.2002077324699233e6	2.1954048309639026e6	2.1934389002183336e6	2.1873897048317147e6	2.179836991140299e6	2.181504910007784e6	2.1783793515988495e6	2.175502833484065e6	2.1694745075849993e6	2.169684940364494e6	2.161741944801148e6	2.1611334432610464e6	2.150270137108258e6	2.1473350976618966e6	2.1370335694951965e6	2.1349458449464627e6	2.136953224609456e6	2.1310190360422926e6	2.122344196584858e6	2.1200742113474044e6	2.114528730432783e6	2.1225290060134735e6	2.0936669902883037e6	2.1097453431427074e6	2.0908992484588968e6	2.0799685040948917e6	2.076815516585037e6	2.0639412862374354e6	2.0623315293663982e6	2.049116537826399e6	2.0523127753110088e6	2.0402514344808185e6	2.0379754523779927e6	2.022517717956116e6	2.0190636673515057e6	2.003705380084365e6	2.0017054328609603e6	1.9929519029257626e6	1.9821824933668189e6	1.972467549159336e6	1.9688749042339032e6	1.969975710524966e6	1.9402860195130613e6	1.9296611109641432e6	1.9169294424174114e6	1.9458665219333102e6	1.9095220638875067e6	1.896930276664316e6	1.899310577435478e6	1.8762113333092076e6	1.8615467692234544e6	1.8499339840244744e6	1.8343064362871598e6	1.812348681328535e6	1.8280216757499496e6	1.792919076654144e6	1.7831668919463072e6	1.8278172716530212e6	1.7651623421648564e6	1.7450009254620383e6	1.7250652260920617e6	1.736061199134037e6	1.7011102873872742e6	1.6771234782558973e6	1.6448368589629882e6	1.6700006632875793e6	1.6401241336340557e6	1.6147355040154594e6	1.6217290777231785e6	1.6157297585638945e6	1.56601812531759e6	1.5453211604577878e6	1.509120705014709e6	1.5172150707491438e6	1.5160041929402705e6	1.4922805996280527e6	1.4560296071365022e6	1.4215533832473066e6	1.4202112245453568e6	1.3998324470024563e6	1.362308138650464e6	1.345637895571963e6	1.3229111554584466e6	1.2967250717925718e6	1.2748562627339768e6	1.2504904696399425e6	1.2163172314078233e6	1.1909753666066066e6	1.1978363173105414e6	1.1411105546024628e6	1.1051728304506303e6	1.0950671102726478e6	1.0395203586477665e6	1.0068928161891446e6	965106.1159148419	929102.8316718452	892184.1306573234	853365.4981276526	814138.5606956503	748284.446793732	728329.457457508	683233.7487560597	633531.5246810976	584043.6678919345	531752.8471261242	476598.1961073063	420874.9947618735	361447.51810575323	299317.285699554	234386.95161849912	166507.3689873328	95348.24282998918	20286.288884412264	-59500.507348059444	-145072.18939449894	-237970.97992548416	-340705.58588882606	-458068.72866410646	-602577.2645541269	-840507.6442524588	-923046.5657343327	-995889.4818364533	-1.065432591473758e6	-1.1319495479151679e6	-1.2005150877728027e6	-1.2606388148227835e6	-1.3205658159510188e6	-1.3819394189130499e6	-1.4425823129722506e6	-1.4972460330548978e6	-1.5520584491970104e6	-1.6096820202995597e6	-1.6656504965184845e6	-1.7126395946714182e6	-1.7651393659422293e6	-1.8195873520823556e6	-1.8653444188148214e6	-1.9177493758287865e6	-1.9589876917264515e6	-2.0606679421993832e6	-2.0419906773337277e6	-2.103797075711759e6	-2.1485148423229596e6	-2.2046826118073296e6	-2.2517750266861785e6	-2.2719789544579135e6	-2.316892715132878e6	-2.351822725093143e6	-2.3925522613537675e6	-2.4261107183613274e6	-2.467322411460202e6	-2.519203197308642e6	-2.514837619282637e6	-2.604421199838794e6	-2.612517509330025e6	-2.653360173905421e6	-2.6728361271743113e6	-2.6970656613390986e6	-2.7403359390633535e6	-2.757426835983202e6	-2.79845122210104e6	-2.797859414670227e6	-2.884852300665971e6	-2.897154355989706e6	-2.9150209469548697e6	-2.9419692442028206e6	-2.98528721138788e6	-2.991865275438426e6
2.28013114791203e6	2.280072634348449e6	2.2799645686689946e6	2.2792018719647215e6	2.279861795132818e6	2.279050153720827e6	2.2785290844074273e6	2.277696096631862e6	2.276421359803182e6	2.277018498890359e6	2.2755388810154973e6	2.274232352787668e6	2.2732593568472215e6	2.2716120358456904e6	2.270621213186263e6	2.2709520170037476e6	2.2696094648190285e6	2.2667346092776647e6	2.2661559810126405e6	2.2648561731111673e6	2.262360873100251e6	2.261357757336119e6	2.2592648719895245e6	2.2537383711948604e6	2.2533847190978564e6	2.249135804405379e6	2.2497123227004292e6	2.247516817446388e6	2.246213080045554e6	2.237624269443259e6	2.2383888294297974e6	2.2369185326484814e6	2.232151028090046e6	2.2282980696914983e6	2.226831806186739e6	2.2225059949022206e6	2.218865724764299e6	2.215609224785255e6	2.204859149540505e6	2.2093332347232522e6	2.201120098540538e6	2.1953827098215674e6	2.193288658361249e6	2.189241164706537e6	2.192814808758499e6	2.185651288499846e6	2.179319522224635e6	2.171186012692106e6	2.1581707330167866e6	2.1639411295841145e6	2.1584269736136063e6	2.1521602691147747e6	2.153105211344958e6	2.1407475361974654e6	2.133457025741876e6	2.130422303580472e6	2.1259765700148228e6	2.116979655919292e6	2.1213638205137523e6	2.0935234330519037e6	2.0937979892520814e6	2.090559630580275e6	2.0804164654100514e6	2.0665756066833427e6	2.0704034439898117e6	2.0643147680008006e6	2.0514730734622055e6	2.0509092682730013e6	2.0450703867692142e6	2.026666304930035e6	2.0186639676085257e6	2.012779938392409e6	2.006400430012341e6	1.9966701781155956e6	1.9839376937058084e6	1.9747854186291574e6	1.9487909410490505e6	1.9490769743610376e6	1.9547031605051637e6	1.9528689804208125e6	1.9149338390504387e6	1.9026673019343892e6	1.9054011161428178e6	1.9095351127103202e6	1.8899106563251042e6	1.872526991642577e6	1.86302523017325e6	1.8454109554326935e6	1.8337767239137962e6	1.822818320493663e6	1.7981318333987552e6	1.8405851939475373e6	1.793348434515498e6	1.7654258040589844e6	1.749094007557169e6	1.7393103114164188e6	1.715823689148236e6	1.6826409071613941e6	1.6714724525303221e6	1.6705602834004608e6	1.6555204879820659e6	1.6541677682959652e6	1.6348150071622217e6	1.6231178549406407e6	1.5718962016815448e6	1.577553470503392e6	1.5662744929486408e6	1.5594700396539972e6	1.5181430275521022e6	1.4798587767005195e6	1.4685353689583736e6	1.447885922465989e6	1.4459686155551951e6	1.4083090314628163e6	1.3658412927285284e6	1.3549135267017987e6	1.3358704709224098e6	1.3155259171116417e6	1.28769609257547e6	1.258096592372167e6	1.2196508349458827e6	1.19852911438551e6	1.159808023151442e6	1.1352261717258254e6	1.1115167706714347e6	1.0793486125661582e6	1.0483428402892238e6	1.0114533045740072e6	963278.794563208	939440.4713967082	901621.0967606732	861233.2413900336	820665.8950518994	783105.3125881979	733784.4817931668	687488.2642199977	639776.672624076	589373.3416229612	536946.8236015639	481099.4049533857	424691.50155520067	364683.79211590765	301959.4406030993	236407.48133185157	167872.90647555352	96017.79948777054	20209.0662143121	-60388.762483075494	-146857.39377347217	-240776.89201533725	-344731.7288168513	-463706.0931951043	-611008.3350743644	-847374.0599154688	-929120.6883683254	-1.0024420390824236e6	-1.0718689594133983e6	-1.1400860889619633e6	-1.2093721359530159e6	-1.269208869113758e6	-1.328777808241043e6	-1.3911497980628817e6	-1.448756993679914e6	-1.5075182674326415e6	-1.5653212911418497e6	-1.6206596368250654e6	-1.676907589821717e6	-1.7269959132331565e6	-1.7821489111001475e6	-1.8226250082336736e6	-1.8591362115659819e6	-1.930199843882493e6	-1.9775200634647661e6	-2.0464666691847232e6	-2.0705042259300689e6	-2.117683968004426e6	-2.160396764509774e6	-2.218684493782372e6	-2.2492394491546648e6	-2.2692132280151946e6	-2.35552089178418e6	-2.362529753376742e6	-2.420777691860335e6	-2.464475227469858e6	-2.4900429788928796e6	-2.5214258485094393e6	-2.581583955746824e6	-2.5758649951956207e6	-2.6293720067526363e6	-2.6657414391334206e6	-2.7030877603853326e6	-2.720910394437507e6	-2.7654210013777073e6	-2.8065580122193824e6	-2.811779995453505e6	-2.8401770749154584e6	-2.8919263209504867e6	-2.9126045526634194e6	-2.939765132419158e6	-2.9492172226240225e6	-3.02560879694332e6
2.310448706006701e6	2.3103626342120343e6	2.310318190624581e6	2.3098773121849257e6	2.309447314469367e6	2.3098906810846645e6	2.308835151564347e6	2.307531249685294e6	2.307489043728306e6	2.3065768418520987e6	2.3061800470832842e6	2.304576932083463e6	2.303392128864096e6	2.302339432194681e6	2.300787487184608e6	2.3000167770751007e6	2.296952101667299e6	2.2980433804547368e6	2.294532649531199e6	2.2949984564026273e6	2.293796013924663e6	2.2922989648282854e6	2.2872055907042027e6	2.287214383073144e6	2.2836303672071355e6	2.2808461337927273e6	2.279200427293726e6	2.276929572396859e6	2.277262331734538e6	2.2702266662506186e6	2.2707078266371908e6	2.266158336780156e6	2.263299248414631e6	2.2600850236093607e6	2.254698090593789e6	2.2535976302164216e6	2.249253277909413e6	2.243733975037434e6	2.243269779090066e6	2.238776130412942e6	2.2358606232268927e6	2.2284858658066643e6	2.2242334470083606e6	2.2235810701542953e6	2.2169412286600214e6	2.212001175703551e6	2.2096240566970105e6	2.205754716044428e6	2.1918061132700467e6	2.193718648117121e6	2.185019660009369e6	2.126734557958024e6	2.1795688767239503e6	2.175133298114829e6	2.1592909395260545e6	2.164678990880525e6	2.150298037634038e6	2.146329735958795e6	2.14313490837171e6	2.1378304048657557e6	2.124148535231921e6	2.127353679137757e6	2.113387879869474e6	2.1039447172674984e6	2.095804077771374e6	2.0951221866976542e6	2.0910015245931111e6	2.0710623264266981e6	2.0650624808915502e6	2.064887983937188e6	2.0515587986250753e6	2.0463409652320296e6	2.0405050790443947e6	2.018520733937007e6	2.0185578200823097e6	2.0134460684641108e6	2.0044427503724392e6	1.982659260516403e6	1.9797785174930259e6	1.9562185355060736e6	1.9622345941330427e6	1.9504793634203929e6	1.9255212184528075e6	1.9214836609292584e6	1.9203510833538084e6	1.906225312095325e6	1.879498031213974e6	1.8846482716447578e6	1.862989744282701e6	1.8202006371548006e6	1.8455491437144247e6	1.813783491872584e6	1.8146661085459758e6	1.7943208999010604e6	1.7869678750797906e6	1.7677034909329764e6	1.7551740757826194e6	1.7356400579418018e6	1.7246081215053936e6	1.6837095538456938e6	1.6937727549666818e6	1.6721309306972018e6	1.6908769556795843e6	1.6534499130243994e6	1.6331726127386428e6	1.6107420877280135e6	1.5753352788804031e6	1.5689497939685402e6	1.5552515036491463e6	1.5302264792866153e6	1.493175435488399e6	1.4839486066970981e6	1.4336578251007171e6	1.4389568298456385e6	1.4093398267698563e6	1.395026144506081e6	1.3989011090832707e6	1.3531545532825408e6	1.3253239498323733e6	1.3068858932103156e6	1.2678248182157692e6	1.253765415586643e6	1.2140391312785358e6	1.17746485292467e6	1.1711510215430288e6	1.1247002957877817e6	1.0923958700918073e6	1.0615310299075572e6	1.0107372588981295e6	986688.9039822833	947721.3943115019	909886.2374952342	872812.2370665672	828462.106296428	786335.7460372346	741507.9232723098	691489.7796613609	646869.651401872	594930.9299695916	540520.9802051219	485558.5788259057	428501.9251148035	367927.2648637295	304608.9690828121	238433.71656793612	169242.3760639634	96689.33557583531	20131.607249004534	-61279.917153260205	-148648.9512228407	-243594.18851135112	-348778.0447745477	-469384.3860966866	-619577.7620650097	-853823.6241652635	-935195.3284043618	-1.0090109773627897e6	-1.0794759648975888e6	-1.1476274565987573e6	-1.214255313525096e6	-1.2765766428844496e6	-1.3406773290473935e6	-1.40117867507707e6	-1.4610955152376564e6	-1.521963706781208e6	-1.5750627305080201e6	-1.633889338694517e6	-1.686909121849453e6	-1.7385412513297987e6	-1.7848849411378168e6	-1.84835301562035e6	-1.894663904521217e6	-1.9346713476515114e6	-1.996425755760742e6	-2.03186857373098e6	-2.0875225566214132e6	-2.0978289001534483e6	-2.1732216900508073e6	-2.2189480754146543e6	-2.270535296582785e6	-2.3090042886396e6	-2.3735869436922283e6	-2.388400342962409e6	-2.4335801883688117e6	-2.48270978603668e6	-2.499759849947572e6	-2.53862570530555e6	-2.5671789517030953e6	-2.6065452374278973e6	-2.651294008351266e6	-2.676788310075563e6	-2.708932943047729e6	-2.7560665421859757e6	-2.8052823381611737e6	-2.808416765969277e6	-2.8174908407054315e6	-2.8759275257484005e6	-2.9301639947652784e6	-2.925775641923702e6	-2.964114011948449e6	-2.991874653977752e6
2.3409560365471896e6	2.340964712278921e6	2.340623135380495e6	2.340464253952805e6	2.340829278527293e6	2.3398800464259326e6	2.3394996396216312e6	2.3384763618870955e6	2.338082909242145e6	2.337274042523576e6	2.336408086391493e6	2.335645339879835e6	2.3342390703923926e6	2.333129571028581e6	2.333172279753339e6	2.331953974207402e6	2.3287231737815295e6	2.3268509868673384e6	2.3268903030359745e6	2.3250015088889915e6	2.3221372881231136e6	2.319915537493979e6	2.31735381232903e6	2.318854604489995e6	2.3157106868580743e6	2.3123819801169313e6	2.3075765842230995e6	2.3071564691253076e6	2.3065172143688793e6	2.301725314945925e6	2.30036103228142e6	2.2949644423393244e6	2.2933457642010082e6	2.288240913079125e6	2.2869863709472204e6	2.2812615734048733e6	2.2842898756369753e6	2.275869125156944e6	2.2783080377012063e6	2.2697942866813657e6	2.2643659316632743e6	2.2605700628636633e6	2.254895057246494e6	2.2533280144849014e6	2.2478876167372875e6	2.2460070803575763e6	2.244236590098124e6	2.240127923713823e6	2.233280947716997e6	2.226272363952199e6	2.214146835243049e6	2.212615092636435e6	2.2094859063887238e6	2.20343722499499e6	2.1998676734108096e6	2.1892410384591147e6	2.185683005767338e6	2.1755416110959854e6	2.1661732969918353e6	2.1832299722865745e6	2.1691271172493184e6	2.160464764828695e6	2.1825869901350765e6	2.13418556333967e6	2.127900105804123e6	2.1153483782303357e6	2.1111055520539666e6	2.112350176201568e6	2.0828350786931198e6	2.0820990488644824e6	2.088878939217534e6	2.0673072238656818e6	2.0666778275094922e6	2.0602650597969987e6	2.0549717178771957e6	2.0416951165062021e6	2.027288444424538e6	2.021491261631193e6	2.0097871767720971e6	1.9882888079742505e6	1.9766817614699625e6	1.9819663816915818e6	1.9555120375952325e6	1.941148325453311e6	1.9354666641446974e6	1.9450271465264638e6	1.9292826635384606e6	1.8950676527486593e6	1.8973312523386253e6	1.881532763140801e6	1.8822350984127172e6	1.8604654607202997e6	1.8468957472875407e6	1.859218595423135e6	1.8144570268162696e6	1.802637383203046e6	1.78875089121431e6	1.7696976796076584e6	1.7580368046044484e6	1.7356734723014683e6	1.7209586547449022e6	1.7110604069613838e6	1.6956848620396317e6	1.7000880388451228e6	1.6715174550563903e6	1.6635182355077858e6	1.630888003602879e6	1.6136322579510058e6	1.5772406055296464e6	1.5726165546438578e6	1.535131426216971e6	1.520333192616939e6	1.503309520231088e6	1.4664767344439807e6	1.4709095502994792e6	1.4399262342652814e6	1.406550292654986e6	1.4016492201561127e6	1.3635885654197512e6	1.3387290796620352e6	1.3158097234724115e6	1.2869231667485188e6	1.255085843978237e6	1.222974357712767e6	1.1805560583291235e6	1.177827132088929e6	1.13314971847873e6	1.1067458173862533e6	1.06458916129909e6	1.0328265042689135e6	992982.38444029	956843.6282444501	919376.746186631	879788.7860220335	836269.013745568	793950.3672873776	742852.1053647813	701197.4607171335	649881.8167121599	600348.2097517226	546760.9381641797	490009.4269792107	432322.36938854307	371180.67974674725	307265.8275266839	240465.61536638392	170615.7493127142	97362.83827744168	20053.912325264886	-62173.95198949333	-150446.83222259814	-246422.85481331684	-352844.5907540452	-475104.26193095045	-628294.5584839256	-860027.1331284568	-941252.3726324313	-1.0156078912229398e6	-1.086823599202259e6	-1.155291161363104e6	-1.220654655751355e6	-1.2866746946091559e6	-1.3501566116140438e6	-1.4106721787983798e6	-1.4681601584688486e6	-1.5264673317481405e6	-1.585195644750236e6	-1.6401991636869572e6	-1.690729100855634e6	-1.759255685780719e6	-1.797103401705884e6	-1.8465090604236084e6	-1.8825640737627787e6	-1.9584348333167727e6	-2.0103436835536747e6	-2.046949684464234e6	-2.0544080387545158e6	-2.1455583174739345e6	-2.1905168537409813e6	-2.2378108697399464e6	-2.298826486248597e6	-2.340843446400506e6	-2.3614044470313373e6	-2.3868631184973125e6	-2.449610403730363e6	-2.485047680339999e6	-2.5550577973506316e6	-2.572764932749104e6	-2.6156433125606035e6	-2.6256626099799904e6	-2.652480357590765e6	-2.7052094698121944e6	-2.754767075183475e6	-2.781253118677313e6	-2.7802516877677464e6	-2.8434985561577086e6	-2.860382012713837e6	-2.9178767710457607e6	-2.947701802315029e6	-2.94516095014984e6	-3.0018199874270293e6
2.3716639604727286e6	2.371568662357795e6	2.3716364087381093e6	2.371301154894556e6	2.370735714184616e6	2.370329122200002e6	2.36986891443515e6	2.3692081350327954e6	2.369798458085421e6	2.367913450739784e6	2.36720096719511e6	2.3636742639760487e6	2.364243921126601e6	2.363952185726459e6	2.3633679648388773e6	2.361517386786583e6	2.3590297093182337e6	2.3581047667282387e6	2.3576785811022823e6	2.352828165361725e6	2.355680649459012e6	2.352184514346711e6	2.3507774681557626e6	2.3469475210645963e6	2.3453860294602457e6	2.343115631899381e6	2.340492220825533e6	2.3394462728256457e6	2.3361625403211126e6	2.332065303742699e6	2.3314974172982066e6	2.331179233288782e6	2.3257094757107142e6	2.3201515299317716e6	2.3193576014174274e6	2.3106765127124228e6	2.310597793117837e6	2.3107048932352397e6	2.3042055193052525e6	2.3025411155264047e6	2.296796711111414e6	2.289564705851012e6	2.2862662925440297e6	2.283578001470901e6	2.2771766476241034e6	2.2792228106012526e6	2.2723194680832345e6	2.270080684210698e6	2.262728098272033e6	2.255932265842844e6	2.244679060666804e6	2.2384402520218007e6	2.252844185856176e6	2.240921099103953e6	2.2259576836532275e6	2.225105310598927e6	2.2187663653439414e6	2.2145338742804923e6	2.2076033972729486e6	2.197225343826434e6	2.1902964224000927e6	2.188281457357453e6	2.1786233507820675e6	2.1760059541253075e6	2.167793443267369e6	2.1515670754362894e6	2.1425520551999104e6	2.148372957676414e6	2.138558254060464e6	2.1328151493247887e6	2.1183471685065785e6	2.1033426639655787e6	2.10226247605239e6	2.085611959444825e6	2.0849521841416555e6	2.0691365250049997e6	2.0591995901095537e6	2.051286048218292e6	2.0390720928774066e6	2.025291270300047e6	2.0096983638552125e6	2.00926072407032e6	2.0038528374780817e6	1.984763874601317e6	1.9757265778914709e6	1.952626760390677e6	1.9450053679845212e6	1.9421605100225713e6	1.9184402976678065e6	1.919556446038691e6	1.9055620213913762e6	1.8929010765736448e6	1.886587138205435e6	1.851897501625666e6	1.8916616830879394e6	1.8328500460468591e6	1.8351477622455824e6	1.801395919404499e6	1.7831343931522379e6	1.7609946898272e6	1.7588873674394428e6	1.7360434035032666e6	1.7138206939594648e6	1.7011382261205874e6	1.7140848815391152e6	1.6775416277489658e6	1.681901271471646e6	1.6520581777973468e6	1.62841920135637e6	1.5990963492095105e6	1.578644042501662e6	1.558950119607953e6	1.5194233713367921e6	1.5163352837899835e6	1.4861950738392144e6	1.4652654835391692e6	1.4642738034978388e6	1.4346902982363408e6	1.3930743203174486e6	1.3782611852385395e6	1.335636221026392e6	1.325819651216946e6	1.289075381699156e6	1.2665798351146416e6	1.2309612269281438e6	1.212262277779015e6	1.1619688317901161e6	1.1553401909483485e6	1.1176803227258597e6	1.0603683994022997e6	1.0400443840536913e6	1.010884231490935e6	966440.0108810414	926720.402776524	859337.6500723951	843775.4729349816	801640.803808633	754052.011738902	708048.4232316213	657856.0058576555	605702.3847334494	550614.2819721277	494497.77420219267	436161.20801290055	374443.5971194538	309929.8996685145	242503.13372546248	171992.99815058685	98038.29354261234	19975.983493217267	-63070.85275704833	-152251.01154150628	-249262.86624527723	-356931.4594376297	-480866.4085218599	-637168.9591771998	-866073.2312412318	-947329.4829709963	-1.0221494472475289e6	-1.0934959556773803e6	-1.1628976370406444e6	-1.2291003752055163e6	-1.295130124123082e6	-1.3575768053364498e6	-1.419239883360838e6	-1.478435760446921e6	-1.534168076224268e6	-1.5951121242812113e6	-1.6528825379686435e6	-1.7113736467048535e6	-1.7693683640654045e6	-1.8094238196049011e6	-1.860477860932636e6	-1.9121894293441675e6	-1.9687487828466627e6	-2.0245649980294737e6	-2.0735326009164662e6	-2.120367676460274e6	-2.1585078442362905e6	-2.18932967317849e6	-2.2475379586664108e6	-2.2974564683976336e6	-2.359956537439477e6	-2.359596496028542e6	-2.3758145731732664e6	-2.4743917379153143e6	-2.5285259946549903e6	-2.5636116870890246e6	-2.581089229269328e6	-2.625779335622365e6	-2.6484966527931043e6	-2.694532242973765e6	-2.73373792965552e6	-2.7689389759156504e6	-2.770492554587506e6	-2.8224873071549996e6	-2.9158694870822444e6	-2.901830453801193e6	-2.925236965030408e6	-2.9680056736363997e6	-2.991570132612229e6
2.40255303793931e6	2.402583979462543e6	2.4023456850830535e6	2.4020132850310933e6	2.401753559559754e6	2.401609566103793e6	2.400816935621988e6	2.400664317603035e6	2.399458831226895e6	2.3990702315520933e6	2.398022263205385e6	2.397215703464624e6	2.395910978490034e6	2.394421522033517e6	2.3926669777817237e6	2.392831554390368e6	2.3898804514372707e6	2.3889636232585204e6	2.3887096661582137e6	2.3868689350687615e6	2.384464317148643e6	2.383402994501118e6	2.3811965307619316e6	2.3789731515169614e6	2.378241202603569e6	2.3755385304520866e6	2.3739084771675323e6	2.36873059912679e6	2.3665554948109835e6	2.363951986325454e6	2.359875623044401e6	2.3570541980235158e6	2.357807063941938e6	2.3529581595526254e6	2.352193943096647e6	2.3486707753231404e6	2.341105602896522e6	2.3414605272832783e6	2.3369447318349825e6	2.328633880126478e6	2.3281825707966425e6	2.3238898363419846e6	2.318666432001995e6	2.315344752954305e6	2.30940902812145e6	2.3094289449390676e6	2.2998234180485867e6	2.310695822750223e6	2.2900473659703587e6	2.2863946160737434e6	2.281728785362363e6	2.2735847478596997e6	2.27166803145828e6	2.2685639256244577e6	2.2641524199241456e6	2.2581884120902e6	2.246140962299088e6	2.2361480131459194e6	2.229536323928333e6	2.227446679246549e6	2.214088321451652e6	2.228866673007579e6	2.214836165298429e6	2.2046920311103277e6	2.1977919998433115e6	2.1887791778069604e6	2.1782739553999677e6	2.1717453915775367e6	2.173818187470901e6	2.1484644504635357e6	2.14125893503325e6	2.1495939351259195e6	2.1352630307657826e6	2.123504815681093e6	2.1203536593913483e6	2.11075017808841e6	2.100271846076292e6	2.0962026482823533e6	2.0800892576574627e6	2.053837300038489e6	2.0496061135097803e6	2.0352232849158165e6	2.0323790692747603e6	2.0324478852002493e6	2.0031431618948157e6	1.9999599125069943e6	1.974463558754376e6	1.9785574205395728e6	1.9736815271424893e6	1.964411435092287e6	1.9413327026727619e6	1.9307349376333607e6	1.9189764443271086e6	1.8780051279951804e6	1.8856913359471322e6	1.866814705105275e6	1.8847151446015134e6	1.8241430091551223e6	1.8273917086891057e6	1.8152066816568333e6	1.8109235381140218e6	1.770190058861926e6	1.724460786322176e6	1.7466605787167102e6	1.7055390976398662e6	1.7332251277424032e6	1.7299980016565125e6	1.7016681688555127e6	1.653913977060156e6	1.64539778357351e6	1.6210111667307334e6	1.6020416750134835e6	1.5531770548988911e6	1.5394852154342919e6	1.5257455382764474e6	1.5166424929465596e6	1.4946050009701252e6	1.4866612709783209e6	1.4256447272722858e6	1.4259963088785042e6	1.3883745634144805e6	1.3488552188327804e6	1.3274162987367446e6	1.3092684261138989e6	1.2846617980146466e6	1.2478953839023947e6	1.2152480827851333e6	1.2033574089275766e6	1.1585833189151965e6	1.1128759792682421e6	1.0891788409506928e6	1.0502392148144129e6	1.0241567452177303e6	975408.5038835688	935726.5861077651	897912.4419102597	852700.564245872	802320.5781597553	757786.1082787216	712144.6413676948	661900.5324095772	611289.7229502094	555725.9126615932	499590.6026611838	440003.48618983617	377713.8325442602	312601.1595105203	244546.23108920222	173374.09376814123	98715.68810981279	19897.820889107883	-63970.60220484203	-154061.45951134618	-252114.20578942122	-361038.7092436361	-486671.54486776143	-646212.6759334086	-872012.5529656103	-953438.5457837894	-1.028754887914462e6	-1.1010753723376878e6	-1.1702638189082253e6	-1.2379266391540384e6	-1.302674779183513e6	-1.3663105715067992e6	-1.4291396031789263e6	-1.4907718660859358e6	-1.5434966022051894e6	-1.6049555780606354e6	-1.661915433889635e6	-1.7257908318767035e6	-1.7777475632905266e6	-1.8056835121666673e6	-1.881866538744709e6	-1.9354579511947162e6	-1.9879070760691427e6	-2.0045021421301332e6	-2.074079376373937e6	-2.1243614866497167e6	-2.1546044634427377e6	-2.187638152631991e6	-2.2645136923237615e6	-2.3156995747115645e6	-2.3702722660100157e6	-2.383654643411916e6	-2.4274112062861263e6	-2.476777457520245e6	-2.527257250274762e6	-2.561295765552539e6	-2.6171241109508e6	-2.659524635084746e6	-2.669047196460935e6	-2.718058356684536e6	-2.7585226132083214e6	-2.7683660263101156e6	-2.8159175188640864e6	-2.832351715352759e6	-2.878432915924719e6	-2.8867467144933282e6	-2.947493612122853e6	-2.980938840081275e6
2.4336397192349494e6	2.4336491471579806e6	2.433326903571149e6	2.4331679414915987e6	2.4323130981782344e6	2.4325997821567785e6	2.431944148229272e6	2.431419644999426e6	2.430877096673703e6	2.429948923115027e6	2.4292738457122752e6	2.4284556210427675e6	2.427311441723448e6	2.425418356968702e6	2.4245870225341683e6	2.422755083148065e6	2.4232441835461953e6	2.420586003381119e6	2.419272070733272e6	2.4156103592215152e6	2.4173173564020586e6	2.414366999286527e6	2.412783398716147e6	2.4098670791140613e6	2.407780043782393e6	2.4045427785802246e6	2.4046178737666644e6	2.400164465726641e6	2.3946802263267473e6	2.3943143938417505e6	2.391513024521137e6	2.3866746806300324e6	2.3847391933145346e6	2.385396046643071e6	2.3822065041950275e6	2.3759803793465802e6	2.3794994451450533e6	2.3716241382317753e6	2.3674426376818623e6	2.3630222860526373e6	2.358812512620588e6	2.3630264887729376e6	2.3482349502643794e6	2.3404765379419704e6	2.343474960351738e6	2.338818740223049e6	2.3339451538445177e6	2.331574841136465e6	2.3248304796962524e6	2.324599099178023e6	2.316504184414751e6	2.3183516023946535e6	2.302926468590127e6	2.299275515736836e6	2.3037803055447647e6	2.286331222154442e6	2.2806550057489704e6	2.274468992168653e6	2.2638780460170256e6	2.268191885392086e6	2.260434992507826e6	2.247413212711516e6	2.259916245857329e6	2.2421692962498656e6	2.232422035586435e6	2.2292887111211717e6	2.210823665507037e6	2.201129244554036e6	2.1863134880768084e6	2.194796833692639e6	2.185216226939023e6	2.1676443468532395e6	2.1633150299592507e6	2.162676159910187e6	2.13352867309324e6	2.1444486978622507e6	2.1365442414613455e6	2.108971872639768e6	2.0933983786388475e6	2.0927481514217483e6	2.0778399745318727e6	2.0702754755027934e6	2.0664858517204374e6	2.063753635296056e6	2.058805932201207e6	2.0261851105386808e6	2.025061541013856e6	1.992327388847644e6	1.979849295999751e6	1.9931700802750932e6	1.9707765626710881e6	1.9566073846800227e6	1.949320932676962e6	1.9284874733337052e6	1.9213468008683352e6	1.9109627169763525e6	1.895606285358815e6	1.8677238525260384e6	1.8492589563199976e6	1.841224566021148e6	1.8522841776237753e6	1.8102479936552239e6	1.7743426259860345e6	1.78361527364955e6	1.7511048912922274e6	1.7503606893160576e6	1.763253029466366e6	1.7265278802720504e6	1.7008427804962378e6	1.6893421065979577e6	1.6621491183544667e6	1.6407599870240514e6	1.6092378511750815e6	1.5762970604547556e6	1.5425767374903155e6	1.5766792571740556e6	1.5178037127322233e6	1.5079470310835384e6	1.4774871334966403e6	1.4550485475872685e6	1.4313244606747476e6	1.4070011867204616e6	1.3571014554956234e6	1.3573913140644538e6	1.3280611486856919e6	1.2911942952641358e6	1.2587910353126177e6	1.2318838129927036e6	1.2121099968569605e6	1.161957068362364e6	1.1296306156412894e6	1.097503712177751e6	1.0554391436994039e6	1.0334936139781224e6	986157.5847642827	910124.5894400701	903468.7079502796	858610.5486763983	810843.5900658148	767962.4715992468	719812.5310071588	668365.8161387458	615681.1073856447	560813.6883259332	504002.35756739974	443864.44003917486	380995.8613361337	315279.5165899554	246594.86669202032	174759.00848984323	99395.00725488598	19819.426880754996	-64873.18445989583	-155878.1511610304	-254976.85468019452	-365166.4268443524	-492520.46174655994	-655439.1953520151	-877876.6245520865	-959519.2129054177	-1.0353931331562186e6	-1.1078611144000501e6	-1.1780308775880807e6	-1.2451670801138454e6	-1.3109598604907552e6	-1.375452504501116e6	-1.4382161354843196e6	-1.5024456304986225e6	-1.5588192890179115e6	-1.6153742899862044e6	-1.673913779102055e6	-1.7358023391003027e6	-1.7944473441033098e6	-1.8451122385062114e6	-1.9098704939324926e6	-1.9474230633206242e6	-1.971275236397672e6	-2.044422636589196e6	-2.0919157124966946e6	-2.1476474504532604e6	-2.208261699857691e6	-2.2403346739976113e6	-2.287009471705113e6	-2.3055115977912317e6	-2.3892573835127153e6	-2.400795585255802e6	-2.459423177002503e6	-2.5114819905354665e6	-2.5505346850975775e6	-2.5717692528302525e6	-2.6330794892179077e6	-2.6519373576000775e6	-2.6887697470383127e6	-2.7005634369137515e6	-2.7645030484087574e6	-2.887131919702471e6	-2.8495544298018855e6	-2.8509846306290408e6	-2.919958874883943e6	-2.9092676215796643e6	-2.9636175636502816e6
2.4649236489907107e6	2.4648349592577573e6	2.4647831190636237e6	2.464182401427001e6	2.464142423594643e6	2.46372303256414e6	2.4630156178371203e6	2.4630527421425977e6	2.4620979281442873e6	2.4615816843197895e6	2.458103447742312e6	2.459332266794118e6	2.458614401395035e6	2.4576040507228035e6	2.45576563420989e6	2.4556237239641324e6	2.4534521362167085e6	2.452803823861918e6	2.4504854711949877e6	2.4495740627574725e6	2.4471761190758315e6	2.4470905726382704e6	2.443196864419626e6	2.4406594888670756e6	2.438482434668239e6	2.435767319694014e6	2.4346879812677833e6	2.4362527841682984e6	2.4296527132067927e6	2.425733657250586e6	2.42346641637979e6	2.423159329205701e6	2.4169615918910676e6	2.4144118053928027e6	2.4134235420485833e6	2.4077273815972107e6	2.4065493641763898e6	2.4049382063000267e6	2.399982497558324e6	2.396736706259261e6	2.39485979452941e6	2.3870149469072344e6	2.3873913107359977e6	2.379111471825759e6	2.3714572982544433e6	2.369051911624621e6	2.3683448132677115e6	2.35657770818375e6	2.3530670012961477e6	2.3513759220804493e6	2.3469145917225787e6	2.3414736227936517e6	2.342411604970635e6	2.3314519706280995e6	2.3269402540997188e6	2.3250047912506512e6	2.314744562251455e6	2.3064174930404034e6	2.303148777441388e6	2.296621296854917e6	2.2939516740399473e6	2.2831223894136837e6	2.2734290664804233e6	2.2766809291793774e6	2.277523961556485e6	2.256707683588263e6	2.2359480096268076e6	2.235735625156508e6	2.221986009299679e6	2.22489470506642e6	2.2149903070635013e6	2.216868978329858e6	2.199902041923627e6	2.183953305237583e6	2.187981239922562e6	2.1619071770500913e6	2.164766668084534e6	2.1572479147698903e6	2.1338743548139296e6	2.110584535458057e6	2.119519670092358e6	2.1036412028202373e6	2.1077613430888522e6	2.0945006217705156e6	2.083017913284537e6	2.0600622558289526e6	2.0511617145414397e6	2.0289834504156548e6	2.0313670079739247e6	2.0329455956157101e6	2.003511492734681e6	1.9703039647300527e6	1.9850587166702943e6	1.9668236786027951e6	1.9676947030466576e6	1.9419549305630247e6	1.9274212452236614e6	1.9122408417523203e6	1.9025852235789034e6	1.8849906884222436e6	1.873106236258044e6	1.847824344119116e6	1.805317036337132e6	1.7911140532345797e6	1.799433408456809e6	1.7960953887223299e6	1.7719792489715545e6	1.7722374022454172e6	1.7310309250927935e6	1.6924867597030136e6	1.6881485948367747e6	1.6720488245222466e6	1.6597071816182327e6	1.6412734768449245e6	1.6063788377252584e6	1.6015143025857126e6	1.562886343904436e6	1.5351481726856553e6	1.4944333624225883e6	1.4989737038673833e6	1.4618819034337844e6	1.4444591854295875e6	1.4177747623841125e6	1.386888769107815e6	1.3683297754064319e6	1.3293468020327138e6	1.2921343870561686e6	1.2705033225748148e6	1.2515874273557835e6	1.2193464617218953e6	1.1739485770530927e6	1.1412276477414523e6	1.1182111800803635e6	1.0661969202159918e6	1.0421106811674843e6	1.0138017062282376e6	946940.8620299585	909813.7232958023	864392.1226905363	817988.4073700388	772484.6733544087	727284.9788512827	674457.6034191898	621028.6232173883	565811.3240062718	508435.32237775624	447726.7485112052	384280.49545494374	317964.9433275112	248648.99785660207	176147.7149760467	100076.23992890492	19740.805784097407	-65778.58275543852	-157701.05941949552	-257850.8006514106	-369314.6958939382	-498413.9430661984	-664864.230798441	-883685.8041669703	-965600.8653820441	-1.0419168125051386e6	-1.1150392394887758e6	-1.1859349084538794e6	-1.2539726658829865e6	-1.320899035859082e6	-1.383654266803348e6	-1.4478467984519103e6	-1.5112476867363728e6	-1.5721590094564618e6	-1.6316500472717634e6	-1.687761609393713e6	-1.740576823971637e6	-1.799632724525989e6	-1.8580612498136288e6	-1.9186754735713853e6	-1.958635773395795e6	-2.016024771767939e6	-2.0679987607259215e6	-2.1085007790407543e6	-2.162345269370832e6	-2.210183650324967e6	-2.246851319459355e6	-2.2875476720247227e6	-2.341366752049387e6	-2.395286216553313e6	-2.4343025596263413e6	-2.479599413715785e6	-2.508126778824531e6	-2.5765075206390047e6	-2.6011020085165803e6	-2.627930247927751e6	-2.6851219695816883e6	-2.673095485951452e6	-2.7435756495704376e6	-2.7907594183746115e6	-2.821112969128953e6	-2.832815782472988e6	-2.849108449330498e6	-2.89261298800379e6	-2.931876225150664e6
2.496404136708424e6	2.4962792480613114e6	2.4960576793540483e6	2.4959765735207866e6	2.495340589683527e6	2.4954794263978465e6	2.494724301672876e6	2.494252937991849e6	2.4937304356743125e6	2.49199125614582e6	2.4924324055266706e6	2.4663429118724316e6	2.4902208892208533e6	2.488357652419091e6	2.487671007034295e6	2.485931212960241e6	2.4841529981317897e6	2.4830623979618074e6	2.4830145260307146e6	2.480916501945962e6	2.4778884118226403e6	2.477280791293774e6	2.475999640366626e6	2.4721472754381057e6	2.47231622954895e6	2.467746309437446e6	2.466349709472475e6	2.4646452067156085e6	2.463750871536812e6	2.464280795169439e6	2.45279772174233e6	2.452443295020886e6	2.4449884681077376e6	2.4470477761173225e6	2.4471688139032684e6	2.441718913727926e6	2.440188177118786e6	2.432372382952307e6	2.4298825206439258e6	2.4238825080971024e6	2.4222218886277378e6	2.420320618329621e6	2.4148964863951993e6	2.4133935360299717e6	2.40132793493407e6	2.4035654810330737e6	2.393040093379507e6	2.4034139256473957e6	2.38696397714959e6	2.3806137681160667e6	2.384927875511927e6	2.377610156947506e6	2.3667651657916675e6	2.3512095929539287e6	2.3517073357283585e6	2.3490569558430375e6	2.3542088071412584e6	2.35611799049414e6	2.336864490248424e6	2.3278974306879127e6	2.324849105977184e6	2.318890335613091e6	2.3133169820639775e6	2.3001960751700755e6	2.308690491937001e6	2.2909044661249807e6	2.2812223845833866e6	2.2700127791120387e6	2.2573329901416795e6	2.251888902511779e6	2.2437278844799744e6	2.242258780899552e6	2.22865661260187e6	2.2224938329983163e6	2.2177549510052027e6	2.204659439793464e6	2.190862547142921e6	2.1832880038954364e6	2.1834888562469967e6	2.1551211302336473e6	2.137329373524689e6	2.187803923525583e6	2.128573919435229e6	2.1264729231874184e6	2.108335890955012e6	2.0973384818578213e6	2.081632737187977e6	2.0671033117755014e6	2.0525753895855786e6	2.0566805260770416e6	2.0497072504771703e6	2.02444680348873e6	2.0065046461896524e6	2.002364587144663e6	1.992201229038133e6	1.982459891397684e6	1.9592431944923191e6	1.9392339765458433e6	1.933417140312721e6	1.93350434345668e6	1.8974619126300458e6	1.8792727332423036e6	1.842830748284006e6	1.8379326498651318e6	1.8388415616951426e6	1.8366355145543355e6	1.799796500111769e6	1.7839335685797217e6	1.7781452642554324e6	1.7611224850123841e6	1.7376197639237463e6	1.6992579703589643e6	1.7013209340206124e6	1.680348562974013e6	1.6329461522577733e6	1.6366969517071943e6	1.5942145294335394e6	1.590851995769908e6	1.5482702390856063e6	1.5253974371975656e6	1.5012667309054988e6	1.4794094437834076e6	1.4585660604129157e6	1.4212175624877303e6	1.4056479248916358e6	1.373319012495887e6	1.3436016134555703e6	1.3234578212554678e6	1.295034310031459e6	1.250201761731781e6	1.2337929013604242e6	1.1858608266099053e6	1.1461884015478955e6	1.1158562460198998e6	1.0851101295742968e6	1.0485994391000909e6	1.0026236752531203e6	961695.5907947563	915517.5393270422	871637.4380862955	828012.1273929602	779750.2979313682	731744.2909797146	680559.2182220288	626824.6793802141	571020.5120721878	512849.19134240877	451603.95209755143	387578.62033952517	320657.3857115351	250708.59005994909	177540.18476443784	100759.37119128695	19661.95478717098	-66686.78175768116	-159530.1589676207	-260736.0240273415	-373483.6074455194	-504352.8524398538	-674506.1529369126	-889454.0414462318	-971699.3377704467	-1.0486259966039644e6	-1.122497915779029e6	-1.1929445735460604e6	-1.2621334537272388e6	-1.3296305347929061e6	-1.3957257218941068e6	-1.4589132120572207e6	-1.5174216756688757e6	-1.5797884404381402e6	-1.640113559608013e6	-1.699626812379803e6	-1.7558104539014525e6	-1.8150353779360377e6	-1.8658132133491877e6	-1.9198228275662498e6	-1.9743847713348963e6	-2.0173885319558089e6	-2.0871892252779077e6	-2.123280438800541e6	-2.178671617965616e6	-2.2201648242224795e6	-2.2572009156791116e6	-2.3042471502592177e6	-2.3864576107856543e6	-2.4013455468890197e6	-2.435153084839744e6	-2.497594939786185e6	-2.532162801842499e6	-2.576317401709936e6	-2.604933348437713e6	-2.659054718525252e6	-2.6813275529857506e6	-2.686776345191549e6	-2.748868049523109e6	-2.7832287604196877e6	-2.8392972278742814e6	-2.8928932162794857e6	-2.899413134224774e6	-2.950348283100718e6
2.5280754879329684e6	2.5279107871695836e6	2.5275852685548603e6	2.527595160515614e6	2.526739618429905e6	2.527145331266107e6	2.5262952315739067e6	2.525963139578263e6	2.525184955466288e6	2.5240495597550822e6	2.5227135493153594e6	2.5211570788727077e6	2.521602101682711e6	2.520014828763554e6	2.519733166983463e6	2.5187051233494934e6	2.5155905948270373e6	2.514736719077411e6	2.514792177961857e6	2.5120090109664295e6	2.5098651282377494e6	2.5083624917915165e6	2.5088265681201965e6	2.5032178731551147e6	2.501956125177636e6	2.500480491476723e6	2.50039290307453e6	2.49671574603813e6	2.4935371744756903e6	2.4901472897831565e6	2.486705691273974e6	2.4848363714769096e6	2.484802115566057e6	2.4799794954266273e6	2.47664726147871e6	2.4718155597839113e6	2.4699142306007724e6	2.4666104110772507e6	2.4618591579512134e6	2.4604484957718886e6	2.4548740338312467e6	2.4530024314326793e6	2.4454783238771074e6	2.4456084746488314e6	2.4384571873562825e6	2.4321759996020105e6	2.4218588976622303e6	2.423991243825892e6	2.4225155485907253e6	2.4160705144122625e6	2.405755107273155e6	2.4155919111718833e6	2.4023769746445743e6	2.396397125523859e6	2.3803614945417657e6	2.384148498858869e6	2.380399527584808e6	2.374765541745726e6	2.370269070977168e6	2.3579291857926594e6	2.3587432318178867e6	2.3525739372199345e6	2.3428535288294875e6	2.340226529646259e6	2.3265762106336877e6	2.3288921196042867e6	2.3145368401874844e6	2.307325848607865e6	2.296651911679551e6	2.2893567902286462e6	2.274210654798942e6	2.2768236665084297e6	2.2654589658065876e6	2.2520762213147623e6	2.247028161686515e6	2.240191805074387e6	2.2459344609431894e6	2.2006285406925557e6	2.203658638136989e6	2.1879438515884746e6	2.1942571348579493e6	2.160322156161448e6	2.160111084545477e6	2.1531766806105506e6	2.1484841184144653e6	2.1461961162587223e6	2.133032846487216e6	2.106821966257261e6	2.0940588735418278e6	2.0787809646034045e6	2.0273550289868927e6	2.0715933454530085e6	2.0563332886192803e6	2.0320425793367305e6	2.0228663876990275e6	2.0061077185539799e6	1.9970137588408343e6	1.9963215317747626e6	1.9862205584703567e6	1.9475177605942625e6	1.9405574483745848e6	1.9049402794689685e6	1.9002163955039321e6	1.8912395664758603e6	1.8728835917473296e6	1.8506095450235708e6	1.8260114666500143e6	1.8204833761492525e6	1.8064101410836382e6	1.7868255621590149e6	1.78150729568887e6	1.740392746180886e6	1.7192791574157514e6	1.6899723172543035e6	1.6951491056985352e6	1.6488895303629953e6	1.638503716365435e6	1.618978006163707e6	1.6334577288420398e6	1.5646697180207323e6	1.55593593595948e6	1.5285276026266622e6	1.4936994086966163e6	1.4543663535889098e6	1.4432126920817345e6	1.4126214364412522e6	1.3942304181413585e6	1.3611505367401429e6	1.334631117846765e6	1.296302472876403e6	1.248515085078875e6	1.2425908304066816e6	1.2085048982342184e6	1.1709867326151577e6	1.130897945660532e6	1.0901130144877653e6	1.0234337910441672e6	1.0156656166003975e6	964100.6248196056	923301.1095286743	881171.0811172705	834873.8628854521	786853.2651505452	737816.4555291159	686609.0851829052	632535.3207843001	576091.9404460927	517306.49878296466	455485.54468292	390882.3962049191	323356.8356269994	252773.589773844	178936.39403119776	101444.38948588446	19582.87688634498	-67597.75975247473	-161365.42425730918	-263632.5089940452	-377673.2512854729	-510338.0915337675	-684386.7842506887	-895191.6086234772	-977800.0225693923	-1.0551743104811436e6	-1.1290866891600327e6	-1.2012037070866716e6	-1.269961949065512e6	-1.33667170788807e6	-1.4032292631106349e6	-1.4686259625996067e6	-1.5285129578485973e6	-1.5909878787397104e6	-1.6465816583097451e6	-1.7111737134018051e6	-1.766606714071427e6	-1.81869876340661e6	-1.8732787787799272e6	-1.9343114065334187e6	-1.9887431998240412e6	-2.0252940504258727e6	-2.0962564823365253e6	-2.1368917159808357e6	-2.169792977456505e6	-2.213253946721881e6	-2.26404081348646e6	-2.3351199148203474e6	-2.3769133003434283e6	-2.4197289471722883e6	-2.4569169109491133e6	-2.5008193643786213e6	-2.5341733701642198e6	-2.6049100494312723e6	-2.64081152487371e6	-2.664763829929128e6	-2.702352293195154e6	-2.7359279022321734e6	-2.8221368278246657e6	-2.8592074346738947e6	-2.855841386087855e6	-2.8920140449112565e6	-2.9098416777164848e6
2.5599435887689223e6	2.5598604456689376e6	2.55962026516299e6	2.5593155353905787e6	2.5591614807295725e6	2.5586229702649266e6	2.5584947274765256e6	2.5580278524867347e6	2.5569107175586107e6	2.5561565020090165e6	2.555098741616318e6	2.5539648497241125e6	2.552028413995703e6	2.5488416624770686e6	2.5503477439324725e6	2.549797521327991e6	2.5485101206864906e6	2.546286401180197e6	2.5459330612290916e6	2.5432406104132966e6	2.5415575984900715e6	2.5398720967804585e6	2.537436583280398e6	2.5399664402266205e6	2.532444140124084e6	2.536351823635618e6	2.531578307618569e6	2.528958397767629e6	2.5248106649043867e6	2.5232076943852054e6	2.519640401038515e6	2.518085519983576e6	2.5104727881709347e6	2.5151559951502196e6	2.5073103501057504e6	2.505555966295837e6	2.5017298520214707e6	2.499683338037121e6	2.4942230373683334e6	2.4893562507291026e6	2.4840652271104916e6	2.4865513625181424e6	2.482419251795518e6	2.4795256465693545e6	2.472224273357858e6	2.463608039364351e6	2.461000929516369e6	2.4565280515146726e6	2.452193631473367e6	2.446427493052207e6	2.4400376292716493e6	2.4363950405986244e6	2.4425449756999463e6	2.4292770068151457e6	2.4172516028991e6	2.426126533388352e6	2.411545575971846e6	2.404653935650365e6	2.3970376561322245e6	2.3946360742288185e6	2.385364317466378e6	2.377754048022164e6	2.3707946799790286e6	2.3666300262271957e6	2.3639456330995555e6	2.3505420863874685e6	2.3513870036937124e6	2.3493926338106245e6	2.3294882103320146e6	2.3334667090670075e6	2.313811011777661e6	2.298908135880797e6	2.2929731305714347e6	2.288102725491066e6	2.268377538268478e6	2.2712533067297935e6	2.2663320865137205e6	2.248879229404639e6	2.223249163998719e6	2.237242097807647e6	2.207921337271141e6	2.2296210766492463e6	2.192795097110382e6	2.172854141084791e6	2.1649203279651897e6	2.1717376374207465e6	2.1467755700934418e6	2.152954859518948e6	2.130937922098995e6	2.0956128795542328e6	2.102583294845293e6	2.0532985191820143e6	2.1000897333841664e6	2.0736645814880559e6	2.0519094720719233e6	2.0215488648301861e6	2.0237142125703294e6	2.015604938696864e6	2.009215479735321e6	1.9900879967804025e6	1.9648033005299391e6	1.9546324550809616e6	1.93415595678727e6	1.945771762745548e6	1.9099299666795935e6	1.8979395844665712e6	1.8792781091354387e6	1.8499019206610227e6	1.8442880444999444e6	1.811912231343927e6	1.8089656013631802e6	1.7860504429775786e6	1.7556597929525864e6	1.731678844906414e6	1.733041128516493e6	1.6977638987546284e6	1.6643480668544818e6	1.647146210106527e6	1.6322600069891964e6	1.6184276409805007e6	1.5728310993712964e6	1.5508899887832417e6	1.545181824843684e6	1.512805418869135e6	1.4912988774976619e6	1.4584942489997922e6	1.4386239524400132e6	1.4113620058289417e6	1.3715932045082469e6	1.345845104442125e6	1.312683750747949e6	1.2739497234256119e6	1.2461141236067042e6	1.2114022003396922e6	1.1755437880664873e6	1.1390909960008836e6	1.118651755074758e6	1.0656547104238807e6	1.0172233206381162e6	974599.1003407275	930950.8841511179	887537.6375525789	841251.6389329135	793983.0117637739	745261.2813844092	692490.2194411033	638040.6971342221	581194.3229630878	521754.74706623727	459383.781948769	394195.5940508195	326063.1696405923	254843.97007662663	180336.31425039424	102131.27826406388	19503.57363254344	-68511.52037330624	-163206.829372901	-266540.2462852127	-381883.7265348267	-516370.6149305077	-694532.303113394	-900905.5782815809	-983909.3074530712	-1.0618352678771657e6	-1.136747267850589e6	-1.2089587155369413e6	-1.2784439594028783e6	-1.3459080554126785e6	-1.4119640484191678e6	-1.4768757082337164e6	-1.5402557007941548e6	-1.5994701220871918e6	-1.6591354283971875e6	-1.7268710926337005e6	-1.780334235608824e6	-1.8434741139426217e6	-1.8880138322473676e6	-1.936208104855673e6	-1.9992468569357363e6	-2.0459707964549032e6	-2.1054610435371087e6	-2.1499398636036334e6	-2.1879200579912593e6	-2.2440697093425947e6	-2.2830393794711684e6	-2.35184973251351e6	-2.39599304282393e6	-2.3767775368572627e6	-2.4729244406189243e6	-2.5168480161719196e6	-2.567280695091532e6	-2.607691908490066e6	-2.659608989705969e6	-2.638435333870482e6	-2.7161379785885545e6	-2.778262927357077e6	-2.8179806866290276e6	-2.8552892853579368e6	-2.8958944919189685e6	-2.9061992805552953e6
2.5919993612498567e6	2.59185420137329e6	2.5917867798128547e6	2.5918056646244777e6	2.591084102150477e6	2.5907767935326393e6	2.5905877211699304e6	2.5896458281820123e6	2.589353752315368e6	2.587965760007461e6	2.58728238137284e6	2.5874210396032566e6	2.5860230018508676e6	2.5451080381623837e6	2.57812191805905e6	2.581883210059265e6	2.581281313577035e6	2.58030924277265e6	2.577877188150573e6	2.575771525860471e6	2.5743402091388945e6	2.572271052502344e6	2.5715469131252714e6	2.56726463681898e6	2.5665997679866487e6	2.5654543526725513e6	2.563042066915019e6	2.559850371792306e6	2.557344030352656e6	2.553455057816773e6	2.5513961041867523e6	2.549811991542734e6	2.5475224266775e6	2.545982659404533e6	2.541883854690665e6	2.536122330344688e6	2.5374308998638866e6	2.531871467734739e6	2.5266484099123916e6	2.5214822136664903e6	2.5190636672649025e6	2.5155331550467573e6	2.5116537471556184e6	2.511834812211174e6	2.506339015994216e6	2.503457690000701e6	2.4898890418264144e6	2.4873237520327605e6	2.4848039195554154e6	2.4786616052267994e6	2.474348934938266e6	2.4761937404531175e6	2.4656431139705465e6	2.462138772641492e6	2.4567082334389663e6	2.452897481065018e6	2.446021965719623e6	2.441496215947419e6	2.428344319466055e6	2.4254757553692744e6	2.429480305179847e6	2.410495172010392e6	2.4099160510337506e6	2.397036837960126e6	2.3959519173261244e6	2.3836658458655267e6	2.374301134935421e6	2.382266658298426e6	2.370632027647626e6	2.351468908110775e6	2.347234675005689e6	2.3333000107236663e6	2.332975836902397e6	2.327200609809997e6	2.319242030828018e6	2.3004145635468145e6	2.2884005795767996e6	2.286467032033178e6	2.2764588887255453e6	2.2598762242476363e6	2.2611482024322124e6	2.2474546907718633e6	2.2352987456791783e6	2.2123433064118773e6	2.2202529327755217e6	2.2002228735730667e6	2.191683500933597e6	2.1752499924190007e6	2.174505447474415e6	2.1542985890988274e6	2.1424204419452637e6	2.1276845185968094e6	2.129848616542076e6	2.1165926754574785e6	2.0898332739779723e6	2.0827056771879492e6	2.056174044065842e6	2.068456547359567e6	2.0384585834827758e6	2.0192719454181585e6	2.0096464961509136e6	1.9820755828888675e6	1.9872877000007802e6	1.9507205401090349e6	1.9397534714939552e6	1.9371394498012864e6	1.9086137635971638e6	1.8925282602974167e6	1.8885894367893988e6	1.862535756099896e6	1.8311991409981814e6	1.835491778405516e6	1.7960519510551016e6	1.8005927754872302e6	1.7582370266210493e6	1.729572505315314e6	1.7158385169823393e6	1.6876151043817503e6	1.6765390641965182e6	1.6163890900376455e6	1.637840338252154e6	1.5723783530464547e6	1.584032699328035e6	1.5573032448124285e6	1.527401423442529e6	1.4971877464611875e6	1.462922909906692e6	1.4441708779900093e6	1.4277776999878692e6	1.387034793439001e6	1.3423990388753382e6	1.315381015220071e6	1.284288918345324e6	1.265590129768717e6	1.2362539630652152e6	1.1886975539699122e6	1.142932433634726e6	1.1059073357292302e6	1.0749516210016748e6	1.0260227966774381e6	983239.9335964471	940183.0437696208	896969.921416386	849989.569441593	802449.6488236133	751034.8511081745	699213.4402228626	643767.6188036173	586315.3992946723	526245.5420193011	463284.3225119673	397514.3310730136	328776.3788110679	256919.69585752813	181739.9190572449	102820.02807426779	19424.045393667184	-69428.02891647536	-165054.35256763874	-269459.21264883876	-386115.13470915053	-522451.43543375796	-704974.5579551482	-906600.964499854	-990033.3009175234	-1.068483629449037e6	-1.1436750246277857e6	-1.2158341530540492e6	-1.2866458977156053e6	-1.3561417426461787e6	-1.4224211426359178e6	-1.4855701064035036e6	-1.5539595891271536e6	-1.6133628465050291e6	-1.6694484435833301e6	-1.7375165412287158e6	-1.790297795070507e6	-1.8361336234813523e6	-1.8935427589526628e6	-1.9549727556004548e6	-2.0245889938297956e6	-2.061380846336069e6	-2.122926380115776e6	-2.1700728974996093e6	-2.205478100257416e6	-2.2422767376427823e6	-2.3056586172702094e6	-2.3603769495805264e6	-2.408438712090328e6	-2.4518149301082385e6	-2.4910218449915363e6	-2.519277267070361e6	-2.588556835495644e6	-2.6457821827820023e6	-2.6693055046834224e6	-2.696800415524027e6	-2.7410368184877024e6	-2.8087449219183666e6	-2.8233795749470075e6	-2.8795187830744167e6	-2.9012592747900025e6
2.624254503718633e6	2.6241894914990575e6	2.6239106775496355e6	2.6237835450649452e6	2.6234639627711712e6	2.622944590226008e6	2.622757910922276e6	2.6223633766909316e6	2.6210746208512182e6	2.6208328788229427e6	2.6198669652534383e6	2.6181367228632485e6	2.6180615838935217e6	2.6172085293054786e6	2.6157359400406294e6	2.6154442586590066e6	2.6134428511669734e6	2.611995047994967e6	2.61030434950438e6	2.6078922333691567e6	2.6064973028713805e6	2.604658124348661e6	2.602840586319123e6	2.600782027859092e6	2.6006348122563604e6	2.5999169387713135e6	2.5964177714942913e6	2.592698126337842e6	2.589224830515558e6	2.588060470736994e6	2.5838181417762903e6	2.584771254319079e6	2.5809481616270123e6	2.577438910544342e6	2.5756613433903814e6	2.5679390153185185e6	2.567570752765282e6	2.5646651067333897e6	2.5631529583191546e6	2.5554118422849355e6	2.5510795808013175e6	2.5463333132696347e6	2.5452799952225536e6	2.543609264836652e6	2.5426362180114524e6	2.535234015119223e6	2.5281726050895303e6	2.5215209576764395e6	2.521415889037967e6	2.5130194733171603e6	2.507205346184179e6	2.5047163352236096e6	2.498211196544664e6	2.4906883513181563e6	2.4912187596540656e6	2.4854534514822555e6	2.4771072387585714e6	2.465468711023741e6	2.4592735824566633e6	2.4587735771240657e6	2.453686956151805e6	2.450351312882916e6	2.4399741937850914e6	2.433812204457838e6	2.4199017337677106e6	2.41859291227961e6	2.3988356355758836e6	2.4016964641782455e6	2.4033122267061397e6	2.388921650581713e6	2.3822544476089776e6	2.357013764192922e6	2.364802130384665e6	2.347929711413688e6	2.330720910480888e6	2.3495450419818535e6	2.327565735419641e6	2.323119590359128e6	2.3145744351289626e6	2.3047106153650144e6	2.296529851729023e6	2.275971218925342e6	2.269946967805734e6	2.2587474898484945e6	2.2363828729195315e6	2.243638719299225e6	2.2216911561891236e6	2.221724873777967e6	2.1985866007281425e6	2.196944345735118e6	2.1657623542466154e6	2.1692302393177105e6	2.164601381891826e6	2.14479129657046e6	2.1282933333418556e6	2.1167613709424147e6	2.110388425736179e6	2.0886651297245987e6	2.0744246534598828e6	2.0556932949690148e6	2.021279886838398e6	1.9973993632265362e6	2.012492363950787e6	2.0025052075286212e6	1.9706786502488106e6	1.9690431245796978e6	1.942832763282087e6	1.9317632920276704e6	1.9145838568043036e6	1.8987658281145655e6	1.8890532146054823e6	1.8493429114882806e6	1.8497040322784293e6	1.8338678488883965e6	1.8024308551968934e6	1.76919233572871e6	1.756901065427698e6	1.7401356652581454e6	1.7062558007538177e6	1.6917720562418136e6	1.6711008108607389e6	1.6374629400531799e6	1.613967663230056e6	1.6048284390472407e6	1.5686317953258364e6	1.5421267771092234e6	1.5123910443083947e6	1.480573838814605e6	1.4635541264095302e6	1.4402071868416239e6	1.3903763732427678e6	1.370508806440908e6	1.3322649026347795e6	1.306259068210474e6	1.2752232343189716e6	1.236506379497252e6	1.191234359370469e6	1.1683756760720464e6	1.1159731810599691e6	1.080484342855103e6	1.0299232332328372e6	989898.9158902201	952098.8595417954	906448.5194510382	857736.9330843906	809104.8623381956	757672.8981695888	705106.4201285553	649218.4394863439	591528.5683436699	530692.5835372035	467212.83034748887	400848.0977942422	331496.47288059536	259000.71743366122	183147.1811676384	103510.62676580716	19344.295597167686	-70347.27655765321	-166907.96598320547	-272389.40562767815	-390367.583814756	-528581.6252251221	-715752.9189161491	-912282.1211031438	-996127.0745498952	-1.0750952668561838e6	-1.1507034132576706e6	-1.2240970479355757e6	-1.2949313364596842e6	-1.364543372467942e6	-1.4303176450387826e6	-1.4946095634153993e6	-1.5641077370998324e6	-1.622986440360277e6	-1.6878084588559363e6	-1.7449883190832161e6	-1.7948937537196889e6	-1.8628842413258837e6	-1.9082944833507813e6	-1.9662003740288676e6	-2.0337060044594952e6	-2.074997343825934e6	-2.131857121500241e6	-2.1762713299488868e6	-2.228211139553715e6	-2.2640075036707544e6	-2.308179939265911e6	-2.3904116405638712e6	-2.4276536317332354e6	-2.4646898218855304e6	-2.48369239256526e6	-2.546432311343916e6	-2.585817491764887e6	-2.6448564479572396e6	-2.690036641988301e6	-2.706947206154946e6	-2.7986711557043805e6	-2.788111118118622e6	-2.8359182271485687e6	-2.886939181508411e6
2.6566989040292925e6	2.6565636131039266e6	2.656569261411409e6	2.656362451305298e6	2.6558505469736494e6	2.655419156741914e6	2.6553354074448776e6	2.654570597279716e6	2.6533892179246657e6	2.653013581424199e6	2.6537362137123803e6	2.651104529406301e6	2.6501489589508316e6	2.649439085989449e6	2.6485351410857905e6	2.645071241688866e6	2.645825526963643e6	2.646360335271715e6	2.642292254847148e6	2.6414661465763305e6	2.638933831398951e6	2.637653041569055e6	2.6358880184291904e6	2.6334396526031215e6	2.631052622273503e6	2.629776504458873e6	2.6278011237972225e6	2.6246257634566566e6	2.6210148266169913e6	2.618060495990255e6	2.617954597484022e6	2.6152324560245727e6	2.614556423830593e6	2.6097139797599623e6	2.6034541728015067e6	2.602960610097273e6	2.5970776148941247e6	2.6007618924617916e6	2.593334296846948e6	2.590393190571782e6	2.589808091599192e6	2.5817410215667584e6	2.575535585847796e6	2.5724315853234683e6	2.570519267998466e6	2.5680109249360375e6	2.5601537214945373e6	2.555357455049395e6	2.5524108434972297e6	2.542398868702426e6	2.5397947397533893e6	2.5418236138800276e6	2.532806116827922e6	2.5252870139557626e6	2.5297032577144997e6	2.5196418569224966e6	2.5109755616279743e6	2.497159482122032e6	2.502278228367571e6	2.493100933198627e6	2.4839397652123217e6	2.485120621223582e6	2.4753218296459448e6	2.465951167940897e6	2.456040159484858e6	2.462549814283914e6	2.450383681284243e6	2.4347637922823085e6	2.43200245482597e6	2.430355370927258e6	2.41790420504816e6	2.408480249812693e6	2.400149842337149e6	2.391634028128735e6	2.395843819542715e6	2.3748322679468957e6	2.3516205551054543e6	2.364248101232555e6	2.34875262427294e6	2.342029220013127e6	2.314237381516774e6	2.314543868721378e6	2.308936690497646e6	2.3093695088872137e6	2.2837106024231985e6	2.2712508737199833e6	2.28468680175929e6	2.253374317804192e6	2.245528961361452e6	2.2212453266850924e6	2.201204178875465e6	2.2007831877694856e6	2.1812543081234377e6	2.1677624088410046e6	2.15305051110575e6	2.157832313725122e6	2.152726935612324e6	2.117353914772005e6	2.0969178968691654e6	2.091772371370067e6	2.0762662616384136e6	2.0787855886485928e6	2.053669057993924e6	2.0518547702882388e6	2.0237875064707855e6	1.99609107729712e6	1.9827220255872635e6	1.9738501927010259e6	1.9538740940981605e6	1.924947412884464e6	1.9101732949462463e6	1.906116578622038e6	1.8716324799348572e6	1.8708679619906773e6	1.8418615371396372e6	1.824991620514182e6	1.7922730564901363e6	1.772352959641975e6	1.7428236556267787e6	1.7109233397971708e6	1.691288278163384e6	1.6864980298890958e6	1.6597845062991586e6	1.632603309825094e6	1.60635675855762e6	1.5922426198294377e6	1.517646221150285e6	1.5238681116749984e6	1.5200152515849823e6	1.4454668114822526e6	1.4398279664008284e6	1.3961168164094426e6	1.3651095900325952e6	1.331766255556451e6	1.297369805499618e6	1.2880747086212826e6	1.2480975856938502e6	1.2021052513345706e6	1.1590408609630265e6	1.1278792453804677e6	1.0915162035398495e6	1.0471388894088506e6	1.0032727181918414e6	961527.0725203236	912089.5185405519	865348.3309874786	816308.044310079	764571.8487250032	711490.340104661	656122.6715260772	596501.068354497	535166.5929108129	471192.3130442656	404186.477217	334223.29702720745	261086.9994729911	184558.07708557276	104203.0605942579	19264.33012409974	-71269.25032077124	-168767.64976513525	-275330.81049263664	-394641.1844889722	-534762.3225126415	-726916.9497652487	-917952.5564427199	-1.0022389413258932e6	-1.0817841618345138e6	-1.1582606383968676e6	-1.2322740911428523e6	-1.303017235567002e6	-1.371336415231672e6	-1.4408730845051338e6	-1.5056549804900438e6	-1.5724227225301466e6	-1.6337771960466313e6	-1.6931657587493942e6	-1.7520520542976926e6	-1.8109565389630725e6	-1.8732964692615424e6	-1.9224118865652983e6	-1.983577964277212e6	-2.041788956912587e6	-2.080390948864114e6	-2.1524767879778096e6	-2.187447864916911e6	-2.2340550056234566e6	-2.2754618953112694e6	-2.367061959007491e6	-2.406192102979058e6	-2.4371464653949863e6	-2.458228373576838e6	-2.4734902140370966e6	-2.6161348130798475e6	-2.62242460708658e6	-2.6571672917685057e6	-2.688403613915808e6	-2.747471890179671e6	-2.788147397162246e6	-2.805129655627862e6	-2.8581443504155795e6
2.6893379292832226e6	2.689387305381527e6	2.689189975612743e6	2.688962266298703e6	2.688668795008583e6	2.688105020435574e6	2.687792521140474e6	2.6872751937163123e6	2.686795498300031e6	2.6858763752953503e6	2.684926936342588e6	2.6831616389605156e6	2.6840070887285736e6	2.682246654444101e6	2.681557809356688e6	2.679194166854355e6	2.679355917361599e6	2.6775668739921367e6	2.6750432256271304e6	2.6737475224760277e6	2.6724318030489804e6	2.6692807773279133e6	2.670613198512774e6	2.6657223268904393e6	2.6666795542802145e6	2.6615474437111593e6	2.6602345578903207e6	2.6603555084776133e6	2.655515724224792e6	2.6535417479063817e6	2.650632067620879e6	2.648976455078183e6	2.6436820149719557e6	2.639903725565861e6	2.640239743417192e6	2.6345039683234403e6	2.631592112233381e6	2.6280412805213523e6	2.623619318822625e6	2.622133490524039e6	2.6199720564880166e6	2.6137624108635997e6	2.611647069024219e6	2.6109661816646485e6	2.5982087106021564e6	2.600647176291451e6	2.5976073571667057e6	2.5872599085365753e6	2.5850581772775557e6	2.577512355131728e6	2.575373830492152e6	2.5728659485743637e6	2.565678960491924e6	2.567177229445539e6	2.5542706491742902e6	2.5479203103335258e6	2.5409667371648694e6	2.5350277613929925e6	2.5260140202486413e6	2.516937344318636e6	2.5187794088185993e6	2.5126595661428184e6	2.493485700695122e6	2.4981130639031455e6	2.4773621426269324e6	2.4906424237306076e6	2.4780566277797553e6	2.4782099749748786e6	2.464250679961256e6	2.4537421209417433e6	2.4590655780744883e6	2.4412839648674824e6	2.4311805897663855e6	2.4141288712218064e6	2.4088544949900405e6	2.414425611226403e6	2.3854957568437066e6	2.377943774470633e6	2.3657318637918336e6	2.371382381186349e6	2.363539604655796e6	2.3559484919225117e6	2.344493963272027e6	2.3274220233960073e6	2.302309431751768e6	2.298750189090683e6	2.3010044966585194e6	2.3053742688639667e6	2.269293359966033e6	2.25689592535835e6	2.25090448745039e6	2.2363123884520023e6	2.222512825995375e6	2.208139694856923e6	2.2009904729189635e6	2.194835913196573e6	2.1836654517311472e6	2.1579173147280635e6	2.140154780359452e6	2.1302795582793453e6	2.1456926287424965e6	2.0907655494650342e6	2.0677321959847216e6	2.0714005341965659e6	2.046540225958705e6	2.0029153632905642e6	2.003698345708922e6	1.999986922871584e6	1.9847840725334687e6	1.9629674912749506e6	1.9571850525343677e6	1.9373683343604193e6	1.941688469633833e6	1.8930850136082417e6	1.8780805290025016e6	1.8543061756329974e6	1.841655438706057e6	1.79183997667214e6	1.7787516800741418e6	1.7869087345999181e6	1.714752706167454e6	1.7038816073038466e6	1.6949984450248326e6	1.685462263035729e6	1.6462550872855997e6	1.6309690812680093e6	1.5919895706739621e6	1.5686749648499698e6	1.5431531935859392e6	1.521408451502432e6	1.475776840486474e6	1.4579449615713358e6	1.4164924817061452e6	1.3803235047682084e6	1.3083306001582015e6	1.3135959198631174e6	1.2961502699795547e6	1.2474538835068857e6	1.2084125339730629e6	1.1694088552705697e6	1.1468148427217584e6	1.1000910519557686e6	1.0542075717304759e6	1.0103415311681502e6	970549.9402473827	921857.0581209785	876175.1304400323	823134.5901345925	771019.497412194	717907.6902192356	660723.2075707347	601563.2608440518	539679.671361469	475058.4172457333	407535.5261611978	336956.7968814117	263178.5123351612	185972.58090582676	104897.3161609238	19184.14108707523	-72193.93342439551	-170633.3770419662	-278283.41697864886	-398936.05384036107	-540994.7348440229	-738530.3924003798	-923615.1031095167	-1.0084191042077648e6	-1.0884242225260255e6	-1.165078189804852e6	-1.2383554523618063e6	-1.3115991064651352e6	-1.3809265427971473e6	-1.449816407790755e6	-1.514043300816243e6	-1.5820001736595216e6	-1.643689700043567e6	-1.705926151019534e6	-1.7594100852609132e6	-1.8251681041045939e6	-1.8790919411813873e6	-1.9413747970501934e6	-2.0039390991964857e6	-2.0480034850208513e6	-2.0937306914700144e6	-2.1670924240091075e6	-2.2025223909786143e6	-2.236801937277326e6	-2.320044192577857e6	-2.3653761218439885e6	-2.398822499733684e6	-2.4588204070954467e6	-2.489609377739848e6	-2.513307563458282e6	-2.5794667237123814e6	-2.6290062137102657e6	-2.67320015208941e6	-2.75339368217261e6	-2.751203194002584e6	-2.799217360896097e6	-2.8241888904412785e6
2.722171588355319e6	2.7220893249806534e6	2.7220022410983946e6	2.72179524223796e6	2.7212043646067553e6	2.721270621476024e6	2.7206185086512417e6	2.720329088731556e6	2.7191046382437376e6	2.716552292532387e6	2.7175261912654364e6	2.7167970813977616e6	2.715883957254683e6	2.7149456486521834e6	2.7132436308256555e6	2.712267033868952e6	2.711681247621925e6	2.7115215171731957e6	2.7086684665190172e6	2.707347052785729e6	2.704946798785262e6	2.7040750102810184e6	2.7013259419720033e6	2.6905489342183927e6	2.6972363976108185e6	2.6958233341713436e6	2.6931190502523114e6	2.6917898656036947e6	2.6905374021526673e6	2.68622485417231e6	2.68453825984503e6	2.680363633589116e6	2.6772550870433655e6	2.6756911919186413e6	2.6732894065669873e6	2.668431530720497e6	2.665492965920241e6	2.661722277945584e6	2.6579511013085977e6	2.6543081714483984e6	2.654039906062678e6	2.6486675224273684e6	2.642874560879744e6	2.637747146478538e6	2.6369272258131113e6	2.633866360588858e6	2.6299877499053385e6	2.622105050856656e6	2.607944463745036e6	2.6142056377784824e6	2.6069602113079885e6	2.5999962977082673e6	2.598050269788938e6	2.5938342939149686e6	2.5889508571964293e6	2.576999114818849e6	2.5791695434821746e6	2.5716238489723406e6	2.5595673453004784e6	2.5599274741736003e6	2.549257926587453e6	2.5433547992085717e6	2.5199369790710146e6	2.454244443575079e6	2.523384852574178e6	2.5154126705478947e6	2.515331078347901e6	2.496425408661634e6	2.501989483638904e6	2.4925284665082023e6	2.4797887225951464e6	2.4843142901745727e6	2.472951142335705e6	2.4508617120739333e6	2.4486390406200658e6	2.4348312430557017e6	2.4249294499175227e6	2.415913250857651e6	2.4002406001934204e6	2.3912875338131934e6	2.4050377651167586e6	2.3776699786444386e6	2.3575851191873406e6	2.3654441505551487e6	2.3538159069820703e6	2.345998628413862e6	2.3322193093542354e6	2.3094014511491125e6	2.331115907711979e6	2.29969724971106e6	2.285149540863021e6	2.261373759082623e6	2.2635615969117354e6	2.243728121642926e6	2.22770628957579e6	2.2044754875536845e6	2.2081671599854175e6	2.1975183967951704e6	2.1741731223989693e6	2.1825487521087285e6	2.1723893416584004e6	2.159557943471497e6	2.121826455279027e6	2.107832513578635e6	2.1067868483375357e6	2.0693624142383533e6	2.0444565429156784e6	2.031771397418688e6	2.008423775073628e6	1.9961239865874765e6	1.9970930819753916e6	1.965418088975606e6	1.9616837064460085e6	1.9326037560413477e6	1.8962636624667288e6	1.904205320706934e6	1.8515158576290137e6	1.8542164447056723e6	1.8313188879197105e6	1.788402903848384e6	1.788220963472573e6	1.7660105415236063e6	1.7227181662813735e6	1.7319922057317942e6	1.6930565387308723e6	1.668214275359375e6	1.6360267207697988e6	1.607175984463414e6	1.581151822992462e6	1.5659355906717058e6	1.5047704467770974e6	1.485674051849937e6	1.466064438844021e6	1.4264036807668838e6	1.3544060489238896e6	1.3607668812002908e6	1.324094248490009e6	1.3145556937142587e6	1.2569083550996035e6	1.2229200149974294e6	1.1895284898000648e6	1.141153680623562e6	1.111597702564945e6	1.0685120163350673e6	1.0237680486705534e6	978403.2237737817	930314.2284295273	884677.8852646518	831453.2326573518	777262.1011375661	724376.6229261421	666440.4288338604	606694.7053335945	544179.2663706555	478997.9435529455	410888.7133020144	339697.01968069514	265275.2070207307	187390.6668928233	105593.38369288808	19103.732436545193	-73121.31215054868	-172505.125913925	-281247.2152919206	-403252.3142768014	-547280.1481291871	-750677.2443280686	-929271.892756186	-1.0144707169633149e6	-1.095073628672678e6	-1.1725346515065026e6	-1.2464781056105164e6	-1.3196041265638582e6	-1.3907633415152137e6	-1.4586256795553989e6	-1.5255710319083096e6	-1.591434654679737e6	-1.6531179988926095e6	-1.7144747066163593e6	-1.7780715197838065e6	-1.8469332128171255e6	-1.8986084143124805e6	-1.9483859070590022e6	-2.0147871762455679e6	-2.0755116860797624e6	-2.116257701324226e6	-2.186575100441138e6	-2.216345084322861e6	-2.2746462907449245e6	-2.3244458879660466e6	-2.40087528489091e6	-2.4237627263653907e6	-2.4653460458353083e6	-2.5052722394496747e6	-2.508399558658036e6	-2.617305734417279e6	-2.6422928835796355e6	-2.7193367879813765e6	-2.7415443046618546e6	-2.773998719909958e6	-2.817255489542943e6
2.7551975190707888e6	2.7551910456192913e6	2.7549177620938625e6	2.754678478697829e6	2.754472489220103e6	2.75388699949092e6	2.7536329454914927e6	2.753184446481526e6	2.7526509549942203e6	2.751520393561228e6	2.750951713399536e6	2.7495845930086384e6	2.7489676205387157e6	2.7475025392568833e6	2.7473295512376553e6	2.7455712934762863e6	2.7443861824571686e6	2.742904396695654e6	2.7415529788137246e6	2.740549783842175e6	2.7364034624875924e6	2.735723221702755e6	2.7346575353526883e6	2.7318808850301914e6	2.728916379140693e6	2.728083439304278e6	2.7278653062200784e6	2.716509897212956e6	2.723673175189074e6	2.720122733240777e6	2.7162316064738748e6	2.715046082601045e6	2.712171753976946e6	2.7082472456561117e6	2.7051346811416205e6	2.7027102175396523e6	2.7001791511982605e6	2.6948404172893446e6	2.693324224188522e6	2.6927735004193536e6	2.6837340406970074e6	2.6812612659815648e6	2.678994265430851e6	2.671254981417626e6	2.670632917987574e6	2.666006619205091e6	2.6588204488546834e6	2.655691264242296e6	2.6501575641326285e6	2.6471606591655533e6	2.6400534597051605e6	2.634774801079129e6	2.6337368310953006e6	2.628527942202661e6	2.6207567871302925e6	2.609112932877393e6	2.6076675161935017e6	2.610260441605127e6	2.600531693718854e6	2.5918829732492203e6	2.5787872698355797e6	2.576792592432138e6	2.5726353075430286e6	2.567417312607493e6	2.559647838522282e6	2.550272156066086e6	2.547658046983947e6	2.5381485429785536e6	2.546011497312082e6	2.523226813940583e6	2.5184804135389104e6	2.508392269091052e6	2.5026394244788243e6	2.4972889478380326e6	2.482745208333288e6	2.470772822984193e6	2.462646541807086e6	2.4534162587954146e6	2.4449610847801543e6	2.442845589823462e6	2.4176089529475127e6	2.421380536950638e6	2.4134653708588085e6	2.391577691762129e6	2.385690412570243e6	2.382982135306689e6	2.3629982683678167e6	2.358282645250002e6	2.335154422849298e6	2.3509262431301484e6	2.3226118972187266e6	2.3196389916931004e6	2.27937846424844e6	2.2867689365279283e6	2.2716784906892823e6	2.2618544631083673e6	2.244752243869884e6	2.214702819566402e6	2.201299750687219e6	2.2137012215157393e6	2.1904916431794027e6	2.1620303388022752e6	2.168414727376752e6	2.1373782997327833e6	2.119202941440203e6	2.119294846726842e6	2.0916020030132174e6	2.0689968060769301e6	2.0555195130836372e6	2.0376150307912817e6	2.0256713292446434e6	1.999251003642933e6	1.9939312261729185e6	1.9630169033604069e6	1.9462682356058168e6	1.9133837861536876e6	1.9063515609375127e6	1.8909669081894709e6	1.8532744803999814e6	1.8380136544057433e6	1.8034329283603905e6	1.8144723169734124e6	1.7837308965380858e6	1.7535217393674338e6	1.7338817865475472e6	1.6932248624005313e6	1.690797110446403e6	1.6580584388683736e6	1.631763401359594e6	1.6096665417858348e6	1.5663658598440145e6	1.538122675726571e6	1.4946136479853098e6	1.4779878670913207e6	1.4327789898464333e6	1.3151818316330363e6	1.3682368746006708e6	1.3594812335355757e6	1.3227016173876936e6	1.270347852811779e6	1.2332268475349369e6	1.1982220749704759e6	1.154554466845722e6	1.1186848728655376e6	1.0767269584242268e6	1.0313989926461829e6	988542.7019594179	937720.8782642744	891720.9738894827	837574.5932534283	785444.9991735984	729861.0064006026	672026.2483519788	611652.9876551253	548679.8526024797	482950.096493301	414250.5172803728	342443.7671015025	267377.05255662743	188812.310403788	106291.24954224657	19023.10856165504	-74051.37194169452	-174382.87140395166	-284222.19800449815	-407590.0927305892	-553619.9303923906	-763471.2566952272	-934922.5294632781	-1.0206987023547175e6	-1.101765070854464e6	-1.1795804548507011e6	-1.2557722842842056e6	-1.327996989588602e6	-1.3995401274114759e6	-1.4674364208159498e6	-1.5348266543651158e6	-1.6026300504802507e6	-1.6625685926859644e6	-1.7287323251215783e6	-1.791869439435679e6	-1.8507856761134728e6	-1.9087771729547237e6	-1.9753472926227408e6	-2.0251995515527907e6	-2.0928605330691417e6	-2.1260758805878568e6	-2.2085514930142327e6	-2.225156397445899e6	-2.297012019761991e6	-2.339342326244865e6	-2.4081972262525526e6	-2.426155944743505e6	-2.5139606496799816e6	-2.532545582789306e6	-2.584289227715003e6	-2.623786968226979e6	-2.6795138020589934e6	-2.7219749632859067e6	-2.758450371030864e6	-2.79991430243432e6
2.7884208142538634e6	2.788304175379373e6	2.788175217045372e6	2.7879597842420344e6	2.7875592336193104e6	2.7872105834220676e6	2.786796469467512e6	2.786108006902309e6	2.785710999810687e6	2.7849112488822457e6	2.7841616687306766e6	2.783471384468397e6	2.782119079123404e6	2.7816721427364848e6	2.7803205333660888e6	2.779446130062275e6	2.7776514988523973e6	2.7761063236755314e6	2.7747073829972898e6	2.773994706986105e6	2.770849122801302e6	2.768771281077543e6	2.7667242287098877e6	2.7652523634895906e6	2.7642796709664627e6	2.7616240301725324e6	2.7595684109801822e6	2.758109472131206e6	2.7537332101470656e6	2.752743364773073e6	2.750153810078407e6	2.7459928769933702e6	2.744974014580109e6	2.741449464472468e6	2.7398132565098433e6	2.7350943944833246e6	2.7303115386761613e6	2.7304279694862086e6	2.72828924875488e6	2.721838898612968e6	2.7234753391912756e6	2.720663409660102e6	2.7091947635446033e6	2.709117732500916e6	2.704289548055218e6	2.697957359987073e6	2.6941562772707175e6	2.691171369876835e6	2.6879685444554435e6	2.6787646911923788e6	2.680325116878761e6	2.6694589071528176e6	2.6780213593958034e6	2.660243762550156e6	2.6574948181789042e6	2.6506553681350225e6	2.630469464493317e6	2.6371023495815704e6	2.637872126594179e6	2.6297380577447005e6	2.6120298714260864e6	2.608865163141322e6	2.603267367238843e6	2.6005875964354835e6	2.589881324602139e6	2.5917296351969996e6	2.5804411090734047e6	2.5778564548579333e6	2.5643498704556995e6	2.5607554455096126e6	2.554112612601348e6	2.5408248486460736e6	2.5651419038210856e6	2.519825304356873e6	2.5210930345599386e6	2.5124854524674667e6	2.4993065593518103e6	2.486008592487854e6	2.4836711429940653e6	2.468238085658352e6	2.4654617400261373e6	2.439790378235198e6	2.4437934549956643e6	2.4349024927250994e6	2.4225959112831852e6	2.413513369176833e6	2.4062317873163903e6	2.387771815502111e6	2.387637281702145e6	2.351769382507918e6	2.3826664076611977e6	2.349073105043795e6	2.3337909478804413e6	2.3127733647669586e6	2.301668860587232e6	2.2886423054004316e6	2.2679433344921945e6	2.29465418741813e6	2.2523740619540196e6	2.23474394358984e6	2.21918666481613e6	2.2056912117555756e6	2.199051953653236e6	2.1779182891575624e6	2.166220487191436e6	2.1535033403997957e6	2.135290156077745e6	2.108701669030465e6	2.0785396457368024e6	2.1234141952940477e6	2.0909200229106708e6	2.0178523020194287e6	2.0228519962205435e6	2.0024004082855275e6	1.9837467653417238e6	1.9766427764340674e6	1.9399260047218264e6	1.9416279934695358e6	1.8913017718457782e6	1.878652435905638e6	1.8736400572755777e6	1.8312438815583366e6	1.833119602443202e6	1.7963111386335955e6	1.7646886292099361e6	1.7459155814262158e6	1.7292770407910252e6	1.6902181769682644e6	1.6776421024271925e6	1.6514999738178519e6	1.6156067318076016e6	1.584390413851605e6	1.562668099473983e6	1.5227040728850313e6	1.484443561747071e6	1.4559699719407563e6	1.4274422213990325e6	1.3986982052558144e6	1.35425632258237e6	1.3269847085840383e6	1.2829400902285797e6	1.2463010279661075e6	1.2097384923523732e6	1.1673502932974347e6	1.129867941080558e6	1.0778231259477604e6	1.0439874104054412e6	996283.4483379188	947274.0235280558	897153.7092303364	844583.8424590977	792025.2571353535	735954.6545786071	677476.7690658076	616748.9146784691	553208.1381164212	486913.7929066948	417620.35613772506	345197.2073723958	269484.0122097442	190237.48583896272	106990.90228453372	18942.273428936023	-74984.09784962889	-176266.59531999892	-287208.35147803277	-411949.52095748857	-560015.5420317063	-777070.7553983796	-940567.6802668576	-1.0267700170190069e6	-1.1084600751649942e6	-1.186740291605597e6	-1.2623566064335383e6	-1.336888019729599e6	-1.4060927371744444e6	-1.4762542738626054e6	-1.5505353311030758e6	-1.6121329729201556e6	-1.6720798929913961e6	-1.7403449855888751e6	-1.8011813251521331e6	-1.8513687831375827e6	-1.9152285678897812e6	-1.989124623457477e6	-2.0304165353895905e6	-2.094547549402298e6	-2.1481797544159493e6	-2.215017636824325e6	-2.24531588514112e6	-2.311267148563013e6	-2.376367688329538e6	-2.402861285512131e6	-2.4480824379840433e6	-2.5150673275255025e6	-2.544247355678408e6	-2.5884734967591264e6	-2.6597280631173593e6	-2.6818812009060713e6	-2.7336049683920224e6	-2.73149151706487e6
2.821837783860691e6	2.821710466997091e6	2.8216213475405136e6	2.8213315220688023e6	2.821095710628831e6	2.8205372961807083e6	2.8197477619595337e6	2.819403670589228e6	2.818866636977617e6	2.818400050387257e6	2.8178554705025307e6	2.8167070113598634e6	2.8157799665476945e6	2.8148618087398494e6	2.813618877933944e6	2.812569408732527e6	2.810714599939486e6	2.808820967958693e6	2.8078214799006474e6	2.8066567266064202e6	2.805383736178734e6	2.8026384587206673e6	2.8020756967402883e6	2.798728292210627e6	2.796403792944676e6	2.79559481322184e6	2.7942550449457504e6	2.7914310151791354e6	2.786754615383906e6	2.783291128599032e6	2.783651422139333e6	2.7814411781496834e6	2.777984041937423e6	2.775080257856913e6	2.773223920014877e6	2.7685692201532032e6	2.7650135805106927e6	2.7623451787215346e6	2.761925307800496e6	2.755478564891196e6	2.7501291025314424e6	2.7465024637995153e6	2.743019363288711e6	2.741290490559133e6	2.737078327688629e6	2.733359533995685e6	2.723014411482081e6	2.7228264138520784e6	2.717951928237461e6	2.7156481548976805e6	2.7105175121047716e6	2.7013752508434327e6	2.6981453651256086e6	2.694153275793448e6	2.6930519656304615e6	2.683352938807877e6	2.678187722176324e6	2.670800397245747e6	2.6691120924455686e6	2.66680518834546e6	2.6506470889430335e6	2.646677118813582e6	2.648005264100879e6	2.653553700359112e6	2.626545153768304e6	2.626424934547725e6	2.6149328145464202e6	2.612719893472741e6	2.6014321728274887e6	2.5904561393717835e6	2.5870634322355846e6	2.58054485169271e6	2.5706413908936903e6	2.5699382949513122e6	2.561890382078333e6	2.5523429282027427e6	2.5365534200585275e6	2.52059255513386e6	2.5100309520941377e6	2.5055709267591108e6	2.4949279218232995e6	2.4796168557864428e6	2.471525137338051e6	2.4684035538777662e6	2.459930410312663e6	2.455132297476583e6	2.439991997072026e6	2.437110447518244e6	2.4191420914960885e6	2.4130655732188914e6	2.381357883740605e6	2.399176089326898e6	2.366758744506114e6	2.347517434457127e6	2.3236901779284356e6	2.329784410196961e6	2.3110447616943642e6	2.3272151451902194e6	2.3126948111821106e6	2.2756975283677857e6	2.2589516915843557e6	2.243600751875818e6	2.235393997785958e6	2.225212042410177e6	2.2127817102369308e6	2.193054518271509e6	2.170659835409879e6	2.152946878299862e6	2.133885968332226e6	2.1131997139044814e6	2.084990875013031e6	2.0922177179054094e6	2.0536000870192493e6	2.0498189051066805e6	2.0129408385061421e6	2.015594733803932e6	1.9803601415301212e6	1.9605846358488197e6	1.9613231006873567e6	1.937383806449141e6	1.8929663034691722e6	1.8648229246615646e6	1.861636204203428e6	1.8255685794339052e6	1.8151775627704952e6	1.7931635205391203e6	1.779416773201817e6	1.7210121897964822e6	1.7339452405693228e6	1.6898102401564475e6	1.6337591676748306e6	1.6250180482646283e6	1.6034025405373238e6	1.5669380130426108e6	1.5346211470962586e6	1.5095473796331766e6	1.4783331851050267e6	1.4526374978686862e6	1.41618723367449e6	1.370357250183044e6	1.3340916196023857e6	1.2940784109859075e6	1.2607031357675502e6	1.2231492402967813e6	1.1689100222496465e6	1.1412466637413856e6	1.095161279713097e6	1.0491052523134002e6	1.004010661418431e6	954475.3708031862	905547.2666903057	852036.6790045784	798596.5002788003	742223.2169359829	683303.6272547664	621873.4866795798	557890.4716102132	490888.11959787225	420998.65980624687	347957.17116128094	271596.0505059189	191666.17196411267	107692.33004176058	18861.218054527417	-75919.47840822721	-178156.2748738262	-290205.68012238294	-416330.7407591776	-566468.5357057201	-791699.5345260301	-946212.9163148687	-1.032959759636825e6	-1.1151475058809211e6	-1.1940600674287826e6	-1.2698179972278653e6	-1.3440412877716254e6	-1.4146875252211303e6	-1.4849117256185566e6	-1.5515445119751017e6	-1.6228587749888883e6	-1.687449439962288e6	-1.7497197224511174e6	-1.8148158981480268e6	-1.8716944525281615e6	-1.9237557573486664e6	-2.00450876934748e6	-2.0352728197030514e6	-2.1120650606383816e6	-2.1606050097575183e6	-2.2190123305748203e6	-2.2748197910458925e6	-2.3215465883054365e6	-2.360234956639919e6	-2.4370851810251256e6	-2.46985114371232e6	-2.5264955071952217e6	-2.551878734291133e6	-2.618429501263023e6	-2.6643182470217585e6	-2.685864469116771e6	-2.7480570341290026e6
2.855446508167136e6	2.8553649425105713e6	2.855126807250233e6	2.8549018829002e6	2.854602497064789e6	2.854097862503566e6	2.8538355720600826e6	2.8531728348199185e6	2.8521400912022297e6	2.851974689546451e6	2.8516210673129465e6	2.849944319980736e6	2.8495878992228652e6	2.8482954288851754e6	2.847343545431098e6	2.846675289736553e6	2.8447139844712964e6	2.8436342200978724e6	2.841442450490036e6	2.840447261792193e6	2.837512410246508e6	2.837191507331408e6	2.8359423827630775e6	2.8332885040954705e6	2.830563404501195e6	2.827991341427262e6	2.826512344222907e6	2.825831099649748e6	2.82159819969604e6	2.820231199255445e6	2.8172022270708177e6	2.814178631703214e6	2.812857083453201e6	2.8093799124070527e6	2.8059240719573386e6	2.8045611099673556e6	2.80198945243281e6	2.7934408106746487e6	2.793695337602013e6	2.7939178944410835e6	2.788595029028753e6	2.780443940315764e6	2.776249463012764e6	2.776263029927523e6	2.7687299835303277e6	2.7672542087608585e6	2.765260949869622e6	2.7561791030438663e6	2.752261991174325e6	2.748842763389548e6	2.746707773435725e6	2.7404357221598774e6	2.729710100724579e6	2.7254464382683914e6	2.726598978166344e6	2.7189818896847265e6	2.7148263363105035e6	2.703484447566561e6	2.699082628703519e6	2.696536145769466e6	2.6888673049519733e6	2.6768157523948387e6	2.6779140036889357e6	2.671749641013956e6	2.665965014644135e6	2.66083931244042e6	2.6507260027969927e6	2.5966422830409626e6	2.632833751269008e6	2.6302372899618763e6	2.618374630880158e6	2.608755311434928e6	2.607381149633057e6	2.5956620250318022e6	2.586779916494805e6	2.5913652703537815e6	2.5799383915298376e6	2.5625184480774477e6	2.5550163924637577e6	2.5395278728105435e6	2.5270568991831755e6	2.5150285310917012e6	2.504794187652564e6	2.5053893744342993e6	2.4935753288930682e6	2.4912783750795834e6	2.4727707047682414e6	2.470070518768497e6	2.443875264774552e6	2.4317416346062236e6	2.427981949209137e6	2.4159540028862795e6	2.427302856655124e6	2.3906319625266455e6	2.3634185956598604e6	2.3645883794452287e6	2.3661982067678557e6	2.3421126478497535e6	2.3459474060080787e6	2.3069658904562155e6	2.292997321738565e6	2.274710525174147e6	2.2574822154744305e6	2.2709045195940332e6	2.2346969466214133e6	2.2155446126989224e6	2.202168929754302e6	2.187751026098816e6	2.168403513858362e6	2.164412702998655e6	2.130296632513265e6	2.111505680518404e6	2.1019366767664594e6	2.0791053655611938e6	2.056458214760201e6	2.0217526315128235e6	2.0142181394866537e6	2.0147205497094567e6	1.9866900612223533e6	1.9920820402838693e6	1.9390554693185124e6	1.9257898555235765e6	1.9095933232885143e6	1.8783765828500357e6	1.850451010118304e6	1.7941975841860063e6	1.794799217719146e6	1.7808858788781222e6	1.7654292781255785e6	1.7476119327704753e6	1.6748163544080332e6	1.655413925824337e6	1.6416687075796071e6	1.6132676951437881e6	1.5820967030373109e6	1.5443937556460819e6	1.5191549955123144e6	1.5164602419897022e6	1.4601349514429572e6	1.4068104981877366e6	1.3831124351092298e6	1.3520256290138518e6	1.3059740579404153e6	1.274158396728335e6	1.2395873507884499e6	1.188947380254806e6	1.1504098483924214e6	1.1028641021574256e6	1.0589094801187196e6	1.0106699975932837e6	962893.5616503595	913136.405532938	859934.175716076	805355.2452182502	748210.1512735831	684104.5121989415	627118.8808502683	562375.9418802953	494866.7270619408	424381.48702828726	350723.55039178487	273713.12941941293	193098.34219293483	108395.52089791838	18779.940848127007	-76857.4972763611	-180051.88507281663	-293214.1692486084	-420733.89370117476	-572980.5813013129	-807657.2530680452	-951859.032284712	-1.0391064805441671e6	-1.1217751708646542e6	-1.2012763551652902e6	-1.2783255688255639e6	-1.3517074393052696e6	-1.424328196713156e6	-1.4952252554165716e6	-1.5626471732095755e6	-1.631440472625676e6	-1.6953039912040015e6	-1.7643154975297828e6	-1.8157896253778138e6	-1.8806280997233824e6	-1.9208748158823135e6	-2.0087187750426629e6	-2.0652243314776453e6	-2.1250521279983823e6	-2.1850540699373535e6	-2.2268663088450967e6	-2.279176474462732e6	-2.33157957205323e6	-2.389214223690715e6	-2.443657269472861e6	-2.4784018338419306e6	-2.5329906682593566e6	-2.5918799894549293e6	-2.6372860884933737e6	-2.6812677764913584e6	-2.6885468623468517e6
2.8892505521326913e6	2.8891953174551222e6	2.8889707290302194e6	2.8888859005838386e6	2.8881108642993327e6	2.8878447174251215e6	2.887576902022932e6	2.8868040652475255e6	2.8861250456045135e6	2.885781167265432e6	2.8850215474818465e6	2.8834636264418336e6	2.883087628849437e6	2.8829754705813034e6	2.8815246460695756e6	2.880138184229228e6	2.8791843499883446e6	2.8778271501540164e6	2.872851465266152e6	2.8742845772342402e6	2.8719871702822666e6	2.8696866733979275e6	2.8687855237147906e6	2.868207279195653e6	2.8661111524239033e6	2.861576766604078e6	2.8614177850280865e6	2.857902521880938e6	2.855799732996323e6	2.853540351055332e6	2.8496873084154124e6	2.849153810124855e6	2.8457292178658037e6	2.8423048651910173e6	2.8406944600522914e6	2.8378782175376215e6	2.8346656857179254e6	2.8316931690013553e6	2.829685473457318e6	2.825970039089675e6	2.81889798884765e6	2.8169111970145134e6	2.8115570634517767e6	2.808686577297965e6	2.800253406149119e6	2.8006057407808267e6	2.7925122750637936e6	2.791739590064321e6	2.7848743539881855e6	2.788770327518462e6	2.7774971893283357e6	2.7749402164633377e6	2.766338664908386e6	2.7599060520241e6	2.7569241483338373e6	2.7518358391113346e6	2.74820739991061e6	2.740389116119659e6	2.7329258735437905e6	2.727559011212373e6	2.7244330300325574e6	2.7239419945172286e6	2.6411166388616483e6	2.708025114500584e6	2.7083089003739497e6	2.695724997495106e6	2.686497825240897e6	2.678045561259643e6	2.6716979096283047e6	2.640989888146022e6	2.6545696768381195e6	2.654793543216884e6	2.6297149896512106e6	2.639600379498623e6	2.622409402421336e6	2.618270647288155e6	2.6053899854088523e6	2.600683977762337e6	2.580619103656545e6	2.576086473776274e6	2.5677412383737667e6	2.560149926464299e6	2.5491219473221954e6	2.532070060439838e6	2.5096597826535488e6	2.525517123273777e6	2.515850108634512e6	2.501999004370236e6	2.480156360969308e6	2.4702460233400483e6	2.459340088442599e6	2.451216149350565e6	2.4255789259006074e6	2.447818756071017e6	2.41091508670225e6	2.4070532089661444e6	2.3884009760315064e6	2.377055133027173e6	2.36618488451616e6	2.344662936018735e6	2.3361705734996656e6	2.3079678674437366e6	2.3196349407350877e6	2.3011868352817884e6	2.2765009438311495e6	2.263606383458195e6	2.260448493645218e6	2.246425400594497e6	2.202674150530454e6	2.211943964046656e6	2.174720920567979e6	2.1860785969389468e6	2.1362966095585404e6	2.1154185547768204e6	2.102635585793518e6	2.0710482206503614e6	2.0637294498174917e6	2.0478588690501465e6	2.0424188351264875e6	2.001504052139931e6	1.9882960513156862e6	1.9671027267518481e6	1.948206700955166e6	1.9087910861350945e6	1.8871923546155812e6	1.87501324016661e6	1.8442253463367086e6	1.8198435539616933e6	1.8140259427064173e6	1.7489400173961408e6	1.7446652434937349e6	1.7037798050923515e6	1.6861271168680124e6	1.6519575025039949e6	1.6224260527298704e6	1.5973262251640784e6	1.5731321019050716e6	1.5478622332739295e6	1.503619152952686e6	1.4665510449017943e6	1.4170458465423123e6	1.4040408879029555e6	1.3631309410530953e6	1.3209782745794863e6	1.2784412156067e6	1.2474582098537537e6	1.1984083899909663e6	1.1576662513317275e6	1.1087593689404258e6	1.067830569755916e6	1.0212764338416806e6	971740.4790651866	919972.0917479964	867195.7275544682	812000.6791244734	749639.1856149107	694438.6858280888	632245.0832051244	566909.4519779878	498858.59374941606	427778.54024631437	353496.49830690725	275835.2202508538	194533.97296328144	109100.46481236164	18698.460258367937	-77798.14147765748	-181953.40610800916	-296233.8162593297	-425159.13053787313	-579553.4608974108	-825161.9197408911	-957503.4870025432	-1.0452625414239052e6	-1.1285945961260032e6	-1.2086280853373017e6	-1.2857260771531337e6	-1.3604829671559809e6	-1.4333693150818069e6	-1.5056136779266628e6	-1.5711085495410399e6	-1.6400639882836775e6	-1.7034131349371192e6	-1.7727138061477388e6	-1.8346852312820689e6	-1.8966666395708336e6	-1.9524206638421924e6	-2.0291863728950308e6	-2.0569205963106207e6	-2.1410212989233094e6	-2.1917157180119925e6	-2.2547253757800306e6	-2.2842954994439413e6	-2.3609688625181406e6	-2.413803815868377e6	-2.4551125248031137e6	-2.4960421449227673e6	-2.5685577355141095e6	-2.6049225371311405e6	-2.632580820511726e6	-2.671931361417134e6
2.9232504123236774e6	2.9231878574499977e6	2.9230915876437486e6	2.92282869181462e6	2.922650323733248e6	2.921976426627921e6	2.9217510105337845e6	2.92089819963345e6	2.920348378367842e6	2.9195676962706684e6	2.919003763048699e6	2.918614997835408e6	2.9165907026989376e6	2.9159133541833167e6	2.9154837775402702e6	2.9130305879672933e6	2.91335726622329e6	2.911898480819416e6	2.90946270688648e6	2.9076762894912106e6	2.9059819882300184e6	2.904536992675887e6	2.9037436792748673e6	2.9016634441964026e6	2.895767237794194e6	2.8968903755107503e6	2.894957450667537e6	2.891037985928279e6	2.889575230897234e6	2.888747553974047e6	2.881952510611103e6	2.881589308364393e6	2.8815512876994777e6	2.875594974804853e6	2.875877979230023e6	2.87215196629447e6	2.868615012289729e6	2.8660868308807197e6	2.8653173892705366e6	2.8602355524789747e6	2.856719992748309e6	2.850100066300912e6	2.849160145691857e6	2.842377032544788e6	2.8390449775782293e6	2.8303527017318346e6	2.8357711956061907e6	2.8250825019606617e6	2.820405297425941e6	2.815860582990671e6	2.8123868206510697e6	2.808222650990517e6	2.800707965891302e6	2.7989497943560416e6	2.792353361877288e6	2.789355521696375e6	2.7887749177145693e6	2.7770503856579126e6	2.7678188705002833e6	2.766161034156205e6	2.7535933280697726e6	2.752143466503119e6	2.7489066601801286e6	2.7395763702229895e6	2.7382173653760776e6	2.72916827336238e6	2.7197246079256055e6	2.7106727143427925e6	2.7014968353981986e6	2.6900584782511317e6	2.6725656032492467e6	2.6816392096660137e6	2.670521664886295e6	2.6615595403313884e6	2.6634361478697243e6	2.654125466925052e6	2.630826038106501e6	2.6374574711658615e6	2.644898563240283e6	2.6094111168449777e6	2.603670680858886e6	2.5914065521687735e6	2.5816869153188667e6	2.5698914900730494e6	2.5586930124360556e6	2.550202533906067e6	2.5507117054332783e6	2.5344355625280906e6	2.524038106878232e6	2.5189029019372975e6	2.4992738734891852e6	2.4956422547669755e6	2.469054497869265e6	2.4404284079520786e6	2.4692124525360093e6	2.4395195184433004e6	2.4398328053698004e6	2.3992720089724786e6	2.3922624249911685e6	2.3781918534861202e6	2.370551194928076e6	2.349710715599726e6	2.3347472801891807e6	2.337321913840674e6	2.30936563363605e6	2.299425307001643e6	2.25601899527431e6	2.2771785995702036e6	2.2454350904004104e6	2.2085636531993644e6	2.2101076917433147e6	2.1951095464179176e6	2.18045501313725e6	2.1561752460391773e6	2.129261841205913e6	2.1184460931174885e6	2.0984757959285625e6	2.0804811178749665e6	2.0812283736804072e6	2.0418016888565726e6	2.011519043041667e6	1.99787927758348e6	1.9763474663398056e6	1.950015073562237e6	1.9025595996869653e6	1.9021545802822253e6	1.8892649862562185e6	1.8697155104881572e6	1.8726722447054526e6	1.8335806309661628e6	1.7747661998720928e6	1.746162429287802e6	1.7629055447430024e6	1.696209194372877e6	1.666636635920257e6	1.6635694048232008e6	1.6134317667011195e6	1.575602586672119e6	1.5637655231149758e6	1.5078316366986234e6	1.4747680332609934e6	1.4504615785657796e6	1.4109885830744824e6	1.3831565982651173e6	1.3291960288975583e6	1.3011914942381908e6	1.2535891311847186e6	1.2092822424638872e6	1.1697231978296817e6	1.1231620166405858e6	1.0779203882536506e6	1.0269744583259488e6	979651.611216316	927753.3006128736	874002.3629969503	813875.3568064079	760579.3578137676	700090.5729259842	637334.5077373164	571480.2150803297	502865.198992176	431170.58330128295	356275.7581106266	277962.28235336253	195973.0372164226	109807.14785021963	18616.768695950042	-78741.39748453489	-183860.81715626596	-299264.61740979226	-429606.60883070575	-586189.0862001972	-843147.3959604683	-963147.6914898339	-1.05143147148802e6	-1.135167825853705e6	-1.2155625761789577e6	-1.2929304554459671e6	-1.3698583994755782e6	-1.4425111240267353e6	-1.5107339907201887e6	-1.5812961059208387e6	-1.6494827216811464e6	-1.7165302231245902e6	-1.7874515980155817e6	-1.8453386917289696e6	-1.9114948470723093e6	-1.9785829924262096e6	-2.0269374501531632e6	-2.0851825196080296e6	-2.1417501616293476e6	-2.2126831402408103e6	-2.2637787270659604e6	-2.302348431167939e6	-2.372173430563253e6	-2.4243887506318684e6	-2.464809770040924e6	-2.531326842378408e6	-2.5683496831963942e6	-2.607648852554046e6	-2.641866739175501e6
2.9574414194085477e6	2.9573157420898294e6	2.9571986577582723e6	2.9570811298216223e6	2.956626345347728e6	2.9562597638548072e6	2.955759917076328e6	2.955282917820121e6	2.9548873089854745e6	2.953933763350854e6	2.953048062625446e6	2.9526620457580253e6	2.951687317121013e6	2.950569845168643e6	2.9493914575913358e6	2.94856945413718e6	2.9469501311393487e6	2.945550007540366e6	2.9441555370243248e6	2.9421904220007146e6	2.94030125349769e6	2.938825528775267e6	2.937123263093837e6	2.935403617424287e6	2.933039851476155e6	2.9325202085933527e6	2.929250437303069e6	2.926040490227506e6	2.924237143289703e6	2.9194783523895307e6	2.9197119546085875e6	2.9161604079958647e6	2.9145513992666425e6	2.9119081170501304e6	2.9099204028118746e6	2.907172187121649e6	2.896351876291375e6	2.900793157178067e6	2.8930250287460987e6	2.8931882485628645e6	2.8925663292844826e6	2.8861435851498432e6	2.8835306551227365e6	2.8762825617470755e6	2.8715458979149614e6	2.870468097344216e6	2.8691163596987287e6	2.861698335825814e6	2.856978208381553e6	2.8557503685300555e6	2.84985446065855e6	2.8421691564550195e6	2.8377877694484848e6	2.8357836523818467e6	2.8269132152614133e6	2.8196268855361026e6	2.813792495513668e6	2.812518864249557e6	2.807291037280477e6	2.800692344085116e6	2.792222467825361e6	2.7836784918839457e6	2.7782547908722977e6	2.782207472565895e6	2.768875405595529e6	2.7450974090413614e6	2.755138905384618e6	2.747093813397185e6	2.743226478466183e6	2.7298907105175513e6	2.7171222241909956e6	2.716309388687078e6	2.7114474276101887e6	2.701608889855309e6	2.688737624976551e6	2.6906742154446975e6	2.680156835495342e6	2.670403150734853e6	2.68333634207932e6	2.6502281285189553e6	2.640489141932638e6	2.6313960813309727e6	2.620626470308885e6	2.6119377959446325e6	2.5979529576976234e6	2.5879963378247134e6	2.578840590460281e6	2.573807742947383e6	2.559116298639091e6	2.5393204750214214e6	2.5360945906866603e6	2.5185755355000556e6	2.517223250083583e6	2.501817837609317e6	2.4722383335107816e6	2.503211253179035e6	2.4607292159767505e6	2.4576210769856037e6	2.435470308521159e6	2.432808030072614e6	2.413521578478445e6	2.392964642793015e6	2.3752647862338196e6	2.3557608065095716e6	2.3462812148636924e6	2.3377011633260916e6	2.311895631272026e6	2.2968892672801744e6	2.289183694947162e6	2.2726443258263534e6	2.228969998343071e6	2.2450530958212703e6	2.2095756110762954e6	2.193368290151002e6	2.180875469079921e6	2.1545155094818017e6	2.1461986665419093e6	2.134856977096009e6	2.078434946825417e6	2.0688652947851212e6	2.0558537116718814e6	2.0333553373156558e6	1.9965124206240126e6	2.014596904068702e6	1.9772770518438253e6	1.944149001337769e6	1.9236572088908833e6	1.901462253019871e6	1.88426987150568e6	1.8629728729991624e6	1.829164078356079e6	1.7685620577359167e6	1.7777337644606824e6	1.7383847419004042e6	1.7155062988327986e6	1.6963069012570742e6	1.6798462953461444e6	1.621413721417039e6	1.6025894901631982e6	1.5934453339659702e6	1.517600545722841e6	1.501566921269155e6	1.4556556914933105e6	1.410997593716137e6	1.388778093752411e6	1.3485752143647978e6	1.3052951960681328e6	1.2691081115796415e6	1.2182615880092825e6	1.1775024639186014e6	1.1324644015803537e6	1.0871269505032531e6	1.0369911112422408e6	987900.0303797929	935327.3885850892	882114.2553641675	825339.2255241715	766620.5136256346	705797.8883423074	642321.9129490894	576069.0275165322	506861.2824384407	434578.8208249733	359061.3360130959	280094.28231015895	197415.51869221777	110515.55940925376	18534.868400983512	-79687.25176993338	-185774.0972562409	-302306.5691559529	-434076.4919595183	-592889.5131244897	-857778.4479522239	-968791.6435032054	-1.0576063036461645e6	-1.1419652483290597e6	-1.223024588290792e6	-1.3013886053046798e6	-1.3768413208291982e6	-1.4501205507932035e6	-1.520671584096843e6	-1.593916458388696e6	-1.6618019187356415e6	-1.7284993222895195e6	-1.7990309293988408e6	-1.8572979684115876e6	-1.9203167490511253e6	-1.9774317109641205e6	-2.044773238628211e6	-2.1217769387379833e6	-2.1748200679104985e6	-2.2181746786074196e6	-2.267233463991255e6	-2.3151772181306356e6	-2.380049184885436e6	-2.4466805815308033e6	-2.4994266866460224e6	-2.540984557127383e6	-2.5861992450572136e6	-2.6197771080244486e6
2.991827895664299e6	2.9917092857592087e6	2.991540685030591e6	2.991437148085198e6	2.991042404538268e6	2.9907191228709607e6	2.990175185267748e6	2.9898129217390236e6	2.988928829739468e6	2.988020522997325e6	2.9871474589862083e6	2.9863548094936027e6	2.9862137202315005e6	2.984431021059385e6	2.983134763953379e6	2.9828455611756174e6	2.9804499956895504e6	2.98016552074829e6	2.9787077748138867e6	2.977055320824174e6	2.9747554767959584e6	2.975064925816536e6	2.9717002712600767e6	2.9701368953847503e6	2.969482716774245e6	2.966073365898017e6	2.9631369140119036e6	2.961515245622166e6	2.9590866041437527e6	2.956619565417799e6	2.9538492240088796e6	2.951621554838058e6	2.948876627114536e6	2.945866132021459e6	2.938613355384143e6	2.9404709901339635e6	2.9370342261202447e6	2.935959094393802e6	2.9327005322663146e6	2.926924101964666e6	2.923038477755472e6	2.91827717710472e6	2.9180211785268984e6	2.913955394273704e6	2.9078608220326165e6	2.904685386671139e6	2.899106138338454e6	2.8984884280811306e6	2.8890081352844485e6	2.887031325983768e6	2.881203063343548e6	2.8751335246499204e6	2.874806688719364e6	2.8718351828990546e6	2.86086855862596e6	2.854064085391053e6	2.851697289720038e6	2.841130777554701e6	2.842645330513872e6	2.8292090510057015e6	2.829439374799538e6	2.8247270049069193e6	2.8122563551948788e6	2.8086556052170433e6	2.8085846461351817e6	2.7963628284080816e6	2.795092121263017e6	2.793651106296799e6	2.7769863015864543e6	2.7694982950626756e6	2.7659141316946554e6	2.757957398947749e6	2.7419951231878027e6	2.7353756769679417e6	2.7246190936564784e6	2.7227725415218533e6	2.7140765246005096e6	2.7060349396213433e6	2.702337464653914e6	2.698912867644062e6	2.684783415437133e6	2.666894290212847e6	2.6483377624004735e6	2.643407425396396e6	2.635780869570418e6	2.6272400060182614e6	2.617462703872041e6	2.606243135652414e6	2.596275499828578e6	2.5835594535210077e6	2.5673940213420806e6	2.5664510595710017e6	2.546589864894886e6	2.5506058481869665e6	2.52602899075358e6	2.5183736799428943e6	2.5218227956909295e6	2.5004214874894447e6	2.4707835637491997e6	2.475362220958297e6	2.456082155726809e6	2.421490096089132e6	2.4175891016553547e6	2.405023169493047e6	2.376119868408149e6	2.3798994055740116e6	2.3574163866224047e6	2.337646959360786e6	2.3022377882843954e6	2.324106536979487e6	2.291789648406928e6	2.256947910389346e6	2.2515838142526443e6	2.229491645782396e6	2.22035552190499e6	2.195897542730062e6	2.175998938719492e6	2.1776464969436047e6	2.1308408778489362e6	2.118571912859416e6	2.1030336271300446e6	2.0756430250365892e6	2.0280127742090384e6	2.0392853897064645e6	2.050684184578951e6	1.9883753217535433e6	1.9520882114556762e6	1.941231214839161e6	1.9247978898800102e6	1.9074899494572566e6	1.8580431238875892e6	1.8486046207959517e6	1.8065954477187418e6	1.7854966138672372e6	1.7569168030887172e6	1.7517460485922433e6	1.7151236246339176e6	1.672061034780338e6	1.6400428512568427e6	1.5982309524628532e6	1.6017083279894497e6	1.542576726386934e6	1.5034678092183727e6	1.474043189571484e6	1.43494718950084e6	1.3959488629392122e6	1.3631159781496895e6	1.3189010579782177e6	1.2744994405074518e6	1.2330046900130855e6	1.1878671832722307e6	1.1407461296648062e6	1.09539509086429e6	1.0475355356667188e6	995509.659594201	942712.6834338477	888618.1899976442	832174.0500965847	773031.7392246192	711438.8584403116	647508.2005740344	580656.1657863427	510877.18562723324	438001.9224523925	361853.2421886497	282231.19172669016	198861.3910055249	111225.69092786871	18452.76027147798	-80635.69117887318	-187693.22291826317	-305359.6656174273	-438568.9496968505	-599656.9536962579	-868112.6529310853	-974437.422435204	-1.0637666482620481e6	-1.1489127861569826e6	-1.230559097413037e6	-1.309117034988272e6	-1.3845890930767967e6	-1.4596873170999442e6	-1.532719247173794e6	-1.6091042108951216e6	-1.6741590757935601e6	-1.738792791038428e6	-1.8056292361000706e6	-1.8693220818475424e6	-1.9384149471706632e6	-1.9980488930110936e6	-2.059218093433943e6	-2.1197172040318153e6	-2.140245117298355e6	-2.234255214225191e6	-2.279592652744834e6	-2.3328752276041876e6	-2.3912125442394563e6	-2.4646792088045073e6	-2.544835070555853e6	-2.54834316803282e6	-2.602280642528919e6
3.0264086098164315e6	3.026294080688066e6	3.026146040579752e6	3.0258526745035658e6	3.02574769038569e6	3.025355631886626e6	3.0247289588262355e6	3.024189472241965e6	3.023610500819196e6	3.0227830361117446e6	3.022010034757508e6	3.0211726612384156e6	3.020553357260242e6	3.0200315375801967e6	3.0184340059534335e6	3.0167521216234737e6	3.015712738627294e6	3.012444316677756e6	3.0131224526753416e6	3.0110393466509823e6	3.010301966179684e6	3.009380701692199e6	3.0069128888371787e6	3.004544775119088e6	3.001982948780611e6	3.0009485897992337e6	3.000576603893736e6	2.996851340424975e6	2.994169635156773e6	2.9903299440082354e6	2.9871353532819175e6	2.9858386040364616e6	2.9842577185957646e6	2.978429115013133e6	2.9774480128809456e6	2.9740508376349024e6	2.971556650781624e6	2.969901708246593e6	2.9656118857035367e6	2.9615033212739103e6	2.9583253544873027e6	2.9566327023941814e6	2.9517804527275674e6	2.9489712134526274e6	2.9493962538197045e6	2.939357452401699e6	2.9359649734721105e6	2.9310082318968764e6	2.9286915474532386e6	2.9216322142638317e6	2.9166612390087172e6	2.911523582801334e6	2.907403197654779e6	2.905486540959455e6	2.899003074242896e6	2.886779623017747e6	2.887349898832873e6	2.8803765440684804e6	2.874397836844447e6	2.870607515971886e6	2.8649530385572948e6	2.858368554818759e6	2.8513571986334226e6	2.847560012391286e6	2.852999507357705e6	2.830296389950888e6	2.795440981802163e6	2.8220559070400125e6	2.809046916365515e6	2.8005944969762685e6	2.799436865152686e6	2.7900252669227575e6	2.775408791798426e6	2.7693562094552526e6	2.7659400498651285e6	2.760866778863323e6	2.7522106794855106e6	2.738425027558811e6	2.7350546808720618e6	2.7209879473719914e6	2.7226732951609744e6	2.702792509933544e6	2.6884723594716857e6	2.6813164379926883e6	2.68451380697346e6	2.65823820215853e6	2.650696944699111e6	2.632931107879461e6	2.632203680478925e6	2.6252810669821976e6	2.6014557157416753e6	2.594782565936853e6	2.586283844688579e6	2.576095301076471e6	2.557736688970668e6	2.5543012162622935e6	2.5412299392868844e6	2.545746517005465e6	2.513159613355081e6	2.5094679986499147e6	2.493621601881045e6	2.466204098618023e6	2.435819598062108e6	2.4264936053626286e6	2.427723645126215e6	2.4068865738294763e6	2.4081978732539327e6	2.37941034059115e6	2.3602235460296157e6	2.3501934500292917e6	2.338228157753762e6	2.3104058751883106e6	2.2578917690468384e6	2.270692590740147e6	2.2450117439629054e6	2.228332669356181e6	2.213533395407616e6	2.199198452318634e6	2.18243176294957e6	2.1483446582326177e6	2.132918131975084e6	2.0743179247814214e6	2.107803286007407e6	2.0580624388542636e6	2.0530514159643038e6	2.0589921175084761e6	1.9990910479651531e6	1.9939379435972646e6	1.947106137512449e6	1.9486870814980464e6	1.9056612869750715e6	1.8954596274601982e6	1.8662883527975348e6	1.8431303725290925e6	1.7916650382091869e6	1.7838572893424453e6	1.755270343117048e6	1.7247973533921442e6	1.6869539154504577e6	1.666660871477915e6	1.6255666033310317e6	1.587653025894452e6	1.5518252453248291e6	1.5277670674128179e6	1.4749543676336352e6	1.4457851338857692e6	1.408809220433387e6	1.3700131950918739e6	1.332798944247824e6	1.2863244067086587e6	1.240349119309682e6	1.2021658638131374e6	1.151911505640301e6	1.1013322697024946e6	1.0570068130249975e6	1.0044299898200417e6	950872.2778165545	893723.4973375464	838460.244539306	779111.2990703396	717287.718046525	652671.3448501811	585257.5543776494	514893.68717713	441425.37648366997	364651.4096769043	284372.9651818252	200310.63866511267	111937.52836377872	18370.445406439714	-81586.70275909593	-189618.18342453334	-308423.9191601509	-443084.1597139356	-606493.7950340081	-876153.4363894886	-980093.784760958	-1.0700075319809546e6	-1.155229094437207e6	-1.2372402417180692e6	-1.3167600258576954e6	-1.3936122081011566e6	-1.4697815376527677e6	-1.5399641458884734e6	-1.6149408533396437e6	-1.6816844951520958e6	-1.7508244562109062e6	-1.8176743040565043e6	-1.8880097648062552e6	-1.9510445343263424e6	-2.0134466004672428e6	-2.070562157936201e6	-2.1378058351306287e6	-2.1816300296752634e6	-2.246574923432997e6	-2.294271424384436e6	-2.360895719640752e6	-2.4121403582515256e6	-2.4670696792355157e6	-2.5325055110656214e6	-2.5739195561216087e6
3.0611840065480103e6	3.061125760052765e6	3.060931090320365e6	3.060680948935689e6	3.0604142507458115e6	3.059973477673664e6	3.059680706370377e6	3.0593497620664244e6	3.058358435701142e6	3.0577388633955945e6	3.056203933188466e6	3.0561611558035035e6	3.0547884388267323e6	3.0540385361148966e6	3.0528937716373876e6	3.052264159643131e6	3.0506908464237484e6	3.0491636813513106e6	3.0507261863791975e6	3.0456413077651598e6	3.044515203740534e6	3.0439674470077623e6	3.040851192160017e6	3.0393219805577393e6	3.037608316902364e6	3.0350436943554375e6	3.0332362863802575e6	3.0327071715483526e6	3.0297219125900078e6	3.023883670590963e6	3.024488409913771e6	3.0208200640078816e6	3.0175467031454667e6	3.01588216849656e6	3.010430967388792e6	3.007783200406671e6	3.0052363833914786e6	3.0042507453757552e6	3.0013029682143554e6	2.997693907753406e6	2.9940819553419463e6	2.988039324832477e6	2.9868136499412023e6	2.9820418352499586e6	2.9815044347204585e6	2.978723487784352e6	2.96856977143267e6	2.9660373922820054e6	2.961340866908113e6	2.9576185045219017e6	2.9531566273343908e6	2.9490972165936325e6	2.944080627003377e6	2.937470484039219e6	2.935121478681291e6	2.9303018024604865e6	2.923958722392034e6	2.915933027721325e6	2.9098533096850566e6	2.89878575965758e6	2.904197542374367e6	2.896283758200201e6	2.884436913893587e6	2.877476203365992e6	2.8729421811947627e6	2.8655249939262504e6	2.863151095919881e6	2.858985369242453e6	2.8435915647174884e6	2.8368325078290757e6	2.840157917675204e6	2.8301024904866936e6	2.811459564108316e6	2.8056055953504164e6	2.800994801407577e6	2.7931609116351157e6	2.780468872354712e6	2.7847040126008606e6	2.768578165171844e6	2.7614858989649876e6	2.746317081686474e6	2.743279392775256e6	2.727809959822834e6	2.7139431472352026e6	2.701752132492574e6	2.706374521159554e6	2.687502358001016e6	2.685317878551284e6	2.6643989891064703e6	2.6591885884426623e6	2.6518728746820646e6	2.6283648037793003e6	2.6315973251986587e6	2.613106366798623e6	2.592320666895887e6	2.585104047838695e6	2.5731530118538397e6	2.5535806180106252e6	2.5516258953984547e6	2.5506156459955224e6	2.5192220363476304e6	2.4973841905803354e6	2.485882950640493e6	2.475723132345328e6	2.4648853893868276e6	2.4448492719756095e6	2.422926131682208e6	2.4444403721431843e6	2.3993661602500123e6	2.399612813460291e6	2.3647000790829794e6	2.368754296497755e6	2.335253310558115e6	2.2956281775837527e6	2.2949858323007524e6	2.2849423911624528e6	2.254891041994352e6	2.245625367974394e6	2.22425594099518e6	2.2022797361136097e6	2.174507510560464e6	2.1330828450776404e6	2.1094395976989456e6	2.1030015137693314e6	2.0764896436618306e6	2.0667828617523124e6	2.0688684513499201e6	2.0299732484773484e6	2.0051680092060342e6	1.979126447687054e6	1.949472949152637e6	1.9282385103754683e6	1.9106609050453205e6	1.8682508645798326e6	1.8456037821732033e6	1.8227102340491726e6	1.7901009889904768e6	1.7579747117167744e6	1.7299472121224669e6	1.7147729344516462e6	1.6627510285061568e6	1.627192896896677e6	1.596511770492842e6	1.571917910526744e6	1.5322891246685144e6	1.4936894134911424e6	1.4555251976263807e6	1.4107710193467913e6	1.3877840630577053e6	1.3393452076999038e6	1.294970250165727e6	1.2548401012389008e6	1.20471247582738e6	1.1592162459341385e6	1.1126123749981066e6	1.062127633116552e6	1.0130046777885682e6	958827.7023902135	902974.0611343472	845377.1661553173	784425.8472726536	723000.8511820748	657757.3963442892	589889.1771052638	518928.1338249743	444857.11345578637	367455.7784266155	286519.58054606616	201763.2266948959	112651.06175819412	18287.92502532387	-82540.27331397636	-191548.9491232657	-311499.3146933364	-447622.30546783935	-613402.6219803663	-883094.2723655826	-985733.9106984101	-1.076097571959713e6	-1.1622506414854187e6	-1.2448318166896198e6	-1.3245875104983603e6	-1.4033363516421807e6	-1.47695525803249e6	-1.5510914756933604e6	-1.6215869002686902e6	-1.688099607754473e6	-1.7586813583002794e6	-1.830958342301602e6	-1.8870037663820037e6	-1.951513101062682e6	-2.0175050398500287e6	-2.084675863890924e6	-2.145539052373162e6	-2.2018133573751603e6	-2.2591436078256466e6	-2.310973662704917e6	-2.3857977144222357e6	-2.423342671874453e6	-2.4844759599711527e6	-2.551096809358205e6
3.0961546420500935e6	3.095992503865078e6	3.0959646073803417e6	3.095656778276796e6	3.095143559845899e6	3.094883116577795e6	3.094557784160227e6	3.0939541681152117e6	3.0935884849904594e6	3.092978031484218e6	3.0924947352204816e6	3.090924117772754e6	3.0898364716847884e6	3.089325419508032e6	3.0881278911507977e6	3.08617428451487e6	3.0856026726340973e6	3.0848937822728725e6	3.0823685892006066e6	3.0813862781838477e6	3.079484937828212e6	3.077890054421001e6	3.076270308824521e6	3.0744685724883387e6	3.07193611951363e6	3.069715327458795e6	3.06786435029669e6	3.068477235312545e6	3.062113559093649e6	3.0619174587410064e6	3.06052418214668e6	3.0568429683228736e6	3.0521948421285423e6	3.047500352073366e6	3.046810061268398e6	3.045133270385052e6	3.042408528019315e6	3.039057133996498e6	3.0338904529444356e6	3.033160358323948e6	3.029224081686228e6	3.0256704627075717e6	3.0224725519333975e6	3.0235890091441176e6	3.017779402516557e6	3.0171611141924793e6	3.0060244454009724e6	3.001353756734361e6	3.000324243246754e6	2.9925748191751973e6	2.986487396383605e6	2.983212784362855e6	2.976607487382123e6	2.9732715682210284e6	2.966957645818169e6	2.9670793068302833e6	2.9619581015368644e6	2.9618436184504544e6	2.9506325182070327e6	2.935686895461103e6	2.9396768903840985e6	2.9332472623003414e6	2.925602194837273e6	2.9171108885292066e6	2.9087331750403317e6	2.8960999372517234e6	2.8937543903808617e6	2.892942324771475e6	2.8663620740421354e6	2.8811751391118616e6	2.870187809803179e6	2.8608554502490177e6	2.8797534565397114e6	2.8370442060237206e6	2.844565834013014e6	2.8423399018683624e6	2.8230702661228203e6	2.8127986531307236e6	2.81058709727217e6	2.7942176118569826e6	2.784418675448316e6	2.7697876330176885e6	2.774438397536737e6	2.7658420227700667e6	2.7393039288250743e6	2.737332839050169e6	2.730553823507744e6	2.7220203552799867e6	2.6989531118413545e6	2.6960952367549897e6	2.686402278954739e6	2.682133371629487e6	2.6619384850450177e6	2.6636410216672034e6	2.634523272178245e6	2.62644907687591e6	2.608706859295011e6	2.5917640270414306e6	2.596804809294854e6	2.585512416084755e6	2.559267838268187e6	2.547076008246579e6	2.5260450724052945e6	2.509945222919022e6	2.496742349730537e6	2.473501758637827e6	2.474077618439975e6	2.466427662264922e6	2.4556217385390294e6	2.430268873783799e6	2.4045341774947774e6	2.387643238698661e6	2.373260696723413e6	2.3470853244856168e6	2.310786669651266e6	2.335850613202907e6	2.2879846202692017e6	2.2566476677973163e6	2.2583981772519583e6	2.2474374480884965e6	2.2166518479487062e6	2.1953330216159597e6	2.1697423717053984e6	2.091355256980651e6	2.135609998304541e6	2.1051993759122896e6	2.107573723541407e6	2.0880684856402217e6	2.0587801568414487e6	2.009467876151654e6	1.9814492664923146e6	1.9755640105859453e6	1.9423237457491397e6	1.9185806622610008e6	1.8801115643517952e6	1.8660039256918333e6	1.834127017699115e6	1.8023452091646409e6	1.766209835952643e6	1.74785071295868e6	1.7217599043801958e6	1.674681361551861e6	1.6656463073298635e6	1.601173113202096e6	1.5705781344658395e6	1.5454401053570667e6	1.518305002653372e6	1.474305531593201e6	1.4223901336072194e6	1.3941225468706074e6	1.3530796084063668e6	1.3167794034431642e6	1.265817357068635e6	1.2182438849066258e6	1.1743931696444866e6	1.1204544894425827e6	1.0703481993238418e6	1.0206434789734297e6	967439.2117675184	910071.2669995679	851077.7813645948	791856.8524166518	728781.5263799108	662953.3828695132	594575.6905061351	522975.33622766426	448285.13722354034	370266.41665598704	288671.0003905087	203219.13789762883	113366.2806057143	18205.20040833857	-83496.38985673292	-193485.50100692315	-314585.8584569348	-452183.5837446386	-620386.2166785668	-889449.3205859303	-991384.0997033389	-1.0824365617913906e6	-1.1690863397469148e6	-1.252621253106107e6	-1.3324698876501624e6	-1.4111916060991134e6	-1.4857450637962879e6	-1.5587851814144892e6	-1.6336423025930733e6	-1.7015450629019602e6	-1.7703041097972677e6	-1.8440482269826303e6	-1.900882840921109e6	-1.9656127241975083e6	-2.0412575993780107e6	-2.1024616858385024e6	-2.1527408482033084e6	-2.2023516255785585e6	-2.2771800417545694e6	-2.3292099019270106e6	-2.374199923147134e6	-2.4616147389377304e6	-2.524349392689452e6
3.131319256923713e6	3.131306593537957e6	3.130993427887038e6	3.1309116267880504e6	3.130516308437006e6	3.130097864771421e6	3.1298530423556124e6	3.1292071215977776e6	3.1286496437402098e6	3.1283117931402586e6	3.1271257106098128e6	3.125380012517131e6	3.1253488841987113e6	3.124211804060886e6	3.1230996974106207e6	3.122313072248445e6	3.1203802205303153e6	3.1190162004010957e6	3.117279688978007e6	3.1164055981224426e6	3.115500252899583e6	3.1134367693816996e6	3.110758237742792e6	3.1093717863695817e6	3.1070708563774414e6	3.1051776464062836e6	3.1033822380886776e6	3.1012450781762297e6	3.097890084255554e6	3.0980418092013863e6	3.0944768741134065e6	3.091977843603801e6	3.087919405360249e6	3.085667555433585e6	3.080367521911919e6	3.0818955105338804e6	3.075926729369041e6	3.0742645704044844e6	3.0715035389693435e6	3.0671236557459966e6	3.0658013243025662e6	3.0625131703119455e6	3.0626502848916384e6	3.0561332697629416e6	3.052336532757629e6	3.0467396167600215e6	3.0449990687254313e6	3.038282353094047e6	3.030962067833892e6	3.0281300761535927e6	3.0237392251636414e6	3.025051541443357e6	3.0162401139607118e6	3.007887166958325e6	3.0045968795747343e6	3.002554073702022e6	2.994256650145292e6	2.9915261714572976e6	2.9833645377792316e6	2.9753793906916957e6	2.970554993465762e6	2.9664605549120805e6	2.957199873136923e6	2.9522995709382417e6	2.946095905037415e6	2.9396321278694137e6	2.933383686031513e6	2.932240728684526e6	2.92146423626987e6	2.923214191710073e6	2.9125450665606884e6	2.8987617889966983e6	2.884887819995186e6	2.8959427722177487e6	2.8783307783629573e6	2.880454403797391e6	2.8586229660961656e6	2.8477389850505567e6	2.837648496171329e6	2.8310612996380143e6	2.8271272963963407e6	2.808988119979601e6	2.803893281911593e6	2.8048176339861415e6	2.7894563261264553e6	2.773929510031183e6	2.7612067703908486e6	2.761696407356537e6	2.7371820885095773e6	2.7227313333334387e6	2.731493085365544e6	2.711653115522722e6	2.70384833909814e6	2.6902057131535e6	2.6802594193441337e6	2.660488058319402e6	2.653728393996994e6	2.654390908083443e6	2.638159458928349e6	2.6211296346848994e6	2.592107826003857e6	2.594815095939766e6	2.565871240140534e6	2.5555775969985276e6	2.5311591898580454e6	2.524389600538276e6	2.4992380260617286e6	2.4949647394329584e6	2.47499059207118e6	2.469977805689901e6	2.440593026072389e6	2.390388831255576e6	2.403381050299966e6	2.3905022637003255e6	2.3752973101653517e6	2.3608914862149297e6	2.3329063257122952e6	2.2922060446223128e6	2.29196929063125e6	2.27932893005992e6	2.2597537010996467e6	2.2228017191560054e6	2.204049654799396e6	2.1925736439430267e6	2.1383813749017436e6	2.169225837509323e6	2.1259217614871077e6	2.119238232371794e6	2.101232009554798e6	2.0586020522102308e6	2.0344225260672462e6	2.017838863983961e6	1.990099570909701e6	1.9574376543636336e6	1.9336688782983087e6	1.9083639205655796e6	1.8733282567210966e6	1.8542762321471204e6	1.8175025074789817e6	1.7878160327414074e6	1.7620361743524175e6	1.726372904127629e6	1.6918789401832656e6	1.6704722207761311e6	1.6299581842940024e6	1.6007933694146741e6	1.5620662528031464e6	1.5266847634450607e6	1.4833710935257988e6	1.440309878724633e6	1.4029418971258472e6	1.365479293794016e6	1.316941438241245e6	1.274134944739887e6	1.23228361636871e6	1.1807413701679008e6	1.1313372041679195e6	1.079939564900363e6	1.0287451220446127e6	974450.0474692865	917860.489408812	859646.340826022	797791.8698595013	734554.7163203419	668309.5880994331	599089.985734961	527012.7921317476	451741.64849352185	373083.1211602101	290827.1918569328	204678.35099277785	114083.17460336164	18122.272594957612	-84455.0400784812	-195427.82928568544	-317683.5547101698	-456768.1826971737	-627447.631755745	-895458.1589147155	-997054.1961854077	-1.0884774529069322e6	-1.175453512540178e6	-1.2591419533953746e6	-1.3404347618827694e6	-1.4181210996745867e6	-1.4940208998889425e6	-1.5671858056957056e6	-1.6408308375685946e6	-1.710820704828654e6	-1.7789999320231578e6	-1.8517128760296241e6	-1.9150682203546683e6	-1.9794371578312782e6	-2.0472918668777044e6	-2.105280232536405e6	-2.1702508561315914e6	-2.226016675159671e6	-2.2885701021667975e6	-2.3442438270325637e6	-2.3914297083750307e6	-2.422617266836968e6
3.1666685148561406e6	3.166580498480898e6	3.1664515196798216e6	3.166031427307677e6	3.1656825132485745e6	3.1656171073376588e6	3.1650862749980884e6	3.1643916552996347e6	3.164049889803556e6	3.1634218890771973e6	3.161596137701693e6	3.1625540576041145e6	3.160831963464403e6	3.1598021380004897e6	3.158433567866687e6	3.1572009107713075e6	3.155407573158805e6	3.1552247528854366e6	3.152898631508331e6	3.152858740456852e6	3.150152680365598e6	3.149138638615587e6	3.147190026055151e6	3.145441154778806e6	3.1426583578771846e6	3.140821023235172e6	3.139323836407904e6	3.136130622992676e6	3.1343336729434864e6	3.1335286942056534e6	3.1300666557580233e6	3.126702727568322e6	3.125244419101715e6	3.121539217405143e6	3.1192522121298937e6	3.114891160926893e6	3.114579731522078e6	3.1098274469607924e6	3.107854642028014e6	3.1044232250793776e6	3.1007234772197637e6	3.0951740422101673e6	3.0941793858112744e6	3.0902199437895315e6	3.0864582506948095e6	3.082392214224286e6	3.07722706593743e6	3.0803361978430655e6	3.068270583615884e6	3.0616184323705994e6	3.0637383711179136e6	3.0561286023578043e6	3.0497443604430514e6	3.048448284505336e6	3.046294938202109e6	3.0377297757601063e6	3.0313949391231453e6	3.0268740102091804e6	3.021817443805768e6	3.0149427401384613e6	3.006699311507867e6	3.000233023639667e6	2.993716879763608e6	2.992295595724169e6	2.9791009607687886e6	2.9767093115099184e6	2.967225523701947e6	2.9632690528303427e6	2.9597528488450525e6	2.9466894844878716e6	2.9456990807398367e6	2.934008828352121e6	2.915347050974957e6	2.919361088933916e6	2.9158162009733934e6	2.9070082109577716e6	2.8887223767656744e6	2.8852015150133427e6	2.8790107955929055e6	2.8630797334570866e6	2.881535273786492e6	2.8510049598538866e6	2.8390204390059565e6	2.8295152204439975e6	2.828648623916149e6	2.817259671004465e6	2.8083871496595643e6	2.783143652597076e6	2.785970896769749e6	2.759570683768781e6	2.757833099472471e6	2.738655671202208e6	2.761796905648117e6	2.722902362373066e6	2.711567593481614e6	2.704712141413144e6	2.7026301982712084e6	2.6751311838045213e6	2.674576890447875e6	2.642480822428225e6	2.6329532000226574e6	2.6214837335436307e6	2.6129116481788326e6	2.5992797194192763e6	2.5772784047888606e6	2.561752562443127e6	2.545632012029292e6	2.5476050786516885e6	2.514021482880338e6	2.4922676257451936e6	2.4894266785438224e6	2.466024019003379e6	2.4426223713550074e6	2.4289442327343235e6	2.4136878398961676e6	2.3944987902069804e6	2.3713058339776434e6	2.3398670762265306e6	2.340912969485173e6	2.316307634332921e6	2.3064598023968865e6	2.2952325447399155e6	2.265912470969864e6	2.2370734935392896e6	2.213335186058766e6	2.216634489612252e6	2.176805219127287e6	2.145115133067484e6	2.133020424615312e6	2.1208086498744707e6	2.0895583696531302e6	2.0424217770234076e6	2.0274373829283742e6	2.0051776709834686e6	1.982729929252021e6	1.9424993094701986e6	1.9162867635869994e6	1.8802948826275617e6	1.8563031352981299e6	1.8146240923750293e6	1.8014629444195381e6	1.7823996414619784e6	1.7423754069832582e6	1.7012709449648443e6	1.6732142707515305e6	1.6460282962953323e6	1.6068046250728453e6	1.5705895865977656e6	1.5313378065094207e6	1.495503025106458e6	1.465048219920416e6	1.424620994842546e6	1.3738261984182964e6	1.3332314483823348e6	1.2831082141302223e6	1.2397929695254215e6	1.1898192345825608e6	1.1405361099286024e6	1.0908301248352695e6	1.0375585008373149e6	985906.7682748681	925203.5752704167	864229.9092606618	804502.476047154	740202.8704358628	673365.2562596486	603710.6029104032	531085.6674081525	455203.4243399934	375905.93080601795	292988.1257138327	206140.84403131576	114801.7313977466	18039.14276330825	-85416.21265577106	-197375.90760517912	-320792.3979753973	-461376.3218063279	-634590.169640678	-901245.5307479207	-1.0026975310510625e6	-1.0948236892642472e6	-1.1826030012663873e6	-1.2663582257824983e6	-1.3480294034438464e6	-1.4261473581072087e6	-1.50382785104142e6	-1.5783908564812657e6	-1.6519611730897934e6	-1.7223437232460384e6	-1.7935443181522521e6	-1.8608538249272588e6	-1.918747791697727e6	-1.9895055008467739e6	-2.0589078976753582e6	-2.118117139036002e6	-2.1853469865019773e6	-2.2281764556831825e6	-2.30614026052798e6	-2.3503853492269297e6	-2.4034626404587445e6
3.20222168059904e6	3.202145151861539e6	3.202017658505809e6	3.201726227899494e6	3.201415733849334e6	3.201049514116373e6	3.200512548732821e6	3.2001126322080563e6	3.1998005522169312e6	3.199068997710964e6	3.19832949817702e6	3.1973677918707943e6	3.1979802382852905e6	3.1954794384916923e6	3.1940033652451485e6	3.1924167026308766e6	3.1922981972067594e6	3.189698508668004e6	3.190106110870403e6	3.187587528326224e6	3.1850583894938435e6	3.1856303221896286e6	3.182677430832827e6	3.1795033271004334e6	3.1787716123040505e6	3.1777358246193165e6	3.1749912127333037e6	3.173730318463337e6	3.1705213330208627e6	3.1679577624814375e6	3.166264995952392e6	3.162987214044228e6	3.16004987019876e6	3.1564665343778073e6	3.155050823021944e6	3.150428505762254e6	3.147625277287668e6	3.1461606157786604e6	3.1434729107258976e6	3.140124192849451e6	3.137418313256407e6	3.1345582337735645e6	3.129444726707877e6	3.123948554699637e6	3.1240446117564533e6	3.1180208666170887e6	3.1153827620036597e6	3.108587034822109e6	3.104454466114475e6	3.098160363281224e6	3.093359425612461e6	3.0929658102677492e6	3.0885195909370305e6	3.083957594701305e6	3.0789571583889853e6	3.068721949682736e6	3.0668145761320814e6	3.0591056678139768e6	3.0551455337381475e6	3.0491776142045967e6	3.039410434167129e6	3.037879271890729e6	3.033052349034089e6	3.023364968701902e6	3.0230112512280648e6	3.0124399753125696e6	3.006965856855535e6	2.999312673319925e6	2.9980985238065897e6	2.9888701644994053e6	2.9782195216062968e6	2.9583437837209823e6	2.9654471740505993e6	2.9597435329124313e6	2.949334796241261e6	2.9367110330493157e6	2.931400813692213e6	2.919871932727806e6	2.9193609330234746e6	2.9008376949130357e6	2.8972640671964963e6	2.8895076182267396e6	2.8808060549209206e6	2.8663280704786563e6	2.8655920965361833e6	2.8446696019389657e6	2.8460200298678046e6	2.8252544554005847e6	2.810300031346324e6	2.808771683304101e6	2.799711270290181e6	2.779809779682327e6	2.7633173128221314e6	2.76170312364229e6	2.7516486342311967e6	2.7363382121604285e6	2.7274871798586464e6	2.7177277783495123e6	2.709350159855727e6	2.6863712305721752e6	2.6808297375422376e6	2.67016852574935e6	2.6631819511398147e6	2.6455752028812403e6	2.6173698081644117e6	2.599188391010598e6	2.576426295573079e6	2.561910228264132e6	2.5603735635805083e6	2.5395933064113306e6	2.514878781898072e6	2.5081335634415364e6	2.4994831404747674e6	2.461508091373676e6	2.4538800359268533e6	2.43346978957668e6	2.410059522668826e6	2.4006228527571964e6	2.3680907172048287e6	2.3698109546231446e6	2.3295654481861778e6	2.3164314614556655e6	2.30712110297201e6	2.246140673418978e6	2.266999081917785e6	2.236514322300208e6	2.2229724175049867e6	2.1986787539493074e6	2.159989539973481e6	2.171999563863351e6	2.126945174033535e6	2.1011709378593536e6	2.076355303586297e6	2.0410863547555301e6	2.0261057586484118e6	2.0141652578051623e6	1.96137323002118e6	1.9263699088552953e6	1.9011020096307816e6	1.8742104529019939e6	1.8733896455424817e6	1.823249197358961e6	1.7735523578046965e6	1.754512672757983e6	1.7163741305662573e6	1.6950585145095803e6	1.6574469423184856e6	1.6212435472233696e6	1.5821961843886971e6	1.5432844256015657e6	1.5122311716653067e6	1.4756982268738386e6	1.4310996232968997e6	1.374751777096318e6	1.3423393353079362e6	1.294257235786669e6	1.248688661064437e6	1.198572077713348e6	1.1504692071423684e6	1.0963567834206913e6	1.04220286524445e6	989364.0566180991	930431.9409647058	872703.9941673824	810676.0963421753	746236.4223050247	678583.9538908941	608417.3473341819	535152.4707886367	458664.67524174135	378734.7458509654	295153.7667715661	207606.59486368299	115521.94285212085	17955.812402348965	-86379.89171648631	-199329.71430318337	-323912.3995182109	-466008.21396563994	-641817.4456500639	-906882.6502052243	-1.0083630709179752e6	-1.1009893499528621e6	-1.1893217356566652e6	-1.2745020583006344e6	-1.3562740169405635e6	-1.4354416923436807e6	-1.5128383888238794e6	-1.5894153383478248e6	-1.6645532018741402e6	-1.7355689573657396e6	-1.794256743589764e6	-1.8739689150100057e6	-1.9368341941955616e6	-1.99434047794304e6	-2.0697651162198153e6	-2.131570789041268e6	-2.2072942209347035e6	-2.258346150372218e6	-2.32060386723687e6	-2.388406539810647e6
3.2379693583970186e6	3.237946751740855e6	3.2377556041965857e6	3.2376220115282e6	3.2370720230673216e6	3.236817441497207e6	3.2361793750914996e6	3.236013622080308e6	3.23538214828387e6	3.234746877281407e6	3.2340338054702193e6	3.2329558683472443e6	3.2320613693595957e6	3.2309632930986215e6	3.2298199506168044e6	3.229090092020437e6	3.2282893128538206e6	3.226704229723442e6	3.223797685519767e6	3.2235683527887044e6	3.221369133777028e6	3.2206635540553103e6	3.218926422357128e6	3.2163828379051164e6	3.2138600942440964e6	3.212977798577841e6	3.2105036890894757e6	3.207252861131735e6	3.206325138670681e6	3.2056792431064527e6	3.200360564490776e6	3.2002978049269635e6	3.196781731662638e6	3.1926923109811656e6	3.1894101924444344e6	3.1885491738552e6	3.1845464116645544e6	3.1817949326555766e6	3.1791987059371434e6	3.1742441136515443e6	3.1730036710414793e6	3.1696999332230226e6	3.163627339193742e6	3.1604028774851053e6	3.159087209727912e6	3.154736242832818e6	3.1519352105828733e6	3.145257376394083e6	3.1402881620178204e6	3.134776061333084e6	3.130039432306874e6	3.1280918989459225e6	3.1289998491256796e6	3.117159041113573e6	3.1136341682246877e6	3.1073312052148897e6	3.1013297434156653e6	3.095027113820011e6	3.096881892086235e6	3.0876528230571877e6	3.0778675124877216e6	3.069800797414817e6	3.0702552846741234e6	3.057043485696458e6	3.057643407103472e6	3.047306035568183e6	3.0453287030547187e6	3.034781762981041e6	3.0248169479186996e6	3.019044236599621e6	3.0173723884282373e6	3.0057046361999116e6	3.0074766818738803e6	2.9934713144333824e6	2.9861089291468123e6	2.9772498199239857e6	2.985159051611644e6	2.959503542118974e6	2.949237360299395e6	2.949558475601733e6	2.9277897996078134e6	2.9127115848262794e6	2.917822611138304e6	2.9119242509491313e6	2.8974765162504753e6	2.875087085595661e6	2.881874999779463e6	2.8720094135843446e6	2.84902931151131e6	2.847028771608111e6	2.8403038127047457e6	2.803093622089252e6	2.8049573008430256e6	2.799471715563421e6	2.782781824296959e6	2.7809847594768824e6	2.7648185259385547e6	2.758201568169221e6	2.7391450607516007e6	2.7195960891641467e6	2.7149174436357482e6	2.7081291799430503e6	2.6901642985611204e6	2.692824193189562e6	2.6641847904338515e6	2.6385645011466863e6	2.6276920041825213e6	2.6045753330191183e6	2.598741269548172e6	2.562033883366933e6	2.5461931541389273e6	2.5371797605470438e6	2.530341485055177e6	2.5234583182386383e6	2.4905221078490997e6	2.483551456594828e6	2.437455860694892e6	2.4445815562144415e6	2.415657525298508e6	2.3963366341266753e6	2.372388477972073e6	2.3438569345066966e6	2.342243274611967e6	2.293116495984605e6	2.3082702150660916e6	2.2543475421176967e6	2.2617654331857595e6	2.2437058463713815e6	2.214073028293779e6	2.177207370871893e6	2.18700226832569e6	2.143024914389382e6	2.0990607071052818e6	2.179145667464651e6	2.0801711824672772e6	2.034677166488803e6	2.0130196054244093e6	1.983053261935699e6	1.9768555373147007e6	1.9262443187766261e6	1.9234417714771964e6	1.8760174710626267e6	1.810634290501583e6	1.7865458509390643e6	1.7734392942591705e6	1.7487945866350678e6	1.6995961710877477e6	1.6752700907218645e6	1.6413506315347324e6	1.5930206183330556e6	1.5545926229012385e6	1.5301541028809194e6	1.4746968088428378e6	1.4416741536015049e6	1.384963074768887e6	1.355357038010893e6	1.306840199762644e6	1.2579800295337287e6	1.2103166064796294e6	1.1618281021257248e6	1.108702632616988e6	1.0528463295368445e6	998743.0535309743	937873.0252814603	881449.1399816112	816907.3128475714	751608.2896083128	683786.8768518013	613087.9462441816	539219.9177244119	462133.72887258884	381569.612266941	297324.08513331274	209075.583112448	116243.79798187502	17872.282756462693	-87346.06324643455	-201289.23751072772	-327043.561634324	-470664.0841424116	-649133.4181535165	-912413.2166039106	-1.0140292522841566e6	-1.1071767142743105e6	-1.1958105408703447e6	-1.2816092124396586e6	-1.3637672434419696e6	-1.4450835813928046e6	-1.521763365432994e6	-1.598597247631378e6	-1.672412418230685e6	-1.744328160092942e6	-1.816885465698767e6	-1.8801420883126897e6	-1.9548977276175343e6	-2.0165490445403182e6	-2.077257666829769e6	-2.1504976381605114e6	-2.208456248369996e6	-2.269880977074385e6	-2.359609509676968e6
3.27391682480115e6	3.273846098020288e6	3.2737734595198897e6	3.273383246556144e6	3.273194165794108e6	3.2726354162228024e6	3.2723139822807233e6	3.2717332876940914e6	3.271389247290736e6	3.270683911289222e6	3.2698106383660953e6	3.2689861386168273e6	3.268183077789959e6	3.26661242042013e6	3.265787434557412e6	3.2442288013183754e6	3.2633387103727106e6	3.2626333212120216e6	3.261113560445112e6	3.2582805445830235e6	3.257972635432828e6	3.257230939659704e6	3.254472025571337e6	3.252471251529517e6	3.250854956081931e6	3.248400955041441e6	3.2465607238064324e6	3.2444530324940304e6	3.2414025826183646e6	3.239621026032199e6	3.236172335896355e6	3.2352415283403387e6	3.233362678678092e6	3.2296293497679066e6	3.226939080182009e6	3.2242832210214706e6	3.220513005993113e6	3.217593272030725e6	3.2128930024479376e6	3.2107535029895357e6	3.208704492237549e6	3.2050046824216153e6	3.201140489955129e6	3.198889788365993e6	3.193486252675154e6	3.189901598834007e6	3.1872997816691147e6	3.1833027154932804e6	3.177572944698709e6	3.174945718051803e6	3.1671148242447926e6	3.163513327931261e6	3.1576317830641503e6	3.1553664098287276e6	3.1500620384563403e6	3.1441912614649413e6	3.1417166661089477e6	3.1334459295228403e6	3.129054320147409e6	3.124992966209796e6	3.1165326209848905e6	3.108524633567644e6	3.1050978199434113e6	3.092965467881659e6	3.088406989556715e6	3.0854951216388415e6	3.086881087827022e6	3.08255722709576e6	3.068285432247474e6	3.0455175845475383e6	3.059453453697368e6	3.050181064497483e6	3.0358648811416887e6	3.0307040242331247e6	3.0225351481920877e6	3.013652900770434e6	3.0056074507004446e6	2.9995725613132347e6	2.985760639580996e6	2.975555435870839e6	2.9617013301711567e6	2.959445065297522e6	2.9635811720605977e6	2.946945893907256e6	2.935332795117614e6	2.9249278975705537e6	2.902243368003465e6	2.910694223964501e6	2.9018413211556436e6	2.886824408722298e6	2.903201779250054e6	2.8674617071732758e6	2.8497711283869864e6	2.8263142883767355e6	2.8203920010058833e6	2.8162032293546833e6	2.8038997155394116e6	2.780046364843798e6	2.77426260188441e6	2.775460644905415e6	2.753871153636353e6	2.7415674144837945e6	2.7189038039690023e6	2.7207089873313694e6	2.711763495693775e6	2.683031444225311e6	2.6817288616411346e6	2.6511609634372666e6	2.6386983557665744e6	2.6103286027520755e6	2.6098668684153743e6	2.592823118815599e6	2.569673369716055e6	2.561848027805494e6	2.5474042893374986e6	2.521408492626041e6	2.483674625539198e6	2.474635601203886e6	2.4551134062937307e6	2.4345676730103083e6	2.4061138830219535e6	2.3828794762049597e6	2.365558249560425e6	2.3640802616439033e6	2.3520494600354685e6	2.325024560276935e6	2.2965956600154825e6	2.29422777044858e6	2.26278168144131e6	2.219411503982876e6	2.197884891014628e6	2.1866001548875053e6	2.15507407985946e6	2.161865412489819e6	2.1265937835706063e6	2.0879353174636331e6	2.0573523922468238e6	2.024106872767291e6	2.0029950133443726e6	1.9759232076561982e6	1.9362709542994283e6	1.9100951993299648e6	1.895353830253095e6	1.85414089679055e6	1.8182652771384744e6	1.7917080657821267e6	1.7561576341046717e6	1.7180712624483295e6	1.687451997912926e6	1.6545690660091673e6	1.5945920995506137e6	1.5578019599034153e6	1.543873990041082e6	1.4879475746398992e6	1.4469574949926971e6	1.4120279869747278e6	1.3532862709607591e6	1.3177490704170866e6	1.2652630788664864e6	1.2236455894701406e6	1.169136601372345e6	1.1165256832066015e6	1.0617093979278305e6	1.0057705024137064e6	945743.4315503542	885972.3627519626	823047.2596420432	757522.5650910055	688989.381006699	617765.8399102972	543298.6866929466	465610.0161721804	384410.4431887106	299499.04860914685	210547.78960021166	116967.28473926522	17788.5543973865	-88314.72299160948	-203254.4572180342	-330185.890128504	-475344.16862149956	-656542.4406651864	-917865.6291309609	-1.0196961339747906e6	-1.1135312771045272e6	-1.2029552282986096e6	-1.288252239887741e6	-1.3713856614282257e6	-1.45207238687377e6	-1.5286198722124756e6	-1.6045949362180666e6	-1.6805747376434435e6	-1.7450167303429064e6	-1.826295593209837e6	-1.8907872598565319e6	-1.9526135515017868e6	-2.0268643329506335e6	-2.0872555442504813e6	-2.153976205778835e6	-2.229956865384715e6	-2.3158940171077386e6
3.310053885235896e6	3.309980095113711e6	3.3097960554441544e6	3.309665575649304e6	3.3092002598285177e6	3.3088624895301503e6	3.308295828082447e6	3.308394809415987e6	3.307361565301966e6	3.306883730695927e6	3.3062771297918307e6	3.30494082099177e6	3.3046032576588667e6	3.3035165730446624e6	3.3021916672684187e6	3.301570325194434e6	3.2998523490332128e6	3.279184336970626e6	3.2972358557922407e6	3.296155571782654e6	3.2943072115124925e6	3.2921365811123447e6	3.2913858399184374e6	3.288199758760002e6	3.2874762403895473e6	3.2856301103729233e6	3.283719161490189e6	3.2813420791185945e6	3.2777980801044507e6	3.2755537814374603e6	3.273009819454681e6	3.2710190686456794e6	3.2705671924427785e6	3.26771569599745e6	3.2643525233197194e6	3.261875220938674e6	3.2570733759160964e6	3.2556332111238553e6	3.250116592254743e6	3.2488484426559154e6	3.2437861490733186e6	3.2409511591921165e6	3.2384871350388005e6	3.2335138876648243e6	3.2300041843177257e6	3.2261259076270545e6	3.2218186972109536e6	3.221114308260179e6	3.2145838078172915e6	3.209690601808844e6	3.2054809480058355e6	3.2044487557545453e6	3.19578779454451e6	3.191284361212143e6	3.1836973722172235e6	3.178448465574018e6	3.1762374694380127e6	3.17345807904087e6	3.1646493280638857e6	3.1582856420981903e6	3.154181825610586e6	3.1502020604818156e6	3.1420623490320314e6	3.130560022034953e6	3.125251193308904e6	3.1221894654792757e6	3.1198123573573935e6	3.1152002639741646e6	3.106963205819832e6	3.0953020078767487e6	3.0887289037993015e6	3.0750313203227147e6	3.0787810760752247e6	3.0711784275489496e6	3.0642335923597002e6	3.0570362290358795e6	3.040857624689292e6	3.0307017500699805e6	3.025502806388228e6	3.017755694258545e6	3.0089561135148257e6	3.0013792908599107e6	2.9890792406600136e6	2.9871826994903674e6	2.959403404918992e6	2.9633149262378504e6	2.9545668851669934e6	2.9393849982921346e6	2.942515426939518e6	2.9275257274164567e6	2.9152693803932015e6	2.8957142392101153e6	2.8955402166702896e6	2.8744088673716956e6	2.8616620034616455e6	2.850402217870282e6	2.8360339523221874e6	2.835799572274873e6	2.8152186968455436e6	2.807157834986047e6	2.7948894995599547e6	2.7765665025635487e6	2.759060711045648e6	2.766434917350968e6	2.74517146129289e6	2.745330188753686e6	2.7004576663775095e6	2.695275029571324e6	2.6751010106097776e6	2.6540552788583785e6	2.6416590069846744e6	2.623168362926672e6	2.598691507926609e6	2.5864150177990394e6	2.57799713920201e6	2.567540040585212e6	2.5046471341089476e6	2.5426731858212203e6	2.501639440772461e6	2.483040121465344e6	2.4503641526849186e6	2.44980313265964e6	2.430643676312049e6	2.4138562606704766e6	2.3840018898788583e6	2.362067703507419e6	2.343625435234258e6	2.307631777162617e6	2.301529091508098e6	2.268094724293407e6	2.2462550086773727e6	2.215097164340227e6	2.200133263423522e6	2.186600276940927e6	2.155871252151927e6	2.1285567803585296e6	2.1040692823360246e6	2.0698857952293283e6	2.0467977136656172e6	2.0259468100123985e6	1.9932835275711347e6	1.9769611797483019e6	1.9349382569042882e6	1.9094898783806376e6	1.8725819531606063e6	1.8337038224662961e6	1.7960073517111726e6	1.7610076965121054e6	1.7388729254432612e6	1.695806697245514e6	1.6592856545877098e6	1.6167389558834666e6	1.5859027639089278e6	1.5442747528659385e6	1.503976504627653e6	1.4703867896749761e6	1.4124345176578714e6	1.3729023328276367e6	1.3339445571003025e6	1.2936831539852323e6	1.229046926435561e6	1.1766041749784257e6	1.1270034175326263e6	1.06908375267931e6	1.0102858526847861e6	954919.5649841283	893071.1369776046	829466.3565858952	763258.8042544937	694226.4180954127	622430.6723942733	547400.7844846309	469092.8678067601	387257.24114698125	301678.62871009717	212023.18483939115	117692.39432959165	17704.631794649642	-89285.85909617692	-205225.35539828427	-333339.3905638335	-480048.70983935473	-664049.3135820231	-923259.1434748047	-1.0253675940526002e6	-1.119601901027001e6	-1.2095719480039752e6	-1.2959653545722724e6	-1.3798991320656338e6	-1.4600180047268984e6	-1.5397380310645779e6	-1.6134014894811348e6	-1.6933745010834238e6	-1.7636422075611209e6	-1.8347757736113262e6	-1.8989322928628023e6	-1.9776308529269989e6	-2.0394263795981738e6	-2.104070281042565e6	-2.172648243897528e6	-2.2296575906272815e6
3.3463850032694745e6	3.34634003736659e6	3.3462018246967676e6	3.3459474565044134e6	3.3457092121909335e6	3.3451967111548125e6	3.3450758424367197e6	3.344386217341035e6	3.3438935945953834e6	3.343350520570596e6	3.342513659323033e6	3.34145599581973e6	3.340636825826138e6	3.339587914869054e6	3.339170461139036e6	3.338133518828897e6	3.3362511103639766e6	3.334852646493976e6	3.332978391700432e6	3.3143073431176255e6	3.330812090531562e6	3.328817977879564e6	3.3280383566040755e6	3.325096759049268e6	3.3230332010712093e6	3.3215648837296683e6	3.3196176623435877e6	3.317676036580518e6	3.314531766930419e6	3.313008768695964e6	3.3114599247389976e6	3.307129555256763e6	3.3064508833310497e6	3.3040544725012486e6	3.300817792726906e6	3.2963960080951033e6	3.293685193583709e6	3.29378462481916e6	3.2883990006531e6	3.283701624119513e6	3.282269559320461e6	3.272726891112487e6	3.274882045823331e6	3.271443157984175e6	3.2699630836337656e6	3.2634123617841527e6	3.258007964162925e6	3.2550670783293163e6	3.250496417151082e6	3.24967896742256e6	3.2464504326991686e6	3.237541908831513e6	3.233222740849222e6	3.2300437736613387e6	3.2203708616734655e6	3.2195334075019388e6	3.213833047572088e6	3.2056736885892153e6	3.200451462385633e6	3.196431275542644e6	3.188152624140014e6	3.1856650389489885e6	3.175109428802479e6	3.173103595883383e6	3.168519889850011e6	3.158604514169108e6	3.157972444380018e6	3.1465259852086636e6	3.140724215229888e6	3.136954041460597e6	3.1272407634583716e6	3.118565490915255e6	3.1155204797603395e6	3.081969527442567e6	3.09300998670495e6	3.0909654413518207e6	3.0787721604024363e6	3.067795116961002e6	3.0688200461152783e6	3.0545650020924876e6	3.0464848267069096e6	3.0357623397721616e6	3.0447199211293487e6	3.022804587027411e6	3.0142333218503194e6	2.9937419073931705e6	2.989713144866543e6	2.9766125869369586e6	2.976531043376115e6	2.9697894464599323e6	2.9512660826658243e6	2.9342261972688176e6	2.924303579367437e6	2.916177984327446e6	2.909471240638813e6	2.897724438652398e6	2.8784446895904327e6	2.8636595891121347e6	2.860366497802538e6	2.8400048202935103e6	2.8267395174213857e6	2.823408359040372e6	2.795676290347537e6	2.797614562081702e6	2.7743659155445853e6	2.7606722927053794e6	2.753197546895235e6	2.734281640667958e6	2.714418328233768e6	2.6949643581931186e6	2.6828755145581113e6	2.6693597254953487e6	2.6572404257336217e6	2.6298406496679466e6	2.605810203782061e6	2.567826006389744e6	2.577084305187415e6	2.556710941034727e6	2.562758561829464e6	2.517618505870425e6	2.4875401488615377e6	2.4565793605275247e6	2.464430456716178e6	2.4476850711329766e6	2.409734880632762e6	2.403120482861112e6	2.3818261549252546e6	2.3652755018056594e6	2.3333011446654433e6	2.2877634023688724e6	2.2946598020762797e6	2.257490106723048e6	2.222354527646541e6	2.235539242735482e6	2.2055606303477082e6	2.165561673137643e6	2.138686585737806e6	2.135804467464268e6	2.0983912792441733e6	2.0677690772107393e6	2.039459021615239e6	2.0033732070184785e6	1.9784420771349855e6	1.957353679496604e6	1.9198300854777615e6	1.8861167853534073e6	1.8462152078132387e6	1.8151422569080966e6	1.783035764076009e6	1.75426488313229e6	1.72260896170355e6	1.6741690805957955e6	1.6408512909571135e6	1.5988505823535412e6	1.5257769658259628e6	1.5133293141528864e6	1.4765755664003026e6	1.4237168105404493e6	1.3874900749627156e6	1.3319681789207242e6	1.2865706127548297e6	1.2403668640775154e6	1.1891604632917354e6	1.1354452130255424e6	1.0778557447209212e6	1.0214714249647851e6	962474.9587547076	900583.3085562852	836640.1517497795	769044.2529976154	699509.8585708574	627133.7797687734	551503.5854670894	472583.97320191097	390109.89840258425	303862.7932116161	213501.75907363975	118419.11765850289	17620.510263575707	-90259.45252163243	-207201.84948100662	-336504.07170972414	-484777.9650662034	-671659.3569745929	-928607.3606011686	-1.0310393157698307e6	-1.1259854666944812e6	-1.216331360511553e6	-1.3039859792513796e6	-1.3880863894196642e6	-1.4676222791633974e6	-1.5490855442362153e6	-1.6232524147345317e6	-1.704296202559805e6	-1.77707730204716e6	-1.8536633616314526e6	-1.910315909821523e6	-1.9863907158948393e6	-2.0542880165387024e6	-2.1485096208489803e6	-2.1785664433878385e6
3.3829096831950364e6	3.382871282673948e6	3.3827612233613674e6	3.3824849576920657e6	3.3821707022377676e6	3.381860479410103e6	3.38158305356557e6	3.3808928922412703e6	3.380146709345012e6	3.379732448406786e6	3.3799523123511113e6	3.3778272865904975e6	3.3771111982426113e6	3.3767656292069727e6	3.375059038654911e6	3.3739469588020216e6	3.37305299524033e6	3.3716934687412507e6	3.370116268456247e6	3.369061110119611e6	3.367233391381052e6	3.3640627422143375e6	3.36398058952608e6	3.362172680594498e6	3.360188888296308e6	3.357540762290455e6	3.3559328265322093e6	3.3530972489701323e6	3.3525979508095123e6	3.3501441751519963e6	3.3439945983770723e6	3.3419366454229155e6	3.343213631489402e6	3.3377845720159383e6	3.337063202817682e6	3.334127824424329e6	3.331890289180944e6	3.325835012950268e6	3.3285012017524526e6	3.3220514696068945e6	3.3176793754241047e6	3.314839424706748e6	3.3107512962421384e6	3.3061584808856035e6	3.303285844839625e6	3.2987392235418833e6	3.296500477874032e6	3.289875003654219e6	3.2946105720875766e6	3.285591554889474e6	3.284018828752476e6	3.273828985986322e6	3.2704568716825456e6	3.2629171453813678e6	3.258416923910686e6	3.2530819912169403e6	3.249517355167738e6	3.2447002893683887e6	3.2358288323941957e6	3.2338849357496738e6	3.2283089319083504e6	3.2209570993603715e6	3.2144931253914223e6	3.214731139643739e6	3.2045449978440213e6	3.1980938244377836e6	3.193373388658275e6	3.1826931441959287e6	3.1805759196405318e6	3.170736500998285e6	3.1644971853709677e6	3.1547845323099406e6	3.146585730221406e6	3.1402232316153515e6	3.1379638417292414e6	3.130753084140933e6	3.1177036401993465e6	3.103411818971459e6	3.0966617078108075e6	3.0889198040248975e6	3.081268387590835e6	3.0668597730578016e6	3.0675668937326316e6	3.0697800340623753e6	3.0551095585018736e6	3.0416795901853982e6	3.02129649323866e6	3.0208534509786717e6	3.0184347138423435e6	3.0214490362995756e6	2.99576859209366e6	2.9874795762896575e6	2.966937320173519e6	2.9494486141240182e6	2.950150899882215e6	2.939228135209843e6	2.9259507618271895e6	2.8795353481483078e6	2.8932492071368904e6	2.880547094984757e6	2.8652569976879917e6	2.85338185918576e6	2.8478690465829466e6	2.8408306220331416e6	2.81298972910619e6	2.7894669408862386e6	2.7933275355820693e6	2.7802327583659254e6	2.754645390125134e6	2.738849341206541e6	2.7190804569107173e6	2.7123042846132065e6	2.6868807385225575e6	2.675339260723281e6	2.653148674950678e6	2.6380715078136167e6	2.6252826088148244e6	2.595440873298702e6	2.574906127036984e6	2.573317089279983e6	2.5450643710547723e6	2.5247362720609475e6	2.524716956357328e6	2.4982251608380955e6	2.43441030249363e6	2.4426123134698262e6	2.4205391509265983e6	2.4121330136399623e6	2.383760159663289e6	2.363248158383212e6	2.319823994754526e6	2.3151550006299615e6	2.291685051738841e6	2.242424184378122e6	2.2490570013312898e6	2.218991281236509e6	2.1913526071375995e6	2.160138581192977e6	2.141807365274487e6	2.1071179671734883e6	2.0860866647317954e6	2.0785504074166822e6	2.0253314301199876e6	2.0069070515952976e6	1.9590125870859309e6	1.932329349270224e6	1.8848271791063051e6	1.8656987533449498e6	1.8388562258522527e6	1.793432236090634e6	1.771324705220205e6	1.7209816591538626e6	1.6844508966705492e6	1.6444768706096162e6	1.6087453466950015e6	1.5726135093418248e6	1.522407985657882e6	1.4879011787035023e6	1.4337574082773249e6	1.4015582606664035e6	1.3505221237134254e6	1.2912011238496331e6	1.2486760547412662e6	1.1979476837109458e6	1.143260812304119e6	1.0851207889876347e6	1.0308009849532675e6	970152.4255843698	906916.181304648	842167.1961989175	774809.028956776	704842.3548558182	631775.1915006754	555593.9897528253	476081.0144352149	392968.4075776497	306051.51269948063	214983.4867744604	119147.44371903036	17536.190050178207	-91235.49390998809	-209184.11878907075	-339679.9421761972	-489532.1974611762	-679378.4837766318	-933920.1262740316	-1.0367303985711499e6	-1.1321274709432055e6	-1.223255091809113e6	-1.310746316008192e6	-1.3946981050067316e6	-1.475162675151384e6	-1.5569906613169503e6	-1.632818252854193e6	-1.7134516564116213e6	-1.7807503956052647e6	-1.85688679754502e6	-1.9329408106183591e6	-2.0002703825551341e6	-2.0565819695058395e6	-2.134314895088674e6
3.4196297506732484e6	3.41962497099573e6	3.419444069242014e6	3.419019299692356e6	3.418942885392839e6	3.4184832423058944e6	3.4180571503693284e6	3.4176494763253406e6	3.4170524714618633e6	3.4162345128308935e6	3.4156279067593236e6	3.414805205173476e6	3.413748402296953e6	3.4131824299447094e6	3.4118030132981124e6	3.4107501449922705e6	3.4096422950787838e6	3.408429983689743e6	3.4078175737506747e6	3.405567977347797e6	3.4036930872027664e6	3.401685089616604e6	3.4004361454170863e6	3.3992476686229017e6	3.397431453131846e6	3.3950534633173384e6	3.3944581596543607e6	3.391909606220109e6	3.388037900471485e6	3.3852274573775684e6	3.38310718010905e6	3.3814478656642428e6	3.379261861497639e6	3.375205659483574e6	3.3742230722963857e6	3.366368889041204e6	3.3686438087078156e6	3.366129115959793e6	3.3623918106703935e6	3.3575572048170627e6	3.355296141028806e6	3.353321503756794e6	3.345607027444369e6	3.343623554133095e6	3.3409689823240736e6	3.336176982775341e6	3.3321961704691704e6	3.3303381886830046e6	3.3246940700997347e6	3.3213025325648114e6	3.3151543958978825e6	3.316805910202761e6	3.3051852160103125e6	3.301131267269673e6	3.2973710337948436e6	3.29006460892921e6	3.2901357894098526e6	3.28050953888605e6	3.272793486795919e6	3.271794376123915e6	3.258917647362234e6	3.257904505011378e6	3.2544989784097215e6	3.2465825147325275e6	3.2411602222998487e6	3.240390546997993e6	3.2284003703911738e6	3.218134323993405e6	3.2142545402953476e6	3.2091759658506936e6	3.1999490321508897e6	3.1977208148528775e6	3.188252474762181e6	3.1824921952024773e6	3.169048140862276e6	3.171219006376191e6	3.1478719099487704e6	3.1463857889891476e6	3.1398239871983593e6	3.133255316473669e6	3.136411973514384e6	3.1139987826259253e6	3.0908389960065754e6	3.0912240695845033e6	3.0867968498031907e6	3.077675996602923e6	3.0688841819047607e6	3.044231724033048e6	3.054034653256864e6	3.0357232954625105e6	3.0254643080473184e6	3.029117500946475e6	3.007909594309941e6	2.9909575678028315e6	2.985833906963527e6	2.9826113261703467e6	2.9582243227135353e6	2.9362530460223244e6	2.9163115184890823e6	2.9210816837673923e6	2.912713063623484e6	2.891547644421261e6	2.877405229525848e6	2.883535008671349e6	2.856209973361384e6	2.8236503403080297e6	2.826368294966654e6	2.8155200702253478e6	2.7996674088762924e6	2.7742336487417887e6	2.7690649974164274e6	2.741674761606382e6	2.7292842505469765e6	2.703310514587781e6	2.674281996628949e6	2.674692149612687e6	2.6564570113082007e6	2.640382296503491e6	2.6189782964583146e6	2.5983934460925236e6	2.613938338138654e6	2.5702351858113976e6	2.542015015696139e6	2.5329263370264308e6	2.5154936576626506e6	2.4966095772909215e6	2.475862987570774e6	2.447445207029866e6	2.43627619103809e6	2.403428136575919e6	2.3743599332223935e6	2.355410437815958e6	2.3379251102845687e6	2.310913532405898e6	2.269411138155327e6	2.259891216085541e6	2.238779115039123e6	2.208230253711752e6	2.1777845288382224e6	2.151352215038481e6	2.105680513850212e6	2.1191740430929204e6	2.0760644611840441e6	2.049105130581154e6	2.013600001308481e6	1.9899850145667656e6	1.9409452553735536e6	1.9164836501971255e6	1.89047659739057e6	1.84851009529881e6	1.8187584492331648e6	1.7817036548118736e6	1.7387881334101444e6	1.701507953184359e6	1.655219655292897e6	1.6252144949169115e6	1.5844807247882062e6	1.5467426538025257e6	1.4827734903571394e6	1.4537375752720248e6	1.405035616604168e6	1.3581891375997448e6	1.3106829875715727e6	1.259602106679228e6	1.205438913897763e6	1.1495096880515951e6	1.096918512398957e6	1.037867132401777e6	974508.7841384863	913293.1997982697	848517.6348066102	780668.4304549918	710149.7343945415	636480.9603809924	559708.3187458729	479586.05754392594	395832.69666946307	308244.75681735063	216468.3491879059	119877.36269258335	17451.67912973324	-92213.97214113316	-211171.9504636121	-342867.01107443264	-494311.6821543621	-687213.2996796807	-939204.8137131827	-1.0423929002370448e6	-1.1384397678298191e6	-1.2300101652541622e6	-1.3177009093650305e6	-1.4026901251031258e6	-1.4869417208215739e6	-1.5651598796450314e6	-1.6498749469562913e6	-1.7240200845459108e6	-1.7975474005905953e6	-1.86612797143231e6	-1.9391947828252786e6	-2.0082515696045398e6	-2.0728092094870391e6
3.4565446080673505e6	3.456481050054534e6	3.456311488526017e6	3.456126720293859e6	3.4556787865453977e6	3.4555506503625135e6	3.4550314885853035e6	3.454464200512977e6	3.453829292458048e6	3.4533621680959454e6	3.4525150018932624e6	3.4517855367004126e6	3.450957305534734e6	3.4501350940630697e6	3.449292134297489e6	3.447707880303649e6	3.4468869650835856e6	3.446324397931506e6	3.445482969279577e6	3.4434220438897926e6	3.4412517754720184e6	3.4394494024332096e6	3.4370671900328575e6	3.4357555015356014e6	3.43493387052628e6	3.431411494403157e6	3.43013971645806e6	3.427284215338449e6	3.4243412445457596e6	3.421800616246021e6	3.4199786727919914e6	3.4179913265894083e6	3.41621397746391e6	3.4123769354843516e6	3.410587979587745e6	3.4086672597605754e6	3.4082610810707323e6	3.4026166527713784e6	3.39802740825358e6	3.3958632007327485e6	3.395703924009205e6	3.388743204314772e6	3.3843914020123407e6	3.382530164294393e6	3.377286864191448e6	3.3736218394149835e6	3.3699480250013648e6	3.3671582366534295e6	3.3618821736063296e6	3.3599843980433876e6	3.352940812561035e6	3.3485948617107724e6	3.3454598685651044e6	3.339714183560001e6	3.3357991417559506e6	3.329984141810217e6	3.323071009669469e6	3.3196031034847572e6	3.3132640760972807e6	3.308483296851712e6	3.303431849428453e6	3.304515467955718e6	3.2899239883129415e6	3.286107383877355e6	3.289090227067364e6	3.2750098081675945e6	3.2664948193062795e6	3.2580382207714817e6	3.2522099756217524e6	3.2429379068568954e6	3.241651124827134e6	3.2348449749531774e6	3.2078164069365584e6	3.2290187081845333e6	3.2126248427359597e6	3.1971052940348973e6	3.2027111717816135e6	3.1855005774494377e6	3.17017153337161e6	3.168811882448242e6	3.1633881273336783e6	3.149543899328133e6	3.131752059353052e6	3.1239349494337714e6	3.1276006750891786e6	3.1188006162131615e6	3.1096868741032253e6	3.1075429778818283e6	3.0915078488101214e6	3.0783239008927885e6	3.0720135499625592e6	3.056100138417013e6	3.060801193707708e6	3.0388982529303962e6	3.0265549772664635e6	2.9951713173833387e6	2.9910277131469566e6	2.991508062023765e6	2.9682889312803573e6	2.9504182489991896e6	2.940746524413946e6	2.925087132627597e6	2.924595614446353e6	2.9166311664033146e6	2.904021915739968e6	2.8718961710801376e6	2.8624433409642675e6	2.851505238883925e6	2.836059678190587e6	2.8226417027473757e6	2.800601356957257e6	2.7850102547690165e6	2.771771170075088e6	2.7508450334146204e6	2.7221554694516314e6	2.7243681396256513e6	2.6910512454287913e6	2.671256625516038e6	2.6762598331667366e6	2.669682287060844e6	2.6192160497587575e6	2.618697678126772e6	2.587186671648779e6	2.588364066777572e6	2.5578242839285578e6	2.5347991938382285e6	2.5168527940292847e6	2.490294817427997e6	2.475418783165971e6	2.449884557525824e6	2.4179899696115525e6	2.3845927762370463e6	2.3581469936395423e6	2.3385849342138795e6	2.325562794372068e6	2.2875884563999954e6	2.279368301827487e6	2.2620603277517837e6	2.2250706958076055e6	2.1875995525524938e6	2.1789105753154596e6	2.163651573002335e6	2.1199560612503365e6	2.0916110238487902e6	2.062994714765458e6	2.035309797527337e6	2.0107324545092857e6	1.9662886538569136e6	1.929837809276357e6	1.8885373610287234e6	1.8749975591872046e6	1.8369182315984406e6	1.7924221022490012e6	1.7581789686157985e6	1.7132515263555043e6	1.6721713419876858e6	1.6358695199409842e6	1.5981634941297239e6	1.5469618302977944e6	1.493764557677613e6	1.4683248832508838e6	1.4239996477114288e6	1.3693233252754617e6	1.3185510164228315e6	1.2683943845081022e6	1.2158093563472142e6	1.1623040086807758e6	1.1028545304570594e6	1.0448457818954131e6	983685.8631971856	920097.7727871952	854760.5472225966	786358.1773214904	715342.3273557308	641195.9168515378	563828.8992367121	483097.0048190518	398702.7941327924	310442.49463997036	217956.32349230675	120608.86509236321	17366.975665399805	-93194.87641474791	-213165.39390762337	-346065.2889045249	-499116.7093167198	-695171.2238208065	-944467.1212307713	-1.048103806262678e6	-1.1446670702031278e6	-1.236847470734145e6	-1.3255513908004207e6	-1.4112732579068108e6	-1.4941522457907288e6	-1.5738772222951134e6	-1.6570972520600897e6	-1.7269155461053806e6	-1.806290290031672e6	-1.8743099866550476e6	-1.9549588621066432e6	-2.0215332141976939e6
3.493656941805131e6	3.4935820277851126e6	3.4934488455324606e6	3.4931947788877296e6	3.493014650342762e6	3.4925614740940374e6	3.4922132835275875e6	3.491693652585324e6	3.4909098460602793e6	3.4901431879116204e6	3.489617118556603e6	3.4886963316635345e6	3.488258255899589e6	3.4870545583890816e6	3.485761814155002e6	3.4848978298800476e6	3.4829162947498523e6	3.482667493975765e6	3.4812099515819936e6	3.4801061796663455e6	3.4772327249406497e6	3.4764734014152964e6	3.475147282220276e6	3.4732391713824165e6	3.471168602710341e6	3.4685768313669385e6	3.473032698911965e6	3.4646156356851077e6	3.463294227900091e6	3.460136504596488e6	3.4580847511033304e6	3.4570031571008204e6	3.453642723994215e6	3.449834205659687e6	3.4470187415631274e6	3.445978107178187e6	3.4435487565476806e6	3.4411221176570985e6	3.439509734263829e6	3.4368653681496372e6	3.4368337664245144e6	3.4289058767234827e6	3.427693427644107e6	3.422914803030871e6	3.419281098800746e6	3.4142604666328887e6	3.4119821086824182e6	3.4073853697694326e6	3.4010176938653933e6	3.397981429876284e6	3.3911806790683875e6	3.3878922566228816e6	3.3823723777517336e6	3.3775211297448133e6	3.3727837967052064e6	3.36803987333244e6	3.3661237132581924e6	3.3585392831964428e6	3.351496221835696e6	3.349330248011677e6	3.3368823579785395e6	3.334692994504609e6	3.336976584441018e6	3.322079220064231e6	3.3230783824145375e6	3.3113398186837523e6	3.306521442451584e6	3.29689576466674e6	3.2899546059070765e6	3.2893672169511523e6	3.2875523429951426e6	3.2728286559274266e6	3.268091830163909e6	3.257343344561926e6	3.243903157576929e6	3.2443977273093103e6	3.2427127319761002e6	3.2282405007219e6	3.2170488578579184e6	3.2149750621289387e6	3.202539999194915e6	3.195791541914832e6	3.1871587675831257e6	3.1708174427489704e6	3.1583619775808295e6	3.158829350231385e6	3.145466426339142e6	3.131121274139706e6	3.1274512792670056e6	3.121539100752104e6	3.1061010332218525e6	3.092145241826601e6	3.088555570743575e6	3.077914614748795e6	3.0719890450431863e6	3.0447187089942954e6	3.037387419536362e6	3.028281300658978e6	3.0034778436368983e6	2.9892506195728853e6	2.972165985535758e6	2.974793304304346e6	2.961011968449995e6	2.9431661960000196e6	2.927836491974822e6	2.9224955056691e6	2.9081001916979575e6	2.894207472223966e6	2.8787748613662203e6	2.8601975597066497e6	2.8407386594280764e6	2.837217959156528e6	2.804454374812198e6	2.79626507286417e6	2.7800493473677402e6	2.7450998798895734e6	2.7413926758450386e6	2.7036037978500878e6	2.6794166411700463e6	2.7041703228262006e6	2.675749636138386e6	2.645133522642593e6	2.614869716306156e6	2.6114955949394535e6	2.625203827526534e6	2.5824330553073413e6	2.5600500898075392e6	2.5313092725096634e6	2.5044331960056564e6	2.4873169887559987e6	2.483002806311855e6	2.430680266518848e6	2.416513497275304e6	2.383642957672918e6	2.3657802356305863e6	2.3380055271586766e6	2.3196347466844227e6	2.3008675540300077e6	2.282546211843723e6	2.2485366608325946e6	2.2258283324977476e6	2.2303162892554775e6	2.162068199237482e6	2.141478615343126e6	2.1001636641697413e6	2.0609017528719394e6	2.041047796354727e6	2.0241447660669023e6	1.9766619867893397e6	1.9476383398605362e6	1.952921971271248e6	1.8844921889013601e6	1.840885623886852e6	1.8207308813226111e6	1.773651022648598e6	1.736805391390763e6	1.7157178915133737e6	1.6457498960497295e6	1.6160845187119865e6	1.5612616757768337e6	1.5090084940590947e6	1.47644541104066e6	1.4219268800970167e6	1.3805677407433272e6	1.3292242243421362e6	1.2777379518282036e6	1.2248007790315212e6	1.170374316113609e6	1.1089340270135268e6	1.053418385621698e6	991017.2303897957	928764.5570150916	861501.0837563346	792389.4322405644	720655.7283939375	645893.9567131237	567979.9562408607	486615.30286157737	401578.64530380676	312644.7024115147	219447.39345394447	121341.94170765206	17282.080379903316	-94178.19464085344	-215164.43099612463	-349274.78764760355	-503947.57667383784	-703260.6289389874	-949711.4543031971	-1.0537690264683492e6	-1.150937383677986e6	-1.2436945983648603e6	-1.3332646417659544e6	-1.4202165044453056e6	-1.502077653695485e6	-1.5889597250946243e6	-1.6637564632350798e6	-1.7338652170640775e6	-1.842361309001814e6	-1.8935866401339988e6	-1.9601439641092974e6
3.530959958907351e6	3.530859636283363e6	3.5307736875371602e6	3.5305530742867882e6	3.530219444284995e6	3.5298276262465185e6	3.5293392500601374e6	3.5288272781708385e6	3.528095399224916e6	3.527542412682561e6	3.527013304362808e6	3.5264680331341154e6	3.5255360518479464e6	3.5246778402538397e6	3.5232642948309216e6	3.52227138171508e6	3.5211783942276826e6	3.5195818333533243e6	3.5180227931621373e6	3.5167094910613387e6	3.51578542563485e6	3.5144305860961247e6	3.512514964805023e6	3.5108992222273713e6	3.508443065335358e6	3.5080713405171502e6	3.504694577290884e6	3.5034328659747136e6	3.5000713540866994e6	3.4989344128309255e6	3.4957670757194776e6	3.493735713078556e6	3.490861650069946e6	3.487189350553244e6	3.484999171732173e6	3.481652711243596e6	3.478835514231231e6	3.4773468070813166e6	3.47141510061788e6	3.4711050940782186e6	3.4677115450477134e6	3.465795253991863e6	3.4699976563256416e6	3.4566710868847654e6	3.457098138977336e6	3.4550755991026834e6	3.450521537854646e6	3.4424290008222237e6	3.437399461651924e6	3.4328309198010773e6	3.4278331411617175e6	3.4248765736582405e6	3.4186715259048175e6	3.4192044072357053e6	3.4102427559821294e6	3.4147154642365845e6	3.4036013121324964e6	3.3948125942163495e6	3.387487310993616e6	3.3823341069345e6	3.3757518334263363e6	3.374743856900478e6	3.366546543647599e6	3.3739813479122072e6	3.358992246508916e6	3.351387009540718e6	3.3407896878491733e6	3.3345002720966246e6	3.336267255096761e6	3.328893318751243e6	3.319090792218635e6	3.2904485476554106e6	3.302447421492215e6	3.29227898406923e6	3.2894348255292987e6	3.277668289987011e6	3.2666299197958675e6	3.263383668272306e6	3.262765309226636e6	3.24932739864399e6	3.244667580747384e6	3.232337935493181e6	3.2188122109641107e6	3.214523265928907e6	3.205169111728656e6	3.2073252688300163e6	3.196235569782517e6	3.175582539356415e6	3.1636109654562115e6	3.1643182238456653e6	3.1511430252473378e6	3.129795250055662e6	3.122977909876943e6	3.1088830434624935e6	3.0959839309130996e6	3.088167113865753e6	3.073784356025841e6	3.067281287059066e6	3.0541283959901705e6	3.0405037943412294e6	3.0285944608440218e6	2.9992350166304545e6	3.010763262230913e6	2.9743272338707778e6	2.984065255333907e6	2.9626062870191783e6	2.946852417353408e6	2.9316822927057855e6	2.9218010382231055e6	2.906178823019334e6	2.892155119843216e6	2.8713972820181088e6	2.843207098098981e6	2.8188661692337263e6	2.8217186100726034e6	2.793481944894949e6	2.774641777253651e6	2.775161964625775e6	2.7556347053654594e6	2.732504099817167e6	2.7212833358112415e6	2.6858575708979005e6	2.662559807864787e6	2.6283273579898067e6	2.619232639073183e6	2.616071242945589e6	2.583761135229617e6	2.5645820768027697e6	2.5689401944004325e6	2.5298436917024706e6	2.5116643614664106e6	2.4976038512628884e6	2.459578166781088e6	2.3964896113994955e6	2.4070344246611795e6	2.3838660296719396e6	2.3660748303124746e6	2.3317716484640203e6	2.321008650729391e6	2.3027323351069833e6	2.2739604741493333e6	2.301293504593091e6	2.225885459191259e6	2.1745685600049994e6	2.1575413593795826e6	2.1204290041410523e6	2.1003051117380913e6	2.071654812035358e6	2.032323649582271e6	1.9845419314215183e6	1.985006358937135e6	1.9254873556256737e6	1.9138549103032134e6	1.854157526410823e6	1.785762187259919e6	1.7766189160224805e6	1.7523504110174049e6	1.7304748338399017e6	1.6627559253812875e6	1.6223773317845748e6	1.579422642821664e6	1.540986877603936e6	1.4872545412973792e6	1.4408711593410308e6	1.3942459235610482e6	1.3390968887187478e6	1.292452352373355e6	1.2366492223462611e6	1.1801855816182983e6	1.1198494420568035e6	1.0578262447363161e6	992539.4574315799	934917.4852599893	867650.0177956871	799719.1945152809	725972.3588388516	650658.07207414	572096.5496819639	490140.4770786334	404460.2323476225	314851.347407212	220941.53779393528	122076.58113223547	17196.993339514825	-95163.915811921	-217169.04783119122	-352495.52011180855	-508804.5966419205	-711491.0235137078	-954941.1293081339	-1.0594927120786062e6	-1.1572087727451161e6	-1.2504906112752971e6	-1.3400660352144814e6	-1.4268317697346606e6	-1.5111243367838445e6	-1.5974627246785886e6	-1.6701538376954892e6	-1.7494384035687917e6	-1.8234022832135647e6	-1.901022640501088e6
3.5684601750387144e6	3.568373273632719e6	3.5683222223545546e6	3.5680771665501148e6	3.567745090983409e6	3.5673925931951683e6	3.5670066664413004e6	3.5664853829294215e6	3.5657759725337825e6	3.56539086888042e6	3.56441810314199e6	3.563818576131725e6	3.5627249389295625e6	3.561697761047249e6	3.560992602053248e6	3.560073924490749e6	3.5598894619030682e6	3.5571358836848936e6	3.55759176248836e6	3.554402137099861e6	3.5533083617064483e6	3.5518055146265803e6	3.550201185012434e6	3.5470888859066153e6	3.547636134197691e6	3.544192562870152e6	3.540808982732794e6	3.5395189613123545e6	3.5388006252120435e6	3.535280923184948e6	3.533951893600638e6	3.530786591171667e6	3.528377906503951e6	3.528307183774687e6	3.5237955570739647e6	3.5212550386109315e6	3.5168515489528244e6	3.5146811926218267e6	3.5125059902786734e6	3.5090388670223835e6	3.504922468846594e6	3.501994136788026e6	3.5001772330012317e6	3.4945304371588435e6	3.490543084793796e6	3.4882338563456126e6	3.4823569863831596e6	3.4779408906372315e6	3.474208311018157e6	3.470912679815891e6	3.466561122279966e6	3.4613185903692893e6	3.457472794366449e6	3.452403141546064e6	3.451974008555882e6	3.4434765116671887e6	3.4389125963887586e6	3.434825510005972e6	3.428073743854414e6	3.421931401702057e6	3.414795687269002e6	3.4092789781570802e6	3.403696809955039e6	3.399378763224984e6	3.4013162028608313e6	3.3876415035526147e6	3.3817345933466004e6	3.3743253897166136e6	3.3699848088627905e6	3.3636920882472964e6	3.35787320789137e6	3.346355753192169e6	3.3494475586622474e6	3.3356139366625627e6	3.3336976553137065e6	3.3189346739743655e6	3.300667820692836e6	3.298927933335296e6	3.3025317598957806e6	3.285863137410471e6	3.2836209926945246e6	3.266971632922146e6	3.2672415669651614e6	3.245866014284718e6	3.243306757272042e6	3.2355291718105786e6	3.2208197558349255e6	3.2121625708239833e6	3.2037337793866056e6	3.191263451526087e6	3.1829099395080754e6	3.1721049786509005e6	3.168552573768611e6	3.152117051712521e6	3.139927485565602e6	3.139920946936672e6	3.114339270454757e6	3.1022656449685004e6	3.093289135564204e6	3.0786703708131975e6	3.0709945353911174e6	3.0533848428676915e6	3.0190002299129916e6	3.0249275979251517e6	3.0131774756054706e6	3.0149535691666636e6	2.984539397066866e6	2.9765711456824895e6	2.958100224235897e6	2.944819991390442e6	2.9324881436234913e6	2.9101387164442106e6	2.8948357732508793e6	2.8789099940447733e6	2.854497879386452e6	2.848798981840174e6	2.831199506066016e6	2.804785012980129e6	2.79574595267622e6	2.7590419641992077e6	2.7379710467056404e6	2.7337396581517057e6	2.710027104511706e6	2.6724828027901743e6	2.681554896187232e6	2.6673383605329143e6	2.6515467587100603e6	2.6217532116292277e6	2.5940460453447616e6	2.574536565184279e6	2.551559695577056e6	2.537937627141118e6	2.5154664711236944e6	2.478463602943071e6	2.438178506553386e6	2.4390394562330996e6	2.398705141264566e6	2.389035543217732e6	2.35871697296651e6	2.346539058874647e6	2.318942151371143e6	2.285199617403778e6	2.265763618335776e6	2.2279650516812233e6	2.2083628195204437e6	2.1804040124115674e6	2.140961564663929e6	2.108695902185815e6	2.0804053118160295e6	2.044053450844615e6	2.0197106167117278e6	1.9688084421280934e6	1.9426249798041075e6	1.918969174320396e6	1.8802694991306053e6	1.8321843924330468e6	1.8124837346606345e6	1.7658259598995e6	1.7423121398864482e6	1.670064845293871e6	1.6375917933593409e6	1.588901739805626e6	1.5531800856880194e6	1.50614656640278e6	1.4495282054884098e6	1.4030116478639806e6	1.3527406397120785e6	1.29692436748567e6	1.2434586548025906e6	1.1860139262226028e6	1.1328279862216976e6	1.0680649762000074e6	999940.4490195368	941613.429315506	874053.9960529315	804061.0798625941	731292.0667298012	655398.1002151933	576292.9343804093	493672.35967306	407348.62726632366	317062.39949019626	222438.7354040458	122812.77529936936	17111.718276969623	-96152.02897392446	-219179.227913226	-355727.49988671904	-513688.0953728645	-719873.2709414051	-960158.8410302936	-1.0651600614428022e6	-1.1634888188466518e6	-1.2573930270890729e6	-1.347502214687264e6	-1.434345138513152e6	-1.5202280071064797e6	-1.6018269049881096e6	-1.6812512056091414e6	-1.7607314394432367e6	-1.8310810079697925e6
3.6061530973673244e6	3.6061089044134216e6	3.6059777589035523e6	3.605781206174213e6	3.6054609163302374e6	3.605121824656218e6	3.604478616840957e6	3.6041595895632203e6	3.6036908643875336e6	3.6028976198827885e6	3.6020189586953707e6	3.6014633151056375e6	3.6003991483156374e6	3.5999874728248604e6	3.598720891229046e6	3.59716269944237e6	3.5965186143375477e6	3.5950638873970886e6	3.5934273873663303e6	3.5923936826363457e6	3.5915474326136922e6	3.5894090412277835e6	3.5877888520892e6	3.5859969277751995e6	3.583177382915216e6	3.5795041372519275e6	3.5802581303732274e6	3.5782563921882613e6	3.574922701506295e6	3.573900553213064e6	3.571560630847003e6	3.568090758496627e6	3.565945383417845e6	3.564464384642438e6	3.5613842001563553e6	3.560522623147894e6	3.555954057646843e6	3.552115270232624e6	3.549311743648413e6	3.547833325430907e6	3.5420877478899e6	3.540168178259947e6	3.536249046524021e6	3.5336225149025163e6	3.530648602013428e6	3.5243381151005714e6	3.520684040336911e6	3.5180612670903695e6	3.5117718812711886e6	3.5081318891264875e6	3.505542466836724e6	3.499542492895178e6	3.4946104509469043e6	3.491905539620534e6	3.4862500190595137e6	3.481057372357515e6	3.477529490074422e6	3.469146926179828e6	3.464359908447824e6	3.4584458389601875e6	3.4567787929989453e6	3.451661288921545e6	3.446714129445944e6	3.4372277630536635e6	3.43122003144337e6	3.431231251842414e6	3.418757494242023e6	3.415972137769317e6	3.4062437714111162e6	3.403223415009449e6	3.3870585447503366e6	3.386895390687952e6	3.3751747385193733e6	3.36811626098664e6	3.3660837558897682e6	3.3559994748825645e6	3.3481148580620373e6	3.3382847491259743e6	3.3305739640773768e6	3.3334291817196175e6	3.322908442264781e6	3.3105204061339065e6	3.2953339840187277e6	3.286024674736039e6	3.2854533042282015e6	3.2707883324949117e6	3.26489385625631e6	3.2568488115624115e6	3.241546032394343e6	3.236481570017756e6	3.2214860254826765e6	3.214897331129144e6	3.2008324861864797e6	3.197871726617421e6	3.170633992475619e6	3.169649594451542e6	3.16277341481887e6	3.146555082192084e6	3.136416059251534e6	3.1309954288031347e6	3.104896765331273e6	3.092131446516296e6	3.0795862566158697e6	3.055810325942554e6	3.052884913039616e6	3.037644974070557e6	3.027184377059688e6	3.006348506626631e6	3.01026430134423e6	2.970888557443396e6	2.9779821454741824e6	2.9472335319192843e6	2.931504552676519e6	2.914786974308279e6	2.896585040542913e6	2.872252895954489e6	2.871397621681758e6	2.849183050406009e6	2.8305442419317383e6	2.8226530176824657e6	2.796763667994201e6	2.792199943755774e6	2.748093055019085e6	2.732650237249651e6	2.6935610008003167e6	2.711608920804236e6	2.703644471883593e6	2.690731099693463e6	2.6404282271588785e6	2.629699648138277e6	2.5920903681719387e6	2.555189486851719e6	2.5248249050115696e6	2.52816591336147e6	2.489465682795547e6	2.429897451466916e6	2.443498090206734e6	2.405722033297035e6	2.4060529017476183e6	2.3944381547552645e6	2.359706456830104e6	2.3373498556529493e6	2.3218621300811954e6	2.267836558901988e6	2.2275304937487254e6	2.2248321393740387e6	2.2058139617140526e6	2.157852743223661e6	2.13066406785408e6	2.0933222841460065e6	2.079599565167958e6	2.0289860894923983e6	1.9846675233562947e6	1.9584652147128913e6	1.92163633039781e6	1.8936413917867062e6	1.8563095415558023e6	1.8262346620509555e6	1.7698896452026377e6	1.7256632453183965e6	1.689797801763611e6	1.6485878339210418e6	1.5961787816847297e6	1.5468397808125247e6	1.5091165524696582e6	1.4668073244479196e6	1.4102681463798746e6	1.3606499376478828e6	1.303552116810944e6	1.2513463932316438e6	1.195796997990198e6	1.1345277587145655e6	1.0771424886373533e6	1.0073938816269622e6	948187.8729596874	880455.9501041356	809985.3903814913	736644.7178802588	660146.5913491878	580420.5343555007	497211.30895450106	410240.2265285612	319277.83257997176	223938.9722212893	123550.51683915313	17026.25384561345	-97142.51760768658	-221194.95690125553	-358970.74208835	-518598.4115020335	-728419.879581017	-965366.9193532034	-1.070897983339148e6	-1.169766441353832e6	-1.2641996657940452e6	-1.3552943108326406e6	-1.4422462619805061e6	-1.5296319963545534e6	-1.6092382649647645e6	-1.6891287621737034e6	-1.768414109330257e6
3.64404387724024e6	3.644023992470889e6	3.6437958328258875e6	3.6437120318736746e6	3.643410494647857e6	3.6430507430524766e6	3.642533225554694e6	3.6392831065109605e6	3.6387714553309223e6	3.6410214362926553e6	3.6402106948160324e6	3.6391297325292123e6	3.6381480452078413e6	3.6380081626033317e6	3.6367218257674472e6	3.6354675109694274e6	3.634330391276399e6	3.633285417614397e6	3.6319282843987355e6	3.630707040650884e6	3.628645389625194e6	3.629425832928728e6	3.6279589309129873e6	3.624211612591287e6	3.6203087967475355e6	3.619966396591597e6	3.616783191894431e6	3.6157958140479657e6	3.614187896467464e6	3.611798642670653e6	3.609208612530589e6	3.60703157052298e6	3.603688051115116e6	3.6016837636599564e6	3.599356688294608e6	3.5959737203699183e6	3.594275644068828e6	3.590679792535628e6	3.5870505612095427e6	3.5849154144007494e6	3.5819473964383495e6	3.5774755830370863e6	3.574551232071663e6	3.570829596232723e6	3.5684342943462837e6	3.5635733555749967e6	3.5608076657031747e6	3.5550747225018987e6	3.5509755657729553e6	3.547288661835014e6	3.541409526911969e6	3.5361544684882318e6	3.5338538856030004e6	3.528298656078229e6	3.5247447647514804e6	3.5200115960198888e6	3.513481920144451e6	3.5145459947906975e6	3.5044647435039566e6	3.4989093511561775e6	3.4913221543353065e6	3.489395950281028e6	3.4821683574620294e6	3.4749635427916925e6	3.4706839163414827e6	3.4647649269593656e6	3.4657390769709744e6	3.454259427458929e6	3.4473994475517203e6	3.4353538919151854e6	3.427368556145546e6	3.4263166903924146e6	3.41637839464769e6	3.408361531149343e6	3.405656601086542e6	3.3975935384257725e6	3.3864002351112794e6	3.377748507325041e6	3.372312051984209e6	3.3651687618636293e6	3.3621387243235125e6	3.3519181871643057e6	3.338753814030945e6	3.334637997980074e6	3.3280819500582144e6	3.308796800526545e6	3.308631729403748e6	3.2880728936090274e6	3.2718610269521736e6	3.27397034525206e6	3.2615621922274157e6	3.258634513008031e6	3.2375456049047513e6	3.2288572841201494e6	3.2134786467262683e6	3.210087523598765e6	3.1964912309446568e6	3.1919645898170504e6	3.1728819281966784e6	3.1693105442055967e6	3.1443925772535754e6	3.136142012606923e6	3.1234719840791468e6	3.1035817309752014e6	3.1054570235724533e6	3.084555751604206e6	3.063863155413298e6	3.054870583237922e6	3.041868901773885e6	3.0264806312470776e6	3.0070276825196464e6	2.992979421490431e6	2.9848640421197913e6	2.9600109211777067e6	2.9392681531820092e6	2.9330461593807377e6	2.913841668260332e6	2.901931535516959e6	2.8853514479307383e6	2.8421093216835917e6	2.8397358765645465e6	2.8209615059539746e6	2.768345369318755e6	2.7914615786563517e6	2.7796471301321723e6	2.745204148497263e6	2.7326242763496023e6	2.7229839041000805e6	2.706081494783571e6	2.6708562315767533e6	2.6414030532208523e6	2.6226234167975043e6	2.582211471188143e6	2.5721625102516515e6	2.54460826536238e6	2.50792117054371e6	2.4570148909525727e6	2.458005417267154e6	2.4302990802952466e6	2.4272913592567034e6	2.4069756772843646e6	2.3712124259153865e6	2.3495852074261764e6	2.3305947821163265e6	2.2909781300525838e6	2.2669085066351946e6	2.2413638228012915e6	2.204997522484161e6	2.1823065204463196e6	2.1397003176684612e6	2.1136173112891945e6	2.0654373396387943e6	2.02521580810554e6	2.001271384584769e6	1.985212758968742e6	1.932734925703308e6	1.9247287993973303e6	1.878932601666369e6	1.8312389049317385e6	1.7867425956682228e6	1.7467550183466678e6	1.6927958752648032e6	1.6647321120996326e6	1.6147341946653938e6	1.5718730725024496e6	1.5122971438169186e6	1.470400910673062e6	1.4192313894575026e6	1.3651355012779967e6	1.3076232613209807e6	1.2638851908143722e6	1.2043002206482068e6	1.1466895076260255e6	1.0850074820118085e6	1.0148281472765724e6	955260.1871354198	886861.4995788145	815844.347017285	741943.5805076798	664902.9604450888	584580.5875315154	500757.3610743033	413138.7445633677	321497.61966742156	225442.22525718296	124289.79286188725	16940.604200059548	-98135.38739884458	-223216.21762900334	-362225.26438837545	-523535.9023063779	-737145.3659334625	-970567.2955339947	-1.0765774484801018e6	-1.176031698237523e6	-1.2709230761929476e6	-1.3624022426239536e6	-1.451249806346618e6	-1.5365989303922434e6	-1.6180111472728369e6	-1.6997611477092844e6
3.6821283869556966e6	3.6820961695196196e6	3.6819108041925966e6	3.6818213364867223e6	3.681438280936031e6	3.6811785258220504e6	3.680791680296282e6	3.68024927463882e6	3.679826015427274e6	3.679258778604096e6	3.6781689024063963e6	3.676154829418014e6	3.6765665044459198e6	3.6758946951281494e6	3.674643755963411e6	3.671197144349101e6	3.6722717338450854e6	3.6714857666816423e6	3.669810947998629e6	3.6683334315320486e6	3.66591568892023e6	3.665444818427866e6	3.663595535370441e6	3.6613801542994333e6	3.660488301408525e6	3.6585120841967817e6	3.6560812817045106e6	3.6541257023929446e6	3.6520393581605335e6	3.649286738981162e6	3.6471910223338013e6	3.645122291104883e6	3.6424533103565797e6	3.638233777863372e6	3.636236885869299e6	3.634901899163722e6	3.6343420309573603e6	3.629165340162415e6	3.624956462452647e6	3.6218212457488757e6	3.6179569111019894e6	3.6167943965637586e6	3.6141201284147734e6	3.609209713427617e6	3.6082229450206594e6	3.5997539270970635e6	3.5986577383748908e6	3.5947550578572797e6	3.588811078374218e6	3.5863662463191883e6	3.5788013364101322e6	3.578230655350527e6	3.573070389650167e6	3.567703973567488e6	3.563963028553613e6	3.55974223177806e6	3.550765382201034e6	3.549330730717191e6	3.5417879725716608e6	3.539038607394877e6	3.5344813379270863e6	3.5265173639511373e6	3.522218772109612e6	3.5129921532413014e6	3.508368326744091e6	3.5053776048406665e6	3.5004416730841366e6	3.4897643953775624e6	3.482194170252671e6	3.471592690404956e6	3.4719674808950587e6	3.465516355017055e6	3.452411328530494e6	3.450326421490485e6	3.4380321792310346e6	3.43321268011431e6	3.4262256354822614e6	3.4202264413151224e6	3.4134742452915604e6	3.400564684971074e6	3.3897184143715203e6	3.3920979861345203e6	3.378318292888642e6	3.372335171299831e6	3.3698704371486176e6	3.349516867064089e6	3.3420871225652946e6	3.3353340825431296e6	3.3275768879976515e6	3.303313053478616e6	3.3003669586508377e6	3.2904175050338674e6	3.2786083365674093e6	3.2700901902246503e6	3.2619694426575294e6	3.252442914383991e6	3.237451408189292e6	3.247327649676062e6	3.2306642208072934e6	3.202563532901665e6	3.1811599240118684e6	3.178462773741996e6	3.167034917847348e6	3.162641486166585e6	3.134361763279923e6	3.12035158731986e6	3.1256789675395293e6	3.088962778663734e6	3.074790520082283e6	3.0637551064165244e6	3.058293491161394e6	3.0442459015384004e6	3.0123527145106825e6	2.995273128974092e6	2.9816933396312064e6	2.9754431010903935e6	2.948171669505868e6	2.9324850476675224e6	2.9092557169912085e6	2.882745366976208e6	2.886106652925682e6	2.8648462688626572e6	2.8280504511897108e6	2.812342660998676e6	2.814370294024173e6	2.803252192078051e6	2.773240155281772e6	2.769327558120727e6	2.735739558487228e6	2.7120341025943425e6	2.6772200978684262e6	2.6608678977375906e6	2.639759506755668e6	2.5902364997100187e6	2.569420062894823e6	2.5802071821845067e6	2.5230879370273687e6	2.4749370327693527e6	2.485776601699584e6	2.4518739378913976e6	2.4528992136498997e6	2.409860568109974e6	2.406251077535612e6	2.349096671808592e6	2.353155482530232e6	2.3137305055000735e6	2.2891397006829325e6	2.2603640742897387e6	2.227560331250281e6	2.201753186052622e6	2.163535958582878e6	2.1267094806594346e6	2.0954093450729707e6	2.0612686818963732e6	2.0241948014431114e6	1.9855680590442298e6	1.958279041774618e6	1.9248034023828679e6	1.88254047843629e6	1.8405524940566628e6	1.8010624541043346e6	1.7525252715801308e6	1.7158391575866442e6	1.6855368924119468e6	1.616271783227016e6	1.5871394503237973e6	1.5315410274140132e6	1.4897230061122365e6	1.4264300291376389e6	1.3794136237673329e6	1.3250915383544434e6	1.272150917228192e6	1.209420705098853e6	1.1538189700028575e6	1.0905849419024596e6	1.0223118222161452e6	962031.60137317	893358.1211681557	822869.1346836141	747332.9049342149	669640.9559003189	588798.5157492785	504312.97884932905	416042.72839278076	323721.7299156673	226948.4761200277	125030.59239648608	16854.763764108066	-99130.59193273028	-225242.9963343055	-365491.08092626603	-528500.9329873892	-746066.7188079464	-975761.0820435551	-1.082311286289019e6	-1.1824345962338173e6	-1.278163105366225e6	-1.3699153775526355e6	-1.4598107508682045e6	-1.5454502307984815e6	-1.6273720847008773e6
3.72040729766339e6	3.720348650790732e6	3.7202991879469203e6	3.720010197628662e6	3.7196943205144224e6	3.7192475828042785e6	3.7189912812465504e6	3.718703186786329e6	3.7180914778674496e6	3.7178904819318703e6	3.7165527408089656e6	3.7158845241234577e6	3.71517554880911e6	3.7140651274192943e6	3.712944529677833e6	3.7118511471292824e6	3.710161796127813e6	3.7093483077263087e6	3.708519962170438e6	3.706768313576268e6	3.7055069601055607e6	3.702794343493791e6	3.7014960005895523e6	3.700213306050906e6	3.699210790915394e6	3.6958133674791115e6	3.6948354724913677e6	3.6926481212332156e6	3.6901550295125428e6	3.6876512463118844e6	3.6860875145904445e6	3.684022801054197e6	3.681434326588164e6	3.677368352279754e6	3.6725403117105966e6	3.6711808367704344e6	3.6692890977345314e6	3.6687750308455476e6	3.6654934586223764e6	3.660858342152862e6	3.65849027226462e6	3.657857065479883e6	3.651507991254073e6	3.6494695480420124e6	3.6437487022961606e6	3.639867558079449e6	3.6368312249705014e6	3.631885393470962e6	3.611443153078895e6	3.6248255580731686e6	3.6183388829380595e6	3.610773546833074e6	3.613803064538622e6	3.607864485704135e6	3.5925659940678044e6	3.5959186587154893e6	3.5917945492021535e6	3.588212778562972e6	3.5848408470174e6	3.579681254098991e6	3.579236171110249e6	3.565036167767367e6	3.5601673242846457e6	3.5526078861734183e6	3.5487715127702616e6	3.54155037709485e6	3.535845913632685e6	3.5226991472093873e6	3.5190764775216044e6	3.5073814012302733e6	3.5147537329926835e6	3.5029147309995755e6	3.5009447154758084e6	3.4868653806100185e6	3.480923032266303e6	3.471460918178528e6	3.4707398320026323e6	3.4608780842343457e6	3.45395452579024e6	3.44235757347395e6	3.4331363253898514e6	3.4248390770295565e6	3.426182421133057e6	3.4120090438803164e6	3.4061525814801287e6	3.3960786198299048e6	3.3794947782158502e6	3.3676582658355813e6	3.3657424349498497e6	3.353315943893953e6	3.3380411732867407e6	3.330139355508266e6	3.322632182532957e6	3.3073115969292377e6	3.2968111754217474e6	3.286881793453161e6	3.29717558903463e6	3.2702669582664743e6	3.2732482365740165e6	3.2510448452356546e6	3.228530077868331e6	3.2158270731309974e6	3.217542085495496e6	3.203640979388383e6	3.17824155083244e6	3.163428402805149e6	3.151777964110352e6	3.1466025112295654e6	3.1255640822545453e6	3.1078570295301354e6	3.0895606547850305e6	3.0830193121005795e6	3.0620122444111854e6	3.038096955387159e6	3.032710692295598e6	3.0202884019607515e6	3.0034807348751435e6	2.9777960282293567e6	2.9675644088046504e6	2.9465817840247033e6	2.91928195863102e6	2.900079813415441e6	2.8712242788748215e6	2.846594991985466e6	2.8457756209315406e6	2.8406042274920447e6	2.812126605989721e6	2.79613697240236e6	2.764793944999812e6	2.765314263973686e6	2.750028506601852e6	2.7093674616385135e6	2.690250207661936e6	2.658902761450952e6	2.624216428778504e6	2.5906933149449187e6	2.582392269920367e6	2.556010112990426e6	2.5036586969580436e6	2.502613416298769e6	2.462162737435562e6	2.523059539519866e6	2.4346356973598707e6	2.421500916740494e6	2.4087124731718116e6	2.3758086185660777e6	2.344525117207272e6	2.3045003459596895e6	2.2671452356653074e6	2.2592328774514874e6	2.2128729529652717e6	2.186522509323083e6	2.1237096213717815e6	2.1159601412399067e6	2.0843390414051558e6	2.054423421298102e6	1.9930975807874817e6	1.9640957270650105e6	1.9253756913125901e6	1.9011130403963644e6	1.8549219515666496e6	1.8050891183332594e6	1.774374055721771e6	1.755014073529235e6	1.6842867535411613e6	1.6413882199212199e6	1.5850935094587964e6	1.5404888039634302e6	1.4991948727194616e6	1.440249771372782e6	1.3925660784718252e6	1.3359622253401508e6	1.284829215899384e6	1.2233190796221811e6	1.1622221199731901e6	1.101301956883593e6	1.0298055180367031e6	969454.0339236814	899884.710468302	828709.5843462269	752787.4058755455	674415.5981119354	592955.2963685035	507871.38817396853	418952.1725212005	325950.13801348256	228457.69868381973	125772.91833769856	16768.73870323226	-100128.18242113478	-227275.27882615104	-368768.2120627193	-533493.8909291988	-755204.0141164563	-980949.1811017315	-1.0880160206896146e6	-1.1885292809147877e6	-1.28477849242261e6	-1.3773251395202265e6	-1.4666755697055203e6	-1.553681336909274e6
3.7588826401912356e6	3.758824378792247e6	3.758712945081048e6	3.758400578779429e6	3.7583151372851124e6	3.7579379800609024e6	3.757446217010422e6	3.7569170254162643e6	3.7564792602789034e6	3.75558233294356e6	3.7549241741236304e6	3.7542403852213104e6	3.7535316748801377e6	3.7525181771242754e6	3.7517788539823536e6	3.7500326380893444e6	3.7492477810792243e6	3.748342806456866e6	3.7461938960149325e6	3.745521351586898e6	3.744038598274393e6	3.742089505816775e6	3.740127925648436e6	3.738458057047216e6	3.7375200904414495e6	3.735076027977435e6	3.7337970084818173e6	3.73118689180645e6	3.728489958590189e6	3.7263847065607486e6	3.7239611744218715e6	3.7218546280762414e6	3.719642119252765e6	3.7165506763853724e6	3.7144033177588596e6	3.7119749905069815e6	3.7087256863740543e6	3.706749057892428e6	3.703700289659128e6	3.700033399182339e6	3.6938274210376423e6	3.692491524205053e6	3.690437219378641e6	3.6862078053522003e6	3.6825799010023437e6	3.6772199731677272e6	3.67503883161804e6	3.6716761453637197e6	3.668536919709784e6	3.6623418069311073e6	3.6586892147565424e6	3.6539035626161974e6	3.6522043964202786e6	3.646618074656047e6	3.6402362958027935e6	3.635748485025574e6	3.631740361167427e6	3.625267987954311e6	3.621379477259889e6	3.619488484442767e6	3.61004497380606e6	3.6068337812111326e6	3.592847807192571e6	3.5939999428180736e6	3.5879072657976933e6	3.5709573254991146e6	3.5766252213539723e6	3.570232692517364e6	3.5585030371853197e6	3.554482033804743e6	3.548052178771623e6	3.54422792405547e6	3.54701661308042e6	3.528061625993156e6	3.520351754717463e6	3.5168123277875218e6	3.5050146005728333e6	3.4974344978529485e6	3.4919107562557394e6	3.4843865072744326e6	3.472245684948248e6	3.474297671687335e6	3.458279450511216e6	3.457979333033113e6	3.440684700611856e6	3.4249895679468084e6	3.4231897610044633e6	3.417781758821448e6	3.3992425216527474e6	3.3910238274654485e6	3.3889757898292914e6	3.3618832226639735e6	3.3547464964240575e6	3.350102367304673e6	3.333950182067942e6	3.337323143354562e6	3.3149994118799185e6	3.3118127112128776e6	3.300425946609681e6	3.28231563962623e6	3.2749924997539804e6	3.25988553326173e6	3.2479447354087224e6	3.2364693208727613e6	3.214366653831503e6	3.20314718711315e6	3.1847942834684933e6	3.1925260084002074e6	3.19634742122812e6	3.14947026945889e6	3.132316531628728e6	3.115011630110751e6	3.095968438652237e6	3.0720095061202506e6	3.0699726777904816e6	3.0664004568247963e6	3.043062898339024e6	3.0333688971410035e6	3.0046980979055692e6	2.992523139775414e6	2.964178634293746e6	2.9537569822684503e6	2.918215385744848e6	2.9191834844405423e6	2.887938342992609e6	2.885104683496973e6	2.8664404008452245e6	2.8356263367463914e6	2.831156494235525e6	2.7880087822195063e6	2.7815922101304317e6	2.753719618633126e6	2.732997775305241e6	2.708656299644481e6	2.6853081794862472e6	2.6551631465143524e6	2.62928725865702e6	2.6032136305243904e6	2.5787966291777883e6	2.519679434115066e6	2.50966181726548e6	2.4880018160951487e6	2.47694163453293e6	2.445915233652376e6	2.4512236612344785e6	2.420692929876253e6	2.379434344740111e6	2.3521867937410586e6	2.351753040841436e6	2.285194472282201e6	2.282875647720414e6	2.232425993295826e6	2.1769239368633544e6	2.1545883866861043e6	2.1303344817189127e6	2.088746986346081e6	2.0754150860650209e6	2.0162022781672487e6	1.9876544152002558e6	1.9537822801438458e6	1.918487319502662e6	1.8604152855753743e6	1.8294701475916186e6	1.8129459433640207e6	1.7284361994780418e6	1.6901725731774513e6	1.6490406299931929e6	1.6019548452051452e6	1.5540865235136347e6	1.504620666757979e6	1.4591518671248974e6	1.4013948708520373e6	1.3448247295915592e6	1.2885258883685158e6	1.230272616432215e6	1.1716449781866563e6	1.107559462528401e6	1.037319200368457e6	976579.2593012098	906177.6377348555	833584.5051890919	757997.2973056184	679219.4100005296	597183.3183490122	511436.5450947997	421867.1256242269	328182.81729508284	229969.89075281192	126516.74843219528	16682.530268650502	-101128.09271426173	-229313.05129204132	-372056.6751372819	-538515.1795908441	-764581.2486723182	-986135.2302670111	-1.093738449980372e6	-1.1950091321311179e6	-1.291384708144953e6	-1.3846397310710908e6	-1.4739348646105272e6
3.7975535282141347e6	3.797530332029625e6	3.7973530935308863e6	3.7971219528982164e6	3.7970828079444678e6	3.796635061655022e6	3.7961801618566397e6	3.7955627739654994e6	3.7949610194457695e6	3.794629599547588e6	3.7937983109501307e6	3.7927740153271584e6	3.792057068656885e6	3.791299415959716e6	3.79081538151387e6	3.7890247441363656e6	3.788219446814176e6	3.7863229782831953e6	3.7852760320107033e6	3.783679655105371e6	3.7827538198791696e6	3.781243389668665e6	3.7789339318691045e6	3.7775493181471503e6	3.7758124857237884e6	3.774909693160896e6	3.7730317209311523e6	3.770493749083897e6	3.768771695509386e6	3.765465540206534e6	3.7623613206946156e6	3.760591217042475e6	3.759906390866096e6	3.756130925933276e6	3.753518663788768e6	3.7508432591964053e6	3.748168425355365e6	3.743880510494975e6	3.742245661080489e6	3.740107248952678e6	3.7370758619689746e6	3.732494841852345e6	3.7292626706499e6	3.7253494650503695e6	3.7217460773450467e6	3.71826308744292e6	3.7111544802843877e6	3.7097817579314155e6	3.7066562518592267e6	3.701451618925187e6	3.6990406507165353e6	3.6962310699609607e6	3.6845411718493095e6	3.683971955561459e6	3.679762598007651e6	3.675341980814449e6	3.6693056384378304e6	3.666648571533347e6	3.6637328370079896e6	3.6549150303267306e6	3.6492627657130677e6	3.645785475720265e6	3.6377420654713986e6	3.633396365981062e6	3.6301853377650483e6	3.6235116452578087e6	3.614453461224924e6	3.6050725202806583e6	3.6040572996692713e6	3.5979698804126144e6	3.5892740082074553e6	3.5792948477156786e6	3.5780772699253242e6	3.569853707715182e6	3.5625469259360577e6	3.5528395375290643e6	3.5498789899794157e6	3.534859923457113e6	3.5276766992701264e6	3.5238288997397744e6	3.51990328538778e6	3.507363810942724e6	3.4982688519534543e6	3.5014639306448568e6	3.4801183044796204e6	3.470940202332435e6	3.4617950269770054e6	3.454080480451409e6	3.44421924852534e6	3.433105055702864e6	3.425571732143598e6	3.408499429293964e6	3.4054287581871627e6	3.392718987684494e6	3.382854963175834e6	3.3654760007096166e6	3.352010055638925e6	3.3518763349506324e6	3.334723409474482e6	3.327157760051097e6	3.3242055226083044e6	3.3100815012913765e6	3.296049167443906e6	3.2695768220780697e6	3.2556474003666067e6	3.2464588691071193e6	3.219764796763657e6	3.2098528026414504e6	3.198055809513438e6	3.19490631472491e6	3.1689268129515685e6	3.1515221726302123e6	3.140091207670148e6	3.1425041373797334e6	3.1089525103782206e6	3.0961996688846215e6	3.0709746454477482e6	3.0663348933716086e6	3.0508156073536854e6	3.0347453924885513e6	3.012546940123803e6	2.979100080068282e6	2.960099202959883e6	2.9133113160331436e6	2.9708197292508786e6	2.921736921179186e6	2.90434946398726e6	2.8878482221844075e6	2.8668379779405836e6	2.8342529870036794e6	2.8177758575896863e6	2.810851713439267e6	2.773503780632362e6	2.763462194206191e6	2.733887269263493e6	2.71585114472822e6	2.6855527980509233e6	2.6502455816473714e6	2.6329670601359606e6	2.590861570302836e6	2.5343941891572955e6	2.543972443937778e6	2.4919218766085207e6	2.519484743656399e6	2.4709477813248145e6	2.470364564946873e6	2.425673544064283e6	2.4244074296007203e6	2.3897488247130355e6	2.336817105560575e6	2.299031620357309e6	2.273917140628515e6	2.2264912313418873e6	2.2210120471392367e6	2.188553699412021e6	2.143363540583627e6	2.1172311354916967e6	2.064910120999142e6	2.0397794701951542e6	2.0255574557383908e6	1.9693555155635518e6	1.9268381716203075e6	1.903513749466431e6	1.8737835322002298e6	1.7925138524969285e6	1.7472263326989787e6	1.706564887593036e6	1.6581042303606367e6	1.6093299675019833e6	1.5616084392999425e6	1.522398651768704e6	1.4674789194177263e6	1.4101208900170177e6	1.3543454929677104e6	1.2983759477166915e6	1.2381285563790435e6	1.1794827218369492e6	1.1164945177070587e6	1.044840575360958e6	983149.3876275229	912575.8460655888	839313.8861893485	763400.80086254	684093.8111447641	601377.1648036861	515006.19854633696	424787.5904134712	330419.74058228545	231485.0258677504	127262.07955039898	16596.13835956296	-102130.3312349529	-231356.29818604607	-375356.49384075357	-543565.2178229117	-774227.4314507456	-991317.562922562	-1.09946414696236e6	-1.201366293159612e6	-1.2987210429290305e6	-1.3922518816218046e6
3.836418736680537e6	3.8363688284162036e6	3.83624229587124e6	3.836036037187898e6	3.8356815084407935e6	3.8357574600431826e6	3.835077281780836e6	3.834638878413125e6	3.834106298227648e6	3.833329545278913e6	3.8325997147425306e6	3.8316859614987676e6	3.8309453754556547e6	3.830242885035635e6	3.8290287444682084e6	3.8286070047420934e6	3.8269191563191824e6	3.8254583574105226e6	3.82401317854103e6	3.823351682950111e6	3.8209873883927166e6	3.8195218045900334e6	3.818101292097468e6	3.8161545481616464e6	3.814967635497786e6	3.813367524535164e6	3.8112779095766293e6	3.809700977368538e6	3.8070586527526793e6	3.805095313377363e6	3.8027243690772853e6	3.800620056689137e6	3.7975432344192136e6	3.7951760620619394e6	3.7920709066606816e6	3.7879426184338243e6	3.787199652970835e6	3.7842216744535095e6	3.780753492714336e6	3.7785108093895474e6	3.775195634396864e6	3.7718807212518603e6	3.768047242425863e6	3.764696035957426e6	3.7615809234513273e6	3.757214930066207e6	3.7526679666481903e6	3.7504290603693845e6	3.745511171025808e6	3.74103889880289e6	3.7380873456317396e6	3.734874602279871e6	3.7276652507437808e6	3.721566755522416e6	3.718628371950724e6	3.7139306113976412e6	3.7079420163072357e6	3.705412674268265e6	3.7065749725032942e6	3.6938034645221415e6	3.690639000478366e6	3.6851872000920298e6	3.680108669712897e6	3.6740081990836877e6	3.6627267627968527e6	3.661624909251901e6	3.654208605933116e6	3.642610947490395e6	3.638975571704168e6	3.635555304511633e6	3.6282101886528456e6	3.618658299148783e6	3.6169762123453347e6	3.6079820252452856e6	3.6043684738193797e6	3.596069477094447e6	3.5867446832336267e6	3.5809023718290436e6	3.569169418199621e6	3.56101663304119e6	3.554424892172864e6	3.5510261236947607e6	3.5398886684946204e6	3.5336536333292252e6	3.522131159533022e6	3.5258820944061796e6	3.507401991495816e6	3.4932964043999957e6	3.48455050879438e6	3.4804073267154754e6	3.466677288034738e6	3.45114244338092e6	3.4363536406949894e6	3.4297313316985713e6	3.4210372722916626e6	3.416324867055757e6	3.3950706022133e6	3.3808465059409523e6	3.374712188159804e6	3.3436912140182313e6	3.3539130891568526e6	3.3620068709476087e6	3.35197650012772e6	3.3111068281159047e6	3.3015319142952533e6	3.2808817854226185e6	3.2589761957603297e6	3.266583615070043e6	3.246577105003446e6	3.236501899517924e6	3.214517476560737e6	3.204761693470671e6	3.1732953755968316e6	3.186204292940547e6	3.1647581145447018e6	3.1356840709474585e6	3.12850817947156e6	3.1110131267156517e6	3.099019426761663e6	3.078789489807165e6	3.0637886140123326e6	3.036460573725001e6	2.998619715597346e6	2.9473204324063268e6	3.0082899538729023e6	2.971083003769943e6	2.939365728550255e6	2.920074198337646e6	2.9273883000882696e6	2.8982934640426314e6	2.854764978440542e6	2.8364502152913506e6	2.816395903635017e6	2.7837772410028013e6	2.7812262904211576e6	2.747024103091484e6	2.75708711445008e6	2.710507975142061e6	2.676500957300362e6	2.6348842957450696e6	2.608295275220135e6	2.5542254623981765e6	2.571229896598748e6	2.5085212539635655e6	2.5130307071372042e6	2.5063833582180496e6	2.4977687863509543e6	2.44354957518625e6	2.426640413031319e6	2.389946460415269e6	2.346546944431741e6	2.307539554592258e6	2.306503419641292e6	2.2672828941026027e6	2.2055541366311545e6	2.2269760735121593e6	2.165290040380089e6	2.1298220257647997e6	2.092252260934522e6	2.0636489132448905e6	2.0162441653615627e6	1.9652317904797e6	1.959513582981175e6	1.9315183689225197e6	1.8466923145982763e6	1.8123198297000162e6	1.7641772863989696e6	1.722436564931457e6	1.672868669218025e6	1.6209284906114603e6	1.5820143473235932e6	1.5400404837918142e6	1.4789355480674999e6	1.4208633158681202e6	1.362382467816337e6	1.3091147877937187e6	1.2495928401482073e6	1.1876811426240602e6	1.1251964012702922e6	1.0524007806506115e6	990418.6048164652	919194.3537155408	845146.8836416313	768805.0375281032	688901.6498014908	605577.498641632	518585.45561646763	427713.4258292997	332660.88143885974	233003.0864881454	128008.90208507935	16509.563941115513	-103134.8853442031	-233405.00630774628	-378667.69042337686	-548644.449177397	-784178.1006063535	-996495.6776749794	-1.105192815203005e6	-1.2074092945142542e6	-1.305802015517199e6
3.8754789784459905e6	3.875430912468866e6	3.8753029791466426e6	3.875092178633788e6	3.874912093386944e6	3.874284308138874e6	3.874173923770119e6	3.873680709676425e6	3.872933078949782e6	3.8726227392336796e6	3.871722850256615e6	3.870731186107255e6	3.870032681061521e6	3.8692863186083706e6	3.8682924525218084e6	3.86672308135448e6	3.8652821591677004e6	3.864572386608826e6	3.8627018801870965e6	3.862731349795457e6	3.859495309973107e6	3.85945470752084e6	3.857861210726947e6	3.855516122649543e6	3.85372789530111e6	3.8521295403043474e6	3.851221987478242e6	3.8499370074866866e6	3.846808749902527e6	3.84434558899587e6	3.8393268181544296e6	3.8390367431275826e6	3.8375103909089807e6	3.834098919169607e6	3.831123958909972e6	3.829150744826168e6	3.826265913626622e6	3.823836562711114e6	3.822245892527071e6	3.8168020882927338e6	3.81379682692382e6	3.8116123959192038e6	3.807714245332126e6	3.8033775915745017e6	3.798943543336713e6	3.7972923402451687e6	3.7925044186498364e6	3.7900839871882778e6	3.7828907462624363e6	3.780469854666223e6	3.774972444155495e6	3.7748179581309324e6	3.76869744359546e6	3.762505401695708e6	3.756150781270152e6	3.751499146158281e6	3.750742632964659e6	3.7435430614027013e6	3.736837705060638e6	3.734578157301984e6	3.7283345743881795e6	3.721737976224723e6	3.719354128923564e6	3.7127719785578875e6	3.7086667119770874e6	3.700473145006677e6	3.692983862352751e6	3.689384083085144e6	3.6831318202342466e6	3.672824333407511e6	3.6694365432311622e6	3.66250962437025e6	3.653714222039186e6	3.6491849478113316e6	3.642944382912099e6	3.636121448560851e6	3.6271077034242246e6	3.618017828212317e6	3.6138062817212706e6	3.600719222880437e6	3.596127202960964e6	3.5889512420275384e6	3.569661241684623e6	3.5690088084731284e6	3.5645997265593023e6	3.5598661029822864e6	3.5439552466458604e6	3.538038744143333e6	3.5254472184405276e6	3.5170154945689286e6	3.4864038873061673e6	3.489463055198294e6	3.4906430501382803e6	3.468697280887528e6	3.458276239849153e6	3.4494352491469025e6	3.4361125838167677e6	3.4331757734046923e6	3.4138926714499034e6	3.397449335354509e6	3.394924233793134e6	3.3836391704263245e6	3.377898457278851e6	3.363681832933533e6	3.339923918882023e6	3.339584782328193e6	3.328018785584928e6	3.3014888816682175e6	3.283065853724318e6	3.2787592436413397e6	3.250613759490248e6	3.2496131906866524e6	3.234180665501529e6	3.2173092546859668e6	3.1986980528141055e6	3.198445272774089e6	3.176784678574326e6	3.1536948791596624e6	3.1265761191752707e6	3.112009537084253e6	3.106180851105224e6	3.0906165150871333e6	3.024254022171419e6	3.0568302737718616e6	3.0429140529758716e6	3.0196613838480837e6	2.9858613165597534e6	2.9710912842141036e6	2.9555548607553206e6	2.933714971651377e6	2.909520892497133e6	2.8881436963805375e6	2.8689664417082695e6	2.850949349499621e6	2.8149900261235656e6	2.827513705146539e6	2.782194697074112e6	2.763104268563525e6	2.72512181923794e6	2.6918244574925224e6	2.6614707695126086e6	2.623711334219208e6	2.620849316612273e6	2.5767353246449693e6	2.528115833141435e6	2.581081687094085e6	2.5191135672485013e6	2.494387162875643e6	2.491643736780825e6	2.4398901979628643e6	2.4067271298326026e6	2.3866123532984005e6	2.338209045468703e6	2.3273000241697794e6	2.2846442726445626e6	2.2369019306282387e6	2.219836546473857e6	2.176595754952909e6	2.1441790097408434e6	2.1115038586269035e6	2.0846059343341626e6	2.0352399348142333e6	1.9959945648754407e6	1.9920613508264986e6	1.903189099308568e6	1.8697069432073128e6	1.8241156252750321e6	1.7791241453773547e6	1.73238231317857e6	1.6884754565978271e6	1.6325232462576567e6	1.5831761587036874e6	1.5396555492500253e6	1.485717061959304e6	1.4317128573043277e6	1.3768030527129169e6	1.316122001778562e6	1.2584527161825998e6	1.195637615639906e6	1.131154872566611e6	1.0599495515047205e6	997330.150051354	925792.9725115439	851175.0709628277	774229.2376962067	693742.6684756046	609791.3102114759	522171.16959700966	430644.65083574597	334906.21320761926	234524.054869778	128757.20681402413	16422.80800975859	-104141.74769727327	-235459.1627254868	-381990.27683678875	-553753.3292404502	-794477.3959221547	-1.0016740047950367e6	-1.110933133696672e6	-1.213948806440393e6
3.9147344085987573e6	3.914691513975665e6	3.9145634958803984e6	3.91442177889886e6	3.9140837137951856e6	3.9138098409240064e6	3.913454595328045e6	3.9130288633834627e6	3.912144170424586e6	3.911734041645215e6	3.911108831015027e6	3.9101285472598337e6	3.9092495785317677e6	3.9087878178638336e6	3.9074225396394264e6	3.9060041186444745e6	3.904940478447214e6	3.9035558422330017e6	3.9026384845609018e6	3.9012990160190174e6	3.906097706568084e6	3.897981704204539e6	3.8965361055746116e6	3.8952662779572057e6	3.893036275149233e6	3.8916226640834757e6	3.8896149868152807e6	3.8875227165092733e6	3.886901918355713e6	3.8830476174070546e6	3.8808108465690687e6	3.87875017276284e6	3.8770723766428316e6	3.873828572583728e6	3.8709675597942304e6	3.868436757273222e6	3.8655540279140202e6	3.8625718925639633e6	3.8599394964150665e6	3.8568069805577677e6	3.853528209096752e6	3.850040185496338e6	3.847204094959309e6	3.8435407087153955e6	3.839075510714166e6	3.8324800968097486e6	3.833992499765208e6	3.827496894444796e6	3.8263661519567273e6	3.821489893218782e6	3.8158588756694063e6	3.8125040204492803e6	3.808660359053019e6	3.803206033816941e6	3.798165376388994e6	3.793542015090565e6	3.7888364192203255e6	3.7843546401182553e6	3.778513095097211e6	3.7741582492046114e6	3.768163984626631e6	3.7649714754576567e6	3.75910568620587e6	3.752022187634404e6	3.7466405754153104e6	3.740530128329773e6	3.7350190842900914e6	3.7310796298368643e6	3.724025238864066e6	3.7140879010561733e6	3.7097862618326284e6	3.701696453464874e6	3.697650786776324e6	3.684338051291491e6	3.6834943674987257e6	3.6753952348004486e6	3.6712424715110455e6	3.661888602687574e6	3.6529182525344165e6	3.6471273529005707e6	3.6364872387954122e6	3.631170107937106e6	3.620939212317482e6	3.608571979249349e6	3.6018064957325985e6	3.5965529615507815e6	3.596737453495602e6	3.5801522237513075e6	3.5666817554632863e6	3.548228974329084e6	3.5391929729255997e6	3.537503378874521e6	3.5224277222546143e6	3.5132075357512794e6	3.4925609073976176e6	3.492066246201343e6	3.4784575684504095e6	3.480831296850144e6	3.458843754333525e6	3.456161290538654e6	3.4341188259748127e6	3.4261875993279163e6	3.4254172571534086e6	3.414076737112146e6	3.4029284509087834e6	3.3785736749331322e6	3.3730058534195507e6	3.3554263384599746e6	3.317583616409962e6	3.3077655067044767e6	3.304157785888589e6	3.2813208901096717e6	3.2755686637880844e6	3.2501300376335084e6	3.240610542535589e6	3.227488292908979e6	3.223152560351726e6	3.1964181651452943e6	3.176787724799206e6	3.167268260176073e6	3.1526712599305063e6	3.096626995252584e6	3.117846878838285e6	3.1103111891361545e6	3.075531118566147e6	3.0575135806897148e6	3.0346083163087987e6	3.031000290479001e6	3.001689250745102e6	3.0000599307158003e6	2.951184903192666e6	2.934540009489125e6	2.9017350214424734e6	2.909647461211282e6	2.859784670973711e6	2.8572560971337296e6	2.842586062789754e6	2.799084662850239e6	2.7858532499206173e6	2.7517035313219177e6	2.718556102429142e6	2.7107848579101646e6	2.634644805835447e6	2.595505476564002e6	2.635768293917357e6	2.6462657277515493e6	2.6295087642629454e6	2.5413107425411195e6	2.5303046581738796e6	2.4991268890360664e6	2.473399141205976e6	2.433276913658956e6	2.4058039728796664e6	2.3729405493995263e6	2.332058043065818e6	2.302502573250369e6	2.2597609204202536e6	2.2308349793598983e6	2.1883320296385894e6	2.1641034607120785e6	2.1178959853225974e6	2.1009269012770974e6	2.0434331684220722e6	2.0296691204415169e6	1.971527717801602e6	1.933989558987209e6	1.8786214728726996e6	1.840866066166336e6	1.7975533622741238e6	1.7553503186896443e6	1.6996214857458477e6	1.6534913338769278e6	1.6007713909910591e6	1.5484320889176363e6	1.5007813938187733e6	1.4444762695039217e6	1.38517723730788e6	1.3282445902486136e6	1.264764449242977e6	1.2049925356903146e6	1.1388185458746054e6	1.0674693740799772e6	1.0041556028317255e6	932421.9475091607	856277.3731545457	779513.1177164717	698527.25181911	614005.9797442462	525763.0226356965	433581.23798932415	337155.7106806231	236047.92205610825	129506.98658842593	16335.871849481482	-105150.90713076247	-237518.7539096577	-385324.29081910895	-558892.3413899043	-805180.9102595444	-1.0068509449775475e6	-1.1166547193287457e6
3.95418583461953e6	3.954151144667087e6	3.95400762168875e6	3.9538708685732516e6	3.9535589624116803e6	3.953254520191341e6	3.9528212712927307e6	3.9516286992415152e6	3.951947592502401e6	3.9511633418135527e6	3.950585654915582e6	3.949679831966718e6	3.9488696127594663e6	3.947825034272243e6	3.947014879862143e6	3.945963566571293e6	3.9449275816825777e6	3.94349472480134e6	3.9416477088239235e6	3.940884530622902e6	3.9394321448815214e6	3.9385549850084623e6	3.9362896486343616e6	3.9346429934937847e6	3.932732133062736e6	3.9306145516341515e6	3.928656125406961e6	3.926735260578619e6	3.9255099827707554e6	3.923093888407206e6	3.920737512356795e6	3.9187463833650937e6	3.9157326972607975e6	3.9136371745246346e6	3.9104876503062434e6	3.9090029560086215e6	3.9034295766569017e6	3.9019438209887594e6	3.8989688734536488e6	3.8962252022800073e6	3.8933825436942657e6	3.8907318896179623e6	3.8868929661362814e6	3.882902001850221e6	3.8796156169465445e6	3.8764502762204367e6	3.87039644614379e6	3.8674865151321613e6	3.863802631909195e6	3.861607067749322e6	3.856653358611091e6	3.8524243953302046e6	3.847113795313225e6	3.8440765773508055e6	3.8404339864299847e6	3.8345114296392463e6	3.829365108438138e6	3.8240832231152966e6	3.821680488311039e6	3.813644429745202e6	3.811701634667176e6	3.8042141043719137e6	3.795470473770716e6	3.7912827306013335e6	3.7879831939075035e6	3.782046335639241e6	3.7764012799444827e6	3.7693893725617905e6	3.762937893936327e6	3.7493412147756186e6	3.7483883655082416e6	3.745350794727926e6	3.7359468046621466e6	3.733135735354694e6	3.718088696051439e6	3.7151175395306023e6	3.7105842947823303e6	3.6939843618895514e6	3.695895105862019e6	3.687627782457074e6	3.6798889732770873e6	3.664478385665534e6	3.6615269539226945e6	3.652182432447728e6	3.645210609539203e6	3.6348708286635173e6	3.628859770927192e6	3.6240543549841307e6	3.596900895430781e6	3.5975650570057495e6	3.58408520592261e6	3.578113735824926e6	3.569134421565678e6	3.5542601065024696e6	3.551030687712948e6	3.5299660829074616e6	3.522818357017299e6	3.5075304475992443e6	3.5051635158040733e6	3.490686401813437e6	3.472878327103698e6	3.468864321253956e6	3.457060604844528e6	3.4482859345171982e6	3.4455784524179106e6	3.4169653181628855e6	3.425611458920086e6	3.395008293105438e6	3.3834142303204816e6	3.345316055979088e6	3.3408131011380223e6	3.3269856130463043e6	3.3142894089426175e6	3.3079226741469214e6	3.279627834396679e6	3.27921585797615e6	3.243115235924041e6	3.245056844809772e6	3.228699553196584e6	3.199284918111671e6	3.184183379501731e6	3.1220399573073485e6	3.1600688091470106e6	3.147360178913976e6	3.1193123925063e6	3.0930381227139304e6	3.085145804409909e6	3.0551738206120753e6	3.0464232015497563e6	3.0306770680845547e6	2.9978155141952853e6	2.99254587946369e6	2.9592502027983204e6	2.926787237845688e6	2.9096298292342857e6	2.9038477974893316e6	2.866349097709182e6	2.851440402974637e6	2.8116621972916103e6	2.790350278956858e6	2.769206026143457e6	2.7507074088052106e6	2.709229130010517e6	2.65142472505508e6	2.6921973222532966e6	2.622319463125186e6	2.6158596943477094e6	2.6028879533733856e6	2.5721305722222608e6	2.544113429467002e6	2.5117679176923274e6	2.4527720941157257e6	2.455120699319604e6	2.419454968739885e6	2.373668530970541e6	2.3579587728056144e6	2.310545863470959e6	2.2782132125656037e6	2.2635973835519035e6	2.2122410676530106e6	2.190864494905544e6	2.134837441256933e6	2.111930773689526e6	2.0863085252490463e6	2.0232269695047245e6	1.9930626001298777e6	1.9388238490514755e6	1.8935804776395916e6	1.8524226926418473e6	1.8082798199838267e6	1.7663649551197505e6	1.715922389386469e6	1.6571076120018829e6	1.6175629667964918e6	1.5541743169066547e6	1.5093353338703457e6	1.448682751719457e6	1.3947804008602658e6	1.3366331716221133e6	1.2750242290523532e6	1.2129003208242604e6	1.150078818476515e6	1.0751138877632096e6	1.0111588137000613e6	938779.9965824154	862504.9000906865	785053.423177613	703408.8647796898	618236.724621207	529361.1117825522	436523.1077216249	339409.34622618975	237574.6526227896	130258.231239432	16248.755162963178	-106162.35475890478	-239583.76680630306	-388669.75330221653	-564061.989380023	-816359.4717115168	-1.0120270783847594e6
3.9938324624005393e6	3.9937862533917455e6	3.993684085635907e6	3.9934942349148616e6	3.9932047387664067e6	3.992913992117485e6	3.9925549391596694e6	3.991989406187552e6	3.991506441966027e6	3.9907530648607146e6	3.990111910809819e6	3.98949492674244e6	3.9885283580796933e6	3.9877282864080984e6	3.986374262274964e6	3.985473094517428e6	3.984382614068983e6	3.983002523123334e6	3.981677474245525e6	3.9806603284471743e6	3.979129066118867e6	3.9771860778102735e6	3.976416127048532e6	3.973873614602655e6	3.9732446294991593e6	3.9707212210059003e6	3.968368448343458e6	3.966575119872321e6	3.9645211150341476e6	3.9630309570510983e6	3.9600129797487576e6	3.9580364054638916e6	3.9538786521912413e6	3.952360006706225e6	3.9505622118125996e6	3.9473363282855027e6	3.946302064298141e6	3.942093647273892e6	3.9392135388795207e6	3.935254532226249e6	3.9337128361022826e6	3.9290017597280247e6	3.9300321620609574e6	3.9236876772030024e6	3.91871115418783e6	3.914336605706839e6	3.9112851769677624e6	3.9092344718218315e6	3.9047150093270857e6	3.900702363469237e6	3.8967250979008893e6	3.8922916907481765e6	3.888826327933045e6	3.884995444581464e6	3.8788697859303863e6	3.8744041811175314e6	3.869035195427846e6	3.8644024547015307e6	3.858203901991347e6	3.8555387298757164e6	3.8517937863768945e6	3.841321534045379e6	3.834651789106806e6	3.8324957891555154e6	3.8189062541621625e6	3.8155796508473293e6	3.812841600948174e6	3.8115870087011596e6	3.8029322271711826e6	3.7942284309554384e6	3.7923090598431495e6	3.7837614975969275e6	3.7786699628144675e6	3.7697989049141067e6	3.764754996846416e6	3.7587412787753777e6	3.7483509315639585e6	3.7399030422237087e6	3.7364739889952103e6	3.727722688846441e6	3.718815933480439e6	3.707771719712985e6	3.711917106639626e6	3.6906876833815062e6	3.683289051826028e6	3.674893485242357e6	3.6657012553165006e6	3.6627075491685225e6	3.6658795895668445e6	3.6384872644378883e6	3.625890158582584e6	3.6221910217885245e6	3.6161160583893764e6	3.6023691817651237e6	3.5881632038798574e6	3.576739670202102e6	3.5726544134304845e6	3.547754480554149e6	3.548036712285362e6	3.5358633393510655e6	3.5148630896166246e6	3.4977118126495075e6	3.503885372050415e6	3.4787642783177793e6	3.482068935514344e6	3.456120526180559e6	3.453798390273863e6	3.4362038907192824e6	3.412668685340608e6	3.4100976864066822e6	3.3869527572888974e6	3.374608737345716e6	3.3505974590484863e6	3.351250423689381e6	3.33468808592496e6	3.3241772994159358e6	3.2974521363227516e6	3.277165491086993e6	3.2720440901080472e6	3.256940602968628e6	3.2342422217742424e6	3.213431151063827e6	3.220344675709199e6	3.181780660191042e6	3.1682033947576126e6	3.145183608988511e6	3.1331080268134265e6	3.088756440759015e6	3.083052261223345e6	3.0881757391198995e6	3.050200465894272e6	3.027475001058999e6	3.0054206979966527e6	2.9864568925510957e6	2.965184283297428e6	2.9288556472312864e6	2.9256246885899333e6	2.8937757564355982e6	2.8880817849142766e6	2.8536521518792333e6	2.823629613793706e6	2.7865836925325263e6	2.7598777030079667e6	2.731288153310851e6	2.69394758165389e6	2.690005701232758e6	2.6587170111591658e6	2.6431837515619216e6	2.6172995143857626e6	2.5772271678743004e6	2.5631639872871237e6	2.5283641441190513e6	2.516400371967219e6	2.468479731921281e6	2.4290623701375686e6	2.4014961598235453e6	2.355557329928777e6	2.329739663850194e6	2.3036684090461964e6	2.2772423588737855e6	2.232668318887893e6	2.152826882579539e6	2.1683676704728985e6	2.140855369010482e6	2.0862864935837593e6	2.0461370624730303e6	1.9959031723263338e6	1.9605498990110354e6	1.9137958138468165e6	1.872107459981925e6	1.8205559396564187e6	1.7832236204822096e6	1.7231130194067394e6	1.6702780781171392e6	1.626319566902454e6	1.5681990857702866e6	1.518918265294332e6	1.4593802901837737e6	1.406201826489285e6	1.34701766549613e6	1.2882851236012983e6	1.2220861529131657e6	1.1580489987728684e6	1.082732552424049e6	1.0157542405866301e6	945234.1977726165	869060.0462590493	790767.7189405365	708224.7312793587	622469.8741508108	532965.9555217805	439470.1451856219	341667.09608959546	239104.23789083725	131010.9337481684	16161.459544926416	-107176.07787001831	-241654.19289056398	-392026.6887180456	-569262.8000229509	-828103.5779625052
4.0336848550958405e6	4.033617713553442e6	4.0334742031087545e6	4.0332787122784383e6	4.033072247415645e6	4.032566913212076e6	4.0324443984821886e6	4.031906950442063e6	4.0314018160490356e6	4.030791370042806e6	4.0301755055524725e6	4.028705054943964e6	4.028761507996897e6	4.0274069510482536e6	4.0265389210396446e6	4.025479926944371e6	4.024679588557866e6	4.0228246356833386e6	4.021777306184603e6	4.0210653711490533e6	4.0187987381978994e6	4.0175445561731234e6	4.015666756278403e6	4.0142272574127587e6	4.012347366158829e6	4.010303414804304e6	4.008685275521786e6	4.0065883134190305e6	4.004501095459844e6	4.0029404593876773e6	4.000561517489057e6	3.997969773015463e6	3.995482101630916e6	3.992073562914287e6	3.990781898355809e6	3.9892080348534323e6	3.9845524825317324e6	3.9828031445452897e6	3.9790740828436e6	3.9753125131321186e6	3.972593131733578e6	3.970489585066488e6	3.9670768124710964e6	3.963333856523228e6	3.9587270043150815e6	3.9554691451555677e6	3.953532458670206e6	3.9484369298834912e6	3.945264163068167e6	3.9416798457460403e6	3.9361561872553397e6	3.93221853616885e6	3.9302623261759053e6	3.9245931577150845e6	3.9180676997737736e6	3.914055018625173e6	3.9099953789673313e6	3.903314398391575e6	3.8982622469076384e6	3.8949129370767013e6	3.890203968175805e6	3.884057909050629e6	3.8789559260909874e6	3.8719338119560285e6	3.86661795363192e6	3.862450502988401e6	3.858821461472488e6	3.8560636365925036e6	3.8434268912836877e6	3.8421281879097326e6	3.832259761429637e6	3.827183324935607e6	3.8179204775312645e6	3.81609113417624e6	3.805267946984999e6	3.7976739166103452e6	3.7876506453124713e6	3.782809995721161e6	3.776436933950885e6	3.7695309720314215e6	3.7581834863127368e6	3.751282757057055e6	3.740483820405906e6	3.730299535465694e6	3.7272934178500297e6	3.7142950847554565e6	3.7073604378475943e6	3.701033677978976e6	3.68250847432801e6	3.682086225320987e6	3.675536568704244e6	3.6600759627978755e6	3.6493712803494874e6	3.6422452719926303e6	3.6303753985684374e6	3.602389550975808e6	3.6091620368560134e6	3.592285852104285e6	3.5858411056136773e6	3.5755953935993426e6	3.56279933419198e6	3.5557087370844483e6	3.536878904796362e6	3.5281259080473003e6	3.5174478343348317e6	3.498387141339347e6	3.49974502491306e6	3.477350576037775e6	3.4825449739109753e6	3.4498492487277207e6	3.438612838425952e6	3.4039653722675033e6	3.4024653980851336e6	3.3914122513630334e6	3.368928981853919e6	3.3620887180354195e6	3.3240522293458343e6	3.3215306625515344e6	3.314162733963227e6	3.247117787496104e6	3.277277515654295e6	3.2573198172570225e6	3.245358984935978e6	3.2282589832361583e6	3.180281550888336e6	3.19876620040569e6	3.1785372877711784e6	3.153209710484517e6	3.1283953123808634e6	3.0950682082641297e6	3.0949348727677027e6	3.08180949712036e6	3.0526534562357655e6	3.0497160715782866e6	3.012621763190884e6	2.9696851003141673e6	2.964301965891921e6	2.936494864104109e6	2.908040541480499e6	2.907582567008058e6	2.8677198058689223e6	2.822139586533829e6	2.823409871392467e6	2.7793888775388366e6	2.747893254249648e6	2.743145331141131e6	2.7023509602568694e6	2.6486001028104075e6	2.682412379538766e6	2.641210625450068e6	2.6115564286831515e6	2.5813574832718656e6	2.5591173635236863e6	2.5395589500665916e6	2.4815590904827407e6	2.460742915091792e6	2.429032287829942e6	2.3880508200719217e6	2.351556540689426e6	2.3177733445924777e6	2.284622311943122e6	2.2693661732808948e6	2.2272137185380803e6	2.186760205822821e6	2.1407117325805714e6	2.11054151307654e6	2.054439393451917e6	2.0131832678984464e6	1.9697894890115059e6	1.9239674117676853e6	1.8744578551402548e6	1.8406905121507999e6	1.7919681645447696e6	1.7336062163469763e6	1.6835142811548621e6	1.6378786088747238e6	1.58594944297795e6	1.5378651655967217e6	1.4772806179916267e6	1.420747035506166e6	1.3567130004744916e6	1.2942233822576418e6	1.2332047491789167e6	1.1646509621249237e6	1.0963792005466819e6	1.0258439245410492e6	951620.6879832973	875040.7165002194	796042.0662539001	713098.2734261341	626710.2725884416	536576.687588043	442422.53376951953	343928.9354963852	240636.66242321022	131765.08499158407	16073.986821393017	-108192.06910258392	-243730.00698378915	-395395.1258383496	-574495.3242212296
4.0737121755663333e6	4.073668837074797e6	4.0854385850484683e6	4.0733333619430843e6	4.073094539014757e6	4.072792217309442e6	4.0723642861574045e6	4.0717876445152443e6	4.071394867924886e6	4.0707905463119093e6	4.0701596492876066e6	4.069138093867326e6	4.067787460644891e6	4.067553618088253e6	4.066708055139518e6	4.065554859752506e6	4.0642725724408985e6	4.0633795665903636e6	4.0617425466444367e6	4.060346944885206e6	4.05929103305614e6	4.0568241136992164e6	4.05602312665428e6	4.054132836788262e6	4.0531608810910825e6	4.050474146453903e6	4.048836218163801e6	4.0471818442297485e6	4.044523223404244e6	4.042725399666189e6	4.0407278274457133e6	4.0380453987997686e6	4.0359259900297397e6	4.0331596836914923e6	4.030050427697459e6	4.0271972876415285e6	4.0257178860801975e6	4.0222225964330165e6	4.018699692408512e6	4.015877941819405e6	4.012300879691682e6	4.0099357436139686e6	4.007095095771845e6	4.004082576690661e6	3.9988575566689777e6	3.9970183979954147e6	3.9901802637910144e6	3.9888682509972244e6	3.984230397486266e6	3.979187281394492e6	3.9756502764205756e6	3.973746929222479e6	3.9705547524278993e6	3.9652036526733423e6	3.960253061429663e6	3.953142768589202e6	3.949807201759035e6	3.9452698620366007e6	3.941334147803175e6	3.932605773089687e6	3.9316192691852534e6	3.9244036099159974e6	3.920145154353058e6	3.915398786754302e6	3.906028482378348e6	3.9027381373800538e6	3.8948310091635706e6	3.8916066452035364e6	3.889945338788227e6	3.8917057371884035e6	3.878304164213581e6	3.8712742369733187e6	3.8640233364662398e6	3.8570229400515663e6	3.8505106217738744e6	3.837341681989795e6	3.827760662647697e6	3.821030104751713e6	3.8197590375614343e6	3.808257273394306e6	3.800371584419855e6	3.7896031239030454e6	3.7849106912015914e6	3.774264703379642e6	3.762431533938446e6	3.757999909172443e6	3.752408017871651e6	3.7379344548062407e6	3.73174507951566e6	3.714005904792223e6	3.719650054892867e6	3.7064092398573286e6	3.692543974654812e6	3.682323092397876e6	3.6720166771541038e6	3.662776311873004e6	3.656054705342583e6	3.6433555443407074e6	3.6239501746183876e6	3.6155143980043414e6	3.6045158779771803e6	3.6011456790955705e6	3.5894389267400354e6	3.565858564388204e6	3.5551813330568178e6	3.598124088669243e6	3.5351321431749603e6	3.5270392639443497e6	3.5113285897237435e6	3.492116431761131e6	3.481609448311876e6	3.4665541456424687e6	3.436083564751232e6	3.4348165403261026e6	3.415108446625086e6	3.3989599341560286e6	3.393081927758695e6	3.383892769266343e6	3.314288772080024e6	3.255195487790107e6	3.3284852311365176e6	3.304595848550604e6	3.2861020887417276e6	3.2781996409232207e6	3.255740043456615e6	3.2338565812501265e6	3.2242070269735735e6	3.1893033537495118e6	3.1727234526969953e6	3.1402955136943376e6	3.136536686426777e6	3.1283957541126506e6	3.1215686500405106e6	3.079903035274987e6	3.066859843982882e6	3.0280497621458494e6	2.994164879271882e6	3.000259016969327e6	2.955841612015008e6	2.934473269647783e6	2.9369456040661326e6	2.8903906700928556e6	2.866083277316952e6	2.841890924100191e6	2.817516470819558e6	2.771713632328325e6	2.7176959548336766e6	2.7435019682416734e6	2.7216587808105177e6	2.6898334535206077e6	2.6629457192262504e6	2.6569839882165724e6	2.6148767167405244e6	2.5743332844907735e6	2.544201806156255e6	2.514755664772096e6	2.4808637070835587e6	2.447882764445406e6	2.412993210124301e6	2.386672877127179e6	2.3147398910246696e6	2.306887559231102e6	2.2661953448782573e6	2.240263689968991e6	2.1979011381799807e6	2.1427988271621955e6	2.110584867179711e6	2.0646914614390344e6	2.0295498052552906e6	1.980051318788625e6	1.9383864469603929e6	1.8836095086680334e6	1.852850766867649e6	1.7981989526841785e6	1.7501701532510193e6	1.70380389038586e6	1.6527378284265525e6	1.5935388457271592e6	1.5355189838127163e6	1.4847034428139608e6	1.42650710656386e6	1.3668153830437637e6	1.3036012270707632e6	1.2378012128057387e6	1.1726510998647232e6	1.1047118292275826e6	1.0323119679448227e6	958251.5576891219	880894.2720759851	801379.7449827311	717853.3074055659	630960.1839708979	540194.1526946262	445380.3462083731	346194.83821602026	242171.90781155415	132520.6767919464	15986.337360715494	-109210.31837824918	-245811.20948748617	-398775.0959707615
4.113945246000669e6	4.113922883148632e6	4.113752097127336e6	4.113623495622721e6	4.1133984245921234e6	4.1129894825358926e6	4.1125847031873525e6	4.1122043242085977e6	4.1116066353529184e6	4.123766132881548e6	4.1103077321729227e6	4.109619061052405e6	4.108453219776683e6	4.1078173261421705e6	4.1069957439235593e6	4.105665313934215e6	4.104693916352964e6	4.1032057051497223e6	4.1021042841668767e6	4.101144646519394e6	4.09954962150956e6	4.0977409014539258e6	4.0960089798003584e6	4.095404555995412e6	4.093024717701504e6	4.0907337248939504e6	4.089356887929579e6	4.0872065933486386e6	4.0854152290579276e6	4.084005623499316e6	4.0807218522150926e6	4.078288028386742e6	4.0785717479117494e6	4.0734716626392566e6	4.0713098874282716e6	4.0687470564387045e6	4.0661460805453365e6	4.062217145894499e6	4.060136443127777e6	4.0575366542503475e6	4.053367269207133e6	4.0506906269208062e6	4.046777311124949e6	4.0434559018329736e6	4.0406938901539114e6	4.0385113934944523e6	4.0328125923807872e6	4.029572950710531e6	4.02558503088051e6	4.018261264193309e6	4.014073478591171e6	4.0151048702585115e6	4.006447391335316e6	4.0044135340264817e6	4.000486759823593e6	3.9998519702618555e6	3.9904585891661933e6	3.989031459779452e6	3.9807096648123357e6	3.976102932353874e6	3.97044146794294e6	3.9671468019781006e6	3.9599270236197296e6	3.955706248031711e6	3.9418315175089897e6	3.9427215868275925e6	3.9341630813263915e6	3.931039194079236e6	3.926506472961422e6	3.9289346950304285e6	3.916115230146347e6	3.9088950708804e6	3.9046717715313146e6	3.8920580022922056e6	3.8894022750220075e6	3.8801589972873474e6	3.8711833377218214e6	3.8640701958664665e6	3.8570291939290054e6	3.8487112110143504e6	3.842028906693704e6	3.839504898472854e6	3.8194357523205704e6	3.8136257562098745e6	3.807865419724396e6	3.8025576311768144e6	3.791433774281832e6	3.7842171123000756e6	3.772368447136788e6	3.764894037253133e6	3.752344756459023e6	3.749849486063226e6	3.7387298345817206e6	3.7377063821324026e6	3.7144535749901263e6	3.70418797685627e6	3.68668386237857e6	3.6767726799906567e6	3.6715539085189453e6	3.658055551085316e6	3.6409784198296834e6	3.6419631435475256e6	3.626378656772582e6	3.608793675357633e6	3.600119527142199e6	3.578157226498585e6	3.5818454302732246e6	3.563333948354785e6	3.560787279022353e6	3.5444967255142643e6	3.5182841699524457e6	3.508596199879217e6	3.502904359523817e6	3.478803070457173e6	3.456203899605835e6	3.442657830934616e6	3.4240012434778335e6	3.4086696259959554e6	3.3539285220034574e6	3.382940397453622e6	3.366532622217359e6	3.351104179524418e6	3.3361467421553517e6	3.294837578038725e6	3.296571868015417e6	3.286550518234803e6	3.2614061541014696e6	3.245892580079009e6	3.2209431853254996e6	3.201453818279453e6	3.1872671435954818e6	3.1644868241794044e6	3.1432963043725593e6	3.132401001658086e6	3.096007624631831e6	3.081851856571251e6	3.0612033874455835e6	3.0481133333214466e6	3.012091842125209e6	2.9932208678582115e6	2.968784397512441e6	2.9536952296100548e6	2.9077840740076997e6	2.885266223273413e6	2.8502141239290615e6	2.8363457509705536e6	2.7899783603707887e6	2.778523929532809e6	2.775385667274692e6	2.828335830417783e6	2.7012185932870656e6	2.694418605282207e6	2.6637607586603183e6	2.6308666265315255e6	2.5941827030354915e6	2.5649270124055124e6	2.515972738372132e6	2.492522152569498e6	2.4583475777548077e6	2.440611003538587e6	2.3887300895094327e6	2.372453415064437e6	2.320536741753326e6	2.2902645784565513e6	2.2491968241206137e6	2.190318024465034e6	2.172108284840337e6	2.129876739684648e6	2.0806517460790654e6	2.0500253622888739e6	1.9895026529048262e6	1.9624362359752099e6	1.9094429975566412e6	1.8571974194495224e6	1.8128631277141555e6	1.7644548436227175e6	1.7166192714833529e6	1.6622249329123264e6	1.6106460959608252e6	1.5547060696170772e6	1.4933038327754452e6	1.4369080903450404e6	1.3783311137007172e6	1.3131006389811495e6	1.2478870629635267e6	1.181307932821847e6	1.111949161855707e6	1.0396571841676016e6	964966.7204097263	886620.9775469475	806788.1660109698	722817.4875466013	635216.1956031299	543818.1944948467	448343.16368217254	348464.77999513596	243709.95741129853	133277.70122943027	15898.511904155836	-110230.8157044556	-247897.78399411635
4.154374453176376e6	4.15436372994373e6	4.1542398821156872e6	4.154092352180494e6	4.153729711585658e6	4.153505851889225e6	4.153162105473869e6	4.152706375727438e6	4.151996210137547e6	4.1514159331041975e6	4.150711423601882e6	4.163299464378207e6	4.1494081145869023e6	4.1479828947089077e6	4.147432814221542e6	4.146736926291038e6	4.1448722388800154e6	4.144182814054981e6	4.142735903963742e6	4.141548810472804e6	4.1398769400419258e6	4.138268451239837e6	4.1367791479636873e6	4.135232624375036e6	4.133169554939164e6	4.131149435782874e6	4.12973562591164e6	4.1279161524185683e6	4.125503113853479e6	4.123714380136727e6	4.120874077083236e6	4.1180428487573015e6	4.1175802179131443e6	4.11671476121083e6	4.111677921280177e6	4.1085411630342114e6	4.106497422643205e6	4.103014609379081e6	4.1003495380389965e6	4.0983258847519895e6	4.095273520665676e6	4.0917368754531182e6	4.0869261233930592e6	4.083938210313e6	4.082897967351836e6	4.0771221629005484e6	4.0733251682917555e6	4.0701712790002036e6	4.0660544219531943e6	4.0619002949092044e6	4.0585545026166853e6	4.054849328088904e6	4.051971220109192e6	4.045726877094456e6	4.0408958001174303e6	4.038889052026287e6	4.037336390817731e6	4.026297531456466e6	4.021649467841141e6	4.0176703620200516e6	4.0111142751176995e6	4.0068446580746737e6	4.002939579214092e6	3.986708231082018e6	3.990022213034529e6	3.982480287368288e6	3.978696218006296e6	3.9728342486842247e6	3.9675453087706584e6	3.962022949042063e6	3.961774495371501e6	3.9535355940919565e6	3.9432658142609857e6	3.939031365106971e6	3.9244599050042513e6	3.9234571021928024e6	3.9155884620032175e6	3.9036664529586555e6	3.8977524379250566e6	3.8922263891647602e6	3.885215720669083e6	3.8759296492855954e6	3.8679401534834737e6	3.852059359046663e6	3.846312458519032e6	3.842196852746295e6	3.8378472001485415e6	3.827242097826805e6	3.8132586450491874e6	3.802685386849628e6	3.7973949987365594e6	3.7813011759761795e6	3.780564769028306e6	3.7705547185598435e6	3.7525763231870113e6	3.7461252513011936e6	3.735991758662802e6	3.723175873517665e6	3.707309444744449e6	3.6901626576856915e6	3.690246407812182e6	3.6800155634464817e6	3.670778860877429e6	3.6416795341954795e6	3.650535542168415e6	3.629127138524487e6	3.6155603547182763e6	3.6125232396332026e6	3.589869331355431e6	3.589165196134999e6	3.5721385010328586e6	3.5568396698010126e6	3.5395698789786873e6	3.525051856377936e6	3.5054673801406296e6	3.4826965931507945e6	3.469355088706406e6	3.4130434443734824e6	3.4535788378248047e6	3.4354234952656217e6	3.420460220771349e6	3.390547830694385e6	3.3822511185197546e6	3.3659050864887205e6	3.3451323639602223e6	3.332777109879623e6	3.303309537594257e6	3.2775010462631686e6	3.280608038354206e6	3.249346444316485e6	3.2320869717611885e6	3.2189159886053777e6	3.1866996052729613e6	3.171531509445497e6	3.163080332924754e6	3.1354547645626143e6	3.1139170142448926e6	3.083858166308726e6	3.063913331858041e6	3.044224347682004e6	3.022838090097025e6	2.9952445322879106e6	2.9709792597269625e6	2.933276170375121e6	2.9053217296644114e6	2.878843624971469e6	2.845925222251113e6	2.808249681982925e6	2.8093449329380123e6	2.767095658765476e6	2.7465295568762277e6	2.7677991215482703e6	2.7195217248915434e6	2.6705691860385723e6	2.652688903182298e6	2.6111281642717803e6	2.6010852232274963e6	2.538905647385647e6	2.5154416801800868e6	2.4816038836213956e6	2.457351469994041e6	2.4345218051567776e6	2.4114857102312814e6	2.33057798167058e6	2.294827131634203e6	2.262034694280633e6	2.2258404219202558e6	2.1760132236052924e6	2.1372576304595247e6	2.0910654409840773e6	2.0520515368667382e6	2.0073873412960628e6	1.9651283946658885e6	1.9104673331147535e6	1.8723911843092493e6	1.8295489901484735e6	1.769049593388969e6	1.724225687067714e6	1.6712986658188482e6	1.6161348070151522e6	1.5635964772890415e6	1.5071584813865465e6	1.4463460257446556e6	1.3870680964582087e6	1.3199075226448271e6	1.256372035289531e6	1.1932522401110171e6	1.1204345619454496e6	1.0459649978886121e6	971556.9807031411	893721.6257070294	812199.5124628223	727515.8268509493	639478.6470671142	547447.8852178189	451311.1558879772	350738.7360647144	245250.79453116516	134036.150237591	15810.511481956579	-111253.55207604682
4.194998198962499e6	4.194974985500742e6	4.194898316918272e6	4.194738820807434e6	4.194445403118391e6	4.193983499603585e6	4.1935136798552945e6	4.193351886516359e6	4.192632978574903e6	4.192100122644497e6	4.191093762340433e6	4.1906302037639963e6	4.1898078639299725e6	4.1889170758846533e6	4.187905409957368e6	4.1869783986137565e6	4.1859359592491e6	4.1847655535830883e6	4.183376321984844e6	4.1821941045466615e6	4.180852843433724e6	4.1790468339614896e6	4.176684376465582e6	4.1748031147982553e6	4.1741180005727247e6	4.172505426693379e6	4.1700518721449985e6	4.1678568203916503e6	4.1665248817961495e6	4.164205386188534e6	4.1619635150561756e6	4.159365887430034e6	4.157810416873199e6	4.1553504186424087e6	4.152382931229929e6	4.1500350167843536e6	4.147404519994426e6	4.1442478282913943e6	4.1403322799440343e6	4.138621148434412e6	4.1357255284724445e6	4.1322376436548075e6	4.129457457790501e6	4.125174485262456e6	4.1223375091768475e6	4.119474185636149e6	4.114398117839355e6	4.1101506645772997e6	4.107077460399571e6	4.103976766672163e6	4.0986360451534325e6	4.109231963108641e6	4.0921534253088725e6	4.0870151979351044e6	4.0821306215844634e6	4.079184063626909e6	4.0721235902844784e6	4.0711443861295353e6	4.063709158133966e6	4.058549806363901e6	4.053628686018981e6	4.0466015312562482e6	4.040702589696559e6	4.0295988166465694e6	4.029448888663954e6	4.024724107912472e6	4.0189747353393757e6	4.0143173587010507e6	4.001861994202231e6	4.0001074132392593e6	3.995648928753598e6	3.9910271094877105e6	3.9867803276652414e6	3.975893299999439e6	3.9689639079468814e6	3.9604633693928234e6	3.957718492298831e6	3.946686032769722e6	3.93911241802529e6	3.9348417441793447e6	3.924271813286541e6	3.9164815478524305e6	3.909363859976923e6	3.9016139473336064e6	3.89146336862663e6	3.8807796780974017e6	3.8760771197784124e6	3.860334961222208e6	3.8555823831432355e6	3.8485028327049715e6	3.8376695398308784e6	3.8249382238748274e6	3.8175570139223356e6	3.810996101302279e6	3.799887811547162e6	3.7839502986686337e6	3.778794386186258e6	3.7675422056550393e6	3.755382733789377e6	3.739010855653437e6	3.728941693312011e6	3.717302330791528e6	3.711690235404758e6	3.6973648869478935e6	3.684929343779029e6	3.673196681202827e6	3.654390613948676e6	3.642963453221952e6	3.640462946488384e6	3.619459023998624e6	3.62795597266105e6	3.5990679145289306e6	3.5789590533312326e6	3.5631442353453017e6	3.5510176124025504e6	3.5237077903925246e6	3.511691229360763e6	3.4953051478824415e6	3.4895016686418564e6	3.4735605156092835e6	3.4538905052177324e6	3.444125660875838e6	3.3956924497876144e6	3.405053127671906e6	3.387855642118459e6	3.3660790167122046e6	3.349815278109786e6	3.3394980064382106e6	3.3208462017770596e6	3.281764981068553e6	3.2844954487136467e6	3.2530855387254204e6	3.2320340340571855e6	3.229368134702689e6	3.2047803425008575e6	3.1868951696751527e6	3.16149156232315e6	3.1414026379427477e6	3.106607904918859e6	3.090215447857579e6	3.0600609481930668e6	3.049252957509421e6	3.0230770102449507e6	2.9940963509804634e6	2.9481369946552324e6	2.9262988520263257e6	2.9032539403336216e6	2.881759327670388e6	2.8498030282407273e6	2.830884674441983e6	2.793437428251423e6	2.864930395039605e6	2.749287165790118e6	2.7190274937463747e6	2.69648405061312e6	2.6657394571586214e6	2.631014463376118e6	2.6019057691606265e6	2.5715782213927917e6	2.536548882655713e6	2.4981791907059113e6	2.4624403936097277e6	2.4738146135128397e6	2.39765815399836e6	2.3427086526041348e6	2.3358632119723307e6	2.2695590725847087e6	2.2432750321989367e6	2.1950531800439246e6	2.153431698068781e6	2.1128557591604367e6	2.0706570693206624e6	2.0299892954929897e6	1.9770636041390183e6	1.9360472416329584e6	1.8898752232659291e6	1.8175460051932298e6	1.7901175743590924e6	1.738558007272272e6	1.6861332138883667e6	1.6345813321527154e6	1.576138938073448e6	1.5152120242401776e6	1.4564559449596042e6	1.3981564135746835e6	1.3329650392330112e6	1.2654288850138653e6	1.1976960805669543e6	1.1277595604883893e6	1.0538186798666334e6	977907.7627121368	899792.1022391999	817618.6079775612	732568.967524841	643747.5154392798	551083.7628264269	454284.2426359351	353016.6834607576	246794.40429995395	134796.0156855774	15722.336941447109