150207.04670368275	149945.4596734738	149245.1204636452	148098.04144472245	146489.6718975539	144395.46438425098	141771.41850873217	138514.16219285922	134380.8984210255	130250.52852197795	125667.70545785455	120629.83074390801	115152.12212149653	109199.81880814396	102768.4909552299	96047.26185941923	88791.12116625113	81105.66319091234	73134.93284805625	64670.94014679501	55896.786583411915	46601.12985027779	36993.930764895165	27125.52793789876	16876.499948360783	6196.0532134496025	-4748.564408504695	-15957.85208719637	-27452.143258519995	-39415.43792967149	-51390.89065447444	-63751.80803370985	-77151.34830484961	-89325.08668237476	-102282.7643491767	-116062.37681788686	-129692.20615665894	-142846.0548813181	-156783.83517789934	-170838.40553290333	-185009.25102256818	-200347.51659782877	-214041.28428249955	-228208.88142375485	-242574.78910091417	-257260.53718671203	-272251.5104313604	-287444.3676621538	-302614.7954670448	-316730.8089347975	-331396.3015342618	-346273.459342988	-360877.9625861632	-376033.62935094046	-390729.2154005392	-405646.2976307925	-420861.634730852	-434884.42900870275	-449140.23239730985	-463338.35505555384	-477539.3531490477	-491748.15213294124	-505795.57773231046	-519919.5610532191	-533707.639401851	-547049.574821621	-560228.4168376757	-573375.0728864381	-586560.2703784534	-599247.0552803911	-611777.0817980883	-624064.2848993978	-635865.6796021967	-647618.6338224274	-659228.7514385046	-670436.0064338676	-682173.9525443122	-692825.3039745062	-702751.3216402365	-712660.803704095	-722364.6982396308	-731820.1993786556	-741009.8798135219	-749928.1850927044	-758583.2965752177	-766556.4490231122	-774502.8229412134	-782546.7375930273	-789566.753108189	-796376.6096624029	-802947.1761490745	-809375.4976440074	-816189.659462482	-820180.0903553008	-824707.0798061541	-829006.4904436066	-832996.9736624581	-836660.6415307738	-840019.6173549832	-842303.0483521854	-845432.7835144834	-847073.2833753533	-848458.0225986	-849478.1937212327	-850105.2696545809	-850323.4261595923	-850163.6727338887	-849579.7408892515	-848453.428188706	-846940.2621052316	-844949.6127147784	-842699.6914387415	-839744.9445554672	-836650.9944718913	-833256.4807553841	-829088.8365475445	-823275.6192091284	-818877.5273443549	-814921.2789535574	-806688.6008305466	-800328.7050760239	-796494.9354453718	-788485.2439188394	-775115.3701489193	-768366.0975109127	-761441.2181184299	-754888.793718873	-746829.2344062349	-726649.5921275616	-721086.2244364396	-707007.7813279908	-694859.8957191007	-684923.7872753281	-663205.977056927	-666375.3050846579	-643896.2315294945	-631819.8613535755	-622147.4875963249	-593971.8913663698	-592482.76311426	-563874.2375133529	-538345.5837506342	-528590.9404595601	-510792.2268062367	-502498.2836755787	-459760.30507577054	-465832.8344301668	-435617.3318272923	-400985.27256310993	-392087.19612103776	-375787.1029483793	-352930.7959365496	-311335.5923515284	-293261.7664131262	-268504.3269424155	-272631.4721160122	-254098.365318385	-196514.64341288997	-216879.868047535	-160153.6074113297	-148838.6924267598	-69809.49111261364	-4153.767584658286	-61164.739621615096	-35597.439860318846	-5139.6556171901175	54161.8640087861	110023.63864979421	146658.63287163194	177043.35456004267	129982.95435229171	193443.00989373116	269671.54488750076	293100.79855610285	353320.4241531225	359559.62433394504	384619.5890584983	376056.1340889162	478179.8528791749	541958.7322059791	547107.8529463611	591652.8225734872	596391.0594866676	633065.0187503877	691650.7989271167	765037.7242488121	802752.2793024746	811616.5987993521	857837.0425770464	873676.5309273149	937242.9118072777	1.0359640800874415e6	1.0466187990909093e6	1.0839000849824804e6	1.1073625885116342e6	1.170142899430716e6	1.2115315278669833e6	1.2892100278576105e6	1.3585433396085338e6	1.3559270619495227e6	1.40466527294289e6
150301.73927015578	150146.2620946949	149426.68853395974	148278.70336479635	146672.08199675748	144581.517751541	141964.04216132814	138722.34758067306	134570.64991123875	130436.90689142927	125852.37100940029	120819.0831754207	115322.92884167488	109369.29423337872	102947.03875732952	96246.88539175235	88971.57071114972	81305.79627178179	73312.11487343098	64853.08258742775	56074.02928153006	46796.882969806844	37190.818209458375	27311.333813341917	17054.414775195124	6376.114428344241	-4584.6205219872645	-15787.472103280015	-27293.99631541391	-39242.75909588317	-51237.23801911349	-63592.57401097557	-77023.38159171666	-89178.34027323042	-102129.89373130986	-115895.43064055391	-129565.67625215655	-142703.84115388227	-156636.7877113802	-170703.06977189693	-184869.11993143236	-200240.75354923925	-213905.40258327543	-228085.48932036434	-242450.19256941404	-257136.57573069047	-272127.03798148467	-287339.21318204934	-302520.8897561047	-316623.91259627463	-331290.05123993393	-346168.4339112358	-360777.6215828655	-375939.152933561	-390635.49364163156	-405552.9604420963	-420791.96006178483	-434803.1808837373	-449063.81254724856	-463264.5388147627	-477468.6456399093	-491681.4705801893	-505731.5978200696	-519856.3184690809	-533655.7649887381	-547000.968507065	-560182.4472922611	-573332.1695159271	-586518.153865216	-599214.8694489608	-611745.9705093186	-624042.922839287	-635845.9874628856	-647602.6763063436	-659216.4755253058	-670429.5811184596	-682170.8443843297	-692833.9012288946	-702760.3531320079	-712673.644179265	-722381.8268558148	-731841.724870038	-741035.9525884092	-749958.7167706566	-758618.1961806067	-766596.8095956952	-774547.7379233837	-782598.9214905249	-789622.602975121	-796436.7494352148	-803011.5312566699	-809442.8307875306	-816289.4641692464	-820263.7210292264	-824794.5714743496	-829098.4567184723	-833093.6519030819	-836762.1195560249	-840125.533397448	-842415.8514758451	-845553.0303007211	-847197.0718404381	-848565.1352799234	-849609.6509347637	-850151.8379916083	-850537.531726927	-849936.625041123	-849465.3231700803	-847734.4548938347	-844157.438060449	-839117.4314470866	-838960.6549665041	-838091.843546544	-845604.0885020941	-841002.7218777956	-834313.3765683048	-840121.3733384076	-823977.3858916117	-817930.8024818317	-806994.2137271983	-792464.042919605	-793605.4016494893	-761758.3815001114	-804604.004528756	-797124.211620999	-767824.0660533004	-741029.1438271797	-712178.7778218219	-654027.4004433851	-684757.1615083786	-738326.1032276992	-737170.0481339518	-700056.1964913809	-687272.9462931927	-667166.065887644	-593697.5484656633	-681142.2778992625	-593203.7120464563	-628573.4449128171	-550236.6325319079	-549834.6570274131	-679522.4932385876	-416461.146499957	-561826.5614748762	-438995.7000454604	-593370.737328687	-447532.86855010554	-394503.4456328634	-417966.11834316916	-439318.1523444185	-284733.60200672416	-264201.86801342346	-286425.4144723677	-295499.65108792536	-226148.3334515547	-286196.6013591928	-422267.4800587418	-163620.08122390794	-121258.38162732689	-268057.43933045963	-59959.54715561826	-109334.84074401908	-83343.39899402444	-37412.95096692169	58029.92925141513	99027.46519959898	159398.35507127544	134020.56097383465	105427.12250749994	125916.88520535495	155537.75970887154	267826.2770696682	322349.4131046915	395094.4066991037	363943.2504259138	322281.6886462657	366686.6540179224	418056.0849055037	577517.8323290651	436872.9028049511	605518.7702442426	600432.4716485054	562057.1056020753	660445.8966873386	768578.0503482311	786918.4534637122	803626.023379033	912070.5854927613	920122.8271798925	831169.0444799638	972468.1139223329	1.0385275582190924e6	1.0366737331725718e6	1.07685146417655e6	1.2465617424846613e6	1.2601343300643177e6	1.1331389954554974e6	1.2986769210932213e6	1.3561016294117593e6	1.347605268934242e6	1.3955767916270713e6
150557.8410112061	150588.2602957273	150074.78035767353	148848.77383340074	147232.81043183873	145146.98426455964	142545.08898000856	139342.44709784677	135158.13216845697	130999.43019775982	126411.77378342039	121372.71573447093	115882.57398740068	109949.95018606819	103587.9804178155	96790.76932398794	89514.60666293779	81886.65285136993	73812.24832894903	65372.53500377928	56593.022401589784	47367.79517080635	37759.01078170765	27860.213713404606	17582.526549745176	6907.833171111357	-4101.271417692886	-15279.405391267093	-26821.76685874333	-38728.873415316746	-50777.45965944597	-63115.63875365758	-76540.84939882345	-88739.07951648271	-101671.52443461076	-115399.02253503382	-129192.88911876947	-142277.1542869229	-156196.33896290287	-170297.64135402197	-184448.8331823799	-199810.6473387765	-213499.56265845164	-227715.66242914664	-242076.4225727345	-256764.65539453735	-271753.8643912086	-287025.6298682798	-302244.4753182578	-316303.20040900167	-330971.4776885682	-345853.2134635236	-360476.3852554724	-375655.3343664939	-390353.8168645428	-405272.8185788635	-420587.58439278277	-434559.32161485386	-448834.3728051625	-463042.83745823737	-477255.81761068944	-491480.7746477337	-505539.28002740926	-519667.0565360745	-533500.1740069916	-546854.5294623971	-560044.1958550639	-573203.2310199521	-586391.9673342258	-599118.2227628729	-611652.5498555789	-623979.0060091609	-635786.7760513171	-647554.0203023797	-659179.199018613	-670409.9731763126	-682161.4956437389	-692859.8077615451	-702787.2089038042	-712711.6061535089	-722432.7255430759	-731905.9929149249	-741113.6912618896	-750049.9600483523	-758722.5582081256	-766717.5793418421	-774682.7522702299	-782754.8712863326	-789789.7112204994	-796616.8310727761	-803204.2504260296	-809644.5431676172	-816593.4971234365	-820514.7463336505	-825056.1755014313	-829373.7933379307	-833383.368808653	-837066.1303552489	-840442.9104516786	-842753.7912163031	-845914.1871730767	-847626.3350800874	-849000.9470978347	-850058.7546212792	-851153.3163766877	-850826.6489986202	-850766.4725845349	-848056.5364245619	-846831.7559041006	-846358.4979758298	-841306.9851590418	-840967.1274092814	-838984.2214924037	-835525.1640655014	-834641.6082117774	-824193.4788679413	-818978.1202164106	-816355.6537487016	-808743.8822569961	-804704.8421878563	-805509.3253395592	-871809.076169797	-811980.058200449	-781751.8313937183	-763417.839982684	-749877.9845365586	-721658.1380104357	-792809.1230326365	-708530.2387425601	-709287.0307636135	-608342.2178663616	-731757.9888373564	-694092.6603236776	-733540.840567885	-674464.3222349691	-726214.1733782669	-626806.4336380488	-684472.9061265006	-583243.5983763819	-474314.0862324434	-446085.39176571235	-390781.6672263679	-494531.53689345723	-473273.2538691359	-570540.6065144339	-433341.96334691445	-421660.862016012	-404502.60409902554	-348475.06030979875	-398612.73972243915	-316314.2892547949	-290487.8566546287	-291125.8132425566	-348282.5974853696	-226867.48403756513	14266.06201153755	-203858.44106836204	-132437.56769385427	-151649.21200350305	-89859.05310220044	-65040.77399691992	-51241.669561188726	-109933.40586389793	-42649.88404373225	15080.122709409741	65153.52660953434	209743.32775949355	139471.57674345648	153039.88208772003	109073.63661556173	176154.21420716302	337045.2296555847	307012.1571597023	282640.88614234416	344147.3591681858	303175.33122524194	360675.4871208141	445160.8068236736	548487.2709580939	468744.3959662541	555481.0740908855	565147.6432116539	610953.9082966824	644340.0665547638	660771.8421770385	826318.843365964	739953.9963835753	864378.6278802739	934070.4780666712	919014.5672826492	910629.3678449779	941068.6630982519	1.1086510139792166e6	1.1703277250853046e6	1.1241957661689972e6	1.2410420956126242e6	1.243327495547065e6	1.221222526669769e6	1.2574438772841538e6	1.4261083825117578e6	1.484384229586638e6
150977.03403338155	151038.0336920155	151007.04607516137	149999.46618048195	148229.03100818227	146119.71210417332	143527.60911181895	140369.8501983913	136420.22510169883	131949.4374031066	127353.1421963888	122303.96582771302	116804.09143005562	110881.59539226617	104433.49083755357	97584.07661793951	90407.59013180993	82771.2191727102	74706.68065355415	66242.84832807817	57405.39484483603	48279.70414716366	38683.786468154576	28752.62982625875	18446.282563403714	7772.685662268312	-3297.088033855427	-14442.783118086518	-26043.33335856459	-37883.2216658041	-50016.02480850805	-62323.11831761457	-75555.17869594035	-88011.05772945393	-100908.36360164656	-114582.97025850747	-128604.34421908256	-141566.72284270247	-155464.40523431255	-169625.20471210076	-183748.8945453589	-198924.61484001848	-212827.421838362	-227100.12602129707	-241452.74546688565	-256144.23125850846	-271131.75221013976	-286510.00157748524	-301806.16350038565	-315769.02783052006	-330439.8932969812	-345327.4337542199	-359973.3308414339	-375182.5594927976	-389883.89598064567	-404806.01073604415	-420266.7590986623	-434152.50040418614	-448451.31068673276	-462672.49469396705	-476900.20974341384	-491145.373601556	-505218.14997248776	-519351.18389871303	-533241.4671467342	-546609.7321486175	-559812.8989033313	-572987.3976009645	-586181.9480510036	-598956.4895821477	-611496.2540355425	-623872.5984534156	-635686.757260514	-647472.2461417589	-659115.9514953499	-670376.3631053444	-682145.8897842551	-692903.9825495225	-702830.7186806446	-712774.3003115751	-722516.7007611317	-732011.9744856913	-741241.9995803854	-750200.4660916766	-758895.5307108816	-766917.7362822131	-774905.8777780747	-783014.0311613563	-790066.8948163071	-796915.8621595136	-803524.4001062936	-809979.8165342605	-817115.4427244142	-820931.3332011495	-825491.35800756	-829831.4604456788	-833864.8181323088	-837571.2609405045	-840970.6448901424	-843312.7478116313	-846542.0010462909	-848503.8392008096	-849555.8721845807	-850772.5623889454	-851374.4471880086	-851056.0025234988	-852561.8599599407	-850049.0682307212	-849728.0964257261	-844763.737394972	-847599.163819165	-842849.7093499722	-845354.3690149302	-838208.5760943361	-836789.8473543338	-840403.2977041693	-840129.7866206397	-830039.3631323404	-786545.6000134102	-801487.3502419535	-822408.5355123016	-848572.1130229996	-783707.7780259112	-797452.350743816	-751774.5699360196	-794361.8301715413	-751969.2407085001	-702544.5805338051	-703326.7734925486	-696588.2423016236	-669849.007165913	-550631.2789432658	-798389.5136618824	-675367.1525413806	-642219.0989814023	-680239.4444868313	-553820.1253785572	-637508.9189636966	-577548.8122001931	-596084.1289961485	-504674.9704921174	-510145.88931400824	-483801.7185380087	-488605.8882639781	-399000.20836178685	-556884.1093927594	-597891.1001048076	-471357.0800988931	-437539.0466933742	-407189.22527101595	-387148.365983683	-466529.44892587216	-325847.27811232774	-419973.67741070647	-73229.64575323515	-126098.62915040791	-354873.0130221607	-174814.3671771796	-285254.6725180634	-183852.35406203434	-40717.393989258504	-94262.4348724811	-1299.0391242984333	67348.93735653622	5802.42645884346	103990.73099333927	122010.22313074203	121011.85706341261	79011.06529567664	99584.65611671464	203834.68162661738	176181.0402150554	285145.7813268881	296690.2865992565	257677.64550094208	377308.5689922212	410727.4033392984	496301.6975168497	435966.6819232944	526201.8106121728	519134.39949906146	588513.5408442933	681494.3735639132	625280.7728685602	624695.4903359334	822033.9539869823	815489.5304235495	769404.7096146229	862810.5965877506	924517.7034454686	1.0077385628057704e6	1.0416796999526485e6	995714.7684034514	1.021424930803644e6	1.1139721591971791e6	1.1313132352639153e6	1.2364816834026403e6	1.233159726087581e6	1.34150378024702e6	1.3563801783408881e6	1.4346392987464028e6
151559.82239063608	151632.03565789218	151723.3990871273	151499.5756221484	149921.92995133932	147576.47088420205	144946.79855867813	141815.04371721658	138026.807790439	133310.94398644852	128692.73128955351	123629.4238016358	118115.00371698599	112173.29502935451	105758.0129093632	98984.89072242478	91663.91510173416	84054.04423595459	75981.70458902494	67501.01372313191	58555.38434303203	49490.453262831026	39924.077732398815	29964.060656676593	19623.35489514278	8924.773882372188	-2114.5274544781423	-13292.461337678076	-24980.50668560021	-36716.17872943659	-48963.14791018027	-61218.95146923649	-74268.3897607901	-87003.34008365264	-99841.26779942642	-113456.65709197355	-127856.75216887947	-140573.59631379275	-154443.14910223839	-168692.72923759033	-182770.43821273895	-197759.62149509034	-211894.62975629332	-226241.41428627394	-240578.72476989278	-255274.38601096513	-270261.24120524677	-285809.7536431615	-301263.59236344736	-315019.50086724083	-329693.7838023286	-344590.1036827927	-359267.72825268866	-374520.5521226612	-389224.8809024479	-404152.0273050198	-419865.22137769766	-433582.39920749294	-447913.06296042097	-462152.31126220146	-476400.8350822774	-490674.16216547944	-504766.3014391845	-518909.4132893134	-532880.6840268734	-546265.97284463	-559487.5351415677	-572683.3362114539	-585888.1770788659	-598729.8550853957	-611276.4316489608	-623724.0941622247	-635545.0705104915	-647355.2953067147	-659026.0828145712	-670326.9728065211	-682120.0192447628	-692968.6733354062	-702889.6530368247	-712859.5567818934	-722631.5853418505	-732157.9420875104	-741419.2190204046	-750409.649415469	-759134.7331597107	-767194.7154315892	-775216.079618027	-783374.5510428452	-790453.2547255892	-797331.8060414938	-803969.617511811	-810447.4848123176	-817852.5592783142	-821513.0020558957	-826097.6578568267	-830469.6374412659	-834536.016514753	-838275.8870990346	-841707.8128236746	-844081.9072020778	-847052.8662608906	-849340.3034311598	-850351.8807656264	-851345.513767727	-852423.0265290998	-852478.2816593514	-857131.2864530871	-852133.7469190592	-843382.2419877872	-854361.4946221719	-856708.0121056905	-843121.7515738781	-710659.734518314	-838742.8962510179	-715112.8476608321	-837104.9781916211	-826706.1683823722	-820939.5917311236	-824590.3040767482	-830918.6595796612	-805620.1555679981	-772073.2093047402	-793748.358694246	-828356.2589556044	-774100.2441308757	-746824.0705102731	-754831.813719301	-774397.5488259348	-661719.7145267525	-777110.7696981071	-657826.6581583873	-657418.7400653984	-699190.6843879032	-626141.3771645583	-718006.0323418172	-659714.7180175949	-642467.8417210432	-615930.0185852817	-605059.9617719767	-413269.3391112551	-719883.0276936439	-569116.8636330443	-419470.5513148425	-423484.3541595876	-515795.01735992526	-416567.24907320394	-418673.3430428571	-429825.0222732679	-356560.8168039185	-384130.2158804171	-394688.9293017204	-393224.3999393448	-270992.9713639557	-163779.97957968205	100949.18488732021	-263521.7779602954	-104306.0703220694	-82795.12339500437	-35392.37098942144	-32258.289794948476	-186785.72808543552	-77846.01427245006	-13013.060857294186	-47664.00220442942	-3100.7151815156103	76352.61641664704	164382.83834082534	-49164.40864389861	41655.25062123587	205847.30821913522	149284.02118123457	218775.18950848788	271362.4504438303	392808.0973949134	184267.19099965825	278207.5816174936	441536.98697644327	468223.2306503853	437841.0687677506	506590.45052606607	605522.8242944777	638458.2985148034	485893.6030218191	713634.7386481571	720150.4784570937	715074.0824940172	679045.0352333109	906215.3318804367	784843.0984387691	815323.9664019071	942905.7930331319	1.1564772272340222e6	998719.3636445799	991771.0685799089	1.1538428086126703e6	1.255497546059308e6	1.121689173018456e6	1.2567749527254119e6	1.3264035055299862e6	1.3093247458750126e6	1.3531971154461005e6
152306.76490555267	152384.41285729682	152528.66412449727	152548.98979999957	152041.01566521858	149842.85710256686	146896.3266025352	143718.55651575944	140004.30412164022	135399.0460339383	130455.70416905137	125367.83456490602	119833.3546281741	113880.26965715038	107458.06398913631	100668.1552121219	93366.19696405745	85691.46061551728	77588.45924648579	69139.95694365387	60304.372588592	50879.56017813564	41431.16034033953	31451.631796443835	21062.568606539106	10380.109426991665	-552.281091105775	-11863.213676688203	-23586.486862458347	-35238.787396266416	-47591.47929940821	-59809.48471074793	-72707.84224251786	-85741.73945325939	-98472.14943480244	-112026.30502532527	-126302.67566866218	-139299.7613489992	-153134.14755468038	-167054.40616585067	-181514.127154512	-196364.11077779197	-210706.1560699051	-225145.8030605224	-239453.67647181594	-254154.33231818216	-269141.64944790397	-284977.3550508503	-300263.3018830235	-314056.72359507205	-328732.46222278255	-343640.7772861823	-358357.50516488566	-373293.6428608531	-388375.2282745535	-403310.8271855632	-419032.21168715024	-432848.3959814432	-447218.9449561959	-461480.1071021791	-475755.3537724217	-490065.2000369529	-504182.9565236593	-518340.17770895286	-532422.2657988322	-545821.2719586089	-559065.7413458189	-572289.4379740243	-585510.1681067748	-598437.3913733619	-610992.0003702212	-623537.2438262745	-635358.9654389496	-647201.9132400812	-658905.9695393129	-670259.801414248	-681347.1045864569	-693059.5255039393	-702962.0531244185	-712965.1782831238	-722775.3014675828	-732341.3106135619	-741643.3149908413	-750673.6477014581	-759438.3365333327	-767547.022679508	-775609.9345219885	-783835.2840829231	-790944.8967845314	-797862.2445407517	-804538.3021710925	-811044.9102308594	-818526.0006208664	-822257.0325518514	-826872.8843444032	-831285.2574904212	-835394.32073453	-839178.3501917319	-842650.3576919208	-845889.8799255907	-847909.8580184933	-850430.4870514798	-851849.5119838237	-852161.7216020415	-852910.0785394791	-853504.252040511	-853883.8329690467	-852191.6668351183	-862879.0179485127	-845767.701270449	-841490.945866798	-844057.5046663561	-849079.7641454106	-830007.762423963	-811532.1701855666	-875049.3752952882	-833520.2072310427	-811960.4708754886	-825688.5298821253	-835837.736204752	-794379.7209744225	-801470.5429828325	-812597.7761394945	-800408.0464352989	-786364.3908590928	-765451.8705820784	-732857.8298646889	-756644.9948392175	-812669.8674334846	-738079.9568927465	-699418.6636888098	-611310.910799634	-662269.6629664446	-686442.6518320711	-587626.2425207742	-594512.2676171989	-629945.2731957762	-591148.7336413625	-517093.2837500526	-607962.9224735266	-624128.1456745896	-590887.2989348439	-529486.6038540539	-661429.1663126722	-460909.9780777181	-586107.4436681196	-488274.44927911327	-212645.54699990625	-482777.41325262777	-388069.1660421431	-520534.52500868595	-361947.28950418724	-58278.377742269135	-358072.975369209	-284323.1910816469	-269178.9402298793	-464757.23011349194	92023.44303420087	-301328.30833085725	-52808.49619411823	-151749.59668993304	-295461.80025715433	33576.196630191465	-98741.46248483291	13360.54999778414	-64579.70840255782	144982.82979505876	12570.396710215544	131442.55253837624	155957.9505302314	147132.33868583984	202124.9760552048	201705.57914666034	228008.93669585086	239733.55239364406	295879.0442598466	461085.9622959587	406943.89349487884	553099.6989792855	440383.76707086706	513731.4729567477	518002.80229922704	578339.956215377	762058.3320992538	648683.8129575527	720010.3618944832	749152.8914709617	777616.4110954092	806161.0596796931	932513.2885881006	962272.487187793	929936.7712547262	1.0963759464061842e6	1.0372775742699313e6	1.0830217526663397e6	1.121916269348619e6	1.2212149795601615e6	1.2986372469202015e6	1.3040242067659213e6	1.4276553579810117e6	1.4084856863498394e6
153218.58264224458	153299.2236212858	153471.39085783472	153609.76622625225	153476.24487356067	152618.25049613655	149762.63605934236	146191.89576016058	142436.84392245748	138082.4547304727	132690.91148150316	127545.32125417673	121980.3207576354	115981.11702819268	109569.09480929346	102705.118441089	95436.74403298635	87714.38531593152	79588.88472201372	71145.33585890423	62197.779304449155	52995.15882415429	43053.312112145184	33287.089607038826	22675.68362418079	12234.325036647264	1265.0229003206478	-10059.897158894222	-21705.009517638828	-33398.81513805385	-45910.04171783867	-57970.366767298285	-70861.40664255468	-84112.09086599204	-96803.10681322854	-110295.15236981845	-124510.23619805626	-137749.55907915058	-151538.78686747188	-165490.67792299995	-179981.19678600054	-194728.60341180555	-209271.50971674	-223469.1653543627	-238076.59115881828	-252782.5363849709	-267772.7618683396	-283535.7405038626	-298673.99894369184	-312880.6349357327	-327554.7685439236	-342476.86959469016	-357240.7642458663	-372202.38966410514	-387333.534159312	-402280.3558266439	-417773.1329169271	-431950.09368480643	-446366.59058990993	-460654.1912897965	-474961.60215849045	-489316.2316136741	-503465.2724103203	-517643.2397166093	-531875.0888494736	-545274.2457393263	-558545.3314885371	-571802.8516875745	-585046.5363004368	-598080.3301047812	-610641.1590252952	-623319.8518008137	-635126.9693964683	-647008.1847698479	-658753.7526020405	-670171.9843257086	-681301.9143949575	-693193.1539841578	-703044.9953316618	-713088.0220533677	-722944.6198510227	-732559.0212837094	-741910.2530442548	-750990.0243760978	-759803.0614402439	-768383.4715824416	-776085.1934850903	-784392.7523493643	-791539.5292817699	-798503.8929016117	-805226.6016225764	-811770.4568873663	-819006.1812102462	-823161.1451335449	-827813.4389616111	-832274.9306942578	-836438.6306691759	-840272.2184288034	-843811.2993689124	-846374.0986493542	-849627.4993180174	-851562.7411346924	-852851.3610604838	-853495.8089083906	-851898.6257247431	-853092.412219417	-857466.7949263449	-864101.3977769592	-852202.2565782703	-852245.078533005	-848549.809096697	-840965.0182383354	-848405.7645294457	-849965.5410834027	-843126.2916350919	-810788.4006282049	-909321.9322889578	-807519.1090709544	-794053.9308345113	-822356.0194150482	-789756.487505337	-801549.8835898794	-795063.1698231408	-781244.3694558037	-721031.3724805175	-762859.4667472523	-797691.8546959597	-669163.8363896287	-909370.2842180079	-726845.5394200508	-717983.7822282119	-709196.4669231959	-683059.5224305787	-704607.0179663363	-586295.9432222329	-679038.8523050835	-695798.1568120392	-471258.33206934674	-577763.4158603637	-642325.7804144495	-536398.0920497295	-612496.5551699549	-545029.40886468	-544166.8153649431	-629844.1828535739	-551062.2227165436	-434863.59698765265	-351749.4582365333	-537135.5871531744	-497706.4994757772	-394052.62775750697	-186301.59339487093	-388444.2733688895	-356486.7767189616	-281048.53252378857	-12524.225954381342	-282623.8515972272	-10824.73917958053	-203839.3570157928	-196736.64199693786	-143199.6012254898	-4878.595630801341	57881.377398382814	-64025.02228519978	-129171.36590872245	54564.632536733	51690.7696046512	6174.0209220516845	32098.19618594268	176617.14512779325	134637.3238919903	303469.21913221566	206584.5021094521	256155.86951547064	280289.34384472895	380795.88994777104	405518.730874489	480035.6386503181	353955.41722663346	516656.1135487882	440315.2191297323	550920.2141190884	635152.5930605237	748075.6766029657	568038.2700903025	843877.4653692679	838841.5282250005	864849.705407076	822669.8553771623	943882.7665391662	931069.4048484876	1.0276275641332814e6	932290.6242327825	1.003206660399579e6	1.0732501515390533e6	1.1296729930571304e6	1.185980808233105e6	1.2618341640962535e6	1.362679356155626e6	1.4159538605532818e6	1.3548354637336791e6
154296.1248175156	154378.52914777515	154567.07092872774	154772.57066222024	154833.91624412668	154481.36584406602	153223.27505264117	149681.49364096695	145465.31866297382	141101.650291447	136014.6091392411	130210.7288802794	124581.07417854015	118541.45354335447	112062.74563563714	105172.68845930492	97848.20001507964	90114.48201552051	82014.00187686027	73499.35234642762	64584.54315225006	55322.232406168885	45719.81805168168	35658.45817143307	25317.353635639767	14623.149518786173	3502.7632123653893	-7812.713087649143	-19460.332735456934	-31260.101846878126	-43811.18238041521	-55909.67221949145	-68721.82032335756	-81860.82629353655	-94838.48728354371	-108264.37113751782	-122609.60152245229	-135932.92974810838	-149657.618514329	-163640.810967695	-178172.97894119436	-192836.23081812356	-207597.91864989925	-221825.3398155637	-236447.01222311618	-251157.27291973468	-266153.1396925684	-282095.64056100015	-296987.9235931651	-311493.998329576	-326158.5121570043	-341097.28962033	-355914.49502541113	-370906.6477645467	-386097.97342478216	-401059.8337038328	-416423.83180814795	-430888.007779391	-445447.5581366118	-459671.5142727678	-474016.70008067164	-488424.509056893	-502610.4533424684	-516815.93574080203	-531272.3965015707	-544622.7302212662	-557923.3791881481	-571220.959680144	-584495.0577452378	-597662.327711466	-610221.4481268516	-623100.020156427	-634845.4447711792	-646771.4217820365	-658565.888784802	-670060.1683907621	-681240.2217995329	-693414.2028369925	-703136.1582986373	-713225.0158344988	-723135.8056366909	-732807.1256125928	-742216.3489489679	-751354.5449272541	-760225.0909566283	-768857.8117380834	-776637.1231375025	-784509.4729275221	-792233.0786902157	-799252.7527402663	-806030.7838951668	-812619.9399239947	-819656.6221724872	-824222.3916800458	-828915.3316868686	-833434.2337177733	-837656.7855388422	-841536.4163648377	-845108.0877749925	-848463.9487493178	-850228.819642613	-853332.6609573716	-854438.6228446823	-856783.944229508	-856084.5509238087	-855954.4015597953	-855944.2442990146	-839926.532337588	-867165.4492303436	-865003.2800505485	-846833.5121956917	-863161.4379042829	-848952.251475692	-849718.8347853713	-849832.8270526745	-826532.3748046621	-839289.8774428933	-868291.3428698718	-821310.1799629137	-829335.7774527764	-780613.6794357193	-798384.6810287817	-780223.9937041479	-823488.3905980787	-794951.007644796	-825040.1040763813	-690228.0150132079	-708701.0138560571	-791279.6678194753	-749576.7467581572	-715804.073199589	-806384.1127145318	-795097.5178074981	-639335.0229132816	-675712.5870970734	-521841.1781890151	-716312.8943775375	-639857.6613892389	-699460.949955699	-583682.1636600962	-625908.232510359	-511403.2416999741	-467955.3145030619	-598418.6224603574	-555368.3586092526	-527345.8883973642	-487604.47944208217	-462092.7495521161	-460196.65397543303	-453564.5063039298	-289466.6706896909	-126142.69128009031	116241.13443465432	-110252.45063721627	-275288.66218100867	-183277.67960106448	-354616.97300101264	-204797.97039751668	-54454.718900564185	-36960.25898053456	47780.03219186369	-81541.79457740724	-107352.79139111243	-135469.9752113042	-66319.05893325579	69569.76324736135	54776.10250533366	115894.67907805735	136743.11648895958	91978.20826394338	153962.41335319023	166512.77912026405	270628.03502429783	221024.6802011602	259955.38797402236	326884.2717093685	311155.2691457634	367202.9580916161	407291.91423378134	501998.53269700793	492463.82309916423	488482.2447299286	659742.3940605498	582907.1878102021	737161.0793064819	707002.3929310464	772858.719206898	790284.2004279294	858845.3380717472	920825.9536545002	913391.2789908093	900906.2064460819	966709.6662995848	1.0936195643774965e6	1.0918034582301746e6	1.2187913839468095e6	1.23876307533465e6	1.2235988829124407e6	1.342219793854672e6	1.3098675849607983e6	1.4481535556641384e6
155540.4917760372	155623.8843878156	155822.6073849401	156069.80027975148	156248.09300250397	156172.25898672728	155548.5898705729	153850.7300352003	149599.57372167567	144718.0200033661	139711.04811932665	133660.66420766123	127692.39294538961	121566.00389526697	115039.90850677976	108101.10400369199	100770.28843726305	93005.58188060258	84825.80840847269	76289.52362323186	67354.63774456043	58064.34755023196	48337.450451369106	38390.75618904381	28004.283366529795	17250.386978458613	6165.436818198941	-5309.903886702203	-16870.681085919496	-28848.26680301118	-41124.4206328133	-53559.29189974215	-66287.76908123615	-80025.55628795826	-92587.58129768053	-105934.22749273322	-119955.93904794648	-133876.26871259598	-147491.47093944377	-161503.2325548209	-176093.46788558684	-190684.6849810431	-205729.37448764508	-219931.33873590874	-234565.18749907808	-249276.45663755643	-264280.8872383581	-279648.7878032017	-295146.77524781716	-309903.9363947008	-324541.967044288	-339499.03497170657	-354672.9512183886	-369403.3112912483	-384666.4692166669	-399646.11939740053	-414941.55599901197	-429664.4004669827	-444214.6190462067	-458528.7878836617	-472916.98814122274	-487386.6229277003	-501615.31991597655	-515855.4792272136	-530609.5903376425	-543865.6978238372	-557196.6285314551	-570540.0556567002	-583852.6355292827	-597197.848393922	-609729.964103106	-622802.7285357286	-634511.3130452342	-646487.5852749348	-658338.3088503092	-669920.4480351298	-681157.8831148196	-693476.3906895213	-703231.7940033372	-713371.4585243163	-723344.4865682195	-733081.4123337569	-742557.5091911308	-751762.9241957844	-760699.563462622	-769393.6391324566	-777261.1081160337	-785202.9791668102	-793021.1898595975	-800104.0920275226	-806946.1632712143	-813589.3522776982	-820505.941998234	-825438.0779768538	-830175.7454677911	-834760.744228312	-839059.6950838706	-843369.9453650555	-846485.4967279825	-850279.7517106214	-851655.2284124533	-855516.3607071738	-856330.5309488145	-862652.3429782081	-857605.8569120984	-858663.176028518	-874695.7830538335	-857028.3671813961	-849914.3098486664	-844256.3465137137	-865690.5302328547	-907426.6831663365	-904061.4881903084	-850065.471085985	-903286.2418678913	-842038.7055777144	-879051.2603782511	-871162.0749715187	-864336.7001228691	-814268.4195589717	-818390.1527532041	-817344.0643661644	-815698.394406246	-777764.4510035794	-783607.8448945768	-1.0094294864713026e6	-792011.0462242719	-729583.5185218807	-763916.0431254506	-735324.0051347418	-691678.4646472111	-633472.8922977173	-700405.1505543946	-698386.3985965748	-766126.2704749401	-623732.0245967254	-670411.0479253647	-541409.6429898522	-507867.6579422905	-510610.37393348693	-556289.8976628557	-590976.4521238646	-524366.8281600068	-492104.41755765077	-584029.3733706472	-557029.2900444001	-491105.0875375518	-385412.53669713537	-443313.8916013025	-437031.1932838553	-448776.443721806	-326022.1645828458	71850.17782236397	-383440.67487808183	-371967.7363261246	-278305.5638163728	-303900.926277665	-177558.98268918932	7340.587664854189	-185632.24559509574	-170433.25638818234	-180180.13240804715	-120591.6885919972	29026.718121216574	-53767.59709082084	-19211.004060992098	226500.53584260255	45184.16222186381	202475.40422573307	99524.81475733867	124781.00412923185	201737.48782706395	296275.6278062695	273095.1881084949	308356.8462318964	210845.96551788965	466203.2874889429	382982.524696812	475499.74818613793	505167.94443920156	622799.7661186857	667929.9238723367	479898.6524356263	545134.1976516177	684277.3316159663	784225.3259684243	766370.0112960101	876224.5576966624	772847.0537449731	1.0151507954258104e6	1.0008192823441974e6	944617.1548162266	1.003585009248056e6	1.046511272941927e6	1.1631388470645552e6	1.1676018945198474e6	1.22723504320329e6	1.2247305903700436e6	1.3279404124150448e6	1.3393789520999142e6	1.4433479414127986e6
156952.81857541332	157036.73038984998	157241.9498107101	157516.4663434208	157770.589792156	157867.5342274456	157604.1372036017	156666.80666321015	154496.77570818103	149516.97225972376	143950.90767732385	138260.7426862999	131415.15915521228	125134.69705466199	118508.98746853083	111505.24376434955	104085.02924215596	96295.74536805332	88092.17949115788	79479.1082294652	70498.73314097163	61159.862057602615	51471.14595513395	41065.592880940356	30723.631459178985	19901.428700001677	8871.310685583449	-2351.8961089594522	-14092.08459148911	-26194.85076494707	-38272.87157690158	-50986.254592696845	-63563.80989144594	-76997.19453559889	-90076.50677473951	-103305.5744874702	-117342.25153447062	-131693.87965296092	-145042.30622268372	-159314.318237117	-173752.60799060875	-188266.4719905021	-203854.45936476963	-217994.4273234872	-232433.77841876325	-247138.0731318573	-262153.61605472246	-277493.6577757509	-292779.4409789775	-308129.99340145075	-322703.83573179983	-337679.6823340162	-352866.1225084516	-367689.4503911523	-383037.56011031836	-398037.7527015233	-413299.67903701495	-428286.95785126963	-442812.44091922144	-457222.9008722067	-471658.9206383233	-486199.31003554055	-500476.01905942237	-514758.6055756364	-529324.8384547484	-543002.2315726823	-556361.5112213122	-569756.1201395257	-583115.4976949485	-596742.3229476693	-609163.6330013117	-622106.1705997009	-634121.4514780696	-646152.406951193	-658066.7357561996	-669748.6633177353	-681050.2524179476	-693189.7402636854	-703328.9567859839	-713523.0643037595	-723565.9302106878	-733376.844457149	-742928.4753458346	-752209.9205442842	-761221.8126578054	-769986.1885943084	-777951.9908492356	-785972.6059626774	-793898.9201612929	-801052.8503622629	-807967.5751268517	-814673.943534629	-821526.8400500896	-826807.0976562093	-831591.6495440316	-836280.4212689886	-840655.6181170952	-844655.1819539675	-848655.8807633149	-851832.2159003126	-853772.0923415481	-853026.6937071206	-859229.756993538	-862860.6550910943	-867102.5897216725	-867822.9404689686	-872845.9173268429	-858709.3366934743	-859240.2389174232	-841766.372994965	-884869.324548726	-854812.6227400191	-868474.3212001617	-843599.0520262793	-845184.2184428833	-857977.4617432582	-852959.919369201	-846521.774650844	-852455.2719944662	-811850.3620700024	-819144.0726131059	-810660.8969199075	-847844.3774857402	-802636.1235505596	-769015.6204521521	-846280.9968437329	-761557.0688087167	-799169.4823814193	-755301.0462646906	-699399.9034656025	-717642.1762670097	-757868.5907934001	-746791.2707263376	-754735.356673172	-682048.1391330922	-682961.9503712188	-661190.1031408138	-618242.5688513378	-640179.3622955685	-631983.7411859785	-632974.8692767464	-604535.4320478968	-511319.6935377459	-506649.3967173021	-493006.4067110171	-601789.4388955156	-401697.50023474015	-475685.3186568914	-278356.5633978844	-398025.17194389	-381749.1146275616	-317063.89389543334	-415487.2253493248	-18610.66632526886	-356546.92578843195	-340406.94464763586	-293563.7553556255	-254730.33834067133	-12322.00563721644	-304126.279360632	-198820.8627062082	-204403.8318064898	-71902.56464528671	-24650.61762430385	-578795.4844388273	-170735.94982184382	24565.675146944297	160055.46411101328	145999.99351795245	20843.688941409288	107782.42308715027	159469.87159771885	379566.2198223774	219432.1396696809	164916.20934712043	224999.2603485756	356064.6175075494	397151.20912075083	-32723.244171221333	482563.9695276119	484727.06212144665	579621.4473996018	496024.6641312623	526693.0118588302	676197.128777673	749386.824898439	753516.471019845	754140.8130392046	732944.5284990803	747719.0575116775	867742.7969587608	954171.0956860087	623384.2310375436	1.0157725114089386e6	1.0330970808869577e6	1.1927947980465754e6	1.1449922170666768e6	1.144201906554461e6	1.2683151088099382e6	1.3504898648854871e6	1.391856371480009e6
158534.44328013406	158618.5389497031	158827.88667319494	159120.8736319212	159426.61618617672	159639.3364038823	159607.74139597785	159114.27588417724	157827.82957028266	155158.52646643226	149433.7551081743	143164.52544485772	136742.82449572743	129331.9572486201	122540.24854075065	115408.97611687984	107895.07412534452	100049.717562859	91791.64919654449	83108.21870838938	74060.09493915684	64664.71630025207	54808.037053869746	44881.160455003206	34395.13007726357	23583.7690747843	12437.515893868578	856.4853483323241	-10849.568885767192	-22956.738118654524	-35053.559297717235	-48031.47722291859	-60430.71567492769	-73715.28584037483	-87430.71522688269	-100379.42882845734	-114280.67357825954	-128913.94255824873	-142316.0718060139	-156509.497101511	-170777.03277907	-185577.98910850115	-200903.55219528757	-215402.45913349593	-230061.61283493153	-244739.91565005312	-259768.4088976773	-275096.66867506935	-290730.19932280807	-306243.7295980409	-320643.239475084	-335635.7097996917	-350841.6120937093	-365759.6110638351	-381210.4090133873	-396228.9277544345	-411483.20457054966	-426779.8126164692	-441238.5642434438	-455749.64447695	-470238.03896316676	-484721.5506337178	-499188.6266441781	-513520.43477411725	-528010.5554001693	-541828.5590961319	-555413.8660523533	-568864.9732006765	-582278.7512418169	-595918.6614283505	-608518.7526441802	-621417.3574203565	-633672.4950437222	-645759.8341517476	-657745.4002147545	-669539.8732496463	-680912.1010039516	-692991.1248990723	-703424.833048562	-713674.3192625439	-723794.1722022997	-733687.3323070449	-743323.4641366918	-752689.7902086042	-761785.7406474887	-770629.4980930949	-778703.479501297	-786811.8877456775	-794860.4513025298	-802092.8207442141	-809088.8530594113	-815867.7710846697	-822698.9227239464	-828321.7360052858	-833132.8313280994	-837891.1471302805	-842194.9969825691	-846373.0438018718	-850233.0536197575	-853920.4278695593	-855485.3871514846	-857578.6938017635	-860104.5317724699	-861098.5814536486	-869316.3461889285	-868224.4607855293	-877538.6591081556	-864936.472372764	-873851.3202954971	-866148.5918487767	-860860.8889535144	-856165.03645218	-872018.4037557233	-842091.0678736821	-838313.7642772538	-871256.5330319682	-828763.8840857586	-816683.57230787	-826396.6925981136	-904907.8506083104	-775824.6711100568	-819862.8460277328	-778923.273846217	-955812.2212898491	-751513.0236041299	-691766.3529856803	-764181.3816742194	-822774.8027621105	-743666.9144788124	-735002.7757531658	-757116.0011283343	-665580.2919840517	-715939.9114158731	-741090.2852370581	-627127.2914319569	-697904.0451648517	-653041.373973913	-533624.7761351874	-630391.8745767088	-604087.4693446658	-562416.4587254331	-622309.5888033025	-510693.1410092661	-625664.6931789881	-456653.6342968585	-586728.5893321976	-508042.0156546473	-311255.943575325	-427474.73765081173	-408412.5827712529	-359748.84555671277	-349940.33630942745	-436557.7887612787	-411714.16245265777	-321254.40618799074	-192032.1633867352	-242269.24445704796	-238863.10990265483	-164204.81801417662	-120720.96377500898	-264114.6350339563	-63120.829074339534	-86896.23979128111	-61915.89673384285	25586.56904516596	-53444.83651955851	-104346.4426119724	103504.95301276766	92405.52247679693	400494.30313689954	37613.529895301384	309290.2540615503	213364.26730097312	179020.23228205222	220156.07193892117	297953.7960478267	401313.88868273323	380871.42311711697	462011.6910881176	454286.8416252629	419154.74437961815	549163.8964328216	499755.9715982321	555332.4064703877	589096.8624209682	746227.0067010554	730370.6202053013	754894.8324316242	771950.8681656099	788749.5994395022	980258.1590710585	930317.44209002	1.0102850278241388e6	927442.8559918492	1.0576524507474224e6	1.1111664827031703e6	1.1914843620153698e6	1.374006937623043e6	1.2148231109854658e6	1.3590308703560266e6	1.33717034963059e6
160286.8245575098	160370.85651440866	160582.70101140154	160888.33928496286	161230.27756669722	161524.1247893218	161651.82267014298	161450.63433130342	160691.02498509776	159025.4323566414	155833.75372962572	149349.9789217451	142359.1202704208	135142.5142011023	127229.93690302095	119912.76242984529	112277.90660467988	104287.28114277846	95913.11929689127	87189.75124316133	78108.78754140431	68656.41720208747	58807.923103245615	48602.933420189074	38095.88538005459	27311.72402906639	16126.014646367286	4614.003627383558	-7247.352420453564	-19231.64049397671	-31599.096820467792	-44324.42039357213	-57069.44648432618	-70227.26279703365	-84150.2593870938	-97163.90371336348	-110952.74539251052	-125656.4665675775	-139329.27585474256	-153430.32095825765	-167757.01447948304	-182615.38283191813	-197700.42140641756	-212610.18890817882	-227483.92918147802	-242079.51388710644	-257121.63467449494	-272450.5177376948	-288661.0386175036	-304294.76194843	-318361.80739465676	-333365.63816080656	-348595.3021185524	-363611.3211160783	-379187.73009786103	-394218.8743401637	-409481.47604425345	-425248.92440417915	-439490.5590897227	-454105.7201375053	-468649.0477693912	-483195.99578015413	-497746.35762409895	-512137.25088732893	-526616.4530748862	-540682.778369252	-554349.5694148976	-567860.9203202324	-581337.7768103424	-594902.7542695547	-607792.3095027206	-620690.8495914335	-633160.6464092684	-645307.6513222267	-657368.7633335912	-669290.0980039382	-680737.6508409777	-692822.246300113	-703519.6252714935	-713819.8057631266	-724022.1624144951	-734007.331803089	-743735.6572809413	-753195.8413621571	-762384.7651575697	-771317.3732342995	-779509.6302630659	-787714.5589134076	-795900.1032546072	-803217.4134905478	-810303.292691441	-817164.7503533186	-824017.4683948618	-830060.9758529828	-834970.457818317	-839762.3130296352	-844255.3522308571	-848678.5584857855	-851392.0277663665	-855968.6112134021	-856748.0711774305	-867916.2910827892	-865341.8666765115	-859634.7858179358	-863846.3426081492	-868849.5343839892	-861423.6623120487	-882032.839123073	-857399.2050184875	-872495.8628403433	-852445.2637042175	-877793.7014912462	-843291.3967784769	-945937.5447975709	-862552.7163154143	-860901.7562335224	-827316.4068502227	-857332.1309960834	-976568.3300698106	-834910.3933035359	-835555.5023656003	-837516.9809211744	-826708.6098148865	-959845.1961753017	-746560.0391578418	-803374.4043375419	-672215.7763742874	-672690.166389886	-775185.0606075807	-661219.9719838852	-831669.5874816785	-726608.557638489	-656313.4587973529	-696769.9299642304	-746329.4028800405	-646191.7871880652	-666920.7824818448	-647892.0550029839	-630970.2563168446	-694136.0352180761	-564272.4241315464	-636185.8104656863	-578377.9903093025	-600146.3250367991	-565522.3506208912	-512234.1648051425	-367580.1294768572	-480443.5445151963	-502602.78148814646	-265378.0360973487	-420225.08879137115	-435497.08401207725	-276197.25933492515	-276849.969745515	-343304.5387011725	-342698.40550239064	-145010.5265328773	-92002.22944626265	19172.067372707592	-296847.6686905744	-401149.531875779	-110939.94095002726	-108844.59705250623	32905.39270384045	-68858.7214179482	-37876.90580425231	-252646.94104518747	22828.28172225639	164236.9039481901	99206.11152359186	54360.53274217009	153891.72830344917	167917.57484158681	144137.6457958817	252045.2470453409	398425.73731066467	330887.20717438025	336638.510730219	381014.74176496867	405446.4216311317	510371.0936160576	398335.0810367697	609467.7787491214	595415.5773383304	586906.6405714946	668331.7260902566	796464.3795842887	725384.6278205845	774959.4459514706	917287.2159322505	867459.5622870685	929380.1246821047	946555.2826601793	1.0171321599038732e6	909097.3748995955	1.0378132161917011e6	1.2015969828996905e6	1.1773180844332394e6	1.1486718323634206e6	1.2775421594942533e6	1.365133952545161e6
162211.560332737	162295.33122426894	162508.50221784448	162822.75172726484	163190.60331990075	163542.8904789086	163784.7227770079	163788.54749353987	163382.12144386256	162325.0378787957	160254.5807482819	156520.66425128636	149265.67169107794	141534.69960112165	133427.92190585815	125104.29327910434	117254.82806513604	109100.83707117016	100624.09419794515	91759.3325752592	82621.10917401582	73086.39938976621	63170.8857950996	52818.57353442878	42452.49038557982	31452.708515224687	20169.98980471515	8567.593707489374	-3245.3472310869256	-15391.07806125289	-27953.460723682598	-40385.03164183308	-53513.69472627339	-66482.2123534763	-80402.18391526138	-93689.74426860196	-107348.56839683902	-121880.46898794803	-136147.00305522882	-150071.69002729037	-164442.00343317757	-179385.07377740744	-194343.41335901676	-209644.76770460885	-224198.15537385154	-239160.80157523992	-254209.06853918856	-269548.7420019691	-285840.84545350564	-301080.78717098664	-315866.2729639305	-330860.2244281962	-346124.2705686899	-361237.5492073387	-376537.22606056614	-392005.08810432366	-407285.9825083326	-423211.30466129177	-437568.84941216186	-452287.11625050195	-466889.1113755598	-481504.7292454836	-496147.3894464202	-510600.0226848883	-525105.5896003479	-539429.8843903287	-553166.0952943345	-566739.1312963325	-580285.8979480709	-593857.6947662188	-606981.8323118724	-619903.2714037872	-632594.1250690091	-644786.9816538456	-656934.253502012	-668935.1301600253	-680520.6850263784	-692653.880524758	-703612.9955628642	-713953.7903152041	-724246.759140521	-734329.9072538423	-744159.2138196987	-753720.3806407191	-763011.7789731452	-772043.5358021371	-780361.6423105823	-788673.271012889	-797011.6195608764	-804419.9026765481	-811603.4523147028	-818558.7527608376	-825487.8628067952	-832082.0108824463	-836691.9051146284	-841840.2305037326	-854968.1217239329	-850181.3211524764	-854078.0901602092	-858086.7871798859	-863710.3749638556	-862240.9779204088	-866706.7338881509	-831946.2109033586	-882467.9191344583	-855012.4402555006	-874800.6861428432	-860309.4337061225	-867195.3918935072	-866000.2750358572	-876262.020965676	-873483.4842165471	-855697.1259071091	-887702.649912595	-887659.9377326262	-827863.8517068629	-863660.1062773697	-830151.0396573688	-840858.7269293577	-784933.0465209084	-799108.4319882591	-837875.6528678087	-798736.6448780189	-808960.0419223281	-765824.1925862536	-788204.044225907	-818951.1020646179	-794421.2383686027	-820010.5340078997	-759858.1930285008	-730525.3656828611	-727386.9415413919	-740605.1158876738	-719828.5101680837	-723864.5070106632	-711123.747337014	-701982.3574928092	-692424.0377992541	-587981.7663270927	-644746.4294395968	-623731.4206103473	-553006.2504762954	-592283.9366024996	-583467.2554163593	-665357.8323782838	-464940.5499971696	-333388.63904258265	-476639.35571230674	-85972.5287002456	-459604.4342685447	-378004.8789371725	-356728.0700859619	-371259.36911394406	-386276.31972288486	-136116.1976482254	-320878.2066620584	-296542.3824114041	-201188.6109297425	-160130.51420957228	-238050.0076981276	-24297.292624732538	-175885.6028467925	-253652.99026109284	-45955.418083584926	-110936.1697353386	-1881.6560387388454	308702.04794314917	90991.40088445734	31474.51704372134	110988.22779890843	165895.11347416783	105443.05562366958	167393.09597126622	238725.76755726797	321578.5824827705	255437.75205056876	245305.27829240722	289026.4737129127	403676.7014575861	429394.40875845676	434609.5733448504	538397.8032562709	507322.81978664215	335920.43125506345	654897.4389576898	873891.4421492252	678641.5194952539	672245.965774938	804441.3440342923	824450.0595985916	822252.2610285603	864459.1933071925	951418.4120703624	1.0164365545846377e6	1.1779926908881166e6	1.075502528098213e6	1.1568679275546237e6	1.2263981318174587e6	1.2530134017575015e6	1.240761284673912e6	1.3484002429349949e6
164310.32436943805	164393.6961471305	164607.29360324633	164927.2930642304	165313.73506778444	165709.0025241883	166034.80968765973	166188.46338893694	166033.4018209632	165390.92292284517	164008.9355168586	161511.4324207084	157217.8013208001	149180.85918435914	140691.04991349712	131511.26621045283	122955.87498123822	114569.08705229306	105908.95265599084	96949.80712602125	87662.16976223997	78015.16385557398	68011.93825651874	57713.08806387981	47014.61670864478	36047.579224857676	24821.12869034306	13209.259650927386	1264.4702727216645	-11020.749092056649	-23469.3652019577	-36117.02380754467	-49602.28465132421	-62334.11351869884	-75997.9839847536	-90120.30317711647	-103444.5623397537	-117746.5328191024	-132901.18283112976	-146424.09250081365	-161025.1522551556	-175908.70522893203	-190746.24390865635	-206804.8170598421	-221205.93503649574	-235983.787492037	-251030.94128718742	-266384.7539033362	-282080.79828967934	-297994.27060455835	-313176.15246424114	-328128.91998356464	-343421.04349487997	-358930.0744016384	-373994.83310120663	-389575.68021044496	-404889.17146992125	-420561.2275296914	-435476.04938247905	-450373.1240745418	-464949.39258675836	-479637.82759806275	-494384.7518135957	-508908.11975902796	-523457.8864534663	-538115.1446402154	-551858.7380532103	-565494.0431259628	-579117.0317735604	-592730.47811056	-606092.2720957288	-619031.1982680593	-631981.4166815907	-644194.788075507	-656425.8556189814	-668523.8868776418	-680253.5325400648	-692472.2147693646	-703724.6833307748	-714069.0283805298	-724458.9970349891	-734644.6987746807	-744585.5125811773	-754258.4718057592	-763659.40894294	-772798.1493583391	-781251.648972038	-789678.7277184294	-798189.1773685617	-805690.0335361299	-812990.3986421805	-820101.4576502524	-827041.6278230583	-833997.0783247394	-839610.27311724	-843596.048292873	-848123.8014560535	-852309.4249366969	-856999.7980323653	-880405.5314682834	-856719.753336143	-862132.8125615909	-886255.6600176899	-878415.8533316813	-878438.8297782282	-882662.9522934905	-875788.8614435743	-885573.9355554541	-883157.4418070342	-886255.9766240781	-883572.6368337844	-884356.4411765437	-865284.3801407621	-880530.9090860656	-850923.3908895063	-909148.9050485753	-848985.5202985622	-853120.5585460505	-842442.5833619554	-806714.6692708721	-837050.5392459191	-846995.5364623324	-819652.1536476098	-793739.9578886651	-741482.1047695074	-868586.2158808135	-788185.0488133302	-817889.3513842283	-757349.7503343318	-783223.2532349948	-771794.4485523242	-729021.5056175771	-729254.5957052081	-791916.6166324408	-651468.7726056015	-730379.7820891996	-679098.9300317247	-712719.5344958252	-707755.6755127462	-654558.9200948896	-682052.4396878518	-646017.3046339802	-609451.9687023419	-528892.0589098372	-546380.4620108437	-398496.51540701423	-333275.8760373111	-242031.94156368176	-514074.8947968316	-454374.8414580902	-470082.579636643	-431257.7630981631	-376463.7831749786	-352630.40609143494	-311129.4009083026	-229317.44660467055	-318750.98295078246	-283822.2439193768	-246764.76143463567	-17540.33008939732	-201739.65504133474	-184628.72007568	-70859.10733675683	-142602.742267347	-65182.18093511934	-93446.7275822126	8693.914703431015	-1218.6418184172944	102265.00790814677	191233.0628920523	69955.76660899766	47227.02739656292	130464.8918055924	173505.33653285023	214112.6647401484	251534.4174652169	390938.7992541454	309050.2782715009	364408.3974197148	356461.5687873782	437823.8597076665	477906.809962355	578146.9877548344	609158.3839103375	573294.4634601474	592431.8478130209	658909.6972750486	704504.679075263	751080.1562465648	802937.2237074845	888511.4635451348	863453.6971585327	919196.8000806528	956067.2996982955	1.0430183912177547e6	1.0519938973884727e6	1.1711175382949165e6	1.1420558035608125e6	1.1896954217991089e6	1.2170645419947398e6	1.29063442122368e6
166584.976939924	166667.78280269098	166881.18426619883	167204.67329052993	167604.31119951216	168031.4628196989	168420.21198275848	168685.75798282085	168717.28774685	168373.64026169345	167467.20790062833	165736.65509148245	162792.67207539786	157923.95466668147	149095.5512614862	139827.74718382547	129651.38122699171	120786.36082632298	111859.3436752779	102696.61557722639	93176.84891594504	83462.47971945792	73330.79724039702	62940.283715668134	52178.37328315491	41204.21300672268	29743.646143917867	17961.344300778816	5841.804356691544	-6255.3069098807755	-18826.33328058204	-31739.812099969655	-44652.44843798375	-57979.82541745994	-71481.57246790937	-85885.82776121306	-99262.39106550504	-113419.12063372781	-128498.25573833918	-142534.41150151743	-157009.34401374508	-171686.46688919942	-186886.75981572026	-202425.40422062852	-217498.05380558694	-232576.8321083891	-247575.3989483106	-262950.30387264094	-278630.11352407676	-294610.8155685146	-310404.8360516144	-325180.3355730676	-340498.2687342904	-356013.2202100033	-371221.45040846325	-386940.5674379558	-402287.68469867634	-417887.3349816296	-433226.29250893905	-448101.5110257529	-462825.7703356476	-477591.38856380736	-492451.2953130401	-507050.00055446074	-521675.9993357418	-536757.7187007514	-550423.634377468	-564117.6070421136	-577823.24307588	-591501.5859012769	-605144.3657517704	-618074.2676331601	-631416.7411017797	-643520.4242199936	-655847.558243661	-668040.1810780342	-679932.0110392608	-691510.7874059409	-703923.2635749207	-714162.7517377301	-724647.0028598611	-734947.752082325	-745006.1742714543	-754795.1202630473	-764319.3580620587	-773572.4744921247	-782172.5187268904	-790725.4822166339	-799424.1864472348	-807047.4002994653	-814414.8430384598	-821730.7563110811	-828853.697988994	-836676.1190190609	-840722.6894013658	-845918.221221847	-850381.5819961077	-854973.7702401208	-860542.2965901222	-864169.6180134537	-844988.7021563582	-877310.7296032812	-872183.7970048408	-872638.083753953	-872328.9011087345	-885524.1489400554	-903992.5631371238	-878876.8346615387	-905724.5887962277	-878498.8522282478	-814585.2000258565	-851848.8358751964	-868027.1105397944	-866510.9650471641	-845680.7741246177	-881006.0453102519	-846517.5680287047	-867075.334634888	-835450.1400407909	-761932.2078536353	-1.0204493177368308e6	-891258.6737266909	-844958.7281601315	-854469.8523075171	-843003.8446159756	-827971.4643661345	-791389.1569766514	-836101.6752282989	-798407.9757430276	-754387.8881021878	-820161.7176040083	-819058.3081220975	-787240.0363979486	-752564.616577764	-772476.2330157103	-846658.5613723192	-702505.0594448317	-654709.0093902228	-840300.7503951662	-643069.2222344021	-614167.2103456678	-674220.2912723571	-494752.8936540245	-514955.4835784813	-543925.9513730323	-603545.1932858485	-550617.1877222115	-263652.57853640156	-113423.94281081954	105809.37616317574	-495316.85611996154	-404431.9781516586	-457689.1464883993	-541791.5060009342	-293318.32761884533	-282087.0281982199	37526.231192142644	-321682.1214695364	-411553.81730799057	-87834.16231043317	-202477.01751450874	-258766.4070812334	-122406.26972505177	-223150.41696980508	-60843.9388833312	-63471.88318436226	-38041.99818735855	17959.593696493597	11533.922051604313	-30801.426113721973	121839.157217198	249187.21613892115	98838.20468999719	171015.90366596164	229987.59822873253	226416.0567161743	308067.390180672	272108.2242802474	318921.32647105673	329020.44793563563	415316.6132927052	444344.4591809925	503932.54727993294	455850.2266005729	567402.957405373	598478.6452672048	618760.2032104624	698107.2725213026	773453.9402092653	758060.0313520529	827134.2012791797	862512.2538323584	841054.0111793815	890861.3767169178	1.0405206650927761e6	1.0943441678303746e6	1.1138180423508654e6	1.090806182272228e6	1.1402999896072983e6	1.2261205719487737e6	1.2951868500487986e6
169037.41416307568	169119.57248164882	169332.34693260118	169657.47023395007	170066.4934385916	170516.82146175927	170953.8647862337	171304.26948086097	171477.2029166909	171357.64923413197	170798.34042035596	169602.85981519398	167503.8191370684	164095.22806596558	158638.10462829727	149009.76957399654	138944.1595539602	128003.07299827063	118597.6003010213	109127.24668541516	99442.19035985082	89436.12671912595	79237.56014007801	68687.69566049177	57815.65968795272	46712.53892716294	35012.2035650991	23420.113498925813	11367.775126584282	-1021.7153539588326	-13717.95693383558	-26648.121432573535	-39653.393645301054	-53373.943653703434	-66740.82771421768	-80817.66567804012	-94863.60102977324	-108818.33348418266	-123663.70194897847	-138481.6935607269	-152720.98809107346	-167461.6555645052	-182766.16250191836	-198097.28782103193	-213655.3048084182	-228556.7738854696	-243855.13896061596	-259248.27556237372	-274926.2140718041	-291336.8590683582	-307379.6497781378	-322023.1177064033	-337357.68343237176	-352921.09435325884	-368275.41558261047	-384093.22243794927	-399461.8096881078	-415065.56855130685	-430911.73688625067	-445636.7614294122	-460512.82355746283	-475360.4076055104	-490204.5026850754	-505035.7609986109	-519709.97945881175	-534570.5585580608	-548875.3159256619	-562607.0715158754	-576409.2295560937	-590156.0001334578	-604247.3952952105	-617014.8655111215	-630348.2696452446	-642759.356893575	-655184.7460406728	-667486.8700292872	-679541.1246480366	-691234.0801432779	-703900.7059065227	-714224.1467342426	-724808.9703948717	-735228.77915605	-745415.4821474629	-755333.1986762166	-764984.663676013	-774364.0426082413	-783503.5432894523	-791800.4067516255	-800191.8156484137	-808438.2695575822	-816008.8666181024	-823275.5098838783	-830445.8115054739	-838225.3332478406	-843151.619212894	-848238.8991972599	-853431.284344889	-857328.1432385056	-862134.8221615474	-864210.688181312	-872447.2431138852	-873232.5622267341	-891431.7134264512	-897657.0701908434	-834525.390687214	-867691.0871112642	-877352.670630398	-897181.004171195	-878667.414510025	-852176.4138765691	-871153.6449069609	-869072.917757981	-909977.8800771453	-949838.3386273719	-864747.8123820936	-827665.5556000608	-885141.9904304843	-899019.1508373083	-861297.7332601165	-795068.050162419	-805032.2001808789	-841403.2468790435	-819958.6134334861	-853480.4432542329	-806461.7312483769	-802145.2153111896	-679442.8608140417	-797142.5322209757	-806884.8447780425	-711083.6215592287	-818419.0340237839	-751974.6404343541	-693595.5755084741	-743038.5457548148	-755597.8661008023	-612645.0019478737	-728093.2360871434	-676022.5762374972	-644607.5734362786	-693257.6952189666	-623364.0407426897	-545875.8731187766	-385312.79101512703	-606760.5376272732	-581760.8806676145	-543227.9312832407	-370421.6989434793	-309678.4182111428	-214008.0483496483	-484845.9360386548	-506346.1607067122	-374681.698425551	-402168.8650557893	-490031.82740572706	-461796.1448352687	-356531.70613322087	-343614.4160391065	-308068.4486765094	-273806.9561969457	-138264.4668824133	-57656.73135756148	-109800.66391315503	-290254.1075568037	-85363.65077429224	-114365.5977803581	-42675.34714332555	-29017.959815173934	32033.310194790305	-42640.82865395775	27724.241644211055	43935.81461411429	144449.33232071943	92696.35393988894	185042.01689586876	210453.78216961626	198281.6033376818	309766.4728812505	200969.61405899323	425429.714290061	335365.9300110931	316068.9753642324	350018.37000930816	473886.41421693185	525258.5212166081	618949.3063062443	570323.321547084	599506.6323042321	700647.6539812856	704800.5274730814	839726.1870844592	832699.0722846682	791173.4985897918	970980.0015604547	910844.4759250614	947505.400147296	964709.3945741397	1.0263303241020092e6	1.1351072496000887e6	1.1975542842943133e6	1.2266056334570604e6	1.214853003592473e6
171669.64757667208	171750.98942441115	171962.02291672805	172288.289230233	172703.28418244974	173170.67414406192	173643.9853818122	174060.60462741368	174342.71829610923	174395.625440409	174098.83932879375	173297.6656948772	171792.0800476122	169305.10536675138	165417.09978780325	159359.3836687021	148923.51793649432	138039.43422002892	126368.45892916137	116391.42856418702	106370.6975272033	96154.45847981371	85687.26325956953	75010.81681848835	64008.774157734704	52694.24920597719	41102.4498636559	29289.349819335912	17047.846398662892	4450.836320405011	-8192.58981330035	-21164.4863796329	-34479.13733770215	-47904.55932662083	-61536.44865642686	-75493.50466196859	-89842.89784962701	-103938.74398527702	-118562.68402629663	-133946.27568018428	-148160.08840725094	-163094.91394050294	-178408.27290693801	-193584.16396858275	-209998.38651636767	-224773.3349084774	-239873.5890310948	-255266.825938722	-270965.7077790538	-287040.0916875049	-303228.2494723306	-318560.51448257256	-333861.3812402192	-349485.55817923695	-364962.75016016385	-380614.7948902838	-396431.63172944915	-412064.5587125509	-428399.80102920404	-442986.9983030887	-458021.2242761242	-472946.2724456906	-487887.75425525464	-502825.67701115395	-517595.5517014347	-532445.3681896809	-546926.352560549	-560978.0395450192	-574849.0247740019	-588696.418560585	-602649.3776124404	-615867.1188722628	-629161.1662840021	-641931.0745914646	-654441.7186673644	-666860.8415267577	-679095.1736798462	-690899.0614582618	-703407.013389314	-714272.9295895431	-724939.9819020033	-735491.5182883767	-745806.6921938797	-755861.4807856097	-765646.5641396351	-775163.9422585303	-784424.9577198778	-792913.2531411836	-801417.7340287755	-809781.728315708	-817597.0430041375	-824557.9236741809	-832262.7939255857	-839616.8800905375	-844694.3589184463	-851544.4408284244	-855845.7623692579	-857140.0489862624	-864289.9532386924	-872232.0803601753	-875587.7493914533	-871904.569266144	-898659.6159498289	-875834.1265673044	-883335.3642714336	-888600.6367201817	-870692.8211279719	-854292.9112821822	-886392.4737669742	-865624.2907921055	-884613.9686402481	-872529.9191661344	-931167.4635394639	-854842.2576888897	-831069.2260824428	-871839.1369040806	-867901.4838426339	-801435.8731365546	-808604.4388160005	-851154.8503339228	-896172.6192487197	-852679.1038429299	-806658.0332664929	-774048.5878848748	-819596.4864959035	-707988.8892232759	-857139.5353053033	-804499.123279308	-820497.2482113715	-747570.9208426764	-823566.1322630714	-756895.4820320052	-820801.032807234	-740074.4199741608	-768550.588297375	-638464.6303324935	-835425.6072010517	-755193.9719386734	-630946.7306115408	-601726.2486442698	-687268.6573530803	-446117.83549171576	-612719.0670293518	-561046.4215822981	-585314.8113908877	-604777.8620938445	-546024.7592574107	-586297.501839153	-247707.75762612332	-35751.97783764178	-516992.5335734289	-312933.1650825297	-286024.73415880284	-489966.3788416414	-504575.7429293467	-357384.8914698442	-209904.85538572125	-268870.3459074349	-424214.0924678031	-428905.58315175684	-119712.94637445785	-29223.105744870438	-222381.75965578627	-179902.8369951896	-63489.30763595324	-31122.263791185862	-84105.69283794245	-38680.12514256971	46116.982362142706	110331.7142758178	173002.71889343852	65428.72478582192	149218.34022120567	79090.38092687487	181659.83953766146	188288.55283755058	206488.96796027658	281945.06812715525	416405.88158570597	386767.7866552304	510061.8496496393	430292.45949181024	411085.09920449037	559127.8818271775	647419.9491271707	560103.1207550252	435034.06665051955	630103.3241656409	770671.4060477591	748735.0996852354	822735.6949509368	762219.0985248857	901346.5885091373	1.0147239950425769e6	1.1129028432302657e6	1.0457639819713994e6	1.089272643554661e6	1.1107853725378052e6	1.3613368850995828e6	1.1699519502656027e6	1.2551388170536528e6
174483.7107319981	174564.20506181376	174773.63257848442	175099.1961949722	175517.60321125074	175998.45198597433	176500.5682700838	176965.4572251418	177333.3654472616	177521.69872688298	177430.3880642454	176929.5655489937	175863.8446447869	174028.9543724495	171138.1525677287	166756.06419035478	160087.04658984032	148836.80207839707	137112.3938669043	124728.66627145943	114168.76643944567	103611.90102109336	92862.94160379795	81939.76531647873	70726.18091506633	59290.208286841225	47469.00142938562	35504.95556551829	23068.55577705364	10644.614297077584	-2156.558223874483	-15308.481983203616	-28662.987943953136	-42128.86212699715	-56216.68914199615	-70011.25497294695	-84613.38956195625	-98816.96162337204	-113250.7821302666	-128431.88831424114	-143372.00535889826	-158150.13690287495	-173226.57764089684	-188816.60227978235	-204670.80994545104	-220205.15052506005	-235652.21459690062	-250992.34226215022	-266719.0986029055	-282745.37973470596	-298953.0674633292	-315004.88609433634	-330185.2834060339	-345842.61009381525	-361708.5139378207	-377186.4441365472	-393158.9014503377	-408818.6418787021	-424822.596119709	-440149.35610350047	-455392.0859828181	-470315.630245606	-485342.82081106066	-500426.1819241355	-515286.369732925	-530186.9036174794	-545059.38649044	-559161.4517986258	-573128.5457705056	-587069.8058171915	-601040.5285266119	-614602.3860947362	-627905.4182018705	-640996.860288701	-653581.953079449	-666118.2650239405	-678520.3754087749	-690472.9488173714	-703006.3863453178	-714260.4047218713	-725011.6281028246	-735693.993070428	-746141.4140429157	-756347.4350405608	-766276.5325080112	-775939.841442772	-785358.2064717612	-793950.997143798	-802647.411857181	-811163.7866667002	-818973.0419537062	-826865.2487292038	-833953.360468522	-841587.2322820558	-846113.3115217485	-841521.9380596282	-857011.1232393938	-862958.9367642591	-866780.5027280231	-879916.3924526281	-872032.7780088764	-878543.7977487531	-883058.1149376659	-886830.0215998932	-871205.2319229438	-885576.4785468499	-898296.4323257557	-878725.5437673421	-909701.9590691149	-881953.5046990633	-860521.1386185423	-900166.1156616891	-877050.7104919795	-886024.082304866	-852350.384201454	-865591.1232791278	-882091.1070280748	-825186.1403204601	-897994.3755098137	-858157.7602533298	-874011.2522689211	-827379.6398950166	-860579.794217234	-910822.3748031985	-812288.0696313765	-768845.9729551233	-779888.8006550444	-859867.315744021	-849151.1451002129	-807983.6144297849	-771199.1252957969	-715410.4995831815	-730060.7161387384	-751473.6269594696	-769755.7349824454	-782196.1355761564	-646482.4172387561	-747677.6448388465	-775376.052382247	-662198.2669283939	-736690.1340664679	-660145.9148290579	-620510.5277836479	-567082.9272857644	-565979.6479242616	-247013.48497965658	-581446.6260715609	-467326.30842523096	-533355.3073864833	-483551.9366050701	-321133.9378390429	-373780.85881000856	-400685.5109211896	-506045.850704189	-462568.34223276057	-447586.15962210443	-413398.55577419564	-319006.18687549146	-334994.5521745021	-387868.0295209303	-232652.66948544007	-125698.14172805479	-232692.73337886442	68002.73718871869	-123203.63803076238	24566.007551572227	-80256.31944927206	-80432.0003564214	-22430.04980754858	33539.06179550238	70568.21517028933	301340.22654174356	74437.85644351452	162401.55473317386	152235.763335335	188544.58733568894	183257.6102161421	330927.54003938515	334293.8383290399	476208.7380736125	388132.93347077485	383532.06394862145	569612.8602391616	483193.6038329438	873474.7129050684	519049.22201897524	626811.0090254354	569219.1016443749	706113.2525366447	723371.2197708474	727520.8698215499	887127.5642977306	915777.3950801217	861836.4628254403	915049.6426193793	1.0015834582027909e6	1.0929027128878473e6	1.1501681243936005e6	1.0322591455858066e6	1.3466896230529915e6	1.2213781384574356e6
177481.2151859387	177561.30952952028	177769.00975170668	178092.58397156227	178513.01867922634	179002.38584238687	179523.76325972035	180028.64181938383	180465.13080643042	180761.61235261534	180825.61137364345	180565.04480302555	179836.16093468468	178498.19123276643	176309.26165820897	172997.4903408831	168110.63430680108	160820.4492771072	148749.61788927676	136161.6009306879	123080.46747849387	111931.05039855046	100812.77755146875	89548.12236037868	78140.37360230082	66456.25984896597	54540.84333640378	42380.30320045113	29994.975945548038	17330.054143349582	4314.342206809844	-9056.126145127288	-22492.072632946947	-36231.87826374645	-50017.951079795166	-64079.12165630082	-78462.9815573926	-93292.65761169902	-107677.984662173	-122729.91368902	-138698.9993370784	-152925.45608450373	-168303.05129627796	-183803.25160721794	-199441.2158923777	-215559.4591570329	-230792.35453146134	-246454.9322727759	-262149.280698091	-278216.3832731352	-294960.4937528994	-311428.8070290453	-326276.38661070727	-341944.4830497963	-357859.5698279451	-373503.1364868875	-389663.35190851416	-405366.9196157556	-421315.5155759481	-437186.6534353575	-452379.86182259675	-467486.85964036384	-482617.4482400233	-497842.65402316797	-512806.2469251349	-527782.5919765246	-543244.5128873633	-557210.2505229716	-571271.2789423675	-585312.9524465095	-599369.7421745984	-613242.4863812216	-626571.8449377953	-640034.1440102789	-652627.4531768588	-665304.2898148582	-677811.1319860127	-689975.8591350995	-702620.6425122877	-714267.0305693399	-725051.0379851172	-735851.8656368151	-746455.3226502314	-756807.9387385009	-766873.6879944834	-776701.8410625427	-786244.1358891779	-795129.7691896975	-803733.9057907278	-812904.5265166936	-820486.085520538	-828232.6994143694	-836213.6260001201	-843249.971979023	-849415.2338661696	-854810.9801325947	-859729.6317737999	-859621.0971439462	-870181.6954801911	-863359.8155265781	-875985.9617855309	-885337.8035217836	-894035.0079849728	-906442.885968117	-928153.968909408	-862136.0361122	-910331.6923840828	-923542.3423642749	-924960.1306938857	-926106.5008554822	-869016.1611409322	-899849.5164667575	-908754.5237675526	-839773.654623369	-810654.9016811862	-851295.0819953692	-898953.4851461027	-885656.5547428506	-856882.522155596	-885570.4931162535	-901436.8334183085	-861235.3133677857	-909181.4001173447	-763638.3309440988	-829035.0472977762	-805161.8969259225	-797879.4257003088	-789349.4745411987	-818577.4322919308	-783077.6397176702	-827259.3095883883	-874485.9941289441	-759825.0299621103	-698420.7220579204	-813960.6163871796	-736493.7052639839	-817666.0615456814	-757137.9887937959	-727006.0777630131	-698244.2315140511	-581841.4129568993	-691309.3234837931	-354200.2806844146	-627279.6687287462	-621418.0649139241	-584526.2324202787	-585698.8386221919	-346837.0344432288	-592580.1262780922	-434898.9726198684	-491148.5763351513	-441164.67277816316	-381133.9669024065	-615566.9101059155	-454597.1861773339	-461884.4986682027	-356299.63630781	-381314.73098504596	-396908.86040912947	-126977.92112087837	-224215.31486652844	12520.028128224367	-57962.38267529436	-38246.17237152258	-155729.68700174248	-139984.14910303667	-132958.99958347954	-24160.79655799881	-13969.695500787406	-8539.808326494938	58434.609577163996	-46483.55922048498	95867.71260252775	209663.03682483447	196987.46157938376	230959.47114929644	237424.75704330573	138693.84020078037	336670.7711169193	485239.86924043804	352979.6764740715	435403.5572227728	539378.7243663026	442903.66024789814	467297.4800907075	538891.5682085706	662944.7380669476	764319.6176804169	709898.2176955915	673829.6896090987	741415.8719224571	914067.6069128788	743704.8382209833	896098.5427522152	937193.5854864265	980349.1729560071	1.084758285379943e6	1.0499222548931534e6	1.2046075122171887e6	1.117691132831207e6	1.2323256241273056e6
180665.69657606113	180744.58604889235	180949.87482075254	181270.85014987207	181691.7347951146	182186.8785745987	182721.78042618884	183259.60274003673	183746.07837187022	184131.47720705305	184332.3792354656	184245.52936321276	183797.28255350183	182819.32737175922	181186.30893863022	178633.12164921884	174882.14439423947	169479.1555441809	161559.03007791098	148661.97296266688	135185.14963130007	121423.38419004093	109680.4086449786	98014.9634108909	86205.06385654601	74324.19099445228	62170.35331597418	49802.9490333547	37252.26350177266	24339.059776152775	10940.833981124742	-2170.2756489548483	-15775.59551358124	-29519.51582931733	-43512.27259874996	-58064.714867233735	-72203.94807551021	-87271.66067728843	-101859.48729062907	-116691.91931587775	-131967.02843905916	-147488.4968243302	-162673.41800905063	-178080.45747377805	-194023.5480026101	-210459.08792114124	-226020.3113215662	-241649.05018256686	-257405.51217330544	-273410.10905358335	-289827.1877651358	-306425.75619341794	-322145.7504868959	-337801.26200165326	-353765.01575435174	-369568.09200206486	-385546.1528967554	-401686.2883666728	-417650.8570735714	-434396.202747977	-449130.71979240363	-464449.11434728384	-479672.945606376	-494913.1965020023	-510138.74305518996	-525179.8935952501	-540406.716063356	-555142.3898579995	-569245.8305489183	-583411.9404802632	-597531.2270993793	-611928.003877393	-625126.284135377	-638906.0208087086	-651571.8586734438	-664338.7101953125	-677014.1136423739	-689392.8588976071	-701420.6227677993	-714435.0023032022	-725007.1334296777	-735954.4959240283	-746706.2186369724	-757194.5509061103	-767458.1711753679	-777447.481383387	-787152.7397775189	-796212.0929723408	-804833.7404765491	-814425.2640742594	-822568.5394872874	-830444.0725323996	-837154.9532312462	-848265.2374499715	-853317.5842454825	-848012.7631846741	-861712.405820848	-865739.9946548231	-883611.2298204477	-895640.512863969	-921621.8498524514	-874341.395264033	-903126.3873980984	-895975.8195896959	-877082.5662472341	-906279.4846603277	-888766.5090097687	-893462.6148764698	-931046.3733846087	-871253.1901986338	-892598.5325833112	-874117.0535701979	-909331.9687285684	-904291.6104251877	-854483.9845951942	-1.0661055827043797e6	-954838.955608136	-900471.6819721211	-887111.6043226772	-866154.8892195479	-876380.8021959229	-849889.6558198112	-821385.9488795337	-840298.8928700166	-687746.2845217676	-883220.839279749	-863515.3368068684	-708356.2041517708	-784198.1876221201	-828750.7099374121	-812794.6124866628	-791902.5838600022	-659950.4393794648	-775651.2634744225	-712490.9607029308	-825024.8927049711	-843754.4975012937	-766099.8043758944	-635321.5847476346	-709658.1558651153	-766244.1410097205	-431231.1214353205	-696933.0693400581	-661504.5221216793	-519025.61803350813	-546993.5108110723	-487885.6156722389	-631119.4362133162	-401617.8598363479	-386232.46171200933	-431799.75044704863	-503935.05680069147	-547473.6566705401	-555000.5299724534	-472382.30148868804	-478098.25128260494	-390674.0686890628	-331794.55841082806	-402460.4227865856	-258080.22024070012	-276900.1550902427	-64675.04732465051	-118274.23976637289	-108750.18340225384	-99372.38069686532	-215492.63703176245	-96372.1610948607	-99255.81707076827	19566.10866089625	-174277.32516676706	-44639.51301002182	15142.247662411013	14709.71700451005	81689.8625079756	201498.4814893328	218168.84530802065	206307.04994592856	367085.58831017645	228463.81658839196	319527.99503038725	440976.4077390916	372841.35877610923	463010.68698062416	434357.194378362	410612.1005069841	497333.2552865855	383144.3352343472	553700.4992762436	675800.904194796	684616.5138231791	780495.4190329262	790743.5365332807	823847.7207002952	820530.269685322	866407.1531916647	975703.9637209219	965793.0445459126	1.058911641064378e6	1.1171502185095972e6	1.100204851579933e6	1.0709306917357906e6
184038.31370571355	184116.46944755845	184319.01913261396	184637.17937072046	185061.8887744872	185555.27602006303	186101.4433160061	186664.1289710357	187191.67596377613	187631.83483045117	187943.90527926345	188008.04655006627	187758.61700288212	187094.76246242365	185861.29663532728	183906.93946860876	180991.6189592011	176790.14467876148	170860.22006975254	162302.30156423507	148573.86204774323	134180.5636534228	119757.7249820822	107419.78913504409	95199.31285029545	82890.15278031188	70478.18169163982	57856.104322879284	44947.39727643528	31956.63851841289	18720.39285198541	5274.708979329618	-8555.12454482168	-22619.13249163149	-36868.50023497053	-51011.171198364114	-65602.99395490336	-80362.9212610985	-95571.69498129893	-110409.11153178074	-125890.90863869875	-142138.33145015466	-156794.86819373444	-172627.9328782705	-188354.19370438956	-204456.84194590902	-220675.92536459677	-236218.27062737002	-252243.63990492522	-268348.19032825105	-284737.2680559129	-301503.0987347162	-317956.42526849755	-333376.46513594675	-349409.2113407833	-365614.19652074546	-381439.37752515305	-397749.4523821167	-413767.72608398803	-430151.6246565295	-445674.31656474486	-461192.0513642458	-476531.10742420034	-491882.58879419457	-507242.26454940665	-522405.7266542345	-537664.3505085413	-552615.7380856436	-567066.3717853377	-581322.9686815536	-595580.4839211719	-609916.3236832381	-623548.9625351315	-637234.8289770796	-650369.7279561908	-663290.4226620633	-676081.820820983	-688688.8261836142	-700862.3851963263	-713820.9146786891	-724930.2632549044	-735982.3898557201	-746879.8575540201	-757574.8317810963	-767904.1748587212	-778164.2598204443	-787825.6124370038	-797713.6075177118	-805311.5606682948	-814804.7717998959	-823723.444450049	-833211.6173752781	-843962.761831939	-841722.3258384247	-855609.7468173956	-856483.4665739052	-884247.1748113767	-870183.9262766733	-873024.5893071163	-887747.3946074999	-873065.1885563578	-883920.5543091779	-884786.4190768579	-875584.4396366193	-919396.736573996	-903604.38294687	-955387.7685010871	-888026.9113579683	-880553.3271102419	-906097.8616437083	-980788.7978032953	-866254.8728293409	-957061.0612258778	-899169.8742141142	-902965.8371988602	-910072.2333948035	-883979.0239030765	-926512.3036292307	-887825.0702672582	-810921.7004421197	-901496.7195839002	-894203.2582616245	-849910.7657644851	-859299.1762761248	-838172.243652517	-701993.1729502929	-806048.1583214342	-815689.6219525768	-833554.1111868585	-724450.7182917369	-779537.5456840154	-803695.5950230805	-758597.1956924752	-758898.127479986	-812251.9798832186	-909681.4520140355	-740522.5001328178	-659889.526855669	-595762.8820710424	-773370.334166564	-529754.5057944064	-717029.8711085166	-773483.8086808166	-625168.6802541111	-643639.57919403	-601780.0814281642	-579539.1822153516	-570317.7216644152	-661412.1677305605	-441692.79623274115	-504076.92943157075	-423110.0198282556	-540306.4439633589	-490880.0718201497	-564559.8839100632	-565277.1774123488	-380094.8820087398	-331481.9582320839	-280161.9910244742	-315749.94367921125	-271591.08644825505	-134527.6913560271	-254878.24481478712	-122130.34218472714	-186687.99418948177	-194702.24606152257	-54277.968973168696	111052.76311880065	-69457.37237349577	-85569.2313406142	-25419.36830960639	-46772.85224997025	-22218.194445854577	107555.26733320946	131524.12566808652	164995.48357836012	204792.13138516055	230717.66068217013	151904.1150706582	299668.26392933534	376254.43747380463	416254.50976701215	399054.3680955511	392861.28565006744	437222.8608416402	461518.5331821865	495679.74081963993	593220.7150169737	654730.621055638	329427.31650617946	670102.6823123316	676715.1941288677	727998.449111491	840902.667907462	894930.511321872	974607.8371397504	927437.698722851	986115.4173659342	1.017920787071059e6	1.0797505263201385e6	1.0879046590514877e6
187602.1678075529	187678.7587060113	187878.79781533818	188194.63554907992	188617.14823487896	189109.8864275419	189663.6726475216	190246.11766113306	190803.14207801182	191307.2163513279	191693.42368308996	191868.6596374195	191813.36820247542	191397.20448159083	190486.64213417436	188992.63127708534	186670.6471768376	183365.44750154967	178718.2246975607	172252.38608684728	163049.82771745563	148485.28814321273	133144.54757785035	118084.02554596338	105147.18730090879	92357.46873851423	79560.87391783361	66612.91008380323	53559.20527083869	40346.21802130784	26862.34204485448	13183.407203072798	-863.4577550561517	-14944.672824984533	-29214.30315964762	-43705.921692110074	-58877.33586839202	-73249.35492386966	-88750.32195385016	-103797.28650738162	-119125.6958563891	-134817.61664611174	-150616.72612438147	-166286.61482415302	-182027.1923655582	-198356.85648374978	-215526.29564974492	-231088.0127069351	-246866.5545594524	-262978.13902715244	-279346.80874739157	-296759.7297937968	-313110.51464482106	-328757.5430961381	-344764.43422981096	-361066.79849749815	-377048.61876928736	-393615.1371788983	-409640.8680592051	-425956.9567286663	-442146.22801160393	-457690.15093653207	-473141.6717942742	-488583.45923182234	-504097.0767123527	-519394.6240777559	-534771.6393978077	-550323.1772162132	-564682.0674818426	-579064.4907275096	-593438.1422749201	-607808.2898634194	-621853.4437602852	-635536.956456146	-649084.7698078705	-662079.6948064463	-675038.6423672141	-687846.7017602164	-700188.2064300899	-713146.8770884818	-724756.8849602973	-735894.5428252339	-747018.4876513418	-757855.5188690673	-768478.9878784944	-778851.4885686231	-788916.9378344307	-798630.4276080315	-807694.5872791111	-816442.9005067409	-823345.2011525149	-836032.2779877672	-844358.0008401468	-852356.4279287257	-840823.1407250036	-848441.5898727693	-871835.3545820408	-885124.7033591385	-853481.1692750393	-876475.6434539433	-904921.4548412364	-923081.6423356971	-925185.5481990527	-876599.2321720219	-901958.3514368064	-926966.814804655	-897058.719992016	-929173.5098659033	-951556.8130293044	-914969.5362139286	-930753.9568675447	-934629.7368581346	-880873.5679379886	-977645.5365340402	-880965.3448267321	-968545.2429210057	-975489.0791378561	-906396.7646640746	-950096.2490398409	-910154.9118053382	-948936.8835860807	-889785.798880443	-868558.2049685591	-871738.1195881355	-871434.3051072799	-895011.9181125951	-679472.787503002	-851675.0980709523	-832149.5986838944	-823058.8315823975	-828643.6030164524	-781957.2399927098	-804516.2569218832	-837706.7359099106	-823658.7792745279	-802592.6838822984	-729929.4984214094	-622196.425932385	-521260.2605736042	-759435.1818504534	-719829.7614426708	-591824.3703754931	-611709.7513205057	-767188.1110926964	-612761.070480942	-443621.77730113297	-521436.1350306997	-547439.8046249517	-671243.9958007326	-504704.7394910793	-530861.0246193008	-308804.7947904347	-497946.16822643747	-523883.91855702834	-561224.9082629241	-513257.95748256944	-440020.3723762222	-302110.750652053	-422120.8017606871	-238228.47709969158	-356576.4243483046	-375025.78531203145	-247537.63451129018	-80073.30821017415	-193821.8603214422	-59109.13462755835	-128210.59538951708	-115973.66797583649	-186139.15131363418	-47697.07215078926	27910.431949687132	-18469.575099045003	-4476.492615992262	13919.438983398431	146712.0118692959	71084.84535400843	107298.70589877473	145770.44468232564	373471.84766720555	285618.77645049006	354817.11334812356	408623.6328819645	446047.245278872	444307.6454347348	480120.60018795024	456852.37756005715	472341.084038977	567056.6157618971	661670.1685856092	630129.6896586628	628439.5047224243	725671.7951955446	802544.8671643459	807428.4688569359	837554.219897578	963619.3551668436	884215.6239178809	983250.04692769	1.0609807643548301e6	1.05518078795566e6	1.0518117324270396e6
191358.8006364542	191433.88211841468	191631.21724487183	191941.8723840089	192362.3750055147	192855.68527235114	193410.96469252242	194002.8480441686	194592.20218884916	195129.11864769808	195572.42967491818	195874.20032066846	195925.69438767846	195698.95183501026	195074.91361293296	193849.9666394412	192132.96600605134	189490.30617521045	185784.16559583123	180665.08488061355	173654.92705976497	163801.2315580959	148396.24502556672	132072.607924884	116402.93072331708	102867.41296684119	89510.5211198802	76199.15537095285	62772.334925950156	49248.809181646095	35478.12687304232	21631.94443326752	7170.101928384567	-6817.723508749914	-21361.994119938754	-36214.9469814882	-50866.31571332461	-66047.1909539052	-81106.42047280454	-97146.23919327193	-112118.83673905235	-127893.59641608794	-144710.31749037022	-159715.786069472	-175937.9176939774	-192047.60862924947	-208491.87618978732	-224943.07110713646	-241251.19195567677	-257278.61711109462	-273612.67251741723	-290492.1210979908	-307248.99817938544	-323890.38677103026	-339847.3381048363	-356225.12233868253	-372385.7912330114	-388845.2728515024	-405378.75184486166	-421750.42274977436	-438830.3361245006	-453891.8938324296	-469509.6577823891	-485086.7481715556	-500685.9976671256	-516333.5321493119	-531753.3334820014	-547341.0699231495	-562200.8073146592	-576649.4883177419	-591168.7376523467	-605622.2664013775	-620066.5148273506	-633772.2892778963	-647829.6398506702	-660760.5488557322	-673864.9453099282	-686822.8469402158	-699440.4575326047	-712487.00671227	-724601.596681973	-735806.0483103243	-747062.6078084649	-758055.7913199009	-768870.1392917032	-779103.1778905697	-789698.4660925067	-799529.4023484006	-809007.1054343556	-819136.5839244996	-833629.1143702904	-834103.4460337479	-844106.5441413252	-860780.3492536836	-864014.4756376664	-839571.8929877765	-849045.22472533	-865708.8942678217	-877903.0766306669	-856340.4643402174	-901134.4548150466	-830924.1550742101	-895227.8738605238	-905704.935652188	-935208.8690847976	-859544.9933550546	-911565.9608422145	-979429.714868095	-929614.6570170741	-937039.0853247398	-890255.823199783	-919728.8018953218	-937343.4957542866	-792951.0623790333	-918470.7371029786	-879264.5992270468	-991765.5756409124	-904131.8775361078	-908318.1588355128	-886805.0344260058	-863120.2091218636	-904214.8011290475	-906796.9030832304	-871085.2072348339	-950069.9305048471	-890525.8054590868	-895386.514630435	-665310.442005543	-849539.2187512885	-850679.4580920273	-796707.9943953571	-861409.3667291482	-834701.5851371493	-824301.8309072431	-790468.884650789	-858557.3928259152	-620920.0332200045	-626564.2335179353	-579543.3600219986	-777031.1285669068	-821531.8031252618	-547680.6759024416	-892248.2561863589	-716500.037357681	-655738.4504236681	-533416.5246169281	-626087.4635157464	-606368.7323951719	-687414.1686608815	-512244.44982115255	-631139.5427693571	-447018.82569765515	-480692.6925790911	-473920.68950314407	-196503.3426760878	-680603.9806360677	-503096.38919880573	-379546.43887912674	-307901.2471506871	-203923.65721487073	-283514.9199475926	-52618.928622439096	-282849.6783306967	-212585.77340054518	-266288.7377323397	-179075.4060770595	-146672.1751716985	-129144.26981226314	-83199.28899187088	8450.089367822686	-59118.020793529286	-37666.14167931961	2620.891031614912	79639.41366783524	70704.47503340564	115127.86556911183	237084.0688510327	123722.74841287773	175224.0008066785	194954.46203866502	349556.5837176637	327686.53674865834	356195.6719825188	539611.080666889	434471.8385822423	370315.0673693963	473856.4408127851	529626.1812642277	567200.043754295	649490.166363779	623785.004704894	698303.9349463196	797380.4030137495	831429.249976383	843002.1588104912	795711.6388768	934074.3750485708	918598.126267863	987444.8973145294	1.0072369187225797e6	1.048953472483789e6
195310.81803039397	195384.84256773646	195578.54201886425	195886.28308798833	196304.34020270634	196790.62105090154	197347.77216330246	197950.0978312833	198557.06128077616	199128.47373577935	199635.96722094703	200047.05040423333	200208.065757194	200047.10049186845	199726.95349835948	198868.93585745821	197451.316727883	195332.0904964577	192358.13226537663	188223.40344756376	182628.49048983934	175067.76025232679	164556.1802230759	148306.72998748842	130958.40176937071	114715.05045129807	100576.1241895656	86687.37397580198	72834.1858824272	58928.650163505634	44911.33399719541	30797.040033561294	16248.482861664379	1918.8568029290182	-12921.477069440822	-27875.044539216266	-42875.74031519989	-58093.59947993822	-73323.2244463441	-89123.06864234095	-104864.96042366477	-120475.15064092743	-136863.19763351986	-152903.80416457116	-168859.14601098082	-185091.07718220618	-201713.68110442214	-219296.15248280403	-234931.77442817343	-251383.6099041744	-267688.4423486019	-284547.7244751435	-302064.2124993834	-319308.12633798696	-334223.1620608091	-351062.600766768	-367633.1424389241	-383922.45554210426	-400707.63575044693	-417047.7031544606	-433905.5047602792	-450005.26108394965	-465910.8011631103	-481380.31640720385	-497160.15061875095	-512867.99774208735	-528502.7655274261	-543972.0626361351	-559270.8044719547	-574209.3280404077	-588794.6122406174	-603275.9624628065	-618021.4435643861	-631860.4193509531	-645956.1713226861	-659304.3357756659	-672539.0273060657	-685665.908947201	-698553.5272370379	-711024.305744729	-724665.7428080013	-735589.8415784701	-747119.6130199244	-758150.8973282713	-769516.2410886278	-779867.5727618372	-790048.988159711	-800996.4464619914	-805981.3110527284	-830855.0325269413	-829143.1698703247	-847957.8109526434	-841770.4558222545	-849756.7691982614	-870559.3558603481	-855015.6491379249	-859316.9373022539	-887374.6103988076	-918159.4352636596	-889480.6375445805	-894706.6430531463	-930419.5078988818	-902598.9480015938	-904138.6358397328	-932342.2769149763	-928785.17583234	-935869.8303651095	-888625.5659931379	-913821.6516325471	-976924.8656101648	-931174.7744707719	-928847.9045920009	-906490.8874994593	-864628.0556622224	-963668.0475751224	-910425.7541025835	-917029.2929036978	-937627.7437623693	-915464.860963755	-878168.065376291	-892982.476776886	-937990.0013097881	-891413.7638003554	-850758.9436010781	-946281.0417809451	-839128.6115469646	-872242.2322046706	-1.0274411950897358e6	-676176.088435214	-831503.4008407481	-809857.95938938	-782026.2943905755	-883587.1279925841	-796890.012886205	-756963.5313298849	-734128.5274221292	-694154.10895255	-657254.9530939288	-484689.8564134504	-741637.2328690218	-704895.052073854	-828907.4855882351	-366987.15356573235	-829931.1608627525	-672875.9930705696	-689319.2916457083	-586495.7686304685	-548530.475685623	-602310.5067655647	-741399.3277149757	-587195.5329747649	-564772.4830574235	-491066.2644854885	-599155.0018881997	-525430.8329043975	-480146.0681435648	-550324.0473516076	-282367.04407250794	-399445.3921896839	-321653.57117475994	-366153.6280121636	-154354.15643601265	-290838.60006531986	-284860.74748575926	-221394.7473659786	-215702.96780875052	-59334.08580880106	-153355.41689940967	-168384.0499699908	-117610.50882920489	-23462.378523238993	-76313.40283175098	-10360.367708894482	3439.002053269127	20368.071827541047	32476.47095016617	111986.5675290096	105116.8573549189	-14411.276786735805	249022.59177296603	363671.3179698912	301434.9615469295	304449.8449069871	284997.2939221947	546712.362608498	329390.22275165556	462675.8983345655	562874.7741682031	601465.1672371174	456666.0330541827	611102.2429415719	712779.3098352752	757995.9431300522	760465.717438471	800639.2285821023	826675.3835337688	970019.3738726364	901036.9785972717	971786.2348266928	1.0606490631889072e6	918162.9282209533
199460.64967802068	199533.4519155001	199723.6634956493	200040.18334555387	200428.100286127	200922.26301858661	201475.43536274956	202086.02830429922	202700.32534577168	203312.3214059198	203844.67238747462	204280.28306878085	204428.76012762223	204610.74030425295	204447.58424138773	203812.97996440768	202702.60444305907	201019.96371974814	198573.3990446396	195227.17823603778	190678.11623228737	184605.87599262508	176488.85913892154	165314.37807004672	148216.73945808958	129792.74742111092	113020.99045548216	98273.96949884953	83853.28591843712	69455.5470458109	55051.26731893816	40438.90450490982	25710.69877921755	11234.617318850127	-3856.7184184847865	-18898.405772801023	-34114.09095662617	-49470.35781815695	-65301.96599872608	-80728.08888014534	-97423.8547694888	-112788.25564591258	-129001.1144219483	-146120.26805640344	-161664.04044417915	-178257.40279325258	-194741.58752568875	-211645.21120854368	-228505.03333541352	-245008.08460377247	-261471.79574186492	-278343.3602263003	-295469.80696500285	-312623.54720691865	-329384.61343623145	-345678.91048083163	-362295.06382452685	-378219.97083282564	-395495.5209262771	-412195.11735680274	-428993.46688716987	-445643.70925667085	-458880.258801585	-477445.8096765395	-493460.052874403	-509370.6519597313	-525041.2611314435	-540734.4418915239	-556504.9197133046	-571221.2917533314	-586098.0201419359	-600794.1731997649	-615384.7486401804	-629887.3660897771	-644120.4143113669	-657842.64510908	-671076.6990960899	-684498.6387569208	-697483.826684976	-710328.8183817447	-723661.9161846209	-735433.8272125609	-747105.0792028953	-758367.6487846738	-769582.9379384706	-778500.7092446804	-791847.6071216059	-802682.3554329362	-811724.0946215927	-818235.4868609752	-835515.2826937812	-834960.5794862607	-848056.7962732345	-862246.7348775775	-856739.8099915544	-859764.8622239842	-880500.8343546945	-886078.3480997586	-891194.9984384521	-881626.5305748174	-917699.0743515412	-915080.9916764505	-907624.8295512786	-910789.4832197987	-927108.1217129075	-930201.7863099026	-939052.7284404836	-877624.9234934512	-950094.9568018571	-864553.796990511	-914577.2556390369	-986826.0826698928	-938219.8026349142	-924908.8669854756	-864152.4375364436	-945405.0593011535	-953726.5751387279	-941307.2819694257	-907531.8475271671	-966633.0365614321	-972643.7979351205	-939865.6361270864	-818142.7373144568	-905171.4334385563	-867443.3567356162	-903610.87009007	-954190.1632624234	-908671.0372474974	-796801.5458747025	-628145.2837977482	-818884.4917886064	-848183.8169248805	-883800.913411783	-941846.668770602	-734764.3221015153	-681738.4573390526	-682111.4539012774	-616209.1641501747	-520147.2684853599	-286059.88663213473	-741576.7914125524	-862404.5574460386	-718360.8450813468	-606593.5436876032	-651037.966280807	-619076.897429805	-617722.6289069697	-325900.479657841	-732985.0529709675	-495457.88622260425	-610144.366268558	-674243.508465562	-538986.3628685686	-569765.9684605198	-397978.1860919791	-531282.9161086655	-346636.6437038645	-551571.5104717133	-445010.37970110966	-348582.9431311773	-161592.8724900573	-230924.67812673567	-144588.23733092804	-256969.34500760311	-255800.7183528557	-331805.6856476609	-190365.48948071903	-149966.9864795041	-195674.5525448905	-155174.56833424472	-91942.00871698192	-3799.949775150104	-118521.95251014974	-6924.874227214197	33753.69615944795	257349.89575903065	579.2348142493865	121121.14168400498	139061.9189564748	140787.31509126577	129488.03774997912	279751.0318609201	308188.50353516167	344154.04309683194	356986.31429695286	450231.3582071191	335498.2387885991	465497.6465110941	514112.7241205847	590908.4527773676	613493.2550006588	658605.0305528739	713167.8878640891	750639.9660698758	736994.4020447074	840801.115295148	844984.7542713541	876739.8655938706	813239.7506052009	1.0227153853708799e6	984010.477784161
203810.87185508583	203881.7448657691	204068.18466833537	204383.450058965	204763.74112777977	205250.75755349745	205806.0308768581	206413.81650714437	207041.1488571443	207669.0027572738	208213.015286414	208724.02397653804	209114.06857197848	209266.538188143	209319.23339078698	208633.69229251042	207970.1218777054	206695.9513704133	204640.11706979916	201899.58047373913	198142.8431997627	193159.4818193877	186601.54607902275	177917.35278992663	166075.56008157082	148126.27544721222	128562.9818481747	111321.43556136702	95966.45459118969	80947.56021250325	66047.81923630333	51160.1141722473	36240.86436438514	21214.654221931647	5865.145201901614	-9420.38915265497	-24820.30959354376	-40836.268407711	-56306.09511308503	-72215.84876358247	-88315.2140224626	-105023.92124918482	-120803.27016875011	-137825.79849693604	-154118.66086035606	-170418.14839268202	-187154.65437140697	-204256.7195402661	-222107.88448025542	-238109.42710271283	-254885.72731548216	-271723.78013441234	-288878.22215341637	-306825.3285424218	-324110.78913650534	-339940.4917048627	-356657.6703475085	-373545.2265116626	-389988.1490426592	-406948.5799926764	-423907.6106851997	-441073.8394689542	-456992.57685466594	-473244.4688218938	-489165.21650509734	-505298.730586815	-521187.89549801307	-537025.6226817919	-552924.4268596251	-568258.6561334762	-583199.4880818739	-597976.9954500671	-613020.5009004641	-628046.4917267049	-641886.0359170372	-656228.5375074344	-669548.7508628713	-682995.9178271042	-696497.718676077	-709132.1805843096	-722692.1012258288	-734951.2468933407	-746740.8746337062	-758161.8074721312	-769608.2325714615	-780885.8982618095	-791593.9095542338	-803156.4725234243	-812608.941902655	-821741.3367509283	-834272.1820173392	-844985.7139677966	-849774.7700769524	-849455.6005226283	-888090.3799348408	-829111.5149232307	-873633.2892760637	-867042.9090719733	-893923.1165216591	-888850.8098381481	-929648.6054166227	-936225.768390699	-938697.225168183	-933381.4000344926	-918903.2633698112	-946033.1832110581	-938668.5544296296	-853143.8271411278	-943646.9655423646	-948390.9778760299	-974951.424514168	-955643.8201548757	-948376.9781431921	-946392.9043775962	-854067.6201858332	-944682.309911829	-918181.9505317414	-986898.4706229486	-915006.7780834131	-913236.3704264185	-895197.4739143387	-798895.45107536	-889372.3897962186	-904877.5078361866	-947459.1572411193	-905608.0734212028	-947130.7514195661	-858457.0298994794	-900380.0292524288	-951129.1202310519	-628913.4026253072	-797746.8808910851	-737871.0160158228	-730926.4189710533	-799621.9314290155	-841277.6013491531	-677751.4140887812	-619039.5381243175	-580554.918973865	-805528.692157282	-780166.3374479532	-645242.4333328942	-764895.5747645563	-785148.6978416906	-585973.6047105656	-720980.351059509	-645650.934887755	-891186.4155542944	-600966.856942687	-426806.86868717085	-649342.4075983029	-595128.566293689	-467806.05390164355	-585895.8322941998	-449706.0927807715	-374715.73921807675	-438728.0217106073	-342017.14048065624	-394588.1866812213	-360323.5180788539	-217793.58002587786	-408617.8838569271	-223923.23157760646	-87830.5896919212	-248317.7500685631	-302928.2308075345	-301226.95001957944	-172694.41094117664	-151749.352206667	-238904.29870235414	-61512.7737041568	-33141.985946760105	-42131.31329977099	-38535.34076061245	172336.79905652156	-40720.521606240945	-136951.06427626178	108119.99421386601	160405.25208463188	182304.4822634253	226241.9525450365	181284.12247415254	231393.13686349517	355074.9543770174	421615.7554851174	388241.11465076305	577617.9918910912	435296.34759426437	574781.3439242751	607359.394758536	650399.3389268653	651331.1856198492	631313.802396121	726574.7537506619	772298.2954406668	763329.6509629223	814212.9991162983	908464.2456990196	882743.9526211941	1.0009688946287357e6	968516.4488530797
208362.37636759732	208433.10293943947	208616.22551074025	208932.39158681105	209299.15673851222	209777.9091546454	210326.4781298457	210941.03568460018	211566.4690687771	212210.71378000354	212801.4606009011	213358.1586920441	213833.75609639188	214042.33985485957	214971.2876579222	214102.76064057596	213252.17448033107	212251.62877023272	210655.50625215075	208264.04802488355	205206.97052344616	201080.50773908134	195668.27578301716	188607.04498483124	179353.37794094428	166839.49562771665	148035.32979733864	127261.74161865003	109616.81603558228	93655.14159147936	78064.1295396103	62649.5509301094	47268.003064446384	31715.362912057375	16293.250246065843	645.1124182618805	-15148.533369775862	-31262.95124368911	-46996.39652224444	-63498.91529243422	-79169.93721727419	-96076.66741874634	-112343.24155569673	-128881.34309158757	-146346.35864394723	-162650.81351947197	-179397.39613740475	-196445.9573858654	-213873.96701372243	-231084.0147581004	-248052.86864536593	-264846.46425942355	-281963.20697993174	-299454.9832273108	-317217.16872926184	-333919.0321861042	-350759.93261589675	-367688.1604392186	-384540.52971634746	-401910.18071969703	-418554.0376129979	-435552.9234583184	-452169.7904097572	-468677.63439959934	-484888.62525675696	-500968.215435759	-517117.2487889319	-533192.682796591	-548964.5613120333	-564945.7337551815	-579890.0044769496	-595139.2518282093	-610172.6821733463	-625197.5815602413	-639415.4161596755	-654086.7769279097	-667741.0886341147	-681425.4150568435	-694865.5638216857	-708129.5014956889	-721002.271549789	-734872.575978863	-746535.5288169822	-757035.1524869015	-768975.6659154494	-781463.0560711897	-792948.0305666924	-795233.2341871557	-812802.240620102	-823818.0910719105	-832108.8718560112	-845066.9641157782	-852023.0863971652	-859166.5529431833	-868517.5622340459	-850847.0163735244	-856097.0959610317	-899746.0079040611	-925001.7603562241	-926361.025840603	-917711.8700173097	-945361.6915759537	-938752.2337587932	-909591.9899506513	-924050.7065335638	-948817.0938240236	-913903.9021020448	-950043.3862932932	-911885.8145580136	-926291.7082366669	-901909.4479315644	-944044.7869652587	-941909.5235614728	-952447.911913415	-947179.235538739	-894872.4369227949	-990650.20920185	-961854.8220267547	-950754.9656841508	-779264.7232622686	-872899.0175170538	-905280.2614877857	-941020.3256215432	-961409.905072459	-942446.153881951	-888440.8095905969	-1.0251458340001968e6	-928298.0588168853	-967872.5381990923	-926218.7359581792	-829617.0844520077	-559906.5868798313	-829918.4465225618	-874797.2240450107	-829384.7930322986	-777173.5678895295	-891572.6813994122	-604528.256628237	-628264.8377077663	-759406.4722718927	-686972.699285117	-733264.2476121734	-737998.244922078	-718372.709731705	-359163.2185580966	-688294.9194193927	-704073.549101868	-660296.4020895874	-625859.7157614368	-566725.203757674	-670756.9670326835	-690229.2628956605	-477830.8906142668	-471578.0639571215	-497728.5507337659	-508490.3720553974	-436466.7338474491	-521412.8925455702	-457549.27551724255	-474234.8176893993	-298179.6774099167	-456409.93138867203	-257146.47889694857	-152513.6303615622	-230961.9856949002	-282052.00579226116	-311795.0773506668	-182025.3102322375	-248346.5484661903	-158195.02728994057	-242610.60073487466	-46359.019451031054	-64987.91304476891	7492.139887607598	-309882.40287883725	-14834.546836583468	85118.63586038997	93363.76458377711	-18375.567675083934	91802.365922986	143243.406286661	199868.53600589134	368758.674507691	326812.67581537314	374052.0195224345	389911.8547452259	372296.46106306504	640186.3051535222	507688.97116409097	515920.3932034694	456731.97225195955	618396.3173452006	609258.6697028554	678568.5489649703	707898.8088827082	807358.5399458758	758966.4249785314	865357.5015267334	854871.1192093785	910456.9741148637	963805.0994349006
213117.97266157978	213188.42484368436	213366.3568376652	213647.71342135273	214041.2942654189	214507.76274880057	215050.7900557259	215649.62247701915	216293.51351009193	216943.19126565137	217575.2763926774	218049.0502092003	218617.86020164902	218942.71512580483	219134.08538403368	219033.1042498111	218465.64574933914	217830.15758286096	216624.56153560494	214680.94476213632	212064.32134388143	208567.28489283146	204057.7494626933	198189.17223420338	190625.43545196817	180795.95861426677	167605.97971759125	147943.89396562282	125950.2040643288	107907.63292009314	91338.67533334601	75223.64480924659	59258.133331446035	43365.85478844913	27539.81631774077	11427.81377957086	-4464.183057673741	-20748.355457446305	-36974.912478857615	-53255.812699230446	-71128.92114354632	-86266.77591808469	-105242.17837722835	-119974.15596116663	-137194.5345716328	-154593.43818709915	-171118.7554546904	-188131.9453628202	-205645.82748269723	-224013.74242602623	-240813.22297913398	-257616.24648029977	-274797.5222078696	-292290.2147603523	-310574.8461765386	-328031.7433146903	-344400.8656144956	-361550.9802739592	-378873.4823614584	-395674.6629921675	-413067.0699540619	-430160.2833210759	-448077.4212564929	-463784.86400071665	-479519.14091795794	-496450.6006147835	-512743.03183016926	-528889.8242721895	-545132.6486508449	-561588.0414261268	-576726.941464802	-591812.8026964834	-607000.5038834105	-622051.0014712408	-636989.7370041138	-651380.0207494292	-665732.0422471092	-679325.9015262341	-693056.2133188723	-706660.3951545316	-719699.457718466	-733699.3668623406	-745708.0814015511	-761840.3759045396	-768954.3742989248	-781053.9841839776	-786324.7291986134	-802973.1539963896	-805591.423285062	-827320.8689242916	-836472.7805896394	-832957.6561590745	-861922.2343985036	-856854.8832072895	-850898.7318708433	-894282.0109007624	-927824.2299909291	-894596.2481009744	-869822.4700397295	-870180.9643440526	-904961.4822330789	-916924.5707537693	-975855.6503398046	-920236.538297849	-934271.2883719762	-940197.7781798947	-934472.3776178528	-931990.2572480799	-928820.4500576654	-950460.0912165476	-961807.6078488845	-980402.0980518393	-940022.6966289717	-771221.7326451808	-945803.6800762946	-960439.4163520911	-890606.492828052	-943012.9184619079	-929749.7057010196	-956584.0158506113	-975162.8113417975	-961114.679900253	-898400.8705193861	-924300.4372279274	-886803.8697196865	-1.0330536617344369e6	-982369.4665607233	-971591.2937459827	-929496.818374495	-857391.2336351965	-902091.2843545573	-1.0605016654051333e6	-879937.9233883079	-921292.5061548587	-884791.6469033025	-843213.1379948664	-885910.3149331992	-667602.941652688	-754516.3536595765	-952932.6638864863	-773919.858033983	-800588.2300957481	-785769.3317832036	-734321.7966575173	-711698.2129332463	-728970.6088205995	-621135.9854658877	-615643.8653915355	-876042.7408141925	-523463.184326646	-532659.983182301	-593534.1850921286	-615392.8244422206	-640467.9868315379	-521919.8088671177	-495795.26018118655	-359239.62701219606	-544028.9590418688	-456569.72875087993	-441383.61026915075	-374124.89708392794	-392142.07110703137	-472390.778042967	-240493.81238914846	-145139.4514398813	-313708.2043539342	-256238.22673668113	-233526.07151406497	-234386.2549236939	-66314.13348152541	-223521.40051202528	-95733.01036043005	-89667.43919392402	36284.655414443405	-22609.590774967393	69237.79485723976	22952.224354667065	204406.06342042744	75963.41147440945	46402.73818053579	180003.52182673936	187615.24219232047	298036.46223558293	297854.119827263	287812.9000526801	372655.164500561	362116.41662540793	409874.3522252482	406435.2799119502	478397.8571519306	537926.6967014647	475978.47168472357	580225.5561902463	612659.7265435685	674932.5466332142	708250.0524539449	817793.198949914	813768.3120893943	846698.7250116863	844173.7538212868	833316.3245223886
218085.00237201684	218152.21648884297	218326.05574819172	218604.45314775367	218984.62681637943	219448.26254698256	219991.26310754736	220585.39168380806	221232.34657949937	221846.8387669624	222477.32154665428	223072.29691781272	223675.04071086925	224028.26274547912	224279.47392993397	224319.8068791497	223803.78076422523	223368.30969229212	222054.89834343322	220746.80302575545	218841.0136638991	215886.17684690742	211958.88693226146	207049.79368904076	200728.2298727138	192653.98471417383	182244.61527749448	168374.8322036409	147851.96913270338	124747.41941133793	106194.65740296606	89013.45075441815	72330.28852498205	55852.9753530522	39498.91949739517	23015.870779981662	6763.827680478571	-9963.436431192618	-26420.03346420679	-43102.758679555496	-59725.302300646086	-76485.92603400443	-92439.40862081732	-110839.59851096434	-127631.51890894768	-145154.0364911834	-162448.2775276437	-180187.3089275631	-197322.25746160554	-214976.04912438535	-232822.18830814128	-250222.8846905034	-267346.9696658262	-284872.92086452176	-302868.80245239503	-320839.972255628	-337950.48959280236	-355125.50731723715	-372396.67782495054	-389719.2795874502	-407065.1389853966	-424105.2245132806	-441292.8457704707	-458530.41436454083	-474943.262323522	-491580.06518109137	-508060.5705722461	-524565.9866228309	-540863.4096084437	-557130.2115249666	-572927.8237004962	-588373.9788763844	-603732.6659044704	-618943.4553705587	-634173.2421648575	-648943.7971200347	-668534.6840201856	-677159.2277467754	-691483.1094482031	-704823.2478359796	-718247.685801134	-732148.2760627908	-744516.3909112236	-756893.3233770926	-776397.0840309057	-785182.7370831952	-791788.7018779521	-809196.7928766089	-814266.297635841	-823933.6408107395	-831686.8194598472	-845170.9965020067	-846221.7592129307	-868117.8427363741	-863295.4627988902	-875634.3599093272	-885978.302660381	-897206.1965911889	-909819.7315000566	-936289.9660603439	-870398.1899532219	-935061.9300042426	-940360.1331788062	-929646.0891816849	-944135.2753108714	-921905.4601277646	-964674.2623385773	-910392.0263807711	-936172.8397486145	-967890.1408937897	-943080.1140705959	-990725.3310117819	-946643.1455603661	-1.0440625474301667e6	-947828.990361521	-969154.7118980021	-967733.0238563865	-947466.0915378937	-944123.3032915806	-1.0067797749702332e6	-947899.9274541342	-929083.5589217339	-861490.0141069372	-960988.2738391717	-887813.3490717129	-1.0669111517970785e6	-1.0040229503209125e6	-942964.400993082	-888359.3093880971	-911876.1239084066	-818326.9086387621	-898079.7932965707	-886312.5835285808	-901327.6271590891	-560374.3183603205	-834776.9789742432	-828500.1739297353	-846306.4777966018	-956189.9765633699	-765712.9167191216	-885255.0602655727	-768337.3124913345	-806035.2323324694	-805384.6053249086	-375930.91225637664	-903154.0855544494	-707772.4267990687	-723839.0608519728	-654454.8765818682	-546193.2941446714	-490851.67206724925	-634633.4939126689	-657314.5580980887	-647446.4305826414	-608984.4727779762	-603644.7597320632	-542319.970741237	-428319.1511859233	-484565.59186129743	-694671.7086112476	-515331.0984503632	-384881.99980427796	-375564.9569181279	-307079.976004419	-257200.8161416683	-289601.9860468773	-586414.6705107605	-288077.55725779996	-296758.9385410245	-234634.79758134397	-115546.17845781945	-116815.30041012313	-182412.22226533253	151624.6761925085	113065.61632981052	-109476.98781341786	25561.422176671156	78381.07250721095	77395.9849758753	83094.18656567013	66329.0706639089	125119.97285722423	119239.6002058633	260474.9431089302	314398.1619742717	340412.98229533754	351102.06937722623	368234.37668622046	378799.67642729584	681604.1471128506	507970.34710498195	480023.14533387724	505269.4635679735	581635.1659497381	708782.5921019209	668201.5520809642	718630.8358453377	808127.0776022519	779855.1064195721	915802.901249737	862701.3943410586
223258.39959092904	223320.88897966297	223494.53697360685	223772.10453277087	224135.66863736167	224590.79936932126	225144.67064395954	225714.8549309476	226340.69314479054	226995.2820415551	227643.65521740814	228242.47108155536	228627.0836325123	229284.40478909452	229557.74996922608	229878.03015157353	229602.2280699092	228949.44155091746	228360.11548352853	227122.5482242413	225293.41222802724	222829.83008022455	219629.33192669222	215490.68872913846	210061.64581295743	203280.2869238383	194690.1243693279	183698.7588847899	169145.8934984487	147759.55082344642	123629.02552472113	104477.91450137028	86680.29310441186	69433.41481438855	52438.56305304507	35490.63400768576	18737.348351287423	1848.5019229184836	-15023.500521438138	-32101.40024967643	-49220.183496854035	-66297.6452200134	-82978.24193392793	-101014.60141274484	-117844.19467091488	-135573.1540763748	-153822.66434939587	-171024.82533750546	-189012.2799596317	-206563.79265855954	-224543.42177729055	-242060.54414768616	-259423.63528098742	-277126.6102295806	-294956.198635672	-313715.7509716302	-331481.6172205508	-348452.1025799896	-365801.50579458114	-383402.8071979403	-400522.6149450503	-418026.51443664724	-437270.97416635574	-453809.4931645436	-470004.7353592572	-486695.47444957733	-502813.9960543876	-520282.11355072394	-536283.784856356	-552845.2947373725	-569184.6756705539	-584735.6183973255	-600158.0343707267	-615691.2787145611	-631325.9712509459	-646241.3191911785	-660966.4522699212	-675436.6022498396	-689174.062280264	-703076.3297349364	-717074.5793014313	-730431.5130246889	-744435.3125421382	-755639.1499155422	-769177.9196673657	-780267.8189719527	-798308.5272798417	-806707.3126725024	-803583.0797079813	-830540.6642242195	-822813.8811528694	-844945.0828930305	-863646.0515704968	-867236.8327264921	-899391.6495289765	-845355.9390182083	-897520.0922716437	-909107.5163327099	-900345.5347776674	-887862.1142424955	-915458.078580999	-936453.2936441295	-870402.1151973868	-962451.1550950769	-968698.9362205302	-898426.3006944063	-971556.9424031	-899824.8839717882	-904083.2208100893	-924564.7510327203	-948943.243338167	-997965.5594367636	-910067.068133441	-977745.9533541952	-956365.6850819415	-959832.4938316727	-1.057222489791024e6	-933773.8656756931	-828007.5594385681	-980760.3647583332	-954810.3094756159	-904654.0862569872	-906195.1721105829	-998061.0081033774	-950194.1612302286	-981046.5757894069	-968456.4486126078	-917360.0931347548	-1.0144409893144013e6	-877876.8212513041	-795235.0274827997	-933168.8028021278	-885858.8980262899	-870181.7383823032	-950179.4862930528	-873352.2968876339	-718394.0078783259	-945115.5140426576	-883923.0178836025	-832782.5737814461	-866468.920791961	-771214.3107883881	-522506.34944657405	-835662.1228363384	-833839.9700665493	-754497.0183220466	-761236.9803765384	-835667.4961871635	-646987.8403038909	-610390.7507582803	-578559.798498478	-681655.3519347033	-557707.2943931548	-657015.4770081961	-661728.4459355851	-625849.1796133616	-545500.7350020071	-481814.2695797608	-511207.7179725236	-616216.8892713222	-453762.1030629548	-417247.5236283774	-1.0342068452760023e6	-336778.90567852143	-267443.3468409628	-238133.99198890437	-303802.3985633939	-257041.48431421124	-308107.8742645253	-277324.79038596066	-132731.63341649115	-153657.26797489455	-161547.25081723282	-70921.97964314377	-79396.34138317785	41646.70498348953	-19089.674011157418	-29722.065347981697	-63451.66923901305	68682.27376086073	197435.57072955038	148588.21998472646	230745.53235823748	167379.70251228003	247964.28750315116	374731.0898519358	326774.72733668465	380876.08269271575	369783.9997256328	378992.1082410528	471681.46025110356	509318.23624105885	520127.5946546881	604864.8081398164	700185.3142146454	611730.5755008734	649840.0378868296	725416.8309470932	806506.2691268786	840031.7410986447	852089.7623419208
228644.50816547684	228706.9368698817	228874.95824343013	229144.08682912745	229507.2033505792	229954.67632335058	230446.90327025525	231096.8135617688	231838.37693340803	232358.6944212439	233015.88569240662	233703.12673943734	234242.54052153486	234714.9461482723	235404.98686274263	235289.17328932806	235510.3991480327	234945.20236172783	234045.59966562415	233158.08056943485	231740.08604257548	229806.444629575	226848.11158096796	223293.2993412807	218855.55170545407	213099.2159251921	205850.15243740508	196739.23230063915	185158.46111576277	169919.01706180454	147666.63770664524	122546.68423960113	102757.62235773192	84358.59272801032	66540.25869639684	49010.94504449726	31710.66025999817	14409.045698301692	-3078.938390044612	-20266.71245796187	-37666.759319383855	-55030.913810716855	-72762.5666676785	-88970.74990140574	-108394.83934724322	-125367.98374497792	-143244.85122793494	-162818.71608563256	-179148.78406925866	-197440.25132888113	-214846.76890100722	-233495.75012281723	-251353.29369247676	-268815.0098538344	-286829.40550022636	-305118.9339031325	-323731.6210471819	-341455.20238367666	-358665.38440447603	-376467.50698984845	-393884.02476233884	-411928.2218401649	-428979.12832064397	-446463.66672299366	-464250.6256710274	-481243.84747920284	-498088.42083094356	-514941.55838185846	-531506.7765345129	-548240.2598772387	-564758.5168053303	-580776.5061098805	-596640.142513213	-612166.9807949539	-628106.6797366003	-642918.78664377	-657946.7412297733	-672766.0648910205	-687129.2894654626	-701267.4690079237	-715285.0282503597	-728639.3548045815	-742821.7034636855	-753382.1342715807	-765296.1507567135	-773954.8131961664	-796966.1403388383	-808978.7883362495	-817385.2712261574	-819400.6540046276	-832274.6812724764	-846034.6899480021	-886712.8513373437	-909895.3463131008	-878001.4067838413	-850006.9042416725	-889554.1550404395	-901378.3829911035	-898208.0429200595	-931341.8788898622	-984485.3800156009	-927095.0673411605	-962327.0143932679	-972886.9856902899	-925587.2808635377	-973648.2674100732	-947710.7255526397	-954415.5916195326	-968168.7336335222	-962982.6892000022	-949369.8386447534	-992119.8356003612	-1.0047628974935603e6	-900378.8546419048	-983809.5767062765	-1.0334988768871082e6	-996845.0428394054	-921793.4499835083	-1.0023712774877974e6	-909094.8355898471	-1.1117975822878873e6	-1.0168723082309475e6	-994248.0221153053	-986307.7838463399	-965348.7344086757	-980789.8818059636	-889240.2233152001	-927541.9911228355	-985412.838109036	-1.0001243885977564e6	-753524.1980888059	-975690.0011843431	-962782.411606902	-836637.2448338002	-1.0236417727139292e6	-914343.8616517619	-949974.9969402237	-876258.0396448353	-540044.936685802	-957548.9394010436	-980180.4542681549	-968019.791639619	-766862.85802147	-755513.1909936306	-794205.6928050586	-788080.0196940431	-708601.4106147485	-732054.0608842769	-683592.5481395894	-572204.6259300939	-607222.4554374041	-540947.6629627806	-659322.4275389691	-677990.7023746881	-707596.7664773101	-595092.2548279257	-529321.3526249633	-547114.8541401485	-500261.6718434599	-555320.701141478	-457347.17780619353	-466171.60270221165	-602986.397315179	-386541.58269464417	-363740.8278281424	-228119.42987284396	-134271.4057693403	-116669.19051677646	-195330.55705187243	-381293.33868307766	-244414.86614557222	-235095.42089168873	-209763.14105949557	-139568.2920052205	-131112.0469705654	49666.25421071652	-13453.90945268987	-61818.36711012485	23717.49515826715	149211.9084215918	84850.54622431	90558.35344201647	66271.06967630557	388863.9578096768	293257.21370031725	230764.15585544746	202234.06634795427	319271.2290242649	393790.07398791186	408133.836520194	402044.11827476457	381095.0312975449	370210.48726494465	546033.5877406844	528432.0454406613	630300.9767952967	702703.7246914427	694164.814501219	707971.1660265992	810833.7284872024	844165.6512571196
234243.58602613735	234305.77063336648	234468.9182972869	234728.6381150193	235084.18520860316	235522.7128927543	236019.00735010154	236585.23434177355	237236.05649584794	237872.50883644284	238524.65872745035	239198.3796982427	239751.96767231746	240267.84550072107	240740.19877833244	241230.15411791147	240684.64624461933	240781.71685374615	240695.17252692155	241684.64593018877	238495.61199222837	236892.09742107202	233842.0421649323	231231.61832118162	227398.6942043925	222371.64892058278	216151.55388593103	208432.9852642403	198796.046190574	186622.55694675242	170694.0820813474	147573.22193161567	121480.39501851989	101034.79109366552	82034.02192313434	63638.39890702622	45600.86710115016	27628.235318562773	9829.630194092286	-7684.621490320191	-25593.215624178178	-43259.429772479285	-60064.378177792154	-78541.18832825264	-97051.5786756408	-113978.43230623554	-132655.47439974974	-151393.7609814285	-169888.0419546514	-187927.66140281432	-205726.26217554213	-224430.4817571978	-241745.3686563526	-260295.19726854967	-278076.05371327593	-296008.0506791288	-314239.8459264781	-334302.4782716258	-351286.74101106497	-369160.11036886415	-387322.35347697686	-404730.57235142455	-422540.23357062537	-440988.1291417944	-458377.60966905596	-475518.8135488234	-492546.7236076184	-509505.1644590608	-526498.4975048497	-543182.9579964711	-559982.2310867494	-576496.555711305	-592525.0670756209	-608341.3961319008	-623913.4260330363	-640295.505341244	-654936.03946443	-670528.591924533	-684838.5052940387	-699060.34179639	-712076.5752302727	-727758.3898225697	-749648.406345404	-753702.6311834869	-792177.5896143755	-784779.6299006217	-787817.5236426513	-804000.839934425	-802415.2845890813	-847416.2966917551	-835608.7725055984	-847536.6215783795	-855963.1080841802	-881004.111075891	-895024.382394677	-879549.688763658	-891275.6712089425	-889843.7555242851	-891788.1092784596	-946806.3477155638	-914746.4681402051	-937002.4197832833	-937600.9742954168	-890550.0119456882	-1.0156605255573753e6	-934897.017349838	-947825.3298249568	-951862.7509729934	-969998.282688478	-1.0004338550694108e6	-948273.4685653688	-1.0885516241789125e6	-1.0445739695902248e6	-1.0152367939794033e6	-1.0550210669437235e6	-961172.1482190536	-945625.2081177428	-951968.7271217303	-1.0014052389274177e6	-972307.8958004294	-889809.8966631787	-1.208545773576194e6	-869932.6560923823	-904811.3394600865	-979528.7778497131	-943424.2771622124	-992496.0311399489	-928911.815598734	-1.0242729767194714e6	-841617.6040420162	-1.0365849723722443e6	-992940.3347368643	-975199.6777023098	-880037.7786605675	-839065.8473192428	-916360.4070774154	-975813.2435387648	-833497.3825392374	-856554.6986790055	-1.0021860771177977e6	-848529.2514729153	-827592.2916347764	-779898.5500121571	-912989.5383138987	-910567.4112955956	-1.1617920049817092e6	-823844.4786848975	-887240.3852690887	-710462.0263596303	-714453.8633369147	-642138.4068537706	-712826.4453645274	-731802.6385680046	-727400.3511650609	-664266.4546565427	-561560.7960974318	-689022.5839083064	-564375.7008571895	-530402.3445197935	-571060.5464412344	-557067.1639916929	-246125.2163573355	-472421.98690644425	-429472.2012220063	-323099.8560604188	-300222.89951269847	-271440.45110619353	-106676.16648835462	-338121.4246375659	-267662.7166928333	-263628.7281324543	-301878.191680213	-209864.80967671337	-210755.02352634125	-76533.42483868037	-121247.31774598133	106178.97254282929	-66246.87367941492	-104520.23452702776	-21552.517743415723	12141.544922766683	66646.3623254848	94372.10708169494	173951.38508509606	128039.07241163537	201813.97530230967	284553.68697854405	282959.4129023663	402220.3201542906	401108.4428169112	395847.2117510214	451034.39556104824	462480.9453941811	517046.9866111301	528531.8177131987	591939.1855513654	707838.5574704711	619073.7148994436	737949.362549651	770080.4240229051	733449.1164078298
240058.52867845324	240118.7573203406	240276.14104699175	240533.61441163556	240895.38609471085	241312.4638324569	241798.4496452291	242365.00535874418	242917.16064263164	243628.9697975099	244281.51271766674	244940.68991847726	245624.55950322474	245776.14365982573	246529.8479172967	246531.88189316966	246750.43589343823	247035.35727762518	246625.08367576887	245830.84352697263	245137.23365044844	242950.41299961752	241556.44263638335	238763.36732417822	235517.9399615131	231205.81714499398	225848.6552920575	219222.25872216426	211025.95889665355	200859.77412562858	188091.18023030733	171470.9777251787	147479.30754299968	120422.09910628753	99309.41036432784	79663.31093665975	60737.42510166089	42168.44508267945	23852.42723701743	5550.26459819515	-12548.939207777672	-30835.48633285082	-49124.843217202	-66873.26064774411	-85172.58024025869	-103979.29917802376	-121981.58034975038	-140256.06913375045	-159422.16438576826	-178074.39912309308	-196111.54795666927	-214203.16674858355	-233443.8868850223	-251846.55244035806	-268569.13596297	-284238.76060120435	-306894.8706634897	-324126.78294682835	-343781.19345924177	-361644.2160763839	-380014.2788275174	-397605.0182691816	-415667.0908938414	-433433.79828960914	-451820.3761152118	-469048.35757256293	-486901.3511575965	-503842.3401400119	-520958.95288897323	-537936.7459278367	-554719.9450660576	-572103.9032573123	-583644.475842068	-604270.78348762	-620011.9246473254	-636197.8133165969	-651721.1379048058	-669154.8540613402	-682038.2558513852	-696202.1894647197	-708131.2190800859	-724812.5651990206	-736082.0686066188	-758650.525409824	-769438.893131299	-759696.9902837549	-786950.2233827705	-799878.4491649102	-820831.8351428008	-832410.5693941149	-846969.4013826868	-818465.8413803997	-867282.6505288349	-893707.6886106855	-850178.734654658	-896128.9942145459	-898883.528329133	-946479.1997065013	-920970.7459898265	-934338.7460627495	-916096.6322138547	-916913.5444054836	-934858.1444190273	-943420.6331204821	-939579.5073964077	-900429.9003627824	-949825.9297977965	-978525.5515781213	-986368.1959506236	-1.0320107294699703e6	-933010.0179860999	-983407.2380747786	-988478.5671178366	-1.0672319958588404e6	-929376.831213806	-968903.3317977546	-1.0577303361703295e6	-1.0183842252688932e6	-993260.3107727845	-1.0046788335752187e6	-1.0325118330408984e6	-999842.5450880693	-987559.2999405158	-918606.084837653	-914599.3578333689	-970654.4171335562	-854119.9531388923	-1.0191131940455413e6	-854592.0045770565	-1.0425287777611492e6	-1.0519784021645098e6	-1.0078481066068027e6	-908131.413275305	-904135.262522402	-906167.5621766951	-821799.0296789762	-940076.5667061659	-857903.1011257032	-891455.2942566648	-887299.5802955523	-944627.4271937981	-838835.091036686	-666264.8661345453	-651747.0818602601	-627554.2359117565	-628464.5089289597	-778543.1816795261	-781010.7542627163	-772977.9926412145	-735559.2138211194	-655511.3099104194	-673351.3296529043	-723710.8902110057	-674007.885788135	-803386.7637267227	-654095.360416204	-379131.542040465	-570643.1521771466	-523121.1868131315	-386077.4855412902	-569195.014095943	-421881.97974887496	-482919.5293707583	-449982.55560576875	-326794.90203952143	-498508.75307388935	-310246.7802136755	-179840.40501436876	-145430.3084487464	-276046.3264955064	-350336.5059804805	-370116.9486257793	-277211.9800265949	-244822.36632631446	-137971.99602874048	-144334.81207976496	-205896.5083502797	-197872.57831974706	-111087.94308140088	-19980.71745341603	25287.521681907994	54126.63839980954	103859.47474459087	150278.037694639	151976.66171488998	186741.57400564378	207438.99055301066	173370.87995222438	374756.1988962846	303402.65783447115	374090.02482795896	432403.476003271	429185.2292167269	488518.00437477365	566821.4892056645	524186.2607600581	543220.9253279394	623402.4623278049	647242.7436791523	757294.9319814383	707264.0196214099
246092.53072623495	246175.95175975934	246305.39667777548	246553.04225620645	246851.05650950834	247304.9980913463	247704.03874833888	248296.36216588126	248927.35080155736	249526.71191514522	250383.0446840439	250909.04182081	251372.58306047466	251888.91074017348	252901.458724254	254048.66455775924	253052.86080700398	253235.32072606665	252938.921426653	252206.0887689782	251822.8893347616	248457.81551621412	248547.26322009537	245938.8746017604	243299.69344125822	239931.95391755278	235112.1372453047	229367.77119180438	222306.35569901858	213628.68088332796	202929.13535130653	189564.16577294312	172249.60508539376	147384.88196501823	119368.12341015221	97581.67932991823	77361.75300851342	57844.904300959955	38758.893144322676	19964.898894482	1271.510863982432	-17607.882062554767	-36060.50558233503	-54756.99398058592	-73386.71120365633	-91690.09429112694	-110811.95391903858	-128919.70392681894	-148091.92538706868	-167767.76024500208	-184545.24895382955	-203887.3599126143	-222899.2859245092	-241989.66488751755	-261068.31191030735	-278600.6985979175	-295563.6827064509	-316879.4557977453	-333390.0665055491	-353471.4722456609	-372436.0301196087	-390330.0723895557	-408350.619825085	-430181.8348938822	-444810.3063717131	-463057.4998873923	-480602.25137364265	-497846.6207909589	-515101.24792203726	-532884.0256089161	-549531.7479216815	-566860.2337416403	-583515.4610992963	-599959.105627114	-616026.966013941	-631717.1376010498	-648486.4606634323	-663790.1900956219	-673837.1281096744	-695572.6128006706	-707548.8245184592	-723075.673756206	-738865.0211832754	-747959.9799795924	-763121.5014540721	-770193.2840108499	-788082.5034610494	-801035.280795993	-793829.7934604955	-824179.5181942622	-839585.2920720302	-859565.5356429978	-870992.9863498546	-896958.1873619196	-902589.4888749283	-882038.2026330035	-869558.7532255217	-907266.9033194748	-892326.4938357931	-933634.3984854468	-941783.7471483194	-941705.6428429992	-957755.9002523099	-919794.5613698047	-994685.7309809171	-1.0021261738411181e6	-988778.6782523135	-993671.6004803211	-1.0035777641869879e6	-959967.5922543495	-983272.9453389687	-969099.9363110431	-1.0014618827433607e6	-992803.5098443888	-996543.6098417558	-1.0396566212749381e6	-1.0327620562857715e6	-1.0421585656057443e6	-982934.3475512061	-943068.509941625	-1.0436557351249503e6	-977405.0317378226	-996088.2255899266	-1.0454590000596191e6	-1.0615879924291028e6	-985601.5279463816	-973458.2721006935	-904219.484661893	-1.1159321500945545e6	-1.0313111709100555e6	-1.0416827076662017e6	-1.0519480095082182e6	-1.0379326906407482e6	-979752.6497244991	-919369.2860661985	-928704.5978287901	-897103.4016180814	-945461.7769070389	-887525.2647171926	-826648.7106220764	-871206.976991876	-829458.8305950272	-896369.3111562915	-673561.043498775	-559446.4608192339	-469635.4048084764	-775082.7163848102	-863010.2939083942	-785340.1947883843	-792128.9791814312	-693232.7380957666	-789507.8635830753	-725666.1316194551	-643179.8209991106	-383367.8278658735	-664084.1921130738	-695942.1924521909	-567478.8407416146	-625581.2075310354	-705767.5395242667	-583715.0749216853	-535154.1330554294	-500359.9737610063	-523947.4823378176	-505041.7148001637	-398817.6818519785	-388929.38370174734	-217944.80288116826	-243164.8091380769	-311749.5767768934	-332115.6977195475	-294409.693739947	-345929.91354377154	-401398.3787367773	-321099.3529251363	-240649.17521643458	-195184.47612877242	-37551.544414804375	-104608.45571686287	-90924.7080811421	-67012.88734648848	-67571.74479830737	136902.36675024492	90893.96074275806	54893.85437561147	200184.4144088644	237670.6755167343	340986.76150174433	271237.3672459423	253091.57217672322	337298.3100864584	392865.2703185337	340554.4057003124	465573.10876730963	517028.58540917694	502219.77177066397	532915.6907914984	550770.4591603861	578545.7890017056	644054.6956505603	770782.1029696432
252339.2432173629	252403.11325871415	252552.15268653346	252795.5801086059	253110.21072671568	253509.0551503427	253984.56752386113	254434.22480079526	255104.22650015395	255744.4280536886	256292.04336032586	257019.9276552057	257699.93490618624	259816.80698035675	259012.89715514192	259175.19791809242	259448.9615636813	259765.34109259106	259475.04782354645	258895.73435208906	258435.15559356817	257502.96225224232	255139.92000375665	253993.06185666082	252238.22989748046	248222.98620142485	244090.13701650943	238982.86257200618	232921.66146500094	225404.58933366602	216246.21755618794	205001.3386347746	191040.23112917086	173029.88374228077	147289.94502804603	118316.61604163359	95852.25416955783	74979.18483259273	54931.330866043514	35302.18141319166	15788.387827161932	-3185.017378695309	-22254.669724645268	-41474.35685402376	-60202.24705718769	-79322.93025574883	-98000.6317370394	-116199.34095114312	-136102.2042182865	-155695.36832506303	-173881.64315601785	-194368.0110114081	-212718.61328482896	-231800.98500506356	-249972.9854948093	-269149.45549537503	-288596.42593533936	-310210.85793778766	-323445.84915742266	-346128.8922074188	-363933.5864852803	-383013.2864796427	-400155.8898668972	-418924.55141937995	-435864.77535022254	-453712.6911894619	-473944.11925030005	-491463.2450344974	-508907.0171899804	-526300.3744971501	-543711.8670825926	-561246.716668149	-578978.0942672922	-595250.8562316278	-611691.003991639	-628364.6701153817	-644328.7601446749	-660667.739803216	-676035.5690058956	-692071.2059591298	-704284.526934	-710452.752451855	-738043.917795582	-746482.4432503365	-773833.6038941825	-753483.1094672959	-802338.4890671342	-794395.574650266	-806508.2874600184	-825307.0808967352	-843167.1211498769	-860346.0556401003	-866980.3692384711	-883966.3095665067	-889736.2283376618	-907135.1982840465	-881598.061668179	-913258.0632271932	-961797.4602988393	-935365.1816424357	-989119.3739303439	-962441.0369821917	-965739.1160494336	-1.0305033689383797e6	-960347.3997629841	-1.0190286892142836e6	-1.0277886755071578e6	-1.0107527851196749e6	-1.0196093701754587e6	-957564.2857261719	-997113.727944131	-1.0285311538228539e6	-964816.7008668138	-979333.8533493779	-1.0154126475961576e6	-858336.7803216041	-999515.5022312705	-976960.514402336	-1.0049546934366943e6	-1.0170526293390209e6	-1.0825096616199785e6	-989317.5145273223	-974423.1136677668	-1.0171262574801005e6	-954222.4187323553	-904711.2062962882	-995555.4776607894	-989682.1124904186	-1.0340526337659857e6	-1.0445555280859945e6	-1.0071537080087694e6	-1.0543039890704253e6	-1.0005120167572703e6	-937075.9177576087	-1.0063698648376786e6	-970387.9364915141	-912085.8719942812	-687355.1191745677	-937457.0891516954	-868954.6213731011	-848736.5606057171	-859548.105438839	-921849.1610660022	-827002.4545636419	-674493.5158313913	-688824.1299307507	-750608.8968013737	-841463.6386856048	-1.1662623331083294e6	-690640.4874119696	-650610.4386428299	-797019.5801502177	-762602.7555052123	-773528.6348285975	-624789.8132127344	-568902.0351120655	-727998.5559594044	-689160.3123943547	-522324.1704728548	-521942.90360690287	-618485.118341031	-548013.8963391786	-550230.317918363	-438905.32767132256	-959885.8066596342	-471445.4507647246	-478743.302311475	-339328.5913928105	-232258.07431036333	-245020.73729903722	-306094.2644209569	-264549.4370621611	-317029.4477289217	-291826.4100726792	-244322.5111023505	-209087.4509791197	-142589.42120855494	-185116.15756014787	-99095.6331733177	-102021.69203779759	-387.72385398024926	14508.33172129182	121571.43394547416	30006.96041556768	102748.11371993687	170093.72513101244	258906.71683143353	296991.87839689985	288463.44281311467	302516.6492519909	307394.4384440672	334096.14009082824	298948.510821816	427685.8030186765	473295.13120830193	495126.53101064306	508459.7460602237	566698.1241911431	653623.8522032923	579282.5330509325	679431.3698571785
258822.37505113723	258876.17035361443	259026.0430076357	259253.92223623634	259565.9512910557	259803.15494058252	260411.45992847503	260979.5960619729	261688.1981897871	262133.29618753894	262341.53807790886	263551.955552715	264158.3156160814	264833.5891734629	265054.89943260496	265493.9395796177	266204.88512306137	267274.62389754935	265468.35794147087	266014.8873128027	265598.1964396071	265163.5915934732	263040.91267540987	260584.58406168275	259779.03913262015	256048.33541919093	252866.8280855706	248390.2938144555	243047.36155138898	236491.2447893594	228515.09745476977	218860.61705306842	207095.46275323402	192520.69843746454	173811.73609457782	147194.50677266024	117266.58753531211	94121.98392561049	72670.04896620597	52014.89993822953	31889.922114518064	12104.032320535218	-7819.037506080756	-27120.590200682404	-46478.14431750844	-65785.75939330351	-85240.69489187194	-104799.2445632217	-124128.96059308696	-143202.63735419657	-163512.48606626334	-183069.03489694593	-201667.9833621674	-220978.89659311302	-241044.6395644521	-259541.07360680785	-278687.90175667475	-296399.00551248394	-316752.4588370208	-334344.7834755447	-333421.6590191496	-373261.17911359464	-392228.4797300087	-409035.78144575766	-425422.1719179578	-445995.23590603244	-467360.5683917675	-483981.1776179791	-501774.549825815	-520996.20968953084	-536703.7232105435	-554625.9504975497	-572182.882593029	-590051.6208212817	-606814.2510774159	-622666.7175480351	-633381.0289128937	-651181.0203991125	-670753.6849762448	-690453.3368471027	-697949.0313669667	-713624.1352831142	-724026.7157121645	-746866.6029306878	-758724.089531089	-776586.020747374	-793849.67669487	-802151.6089761099	-823387.1390671704	-817327.539019102	-847640.3654332808	-857044.6194635495	-839829.6221724357	-880417.5478033335	-885982.8759782275	-907872.4633415919	-853796.1511963012	-907223.0662631441	-942048.1204081078	-925067.8543510023	-915102.3174914452	-947114.4166302145	-973671.1265426234	-867782.8652920548	-1.0075530906611667e6	-932210.9350795113	-975605.5745954318	-956054.1060271428	-972113.5294199057	-1.0191011013784963e6	-1.0158933078487064e6	-998170.6512493123	-999288.1067536087	-1.0064769617629487e6	-1.025549314632165e6	-935399.3490149477	-1.0457578982362021e6	-1.0491697722168844e6	-1.0269235737476766e6	-1.0605910408594916e6	-1.0142474860490866e6	-978321.3000851646	-1.0237563866832813e6	-1.0218631844781039e6	-909343.2166083327	-970123.8691469224	-1.0398656081338653e6	-1.0857481885326304e6	-967789.3433841388	-1.0301193155739596e6	-1.0663193198890511e6	-1.1091251082092496e6	-1.0647676189515304e6	-904244.097976109	-974052.9175258849	-942808.1913876918	-906930.2823355389	-950193.0872257848	-893232.0730340963	-869201.1233837914	-960065.9419823859	-795423.3044049614	-870678.7950285147	-634816.5664257978	-918125.2436962263	-630591.0112002597	-795614.7906725239	-785651.444188921	-859303.4844013923	-810959.692219275	-718525.8124092666	-776594.3263632699	-723562.5709278223	-747702.3713909825	-659682.9667804891	-720357.6836783793	-619018.9791662979	-692475.6560725849	-698268.9928901964	-627046.1791993703	-482247.86443524907	-578281.5184779186	-410281.1958869459	-611736.4013324417	-191069.9203410615	-486992.5840174822	-472386.9342181674	-338562.31152411044	-319664.02485590294	-246259.50499081897	-132832.435049241	-360533.3733183137	-391844.48353066953	-396329.2997774245	-243461.34986446757	-270492.44656028977	-343728.7770726537	-278067.43681633385	-217402.67590059672	-52351.34849637892	11678.51903137978	3617.051143303921	2454.057279307337	55271.38706766901	111009.22349395737	149620.2393154832	85122.016322751	160900.82437959634	181013.69914565835	237904.7801854149	259654.25865377806	329248.1523924339	309347.1980178528	330303.556183536	416297.00571692496	497948.6815208722	495693.1718355505	532536.2364323591	542370.1274484196	546919.6645553592	646925.6622670456
265522.23538567027	265570.3965938588	265700.27842115745	265951.0387489337	266227.2035933381	266620.503105369	267118.37281804625	267510.6657337549	268173.50991810136	268893.6070233364	269333.80469554994	270014.628358677	270585.8872982113	271144.2773973111	272009.0078628949	272329.5219316739	273300.3123125929	272728.0094295206	273125.5175731317	272724.0272843861	272923.6054222454	271446.8563164434	271131.03903378354	269273.88298727985	267318.99403560796	264270.3960389842	261375.66791174718	257296.34459502937	252783.70162188384	247045.06500069227	240053.57284763217	231632.47713316453	221502.14913512487	209181.17210746382	194004.17331551167	174595.0985576727	147098.5487482128	116217.47172544932	92388.39141539118	70293.31950068311	49115.550969210395	28412.835033405514	8237.412389066361	-11939.42601417756	-31974.43595603027	-51818.20417462659	-71487.18170886522	-91243.60658020232	-111378.88322612082	-130585.34244937438	-150611.36561252235	-170405.1010296223	-189696.6242457305	-209631.69868004354	-229276.97676035095	-249123.51145825195	-268791.69014205283	-287225.33499553695	-307393.9896996863	-324130.87868182635	-344229.814595658	-365120.0462961846	-379368.9219655498	-402576.3477302198	-421516.544346531	-438853.57136632985	-456505.3455417924	-478116.1758680441	-493599.4324679183	-515493.66740814643	-533802.2716298569	-549627.7495539987	-567166.4784953538	-582706.1168683828	-601360.4208352843	-618476.5034627158	-631564.3010173298	-642606.2354269591	-668169.0809685639	-686964.3460387604	-704088.194539909	-715890.492002123	-739021.9127074813	-749366.8477956413	-763031.6287534148	-747262.095541547	-783583.6494987153	-805937.8174080723	-810378.1877643836	-847627.86706571	-810265.4027731086	-862184.1692820019	-877033.7977724648	-868403.8867615229	-852299.4245977588	-818331.0589966485	-846055.0953236127	-946650.2003823821	-912058.8449529028	-865029.7846172904	-1.0156739062042835e6	-1.0037468292959835e6	-945502.8041604604	-928515.4152000553	-918661.5794239235	-992020.2946673182	-963549.5026811496	-1.0483230764166019e6	-1.0094175785659531e6	-1.0601264374483903e6	-1.0079357569047231e6	-972185.2933292438	-1.0772330430148344e6	-960732.6528576082	-1.0809586925117776e6	-1.0553692300627674e6	-935118.2896861699	-1.088892222019987e6	-955740.6876218305	-1.0678682195891403e6	-1.0427930361407211e6	-1.1717359903011292e6	-925774.5217716412	-969654.2085093162	-927127.5663940806	-998034.6259284152	-1.3703783323771781e6	-1.009263288115842e6	-1.0468624548643986e6	-913314.8556418684	-1.0934794487652692e6	-1.1561159948356985e6	-1.0251920968913524e6	-1.0435306788569454e6	-1.0211233287738208e6	-948946.905708751	-1.134032183974453e6	-783407.2862636922	-908382.2883839437	-848679.564419195	-831816.6261394296	-919214.7061147892	-972200.8768248269	-859175.0185089023	-823453.8306598198	-694912.5761090766	-840443.9624690511	-913867.1785495218	-826306.7686813413	-842513.3973720823	-797473.5918132397	-866182.9235871797	-840701.7380536301	-676869.4528625673	-716031.2084081026	-766530.5527439755	-710340.061067468	-771122.8029257644	-640868.0187704389	-641425.6949556042	-444000.3186738836	-630664.9050511508	-500674.180033926	-603813.5235959827	-472669.1897558198	-539643.408881905	-467429.21232047776	-469103.1951465109	-475021.7197422395	-237515.38872034993	-225068.43057691312	-157889.45333073713	-338495.9776426	-421639.37085055147	-297087.08646811364	-287628.1663259231	-258944.2512978395	-217605.79196542042	-478675.2353189723	-148704.78938528156	-155319.10150934343	-14159.261625829677	-29798.37281313358	16323.990745231451	71523.72579624172	158633.86602000747	114418.40056156548	-18464.896277424006	181902.0051436326	196068.51922304503	190670.63603507908	293238.9278752822	299235.05018885894	384559.5536009394	351832.9962850981	386055.86857622623	424552.67585409846	529465.3775089937	528729.1838470022	516655.1170399603	614449.079028035
272448.0588759227	272496.66120592615	272636.7710877156	272853.1297155339	273207.42184609774	273462.23815601226	274055.5540462006	274495.5331322825	275244.93779258325	275569.9232790344	276300.3527048792	277013.3396764708	277927.98995512637	277525.1871612044	278373.88251573744	278735.17389007827	279064.2859395366	279714.2254665464	279880.52086022444	280239.56576623634	279681.03497472935	278937.64387810737	277883.6307634572	276900.5092418511	275859.25709464063	262507.4350709553	269968.4737989664	266872.9374142397	262479.44996872917	257457.88362843648	251081.28239085962	243646.30568906933	234782.97901385836	224139.6702550564	211274.97984063573	195490.9281778228	175379.91769267642	147002.0694790053	115168.94105210982	90652.10124321177	67964.36353582103	46196.980690851575	25065.099859591748	4157.499034460168	-16297.909746496705	-36796.39247004967	-57175.96488652838	-77331.24227085125	-97329.54752866577	-117779.49516092875	-137343.68629173716	-157743.46797021423	-177346.24523719816	-198546.8169851459	-217634.759935521	-236433.915875562	-257642.92265353684	-276843.7131593439	-295862.24981655064	-316284.6120645059	-337872.9805050757	-357285.0704155013	-372474.39213510574	-395161.0848723126	-413189.9727495603	-430071.01219991	-451119.3226001329	-473144.2932376761	-482738.00935422495	-506528.5792993724	-523994.2540390741	-546611.7910988997	-561833.3379148322	-572159.2690302681	-594356.1064155789	-613149.3949777635	-626839.7272821076	-645488.0166578228	-661318.7740986384	-682011.0488574344	-692394.9775993358	-706265.6354396555	-727024.9326045616	-741899.8051120539	-761482.3449817118	-774061.698858025	-813199.2244273571	-806467.7189917951	-827905.3336600552	-838945.5857256243	-829236.3232148786	-840129.2594048777	-867368.0409540408	-890046.6147436851	-907046.0339498594	-891091.6444067201	-900779.4884469677	-896047.3924246966	-945692.6191498472	-945039.4983869581	-998475.377853788	-1.0027123822293046e6	-975139.2754289468	-947680.705249618	-954038.4736601738	-981246.419904486	-979598.1096193027	-933155.1912736443	-1.0124807402653589e6	-1.0233545217334407e6	-1.069835392310954e6	-1.0081614231395728e6	-1.027587748053306e6	-947474.7560016038	-991401.4706529672	-1.0467710989818964e6	-1.1469290742635638e6	-907239.7385453908	-1.0556308116116053e6	-1.0594985352765291e6	-1.0234751370257877e6	-1.0801227213905319e6	-930703.3557815212	-951071.936417846	-912920.4545867583	-1.0082694291322974e6	-989630.766525961	-989025.1598154332	-1.0313964395455436e6	-1.3809984528829483e6	-1.1384608326564138e6	-1.0397400218324703e6	-1.112444064926557e6	-1.0403628942948584e6	-751366.3115472037	-1.0444189105496916e6	-949067.493008618	-1.0714378128930451e6	-1.0039622357850128e6	-990874.4577779602	-955910.5005920273	-948511.3076866553	-998762.4722790676	-872485.8602169624	-864358.1722308071	-861200.3772435172	-694805.6175835954	-791415.5247915147	-759559.996400252	-800163.2773795524	-801056.0141232	-778417.7329330693	-767751.3038888797	-813424.1079406796	-765372.9280252815	-734704.8515060903	-734313.0819617496	-671235.9203011342	-661997.4407250015	-684860.6135311229	-689651.3763511966	-593263.507537883	-748406.5179338017	-619440.6424686778	-549538.4287843606	-587261.3633687305	-496766.8305113698	-491212.5205762266	-445925.0018489059	-373327.1889473149	-279095.7998301476	-289263.8281229963	-492009.4566625809	-312646.3328285185	-341711.0797909131	-264031.3404473067	-360598.59419921186	-282631.8001724948	-159406.33880877873	-159702.219076247	-145107.89117877377	-79901.60165294778	-31297.649392112216	41323.93188517814	19171.69044694578	-21500.247604526172	68015.70776231069	144456.18237451272	164100.37306217098	234107.8353845076	233604.0148335946	186741.24288070708	239770.0431363354	325048.99974693585	352178.6830020104	360235.07015788875	450279.1458827401	446410.7020463165	448814.33414350584	535706.3970730458	541232.1937396764
279601.8193709581	279649.27180158644	279783.09482801385	279996.312337923	280272.12352521013	280621.6062390148	281008.70919644047	281696.96022538625	282105.3942134075	283026.2338074126	283246.33807272307	286106.29203366535	284621.69573935814	285267.7446558544	285370.47025580186	286910.211854789	285877.1073648445	285777.4628403262	287784.5300327449	285615.66976489505	287210.7730874999	285663.38359580137	286029.1794360589	283879.8649637693	282569.95118246716	278727.61925956234	278610.93768297584	275056.2134829829	271710.38301788014	267336.3568906124	261461.3858773255	255119.60900651832	247270.12957598997	237930.3639577541	226789.19648883637	213380.5207697603	196980.7242580331	176166.14316202648	146905.07837519696	114120.80849579151	88918.46441224724	65606.32441166451	43298.428222798335	21512.404234714573	143.91806121205445	-20846.346488129522	-41607.95175032248	-62362.16028792545	-83122.97161357728	-103389.32935874071	-124345.54140637864	-144458.66431955204	-165205.0458450854	-184583.64094601647	-205220.04531417516	-226906.6710633285	-247337.16577294678	-266249.2702928804	-285153.39371268277	-305035.54374212516	-326930.8971331959	-347092.6488407121	-363382.2854504821	-384587.5508371489	-395327.2825695504	-423217.95473679795	-445433.4141929146	-461512.63711414917	-481774.5034337062	-500261.38771144784	-515461.5465261031	-524616.286656307	-550990.1980380409	-574959.8188465191	-588539.4840384608	-610392.4658117942	-623190.8853964822	-641233.7741919528	-665451.996149291	-670586.8778769525	-695411.7441882605	-708448.8913641383	-723226.3930843156	-742413.9056600947	-764383.7301455871	-793643.8182109471	-774845.7118653355	-806725.8252933684	-815627.4342767182	-798977.5794325653	-846139.877022122	-903224.2463714792	-864020.777149292	-942476.4211318798	-886672.5055973644	-856924.9529491751	-903244.6740378526	-881736.8419781453	-976961.7779566229	-909724.3547350813	-976595.0248451435	-966646.842942006	-977579.3731685737	-959383.0655859481	-1.0341056526515107e6	-992359.4654663366	-1.0302599873773241e6	-1.0528142545406735e6	-999728.5167368618	-1.056876020610055e6	-877315.650540978	-1.1092250892656748e6	-994833.115508887	-1.0518945573168704e6	-1.0244241716575844e6	-1.1456973723578278e6	-1.0637920589317912e6	-1.0673473515767092e6	-1.0446051171463602e6	-1.0077271877930071e6	-1.0151636715752638e6	-1.0006759291516247e6	-994752.5834375182	-938833.524757378	-871730.8199583138	-786897.676037777	-911013.932477951	-903485.9159668845	-915203.4120620422	-1.1320910331113427e6	-1.102055502093358e6	-885246.3237246892	-1.1217155630346595e6	-1.0427137135607626e6	-1.027078352820457e6	-886302.3802124416	-905208.788396969	-1.0357044153641008e6	-975641.5870669307	-996853.5263441522	-906939.094641122	-852778.9380725927	-934308.2870662087	-1.0215800655654438e6	-951193.6427707877	-857137.8671330921	-731923.2832364433	-934533.1076615071	-895474.3274263046	-913986.7871192272	-775118.991053157	-817524.878313429	-797442.436744468	-717450.9961757506	-808933.0362759561	-840730.1024488548	-722493.9339761517	-794110.0325983681	-772862.3694496015	-685487.7353341249	-684022.0898742152	-445890.85508148285	-660462.1962968518	-478450.26150157914	-581788.6261063609	-539328.4627576312	-542901.5647504525	-472089.8824587572	-467351.4340440818	-362241.78052292025	-357317.1729012393	-336166.31805018947	-241206.66262884025	-432697.4118882041	-334007.26755034836	-372256.7370487359	-324522.3505968424	-262574.2536139787	-203414.84946775815	-221240.29930960113	-187016.6508529741	-114021.72211884573	-99821.09998549201	-252044.22986683814	-88547.93524654355	6980.684251555183	-33629.54949271778	64677.27165114967	67165.6065732133	59345.34744002012	168262.58729514055	209028.63136071333	161737.4049423425	368214.58055859193	362129.4520672657	312864.8247182308	375746.8621711353	450855.36980812385	461471.3386576543	810005.9629853745	479817.0562928295
286984.03194120026	287029.396357033	287120.9271122304	287375.5453326188	287638.13462583144	287890.3231645553	288497.79854483466	288838.70130341215	289329.21182605	289892.4775611037	290409.5349906704	291071.88557386043	291651.0510363615	292118.6504181878	293364.0517538775	293512.0218528116	293931.0483818126	292749.41202002	294254.5487799178	295402.78587933694	294803.0387270348	295572.45589309995	294480.5129650849	292327.6163185245	293183.6926959621	288833.1661154695	285564.3378426595	284446.9314179384	280265.9786363303	277477.6204181838	272060.9801128579	266178.3250105413	259137.07965659886	250883.6654674331	241087.42265763553	229446.39770766528	215483.25905959634	198473.33937851962	176953.74383333873	146807.5688225536	113072.96576929837	87182.56549850531	63253.00278667762	40363.30882153701	18118.621600636106	-3588.9739551250823	-25239.166129879828	-46448.135465004336	-67470.68276850315	-88554.18272080892	-108018.04963465733	-130243.39641788014	-150653.04708437252	-171095.8396270853	-192161.91390612	-211908.39037333842	-233356.28334269978	-254438.34318734272	-274040.3418996398	-294175.3603931755	-315792.1791396055	-333776.15798185574	-356183.395580099	-374172.0646350114	-385217.20418336545	-415750.2142537806	-431594.70414033363	-451564.9441133113	-467454.3488677525	-489225.74852846964	-507792.5693069207	-527764.1110076578	-547547.4850775525	-566020.768019072	-585342.5922214715	-594404.6305100162	-622473.7704342795	-643970.0955665011	-656607.0525881816	-675702.2992866694	-688538.8739498907	-698932.1727002796	-726654.120270686	-726585.0587509112	-762915.2674892438	-759906.3997174222	-778609.0416176375	-779868.4123828304	-807057.0935588407	-818141.053726692	-883114.8929471073	-847227.5819175418	-876564.6801959649	-840206.1345729381	-878449.7808610266	-928963.6407623002	-899531.668102636	-891916.2922124686	-966007.8809855091	-878260.431165932	-967424.7505919114	-972445.9449193836	-956704.692265783	-956111.4553882028	-973268.3608352686	-936471.6919421395	-988962.997642132	-1.0488879624861316e6	-1.0657333461916225e6	-1.0330604839358486e6	-1.0667927071438453e6	-1.0842126483786963e6	-1.0185250414263771e6	-1.0392256308959087e6	-1.0231964181029745e6	-1.0553750384350969e6	-1.066497829960965e6	-1.0686912297574866e6	-994789.9672425515	-1.0660432641513543e6	-993938.755670845	-1.0108668617401875e6	-898245.9708067968	-920699.7745978441	-918988.926542782	-856339.3694573503	-1.1076919967186144e6	-982189.6924258373	-1.1156777309607787e6	-1.3794450716593554e6	-1.096419554876709e6	-969036.7392810315	-1.0111400195609361e6	-1.0278906717566522e6	-1.202980249705228e6	-1.049834750269582e6	-972057.1578508806	-946189.9807729295	-1.0173550205062274e6	-961761.0665059204	-1.0124964435894615e6	-970489.9658463607	-925814.3386166701	-1.0055070623158845e6	-906933.5485097568	-1.0113178149482226e6	-901768.8521618419	-786519.7569934796	-1.0815047195811812e6	-970177.8709208895	-935391.7726532463	-926519.4843843253	-823257.7218016579	-879351.816422675	-850047.6941434585	-687619.6854357356	-735310.3053368297	-805401.9754721974	-718646.6493864676	-702016.5155966487	-511187.36176847905	-668105.0125965106	-635794.569905337	-680065.8702834114	-669381.463002501	-463172.48562305054	-385335.36304779217	-566943.4086641241	-503761.87149750773	-404800.6925877878	-449278.3294512132	-437061.77676459454	-312563.9338542424	-186577.4542210354	-234926.91951037064	-323695.6599139516	-310263.1914604172	-240509.37143812893	-282179.42510697484	-243843.44216659298	-216548.78450091887	-374870.35387569905	-90412.20230127365	-45148.38988085423	-6307.293153318169	-72740.63615669037	-18143.172609001922	62192.4882130124	209412.39169750357	115140.49429874629	141766.71641726088	125307.31261628628	212532.96337305935	225207.43542270124	242575.11415872903	306425.078216691	300296.14344092685	389756.48411324754	432695.5450114109	426589.9626823286	409749.40124593157
294597.66107306845	294643.92599352467	294761.85419940617	294954.58987457963	295153.8280316176	295517.64720243326	295988.7415234467	296173.7060766236	296871.87361637823	297416.846514651	298242.3822499676	298485.0835626467	299491.58000505675	299907.77906437824	300089.6330123686	300911.870928679	301152.91663349984	298737.45707811747	302366.7387253523	302551.09615075286	301320.84934290644	300193.646393939	301987.1580944446	301113.1944113955	298464.17231060815	297710.0098056343	297864.4624198834	292950.96546047105	291352.33114420256	289360.61683721835	282251.8022373723	276432.9106170478	270527.8074821579	263244.2406703347	254498.21612101508	244253.98397645942	232103.71861728316	217592.3697403546	199968.78831179818	177742.66956970672	146709.53881223197	112025.36065665609	85444.61532342486	60901.15904855204	37447.41654400196	14765.992042441561	-7512.35948121117	-29474.137158046564	-51249.584471576614	-73339.66407318425	-94056.34636867282	-115650.50589869809	-136430.81976265018	-158826.71768454037	-178258.52164317816	-198817.78496398855	-220605.9377675372	-241821.21600747787	-262063.18551316814	-282637.7674777658	-303317.4701382251	-323413.9688055484	-347130.9817403258	-363112.71276455204	-383753.43989682855	-403280.7658044425	-424265.6582445081	-443385.90208931145	-463405.19236679387	-481507.1372602087	-501079.2044949365	-521411.1424622431	-539869.1543653684	-555197.6449896506	-578806.1543929097	-595988.4366675538	-611530.9248566504	-639398.613059937	-645710.8946333257	-654804.9237579464	-700570.4564710511	-689543.3419834485	-710669.1269349996	-736148.0271341172	-750164.5256676162	-740691.08410891	-779438.2025607412	-797923.7349504335	-808900.5667445194	-816535.1007255176	-834332.1527400652	-833990.575117033	-897656.1432096467	-882527.8781158277	-909389.7657542531	-914200.3294305641	-907651.0269929008	-870618.8344707212	-935841.4708136653	-993151.2958086054	-942901.9217020299	-931244.9820084982	-914913.8671900544	-978604.8637409306	-1.0262434464941015e6	-965183.5264971014	-976902.2286567902	-968052.5584807671	-975225.434096883	-1.0457224190650778e6	-1.0975080443684992e6	-1.0323522962865669e6	-1.1238669439239805e6	-1.1484985794256774e6	-1.1434274945065097e6	-1.0449978429709508e6	-1.0854498615367638e6	-1.0939838935746278e6	-1.0784603698035975e6	-938464.7137362261	-1.0459236216458168e6	-994810.9507435316	-1.0884006261929867e6	-1.062467101210339e6	-866709.9568439934	-1.0069276567189661e6	-1.0464617444976717e6	-1.0297713524726124e6	-1.232934005245272e6	-1.0208848747314166e6	-1.2948474066844122e6	-1.0509462156428848e6	-1.1204835349731124e6	-1.1131055358229345e6	-1.191942631306863e6	-991788.4628390684	-1.0036321606366474e6	-1.0917662511185554e6	-1.0370709469014206e6	-1.0022871502160861e6	-888811.518627644	-957095.7535378505	-862903.739477162	-945405.1067095562	-906260.2510365073	-982958.2471127308	-819373.9989613115	-828974.3569441438	-731299.3827167759	-910244.5155762718	-804540.6977835952	-692809.8853490041	-918056.244909243	-864456.8167229895	-838313.0629017507	-784297.7601255381	-830950.9266656567	-708893.5362593825	-804970.958856618	-744985.1573992362	-713756.8841445148	-1.0143030919624283e6	-563931.7643846199	-694242.1509398301	-642777.2816940644	-737797.6096711587	-585925.2386251008	-553396.8916030605	-476738.96048179927	-568409.7099264534	-652188.4029394588	-367591.04696915025	-415338.43374097353	-311274.85395631107	-331397.01429655874	-139106.29487225978	-363413.1342286636	-341666.6288063061	-397402.03722703137	-279703.59688936226	-256360.31471613987	-200184.89325965295	-185101.43925491028	-220554.6674418124	-72467.92817852792	-85330.29456454242	-40235.31885767594	60130.754853661114	-12917.196414694714	67723.21107898554	54449.38516610622	77074.73024209676	156069.64560040034	191063.42576531082	209321.67815233994	255675.46207286738	297863.2910115434	367226.2151119713	373845.12795157585	461786.01633562095	463747.5042907218
302438.074631923	302475.7791375416	302591.6551135895	302650.3400346926	303057.0996830237	303338.1417630476	303697.0209725018	304192.0166727	304677.98836939427	305157.66124799364	305786.9752011029	305913.37917264266	308826.9465653773	306992.3435985484	307946.01519790554	308619.6683562812	309128.9063090637	308912.80419168185	310132.0887973309	310048.5073972428	310247.6326066893	308260.74372712366	308955.4059741352	307168.7585602911	305973.70902002306	305456.0571575268	305565.60518650594	301402.6893100633	304021.5016421203	295456.58907447156	291294.3843424301	287065.55181805644	281264.21882264287	274989.99209719006	267271.81170430064	258147.65965034533	247429.74370952864	234773.41240692657	219706.799042075	201466.70606409118	178532.90330594772	146610.98438555532	110977.95530511957	83706.55444796913	58546.7185770956	34530.34762330644	11244.93151339778	-11594.409850153665	-33992.3879305124	-55976.40293773968	-77575.7040382649	-99695.7965940579	-122087.7847897521	-142926.86769677696	-164767.65520302556	-185687.3777608784	-206784.71351956786	-229819.1979816227	-251018.14896840384	-270211.12550323934	-293507.5171215676	-314059.83406464534	-334273.5155554317	-355566.1278553999	-371900.43730573816	-394352.50477045536	-412468.1817607914	-434090.3155964855	-454667.77970803645	-475401.71035852534	-494639.1839368485	-512343.86789534736	-532342.304647153	-551067.5426028667	-569918.8620364128	-589468.0361039825	-598968.651045568	-634791.1030006986	-637907.7890356262	-664634.3695024361	-676927.3096767128	-695809.4408809235	-709075.2203033594	-727419.3245983038	-738930.9772073829	-747133.4270302721	-775461.6383518656	-816337.1789522092	-814548.5996920916	-873341.1421227192	-845317.6763299718	-867532.7143067433	-766747.0747321912	-1.0196206388920781e6	-863633.1876119529	-906257.217733515	-900961.4318257915	-921144.5742832164	-933344.6140805676	-934445.3512992891	-937533.6601832497	-1.0437803334461851e6	-1.0129944554462116e6	-1.0133340919779546e6	-1.0371188243636556e6	-950926.593320146	-1.0442915664316304e6	-1.0126885968917012e6	-1.0093638023220454e6	-1.0785874151563898e6	-1.0333804302184202e6	-909389.550806707	-1.1682323445307913e6	-1.131844174164363e6	-1.0539746078601147e6	-1.1289964918662508e6	-1.0688093767828776e6	-1.1360033977054842e6	-1.0306025094931237e6	-1.2530450865824788e6	-999661.5118240502	-1.0429273802548135e6	-1.0582573860662566e6	-1.127806132160836e6	-840026.0264284532	-872162.0865230039	-973687.0075858443	-1.0707956373719675e6	-1.111200971855032e6	-1.086659691940706e6	-925680.13256749	-1.0298069582671397e6	-1.0873895206644072e6	-1.1323349605578198e6	-1.0142151516465447e6	-961198.5845586197	-1.122587718796894e6	-1.211685482203059e6	-1.1266911282011338e6	-965868.4688258292	-1.033149860704239e6	-1.0480506751767914e6	-1.0481065626870871e6	-1.1548286042017601e6	-953989.9321438582	-1.0467080033470299e6	-860816.3824616135	-945689.008169014	-821488.0912852259	-723810.8226813162	-982161.2081958363	-862157.1396626979	-898473.8056682944	-885472.2747466243	-813949.6457405931	-858297.1530025948	-823631.6128299234	-741921.0328853305	-784532.3395094709	-698076.5254374226	-561783.3236344117	-509227.1867053961	-734012.2097579015	-692409.0501142158	-591657.404181846	-653865.8532218956	-592909.0574059798	-589314.5736350468	-594053.9523536079	-573309.3798352205	-558731.7695678351	-387768.53946432663	-398556.01836885145	-365151.3181151823	-329482.08354676474	-353039.3689505668	-387530.0133722034	-386388.90468447335	-412186.6592711928	-314781.26886338746	-264596.7441584343	-293253.0841595927	-193010.9138206542	-195242.78423321858	-127906.82388976502	-173361.406388328	-34264.87482590653	-100799.67375196429	-44374.209402261826	33384.41755995614	24099.21623347042	13758.368321611488	60105.660119157226	161435.2599920546	143508.88633631117	218863.24868838437	239051.0380983487	277816.4839847874	138196.659506489	384717.77775803715	404019.7489046766
310485.09032346966	310538.61764155497	310663.81324590597	310835.68182607	311101.6982879303	311386.43850360694	311753.93665430456	311872.9641883728	312707.4018020265	313095.5404634432	313734.59551175445	314093.1855755126	315689.54787977843	315304.5821320134	315007.4345116306	316739.9301384775	316314.83657062816	317158.0699484815	318268.78603730333	319227.46278061456	329334.45290582214	314668.9906930195	317840.343291887	315934.0679143379	319529.8199261872	314395.27875991166	313828.3175604913	311142.91573653126	308626.61436899105	308074.44274607045	300078.12027788145	297136.4520467214	292374.05537260865	286615.72945749614	279445.6357065285	271406.26324879605	261827.70998038043	250613.54674469662	237448.8831892846	221825.84379261098	202967.57906625676	179324.41767850122	146511.91153437382	109930.74613051192	81967.80747308483	56189.73949179094	31619.65546972223	7675.559247413592	-15624.009270667215	-38381.11544538621	-61078.5955648681	-83278.6074900557	-104788.78605612359	-127787.1247167534	-149257.7004995145	-171718.29643827974	-192824.5076220426	-215585.10891933393	-237809.8247091406	-258516.34871640764	-273878.5523169314	-299430.76968269295	-321194.6363710025	-342067.1812558856	-362731.18172137364	-385437.5665099725	-405377.9134948577	-422281.7131481527	-444015.60998011264	-466048.9076398791	-483829.1977083398	-507271.3244720839	-521844.7342309934	-545656.5053490573	-559107.7193871823	-582552.0640586591	-609002.984935028	-622442.4912754004	-634043.4625447129	-660531.8379699283	-661511.3090528441	-675364.530416222	-712822.4863368096	-717018.4595260238	-735545.0475668181	-732777.1325429613	-759263.3860607208	-766697.0817180977	-783895.9777099323	-818943.1697498092	-819480.3548480384	-806452.1131441325	-857592.6621531062	-890095.722325013	-1.0005776224474474e6	-863339.4073875928	-913424.5447377348	-847420.8318728846	-919044.9961271784	-949060.3061513291	-970194.6272343795	-968736.6994601265	-989412.7680360384	-972008.5533746246	-1.0272866333470568e6	-991657.6542875387	-1.0144765121958673e6	-999191.1635977386	-994502.1327818464	-1.1201169659032044e6	-1.0257927763083815e6	-1.0986244994082246e6	-1.1037401544117145e6	-1.0976015080915731e6	-1.1024049416949693e6	-1.101807001206603e6	-1.069047461234779e6	-988362.6435927541	-976607.4284686693	-1.0799210575753374e6	-877341.3087017823	-1.1768152672084682e6	-1.1167524744324442e6	-1.0382935882358481e6	-1.1606782178523154e6	-1.0432036384046674e6	-1.137445191624976e6	-1.0440657337281669e6	-1.11095937286117e6	-1.063650179761266e6	-1.0644913130487504e6	-1.0870985696369978e6	-1.0252404085681431e6	-1.1534818129265811e6	-1.05121793383303e6	-991932.2987047511	-1.1014881647923898e6	-1.1161829413399533e6	-1.1176568868516034e6	-1.0931245392302698e6	-991586.6304435381	-1.0161165412369638e6	-982333.7497798598	-1.119765315555294e6	-898318.5116008818	-956241.0380476634	-956227.0792491012	-900435.2542384989	-860909.6091813766	-737249.5895538733	-1.0105373840645701e6	-779410.2208146118	-793114.6161062189	-759768.8155663908	-851318.5012682714	-817639.6729811947	-813001.4724478943	-922841.1003525052	-831695.1633873158	-721870.8647337381	-783478.961107627	-781814.9888540255	-752294.0879794594	-765404.7284164412	-757110.9788529801	-586813.1115611666	-648003.4164246335	-485831.31471837877	-725055.2874894766	-546624.3464993178	-559339.1877385913	-449056.00095234026	-504140.4517747942	-490215.98837163864	-334041.8201935329	-382640.41743565357	-397076.57125778083	-271217.2059338871	-353902.0568997823	-345354.46575132996	-270448.1222561156	-239941.73155102791	-190397.42643283127	-225136.5064562583	-182996.5560651832	-152554.10101927078	-125485.0541702272	-70535.3966991399	-45449.954316638	27442.938233335444	-4158.260499422497	-63991.68819903961	44834.791294638475	139541.7857230673	161307.0131790237	230598.1796116805	295381.06970948953	200029.99406828074	164232.1392248631	448829.8338725599	468714.044631937
318837.9222568958	318872.50190842815	318935.97332164104	319170.0918710339	319908.49493847374	319592.36228454096	320243.9983977845	320315.358396079	320461.7918740283	321249.22380332975	321881.6528564833	322310.32328273053	322617.53162265924	323499.46600026387	323961.09257577395	324842.1836326683	323394.31442741933	326118.91852909286	325220.608508823	324386.11641004035	325049.02261756005	326828.2165839109	325705.9412905859	325412.0459908172	325917.1500992948	322399.6738872872	350425.7857897907	322261.3906056933	318062.64954619535	314338.8469215281	315372.8905126133	309684.9933062344	303230.3608910994	297548.50601516996	291378.24857222725	284037.8272798708	275472.20656438003	265468.6133872421	253808.2091174472	240121.08569223626	223942.70282706595	204470.07270215696	180117.1952783001	146412.31356903655	108883.72426108795	80229.41336631338	53837.50627448864	28674.594018437958	4424.937013028131	-19355.47392724821	-42509.62328447064	-65892.24049050457	-88764.91836036963	-110441.19438113456	-133791.08752489477	-156664.91475003937	-178419.2345421921	-201047.88133176588	-221071.48084701653	-243846.53535067165	-265753.8926238015	-287060.28958740947	-308570.8719760512	-329364.61847714405	-351264.86717278644	-372199.37453592155	-393019.47607029014	-412464.2133973011	-433800.13227823086	-453162.13613476703	-471419.98887864646	-491489.18446244055	-512712.73235943035	-534424.4160775179	-554228.3463376701	-568723.7626220987	-576448.7277999588	-611707.384205455	-622194.9895024155	-650728.3337400663	-672505.4064329646	-687842.8180849322	-704293.8753422026	-707049.6554937249	-724133.2698669904	-743137.1663367331	-766497.6224257804	-764639.5450406559	-803251.9849918087	-864202.022472881	-860123.0135848376	-803468.7053637048	-868420.603716847	-881494.4858706028	-899610.8630558881	-874658.218184832	-866814.5883024654	-960324.6490875813	-918764.9475162814	-1.0149947828874367e6	-949867.8319243386	-963810.2543498985	-996511.8619092612	-1.0689997483060504e6	-955371.2850028495	-1.0397612925820858e6	-1.0145288936839781e6	-1.0198740647712124e6	-1.0356883929883083e6	-988714.8971327359	-989265.7838029277	-1.0806474154412413e6	-1.1391597588987623e6	-1.0992530912472762e6	-1.0381669575050666e6	-1.0555951626472839e6	-1.1223025464047417e6	-1.0651126362264203e6	-1.0701298541632635e6	-1.0783193733229642e6	-1.1356939423776215e6	-1.173472093274015e6	-1.180255388563696e6	-1.053529518067491e6	-1.083800848783414e6	-1.132847490511464e6	-1.1271216522702554e6	-1.1729147899679842e6	-1.0226493851325824e6	-975349.048611785	-1.1402392268031226e6	-1.0524772192909159e6	-1.1385068050703576e6	-1.0572879558640127e6	-1.0588016424650976e6	-1.0142379775579481e6	-1.1110441751138903e6	-1.037796852174789e6	-1.188445116388037e6	-1.1368369009949355e6	-1.1649547282441873e6	-1.2105942470115747e6	-1.096967692629926e6	-997780.6076852963	-1.5498053024411004e6	-1.0400797304787908e6	-965193.3383285133	-954635.6185156484	-921236.8475400032	-973258.8852404626	-921169.0405741534	-861539.1856381188	-872500.8533904396	-735110.4665659431	-905538.5573366114	-939508.757362695	-878347.8006302407	-848850.1777126275	-804873.3932397561	-841984.1832215835	-786494.9655950691	-751766.4901138947	-800225.2719097496	-774333.3921566829	-793108.9680540457	-711899.637509123	-706599.5140617238	-640729.4093524045	-621748.0052582012	-427093.95713661524	-550553.0501301624	-623958.0828963709	-314505.79948140687	-501678.8053117148	-495197.4877079237	-397267.2870333242	-449983.3484587307	-446256.46768501686	-363407.771866859	-406778.7861524453	-430476.21603932657	-428086.65283506043	-306178.546127372	-208769.0174447876	-388222.6040074593	-71059.17044113675	-168982.34907263104	-94480.07900179602	-92325.10961355321	-64473.45180832973	-150955.8597918051	20474.530650178378	11037.805067459994	95949.43598953862	147857.03029197868	127279.26462902449	186386.87887917965	224510.50013614626	143367.78417297866	291969.77917417925	353523.0511167901
327384.7145540896	327424.4651680955	327528.1900844976	327730.5188942033	327901.82093786594	328212.42644674546	328427.19503442105	329055.0570464245	329304.628060267	329633.2227777491	330295.16966948885	329898.03979772824	331572.08532131347	331390.50343938253	332348.75162243453	332540.3199445913	332964.34334150277	333857.17132284207	333781.7145025792	334386.1785232743	334980.6885780959	333776.33870641445	333741.2804684796	339926.22697957867	333265.27027631045	340657.10621932795	326991.30321762466	330608.99656953	327085.5762897785	320215.25032048044	319777.3466926573	316234.27072288276	312966.9454228133	307971.12045475864	302334.1326219815	296483.78100900963	288591.0786493311	279577.05548360775	269147.9789354626	256998.51458592992	242810.54663819075	226071.7124981273	205975.29965891188	180911.2198920509	146312.1911096308	107836.89945642662	78486.1306445158	51476.20420789084	25799.144107175816	1052.7137192162336	-23271.388465953845	-47211.13412616364	-70624.60142330467	-93798.16650950367	-115616.46617133883	-139496.05142686432	-162380.59905230757	-185672.421000811	-206784.7515528376	-229321.09078351787	-254630.02469143778	-272266.9423604758	-287098.64610669506	-315696.932537706	-341670.24678054545	-361079.46910989075	-383564.3755814938	-403866.4054124507	-423882.39058858727	-442392.2516458262	-462265.8621498198	-485494.35588588694	-507992.5888809533	-527027.5108103391	-543036.1583120271	-568998.6910568082	-578508.9005670613	-595557.4753306911	-623312.6735960126	-610154.2549020522	-645205.8886846479	-682155.2908685571	-686795.9555742801	-696057.6381775013	-735398.5404100476	-708824.9961038451	-775268.9979217798	-789831.047538121	-820737.4706709562	-851474.3551073154	-780274.0032542562	-865383.777823658	-855672.6041957026	-926119.9595832422	-889020.3988021091	-893126.3912308353	-936976.6365959963	-938461.4662155099	-942551.495574533	-940928.1396283703	-992603.283663708	-958918.526706124	-974532.2418130641	-975575.2483143567	-962540.623177276	-1.0610231860557958e6	-1.0381385988942592e6	-1.0316052908513094e6	-996772.8514852512	-994054.8595786372	-1.0391277578163322e6	-1.1068229871891658e6	-1.1328982123696462e6	-1.0610600101709526e6	-1.0113613746341935e6	-1.1255272367246689e6	-940977.9284916478	-1.1222124089864176e6	-1.0830998868236346e6	-1.154101679479979e6	-1.0907481031239969e6	-1.2723525756268464e6	-1.0766343411784235e6	-1.163720487319483e6	-1.0635909185975478e6	-1.1869130444557297e6	-1.1762220362610808e6	-1.11116146748407e6	-801630.106702514	-1.1077798950984525e6	-989760.8848357068	-1.1903801786352056e6	-1.0723960676369711e6	-1.1510814650385687e6	-1.0715568718465168e6	-1.0098003781588902e6	-1.1502362780747483e6	-1.0433476708990734e6	-1.1817528619834778e6	-1.217849774916106e6	-1.0878051835798416e6	-1.1221176085212126e6	-1.03594630869406e6	-1.0625613686950174e6	-1.2132318075462761e6	-1.3168804774717127e6	-1.0564046573011733e6	-991269.3095811361	-858123.270499126	-924581.8410056534	-909081.0444583492	-1.0135892933846687e6	-848341.9209742744	-840634.0427320455	-861058.6333655557	-946684.2494108891	-818389.6907515833	-938241.9810849479	-714531.7455670722	-885614.9770521699	-834042.2930159443	-741440.5560417683	-813399.1372941672	-644426.9940819559	-905680.0793198254	-681024.3345154764	-671152.4805322941	-715574.3856314635	-594180.7588161575	-586589.1880221674	-1.473983939118492e6	-571589.0048101796	-497646.2772167535	-545454.974354526	-518976.6390776099	-487799.6230922682	-269883.9218626717	-437610.95829366805	-390014.91312689433	-493136.24438940367	-390276.0928114029	-330783.91832856234	-399563.960958534	-270719.9169640835	-228056.33072375233	-241188.10221306753	-298420.66860276886	-183964.6209130949	-160809.2705452685	-142220.33948633686	-33945.16368072998	-84946.73412886687	-52563.039752494136	34845.24141083512	10089.67351506179	79246.71857288334	-115479.97224162758	154467.39733781986	378453.15509973414	272052.6882968428	282516.1630866802
336173.20485508273	336229.57293944195	336303.3629952849	336490.0604443129	336674.3342593627	336925.41220904654	337247.22351609997	337663.74410814984	337704.3058545633	338387.5666241942	338839.2935014763	339612.21264226706	340226.6891987525	341602.153124604	340741.8176345779	340585.22974894237	341137.2273868011	341815.6274059549	343237.8284193022	345750.99332962086	344359.1225431071	344681.9623866288	342693.1958615438	342721.30340934376	340278.57579626905	339534.0096001961	339080.01525260735	338075.27419765113	336605.45348728995	331952.8894569385	329946.44904936635	328312.145879948	323922.69145868585	322030.4472460441	313330.2822661703	307317.29134846403	301131.22744918923	293149.7584825517	283729.3888974793	272827.3605370924	260203.6775906657	245473.1771600583	228206.00547577726	207482.835118189	181706.47877708322	146211.5531846251	106790.28731187666	76751.97401401127	49122.48235359584	22831.032255278784	-2530.2138822496636	-27285.478150548268	-51572.16494668601	-75707.17976274586	-99062.41339868211	-122098.40033440015	-145094.3936622135	-169204.01053298014	-191810.73363214085	-215412.6635297026	-237881.28592896918	-260458.50688072387	-276158.0120170478	-303633.6116411094	-324257.54154375824	-347879.8457631532	-369253.063408727	-388876.4404176116	-412724.8516451106	-432616.38870923227	-457489.2485455691	-473876.2049508773	-506289.60698596033	-519015.65994604974	-535843.142103582	-541810.0871055969	-583212.9116586181	-588778.7698590504	-601328.8436894501	-623102.7203938933	-665004.333753786	-660702.1528867215	-691356.5099733542	-719390.4476990858	-702123.356300696	-687051.390169081	-783210.494012438	-767985.6487327905	-808575.6338952282	-797374.2005203473	-888080.843299493	-873030.9493312268	-914596.5919906893	-852730.0777436283	-879656.373700042	-927225.7364924718	-901338.0871954623	-977692.501127803	-934532.1987767734	-911560.2688752983	-986362.1436658208	-968930.5387977362	-919492.3408290138	-842680.0221970517	-1.0038469677747614e6	-912385.8999606089	-1.0781820691793095e6	-1.0480265045058308e6	-1.0518667126329986e6	-1.0347743192620752e6	-1.1224471278639636e6	-983732.473671987	-1.050508889211264e6	-1.1048999224494288e6	-1.0021864081333105e6	-993146.1784036264	-1.0469058998583178e6	-1.1397977233664775e6	-984581.3361948207	-1.0159651925459963e6	-1.1549458204845688e6	-1.1040532299721905e6	-1.445770494408697e6	-1.047084502628326e6	-1.1014052272220831e6	-1.2100233776887902e6	-1.165040047831891e6	-890862.9942248918	-698610.6843728691	-1.143006740807028e6	-1.1030185529997703e6	-987927.409440642	-1.1963632616936425e6	-1.160962485604389e6	-1.169066104049538e6	-1.0589450642428424e6	-1.0932039774568165e6	-1.0848446832188275e6	-973162.3166112506	-1.227068964906245e6	-1.0277684628166829e6	-1.0293435787642025e6	-1.112538111399736e6	-1.0472592212233548e6	-1.0991838125711195e6	-1.1230122035137126e6	-1.0775197776695834e6	-922470.1292526941	-946923.2342537183	-999166.0068294462	-953849.3194832548	-790542.758937595	-878420.0299710187	-934906.0455287932	-864549.254154813	-805195.8593142892	-946576.6463107849	-831161.6553756548	-891830.9377497875	-892474.4503071771	-905392.1044076195	-836075.8710892827	-814208.7346453357	-897334.6715116361	-830614.413109716	-807150.7832406731	-796581.9541689348	-718769.739945258	-658249.9631755739	-715887.0717536169	-635057.3251548135	-413850.7150256746	-687832.3103337763	-516428.98339781264	-565256.92739016	-549371.6201122282	-568623.0986966905	-392953.50274602236	-428864.92441140773	-479862.556095359	-453071.90943544224	-351241.42867109185	-362823.03352752473	-351469.31197317044	-344609.96538993163	-365153.71228968917	-415910.8534036801	-215546.38528107392	-165649.24196493678	-170244.09091887955	-134937.79480661597	-65057.20476264047	-101012.89143628866	-30056.021435338596	36464.494108288025	138032.36029061716	75176.9091452802	160954.924287348	159101.53127860784	173881.07767227938	155065.334379713
345166.5264218908	345237.7492579152	345427.6710874743	345463.3183311358	345748.09950697515	345906.6175141478	346234.02504391706	346620.22499673354	347154.83492713026	347623.87875320297	347591.03052034305	348279.43970591034	349744.5927406568	349122.855754643	348013.7879072128	350173.889251337	347743.82452048716	354631.94201602525	350927.51971483504	351668.96230282343	351221.37724917027	351384.4265256996	355932.41754741065	351167.1700355303	351108.45734252007	338377.80169643153	349378.26080598234	347817.22258481436	347267.5737723201	345058.73117957864	342486.67439662624	336932.0030507899	340044.43727547716	330514.21391846915	326268.3228245187	319917.3902074053	312976.97673101857	305896.72555698303	297667.11983404116	287871.7071930977	276502.10763266025	263451.7340930229	248206.30366655957	230332.34173712332	208992.59282617457	182502.96456138708	146110.39147051302	105743.88034401566	75002.03710954683	46758.35159384867	19902.493962910667	-6163.163248051016	-31368.835842125467	-56018.974870074046	-80245.89319264263	-104278.39843765559	-128642.13005374465	-151455.92743716564	-174884.7895216525	-198599.27902501295	-221973.51752261847	-244424.20097200587	-268635.32145729207	-288101.1102967895	-310641.30769762065	-333893.5060957406	-356274.9844502147	-379934.1625403773	-400401.0535703641	-422012.60396906623	-440194.4704039723	-464139.4402519937	-484798.9307761895	-503437.98316410714	-534039.9112662934	-555503.0799828451	-552402.4506667876	-574949.2241748399	-605721.230880938	-620291.1712148462	-658085.5548260957	-651150.5094426754	-704587.710441771	-706585.3383430934	-730008.0346136086	-760783.7489646354	-806879.0712704938	-772545.798712207	-754222.7833176134	-788631.4073841798	-865616.8714681815	-846996.7499251543	-957657.0275004955	-864282.21632251	-880740.0616923291	-900552.9098920245	-939675.3535324959	-1.0157831595769883e6	-926987.6045701464	-859663.2212102222	-980837.1969386488	-963915.8433359258	-999060.9084532731	-1.0029300767557765e6	-965523.0955168998	-1.0277608687166735e6	-1.0166827594302979e6	-1.0172591733539454e6	-1.0590998889017147e6	-1.0735646513720164e6	-1.0526068607446589e6	-1.0552432466907173e6	-988102.0262317103	-1.1090867778207085e6	-1.0476741464384359e6	-1.0720213479845745e6	-1.126232080469652e6	-1.1524445954793082e6	-1.1110933749601766e6	-1.1079916048128912e6	-1.1827512510751016e6	-1.0851796222233698e6	-1.2675078038718253e6	-1.2035401226667962e6	-1.092965404046817e6	-1.1162070698054824e6	-1.143645535756945e6	-1.0745164425587365e6	-860649.4643196152	-1.0931192270018542e6	-1.2237870088026088e6	-1.2303117433363874e6	-1.3229984574860649e6	-1.0998225018711858e6	-1.0725345621859077e6	-1.2223231822277703e6	-1.1288345834172242e6	-1.1527380234446905e6	-1.1474230127026069e6	-1.1971613129109242e6	-1.1536997126407372e6	-1.168785319955825e6	-1.0737928357104622e6	-1.1752623555694157e6	-1.0660785874375126e6	-1.060871003943668e6	-1.005979190331751e6	-961356.7641667067	-1.016480713718653e6	-938823.3039316395	-991987.2255514723	-1.0178989184477767e6	-975588.532784672	-909857.5436606589	-947102.8958860887	-861440.0551756555	-780712.4536209162	-948938.2805613666	-896659.822027371	-951003.1189626965	-892102.5380657855	-825015.641381758	-867932.7368003377	-713115.3510417845	-682185.0190288979	-874331.8733997175	-863678.5936299267	-724860.6540267845	-733823.0514979023	-781245.3451567048	-646489.2951031239	-689699.3512889124	-637203.8786889506	-663174.7071580216	-421513.3615898118	-599585.7156442325	-498553.6743783644	-376781.89952139003	-501876.1092619808	-488174.6736602332	-446844.4647393064	-491224.2364292476	-389719.19199450413	-458329.32946672436	-311608.70387410844	-117384.36010992673	-343657.8045090293	-278631.5862735096	-227805.82995274576	-180159.47019108763	-63009.67661423428	-131893.73494340765	34598.96043434547	-88775.59429014014	-7011.839173963817	22499.97920252889	265896.6636696844	57390.44670465909	137945.80061304284	167395.14107524412	200477.7843362721
354472.20007911214	354500.100926334	354551.7369490966	354759.9149454516	354923.9099726709	355228.7078826909	353372.64523821155	355767.4070853573	356081.12882466236	356453.22781190416	356824.6449709414	357075.2933541766	358109.3377714047	358629.5440216985	357847.2741539107	358172.1288418634	361308.74746119883	360397.30746149324	360775.8163024328	360466.6625237784	359133.6994753376	360929.22031530924	363704.77094038686	360530.200071235	357888.86976389977	356947.4103676508	358073.07122524345	355532.3129179227	354137.974679426	357607.3882495551	349084.7001844809	333701.97533697076	319056.91418752016	342583.90118459397	335859.22047913965	332580.26613986096	325142.6988123116	318537.2115384393	311149.9926056219	302214.2670673444	292002.64593252854	280243.8541435514	266647.83645431994	250899.43872840982	232469.51272447727	210504.52513087593	183300.67031245097	146008.70221698016	104697.69453323819	73271.1747595506	44404.89560408	17048.005757915904	-9458.016795624688	-35143.11035240878	-60351.36021049754	-85046.4800916801	-109592.95672149345	-133854.08597631706	-157749.47016703401	-182897.10244365188	-202371.73837450572	-228656.78682497606	-250397.1953014152	-274523.4672040224	-299769.1035259475	-319903.416751694	-345061.3758058331	-364930.14731254574	-383129.5005136912	-408225.13698817254	-426547.2265706932	-448528.4485215234	-472179.9312209829	-498652.29441851215	-512776.15566914936	-544164.4814234828	-539057.9994657107	-594929.5140484672	-590671.7804819823	-616453.3592592089	-627638.2562402387	-677924.5580010798	-668800.8931632319	-702753.9608421426	-708451.7484277261	-677829.4304078408	-619728.7868807581	-774203.9183452139	-764361.0974065266	-815054.0943583597	-799948.3007072371	-814247.9033236117	-882213.6174217483	-822097.2294281018	-915731.4153856102	-887890.1083177701	-943349.0568227503	-959726.6299913244	-892619.3968853462	-957058.2902986889	-1.0209238352708328e6	-1.0091166836245018e6	-1.0245611891885432e6	-1.000227570167708e6	-982039.1424410462	-1.0100318356959338e6	-1.0209819003629624e6	-1.0201604356287871e6	-1.0412376742683135e6	-1.041588206235043e6	-1.1052725401532226e6	-1.0454322775840578e6	-1.0699965538494084e6	-1.060355456748068e6	-1.1509959103493686e6	-1.2699444214809681e6	-1.1652240844808049e6	-1.2163559156578132e6	-1.1360848226329577e6	-1.128752432258914e6	-1.231958847407626e6	-1.1602478273732387e6	-1.1075205335003186e6	-1.1623392682373093e6	-1.2702910091679972e6	-1.2010765615424656e6	-1.198037259388788e6	-1.2620854934493243e6	-1.1882530017121227e6	-1.0962423339972412e6	-1.3489850801450228e6	-1.249557132764163e6	-1.0866159551600064e6	-1.1882380174731351e6	-1.3484811166641042e6	-1.1863417575867223e6	-1.309222846360643e6	-1.1280385821613846e6	-1.1048623331122715e6	-1.1148344683137236e6	-1.1758524900340266e6	-1.2219721810923896e6	-1.0888284249114057e6	-1.1989428490417106e6	-901985.808966082	-1.2072378757757586e6	-1.1905788524474455e6	-1.0822360709892996e6	-1.0289362852920359e6	-856465.2316044592	-988119.8894543257	-923955.4342063654	-1.0708018712082966e6	-927339.8079938274	-915504.0906563597	-916493.2220999401	-922043.496080895	-953840.2781430664	-920394.2055770822	-818625.2618205266	-991013.8079703159	-894807.2242652008	-927469.3320901699	-913537.2875936176	-819624.0954238651	-847125.120789812	-731897.9291009149	-709075.991916528	-792357.6505332012	-679951.6038174042	-702514.0340275685	-607404.4267999213	-707287.2904862138	-577779.061035783	-605568.904791018	-453987.2919496657	-518116.4269199549	-606248.8288652031	-497762.66206050763	-551977.0355348643	-440275.41247850197	-365842.1523615928	-532909.6344214589	-431131.9540786227	-466663.44902842917	-281090.2660252755	-249905.87691704236	-337285.75205658056	-305062.7626892697	-267703.33512551716	-224793.5880057873	-153115.53529388976	-101856.68081397476	-191884.1318710433	-52879.285728248826	186931.01278886053	-13356.90396497777	91705.10636443499	24165.188986306952	104256.34157877316	136342.685335766
363979.40393755207	363988.7912886185	364085.0136582988	364336.9997760144	364390.7675958336	364629.1389381161	364930.5281860364	365255.1519930517	365501.54097934684	365713.2089982602	365983.71750187804	366052.91270699113	366643.7086708302	367698.95363282063	367967.287331622	366956.0888552844	366981.6727619309	368033.7703517806	368756.07954023895	369738.3835985728	371853.3466995969	379202.61107441544	369970.051593977	370097.09072225314	367603.84990055236	366538.2581046485	366559.866038199	364791.30956855003	364150.18692450674	367811.67729557026	359020.7666818074	358489.57126970927	320303.96817545703	351723.3297939623	348320.9674929755	342865.4687001899	340616.1158347789	331375.9347487569	324393.5120492075	316140.71051497146	306838.9754599143	296156.0484682321	283958.78919703583	269870.7773733427	253603.18073722132	234611.47577832354	212018.63790180773	184099.5938223658	145906.49231178372	103651.73044562485	71522.13144669001	42037.481958193996	14071.039907859173	-12804.67213501496	-39148.44881209219	-64769.164661056304	-90116.12382898011	-114658.80057278989	-139085.41134078783	-164417.39462720524	-176224.59625605837	-211726.58222295766	-236755.28279575784	-259534.34837578906	-283463.4103487958	-305414.86707540794	-326425.6966855162	-354428.4672952914	-374638.9479260657	-385975.6809349923	-411366.8092893769	-443750.0991031547	-458612.9644884444	-481835.60379557736	-506827.0838996793	-537675.8359719336	-536459.786711564	-570502.0769727076	-583488.2188535698	-603591.2929098124	-639693.6630554104	-650694.0494304944	-661635.4911334375	-662559.5384796273	-703350.592738549	-702392.0298245118	-734788.4841051819	-749690.5436526805	-790992.1427177973	-743009.4359095413	-825956.4488287899	-835340.7113534261	-857765.9346685251	-858220.3055066522	-869637.3853763889	-895855.613822504	-1.0129896228040848e6	-872975.7871899528	-923972.571960032	-960971.0812664039	-761700.3653120624	-973644.3867512648	-1.0359719405581194e6	-1.0222472129291473e6	-1.0263070312767513e6	-999120.1616303395	-1.0687910428594803e6	-1.0506335929767932e6	-1.0061665900612501e6	-1.0896117881091754e6	-1.0290568450089311e6	-972286.904267923	-1.0284907498322437e6	-1.0348741598741659e6	-1.0677018060301144e6	-1.1150333346654542e6	-1.1029465393074849e6	-1.1155841248879742e6	-1.080019487816264e6	-1.164548199109911e6	-1.0656823536218277e6	-1.3339003732805056e6	-1.1040006562925503e6	-1.2971895574022876e6	-1.077711251842948e6	-1.2919608990733377e6	-1.090953806426595e6	-1.2259831544203511e6	-1.0704589148245135e6	-1.152575094100901e6	-1.1683929681598134e6	-1.1483029736612139e6	-1.185099518929993e6	-1.0526745888847918e6	-1.1754455870110798e6	-1.215844959323592e6	-1.092681852882856e6	-1.4091426022772263e6	-1.2133058073830493e6	-1.1285215651885536e6	-1.272347186630664e6	-1.144639860971497e6	-1.1681712133373725e6	-1.2475142067272363e6	-1.106161319009181e6	-475076.2649080153	-1.1643399106237981e6	-1.0730601575563361e6	-1.1609795843756811e6	-1.0497432577918395e6	-1.0030855373748301e6	-956265.0477676762	-1.07886663564815e6	-937990.0412354078	-996100.3605379118	-937938.9236118081	-911962.43123043	-915024.6763809081	-837881.2101283246	-800252.3778769567	-922261.3399490088	-992131.3339591266	-926081.1577146761	-879342.2331239334	-901443.7593730972	-935777.3327644016	-909855.7735224131	-853173.5829502868	-776779.9815389724	-753159.2782266121	-752540.5334026488	-644198.9727028371	-594062.271083842	-486675.1724159513	-679721.4372910899	-569318.2355163982	-591483.176553952	-528384.2647539042	-562613.0935225282	-574213.3644460714	-518574.22201139486	-454380.65931897383	-422689.1408066168	-512613.8519342449	-385431.055750934	-433352.9240926593	-288649.429137114	-498382.6335867346	-251719.2613481158	-278713.39179435704	-254593.2474624301	-219723.86450739118	-178889.9564716607	70609.36606103875	26945.78855576174	-84429.76612121757	-21692.516294581874	3764.4128282279125	50604.67087583983	74159.80205112038	147984.55463927885
373723.8839354731	373762.35700536147	373822.71022539405	373957.3155179504	374075.9588458069	374393.18963415077	374620.5058547834	374537.94435224356	375090.52744758886	375910.3102987337	375602.22798897326	375279.55293276394	376501.2527302367	376952.846191672	377744.3221647329	377499.99087712815	380450.7359760239	376955.23751168477	379920.26821303455	380602.4494698041	375373.9059170435	376478.46287986333	380182.8333895023	382962.7665629298	376832.2984177813	376745.5108632849	384138.75443031295	373092.93631430564	371673.1011777854	372407.9479621504	368651.6326399129	367774.30096545204	365313.6771962726	361545.9724050798	365160.4187635377	355233.5700797123	349069.7596147305	343259.8678627214	337393.1006946691	329613.19906291744	321219.04701789556	311438.0804643954	300354.8387734448	287648.87911283557	273087.94551556173	256319.7137123776	236751.54751697503	213534.838601642	184899.73248567292	145803.7627287759	102605.98934774904	69779.10787652683	39681.504892950004	11066.664809585258	-16258.625865405658	-43112.65294691548	-69302.75489415508	-95277.09505828447	-120150.1411038092	-145652.51469812792	-169933.36766683072	-194654.21770886498	-216837.00068328585	-248245.88376910126	-264812.4364832142	-290051.49386547814	-314827.02260025544	-328649.2279730555	-358844.07199210813	-380345.22334604955	-364837.5925816846	-428543.5790259553	-459430.5792187638	-472384.0305362207	-499009.9249276428	-529947.1269799185	-533128.4763195	-565571.7419160819	-572496.9358581773	-591499.5678994327	-620394.0911715622	-610927.8660056873	-689212.9850294061	-706031.594227541	-662306.335417653	-704597.7660555928	-744653.2094511925	-817971.9584188154	-736781.7220765194	-780259.5913138895	-736249.0473888749	-819418.7728151791	-861023.2111378631	-866183.9461802789	-903804.1326219072	-896135.758641849	-897856.0661406128	-935014.2654465789	-860586.8880744246	-941606.9931290646	-1.0096897738089375e6	-1.0069857488451267e6	-1.0352948443909944e6	-1.096348214456002e6	-1.0188988835434357e6	-988680.5909395856	-1.0086422407110117e6	-1.0480752109955717e6	-1.0742744425391736e6	-1.1471161796465951e6	-988589.6284858673	-951617.4803372656	-947854.3831601201	-1.0369104526754643e6	-1.1294831199760174e6	-1.2498454614722903e6	-1.1966664068095228e6	-1.1754054153269683e6	-1.0850920692032194e6	-1.0479794467240623e6	-1.1663551947509625e6	-1.199658646985856e6	-1.228335020866084e6	-1.1171799818920973e6	-1.3147850499232328e6	-1.191127592085539e6	-1.2816188249051147e6	-1.127347247662491e6	-1.121876003902145e6	-1.26803723297079e6	-1.2604013884761247e6	-1.1362084171294747e6	-1.134575579390742e6	-1.0368446323713337e6	-1.157646258090735e6	-1.1614387707403298e6	-1.1823287783564776e6	-792622.2359322603	-1.2169750330556286e6	-1.171268055462658e6	-1.1681472863875427e6	-1.167841330216328e6	-1.1738826719112177e6	-1.1928022232438657e6	-1.1782320616482901e6	-1.0556181052641105e6	-1.0825511071896146e6	-1.1178238235971325e6	-1.0736445915735085e6	-987640.5314639106	-1.0839413982769954e6	-1.0315531394428171e6	-1.0278154544859717e6	-964849.2285619986	-988861.5526988169	-1.1229152927981091e6	-936024.4206533541	-963863.6777767714	-886166.9669784594	-907632.3947968113	-1.1009000054350654e6	-1.0066763117351849e6	-929754.9462777944	-932728.6587382292	-919215.5656822668	-837970.2413433352	-683234.0046067128	-898014.6890150236	-759864.5303655649	-815381.1606551164	-775097.1206964958	-749656.3949142876	-590958.7600417519	-768419.1247597272	-470111.2149191136	-677720.1416976168	-612204.0217222618	-546770.978293052	-464449.8146419321	-420430.3020267017	-503955.4347590721	-530626.9165151366	-519146.8074909007	-323206.6865257398	-455995.5613485827	-472828.5220127954	-409778.1624998367	-351510.17834284954	-584070.3557515992	-313631.5693689073	-310740.83194304496	-255275.9873111244	-136890.82984671608	-22934.827283075603	-153030.55988429353	-131630.4721604684	-118819.24468460405	61917.33340351138	-52182.67695638171	47171.73244541505	71856.64375542192
383713.2509398701	383726.03210249793	383791.645992595	383815.54845626216	384114.7227273239	384279.3934719901	384770.15627726464	384857.1754302833	385092.96069342276	385465.309527536	385737.28273277724	384426.48806430487	386814.97044341266	384462.30087018496	387304.7647819736	386594.24696601555	386635.87301044684	387806.1092154518	388489.900959075	390246.9076521595	385926.073693764	388452.11204902	390617.24536147487	387559.02479900245	387491.05876446416	385445.49595800444	376435.9595822756	385101.4806583033	386331.607319976	381913.9612107253	380867.7585434054	377877.2821663578	375698.03847015114	373145.4433544416	369599.78219579044	367884.62532663654	359285.80439697637	356087.47470107285	350335.8713559915	342598.7699770802	335091.842231518	326217.4926760606	316079.47110471857	304506.2370658779	291374.2610954713	276337.94216769474	259021.72204251162	238896.7829254599	215053.1699948777	185701.08621731063	145700.51285924856	101560.47152226605	68047.69274443603	37316.39301083918	8242.907918919227	-19813.709464015526	-47027.23400683372	-73759.07881386206	-99941.19690292684	-125556.63051429184	-150744.89801579373	-175952.20837368697	-200874.69640393637	-226232.17692407093	-250445.05582779262	-258070.13891330524	-296461.6599576781	-323614.7404988211	-327710.92580309085	-370078.3528877507	-395958.4603623262	-412694.12733801425	-441702.2294750025	-457609.6705901088	-484334.17468448554	-503909.595624032	-525542.2145301562	-547792.565974321	-487928.65372443653	-595741.495103329	-606722.3190901063	-626758.425591443	-662875.8179881487	-656100.1428482146	-724919.3062940503	-707339.8601380917	-733031.042251912	-730500.0559456996	-813858.6210573572	-743853.7589672294	-779974.5171401356	-865794.5829099205	-845083.048861169	-854451.6350727326	-901040.05374422	-866578.4942652921	-854907.0049791853	-923359.5044075078	-941690.5842283501	-959531.5162476816	-927543.789270482	-962833.5604141064	-970790.7520190505	-1.0161423373397687e6	-964806.1593155537	-1.0265146314267945e6	-1.1381748462287711e6	-1.0573596859297021e6	-1.0893421532978087e6	-1.0039469734621341e6	-994148.9065099866	-975947.3724226905	-1.0797438348637514e6	-1.0055741106615723e6	-1.056724331986091e6	-1.0901069388277517e6	-1.1059001036514756e6	-1.1786264787400006e6	-1.1200118757906123e6	-1.145770220238605e6	-1.171978582658295e6	-1.1050036640403047e6	-1.2192603073149044e6	-1.3563397950114086e6	-1.1172488980970122e6	-1.2980490045194246e6	-1.1036623908873484e6	-1.3684740858799259e6	-1.1347236507233463e6	-1.2419113387373793e6	-1.2127118437995585e6	-1.1222167319857313e6	-1.152917343281824e6	-1.2194812956858408e6	-1.1528558067777713e6	-1.20417162562689e6	-1.240378080349654e6	-1.2430518667010963e6	-1.1007893060092088e6	-1.2434714875535348e6	-1.2740537514641306e6	-1.0976497025948209e6	-1.1714107170509123e6	-1.1525600249949954e6	-1.1995501187167442e6	-1.2171145854231939e6	-1.158948887206057e6	-1.198885303713537e6	-1.1463879866600372e6	-974291.9615378189	-1.100332718757855e6	-1.13522483582186e6	-1.0704830218295194e6	-1.2368315381169468e6	-1.2175901103133722e6	-1.0212291213154134e6	-982842.2166351909	-1.0339031763885699e6	-922948.5458866064	-941943.4576185751	-903646.0152882836	-1.0030750698804732e6	-952139.5349830249	-902810.7884138545	-890432.1592375978	-909251.4818033276	-841916.6278315058	-821840.4800664086	-800833.27494188	-852841.2635467639	-773886.458691081	-802347.5077958205	-710947.2327102376	-780340.7585457833	-706634.5961946654	-702940.607402795	-689946.0488314223	-817706.4960591942	-618709.9841986345	-633467.2040495076	-611184.6830235454	-418830.5863652579	-577662.3400900285	-480245.90545879357	-476231.70724537276	-529414.1954351682	-459269.36988380697	-354415.1225111043	-245706.04867095273	-406035.6077822056	-264741.7796871709	-268583.8804280833	-248193.93556881096	-340340.98364899267	-199029.0523127225	-154192.5948815295	-150341.97769714106	-80580.5903596413	36377.492033893184	17876.016479411104	10.889953410660382
393869.4853269202	393972.5712857834	394054.8574227604	394109.48087050265	394865.962165061	394385.7010581601	394585.25342521595	394848.47946061887	395368.6536510509	396185.1624170364	395780.51463336096	396041.675980377	397865.1103229553	396886.0914484769	397241.6660136085	398480.58579760115	398960.1824564099	402760.33924119076	398878.14702176565	388035.5128776408	397316.81415724126	411938.7249515249	396154.58383396745	404059.29561388964	396933.9636449673	398046.18927329296	397278.4234390689	394303.1428803949	394058.00713854836	390857.61454162066	398030.46199925145	371745.61530634627	387011.4066446223	381453.8277079416	379794.0146421925	375740.0078908727	372952.83461940585	367767.9707841648	362511.40115914465	357190.63463651796	348625.861377275	340546.34819691355	331176.81045407656	320708.7589619995	308725.7527001306	295107.59302729584	279591.19693346595	261731.36513473158	241043.12190507213	216573.58987192338	186503.65760960645	145596.74650877388	100515.17357010418	66289.17389376293	34960.867075626855	5354.117995214881	-23422.273593578575	-50954.67162578038	-78036.60582580385	-104672.45909421585	-131081.3163090956	-156131.04101375228	-182474.3939662737	-207197.625582574	-230698.1429578768	-261432.17272737232	-281857.70550074143	-308244.4028845033	-337047.78402343864	-348134.7508837454	-379614.21906606486	-396846.9764018631	-421009.0140718713	-438835.15321024257	-470886.0690904624	-500251.87575053476	-507660.0338862396	-536994.7516553318	-583316.8882165928	-596143.9284185688	-596568.9222444589	-627361.4217648113	-641840.5424231479	-662538.7380908891	-687252.4261734986	-695568.978342684	-728772.674932302	-747186.1783636222	-763743.6166344488	-758990.2320632539	-779428.3441397417	-782931.713000034	-816127.9677607049	-863753.1986849704	-862464.0762458381	-881833.7852970485	-1.0013729172824032e6	-929168.7765071483	-922719.400421707	-956461.3560576686	-914352.799885645	-995147.3564671502	-1.0067949915452602e6	-998666.5503952033	-1.0509312063734184e6	-976542.0748768994	-1.0492770406836972e6	-1.0662619913325738e6	-1.0571889614909925e6	-1.0033532294419424e6	-1.0262902305980076e6	-942317.6008133402	-892157.5982760831	-1.1067487330623071e6	-1.141954509760476e6	-1.118266338479307e6	-1.1695823928216877e6	-1.144087424338591e6	-1.1350530270391647e6	-1.1564537771972416e6	-1.220786986464634e6	-1.1097896769848089e6	-1.2001092554423145e6	-1.2598064492724454e6	-1.140138998811915e6	-1.057339785424211e6	-1.3465289847646866e6	-1.2022657388093658e6	-1.3180540239789356e6	-1.1917849706971352e6	-1.2231319844446527e6	-1.2749792616781637e6	-1.2515895537684506e6	-1.1973461470306923e6	-1.172588837551921e6	-1.2182546258419747e6	-1.2768838200579532e6	-1.208931109265043e6	-1.1246530066341986e6	-1.149940366200793e6	-1.2701364476730945e6	-1.2807148358989882e6	-1.3302748194972796e6	-1.240487769116267e6	-1.1665775944431978e6	-1.2430225669862526e6	-1.1575188161342114e6	-1.175921579400328e6	-1.1910056893946808e6	-1.1451542947718385e6	-1.1702875246627e6	-1.0082998962960117e6	-1.00798952209946e6	-1.1224982004512013e6	-1.1274502032240562e6	-1.2872695649189525e6	-1.2700760896175294e6	-1.1001655407032848e6	-928952.5944307358	-1.0028496984220003e6	-821057.0613640482	-921207.0469655893	-1.0202442819485052e6	-994345.4859741516	-947079.2000105383	-936924.3586842574	-888821.9054279991	-845030.5388275806	-732239.7326348557	-805395.9113348399	-895880.4836058097	-786315.9457075023	-671814.6262157955	-697101.6236453857	-777969.4978552554	-578454.0701248827	-761355.7792921178	-675813.1046422422	-689744.5424369439	-661720.2590738945	-501326.27656478627	-512406.6868421911	-583163.3821000089	-567358.4857138004	-535394.3612473225	-472847.89850627404	-491945.28204493044	-481707.2512140978	-389360.3349225056	-331036.52144955477	-412910.53432846867	-306093.8268658659	-255716.68665228883	-287241.9124111059	-255061.1181645189	-207272.41503759014	-142545.56654840853	-131403.4728364554	-143948.2821270675	26593.98818184709	-38067.88934365433
404379.04768964695	404429.21311510546	404549.1394431949	404600.352397602	404804.1388981425	404884.73304884654	405187.7741998074	405683.76552504825	405282.7534001942	406027.4510463173	406655.637419321	406512.91249535984	407417.5948488855	402938.42451776745	406492.6579101644	408323.39812321	409216.020009078	410158.473865036	405357.24617932463	407045.8801004829	412071.0677889147	408902.5572776044	406887.24018851586	410136.3581378294	409703.11570488795	413876.13669924525	407601.9036563865	399771.7061687404	401094.6715533321	405847.54428394133	402111.40533190087	392574.5167700672	405810.1565313022	395337.3189254785	393208.7151299562	392214.16960705776	386675.23853077536	380904.2794225483	372073.8650001052	367884.8184028861	361691.01148137683	354536.041766955	345988.1527228057	336264.83444585156	325320.41658120806	312898.5633001752	298836.50985370425	282824.1700681048	264468.44212465023	243195.91796929046	218096.03768085683	187307.4496342457	145492.46020015108	99470.08483471401	64554.570137159666	32588.165706902335	2374.4457892571227	-26727.653731450555	-54934.690451620554	-82334.66079395107	-109441.15320437896	-136569.91778352912	-162060.70936079294	-189163.14591551007	-213725.10139744644	-238888.8523653695	-267253.1913273347	-288679.17872496526	-314787.4757505573	-338352.93167803274	-359926.24164858944	-361697.2544505315	-406258.76639259764	-420371.24740215443	-452940.4208713125	-484053.4596979742	-505774.4977627263	-490536.6941532088	-537203.6591144768	-555136.6276147251	-599630.9116349029	-615981.8631201892	-642656.0714801569	-662101.9032688609	-646023.6851008984	-573667.5206569335	-698374.1875273117	-732472.5940665423	-750796.9280322983	-798177.5917833142	-755961.2167936682	-742582.7828722061	-883742.2613529775	-824036.3219352216	-850804.874177291	-900732.7262065266	-901880.5351188935	-970602.035670657	-956979.750293077	-889147.1561114285	-939928.0585677163	-986857.8794103255	-1.1424791171193055e6	-962173.5059905364	-1.0439680011724818e6	-924147.9950862476	-1.0780969995543968e6	-1.0258687653194098e6	-944904.392645556	-1.0349635165667664e6	-1.0656745913253843e6	-1.0156774558169455e6	-1.044484341495466e6	-1.1081436795868785e6	-1.1107058539476206e6	-1.1721082575757962e6	-1.1925179299419478e6	-1.1593001739262212e6	-1.1417280775831249e6	-1.0599362327457722e6	-1.3234708429081617e6	-1.1365186013279054e6	-1.1399961803339198e6	-1.218980936639294e6	-1.1962276414814896e6	-1.1943952184896092e6	-1.2739642002636218e6	-1.18864324209523e6	-1.295283659752523e6	-1.3195046540269514e6	-1.233280495798093e6	-1.1496790155134194e6	-1.3443103108001603e6	-1.3616319172274233e6	-1.190520798665823e6	-1.2106810688664112e6	-1.2162529722732748e6	-1.2864856969565777e6	-1.2348440677654147e6	-1.222642357281059e6	-1.145715163394525e6	-1.272162771091361e6	-1.3544271156553945e6	-1.2703304532597086e6	-1.1606605559931146e6	-1.2668813960169407e6	-1.189169286748636e6	-755116.7315593599	-1.2377284969322085e6	-1.1064100811281437e6	-1.0828979666887107e6	-1.177835981452269e6	-972930.5871477977	-1.1966715765928698e6	-1.469350252721347e6	-1.2417644710820746e6	-1.1697899636549472e6	-1.0650378735879986e6	-1.0782027969193975e6	-1.0332999429732049e6	-919376.6582838027	-957270.1439859355	-958827.0457806259	-1.04114567199796e6	-1.0092555654515107e6	-936520.5129156474	-908923.4336733532	-996977.4442311418	-1.0679464883841956e6	-782762.9750585544	-806571.5751870519	-891986.6047448586	-822694.9511494499	-951246.5029419218	-810609.8603479457	-669309.6688320716	-780159.2069995417	-680273.0439870786	-691382.6014506053	-712892.4576356364	-697121.9822149919	-579259.927878587	-571633.3451051423	-559092.9544939669	-625851.0414201566	-609925.0166369034	-525003.3090990358	-568132.8849246698	-480531.2467300618	-332168.51779504406	-352803.58646022255	-429547.3016746459	-358366.8940280509	-277522.1662299764	-269520.73614463076	-237218.15303173807	-294904.02101929026	-218439.40590631828	-144193.7699796125	-50115.78765714454	197471.8355927923
415127.9052941992	415164.6105140675	415233.07278920297	415289.38956652017	415441.7019104582	415521.81528970343	415872.32948635804	416048.990023553	416226.17253009765	416806.4509594316	416809.5412662185	416417.57305123337	416503.8449912426	417702.55834512174	418580.6017482492	417750.57826715877	419755.2930509797	418221.8210249071	419618.34901472187	422063.3328007353	417811.7218295171	420482.8581271796	417953.7678621618	416975.41973379365	423228.7501492799	415708.2160211538	414483.7597730493	416833.5795299518	413070.3285686873	419529.30969305866	411207.5815984642	410019.389043566	404231.31209619367	412398.0187608945	402376.1261706893	400870.8466231962	395359.2805023969	389802.5505001688	386088.3749320013	383595.44851986814	375894.2156073351	368791.6532116177	360295.39893964754	351445.54400067247	342487.2777318506	329944.8174835371	317090.99707999435	302605.45317647135	286083.9476418382	267190.973499812	245350.00600847095	219620.539209022	188112.46671874681	145387.65633125382	98425.19852978457	62815.69245129294	30230.692927391734	-684.0290441121324	-30103.702373545006	-58859.72366630263	-86725.39194634365	-113934.65320248352	-142070.7929098603	-169145.83269175948	-194369.58260484037	-220005.1428452875	-244381.50305429637	-274067.7365637256	-295291.1009970675	-322025.93475486967	-347865.86872820137	-367765.18808283017	-389157.8753377125	-415612.84991525905	-436686.7830488019	-455706.3619461529	-498411.8303801426	-486286.1787472156	-530752.9208424496	-573121.4038956733	-563614.0977895213	-626140.4845113538	-630213.3681288443	-674165.9556161317	-638674.0129582332	-674849.9866136133	-705148.2030618456	-727987.264751625	-718018.1536213425	-763117.7331065172	-782943.5750631432	-793063.5278653074	-767732.111115729	-826931.7163834334	-851078.5848571581	-868101.4366086836	-875327.8125880638	-894210.6433679254	-965266.5910767717	-939595.033617982	-1.0433102094538978e6	-1.0161087907231371e6	-996617.7065676977	-1.0399361243540638e6	-982104.1490258041	-1.1107979637562113e6	-1.0132510704553002e6	-1.1163613454944713e6	-949291.2790088644	-957711.792605707	-997470.1002747214	-916992.4362405862	-1.1465254409542826e6	-1.049618188399201e6	-1.176995137098885e6	-1.3077801058929267e6	-1.201173836716361e6	-1.113531115918847e6	-1.179095480929928e6	-1.2609982073961599e6	-1.17366855111092e6	-1.1043065656668227e6	-1.1107061325295563e6	-1.1365737402039631e6	-1.2495369338776802e6	-1.1702865806089917e6	-1.221757025584389e6	-1.340274245257261e6	-1.28826962262739e6	-1.2868918414823567e6	-1.3405086360724655e6	-1.2131833885438927e6	-1.2513678115908927e6	-1.2205868056802868e6	-1.1856974906484298e6	-1.2971312481051404e6	-1.2285700160687836e6	-1.240400973374007e6	-1.2389219968716851e6	-1.184643408991359e6	-1.2399445667865528e6	-1.207161680654524e6	-1.2619078189415429e6	-1.2759195316524492e6	-1.3109968786256285e6	-1.3058752779422712e6	-1.0370798440019437e6	-827049.2300727512	-1.253647159423699e6	-1.131066310703604e6	-1.1034217268673913e6	-1.128017614614295e6	-977240.6231096664	-1.4270631639219495e6	-1.1480374231581737e6	-1.3744363283319487e6	-1.2127403682304928e6	-1.1256237346814093e6	-1.0876815812264853e6	-1.0204630617549994e6	-949815.1333948688	-991426.5107064857	-861896.4656457976	-1.0296139886538452e6	-1.1958877169784075e6	-941888.9329852357	-863770.8758900806	-950423.9104583142	-1.076878129167373e6	-919258.3167158118	-940264.3298061176	-1.0128311850972087e6	-761070.0118075255	-844369.4488421674	-790591.2182453517	-743120.5588465603	-639910.1071717958	-579883.1665537879	-739730.0839561513	-682381.503858035	-689413.1325197746	-826169.4015111462	-390274.97770399327	-575026.6806087443	-631646.6504074489	-568132.824069317	-542886.5758166877	-623147.3092760397	-525106.3686439595	-478221.85797153885	-288092.23682055954	-631284.303151187	-469090.25167961704	-117045.29931897769	-344313.7754335041	-305185.88664064655	-231809.38792403467	-282709.35237486573	-204422.86543088272	-217270.62031691853	-146656.3408697602
426098.1654787404	426133.89018112293	426154.3758192228	426329.3945798518	426446.582618016	426542.39444903354	426664.0993675589	426840.06706258695	426760.05803216185	427183.9838590668	427501.77567766927	429028.6906527435	428036.63952593395	428594.5182581454	431500.89719701605	432308.7046910481	432125.5643141842	430327.4543415728	429889.51098009694	449975.06580355996	426969.19599439116	435730.15435339033	428869.79557439656	427258.69926772005	426696.7553505863	430105.9836840974	428867.1890610437	431346.7890221401	422021.98538360145	419497.1518346829	424132.67895354546	420835.296953421	413332.921778079	416205.0740590776	412824.7379297031	403352.21100014815	408329.3435843748	403081.2111851655	396803.6595917154	385780.9996208273	388953.91237983387	379008.0746146944	374121.06561880495	366105.0443126999	356947.81460694066	346334.8304053154	334722.6512131566	321337.2719437211	306337.79934256425	289338.54305274854	269920.42287461885	247508.49355147989	221147.1510013626	188918.713901193	145282.342759146	97380.4985499052	61058.5493970362	27860.164328132116	-3544.0037442809553	-33554.42502813897	-62877.6278560998	-91135.10657657194	-119007.24502537207	-146043.41516223171	-173483.43050239907	-201221.3596937296	-226525.63044933294	-251410.8394863236	-279394.4418967255	-299579.374426912	-320596.6666419165	-353162.2966933894	-335961.70405805146	-396116.57496948494	-444859.26248599385	-465842.4175800704	-470191.02414329775	-494662.2576641243	-514670.23831264634	-543634.7128763038	-531141.3941213298	-563388.715614327	-621948.9949833031	-648802.4605719917	-695100.5070522684	-638806.9648194532	-689457.5146370335	-731239.0931311033	-761871.8472236632	-773506.5456517108	-794554.1608369967	-755949.1868459566	-828982.7126154699	-823433.1692532338	-866672.0186057577	-899115.8624345742	-916496.4844106811	-861502.8559036029	-931542.756392167	-997074.7743445127	-946148.993463713	-969413.0582243255	-779550.0182656988	-1.0340287971387871e6	-1.0481223209275177e6	-1.0464361958564636e6	-1.0392865839898405e6	-1.055399106726126e6	-997878.5111701565	-1.0192981310665375e6	-903160.431984364	-1.0145988120759239e6	-1.1023700814046091e6	-984098.4691893521	-1.132535350039885e6	-1.3573025582143613e6	-1.199782870330001e6	-1.0751784980901133e6	-1.1650713669465943e6	-1.1384152598798503e6	-1.0804632461678681e6	-1.1404881180879718e6	-1.2750045711461345e6	-1.1795474388056411e6	-1.268692484605282e6	-1.1763046092793853e6	-1.1195102877655555e6	-1.3318983760552462e6	-1.2570787558769875e6	-1.1534484247190547e6	-1.1228790920892023e6	-1.4216079918872837e6	-1.4912774440283608e6	-1.237907483776371e6	-1.1761168772797326e6	-1.2603184472639882e6	-1.093643211527823e6	-1.1984662706992915e6	-1.2467514780104584e6	-1.2813306832643584e6	-1.2266465238653754e6	-1.0554300880954582e6	-1.2230546287423004e6	-1.2843892567890238e6	-1.3594726111448503e6	-1.2766702125142072e6	-1.3301138840423333e6	-1.4922840080205672e6	-1.6674612518883867e6	-1.212044391168139e6	-1.161762580118181e6	-1.151307029266765e6	-968586.4433760736	-1.1340464404064491e6	-1.4233913278174568e6	-1.116792995974458e6	-1.247289995752079e6	-1.2356675909373194e6	-1.15985181957726e6	-1.0940784358725427e6	-1.0494141603444857e6	-1.080962447194984e6	-1.052224493666098e6	-915477.7050628334	-923552.9454213718	-995265.7332435355	-986659.1377153201	-999533.3491062217	-1.1487635237907e6	-891881.7941381123	-1.0049697430765482e6	-955536.7465025159	-990084.3325650308	-798141.554911789	-882007.4438963232	-823486.0840709377	-825668.3738482189	-684450.0380485938	-520811.1552446653	-677567.86355488	-702244.1808315422	-629886.2071776697	-678696.4726886544	-719554.9170268788	-623831.2422702475	-502425.9425920053	-556698.8602162069	-416419.43592527654	-563135.2532119141	-583090.0264673675	-375891.4326137156	-338224.4656343959	-425950.4198382055	-349557.5892720479	-350349.479143214	-362404.510648985	-363119.7348557441	-329381.04352747794	-189104.34177024435	-184513.01753820904	-137029.59412301012
437309.23016210634	437335.39260457305	437530.28813164204	437500.0947321685	437606.9277133219	438639.5293154716	437559.79111362743	438680.03017709457	438179.01490490633	438645.0766501241	439492.3737113979	437254.9366629449	439670.9527754433	438718.0598183303	439933.7170430359	440032.27670565055	440646.8411482501	439543.1194562934	440374.7715579446	441377.8060432261	438044.65157483524	441475.3631589572	439644.4467816718	448001.36982386623	439959.2495817006	441640.73499299237	438097.4400970126	435274.32791687927	435420.8059073573	436273.93537577766	431163.27536970953	434901.9760061396	431227.342933546	430956.2322044671	424616.86072406574	423694.38971933577	413872.05114551884	416140.7836818323	413121.88456063165	404749.2135954311	399494.22948103264	395085.5830598756	388387.0554299564	381855.9943437761	371621.85533175286	362480.83483744774	351473.4607455962	339274.75855534663	325542.35582939134	310110.1192733789	292607.061482781	272655.2697106998	249670.2521043467	222675.73381879478	189726.1976581422	145176.51410033065	96335.97630502103	59323.23694553482	25494.154033489118	-6387.946374023508	-37099.11358258006	-66781.22168339163	-95680.39744161084	-123911.8271192289	-151522.9395955148	-178094.83667929826	-201658.45199826988	-232595.8331999656	-257354.85697923612	-284990.8352541245	-308895.7875858603	-340852.55669280194	-360459.62117204774	-386529.64935112523	-422485.5341504092	-433203.4298693326	-466729.3908385123	-490623.7480467407	-494351.1352953553	-529559.2369690691	-549607.6196856995	-585483.7997748242	-603841.9378409476	-642334.8312719597	-659056.5776395078	-683995.5951837783	-665113.2387658702	-720139.0819367212	-710328.2826025314	-772821.9111663464	-741857.0702130916	-803228.3385163248	-800312.4742102765	-841496.3204883968	-822412.1103227709	-819511.6321424237	-924490.6625054327	-895453.8990171996	-876181.3608971781	-952103.6132325665	-957463.1780556678	-1.0259732706837123e6	-998525.1072464671	-917291.8239444382	-1.0250580816932775e6	-1.240666224993588e6	-1.1225101538520912e6	-854892.7771448123	-1.0835383991788994e6	-1.1082840072690872e6	-1.0901277526701372e6	-1.222771458806784e6	-1.063997321389275e6	-1.094020495956626e6	-1.0674010354175393e6	-1.167659243348358e6	-1.2028265434241896e6	-1.2143332416965587e6	-1.1555892516562133e6	-1.1590487207785144e6	-1.1552599943592586e6	-1.2493134348014244e6	-1.3366022488743116e6	-1.1041147819643286e6	-1.317572727937605e6	-1.3219237066817116e6	-1.285055216604207e6	-1.2821296444735199e6	-1.2465777786030183e6	-1.3415250824613282e6	-1.2564557750361327e6	-1.547956449785729e6	-1.4725338452295135e6	-1.3214527422635125e6	-1.1378140484773582e6	-1.2801714780612802e6	-1.238113388957154e6	-1.2032998465432038e6	-1.2902625834438275e6	-1.231566393521268e6	-1.2486252872939678e6	-1.1787643728196877e6	-1.2591374037693087e6	-1.2774196384100807e6	-1.2640044197777933e6	-1.339021117129908e6	-1.196502066132913e6	-1.3131278027086665e6	-1.744355383145559e6	-1.2586545792543385e6	-1.187736195239197e6	-1.1452384613845022e6	-1.0393084640991066e6	-1.1399631678830832e6	-1.2501709263876975e6	-1.261884607367066e6	-1.2021300923226904e6	-1.1875250913417141e6	-1.1599353680275378e6	-1.2312748362715773e6	-1.0253699036246645e6	-1.1194355947496768e6	-1.0783560792820754e6	-980104.0627538152	-948259.9878671118	-1.0043449704442348e6	-725956.4547607608	-1.1006825073893825e6	-1.123407993045364e6	-943978.5800437042	-1.0248012037497289e6	-901598.1573759029	-1.0533233573031726e6	-940665.9902078526	-843718.1500802017	-863551.949572863	-869857.9357261416	-845747.523320402	-657694.2876270646	-739257.695927179	-807549.8367807926	-574432.390467959	-651349.9947984614	-679671.447310077	-736021.1128233178	-614545.7318508802	-639329.3300522473	-658300.5959107163	-525992.3860817966	-581243.7625613627	-574071.2463454688	-518976.19942584826	-423793.8534085858	-562857.4184654537	-406859.3206098113	-389300.84062261746	-317476.370073746	-338430.46549568657	-289721.22088212386	-175192.38078495773	-215610.9842879214
448751.6267843865	448696.2289724604	448797.53672664287	448920.4604191326	450296.85407546087	451170.5847306478	450208.88712095545	450464.24661379406	450182.6899602395	450888.2241571843	450738.0560074562	449908.8865934519	450289.3642044692	450716.0907596602	450895.12591581215	449822.7022914431	455255.3028080411	451330.56094765157	453277.71659082995	449168.12743855815	454604.6271146264	451469.1256926096	449790.11461799906	452157.1273568434	450377.11356009485	448258.90522001876	450324.35017432476	447894.39668875176	466573.2142600082	443488.30623666005	445816.62160974735	442509.39344429504	438650.5618743752	440420.1430852319	431754.7615581485	435129.6295655163	431640.64663637656	430339.59658762504	426830.0835674251	417873.5608932531	408785.1069551538	409523.5346012767	403482.0217752087	396176.8330974275	386950.5963971491	378037.33736652083	367827.0041019619	356567.3982859435	343987.96963559516	329770.7373744376	313851.8342698354	295881.72785405896	275396.07193955634	251836.21937106078	224206.5770660531	190534.9230701264	145070.17481393635	95291.6038608859	57577.28270879458	23124.98231620883	-9307.721692080493	-40694.89089317646	-70668.68092946659	-100159.00696356068	-129456.17083841775	-156631.73804372712	-185403.9434082575	-212979.85127765796	-239129.2166044808	-224003.24399069854	-292328.94428799517	-328298.22660578036	-355939.68494366546	-368986.7140090187	-380990.9104007548	-426765.8302099469	-482124.4993649964	-461259.485264657	-489816.85193609475	-501089.83669491793	-533828.5503141556	-560793.7137413886	-546343.2238080127	-564213.0851362369	-629487.3938453153	-659339.2257739094	-690917.2826175313	-699097.5947182504	-598336.3913742828	-701301.8427506264	-804549.9627790228	-763531.0743107162	-764531.3060037524	-814490.1274774144	-842184.7279981312	-880562.0764584555	-881890.9425024248	-884105.3711688751	-947270.3313435765	-969191.9081151083	-956757.0111983428	-943132.1991126093	-992805.8932703009	-1.0059828531571296e6	-868437.7492822451	-1.0542634932020474e6	-1.146756386033351e6	-923846.1398383058	-918910.8185202351	-1.1309980543678151e6	-1.0940533307114178e6	-1.0625228117875666e6	-1.1323022680570274e6	-1.0930693300227881e6	-1.1429333536622697e6	-1.2016652707587383e6	-1.1554089182685406e6	-1.0690311052320017e6	-1.2140343422951356e6	-1.1270288895445121e6	-1.1551509328422737e6	-1.1796863069988259e6	-1.3329566369248019e6	-1.2778558483106636e6	-1.2678945866112148e6	-1.2448305025967748e6	-1.4192527032410218e6	-1.2139731788281552e6	-1.287575920164893e6	-1.1967972331265532e6	-1.4663421508822937e6	-1.355339761244295e6	-1.4443883882624262e6	-1.2903255169125558e6	-1.2989871926624246e6	-1.293196099758416e6	-1.1844698820130485e6	-1.230128972993356e6	-1.1616210579296597e6	-1.2550447887323448e6	-1.2015208016804925e6	-1.3322461218630702e6	-1.235368284847286e6	-650010.5571952537	-1.2702404793625511e6	-1.3532940272787511e6	-1.2448052074341727e6	-1.321413024872969e6	-1.3728223468127702e6	-1.5056383971725293e6	-1.2258104234524649e6	-1.204611677536826e6	-1.100886825667275e6	-1.2827857526291604e6	-1.1206149573003824e6	-1.3390430194244324e6	-1.3701901716488323e6	-1.2212901942584382e6	-1.2962697922022108e6	-1.135263697261119e6	-1.1317029973536239e6	-1.1759146160058754e6	-1.1112386837311594e6	-1.0265325716388549e6	-962635.8788970246	-1.0251438236865352e6	-944849.9315220283	-1.050098382137477e6	-996427.5638233889	-1.0258441908168364e6	-1.0208763005178729e6	-1.0486831625704211e6	-1.0349394965242476e6	-978689.1881689613	-874472.1416314205	-856260.4317628266	-855271.0203689169	-784384.6686023967	-720535.4297834467	-679629.4587209001	-796514.6394343921	-794978.8995733196	-778307.664127653	-783584.7351841391	-696225.6372959535	-681758.1233206769	-585963.5743411081	-634882.6451697256	-671863.7505017049	-610919.1577109047	-572528.4762355387	-523867.5267917235	-446872.74052199634	-441164.9907990192	-557692.048850656	-405951.16685298417	-396077.20480491925	-318413.3801699868	-321859.1127793012	-303637.1417948278	-194707.9215606717
460457.98435635463	460491.86792037735	460546.4272974035	460448.2772384601	460404.90446036	460733.60185789934	460839.81992371293	460702.8759173343	461215.2857277226	460548.2427307759	460927.2985566884	461667.7129967036	461597.44493800536	462785.54458810214	461342.47681735817	462380.6514661676	462619.8094166785	466037.9877689384	465674.99379584834	464755.58006198384	459295.5721264716	465166.0472269046	467750.5007303812	462730.40274490125	458814.27877834946	462919.51324887	467311.0805058361	458807.6363352322	456680.5932929704	464878.62518115045	453153.642036306	457196.6447761418	452963.5698794573	453287.5243341858	451751.1868662292	446362.19126697426	441134.863445951	441414.2774894436	438439.6141735015	441826.5453013719	434614.07061984256	422401.2515952622	418027.81660507555	408190.7812969677	400860.37263561186	393045.4611536732	383285.31270694133	373447.13032911095	361687.6447598636	348657.4245874679	334020.2791907187	317655.11273883644	299152.59009039565	278133.94739973533	254003.8184941999	225739.69507064146	191344.90133000637	144963.3268906895	94247.36992915493	55827.43752739712	20757.702063149598	-12311.182886628667	-44320.619971628825	-74490.9214969927	-104695.91979682998	-134257.59584852192	-163296.13236936668	-189976.05297298165	-215228.86938656354	-248006.5231553422	-273353.50014536217	-298894.4047943843	-328446.84028831584	-348401.36431163904	-385389.29402076156	-400857.92613945523	-434976.9103701525	-450092.6614760748	-493189.83540113043	-513181.54417751875	-526282.3566744702	-543408.7089064715	-568553.6790493049	-568664.5797529081	-619976.3794800141	-652087.941051848	-646714.1035450681	-683556.3794068159	-738437.2555692692	-727096.5463447692	-784598.0464218785	-770312.775503207	-752129.1805577818	-797529.3406114518	-863179.8399685433	-824610.5170213308	-889101.8693302651	-860022.4690441322	-884861.1543275306	-891234.7225810657	-924929.0009565775	-810111.6323377558	-926581.574554248	-915651.0394724959	-1.0406511051399019e6	-948111.7386413079	-1.0542823758374301e6	-1.038601328100771e6	-1.088714051697991e6	-1.0388165998729568e6	-1.0278421782501268e6	-1.1088060620882844e6	-1.1208684497524982e6	-1.1236651077275241e6	-1.0805836469279886e6	-1.1579985106681327e6	-1.2101826270962588e6	-1.1916342714615744e6	-1.1877883091785635e6	-1.2234423019573225e6	-1.2361079617783658e6	-1.2264967547647494e6	-1.264766616955937e6	-1.2613834547937997e6	-1.2945018158780453e6	-1.2304409297544176e6	-1.1773613531747644e6	-1.2857455869897602e6	-1.1795318583982224e6	-1.3629540417185696e6	-1.1519344735093773e6	-1.2412217562716564e6	-1.338540079535835e6	-1.4645302144439532e6	-1.2016926466846073e6	-1.2696391496334544e6	-1.1963774919090776e6	-1.3316253772284e6	-1.2773273196837413e6	-1.3021972100443612e6	-1.286330537091359e6	-1.2799914912420118e6	-1.2685934479087435e6	-1.2017131845439821e6	-1.3048975063960261e6	-1.3055407683083778e6	-1.363546506152755e6	-1.3760682759478972e6	-1.303865226820353e6	-1.269173495748565e6	-1.5815571939665524e6	-1.285378080679005e6	-1.2257965350194073e6	-1.2594624578547138e6	-1.1250798991332809e6	-1.1421434534196611e6	-1.4904951885532546e6	-1.397039940233963e6	-1.1839911843631738e6	-1.3304077270379397e6	-1.2255739421439022e6	-1.0864790378183846e6	-1.21835137058342e6	-1.1250128369586726e6	-999788.3731756608	-1.0496195254705045e6	-1.0162578513639888e6	-1.1657109724663505e6	-1.057477862871753e6	-998701.2577566304	-1.092356886080637e6	-1.0395978811612236e6	-1.0008737188118463e6	-986687.2188396736	-908367.8870699047	-909957.1063135769	-903531.174734049	-801902.0509778373	-867528.1471073586	-719081.984020859	-893505.7352432823	-856998.1078532231	-758837.7684812988	-816276.5804572203	-773478.4576298511	-730488.4670267589	-643846.8891487257	-671794.4014940704	-593659.1294491948	-541951.3818839118	-597198.8375458834	-560876.2226042803	-394380.92004247295	-466703.3162642946	-494736.81009008276	-580178.922707187	-432852.25298640045	-452256.15118399175	-360170.36530636257	-320959.6672045724	-306681.4344417123
472377.48745910765	472441.39725530887	472544.3486732228	472297.0882243411	472264.96995475393	472510.5258124561	472598.07887474	473094.7231056229	472795.1544087667	474022.96176581853	473100.7231393044	475405.8018161132	472329.2439093573	473924.5168161454	472720.60801473504	474727.9056368131	475610.66351520445	472411.6494010005	475404.0118932117	481418.3196515631	475689.1200286778	469844.5034990467	475754.97191443975	488396.4595435451	484033.09059514786	474411.16857064684	474220.15884627984	468991.7152458884	472802.7606359431	473312.27996132494	462424.3735576887	470223.2716204474	465720.39334590035	450918.768234938	456756.30663783074	486044.7980328147	452674.7184209546	456213.16521147074	451527.49820153	431455.59190274036	447633.9160317552	441013.80452175526	426705.5103112865	422272.18055470724	415774.75320535904	408005.0957184403	399874.8494169226	389764.2040874132	379178.6209299912	366740.0604377223	353298.1689345233	338266.62199309265	321439.30098334554	302420.40653919976	280870.4983132729	256183.0744814317	227274.49108512868	192156.1338740933	144855.973654587	93203.25152714137	54084.59416391578	18374.076304203772	-15368.758747947868	-47463.05931300216	-78852.76494181549	-109374.2852684044	-138425.00226435633	-170350.8549229367	-192624.22655497497	-223264.27395272854	-228277.70625570609	-280234.8243557147	-310853.9136245425	-328462.52993275423	-361618.43694291124	-393802.4063229161	-407750.34929798247	-420053.5256186326	-462903.3987162847	-484536.41011978296	-487929.8866493421	-527743.332313221	-527278.3326311335	-612232.0930023796	-616229.5849878364	-637106.0618686825	-674055.9467383062	-714472.8110176222	-716364.6255714155	-770496.1083688047	-731323.6602529706	-792571.6029904324	-770650.5015429221	-777541.169779181	-816316.0711897404	-857486.5921606345	-881343.9275217697	-913200.7317284537	-925665.6531372801	-924634.2571367028	-863648.5633513345	-945872.9181008637	-872881.1231941383	-906445.6717296222	-1.051749356913813e6	-947692.1133203551	-1.005727840248646e6	-1.0107961528965747e6	-1.0659184147514119e6	-1.0721290033881904e6	-1.059054446870429e6	-1.092568903789714e6	-1.1944401075660903e6	-1.1405983086403958e6	-1.1526177873928354e6	-1.0503204734773503e6	-1.1723321587403056e6	-1.2544744401119566e6	-1.4163906121738844e6	-1.1446792627583307e6	-1.155254343400942e6	-1.265202920077331e6	-1.131304625834212e6	-1.2207583713558663e6	-1.254893944995715e6	-1.1253820686554671e6	-1.1955661075456287e6	-1.3084941761271162e6	-1.2134477231489073e6	-1.4992589530489782e6	-1.362437394907308e6	-905323.3635878137	-1.2288703839303812e6	-1.324803148901979e6	-1.2782733908974484e6	-1.4254470020326155e6	-1.3026542622384727e6	-1.3001337214584455e6	-1.3698126683200067e6	-1.3414835547341823e6	-1.2836001161374568e6	-1.3333131606870978e6	-1.3741574853507709e6	-1.3013798925478365e6	-1.0807178186371482e6	-1.1401214107000618e6	-1.258481991212694e6	-1.2395909816554734e6	-1.2963111494891369e6	-1.3344993506670543e6	-1.2288678568061958e6	-1.5017311373924192e6	-1.311189506840556e6	-1.1887918883398476e6	-1.1544930917503005e6	-1.114213029946542e6	-1.19206950432641e6	-1.2795676483801699e6	-1.1039123590117367e6	-1.210031147568995e6	-1.2197062491302951e6	-1.1446211714486696e6	-1.3251514944668072e6	-1.1355183132434085e6	-1.1063131788656523e6	-1.0644596500789414e6	-1.1393773905782318e6	-999678.651108352	-987357.0748806195	-1.083065568936755e6	-939273.0274911919	-1.0013976629134302e6	-1.0317162799678433e6	-1.0778748887722567e6	-952134.4854046085	-955043.0932222849	-972439.6103283912	-895224.0552378413	-892669.4033735851	-863559.312130549	-757143.570948693	-714433.668122232	-856387.8653778592	-785941.0655940739	-825386.7011280684	-770067.8514549197	-724434.3585343058	-664412.6058806884	-668720.555145116	-668076.6476218859	-456339.706593453	-669094.4871968548	-669682.6275436231	-554196.4287020159	-522001.2530823006	-539948.2285232558	-530044.2557093827	-255635.82901614445	-433767.37167065084	-360532.934684543	-314969.5923474278
484591.569112417	484631.9459996378	484620.9729543474	489191.8133138576	484681.08706034254	484816.54975600244	484922.1612622665	484790.0993087993	485228.65065175865	485213.0516298316	485597.86585727864	485384.3444256484	485947.5225611057	487663.3455045693	485021.2569376926	484422.3505595256	481860.52510848554	486638.0320975836	491268.28592807817	487821.0581436798	481917.591496136	493550.87468782807	480879.7980245369	485601.20240094006	493694.1978279557	486764.47145260527	483645.9977778873	484140.0865628258	476498.5262291353	478957.5672377125	481951.59522123216	477292.89831279503	475651.1313777351	472255.64541784214	472514.14519504557	467911.3973171705	473185.7960699367	467167.9043575976	459491.8620819054	456315.9276540839	448442.38773290423	447746.1670277928	446801.65890730947	436392.00490608165	430958.2997631705	422353.463783069	416016.8785813783	405972.9708000626	395880.0095125619	384235.27750363527	371852.1387493489	358064.1159298354	342475.3485982605	325271.4820278857	305833.3536206389	283647.2946797734	258340.77873490384	228810.4036073847	192968.63560158643	144748.0956601379	92159.21795026743	52336.20375542372	16031.762124817003	-18306.597036251856	-51002.67300998964	-82423.05917938956	-113473.319808562	-144124.1756557924	-173143.31758862262	-200847.4207975436	-232012.73265205405	-259159.83220598457	-282434.5171058621	-314378.4708889101	-338616.0445877541	-366815.02768063894	-391708.81106776226	-411668.48961691844	-437399.033600434	-464505.524038088	-522869.0492859742	-528821.2209806587	-483281.81032510806	-586812.004911649	-602409.7402452761	-603185.5070692708	-617505.4052267524	-647874.1179346284	-707680.5741328183	-743171.1838087125	-693086.9800680405	-802369.3490428631	-828480.90577174	-774322.5039300018	-831363.1988801323	-808990.1731680206	-821546.9923417575	-908459.8971459051	-911311.8988533241	-890157.8435410655	-971319.7994335194	-1.0009599549484286e6	-921006.1023974954	-969888.8801297976	-1.0795971413063805e6	-991019.9649353363	-885415.8979654219	-1.0205277695861515e6	-1.072305840379956e6	-1.3019727242705966e6	-1.069416388398066e6	-1.1648286496411706e6	-888110.5050576769	-1.0393827298116845e6	-1.0682505144419307e6	-1.103582098422355e6	-1.0714924202267164e6	-1.6001618073881848e6	-1.2230354933401933e6	-1.2059636279561874e6	-1.1051133676354995e6	-1.2674191147536954e6	-1.2343421636833833e6	-1.313680944639952e6	-1.2181744210993764e6	-1.2836745398309473e6	-1.2996395373991786e6	-1.1892978422274184e6	-1.4490192046636024e6	-1.344823091179987e6	-1.2590041182520417e6	-1.116330726169236e6	-1.2847235443656733e6	-1.388254509325019e6	-1.3859367113101506e6	-1.2813856437634958e6	-1.3721960605401224e6	-1.3133613980783336e6	-1.3548116220435435e6	-1.3806895854354964e6	-1.3477363712545838e6	-1.3049198411383354e6	-1.3158548000391596e6	-1.3078344995075623e6	-1.3149772744198279e6	-1.4410974730930843e6	-1.2041798271772661e6	-1.349548766401167e6	-1.2907827727191478e6	-1.357132076862172e6	-1.2495480836888985e6	-1.2962530551302074e6	-1.3040964448652663e6	-1.1367060508125494e6	-1.2088814196779702e6	-1.1652343671938865e6	-1.167890445758015e6	-1.166522035206441e6	-1.1601138689031862e6	-1.3930250285423775e6	-1.211899571449749e6	-1.2689007822292326e6	-1.329892522987269e6	-1.273493428013592e6	-1.1591728566846675e6	-1.053795746960918e6	-1.0818946051011786e6	-1.143878913629509e6	-907775.1092291374	-1.0381231296671971e6	-1.203400431493639e6	-1.0911344184129406e6	-981359.6246910584	-1.0518175378696749e6	-1.0263573668564032e6	-982281.7752272759	-949655.1934490905	-1.0283596213158006e6	-970422.5040329073	-934221.2720844327	-786459.0560305603	-800237.4238213049	-689925.4348721756	-850341.0540743726	-794661.657279198	-774929.1809317665	-711864.740167107	-670386.4471658608	-633203.7255701008	-640795.0584575511	-667122.8073705509	-663190.6638859878	-700696.5842869407	-576461.6838923595	-572955.8114387444	-507186.91093469324	-634492.5636224691	-488371.76400159585	-389696.29916609876	-447243.3557137275	-360846.0435157796
496977.302214721	497016.6831586179	497080.63659218303	497034.12516255054	497853.84228584386	497422.36687407055	497354.3798986177	497430.47422928206	497410.88248690823	496672.7734831927	495754.33012346114	498194.2400839104	497023.03138822113	494489.1244348334	498131.20378251554	501495.8156417799	497789.1126091599	498248.3785528948	500146.54255840636	496897.64371626644	499772.06111654325	496511.5124442492	499471.07668480685	494809.84583434154	530413.4400936542	500798.36290021724	494702.08090799564	490896.0575473654	494287.20297179755	493663.0888248778	486244.6203828635	481680.83026528434	486512.3643326828	488769.97651296813	484012.149998639	484522.26356404356	494723.5714576343	474426.7268067141	474380.3448751723	471064.7819395653	466281.06786776305	463336.1829250341	457588.9007525853	446383.84171787236	443404.6907033909	437948.55850627203	429446.7113126847	422340.92689092545	412516.3328582662	402370.37270758214	389592.25629846175	376814.107008791	362704.1944549797	346833.86400535423	327529.93724032753	309130.2260920981	286407.17321020307	260525.44631709484	230351.01236977632	193782.409928041	144639.734923783	91115.25483942084	50588.63036465709	13667.166631069267	-21085.503741054446	-54555.838559753436	-86853.21020000594	-118583.90551146347	-147703.35361498123	-178580.65046926733	-206440.651030144	-236011.02209703223	-257465.3275176526	-296004.93843906507	-347013.63482773805	-326674.79340010876	-375539.3881354814	-393479.4125754354	-416322.2798185123	-448736.976441128	-483980.0536879262	-510154.5804335734	-545254.6474750694	-513921.11966486805	-613230.9130404231	-603177.4258444665	-635489.117738283	-660307.4405282328	-667242.9166047885	-729485.208069097	-751550.7716102868	-682253.7515127254	-761913.0965921937	-745566.5385344706	-788969.3642368529	-790501.3635907641	-867257.2699820432	-833734.1289202361	-999832.6920006094	-832991.0965417996	-736033.0384017827	-868125.6489208518	-956628.9784131383	-1.0642204113527348e6	-1.084451463833226e6	-965200.1900124159	-881401.9562539202	-1.0203273536145943e6	-1.0601457196698156e6	-1.0566161081524615e6	-1.3135456539981354e6	-1.101999606022801e6	-1.1510493238299172e6	-1.384353939472095e6	-1.1884530017324716e6	-1.1279021587199299e6	-1.2103367912777062e6	-1.1156229423733954e6	-1.1794166123710999e6	-1.1806347511186115e6	-1.1455773606193205e6	-1.3387798161624253e6	-1.31576582786754e6	-1.2047881519451444e6	-1.3666238460578842e6	-1.2917685375096176e6	-1.2517078928830498e6	-925953.5564722931	-1.3813136485340886e6	-1.3919520621872116e6	-1.4302023368116834e6	-1.2541061608093514e6	-1.3599727759671612e6	-1.347336950582449e6	-1.6154220485963197e6	-1.3362831361384084e6	-1.2924901106338813e6	-1.2951734643602674e6	-1.4227014181608446e6	-1.0101800160539886e6	-1.4390962635128617e6	-1.2907579206783099e6	-1.3702885072037335e6	-1.301020086000362e6	-1.3088841260187463e6	-1.4791879995304106e6	-1.4203138886852826e6	-1.3121913555506417e6	-1.2782062026698561e6	-1.3656921686211107e6	-942504.3121108818	-1.2293515679376482e6	-1.5486717864262639e6	-1.2239656189492997e6	-1.2723179639303284e6	-1.18146565448816e6	-1.1639787753575102e6	-1.155848291974549e6	-1.1204174211263722e6	-1.2860789441668054e6	-1.27786565541681e6	-1.2874159746007791e6	-1.3771879810026952e6	-1.365587002345345e6	-1.2026254342718576e6	-1.211970220082969e6	-1.1445609862480022e6	-1.1340276132884733e6	-985785.7762470089	-1.0706960764493856e6	-1.0476041647378849e6	-1.1964149421351135e6	-1.0574847897200563e6	-1.0665911888632192e6	-1.0814825620328085e6	-1.1406238120241084e6	-956438.790506965	-999986.0487637571	-1.0261898342481104e6	-906047.7690045564	-858857.7547341855	-789496.5370109198	-731451.0387364286	-874423.1373484517	-876826.4469584082	-831726.7652900969	-805454.0795238093	-773001.2064828281	-707661.5745798461	-763150.4949998339	-668193.6662034844	-725053.1391959055	-699085.9433181086	-703667.0916025722	-545135.0839422727	-633820.8919005911	-370413.3337793034	-698230.49655393	-450049.5395623935	-405925.8809654746	-453395.91228867095
509714.9700425932	509683.38207197806	510147.6971326531	509959.841254046	509838.9696844878	509834.32868631306	509679.2780992406	510244.9828309064	510415.6487304185	510063.14503566804	507996.9480240963	507954.429776765	509566.42221999157	506910.95646786015	513749.32115267153	509656.73079365195	508163.75914224493	509683.20015633764	508047.9155268957	511968.33533935144	508316.1487280784	509086.7244854265	512108.51076089713	559324.4844835084	500598.5584278977	516512.7570225893	512812.0226259594	511755.6040264115	503958.1928627697	504335.47013465076	502732.81656121224	494766.26979178254	521089.803052309	498185.74584736564	488004.8859564747	495868.37589280546	500315.15962626453	489575.83979841636	484313.5296203545	492734.6957770368	479235.26891854266	470746.4032249685	471011.2548350449	465618.5702028095	454600.4756977016	452495.66632087535	445048.0135032598	438008.49990362686	428522.27169750485	418990.0043867194	411184.29514402215	395179.29802828975	382086.2557444079	367271.5015719529	351095.74359331786	332886.671343378	312297.7335920894	289143.53259205626	262700.13682567986	231891.57144249644	194597.46828555776	144530.87485073635	90071.32740627078	48840.189953028224	11244.021226901037	-24021.93087939464	-57851.96038480953	-90426.37540094371	-122193.70142387593	-151661.63700513996	-180272.67434975697	-213098.49242042977	-236766.27999457967	-271102.8729044023	-290276.09423038067	-343615.492658609	-367303.28243344516	-430450.75122342847	-417250.99960261915	-389651.45307207276	-448661.5671194599	-501049.71612306644	-513482.33431268187	-540808.0536804418	-550620.467613772	-598849.9028238994	-630866.7431378227	-608382.5457297934	-660549.3384326794	-686533.4661807432	-667758.2526124795	-795968.2459165838	-723976.9233446401	-792388.3147098965	-839198.4420364746	-807972.609637633	-835668.1015747094	-868207.9668886394	-792145.1134593044	-758395.5728999006	-915658.7609460854	-935966.1925374779	-981446.4107499158	-1.0483155938828262e6	-1.099154359946797e6	-973865.0717243592	-1.0100084711640934e6	-1.0488968182879393e6	-1.0180385383971713e6	-1.0641211990370397e6	-1.1655243618070357e6	-1.1512462328920376e6	-1.1544730044495063e6	-1.1798481213715614e6	-1.1495937469060894e6	-1.1312826193440012e6	-1.1274696234813519e6	-1.1319339334519885e6	-1.2365045256456356e6	-1.1946344689621e6	-1.4460277975334944e6	-1.2241795828759617e6	-1.373406892088766e6	-1.2465056694893884e6	-1.2089689956251672e6	-1.3055276001824532e6	-1.2607527425298998e6	-1.2973477359437777e6	-1.4755888022317293e6	-1.395489409579776e6	-1.2508016005241899e6	-1.2720419918890274e6	-1.3298597336050447e6	-1.3529307706993069e6	-1.3355828542021196e6	-1.311714827434828e6	-1.3469515454620146e6	-1.2831199002027814e6	-1.4172360461889186e6	-1.3929169404398552e6	-1.3504194478561857e6	-1.3493184619251713e6	-1.5477077201405545e6	-1.3388842501483515e6	-1.389400245968644e6	-1.3703230938945347e6	-1.3609511356336607e6	-1.4865337686816256e6	-1.384148798672922e6	-1.364270154979447e6	-1.375691930460844e6	-1.3603435645236643e6	-1.3644961656092748e6	-1.6112083949994938e6	-1.2874261759473798e6	-1.2678654600743176e6	-1.1351686441837084e6	-1.2321511948591138e6	-1.1032318130785536e6	-1.192536849000443e6	-1.3264531456691213e6	-1.3014134791314292e6	-1.095112488701841e6	-1.373983449311164e6	-1.2327963775794564e6	-1.2456653452440654e6	-1.0938669705382294e6	-1.1476064746296734e6	-1.1641588572456606e6	-1.0652805520572173e6	-1.05149544390112e6	-1.0499168601319494e6	-1.086025913806145e6	-1.117208112905321e6	-995657.0601847197	-1.0229937812118153e6	-1.0864487848443638e6	-1.0526262411160253e6	-1.0078007065647296e6	-958798.2445946969	-949961.9663808765	-918389.9950562706	-916663.0330857611	-799001.0889887181	-950303.1642290354	-885356.7916987017	-718643.0525786788	-842954.6273912038	-909948.2682234594	-794728.5496206647	-683722.2041242891	-745820.1123784981	-707582.3949364424	-723902.6274970532	-584205.4511408112	-448687.97610027116	-618533.4716240442	-556487.1464901259	-614637.4334320151	-465208.24723807356	-446757.40885538846
522593.85443877574	522639.04309897893	522693.3484450592	522721.8349287186	522482.7480744377	522928.5645309013	522529.41830233653	522840.31783935265	522956.4083769989	522508.5893762967	522675.89598305355	521983.6196484565	522999.227173223	518027.6479915583	522923.713703468	524143.72871278325	521928.34028776456	522468.69624727283	522383.54697629117	524526.5120356313	520050.1738524095	527141.8148464619	520233.81967781467	519710.89817459753	520100.75741240435	523957.7074689769	521160.72065796505	524767.0654938901	519535.5007168366	519460.4342229753	523393.00276720995	516006.65506557183	512842.5118222426	520224.7138998991	506283.51024309633	503621.52878212626	510798.8586781823	501984.5961070888	499742.66911581135	496380.81231737655	495211.2322784563	498010.9858986539	477670.2694238028	477829.9454075183	472883.8277069148	461893.87275946495	458950.6013513752	452092.6743079054	444335.0874808962	435095.52618448396	424909.01229825505	413408.4053365755	400621.98065092677	387676.56520471285	371713.57780665526	355335.3416998338	336656.4128177035	314823.33864322986	291787.44841035747	264863.5861558654	233435.84397819033	195413.79607103445	144421.51374690142	89027.41251514404	47088.27023913147	8854.591488682432	-26929.367897244578	-61322.02698491508	-94525.86948827936	-123485.4952832057	-157322.81306097243	-191454.76685008168	-221773.06874318764	-244009.55797315168	-264309.4932257876	-303913.746336857	-335157.0388518871	-345951.80888621643	-409713.2149455131	-429643.06335776387	-452998.20053604787	-478270.3093852676	-551436.0620088472	-501723.4616560962	-547423.2674140402	-575050.602664606	-627414.4822269296	-638330.4983016248	-648530.501135451	-651514.156437147	-712688.6482618528	-742478.651925991	-793520.4513902699	-745272.6848672617	-754690.1510368467	-803921.2444610188	-767084.0832770362	-809754.8967580346	-744647.364959046	-785924.5708262883	-926969.7909845086	-872159.1873856292	-963432.4214800533	-968289.611088414	-1.0613699776647235e6	-942151.8262654385	-983582.4952376946	-1.061447269020134e6	-1.0571811954505418e6	-1.0908600128685914e6	-1.030776804023948e6	-1.1157997453627482e6	-1.3123205958053116e6	-1.1345991356915864e6	-1.1563138549045757e6	-1.2007767627513078e6	-1.2620682447602055e6	-1.1534329392749793e6	-1.267250752104671e6	-1.1370929147218606e6	-1.3389337988976655e6	-1.3805485147888935e6	-1.3756353201495663e6	-1.2882214338749603e6	-1.208357008782275e6	-1.2832026905532558e6	-1.2998732490072874e6	-1.2384659302231958e6	-1.3943986176495322e6	-1.325282230948831e6	-1.1889804014891067e6	-1.3770869835359328e6	-1.3575202701096875e6	-1.7756757013130889e6	-1.494945826162824e6	-1.394142039315446e6	-1.3184972986082046e6	-1.3861962259457076e6	-1.3196821199477506e6	-1.4659510896626746e6	-1.4253132934133871e6	-1.2197281893574034e6	-1.390651008589909e6	-1.3589317552786325e6	-1.4035616130619028e6	-1.3633296851652898e6	-1.4056949742256e6	-1.3652352108491776e6	-1.4383723304765248e6	-1.356624835235487e6	-1.3683691851549144e6	-1.389244887806569e6	-1.4003897293002997e6	-1.3190683068991995e6	-1.4075591910715885e6	-1.326614172302302e6	-1.218535735359385e6	-1.2699560009523411e6	-1.205782616520538e6	-1.265001933418172e6	-1.3543218609038442e6	-1.293694711452824e6	-1.225354244857612e6	-1.2776695648554955e6	-1.2351920452216333e6	-1.2982727141649756e6	-1.2601252144072424e6	-1.2181673598464832e6	-1.1478534480230582e6	-1.0620344807845585e6	-1.1341599396561605e6	-1.0763547029701953e6	-1.0451659723684895e6	-1.1720171965166903e6	-1.0786575175099852e6	-1.0894555847448017e6	-1.1810018092057519e6	-1.1441461398083784e6	-1.0121432498092686e6	-1.0825273365727419e6	-961029.4543753145	-948283.3350936901	-860478.6907553109	-855343.2267462928	-751565.7410134482	-918302.1533384384	-756466.9728227616	-875299.1894019302	-912626.7961934246	-888615.662713402	-830930.9682652047	-755104.280756237	-773234.1756662424	-743380.4544044486	-732655.2829286107	-585740.6181507898	-620544.6005207729	-670680.0117748287	-443042.24564197665	-587217.1040471676	-457028.60389653087
535810.3048576482	535844.9123987518	535880.8280575384	535830.56241021	535849.447035226	535685.5843295709	536056.6723294111	536059.9572208077	536861.5716887272	535719.5453264306	536636.246523442	536149.6422623359	537778.6180753557	530819.6325155909	535784.9796053532	538583.6841485398	536421.948391159	535843.1013410981	532907.0199521203	536165.6230578315	533569.782681253	533692.5909119132	534353.6050278991	530878.0120729075	541127.305824647	536019.3861538954	531993.4754759457	536965.04304864	529344.2013306604	521246.23219819274	533173.0471389559	535776.8717186446	529052.8278818934	526331.4002545178	526326.102448425	515374.58589479694	512705.20471077954	517238.8467660917	519104.4633479388	510591.0181159656	504469.62529763853	503076.0783845347	500034.15312725474	483838.74543958524	489735.8516333991	480400.9226204784	473266.7392187897	465435.4167940154	461000.0704944976	450782.6323996465	441274.4234833584	431426.9831744954	419802.14294620306	406639.9227879323	393017.4592352508	377088.820866561	359708.4472197531	340549.4830840077	318695.2718968269	294674.6463668383	267059.50358158053	234998.37274561555	196231.44328843954	144311.65618238272	87983.48052214005	45338.99777917605	6548.324474529305	-29997.426850872347	-65112.92390225711	-97729.61159711861	-131588.021713052	-162437.13186651428	-193491.48571098916	-225319.31525631738	-249106.05914856546	-289557.7890407377	-306116.5268224212	-344552.6328608864	-329540.8773140039	-395116.3099774626	-429660.2022576386	-446618.87682042347	-465302.0116793401	-506536.1516361145	-539538.1101176736	-520609.70476029353	-602925.3505705127	-664442.701858002	-634667.995493331	-640395.3841470075	-663246.7619108572	-804181.1973495274	-714108.1292335375	-761595.0405435085	-750847.8388734905	-768080.4093932556	-801290.7363458893	-782444.1556561489	-775543.4341989383	-735242.918876512	-920954.7425899906	-901816.1438282151	-956583.0970815162	-932438.9042338068	-1.0206341909472137e6	-1.033639659808913e6	-1.032392030269312e6	-986345.7287894075	-1.0147035364310737e6	-1.0636317117037224e6	-1.0133083280977348e6	-1.119654207540844e6	-1.1894793977556447e6	-1.3205291520106713e6	-1.1335188734774762e6	-1.2620595187477956e6	-1.3102071162729198e6	-1.0545126379305853e6	-1.1716505507482558e6	-1.2115713537823395e6	-1.0792985782475541e6	-1.103238574818556e6	-1.2925250903010478e6	-1.230389689210767e6	-1.294255953184352e6	-1.256097030528772e6	-1.252676299650817e6	-1.3303825269493496e6	-1.300127586648927e6	-1.1429130906582065e6	-1.394352929108287e6	-1.4047045274363165e6	-1.2871139459514897e6	-1.3920033762175278e6	-1.330836752403137e6	-1.3944210937745736e6	-1.4497265562815752e6	-1.4249313180342503e6	-1.3303789775748148e6	-1.317188099118393e6	-1.4747525155951278e6	-1.3486477307064857e6	-1.2757629703919776e6	-1.3891159827374038e6	-1.3666186643261877e6	-1.2739126950086325e6	-1.4245733770035813e6	-1.441583041424211e6	-1.37366490640152e6	-1.3646879683543043e6	-1.3519097921791826e6	-1.4783687224240252e6	-1.3676387880834313e6	-1.3914733611553041e6	-1.0863723417826933e6	-1.4597696698777257e6	-1.3020067831215821e6	-1.289084593320582e6	-1.330006257069689e6	-1.332077231200557e6	-1.3000262305925537e6	-1.316513781712268e6	-1.2786899682018657e6	-1.2656349423853704e6	-1.1178303773942527e6	-1.4215885068475022e6	-1.412805335708677e6	-1.2444695854606694e6	-1.1049840367015784e6	-1.1699035262437793e6	-1.115135570553512e6	-1.1599394977728124e6	-1.1292859639042155e6	-1.0249265929700965e6	-1.1714979824121138e6	-1.1423980362774928e6	-1.1370415353809062e6	-1.1317018926278078e6	-1.0624251799200096e6	-1.0468715970753399e6	-987531.6727109835	-1.0242454413566245e6	-856537.7527837977	-899440.1671665967	-829045.6490094713	-690771.9270430105	-883588.618907629	-873056.7724111476	-837299.6183433048	-927165.04175075	-796453.3012720142	-796384.5130972685	-893353.1326308222	-819255.3420195254	-737840.0988714439	-674043.5614939025	-616861.427077346	-616260.0416133497	-599798.1676164847	-645599.9216242088	-715542.6069454444
549162.6665364646	549385.1832612329	549229.3705622538	549860.5313993229	549100.5701444895	549638.5280450012	549445.5871710608	549613.9080249468	549407.988693533	549938.134840417	548846.830906627	549399.9888582411	549250.2689116502	549780.3446805531	547281.31330876	547757.7730845532	551904.1334719727	542325.9300306896	544663.2210816115	550444.4492071513	550972.8671390894	546764.9206259376	549062.6501315585	551141.9153245905	541804.4724687468	545376.8855128924	540790.9481710473	550500.9590591879	538383.5331479141	541629.8881040013	551190.0430922902	535804.6292200971	537838.436384862	532814.3766015347	537207.5745929528	534903.7833759192	535183.9721095145	521422.105810993	516876.9747997257	521136.76680321776	512781.5049124387	505977.27099315205	506970.9838288724	513639.72670761374	498312.6499095007	506659.3838385618	486741.28863334545	481870.6703004392	473049.250872273	467193.7695609682	457296.1404914222	447005.8615535639	434642.4596154058	425356.9367446107	411623.75908420794	397878.0196385373	380922.1430033601	364583.9847674423	344063.5446922763	322124.0391901109	297411.43132873933	269288.51340092724	236525.07617150206	197050.380153673	144201.31564227806	86939.50056144275	43589.663581708504	4150.558908509498	-33138.71996603586	-68260.0099155528	-101882.25134517206	-137042.12067464407	-169055.8669396529	-201057.8956071905	-221187.61097224505	-269467.84866199194	-292543.2540762582	-337040.74998476973	-354171.63259166066	-362599.32795723254	-399928.6165983446	-436015.04726992716	-462201.32209140674	-484392.78081121	-514318.73810094356	-607175.7939105134	-547647.3867610057	-593990.5494426996	-637329.0913116441	-645965.7495936416	-607961.0412945745	-705223.7983499761	-756851.7528262029	-720950.0349800705	-734352.6149561761	-784034.0162125207	-729277.4535052369	-762339.3095957693	-715119.0190487902	-864442.2386179517	-912223.9648125581	-763856.8913563499	-935325.9154068807	-1.0213572143613377e6	-1.0083314746939801e6	-1.0068784532647056e6	-933460.202215422	-1.0367212801495339e6	-991193.5690800452	-1.1303116721491385e6	-1.123926156494257e6	-833142.5901629333	-1.1771046841946922e6	-1.2096467173805472e6	-1.1568548007815874e6	-1.2882274700077442e6	-1.1322105908475926e6	-1.0700214304903226e6	-1.1019315602621543e6	-1.2026224556924102e6	-1.334698708950016e6	-1.2559296014037027e6	-1.2516355033610011e6	-1.3437964580261884e6	-1.3651766996675786e6	-1.3644694534177685e6	-1.2556569133498643e6	-1.437885856357836e6	-1.2494969898556354e6	-992528.5032330647	-1.2716499832590627e6	-1.4317876987033344e6	-1.0893967191089634e6	-1.4497511719204304e6	-1.2866604278542837e6	-1.4440043032750166e6	-1.3609917896075835e6	-1.363832654872682e6	-1.328436737824908e6	-1.4751969896971239e6	-1.266167244493754e6	-1.4623775089703377e6	-1.3913409203130165e6	-1.4828647421112438e6	-1.3267725033222255e6	-1.3651017954887433e6	-1.397605172397886e6	-1.5022011300395494e6	-1.3086649567656303e6	-1.4184287104136646e6	-1.3883133587753158e6	-1.4002051240222831e6	-1.475063571843484e6	-1.419130372398406e6	-1.0080651134498131e6	-1.1424441356536406e6	-1.4159117318324056e6	-1.3669611246734743e6	-1.3468969366829188e6	-1.3435618388566906e6	-1.355417567553592e6	-1.3130003331976687e6	-1.3602870793639072e6	-1.3431536747580578e6	-1.2618196198201324e6	-1.2397088590132138e6	-1.0332212726713673e6	-1.2330630249922278e6	-1.2621390615640916e6	-1.2179982525827428e6	-1.5269730092312428e6	-1.153529954116242e6	-1.2656400813833785e6	-1.112742151121975e6	-1.2081098431782948e6	-1.1255775326628254e6	-1.1768033366144542e6	-1.1387918212825893e6	-1.0866180167040133e6	-1.0994226092337528e6	-1.0697310404999442e6	-1.0919730023206838e6	-1.045215701445983e6	-991920.1065114597	-793245.3091075453	-842472.588214111	-928011.2888812791	-959745.7172500635	-900067.396064763	-955497.3887872873	-876085.199130273	-795767.2990885559	-905915.8097295407	-803491.349229631	-775459.1676837201	-794642.3699957705	-590549.270447121	-691141.2275856864	-650494.0654857242	-654664.2637081528	-651919.3451931938
562871.734460139	562936.0982335585	562930.9605575837	562923.1026018325	563034.1894675811	563014.3435322399	563006.8681189518	562829.3390331863	562868.8863564134	562504.5556294213	560808.2550266281	573211.3029865926	567578.4861593221	561898.411757908	563212.1660648574	558671.4258156756	561882.2643288444	560699.9041025955	562496.1123055583	559569.0778858967	562491.0918298161	558542.415640302	556782.2641722728	562384.7870202581	560598.342412753	559531.0766524053	559916.2107930651	562421.2717115614	557396.7769293543	555655.1772753041	555113.3154592512	573445.1163296186	549598.3413988014	548698.3728529906	548419.7025832871	554717.0813548353	540440.1512340955	546105.703829596	538340.3268305915	531985.0266485659	533779.9271180991	536126.7826743171	509279.7870305166	513474.2903349183	516155.89145421307	505030.89733458945	499434.0682618949	496297.3378939071	493054.77362115885	483653.4441177749	474038.10171610134	464553.6066621998	456030.0293256514	444664.55450884096	433463.1220489614	417559.2922687614	402390.1559065532	383824.2353498614	358465.4921197439	347980.0580683663	325796.2583444383	299922.3441070109	271443.78121943533	238067.19781596411	197870.64113377064	144090.47669486195	85895.44766766834	41836.9817236918	1704.1660299124196	-36411.445902233594	-71830.15573150973	-105709.90898093529	-140152.71252438932	-174069.94228239887	-205211.64442823204	-237183.074010848	-278925.45839503367	-305140.76441273117	-332814.0994041588	-344227.2012594806	-382202.57161130995	-419906.3435601355	-458026.83604554326	-460421.92594581534	-488920.129281628	-527037.7745477324	-551852.7486643123	-591792.7088849768	-630398.9930911085	-629689.814773249	-669124.0158923299	-685696.65149393	-647496.4110858047	-744435.1765124265	-786387.9040253104	-776621.1125885763	-834236.4671210111	-728870.0808201374	-775280.384117743	-845810.854776327	-1.0003853253289948e6	-845040.6694311823	-822994.5133464595	-1.0649746573290597e6	-910199.3245398419	-983899.3767642383	-1.0772757495935848e6	-1.0631560851544996e6	-1.039161697493575e6	-1.0626078693182748e6	-1.067372714247425e6	-1.0251981235849764e6	-1.1229351154478595e6	-1.1709342739929443e6	-1.2137812753335012e6	-1.3710560440850742e6	-1.2191712476461227e6	-1.1636202737091405e6	-1.1765142293811308e6	-1.1556778868924822e6	-1.219297759111456e6	-1.2436592347903752e6	-1.3294856416363372e6	-1.3317306718414472e6	-1.4221836260776662e6	-1.36729402104283e6	-1.2716622543387653e6	-1.273242221364363e6	-1.2779036110559048e6	-945449.9697716418	-1.3725868317199722e6	-1.3577543543419396e6	-1.3037459015858877e6	-1.4185290651163221e6	-1.3108524213790353e6	-1.6091202347131325e6	-1.3332316778285727e6	-1.386317796201807e6	-1.382049370758045e6	-1.4751748561372487e6	-1.358161636830449e6	-1.4879506278116114e6	-1.4824715320370905e6	-1.4287914685054203e6	-1.4725221458271819e6	-1.4388686256788033e6	-1.3708325622136167e6	-1.4336273810959482e6	-1.32134319352159e6	-1.4786392071674673e6	-1.4261104221434759e6	-1.179755774304495e6	-1.348846605816793e6	-1.4027569382224502e6	-1.37897418476732e6	-1.4795798946408895e6	-1.3608847108708043e6	-1.495520014973409e6	-1.3729724260991463e6	-1.401029748795789e6	-1.34364613786128e6	-1.204350042814906e6	-1.368795288073643e6	-1.3787459047631875e6	-1.2729572564900715e6	-1.233270735147312e6	-1.3452490411893434e6	-1.4166869951935692e6	-1.3367510724706317e6	-1.2559551554070245e6	-1.2278639658207833e6	-1.2366749260494653e6	-1.2224413940536934e6	-1.2176564336989308e6	-1.2815340382832154e6	-1.2640529690725198e6	-1.161866829593061e6	-1.0578676529505935e6	-1.1546151869342749e6	-1.1372521336088474e6	-1.1084465423028576e6	-1.1395337231988588e6	-1.0306270443026039e6	-1.0422875593107771e6	-967513.3752066307	-847965.6763127972	-796220.8267967156	-995004.0931532402	-949373.9759079781	-890258.3539054659	-921775.1253902558	-1.0297369024256249e6	-884370.2722010091	-851684.7668005796	-782286.8366919565	-794291.0365061937	-661961.6330332332	-826722.5625499431	-716650.2944385908	-702687.7073770734	-667018.3215909684
576760.9779566595	576780.4377571763	576811.1376894212	576675.4970305386	576661.251659451	576494.2483233998	576250.0492300689	576815.9657206258	577027.8004495825	576702.3013746969	575635.5817827994	576145.6878724189	575423.9821873326	570388.1161595767	577794.7394696893	576300.7282296757	576648.7130567599	585740.4943532612	582892.918431828	576592.1878629246	573270.6121693341	573830.0230667819	576980.735051173	568969.2148738815	582166.0803602027	573291.3573363719	577041.4311677595	567175.5485984704	568692.6187660627	561132.66826708	571003.7295702677	569583.7290265406	563635.8016265957	568994.3368564423	566393.2993882848	557988.0350288339	561908.8426821439	547044.231395652	552556.7407137959	544958.6409917132	539827.1005445058	535427.1525865821	543040.040813518	521783.19051141466	529045.4034311287	528046.1400377636	515774.73370644735	516272.9621902883	501487.5941725743	498082.53760192014	491976.81975367566	482613.1155111251	472086.45383542095	462883.9741203605	450807.11097880366	437557.18091265	424958.152740849	408090.9848781479	390779.8992957886	371298.7213733317	352141.4139037558	328933.89179469965	300313.7578461535	273612.5941335803	239630.9485403787	198692.22652720741	143979.147769281	84851.29148240248	40083.70594906481	-657.9445660226629	-38980.323075191234	-75498.53636887873	-108932.29609064123	-145066.62265234848	-173636.80046294205	-206302.6756653359	-240587.78356698342	-276578.8268678815	-262909.28939381946	-332050.6023901506	-361404.34502871014	-386368.8771050908	-422040.35882436467	-479989.05621611007	-492750.8541260511	-512417.8697895365	-547769.5355613732	-549676.3490995336	-591820.3613860728	-653443.4237167498	-636854.9624773527	-692014.3340150286	-678456.5665339523	-741856.1920004755	-813064.3508337513	-773274.5777827622	-878160.032806061	-949961.0802480301	-767229.5759499012	-957222.3384232956	-923803.4288617475	-965616.7001168262	-814334.9683531704	-962305.8295522206	-918338.4449085672	-873401.4222098286	-1.0370600246926665e6	-1.1077976163376379e6	-1.0840403731677984e6	-1.0474684488069487e6	-1.1473886181347074e6	-1.1155714137600937e6	-1.1825331888104186e6	-994954.287535002	-1.1736462484102906e6	-1.2493087298014248e6	-1.328874858479462e6	-1.2189922179010864e6	-1.2754720206878632e6	-1.2640507441329192e6	-1.179285045061165e6	-1.285124855892407e6	-1.267929785856094e6	-1.1897117973323145e6	-1.4122918552343033e6	-1.372592159526396e6	-1.344595358420662e6	-1.4277759509575213e6	-1.1986380223644138e6	-1.3754369279990564e6	-1.3828562649599365e6	-1.3562485161183644e6	-1.3819847891720098e6	-1.444491107208178e6	-1.3251826160672253e6	-1.5003723537039342e6	-1.4240459014392202e6	-1.3428756681601992e6	-1.4971506380850556e6	-1.5532594553475124e6	-1.2482216841222653e6	-1.344119978124993e6	-1.3263509223152963e6	-1.5973178991566983e6	-1.5108578796531959e6	-1.4366703354494236e6	-1.4666264542034324e6	-1.2178106034078547e6	-1.3765666190736503e6	-1.4328597511180434e6	-1.4270212486085214e6	-1.5314790473033292e6	-1.1048628345539481e6	-1.4065677016048592e6	-1.476676579693079e6	-1.472244412053717e6	-1.4112620201520196e6	-1.3900861597213333e6	-1.3544351067338893e6	-1.4199797074739966e6	-1.3736561107986374e6	-1.1330998146065907e6	-1.4457711360206525e6	-1.3140990744715442e6	-1.3696610054015792e6	-1.3313426334257305e6	-1.2351861579349427e6	-1.2517552858142748e6	-1.3244753823400394e6	-1.331129132754751e6	-1.2760844127071437e6	-1.2131928081874538e6	-1.2242410322297122e6	-1.376896049855217e6	-1.187638919683867e6	-1.106614781414146e6	-1.1901397331912296e6	-1.142261702443974e6	-1.2726462829307604e6	-1.1934399348804115e6	-876131.816456005	-1.1838916423779835e6	-1.0467348575838746e6	-1.0872515878636804e6	-1.107521270853111e6	-953638.487926993	-881158.4205220211	-902896.4715135521	-861691.1151048858	-1.0176114590786952e6	-955586.3286150959	-965221.7701342027	-975530.1348784855	-942264.7945295316	-958799.8175073299	-816728.186468387	-835928.0827193023	-859962.0687522455	-791056.1499962811	-755808.8523355345	-746993.4157737829
590929.8574909524	590866.1928205566	590959.6950511022	591086.0075566637	591006.9034306747	590804.2856944021	591840.9441406664	590714.265401504	591108.5580508045	588867.9329043643	590405.1405897564	591465.3594891215	588628.1488499509	590513.2417364089	590453.7570600605	591212.0795381316	588083.7945503604	595242.2041724457	593829.9056576518	592073.2131063088	589269.112242176	588355.3229517278	590813.6619972656	586570.6114797891	568275.0330519719	586324.6314012227	584921.5875181404	585693.513667373	584347.8247005136	578403.1290044426	578693.3436640706	580794.6664803065	579147.9018633035	578321.0067086666	575652.7733888605	568060.5682105329	572471.0617911532	577790.6610961247	564624.3796020898	579711.987588288	553405.4152899841	558103.2974224255	545514.5340757102	557749.4352964981	547201.5391384008	542897.0843361015	532904.5691795682	521471.49949929904	512000.1675260417	512641.80969842436	506081.7932478013	499510.65531758795	491787.8537794316	477562.00427839166	470848.87072677905	457107.9309320127	444289.3468608418	426383.01813009585	413114.1691213102	395209.43614916253	377511.2738705447	355569.5286879058	332597.9280991059	305710.7780519136	275927.74350520526	241191.80945864093	199515.13216881867	143867.33979750623	83806.9689096965	38331.982435769925	-3027.5439496982726	-42010.80317437026	-79531.64103540254	-114056.77931424795	-148629.9075090392	-183503.689202965	-211591.28763365844	-243539.15234720835	-277164.4265480406	-308272.5782931203	-330580.41375113494	-344510.75043766695	-396711.18004402675	-433172.9922505938	-409049.029092402	-494993.06118773046	-521476.876783165	-535029.6904513543	-559115.5589296331	-603170.4442882724	-602792.034663646	-633817.6105467048	-646903.7936728671	-753519.3125372953	-743869.0321155617	-782917.1140426144	-757553.1671449828	-911283.2354713334	-801377.2135560268	-833018.9580974625	-865096.8490466462	-903347.000810035	-805409.2407390636	-901249.7762995921	-1.0623254521345894e6	-1.03856161749148e6	-972134.1067074367	-1.0376730674432586e6	-1.0033278313258477e6	-1.0962050009501595e6	-1.064315618819669e6	-1.1550590265317704e6	-1.1875260797267961e6	-1.1968314538353407e6	-1.275414743358365e6	-1.1674367346650641e6	-1.2918336311271477e6	-1.2525382220809704e6	-1.205836380842253e6	-1.3105459602931286e6	-1.2990315497160843e6	-1.3257320841660518e6	-1.1508413451837646e6	-1.2473527542061622e6	-1.3393243932758155e6	-1.414469218847017e6	-1.1029921414203653e6	-1.3781668903154724e6	-1.2352191381116388e6	-1.3725909829383984e6	-1.36369837283662e6	-1.4111747995668359e6	-1.3216000652041628e6	-1.3006409672512237e6	-1.5338630046272073e6	-1.3634102699057134e6	-1.3646422837416613e6	-1.4098514066745352e6	-1.4235406794838565e6	-1.2734676606554089e6	-1.377481504921172e6	-1.4247950456039358e6	-1.3322900731129018e6	-1.4162526046578158e6	-1.486570345318029e6	-1.334279872093848e6	-1.5173342921554109e6	-1.6231650702527824e6	-1.4620546875100303e6	-1.5423099609236931e6	-1.5536462544080124e6	-1.5477768643543187e6	-1.3055728021983402e6	-1.2097319791498592e6	-1.5436421020038547e6	-1.5108554419766213e6	-1.366411942614532e6	-1.4419805675213751e6	-1.6812982312629921e6	-1.2825639440745234e6	-1.4362528583282721e6	-1.4747222490528899e6	-1.392192225173458e6	-1.3640202446489285e6	-1.3657565418666666e6	-1.3393315143570649e6	-1.361565813058877e6	-1.2257489506740645e6	-1.4336639995772121e6	-1.215798463222979e6	-1.3537711935112535e6	-1.354568175846907e6	-1.1730625839649306e6	-1.257480191349977e6	-1.242752888358953e6	-1.2260855138582997e6	-1.172231006393345e6	-1.2423933014109717e6	-1.2911156039578547e6	-1.1870161370149942e6	-1.1621696950730258e6	-1.2048785310001874e6	-1.1514108434826313e6	-929463.4116769526	-1.151369595074156e6	-1.0472421976876915e6	-959532.5080509223	-1.0237239546562987e6	-894711.0303105889	-865298.8725386416	-1.0001564384560194e6	-1.0057736406369312e6	-955019.3723246967	-978133.2065125476	-937806.6392388954	-829434.95110247	-879361.1421231283	-713386.7683649408	-807885.612572541	-740051.677019068	-752699.9933638568
605259.6595392956	605423.928209723	605574.855758247	605624.511168934	605359.2480297897	605530.2283706446	605087.4215163335	605147.9591196598	605828.9180053042	605167.1196659661	604459.0828716055	605003.2113521624	603738.2404532747	603996.885606502	603826.6930004733	602105.939339011	604194.749460838	597444.4824247918	606196.2032676175	603469.3852485411	605242.7379604093	599015.2173648567	602856.5817775592	605282.539111604	598950.298189015	600990.8449661292	589937.0816893566	597327.1385989527	598486.5374486938	595256.2595491245	593803.4204923618	596243.6973036125	619448.0271592942	587558.0765281117	588546.2783454914	573241.67170791	598220.9499343538	588155.7684263168	581140.6368123621	575587.543482369	574529.424088866	557579.0274968226	565399.5480977395	563169.1472183564	561565.9252361611	553665.3359420598	545069.0604994204	542559.4423901853	535286.1751120738	526885.879783585	525291.8564354214	513563.84186353226	507602.2618482217	489945.8432959534	482907.735121828	473185.46534193534	468312.51393084734	449854.79933112225	432151.1594576063	418219.4962087579	399120.61790933966	379837.9248927183	359672.1446627335	335697.9393191094	308177.6567233998	278142.2278781888	242744.47230934567	200339.6785218902	143755.05023080966	82762.54976926924	36559.589222123555	-5349.548837627226	-44735.58502531581	-82045.9451413721	-118197.99219749408	-154160.14385997638	-187083.66692497884	-219971.1290138085	-249808.19508827344	-285882.47237995587	-306853.87400082307	-345067.0437921377	-371287.31055849144	-409242.0876505473	-434450.4842021304	-461982.0797651227	-521197.96702316456	-540218.5383002141	-546707.3699952727	-580184.0905709697	-614357.7967218608	-676323.5751759193	-638996.0417903985	-687373.5511142011	-720932.4382804462	-747283.4009342606	-885070.9841247469	-913123.7542506862	-1.106637391222531e6	-798350.9700265923	-963710.5142461252	-912943.7376587372	-750692.3298562188	-946130.5828795014	-849573.7306880567	-876925.3636518614	-996931.7285368617	-950661.3175781046	-1.0073800093362462e6	-1.0677759476029186e6	-1.111344452580307e6	-1.0223233242034786e6	-1.1212800865478092e6	-1.042143893648115e6	-1.1781854580303505e6	-1.1850391695893607e6	-1.0631602762250698e6	-1.2142939564364227e6	-1.3702517013404241e6	-1.0776107167275841e6	-1.3082429812039647e6	-1.2751871499646313e6	-1.2352094113052194e6	-1.326629255310703e6	-1.2497275243603694e6	-1.303902161704188e6	-1.318961714046139e6	-1.5257703703661594e6	-1.3610567506846047e6	-1.437331883113828e6	-1.4354477714443419e6	-1.3582834797808228e6	-1.3895619218365292e6	-1.2950654050215743e6	-1.419175628705997e6	-1.3858393852408826e6	-1.3162061871812828e6	-1.4294008537221528e6	-1.6143647557590946e6	-1.3710600373566279e6	-1.280668592069311e6	-1.5190263474683992e6	-1.3407258623582842e6	-1.4937446639005076e6	-1.4437812800425421e6	-1.511529587075799e6	-1.486910875986968e6	-1.4999832312656161e6	-1.4407073762498884e6	-1.394151313328158e6	-1.4971079934068397e6	-1.4692886491661149e6	-1.451028278488812e6	-1.511764058532427e6	-1.4797356549019464e6	-1.4529264561198382e6	-1.4888919169555581e6	-1.5370706258230126e6	-1.42393765013042e6	-1.7291815348753622e6	-1.4051189020170649e6	-1.3806965780815287e6	-1.3853514667967092e6	-1.4938315164496645e6	-1.2725659230759607e6	-1.3336933344523355e6	-1.3453686323927385e6	-1.4924158632060895e6	-1.264740411710402e6	-1.2994146869829015e6	-1.1813251010094702e6	-1.3081676796716482e6	-1.2294605076403997e6	-1.2941636757841546e6	-1.0246064701218014e6	-1.5070402972411434e6	-1.2037858877730225e6	-1.226423354037517e6	-1.0704206377647582e6	-1.0599971704189952e6	-1.2295613206605192e6	-1.1924606255208163e6	-1.2035667326649595e6	-1.1026982715681551e6	-1.207054840365225e6	-1.123101959985802e6	-928965.3860743805	-1.0279282967668204e6	-983045.2643085555	-968760.8276252453	-1.1021504695189954e6	-1.0211487214111867e6	-1.054895205144804e6	-1.0296425440259231e6	-970825.0393551434	-902150.4149862616	-1.0284272604548726e6	-874601.290717232	-857504.6860021958	-845804.9092632099	-781825.1525029517
619945.3384902554	619928.1478870084	619912.1007717757	619904.2138852113	619869.5769642825	619668.4135902096	622188.0160630401	619086.3331008953	619252.4634418015	619492.4367319776	619080.9718895815	619312.8700228638	621746.4460200961	622298.2356120178	616832.4136573505	618826.2187248289	618343.61358284	616513.857816105	616202.8231547219	623766.429106199	617251.9881409182	610891.8194379508	618757.8838487407	614336.1653514369	620587.8400744117	608141.8543841164	606787.6275268693	614156.9277699743	617642.6203221318	614266.2244803121	610428.6778843887	610848.4833842439	604857.3536647293	607017.5900674219	600295.995485835	601615.1555993053	627950.5189518891	590773.2778836993	603513.5587138054	608539.5033715165	581224.7660525215	589905.2730539076	581174.908539857	597204.5674329079	566509.8140229897	574102.6736662327	567722.3045325929	551698.5883758145	548105.6369472058	556723.3619486841	538154.8373700923	531051.7288563559	526151.7025273968	520593.1035670905	506326.0161499471	496932.95034777577	483878.88330651744	471280.4987177231	455715.6761597251	439996.8717633809	428905.7364002264	405369.2139646764	385490.94359010586	363328.0559158999	339199.0947978207	310758.443667879	280297.24595375115	244305.23463771003	201164.99396389513	143642.27625595703	81717.82210216956	34820.8331291505	-7734.182617390645	-47706.59882962407	-85643.61384563969	-121361.55411062879	-144082.40873913327	-190449.12043115293	-213630.51171317737	-256122.548671116	-293184.8757089666	-324243.8198134439	-354386.75549640047	-378585.15737387567	-427685.8389366689	-464365.9650994604	-472635.95492857584	-461433.84208427515	-549647.5655271576	-567865.9779769825	-494269.5716442671	-583814.1882300307	-643503.3919872316	-677974.3280863399	-690069.0581406385	-1.0245658929498265e6	-739475.2451014232	-729906.2188893419	-887036.3200156924	-899293.9871438595	-784995.8766462046	-853640.7612693915	-914243.9537294598	-943114.9404172613	-916693.6088798651	-824596.7023045914	-971153.9121195546	-977295.6644579093	-1.0163277315911278e6	-1.0639254194524058e6	-1.048574939538656e6	-1.0685536174414335e6	-1.1064346841477365e6	-1.113848406417179e6	-1.152705967971074e6	-1.1846156071785155e6	-1.2035526730806907e6	-1.2249235348741892e6	-1.2882402258581724e6	-1.2722976390892735e6	-1.2485730430797748e6	-1.1700369728412004e6	-1.207046591904566e6	-1.2747427685778427e6	-1.2723299766234946e6	-1.2291886113815815e6	-1.3693163386811484e6	-1.3438948186663634e6	-1.278953479697752e6	-1.4791624622059325e6	-1.5712252800492528e6	-1.5431167295927657e6	-1.3260847988781023e6	-1.3896490919651084e6	-1.3214221479649474e6	-1.2530499082206544e6	-1.4326662263479729e6	-1.4771355267261122e6	-1.452286410625325e6	-1.3162842041757042e6	-1.4736238058748608e6	-1.3883334840692023e6	-1.3401850152476178e6	-1.3996021459616655e6	-1.4672634720854477e6	-1.4956750967643142e6	-1.582284132987345e6	-1.4234901812784323e6	-1.5842802317537658e6	-1.4935011171053776e6	-1.582897813702839e6	-1.4271980005501513e6	-1.427732405509693e6	-1.5125170542652095e6	-1.4341862509055547e6	-1.4539066632854878e6	-1.4818624324386315e6	-1.4623656604472767e6	-1.552883016302179e6	-1.5028506506854678e6	-1.6176821346816723e6	-1.5960485498350798e6	-1.5021135238605225e6	-1.4249201602674806e6	-1.44597304695861e6	-1.530654410412098e6	-1.3904247115342e6	-1.2717912942186268e6	-1.3436258660330952e6	-1.364444601648206e6	-1.2781601897292798e6	-1.3647501344816422e6	-1.6176916292509707e6	-1.325867333160504e6	-1.3228699072318864e6	-1.2555505257066365e6	-1.3818420854349402e6	-1.1972221606597682e6	-1.1796155747069144e6	-1.0389125706063686e6	-1.2990973336374052e6	-1.1954027971262916e6	-1.197655363713759e6	-1.0625420657256157e6	-1.2671335481581066e6	-1.1614106881314514e6	-1.1107583007590822e6	-1.0465446229570624e6	-1.076704076960696e6	-984576.8901757235	-1.0455700380413947e6	-1.0503135161888348e6	-1.0539675952861034e6	-1.05756780385029e6	-1.0171216487382855e6	-893459.0525001017	-928128.0567399296	-935354.6084940098	-1.0102691542812991e6	-844562.3101764172	-868459.6668005092
634815.4311063946	634814.0573835438	634793.2644980787	634923.7352219401	634762.6261257187	634832.2528983869	634824.3273884342	635257.2035868139	634630.4002146528	635158.8752992896	634608.4152777288	635664.227802543	633415.4858446068	633766.2006971819	635510.3578955571	634010.5689113819	630487.4922590812	633366.2911989647	633539.9171628074	625265.4966254643	633827.7307369104	633248.9264328192	621007.0907538857	629839.6084393666	630598.5161811019	630845.4180696673	634414.2641240539	622739.3871998154	625756.3561419854	625208.3756254767	619283.7134872897	625874.0043742971	622256.5612464959	627972.4450297705	620519.9143567719	613740.4144021594	620909.9164537133	621712.8589701324	611763.1779087039	613711.7388816872	607740.5783565887	595709.2533164471	592958.6830874482	590477.2525290905	593850.1246898277	583896.033682039	583742.3986199608	577028.4070011433	571922.1915649159	560264.374148068	555919.2717663583	550142.2119178057	534702.6483816651	531736.5170775829	521406.94770162035	517944.6214878109	504871.5521461118	481528.92358047253	472637.3136848313	458761.85165362706	445151.2000916696	429772.4728481684	414370.6073164811	389434.00720222405	366477.09162315185	343139.5658387165	313455.3726170909	282529.12861181	245863.77939131204	201992.16696933488	143529.02697277826	80672.96015405736	33066.04762423161	-10191.939169012709	-50759.46615550417	-90287.99125948962	-124610.28211601684	-163776.6975380063	-198515.10019248928	-229232.554765074	-259861.90888796852	-306155.05857421487	-321453.5086571684	-355199.1839610078	-399113.1103578024	-424630.0121188227	-446441.49666413554	-466639.36518665106	-502086.25500818534	-520414.84716944624	-577350.3136410855	-619524.5900887789	-630656.2781985514	-752563.9418547405	-708330.076774963	-1.0378312369497882e6	-756167.594711978	-776604.5670757068	-701634.5650399353	-810629.5452921863	-996195.8157716107	-870173.629597205	-933023.2503215643	-926715.2202805434	-866106.3730855144	-873450.774790735	-1.1537924018390262e6	-999037.9652977746	-996655.6717669514	-1.01396513139856e6	-1.1476642255055956e6	-1.0673224557949402e6	-1.0704048047576463e6	-1.167758323269265e6	-1.1689012228539488e6	-1.0969911060386808e6	-1.156625687812239e6	-1.1726337599012183e6	-1.2353728936289211e6	-1.2039411425834037e6	-1.4341555104410877e6	-1.2650808897164988e6	-1.305067632039988e6	-1.2494843096649782e6	-1.262877854412347e6	-1.3259278450826353e6	-1.3305387837086362e6	-1.3761950478308643e6	-1.3636777562944572e6	-1.3472819063259098e6	-1.4078927061164854e6	-1.4388611081811946e6	-1.3876753644959242e6	-1.3145748234834513e6	-1.403863234923945e6	-1.2496201874127928e6	-1.3442704902001817e6	-1.4750995046668623e6	-1.4496557726036487e6	-1.3897768224755684e6	-1.5130940148414439e6	-1.531582659352031e6	-1.4003186756690037e6	-1.4561435758593301e6	-1.4698214453679915e6	-1.5388780518542756e6	-1.3166462492632773e6	-1.4578639456877965e6	-1.3985879490343023e6	-1.4083451627334466e6	-1.5099695867534536e6	-1.4891591040836358e6	-1.4570178055712797e6	-1.4676537090732139e6	-1.354526344130704e6	-1.4874848171306234e6	-1.6389288475025338e6	-1.4924849786295115e6	-1.4565326068056975e6	-1.4970075628240777e6	-1.2406518847281178e6	-1.6123930781453112e6	-1.4760929678028282e6	-1.4539413840075266e6	-1.4031733229297036e6	-1.4766908757125784e6	-1.4092736442206714e6	-1.331263359350148e6	-1.3782757641192253e6	-1.3782316577758668e6	-1.3771438090284516e6	-1.4603476961224193e6	-1.2577541412890055e6	-1.3386826186256658e6	-1.3158049298601155e6	-1.4517534031758308e6	-1.268593162207931e6	-1.507361639753147e6	-1.3398165077865622e6	-1.2078469371053537e6	-1.3298854428555071e6	-1.1393192155219612e6	-1.1640575631137593e6	-1.225658117081067e6	-1.2523746815841298e6	-1.1776412854456464e6	-1.2095893184737738e6	-1.0900354028477808e6	-1.1790547739361536e6	-1.0212797989400006e6	-1.0371367212029658e6	-994965.9687276799	-1.0827977215987253e6	-1.0831999450513162e6	-1.0155286107598483e6	-1.0856513557408662e6	-995028.1889032782	-928482.1868889341	-1.0233309485540553e6	-890486.4659518492	-666590.2281151097
649907.7345934489	649975.3603582516	649984.5182493913	649901.4263774401	650027.7095010616	651283.4465332201	649965.6479300342	650459.9715523794	649086.0175145515	649239.7552198324	648587.3837341021	650055.4200553019	648874.2094912534	649356.5424240977	646199.057049003	649186.952233592	646743.2530933531	642911.6489411604	649243.6533517723	647423.6312850626	654194.45313119	642737.3182072383	647885.6331921217	649121.9927119915	641294.8491276666	639497.5877133167	641302.3054948684	646768.5208936536	643835.0953089534	640268.8600641584	682580.7291303976	649364.659150526	620631.1287490064	625317.8918774031	622347.2262204441	631137.7274390578	625121.491482937	628911.1848847538	634613.0903454396	625979.0629955053	615874.4800019148	610862.1097221577	605178.8151617937	601030.6206370271	599650.9633686782	595642.6144872903	610566.9099488202	591955.8947021621	585156.1636761387	576141.3431532474	571679.2163978419	564796.4305452532	560688.3248768828	544914.4449913141	535573.8039853841	530486.1909747089	521114.1340075415	508281.9169823842	495985.4350772865	481415.3545319589	468724.08459956414	449687.3822235971	433518.9047377095	413577.9263155073	396003.9971793247	366560.77993949474	346289.2985135855	315576.4743680356	284708.1448205487	247433.48606855847	202820.8992228777	143415.30750690273	79627.82651763852	31309.4328170034	-12654.976547486382	-53682.13745036721	-92446.87643133005	-129071.50106526178	-167830.56477942067	-199407.02910729212	-241872.52652650425	-279374.68809591146	-286059.59675248276	-333822.8076120483	-336456.86140246206	-400964.4409464782	-449084.4171806218	-468469.9750732559	-515569.1695224732	-516578.22269525804	-558536.8782914162	-608601.3895821401	-600237.4730463654	-608274.1720661297	-645503.7815406786	-753951.7187548473	-671471.4002955332	-734417.6135810341	-946562.2892495543	-776526.8614781955	-822982.9454774447	-801487.8754591008	-946598.9153107933	-950204.7228499192	-856666.1102607516	-812200.1825700959	-965553.842702463	-1.0497074402681817e6	-1.0256263029758502e6	-1.0315895012410055e6	-1.1586484808600897e6	-1.1366746622835177e6	-1.0598302751530935e6	-1.1196602935961974e6	-1.0878307951021565e6	-1.0941905915400984e6	-1.2307212769155372e6	-1.1689134365818573e6	-1.1986586122310597e6	-1.2789305545843656e6	-1.260516605412514e6	-1.3704830659942892e6	-1.2683733945070673e6	-1.3039871870802634e6	-1.3614953240598063e6	-1.238702886951035e6	-1.2722467394891004e6	-1.1583535620403911e6	-1.2818225240467575e6	-1.4825820151940905e6	-1.4182096141563253e6	-1.5840331100092432e6	-1.3743488690446392e6	-1.3825803713038198e6	-1.365066223578633e6	-1.741951432317452e6	-1.6679278238182948e6	-1.362071717971068e6	-1.422891380791369e6	-1.4846647231889924e6	-1.5327891501852493e6	-1.533939944055319e6	-1.401271071856438e6	-1.385969870808612e6	-1.4861590464581316e6	-1.4349311137114763e6	-1.5305450366290635e6	-1.4469062189201107e6	-1.497412204187453e6	-1.4862699032347845e6	-1.5906979990510298e6	-1.440609823361253e6	-1.5470936336511537e6	-1.44471844492983e6	-1.6027329332146386e6	-1.528184863089878e6	-1.5083852330593907e6	-1.4940658994522705e6	-1.458064331981206e6	-1.5904034986236813e6	-1.46697519499684e6	-1.4786177928221992e6	-1.657795094971181e6	-1.4303400542032279e6	-1.4506735735148082e6	-1.4826851824134742e6	-1.6069265817407318e6	-1.435977674668983e6	-1.4025919028766702e6	-1.4524615745955992e6	-1.3557764219533391e6	-1.4055366288188563e6	-1.4533023995068145e6	-1.3382377700816302e6	-1.3475209974696878e6	-1.351938447520212e6	-1.3051123560824634e6	-1.2301215215696124e6	-1.5412041773721257e6	-1.3511574712760458e6	-1.2661842059414722e6	-1.355603834898046e6	-1.1720781641051825e6	-1.3042750648970217e6	-1.2493379688445772e6	-1.2811089941797825e6	-1.1548227436874039e6	-1.238833312786614e6	-1.154104257351445e6	-1.1751277876450694e6	-1.0872399471065397e6	-1.031264505139959e6	-1.1260099676693762e6	-892060.6388350427	-1.1792885161748994e6	-1.0925665600205055e6	-1.0432782262658915e6	-1.0117481851178026e6	-978420.9440876367	-791415.1164611517	-961594.8333936203
665258.9749056398	665329.0812977842	665256.2464509654	665422.6129216033	665318.3810824035	665182.6954384991	665064.8133447631	665144.2835850713	664418.7959424076	664007.2048534955	664460.31419527	664533.162071432	666451.2840887222	663646.0213205977	663647.6736336662	663873.5223097515	663828.7009009797	661393.7128255062	664804.6171837953	663181.2430200696	656690.4074252911	665373.8777531056	663463.6886763964	658239.4931568305	655590.0894013412	658875.4120873401	660972.3572016477	661595.8916478169	659139.9453621936	655524.4062677545	645650.4508980403	650240.232089899	638246.1593361781	648247.1162616021	650487.9554969438	639709.6326589747	638180.5699763332	637518.5862466339	652384.5962004818	632682.9859363679	650720.9605673233	634716.4254693154	620993.5199873189	617312.3358293775	613522.8963249342	606330.3898746304	607492.451500375	540034.9487002713	607276.6867030137	592858.1512303692	591081.8874758645	582756.1868054064	568596.3268651047	560247.4597893092	546351.5145479385	552261.6591772449	542998.3914567176	522458.20536096947	518663.4876815478	494147.1047610705	491720.49991929386	469597.1686414205	454762.5952175466	438864.84048813937	418635.4011520405	400849.15734855173	373893.2591422343	347724.1727190502	319226.217016313	286908.82012045564	248959.30795798398	203650.48093739245	143301.1185177407	78582.27085769997	29543.79030511441	-15064.038628162816	-55878.331558382604	-96575.0059988391	-134784.12797884952	-171433.5002890388	-206344.11363228812	-236911.83290445624	-275853.3635397475	-304478.8517595791	-346909.5024474728	-346844.24087101367	-405420.48630866414	-415857.0979975586	-467605.52139293967	-507247.51394571183	-519421.55554908264	-566199.5894967248	-604462.9827327072	-671247.0908397725	-624437.1798858945	-654624.1231737856	-725900.8145738153	-682691.7029801435	-754316.9378017683	-811633.3312580972	-780254.2563006985	-747360.9872986237	-846571.4625966612	-869146.5981797443	-846808.4546272277	-830198.2120491143	-964739.7265529248	-940451.9436407799	-964531.0062144962	-1.0388186299967517e6	-1.0670377325185495e6	-1.0924082430026792e6	-1.1540919502108737e6	-996713.7083480323	-1.0634985691838975e6	-1.1909575880309315e6	-1.1444865995345856e6	-1.0999083913730225e6	-1.140355304002033e6	-1.293338118942517e6	-1.1448417545869485e6	-1.2288655599396275e6	-1.364437924399218e6	-1.4090241779417447e6	-1.3362491867376517e6	-1.315749486278631e6	-1.2405804500172217e6	-1.198205979236482e6	-996741.5398167418	-1.4968453986218616e6	-1.3077043980307656e6	-1.457079835575143e6	-1.657186811579941e6	-1.473348464688782e6	-1.4417306828233132e6	-1.3734199791267598e6	-1.509542998429238e6	-1.3550353135230304e6	-1.5565991280201643e6	-1.4137924459660165e6	-1.5351586351149892e6	-1.3200932526286743e6	-1.4883828799946606e6	-1.4851415373033998e6	-1.5481381294887168e6	-1.4538494377976088e6	-1.4144716796920835e6	-1.4202514816236696e6	-1.4826634129381548e6	-1.582055932678897e6	-1.6236881269055218e6	-1.552472107603956e6	-1.611083960911376e6	-1.4660518280109153e6	-1.3764961544297077e6	-1.546849538453136e6	-1.75117040374832e6	-1.5992604784394554e6	-1.451468200076102e6	-1.6784742055662035e6	-1.5113082614233159e6	-1.4855491838379374e6	-1.3984180610292542e6	-1.6362210828428005e6	-1.4656484105190677e6	-1.4518379857213832e6	-1.4823476821626057e6	-1.546126001232721e6	-1.4434650983212453e6	-1.2206029268944021e6	-1.5097254996981234e6	-1.5116153474133108e6	-1.5239764403763053e6	-1.376958024644367e6	-1.4660818090633198e6	-1.3916290011547059e6	-1.3906279620666418e6	-1.4129274726859196e6	-1.3589395687017338e6	-1.4125802346575807e6	-1.3495569577845559e6	-1.2190642502062565e6	-1.363374471179014e6	-1.4269344502130866e6	-1.3492384181311294e6	-1.2779484726003865e6	-1.1828837494327007e6	-1.254762681259096e6	-1.0844019476141073e6	-1.2194625794274327e6	-1.157803523216304e6	-1.1090530234101661e6	-1.0208256038474343e6	-1.122797826895447e6	-1.1709992258869647e6	-1.1296558674365352e6	-1.0773424312704084e6	-1.0544388740396234e6	-823860.0802966757	-1.0222871721668197e6	-1.0470753513121335e6
680844.4204991746	680969.7139984465	680662.8495993263	677180.1393304215	677040.2752376171	681548.9137931126	680655.635374789	681340.0943353851	679925.5088827773	680495.8903587377	679298.3159577983	679073.6763316146	678833.2868512935	679064.2178755521	679490.475260643	675155.934721254	677121.9840780544	671971.5863158583	676602.0908205999	677244.33246245	676558.486830612	670505.379819453	676446.8510927885	677816.1406081755	669072.0700815064	670436.0989164817	672299.4487119375	649242.1893739114	686609.009248574	701305.6433435893	663987.4433463272	664342.8859308877	667796.58282872	662352.4547784935	660962.4414309354	660018.8886658687	681832.6898097376	667028.716866503	672458.6962499802	658110.7090337707	650566.5030021325	653474.6560502774	633217.0905812073	632261.919652943	637607.0412592355	620930.1659386687	614313.5402779412	622362.0422919954	614352.7890303016	603695.4006882068	599221.0425574728	586051.4681536057	592370.1067544792	567956.5653191132	595331.8397363501	562040.2425438871	559016.5478404176	546511.0586094044	516326.9136642792	522577.8125989057	500706.81552639295	496794.1461474676	471758.3706719657	468428.583850424	443799.1452433825	418906.8562763293	406725.7449809636	379445.65667143784	351405.2930335118	322387.1899338869	288825.7426021248	250545.6305402089	204482.06314693653	143186.46190742846	77537.0361337823	27785.88020230137	-17250.610830094607	-59434.56797255593	-99346.62422455306	-138496.0466147536	-176678.19988945813	-211921.97292235686	-250205.29813336238	-296176.2948400281	-312607.4272610783	-339870.71591877314	-379999.7426532319	-402928.78704564	-445141.83092088165	-505973.79218695714	-524212.7328034181	-552017.5963461802	-533633.9028556629	-608109.985243212	-631078.9914648549	-718092.4660287809	-901019.566764367	-741583.8545524965	-709561.0998840567	-712895.8654308927	-906661.6257318617	-781171.5964635978	-862352.3115030918	-817841.8545491854	-915947.9238506979	-825606.3343203343	-930593.3365033274	-976938.3243717116	-952504.8145440305	-1.0572577413825546e6	-1.0944102300611567e6	-992590.6092829453	-1.193995940430174e6	-1.0699163005321936e6	-1.1710390133449126e6	-1.1553694618385436e6	-1.301505228484911e6	-1.269263927235426e6	-1.1597315467788705e6	-1.3141218815523037e6	-1.0231771988881598e6	-1.3126999629440259e6	-1.293502561919932e6	-1.3912571760343767e6	-1.302963754533481e6	-1.3042920559347612e6	-1.36579309555524e6	-1.3765484171961625e6	-1.3310866406643847e6	-1.3623164357387845e6	-1.4088554246008457e6	-1.4591761365925903e6	-1.571686243145182e6	-1.5683296383895944e6	-1.4582591824409117e6	-1.463823104419497e6	-1.3975513527719537e6	-1.3941348678621268e6	-1.5314374720538142e6	-1.5281309741845601e6	-1.5494357771365102e6	-1.5868611201115598e6	-1.5972090614552824e6	-1.5385327024483872e6	-1.467589183853897e6	-1.424329894934437e6	-1.7897733067665421e6	-1.4148202429062696e6	-1.6369178630313603e6	-1.592593099781983e6	-1.4740508560875943e6	-1.647928045284697e6	-1.5771124596922933e6	-1.5651164114500817e6	-1.5434320299071954e6	-1.6328270463021572e6	-1.5264052855747617e6	-1.5663297952354583e6	-1.5962660944461294e6	-1.369536126443123e6	-1.649715806019537e6	-1.5411350496179606e6	-1.5174386086930109e6	-1.4516717305110455e6	-1.7538838355215015e6	-1.439110867466572e6	-1.5140321591930683e6	-1.5738371821120782e6	-1.4937824209898848e6	-1.2637108516968088e6	-1.479379827307837e6	-1.476314314196042e6	-1.5364626208101898e6	-1.4877189997617723e6	-1.3914049860309171e6	-1.3057339315770327e6	-1.4078529744427884e6	-1.4282460360058593e6	-1.3516349079266987e6	-1.323859298999145e6	-1.363376311778087e6	-1.443402930800926e6	-1.3408374611258267e6	-1.383225724171437e6	-1.3723997507117782e6	-1.3637175376969352e6	-1.3451761260767195e6	-1.396804273751207e6	-1.1874442845941165e6	-1.3069845934269016e6	-1.2509273543772043e6	-1.1535617065435532e6	-1.1704530196958366e6	-1.1191740358565873e6	-1.2080187527360194e6	-1.0808069215371013e6	-1.1665797065897314e6	-940117.4794533239	-1.0933431440395527e6	-1.1774547774773384e6	-1.0937237754842588e6
696704.4361241176	696773.6929717882	696659.4277532984	697236.129758613	697294.6537557088	690194.2212059216	697624.6719899317	695746.6173494407	698612.6471418848	695038.9035878121	695405.9804530031	695699.6006340887	695031.3360022109	695467.2457896098	693041.5958208952	694610.8128659241	695070.5405924073	696289.7526864787	698783.1305066538	691625.0572960615	694296.8087479626	685811.3501215628	696939.7338826929	682757.3411482258	690575.0368911788	680226.0887310482	678446.1948047548	685446.1452999699	684024.7929551809	691147.6085248999	687502.1040004372	655702.8624668445	680000.4491524473	677725.994147965	666299.8086521027	664979.5578157664	661791.5238275977	679917.7536570537	671599.3450915832	667346.640997593	633719.1996048065	640701.3716892067	657454.132235201	656467.1864042603	640257.3094293855	643152.5102039364	633156.6532827162	624840.4888952142	626161.6911628649	621839.8330554464	612807.6090863459	615021.3499508083	600646.6934324226	589954.8340488018	570033.1732574096	575995.8526162324	585394.3164902511	563691.866759938	561178.2484834364	543363.6129893682	523378.17827469873	531172.8428403363	501633.8421763095	485524.37814425555	471406.31979853933	448336.80280249374	428501.3879065492	406627.817551249	383649.91387912777	353793.5310289339	326159.9306432318	292096.8042932505	252135.6618463946	205313.5054992729	143071.3438659903	76490.4447298352	26032.70972449833	-19727.303053969576	-62274.36492385488	-102742.29743662814	-144556.00669868354	-181376.15754268866	-206500.5226296498	-249569.88447775197	-292489.70292252494	-321567.66494721425	-343996.79755756207	-368661.3886717831	-409955.7622975654	-472257.02738285164	-477622.2834652956	-501480.2184194795	-569909.8937175779	-578503.6293000539	-606043.2124524107	-757593.6244864671	-868645.69179095	-707190.8175822282	-715258.1710139546	-750098.7895419644	-749523.9965369878	-686898.8646936843	-892421.3511358663	-894949.3151784809	-939113.1055105543	-870867.7115884603	-1.0915248857811028e6	-949139.2656254813	-980478.0781993137	-994865.0252310426	-1.012964588558635e6	-1.1151842652449424e6	-1.0583262719805918e6	-1.0838860417773004e6	-1.1794645931674994e6	-1.1398880600543001e6	-1.1625486580147627e6	-1.0885747677749684e6	-1.191307367944387e6	-1.2308197942562855e6	-1.2192820080365473e6	-1.2481668035529284e6	-1.261237458224297e6	-1.2807831453085355e6	-1.4050068046317932e6	-1.3210214189124203e6	-1.3507923657071255e6	-1.325839246503066e6	-1.268820463566652e6	-1.3231360108131573e6	-1.3796925778617156e6	-1.4245141699165704e6	-1.5693058650333001e6	-1.430265155714838e6	-1.5356213370746982e6	-1.5939092742929703e6	-1.4289550308998865e6	-1.4054484769006553e6	-1.279424466264484e6	-1.5493056918811908e6	-1.542595952672239e6	-1.6650755590831952e6	-1.6114109881754387e6	-1.417797719574228e6	-1.579398827732184e6	-1.5068781453288714e6	-1.4006588747081356e6	-1.4008936968362401e6	-1.406966825293053e6	-1.517802783210458e6	-1.5590699883746724e6	-1.6107678932205387e6	-1.5618051674233284e6	-1.6440086323563945e6	-1.6801395342904646e6	-1.560288812224659e6	-1.459959502998526e6	-1.5432756274591023e6	-1.6150841408652947e6	-1.395424661168341e6	-1.4797959968611668e6	-1.6090309975689887e6	-1.5218943576796334e6	-1.4916908941641636e6	-1.500143949521599e6	-1.600461544390059e6	-1.5795335022393493e6	-1.5635643959633303e6	-1.5885249961586376e6	-1.3345885000587215e6	-1.3700646239859764e6	-1.4830366142793999e6	-1.4666672354297924e6	-1.5639882770842344e6	-1.4594128627031776e6	-1.4604311350893846e6	-1.4933678990712587e6	-1.475260753273608e6	-1.4534487765460582e6	-1.4750997142403868e6	-1.4133563595312575e6	-1.3080090163331002e6	-1.4340411111907512e6	-1.3459100906397786e6	-1.4230820738122815e6	-1.35597437710447e6	-1.39141601284951e6	-1.3314541952498753e6	-1.3077045699536284e6	-1.2945856429768663e6	-1.2869844645182125e6	-1.2550243981311643e6	-1.2058049387344266e6	-1.1356589276229525e6	-1.172364151712963e6	-1.0838555642734203e6	-1.2182490844559772e6	-1.081045071534133e6	-1.0723320246729497e6	-1.2976893926127465e6	-1.071405905006309e6
712789.9616153459	712813.4533808583	712780.9985145137	713626.165755338	712704.9245193771	712795.2038903055	713149.4370372032	712174.1421025356	710984.9873639706	711679.6371352375	711763.2246983909	711284.3616415213	711410.2921997756	708386.3036224758	709517.2466610011	711521.1355781541	709650.6817462716	715718.3681547022	711794.6929168284	705865.0085445982	709217.5428238233	705867.9715634155	711479.6816836011	717077.3604401342	703743.7499715933	695693.2428940176	698338.0369257445	702032.695484612	692583.2665559163	702238.0052023378	704377.2093888591	696241.0877171338	693504.9928476152	685228.030804011	687390.0380547277	686886.1858416838	697724.2739285281	700112.4152328605	682785.4016528935	754417.2512185955	682552.3658719189	668791.1730655662	667869.5660582689	679839.0077633134	665098.9229530971	639372.0888371938	671930.9716827364	638917.2143736093	619368.1834828665	640534.9796442741	652460.2059188434	606008.6161180402	612096.3498855992	608550.7750339871	613776.1143359493	608856.479416498	590318.8438822839	589281.5329823929	565340.5909692941	570950.1251507842	545636.9915493119	523595.85239799245	539194.4634724718	502052.2172237648	489636.9388211057	475121.6954079392	452051.5209736259	437779.5404906937	412184.05097773013	386895.9013226289	360690.0983924586	328398.42193178553	293288.16263924696	253425.61893912073	206148.44986028475	142955.76477862202	75443.90645229508	24264.746195086685	-22079.160705443763	-65850.64589435054	-105233.34869996813	-146755.30685922567	-187352.69462666044	-220159.5507100509	-218665.27939645905	-286272.5547033094	-316208.09929764207	-364367.3223343124	-389800.413705799	-437599.1470498385	-460405.09354481014	-519983.45714449446	-547612.6414289894	-553709.8054624153	-570854.6755374698	-588969.3338167616	-632026.8198104308	-666498.0882489383	-690262.2329962531	-758675.8749825766	-733068.3644168742	-803275.9410800487	-634831.3551832831	-840366.1333155106	-803502.6344872105	-909017.2740012833	-935025.1830970594	-946115.7267768963	-966111.0648601179	-1.1196893544349934e6	-1.0916533800823495e6	-1.067954115742218e6	-1.2233505887443041e6	-1.1119335846564444e6	-1.1163905643905562e6	-1.2638720164366348e6	-1.0839773973857302e6	-1.1467138690689062e6	-998231.7376818128	-1.3340792100078538e6	-1.2331097736583138e6	-1.2392045743651777e6	-1.1924835271259418e6	-1.2081327979127695e6	-1.2751917151395644e6	-1.2674922339029985e6	-1.3346645742481705e6	-1.3957150439291648e6	-1.2037652267056552e6	-1.348474833817451e6	-1.2775553309195542e6	-1.2740000252303947e6	-1.464080974082837e6	-1.7268871383200043e6	-1.6341928809168641e6	-1.3294420026396532e6	-1.3293778027835116e6	-1.355001986662895e6	-1.394139630655794e6	-1.3730114122736163e6	-1.6208227805552157e6	-1.5227443862809232e6	-1.6942277839092463e6	-1.5247735097994548e6	-1.5544674364296102e6	-1.637409299336421e6	-1.4909066896316307e6	-1.4915715082271956e6	-1.5292659024745028e6	-1.4202858648025338e6	-1.4987174358371063e6	-1.591313938245061e6	-1.5608242146708835e6	-1.6653501432523364e6	-1.5796553189992805e6	-1.5757106261977388e6	-1.5617282205780805e6	-1.512511296193803e6	-1.5302358869607216e6	-1.5439783191460408e6	-1.3965555041868086e6	-1.6336593701038891e6	-1.5960836550920485e6	-1.585789267384555e6	-1.5307427118505375e6	-1.9707357518920172e6	-1.4718755144958969e6	-1.7099553738479288e6	-1.5701505965797312e6	-1.468029685027926e6	-1.5228215358095672e6	-1.6416326764116636e6	-1.4625032530058203e6	-1.5329360108662273e6	-1.5207293370179196e6	-1.522430568421393e6	-1.569031214258882e6	-1.4166412779042108e6	-1.4862364056796052e6	-1.4341116026390907e6	-1.4367887841949842e6	-1.379834965271883e6	-1.35879576009041e6	-1.5562079163836944e6	-1.3149194020302233e6	-1.4088258105829756e6	-1.4084813085797937e6	-1.3771116963146878e6	-1.3247354939329326e6	-1.3341772921596183e6	-1.3957617779520666e6	-1.3272838475538557e6	-1.189854158956482e6	-1.2737723439046321e6	-1.214630121795136e6	-1.1400952689391137e6	-1.1881577413860466e6	-1.0866927973527447e6	-1.1215862497365386e6	-1.2769024698846024e6	-1.1443962932109796e6
728941.3105699879	729122.1646931588	728830.6422019987	729049.5209528862	729149.7122473608	729213.9880066452	729309.3326559442	728882.0057081158	728795.1988372549	728391.1093310658	727940.6364594343	729323.3474716586	727431.5683877713	727200.3471498283	727520.8400898406	727350.1019647083	725772.7797233933	726958.1127983711	723421.3353989959	726637.5044514718	721225.0089493522	723153.0703370752	723874.9793502038	726558.5629468497	721459.7443091207	719343.713652777	713559.3914146125	754927.8299038969	711497.7367011041	697720.9746192482	705628.5622595935	704798.1148039128	706649.155947194	722515.900447431	700348.9185183181	712328.9917919289	696729.2446646191	712703.1462686267	701285.0571048718	699973.6618108153	694890.9711631779	693009.7500598978	689756.5617967346	697236.0287224161	678788.766283649	681436.69230733	605890.4218145015	670466.8847347938	701979.207210182	670033.918793493	666164.293578936	668952.3021434869	617581.4649193955	632350.5781240675	647284.0877663684	615457.4929881815	595295.4410071303	606184.4631987533	609047.0895040967	587027.7655308633	562143.7859706231	537180.8252752521	540827.5226775762	528586.6471368202	520689.83358424105	496226.301966252	479392.6536198289	459004.23422503803	440637.82781895803	413050.67813305656	388968.47654800356	361562.3318210097	332066.2271996655	294109.8475050436	255312.99998018757	206988.06834743236	142839.72445021494	74396.98313970806	22496.739524490316	-24487.733204697317	-68890.47397753684	-113800.91605886264	-149229.82404404477	-195611.7085419023	-214821.86540050706	-263005.2981450075	-279839.11602827074	-337995.9568047352	-361336.49537204095	-418657.49445807614	-436089.5816459669	-469858.42673236463	-502617.4737052981	-541080.8510860626	-552659.1383459256	-587627.0478991494	-619766.5467430358	-872089.6798508132	-676252.0491864774	-698201.4544456913	-774110.1982802697	-744608.2833910468	-641411.6541704868	-846682.0650520569	-888342.3478088286	-870766.2692013974	-1.0653985828614472e6	-864270.8429638562	-937815.9112994107	-1.0187217346871835e6	-1.052596140564831e6	-1.083962693996968e6	-1.1000205670933542e6	-1.1265494952196842e6	-1.0485104281306565e6	-1.0510655001044567e6	-1.0720614773346533e6	-1.1294087002167115e6	-1.1676414407940228e6	-1.2182723051807121e6	-1.353682091828102e6	-1.2284342601405033e6	-1.174610918560558e6	-1.3362109560006545e6	-1.287859770893846e6	-1.3399500515310285e6	-1.37621487853663e6	-1.37784357268473e6	-1.2737506009941807e6	-1.3803226398445182e6	-1.2921324724161276e6	-1.3333275513864858e6	-1.2970977664887263e6	-1.5267845252143494e6	-1.4365291383089968e6	-1.5980640956259242e6	-1.4072376995903363e6	-1.4419336003013835e6	-1.6174147411798593e6	-1.5120602129294977e6	-1.574794666793267e6	-1.5443470778714567e6	-1.527648371471418e6	-1.622316715061402e6	-1.4112805429707672e6	-1.588594767899031e6	-1.5255019480767206e6	-1.4766019102702774e6	-1.3911690346910385e6	-1.6368748280593753e6	-1.5242681390100918e6	-1.5826183593377548e6	-1.7533974756120378e6	-1.6819204213684099e6	-1.5766902942507106e6	-1.5651343088189072e6	-1.7285501000227116e6	-1.584394594403319e6	-1.6090864825803703e6	-1.5618618562262198e6	-2.0793158252811632e6	-1.3188106331163556e6	-1.5490526604831428e6	-1.6573670156476928e6	-1.4638298505845047e6	-1.5405424835225753e6	-2.0067724243417718e6	-1.5134684503791728e6	-1.7128267350913144e6	-1.6175824295116118e6	-1.5046351502694944e6	-1.5678076720745382e6	-1.4908893933567067e6	-1.5414320873976753e6	-1.4931585990281987e6	-1.5569756391617714e6	-1.5469774346168297e6	-1.5231484972476547e6	-1.624137033753056e6	-1.5265659115300297e6	-1.4481634587096216e6	-1.405437064660656e6	-1.377714672726802e6	-1.362305283292562e6	-1.5126737326222057e6	-1.5508960867579975e6	-1.2731574297785996e6	-1.337495823792278e6	-1.4323035494895354e6	-1.4426652203109956e6	-1.3704118955576578e6	-1.3683039974176167e6	-1.328793447468112e6	-1.2464572366198408e6	-1.27621272230579e6	-997221.0520110759	-1.1147732945353137e6	-1.216952756832894e6	-1.1893339881957378e6	-1.1467802942729974e6	-1.1487307190863513e6
745645.0637378609	745469.5439562189	745691.9925388913	745773.2967758267	745138.2239821854	746001.931533155	744988.2751997071	744726.4439806978	745256.7512937111	744136.759050142	744153.2731267342	743585.0143575512	742759.137075339	741564.7443368582	745772.0083871394	738598.2996195902	746553.3762072667	742182.2726967235	740048.4171402683	729334.1772189853	742995.4948030212	735604.5962292416	734377.4835243764	736373.0937467641	746522.469509877	727621.8885475793	738624.5860725364	737570.7679914897	731429.1451992413	742313.462807118	741361.6218052539	750833.8766370332	723096.6972172388	736886.7480869652	709129.3109744862	719348.7110800953	714153.1567592327	737199.8110092767	711583.1196286345	707067.4874213585	701084.5370704911	708133.3561554137	704656.9745550586	651677.0154538673	713958.463285256	698999.1259975398	689924.5459911746	678144.2159140534	684199.8490503158	716080.5611859832	666009.1996651127	658932.5830803411	679388.4339368772	649633.3956711213	638060.3145195758	665600.4799332388	624357.583031679	620254.390359229	622164.91515414	604378.5492740129	570651.75603054	572737.7255096058	551493.9973858648	556714.4524072567	529734.3932085864	512143.38270497386	505014.9100131682	483523.2799261435	464316.8444433794	441478.84819200163	423453.3751926155	392715.20041326404	362854.55515178834	334899.2936693548	297917.05601330183	256792.90774590772	207819.33385380026	142723.2262754292	73349.62279906892	20729.975006214692	-26971.474817454524	-71727.29877302184	-111869.81331205653	-153177.0948145722	-194243.831000523	-227746.09209318768	-273184.83697887004	-302080.62041877507	-347002.3452618828	-345954.3482886772	-429692.5215255565	-442959.07072165754	-455826.69706322014	-472818.69139880926	-564592.8644260757	-590596.0284072196	-633225.3744601265	-611467.9385595568	-694827.4534234111	-677880.8415191884	-763716.3669412034	-803573.1769590455	-781467.2797068644	-529465.148975298	-861055.8842996876	-900735.3954248808	-825163.5148546002	-1.0764405357863966e6	-881165.5168103375	-918222.4432941258	-1.0028041577456167e6	-1.1242134678469128e6	-1.080881174787406e6	-1.062937396463528e6	-1.1012346340248885e6	-1.1122506211150414e6	-1.0263016060101041e6	-1.1671453984428793e6	-1.241063335176623e6	-1.13964188534564e6	-1.2658258585799914e6	-1.219086074080078e6	-1.2518369396364272e6	-1.2726641505658473e6	-1.3121048826184615e6	-1.2966087430907039e6	-1.2307501031843917e6	-1.3582102921272388e6	-1.388171396193173e6	-1.3564674246344673e6	-1.290093241618418e6	-1.2810850853532483e6	-1.3862982721608835e6	-1.4582508754520318e6	-1.4566446260989401e6	-1.4334222697826186e6	-1.555105628712316e6	-1.5026150175256552e6	-1.4578987305867567e6	-1.3650325272340965e6	-1.5509235918941984e6	-1.5213569179232607e6	-1.530373806056118e6	-1.5449896622150368e6	-1.6473844338525515e6	-1.6223609903824795e6	-1.5193804309084348e6	-1.4931540612766324e6	-1.669127497588127e6	-1.4825182431037168e6	-1.4472335476891347e6	-1.6264097692693707e6	-1.6154568306205133e6	-1.647327601688468e6	-1.6448347915504589e6	-1.6399474752452555e6	-1.6025377823371943e6	-1.589599439099277e6	-1.637949813653966e6	-1.5985154609085973e6	-1.556617931127212e6	-1.5751427769136536e6	-1.5928111085629645e6	-1.6996392109303062e6	-1.6703643644521388e6	-1.5152835371978804e6	-1.5450543612480885e6	-1.575396846967441e6	-1.6730235783259517e6	-1.6177207708899125e6	-1.4930619093154545e6	-1.5414617104769018e6	-1.6910632878774127e6	-1.439437217426095e6	-1.5034081995760335e6	-1.5186059378682156e6	-1.6395845010791668e6	-1.4359011719534774e6	-1.5171388500550683e6	-1.5301759879141022e6	-1.3777672148174595e6	-1.4386201051331272e6	-1.4222258974557498e6	-1.4371645456625815e6	-1.4624514530448117e6	-1.5769426497656363e6	-1.3782618480443666e6	-1.4097485204459932e6	-1.4351858840947282e6	-1.4038215924189712e6	-1.439084015311576e6	-1.292512876736526e6	-1.352431234243702e6	-1.3375072136659124e6	-1.2700738222660073e6	-1.2374625192284258e6	-1.1517792245679982e6	-1.1756814717011955e6	-1.2179075219963943e6	-1.1630589513441967e6	-1.1647079693549909e6
762333.0997222794	762633.0785188976	762471.260684625	762600.0639961719	762417.8701793386	761926.2928052106	763285.9678832551	762122.4013872757	761477.7914346159	759865.7236638458	761065.3679880432	759424.4628696234	759679.9180749522	758714.764596399	759382.0499322114	763431.6800244597	757457.6328516148	758057.5666427361	756946.733688349	756930.279609153	745003.2337586937	755461.7733198251	757568.0046936902	757923.6800248253	742394.8171153388	750732.0103524379	742926.2195718213	747731.5446770332	748389.0479607999	741747.607628291	748503.4646019174	752596.9433219396	758683.7758386632	753664.7843129626	723336.6313408943	731884.5907362052	735608.1417675344	727999.2488822388	748442.739446172	724868.5539165426	710886.3864730268	713938.0195816411	732919.2421090696	712156.0811116186	711765.1288360532	705215.3108180645	708469.6046362992	709072.6036873481	700536.7208049262	679650.7638929202	710380.0916505144	672611.6916552791	688262.3635664971	680651.8420938817	679343.9670403088	667590.8171723189	649744.867467542	646370.0856301801	641034.1321388679	612182.5065397089	604758.1537962491	580209.2237316419	576402.4399398738	564107.4656242782	556263.446050771	548688.8128525796	528617.640703307	488251.32003767294	490061.5811270079	471076.7294696625	457548.95820697007	425659.02778608125	395743.3310667701	366860.9229992503	333575.4279494192	300324.0151922213	258438.55188257963	208656.707336743	142606.27929070953	72301.78434685268	18960.955732172413	-29140.496674333175	-74508.08010305034	-120007.44590443681	-156567.94653821533	-196305.58358739637	-234352.03981478087	-220216.93867638224	-289914.448076382	-241368.5865974101	-394365.87933801167	-419647.53978433186	-442736.45440019906	-481253.25607394875	-575607.974590834	-528384.2857300276	-592532.5612995848	-624466.8739801238	-690389.7743593352	-651523.8470548962	-661749.4307218222	-759724.3032664638	-856508.0132326852	-776212.8048960124	-774162.5879012218	-986029.9894605628	-911366.2575972714	-829131.2908037249	-1.1365758513917353e6	-972743.7657320527	-1.0370722177139963e6	-1.0061968125855096e6	-1.1094266828833718e6	-1.0688084183721151e6	-1.13641822459005e6	-1.0565767290362807e6	-1.0943245750304481e6	-1.1336686580940876e6	-1.1687615923235733e6	-1.083909995435651e6	-1.20704882620389e6	-1.305263283251749e6	-1.2844641214463266e6	-1.3186804635488782e6	-1.2343923291277608e6	-1.3003651748325652e6	-1.3800654307019447e6	-1.1988398092171454e6	-1.4042819331503902e6	-1.336589331660353e6	-1.3208522003674977e6	-1.391109624607847e6	-1.405950052355902e6	-1.4322875463280494e6	-1.4794147178984995e6	-1.4884799395344441e6	-1.4186834258671144e6	-1.7295708361553238e6	-1.540855037984154e6	-1.4291828136627655e6	-1.5094744618465304e6	-1.428770126526135e6	-1.5118051969048851e6	-1.6926940776302079e6	-1.629055435274962e6	-1.5807804145805591e6	-1.6473800212766605e6	-1.5090456599753404e6	-1.5231162913935068e6	-1.5595733619472645e6	-1.4911124835964483e6	-1.6169257001254684e6	-1.7163105402685413e6	-1.6855772820483192e6	-1.6139988952772848e6	-1.667557687956891e6	-1.5888635403159282e6	-1.643821151064559e6	-1.7350104341905056e6	-2.1070493987931064e6	-1.562338973431848e6	-1.4449267399804539e6	-1.6620341979770323e6	-1.6651455671229141e6	-1.654249408943023e6	-1.6814486665283153e6	-1.5913848156568466e6	-1.646805803515378e6	-1.976037076055956e6	-1.664269857633757e6	-1.7085514706478291e6	-1.6144828756805733e6	-1.6479364395014066e6	-1.5031358864878414e6	-1.6116800056819764e6	-1.6293452503468248e6	-1.6280233268327122e6	-1.5302225864574087e6	-1.5927631361873222e6	-1.6312701817713114e6	-1.6096248174954206e6	-1.5121100608510175e6	-1.4621280034456654e6	-1.4650511067588544e6	-1.4685992354957734e6	-1.4158510861737584e6	-1.483989071942623e6	-1.572640162139745e6	-1.5626307898471872e6	-1.5417725234758554e6	-1.4551024106169725e6	-1.4673603115229951e6	-1.4819166732794992e6	-1.3790704977463102e6	-1.314695943574107e6	-1.3675016547088958e6	-1.2847362024994357e6	-1.2445097954124282e6	-1.0765149633942116e6	-1.1638858606263213e6	-1.3704929810856367e6
779451.6518023715	779556.2255956894	779525.5379598635	779512.0085390103	779557.0403602144	779215.6558296722	779273.6995134611	766949.8287262807	779771.0854677721	778978.5179230543	778150.199523686	777491.5700685356	777909.9537357546	775281.9600003982	775901.7196502078	773689.601909569	774928.7521156291	774517.7450354409	775561.743521122	777788.9527742867	774845.1064381539	761336.9271801559	776895.709131126	772432.9949145393	766312.4178578603	794865.8970438798	756841.5148664035	765428.0466139445	768233.2678912599	758773.3470602445	762805.8025664887	758934.8551324839	762204.6243687957	775089.6288625416	761423.6117065656	752710.8975816786	747770.9815078957	754386.7275353621	750373.614956311	749313.0595688033	738330.2880697778	628939.5599304894	693878.4000420914	728295.5784102359	709476.0455661325	712345.9412017313	730078.5757301163	725736.8821319132	709427.6335793391	719280.4866840842	737966.3495062189	704926.5952598006	729546.5769668596	695143.2827169227	690567.9028463091	681306.9157653858	681717.4017715538	658017.1604956123	646917.5598629615	641965.2032108675	621526.7587441236	602923.3284950678	586396.6285421855	593924.2042082169	581610.2854672407	568002.31527429	547794.5633771617	534014.7703210749	525127.7027592591	483964.0358343012	482215.5297501479	457605.65865849046	428582.98832909955	402963.3515277078	371878.8322076231	338349.58624663326	307542.1452730258	259977.03948056168	209496.3066629651	142488.89155599772	71253.44513274363	17220.9008491984	-31811.542430485657	-67560.82517625252	-120425.16370104253	-159235.01553761942	-203043.4193947693	-242958.6111311445	-274247.051996096	-306688.58491469995	-347328.57386093336	-401784.5606803201	-390285.64361581596	-461006.22734357096	-523758.8978426498	-541758.2831755846	-547611.6774011136	-582994.1286125181	-621857.8776405195	-703375.6677970877	-678349.2681306149	-735648.5467790165	-767053.3488479606	-772151.6485482126	-754928.102421385	-891423.8596621286	-908770.2356131787	-891899.2765326379	-889073.6712020289	-1.0595665491639553e6	-843160.6650335891	-969313.2260807541	-1.0037262919046269e6	-1.1379985169116133e6	-1.0960535375222797e6	-1.2360499883184053e6	-1.0599812040289086e6	-1.154586023033158e6	-1.1310689778227143e6	-1.1870192303824034e6	-1.2864891799501325e6	-1.2529631176252773e6	-1.266461082586898e6	-1.2958559480193944e6	-1.1579173432799198e6	-953620.3525746516	-1.3189562328302523e6	-1.407939637089036e6	-1.382412827786122e6	-1.440712678228955e6	-1.4362636407572587e6	-1.4299868630411683e6	-1.4099034253111065e6	-1.3755749278018642e6	-1.4636116362369899e6	-1.396280136122155e6	-1.5575254141701816e6	-1.7336390163671863e6	-1.4678982777372056e6	-1.4649943358439377e6	-1.5798001056949468e6	-1.3472016973261524e6	-1.5039296591710576e6	-1.6239143344511616e6	-1.61056194662564e6	-1.4972400442870818e6	-1.4990476518918432e6	-1.5369885995628107e6	-1.362377554549775e6	-1.5926912102503758e6	-1.5518027345590496e6	-1.4808141168021844e6	-1.6030339572508452e6	-1.6866305166681265e6	-1.6168147791873827e6	-1.6144542576682281e6	-1.6992908310249276e6	-1.6856138651461354e6	-1.7343216151181213e6	-1.6777111346970084e6	-1.6091873806758223e6	-1.6517212589540053e6	-1.6836165635425434e6	-1.723798546426611e6	-1.708467389156527e6	-1.7050701868583718e6	-1.5966295269281678e6	-1.698940628025982e6	-1.6355054028217653e6	-1.9742405790904234e6	-1.6159513435941841e6	-1.6619616703786575e6	-1.5912808793643257e6	-1.6037331616000044e6	-1.5946452980730538e6	-1.595865739964306e6	-1.589997341371672e6	-1.6299970030120136e6	-1.5786561912573718e6	-1.541208559288439e6	-1.6539580055175633e6	-1.5191678108647235e6	-1.5635432199631373e6	-1.46420516828372e6	-1.4915565596818025e6	-1.463283630951788e6	-1.5121759787517102e6	-1.6010042215279944e6	-1.5628207900764802e6	-1.4890150609629294e6	-1.5429633644312099e6	-1.5302884900826998e6	-1.3827071450808423e6	-1.5054134740958335e6	-1.4145843121137095e6	-1.4407594319401234e6	-1.486716460959814e6	-1.2294655112956567e6	-1.2317312571392874e6	-1.1413956691395096e6	-1.4706004193454129e6
796762.1560561759	796869.3756099017	796826.9084384781	796171.8594053503	796344.4126030547	796260.9319598009	796428.1118037899	795756.0040659036	795329.2581295772	795601.6766841648	795749.0293441575	793648.2242970275	795311.8513235487	793699.6837367383	792598.5303649444	793240.7210419015	793414.9733063742	790987.6571646403	790160.6840440717	793828.7526539455	791868.0013324912	789508.8823506394	775987.2397367123	788048.2943868273	787358.1035220965	786362.7552717784	784922.0549776591	787617.8797388091	788467.1704684959	787081.2480936147	771447.0838912858	768897.6101718186	776512.8642665418	786366.835469151	783214.4924659706	763037.4269850431	759858.6466586462	759830.6448107222	767388.7510132375	742096.5788822259	771601.8562473063	757513.4441250337	750335.9456973607	731808.9024429173	749267.6358434388	744948.4712933523	731909.5671336043	729638.5461565398	722270.267894313	763503.0527366744	671896.9039797653	746296.1889425893	725351.535834705	719346.3629703345	710329.8081700203	685587.2134238584	696892.8491559292	681415.287048599	711450.2996388811	646471.3271850224	637144.7438540058	619915.0633059544	630197.6988473558	597336.0983056482	604774.5681023386	581065.7512344455	548711.884185048	541066.483313747	551235.5253354458	520966.9277825285	508973.7878871862	488506.2157779978	462234.9861427196	429566.3808496709	400731.05081750633	375523.8583288055	341279.71898149047	304692.5076895577	261596.27296805114	210336.72593688645	142371.05484043196	70204.60963003029	15436.411862502224	-34396.5380236599	-73017.970485773	-131187.24178091827	-152502.54425943788	-198600.19260799146	-242313.98188865214	-275947.52316453174	-306010.78193624405	-336862.22888035123	-392578.9612601583	-479053.2808561982	-481555.09230989666	-511074.1248845355	-596330.196006055	-541122.6923690664	-616029.7582039542	-657462.0411400329	-677914.7551880819	-694146.547593287	-714397.1117784232	-716579.0684545396	-805900.7058371888	-793430.431878498	-859219.6246445421	-818524.2334287846	-862294.053257162	-920021.5387901559	-988631.468022302	-995501.736782033	-1.0461341642366424e6	-1.0089098333117845e6	-1.1353334482420892e6	-1.103809765093588e6	-1.1140138314006084e6	-1.0941942044085853e6	-1.0895081741255103e6	-1.2621488313351425e6	-1.159041740868251e6	-1.2113755312463962e6	-1.3536737100841678e6	-1.2771040519424486e6	-1.222100341098465e6	-1.2888766927260368e6	-1.2864833395072944e6	-1.2495032665827924e6	-1.3529812227688706e6	-1.378821670731796e6	-1.3902971132648415e6	-1.34897158069843e6	-1.4911259860413559e6	-1.3934631242567406e6	-1.2198521730785246e6	-1.443815422262864e6	-1.5383156724609246e6	-1.5789291352375182e6	-1.7137187134410106e6	-1.6549156509113787e6	-1.6874204487548717e6	-1.5650108095658724e6	-1.289839490250857e6	-1.559135181928612e6	-1.5209586271155358e6	-1.557821390387394e6	-1.578315529367594e6	-1.5865120869636922e6	-1.6860423197150854e6	-1.5859148108141583e6	-1.5836751990931898e6	-1.571294269511956e6	-1.6107304752720986e6	-1.7515536748491367e6	-1.6454482482264107e6	-1.672729196962296e6	-1.6702700044683088e6	-1.7474610459424346e6	-1.7427457033517538e6	-1.7093594533977215e6	-1.6062026946353002e6	-1.6672540600574533e6	-1.74168375456088e6	-1.731613704745953e6	-1.6955175463853902e6	-1.6491593207152584e6	-1.723923063136287e6	-1.5350426172340468e6	-1.642744095042302e6	-1.7008180590537363e6	-2.040128272834742e6	-1.6875248262061472e6	-1.6407075380207663e6	-1.6270412995541824e6	-1.6850357298766864e6	-1.6898123364579533e6	-1.5889269690579863e6	-1.5820216974915154e6	-1.5883019875931416e6	-1.5009363474294355e6	-1.5967672849946981e6	-1.5510225008383335e6	-1.5391761272953658e6	-1.6144548177531403e6	-1.56405919467929e6	-1.5133137199950358e6	-1.530628619156909e6	-1.5763265727441253e6	-1.6560608680397025e6	-1.5684847539086887e6	-1.5848356951994516e6	-1.5041636013666715e6	-1.4291593065158392e6	-1.4330139388938244e6	-1.404952969093596e6	-1.399505524563263e6	-1.375352092908383e6	-1.377743103133208e6	-1.3082426514004585e6	-1.1817375749188233e6	-977270.6930909273
814268.1932617849	814360.59512435	814204.4775036566	814213.5606371795	814457.8007767638	813677.2485942896	812758.5778506083	813307.38751141	814412.3099591234	812822.5155561513	810209.5864982179	811398.9203209733	812880.5438813868	810288.314196543	809791.3124557664	810473.4856892314	810243.7545974839	810313.9633426745	808224.7580100478	805807.2664290959	807012.9393067296	803542.9838560685	797227.6434936281	788435.5640860656	807133.8423371378	810061.4817949627	797543.3112287592	781234.2243478994	731171.7034692212	801223.017155391	800006.608906249	791776.3824277606	794961.4706053446	784352.5313310355	790546.3550381486	806785.3568696887	788644.7147223479	769771.7259226623	766309.8940234322	781335.3135519198	760214.6015089189	755672.7361876296	783099.4485180993	723840.9019190908	741467.4712570417	742312.751936338	755190.7246778994	703204.644855666	735870.4949476866	694348.2201887239	757136.5605465481	733762.4874660189	721282.7810126075	733464.2912410249	685184.3634347226	717338.5018188178	690610.7208705733	692579.5887782017	695517.4860705838	652720.4853200617	659101.307397861	632682.8055720918	636817.4929864539	624397.772330231	609040.227437959	600951.793798987	574921.4579632056	561755.1341220702	525732.5440797976	554184.7835413425	539274.0909584074	505086.03269312176	492374.92957064166	470231.58076385636	439665.4085936193	410487.0500555541	381092.7942932676	340692.9667060194	306624.3352914678	263145.68335470953	211179.55364009464	142252.77999029768	69155.2082954481	13664.550993293466	-35047.20023924223	-72391.7672914106	-125738.69903710723	-169581.60864473163	-214319.4754622947	-249221.1129953743	-295903.6660726058	-302312.8834609632	-360846.10389244935	-392701.9211447279	-432837.45378568635	-478029.2435883517	-513174.3521776117	-572674.108266724	-541367.6770366477	-603852.9178286416	-679500.3003537094	-683183.0390153592	-699066.396173835	-726369.5138518151	-701210.1932588969	-775565.2547926204	-838483.1381003703	-822260.3461502534	-897075.2626355803	-918228.3711116498	-964816.2683770054	-986516.394158267	-1.016929904216456e6	-1.031944346547833e6	-947402.5646057865	-1.0680046433817302e6	-1.022870663610138e6	-1.1579072555225468e6	-1.0486560685811942e6	-1.1677984691676586e6	-1.1977998524188446e6	-1.1441589983197702e6	-1.2312277673296877e6	-1.2842929894225174e6	-1.3090592205695582e6	-1.2519421597640489e6	-1.250194403404468e6	-1.3499038468274958e6	-1.3865338768088329e6	-1.424392607590007e6	-1.3595195277918316e6	-1.2931440655215348e6	-1.3998578533611726e6	-1.4522036485931855e6	-1.4855813528504486e6	-1.4579610937394095e6	-1.4659345377173827e6	-1.5535881950980986e6	-1.5031287477752299e6	-1.7064206174405674e6	-1.4975331319640852e6	-1.7312489815195259e6	-1.3084014900655113e6	-1.5413807450516575e6	-1.5804672238776144e6	-1.5718531427600277e6	-1.5251414202619358e6	-1.5571501436088616e6	-1.6614185836469375e6	-1.673543110982289e6	-1.6747521634614929e6	-1.614831409717501e6	-1.5973937916621559e6	-1.5474333670686493e6	-1.8022866909212926e6	-1.670992574563499e6	-1.6493343276832835e6	-1.8947527726654694e6	-2.3164698199552214e6	-1.6472187900242286e6	-1.4160930492934813e6	-1.6153169521808825e6	-1.6592778327602646e6	-1.618544078387914e6	-1.7529614518143316e6	-1.6559350476073583e6	-1.7470757631611149e6	-1.7407853452994735e6	-1.815031769290144e6	-1.5909365145767217e6	-1.6766244270856632e6	-1.8898355095161549e6	-1.4883017156843022e6	-1.7222464594755862e6	-1.7298086141200964e6	-1.6860852242321721e6	-1.6891382892788327e6	-1.8909853176817014e6	-1.6400972173702174e6	-1.588529882137523e6	-1.6254365736860328e6	-1.659957378049745e6	-1.6000400246237265e6	-1.676997710731261e6	-1.5459662888554973e6	-1.5086205107272295e6	-1.570746695213145e6	-1.565571027767395e6	-1.5695289049096727e6	-1.6789877155513396e6	-1.6000882910958906e6	-1.4422954557865043e6	-1.5631397225007017e6	-1.4751983795183653e6	-1.471555348121434e6	-1.4555205438730745e6	-1.454296400078087e6	-1.351279932865201e6	-1.4397819080333246e6	-1.2237685629141605e6	-1.21171026071217e6
831982.9303959709	832087.5566853115	831985.4128101987	832023.9283286717	831319.19139409	831236.608556215	831488.5906205853	830817.8732208873	830446.9844226949	830371.2918784214	829977.2296642567	828829.2547764429	828987.5148938012	836522.703172653	829477.3728201264	828023.8152546645	824598.6625919185	828650.7329545312	823258.7792933644	825854.931117217	825664.5966300648	817699.4819253681	826029.0284043867	811875.6625406947	822755.406180853	825507.3193824135	819339.0742017444	815173.5378353827	808561.5013192508	810673.8686200876	816436.8506195477	815864.7617040242	799865.6128957933	802127.6260990087	807824.5914128844	808247.6383080136	788960.0791376558	811927.1610577819	789668.6538162166	781347.1962374777	777084.1187814691	746167.5117861013	796404.303821784	779007.8924403873	743219.8728683649	735370.6437332707	777155.4493965299	731026.5507410928	760104.1323137605	702564.6509878845	751058.492909586	760923.9705577972	732022.6408814038	745261.0829849134	737539.2045004747	725771.5333045258	703937.4767497052	732472.6123554364	666730.7170587357	713773.2433243191	673038.9936600192	676195.7028042898	661129.0012793634	674041.4456201659	677553.0297720877	631514.6410722872	628173.8083907305	597724.701633221	589767.5418866614	555806.1307958944	558376.5049212361	541666.4816822195	486523.1012545623	496394.48145758914	473887.0852130965	431584.6418203214	414645.32186618197	388913.4146053895	347585.18456841045	308784.8314550576	264757.8119318688	212022.29203648632	142134.06840997224	68105.26538944815	11894.07833825826	-39299.98292494693	-85113.4702724397	-112141.16306386545	-177263.333921018	-216854.87257481128	-257718.41405716893	-289921.45926906663	-326083.8291804927	-336124.44211776234	-426553.60899226734	-457914.7777141517	-411395.47328680096	-515529.1375887101	-637417.4885999351	-533319.6727320135	-467273.163153792	-669597.5864999387	-677252.9005646114	-716607.3664667681	-719836.6099286899	-746396.7307262104	-766512.8465578742	-871126.3089531006	-808033.0520702719	-899155.8472689872	-974411.1474006232	-997957.5671161385	-953424.8944235211	-998142.2172425063	-985511.1796702668	-1.1122526460457812e6	-1.1792306567103849e6	-1.1054514390861173e6	-1.23242572514363e6	-1.2636904272545488e6	-1.140311258451978e6	-1.0981111053421057e6	-1.119617463103973e6	-1.2851951903886e6	-1.2565185025684703e6	-1.2210010010896276e6	-1.2931996227625748e6	-1.3118123190567382e6	-1.2874818096393454e6	-1.3988341656147605e6	-1.4097873203147352e6	-1.3764398688592336e6	-1.585686087938548e6	-1.5390131258300496e6	-1.4492199447395112e6	-1.5217733701824883e6	-1.4671301386728468e6	-1.5238307263695775e6	-1.574060274978171e6	-1.5801314008658892e6	-1.4761811376765368e6	-1.5621852077139511e6	-1.6621160342259705e6	-1.5538083025318603e6	-1.5950347691492795e6	-1.5557263518038825e6	-1.4613815637192486e6	-1.6380564870989567e6	-1.6879280919548739e6	-1.7051096393690128e6	-1.5881860056070571e6	-1.6950530954002878e6	-1.7471315829900121e6	-1.606761061119189e6	-1.5679259389498176e6	-1.7140431220028577e6	-1.6719362876834641e6	-1.9491533696236028e6	-1.650794273750782e6	-1.803719423047666e6	-1.6339703069078284e6	-1.809677627122074e6	-1.8126694272968709e6	-1.6236759270607987e6	-1.7275090418924973e6	-1.6664218343635579e6	-1.6419518057611478e6	-1.836836823358911e6	-1.6508813347990066e6	-1.7709351367985322e6	-1.6815990256671691e6	-1.6672073392181345e6	-1.8839071355937119e6	-1.659689045414111e6	-1.6598277435153625e6	-1.6733211530866907e6	-1.6387264418068603e6	-1.6365525988795606e6	-1.6933961863391367e6	-1.5504166752641525e6	-1.7346597753071757e6	-1.6380298862904715e6	-1.7090804917219267e6	-1.694879561213308e6	-1.5196335461161905e6	-1.5322455249385466e6	-1.5567080329033267e6	-1.6208252295114866e6	-1.7024989634403135e6	-1.5854749684039676e6	-1.6079892388886544e6	-1.5806565152478025e6	-1.5892915122466537e6	-1.502126973329536e6	-1.542423154869591e6	-1.4996545169836855e6	-1.5672887013716232e6	-1.465761673942116e6	-1.4623867580266725e6	-1.387076302432104e6	-1.3644871117040417e6
849973.1530070349	850314.759217845	850318.4262722293	849950.7712556805	849902.402824384	849326.7513676806	849362.0331354408	849047.3365352233	848557.2346611803	849028.7428526329	847815.1400192562	847954.101387166	847985.8327480963	846089.6205079602	845640.7182331737	848725.4278996704	845627.9264114706	846850.3980820298	842611.2790742107	835874.722315526	842259.9474302321	839759.8111745752	842793.7509389612	839099.7537300391	840652.835476507	828671.8584128461	829706.9257590794	832972.2734177134	824483.4311259438	826367.1746031404	822109.2506412764	829109.1802758535	841268.8187864751	827736.8782598183	824185.2318793873	807648.3341514166	805407.5257359513	826009.8772789098	827456.4020112557	800767.9610118114	804735.841646293	799993.3176236667	809953.426645211	816490.818362067	784869.7364862314	796009.3346531864	824397.3934248607	767194.5226591593	765906.8945657464	779936.9247200189	777634.7536368293	768616.6525481644	756356.5423671112	750258.9645777696	773114.7243189346	754718.7321493486	726549.6696086167	785931.2701477332	716536.5320413364	764144.6858462859	738885.8503664229	710790.8021218798	693336.074514726	679463.2994205232	674091.019830635	670372.0773934952	609229.2250071489	635829.3845804867	615513.3132064594	577503.5244193764	570377.155147807	579351.2444108871	549024.5672752054	540143.637482469	490622.2600372448	478731.03219219	450612.17901309923	405913.73730045295	386321.1342867228	351158.77619041485	311619.6010923725	266308.22088010545	212867.07710105722	142014.90372426558	67054.75671224168	9998.613885988772	-40783.559274325555	-89376.68926328613	-137996.8708624639	-178108.1008289252	-224433.6221942177	-265848.90684530913	-290348.4201603409	-329831.7730820056	-396444.4379156612	-430186.6570193901	-455556.334530765	-483777.8522566774	-499385.262534607	-587672.7588547291	-562072.5603717132	-656471.4482883848	-684638.0856244469	-689580.234307735	-741818.3047559487	-771541.9995131218	-780768.5903854333	-829498.6792960786	-809590.396300104	-849576.0398952062	-972480.9629819754	-849225.265061789	-976362.7880979017	-1.0932101643251653e6	-958660.4875028625	-1.053004341936748e6	-1.1360109617951568e6	-1.1075761593267755e6	-1.2153101997290817e6	-1.22482213240103e6	-1.137913790986095e6	-1.2308630072314225e6	-1.1675666779137983e6	-1.1123923911138275e6	-1.258813749661541e6	-1.2494499588964465e6	-1.3442256156137798e6	-1.416777972664306e6	-1.2922969496951005e6	-1.3524233494150992e6	-1.4914075071455305e6	-1.3946035241644008e6	-1.6046306194476788e6	-1.6474317648098166e6	-1.5238884170670758e6	-1.5057936517189168e6	-1.4695358905243538e6	-1.4564447149565818e6	-1.6145602533827925e6	-1.4659921689882271e6	-1.8187007001232686e6	-1.628219879171061e6	-1.586286774660388e6	-1.457457522213088e6	-1.6654970135021955e6	-1.5095902470766094e6	-1.56985787358006e6	-1.6213133828373759e6	-1.6571337344622896e6	-1.6315136854116467e6	-1.5379537001310508e6	-1.6282964688448783e6	-1.7227672969445214e6	-1.7764124219357138e6	-1.6049337698229174e6	-1.7505397003310476e6	-1.6581694451938518e6	-1.7565051103999023e6	-1.734086881317263e6	-1.6933321241577026e6	-1.794848959684425e6	-1.731787444631739e6	-1.8546138791360604e6	-1.6356626278473982e6	-1.7580637885756209e6	-1.7878024701182744e6	-1.7549363131639496e6	-1.7061252730775257e6	-1.795489203189366e6	-1.6618400145865618e6	-1.7595839773787372e6	-1.7193305142796235e6	-1.738679012069724e6	-1.935665563815447e6	-1.7964889641454192e6	-1.7057919978141086e6	-1.8194750460560797e6	-1.656571501356455e6	-1.6150895536538707e6	-1.7582839200937608e6	-1.6414303835911262e6	-1.7751027184213987e6	-1.682225474089366e6	-1.7517251104639778e6	-1.6909909527179329e6	-1.5837023930840944e6	-1.626537552874363e6	-1.657075177470583e6	-1.637284875229632e6	-1.62710987246473e6	-1.637351287856487e6	-1.396820729314358e6	-1.6194296691330797e6	-1.521199897176112e6	-1.6113671757580983e6	-1.5287825684640459e6	-1.4784260519258478e6	-1.4789462590022548e6	-1.5116169335533362e6	-1.4545835871178252e6	-1.3757671158142597e6
868162.3506627718	868326.9035058016	868314.5236780412	867772.7192101334	868114.5223048729	868687.4780149729	867004.8430136703	867649.1645746041	866241.8341567484	866350.3406449368	866154.9339965205	866144.6497085096	864439.0202751439	864042.0197997377	862196.8890141433	865046.0318533954	869816.4491078656	859479.5857124107	859170.6797354663	863599.2313883359	857639.2789931432	879273.6229114383	853534.6555937167	851337.4157820441	857286.2027543867	853119.6997727009	851262.4585070915	855779.899884599	834960.6830167507	846420.0345695405	830927.8388463939	825331.6344676798	843395.3691952897	866721.3285604268	794384.7139200977	833567.4633888899	822255.1525640427	844584.5097067847	830914.2408174397	813903.4742090962	812531.3664171752	819274.5201101699	812489.9000721651	795316.2289016992	735907.4005429237	705951.563286375	776396.785862355	760761.1094458343	788935.8827585478	815550.4360369288	766646.7102852031	786407.3220497125	778881.6442803727	803289.726104748	723882.0414820197	769126.6047705917	787945.7057039575	820366.4716354334	728909.1872570943	725163.7443548739	709938.2167279047	705526.7191894148	722912.7180561009	694769.8132603872	641568.1496868143	654809.7609520177	595841.3063401596	647329.2300684287	640313.420812733	612824.4768936839	594477.861004652	605764.5874523383	560642.9171557568	576164.9961050956	538765.2069278434	512541.4001976939	476067.35557927826	450601.00110722106	424805.9533673933	396431.8571813644	355702.05040114804	313746.1892703759	267906.9284814698	213713.47538283374	141895.31901941588	66003.54606730823	8174.461347787641	-44176.09377727733	-92749.30175152508	-135382.0113811866	-180217.80333310325	-232946.1077978118	-268320.10176634375	-307672.98772485094	-344083.6773774552	-388485.80582982796	-425433.0331232836	-422330.7607218937	-490241.1081482864	-551155.3621801503	-616906.5586214429	-567150.5827563931	-612023.6625151695	-701065.7583339666	-681089.3754670811	-768581.6406203294	-787077.0188539955	-767907.3267348106	-713698.7096588912	-775396.1049646628	-911731.0523114677	-928385.8937825253	-933151.2271502216	-954896.0429704173	-1.0200047285709693e6	-950134.1268973686	-969183.7323421577	-962703.4088180508	-1.0723823986692494e6	-1.1221594488536255e6	-1.1228388822372498e6	-1.1695086561548174e6	-1.1707756301903806e6	-1.4149665047622568e6	-1.2092884898000474e6	-1.3260493329366795e6	-1.2510985420698589e6	-1.2721029770474965e6	-1.294438335204709e6	-1.2419770184485866e6	-1.4577715841511425e6	-1.6295213735836972e6	-1.516794294039857e6	-1.419898938996562e6	-1.451195106593756e6	-1.4512939301416178e6	-1.389610353490581e6	-1.4556914775706746e6	-1.4471209211304511e6	-1.4318222256798646e6	-1.557255781786573e6	-1.529743773887182e6	-1.551475979830851e6	-1.5502732366773614e6	-1.5020941303461445e6	-1.6170316340131168e6	-1.6046293918115995e6	-1.5577007289773414e6	-1.7143697004425842e6	-1.594245446282197e6	-1.658909584341066e6	-1.6982183462199867e6	-1.7545171021699463e6	-1.6558768708222602e6	-1.6940055541433692e6	-1.6570407700504526e6	-1.7306585620111655e6	-1.7345237127242344e6	-1.8165262463511778e6	-1.7425266512021394e6	-1.6555827413342264e6	-1.8060460706541133e6	-1.7693674115493456e6	-1.774869012209257e6	-1.7655777017852087e6	-1.7685134208840607e6	-1.724371500751629e6	-1.7705634909712523e6	-1.7426832341723759e6	-1.7185183850985668e6	-1.6919809772775564e6	-1.7611648906889781e6	-1.6779710043874811e6	-1.7485917269935044e6	-1.805192010536822e6	-1.7730168827173929e6	-1.6896989564876012e6	-1.7152681391339023e6	-1.904177676595238e6	-1.6635721184030813e6	-1.5942964541859303e6	-1.7492103360712957e6	-1.7086586232155045e6	-1.601585044835396e6	-1.779639513059102e6	-1.6578645387728182e6	-1.603381414610809e6	-1.6727534499593815e6	-1.643819077206361e6	-1.609258627427137e6	-1.625970786933103e6	-1.6294517369579193e6	-1.6263377527714013e6	-1.6534674243112463e6	-1.5838437362753977e6	-1.5472126921332143e6	-1.4454551160468068e6	-1.4930137348421752e6	-1.4564024329060067e6	-1.5165186919617653e6	-1.4613564520804593e6
886659.2269332199	886642.4382743592	886555.1260195465	886493.7993797222	886969.8676261413	886429.1451888524	887472.0295285115	886446.5596814097	886264.9635289832	884636.689725029	885295.7971596334	881265.6351592976	883637.0848415284	882318.3223207927	884077.9240773569	878943.9720295246	881709.8884903048	881551.3161133761	882154.9047012093	874935.8828214803	877004.0620557917	879939.8661009173	874442.8190056455	887895.7934403841	874174.4058095363	868771.6428226944	895122.8757699896	862028.7231963963	872765.1059986921	859857.5529071081	861223.4763566038	840414.3007476762	844934.8871444425	860162.1064992393	836859.3770021409	830116.822579569	843783.5080267905	899900.4740814085	837351.9923485431	808212.1177828717	843229.2784899255	840803.7974301439	818856.1730390785	816445.9598715752	820480.8941796292	813230.8356657547	807945.8590016819	793671.9344081567	787911.4092274946	783130.1000618027	813431.59097596	818267.8580283565	820304.6302341779	772116.5869863562	759530.4159136796	753877.7833953844	870098.7479644332	851736.6404550108	754566.3608768466	761642.6206907849	735784.2874825653	724118.8376398131	736533.5995774353	702546.2983794513	698462.6264138448	678078.1835328785	643256.2832570919	527389.0765819625	698741.5889359463	641078.5418304715	624784.362480639	613809.7243132151	622031.7721171863	567589.0137579765	551703.0569235962	525067.8281468384	508050.41419552936	477676.09640934895	449679.37753706024	427896.22626913263	393978.5434927664	352224.63359898835	315298.75111309177	269516.3477354621	214561.06246758363	141775.3024968002	64951.621647620515	6293.703137476288	-46644.698655203276	-97647.89299937087	-143446.18308944482	-179148.2678386218	-241667.2350930111	-252791.45274952665	-303265.0782796669	-333829.61402914097	-399950.15078626265	-451038.807991338	-482897.08557386935	-567644.175406829	-501026.620882916	-596085.3816949702	-422090.6722056424	-627475.9990569907	-673012.4730531035	-729815.8637866501	-716291.5587261899	-763133.3628887106	-782403.0401659533	-787503.1353311106	-892484.4685160937	-870218.4849298289	-957321.5945425176	-969107.2798501367	-1.0143613551245392e6	-1.178309190959073e6	-913190.7682516163	-1.091904073146864e6	-1.1470956552207535e6	-1.2508236779306019e6	-1.2097036883100793e6	-1.111656941567687e6	-1.1801500467389238e6	-1.101702312489321e6	-1.2156276500106535e6	-1.308899474517143e6	-1.3093133019805881e6	-1.371800172895196e6	-1.3419350836316082e6	-1.3181178858821492e6	-1.5165734965403888e6	-1.390796793960138e6	-1.487383522793694e6	-1.3752986980492002e6	-1.3971390887925369e6	-1.4376023731334026e6	-1.4246580282906676e6	-1.6987509949974534e6	-1.3309812224103725e6	-1.420540648271701e6	-1.6754049089632868e6	-1.50130837587335e6	-1.6772300004038932e6	-1.5921472675202715e6	-1.6933517633366906e6	-1.653349228169783e6	-1.5968059551884746e6	-1.6002644986281374e6	-1.6448140027259085e6	-1.644318847460018e6	-1.6246691234427094e6	-1.6444175034068627e6	-1.6798971942382385e6	-1.8099636494658012e6	-1.622413291171858e6	-1.71701251885767e6	-1.6237199306682153e6	-1.752276327793107e6	-1.8116179755295939e6	-1.8148858451135973e6	-1.6915489820042918e6	-1.8797686507905843e6	-1.7921391999175064e6	-1.707852549578942e6	-1.8674421142669655e6	-1.7998028996282597e6	-1.7140637543144762e6	-1.746212549242414e6	-1.893107156649853e6	-1.5847635503035719e6	-1.847147924648941e6	-1.7408555265700286e6	-1.78763309411718e6	-1.7295751716624093e6	-1.6623733797985376e6	-1.7901921951659275e6	-1.7252568574145734e6	-1.8296667453762735e6	-1.9686253831618899e6	-1.7213373719333285e6	-1.6992350969908582e6	-1.6294139961280492e6	-1.6468143237735662e6	-1.667210575632405e6	-1.774506691216879e6	-1.7380797487681503e6	-1.7175493141539064e6	-1.7298039043598832e6	-1.5176692007250558e6	-1.6738000254541188e6	-1.5317044035841774e6	-1.613913831563694e6	-1.5842163708918397e6	-1.6510416979019535e6	-1.7693297090471066e6	-1.566939065700103e6	-1.6088649779613074e6	-1.6843826308049369e6	-1.500693975039353e6	-1.5139408934230811e6	-1.5312917879052742e6
905304.753459841	905456.218631243	905878.2104512776	905460.6169870374	905104.518915402	904932.6009872402	904293.3362354625	905868.9750144241	903959.6075343457	901292.3839252326	906986.2838817963	898013.0806348987	901117.9281594278	900441.498033502	901708.1881477085	900595.3625434975	898572.0749471015	895654.4668290457	898578.1899414766	895282.3722785295	892374.901134796	893808.617388238	894463.5713512804	895526.8265563285	896315.2129986461	878923.5277588998	910056.305035753	891179.7545297851	850186.5959134795	897789.1725704002	877392.3523708767	878170.3686784735	860686.1654489607	856197.3249135575	879476.6535579751	872603.326779362	870788.0889168316	850702.1746880419	838669.1252194222	867190.6076732851	846618.9559775137	847722.8613166152	829218.2447422064	826337.835015953	822828.7224357198	838743.3568327271	805896.8134387927	870030.3061417609	826460.2867793802	820828.5059808895	823951.7851251496	826585.3518931845	766180.3628601446	813368.0914169913	807461.7949723671	785470.8174375056	788197.6674752275	899924.5816911394	778691.026733479	774854.1754823127	774346.4591029584	759342.8357074428	735494.3463523763	717788.946020527	723696.5548214293	746223.0825099738	721449.4575933102	641871.8162263285	664951.2551892861	644178.6348227649	651489.6374815255	646768.1761598922	611857.137434942	586438.3499711261	584927.3908101593	559527.9787142167	539386.9810314353	513801.592455679	477567.71413750196	463965.8327313889	428904.16771777807	392388.6491857252	362261.30976228806	318356.7931447543	271130.2013674995	215410.29065995204	141654.864976432	63899.11120172206	4621.542700106162	-48882.037902164564	-99790.88258891535	-146340.10318110912	-177305.3709715823	-238498.10856746783	-275454.85530831834	-311557.46758482157	-371896.87434687413	-290760.79829284194	-455143.1476537532	-470981.22392222803	-519653.8543627372	-557388.8610400269	-541382.2933013036	-587853.0882728724	-642744.7048801831	-735390.5243810602	-699987.1149117865	-730720.7322527121	-800216.6466768044	-783281.1825181888	-853605.5639060936	-919010.6001868416	-909327.7773012021	-936522.5110476089	-948080.9663661704	-952426.043194362	-1.0125761587216598e6	-977260.5544165215	-1.0141327249385612e6	-1.126334608409458e6	-1.1147521837758932e6	-1.050355745676124e6	-1.1959374694599474e6	-1.2007135686287205e6	-1.1845790351063828e6	-1.2010087608642823e6	-1.3425075422131245e6	-1.413772619853734e6	-1.3067467021719927e6	-1.3726238742653688e6	-1.45942567535719e6	-1.3512863853304884e6	-1.3712373237600035e6	-1.3167806369972294e6	-1.3990522003250718e6	-1.4625511153662407e6	-1.4416773941679045e6	-1.5239458416517347e6	-1.4365450730805625e6	-1.3959364735332942e6	-1.5756007821918346e6	-1.6376707656516237e6	-1.594815084975422e6	-1.765020267604468e6	-1.7383284563289564e6	-1.660310441099598e6	-1.6490228322409522e6	-1.791181237645843e6	-1.583691716201274e6	-1.5049596484544764e6	-1.687382766293413e6	-1.639375416025871e6	-1.6671502845266093e6	-1.6417270042097727e6	-1.8126016697668564e6	-1.7549931770584662e6	-1.666911219124077e6	-1.653580968844351e6	-2.0226212830242654e6	-1.7588377558677406e6	-1.7710924521431038e6	-1.855767323052267e6	-1.7025787809840487e6	-1.7179360489338376e6	-1.8677194420161103e6	-1.7913159366601794e6	-1.7972097336947797e6	-1.808054721818854e6	-1.875808477323568e6	-1.8370883831227557e6	-1.9199652282201345e6	-1.746586648456879e6	-1.6510640417663897e6	-1.797179889970167e6	-1.8086785274759745e6	-1.807812838631134e6	-1.817697335311077e6	-1.7359044156976766e6	-1.731697672881795e6	-1.7935638574946136e6	-1.689329968924197e6	-1.7704050617351672e6	-1.7038514062499227e6	-1.7151087855472756e6	-1.8481318477091258e6	-1.8512867588281757e6	-1.72852045644212e6	-1.7387955153917507e6	-1.8477809043193539e6	-1.645961546039987e6	-1.5922816832333053e6	-1.6362944211651138e6	-1.6929079416253474e6	-1.6443377006914285e6	-1.922954657167187e6	-1.658783520814123e6	-1.6627106351433867e6	-1.5063936615277189e6	-1.559201099523907e6	-1.607115469635631e6	-1.5429584999815635e6
924241.3564280765	924172.1704517367	924629.1628948707	923501.5571605864	924142.6910267948	924059.2846935983	927096.5331358436	922952.7440518442	923079.7924170698	926812.1974661307	920695.8476496118	920855.3089292025	921436.3462996061	921659.2079478228	921844.4913782694	915567.5222085149	906291.8426899124	916010.8913576547	912164.4602154857	915905.643737778	916311.1542834807	929412.6246882789	916481.8305051319	914240.5461759616	914995.1790021106	907336.953886911	908069.3763299775	893074.2076577411	889905.7555121614	870011.5084187891	894387.2304869886	896758.5667945718	896295.1149737616	871229.744032564	901388.2158338389	903238.1418653606	875319.3253340952	881765.363621146	877730.4817190261	890358.9190798101	873261.5905643206	745010.9210337453	850846.6117119091	847679.1021810783	880483.9737575885	883467.8539809912	868993.6852487935	821820.9225894832	901546.1145124263	845345.1168645995	774531.7909189591	835848.984883445	873742.8950191834	807031.138323261	816306.1897336068	812012.5604426179	807596.2271557526	939665.8044553436	822147.415610741	827616.0949930276	776277.6604773989	789751.4384394119	756967.8486164536	740977.9686596412	698465.4544922545	644304.9473710591	814143.6156818976	722231.1827203443	682573.0881622178	682164.6058100197	643933.2669580504	644862.4506969242	633217.9646683808	630956.896078258	598846.3396120346	591015.1032437398	551464.0247330086	549048.4475568628	515427.74519226723	505290.63735432364	470226.383691197	432582.25377456634	399155.4025992729	362244.41179801873	321113.074165824	272793.7216220055	216260.9527922136	141533.99535738153	62846.5070667041	2990.6260391823016	-52786.60491361027	-101827.09293381765	-157103.62462483835	-184842.02540082892	-245121.9204760649	-289018.9433398186	-316919.33801456005	-358843.9150756581	-411830.4080721091	-433038.1575956603	-506529.784436791	-512926.01220770064	-552122.1026702151	-595659.1823310298	-608230.4688215912	-675619.16194632	-720960.6331909047	-666233.0332714545	-743516.3274964252	-862072.638597731	-767619.0590724593	-811951.1801788337	-891624.7325419153	-929490.7069619736	-933944.046453964	-951138.3457777179	-1.117190843364112e6	-1.0322298700290252e6	-1.004774398024082e6	-1.1032593513063944e6	-1.13952250706492e6	-1.0344157708333079e6	-1.1560101447840042e6	-1.1656699210711985e6	-1.2135080957768273e6	-1.267070162516891e6	-1.235167387383511e6	-1.2974845628166674e6	-1.3760286358304124e6	-1.56313573004556e6	-1.4134486356223873e6	-1.196786466707676e6	-1.3119739899084682e6	-1.423591159717012e6	-1.43001422520907e6	-1.4742193048118367e6	-1.3632397340576372e6	-1.561073088113821e6	-1.6127723958687596e6	-1.4139632894098388e6	-1.4158683440375798e6	-1.6066791879782407e6	-1.7035830313591156e6	-1.38971714354689e6	-1.7347223537005186e6	-1.6948382978115915e6	-1.5450729755081625e6	-1.7158329826059197e6	-1.6549988209327045e6	-1.562511275451562e6	-1.7193796667770273e6	-1.6587274136093725e6	-1.7024290426993761e6	-1.8343459829425425e6	-1.8849545106247673e6	-1.4938261896519018e6	-1.7788901057677013e6	-1.863254265775449e6	-2.0175356364479908e6	-1.7634020551030277e6	-1.7506977154467865e6	-1.8543739073129944e6	-1.6745681619913294e6	-1.7843209499276788e6	-1.9853797566947802e6	-1.8022640705526513e6	-1.8824268390699695e6	-1.690945623340949e6	-1.7777062287399354e6	-1.8048775702005103e6	-1.9048791438056207e6	-1.7120683931938433e6	-1.7862694175365404e6	-1.8330452018142254e6	-1.7780709961066362e6	-1.813569104186147e6	-1.8601051222445983e6	-1.91593502821978e6	-2.4573478473342904e6	-1.7837515922104116e6	-1.7926068835313004e6	-1.5891564056278584e6	-1.874957781994131e6	-1.752609610310644e6	-1.772896071169007e6	-1.7932086644560588e6	-1.807098601003936e6	-1.8002382285879743e6	-1.7746715321123968e6	-1.7276345546289491e6	-1.738330522995193e6	-1.7157223887280193e6	-1.6166224711458487e6	-1.64721017897909e6	-1.6300406658866582e6	-1.6947316031780136e6	-1.6241207260940187e6	-1.6685444670149847e6	-1.5964018592736986e6	-1.589769781247926e6	-1.577060893053465e6
943292.2556281247	943442.520539009	942963.664677358	944928.7347791544	943341.7002191027	941783.2339791185	945274.6188645998	942078.7317004089	941889.6610560335	943961.0511764672	941401.6709569141	940615.8556789918	942525.093559509	940089.2247901594	939334.0271764472	913508.0759721966	942411.673448821	944833.0983461746	872467.983848195	927975.3790631881	932807.149952437	923997.7089224549	894867.889948119	931953.2751956799	920658.7765763288	931465.4517710768	943734.6154472466	931110.084597257	912309.3401729735	906433.8587020286	901860.3117763957	911751.7850813475	899411.3156798485	910314.2753297612	921414.8719269831	913384.0658758394	936534.2370623305	908153.3030514936	847746.3461292067	892035.2601515732	881402.5642776389	898164.7218401411	875737.3994557506	883623.1520016814	876859.8973225472	855232.35693355	870639.1630945457	858775.6721742327	867207.3582886956	890516.4041091568	859533.86953768	870204.6652015044	896726.1407023955	891629.6294774989	853730.1498123354	864976.6628217408	815455.0529542881	795242.8098768925	845359.8054642428	836465.8790882449	801217.7928765758	772255.5250265172	761162.0896360207	750486.0630959432	710976.7433329243	731117.7842602497	780089.1933977994	759951.2388951393	687459.484162726	674997.3646424314	684671.8156673732	687070.9629329608	658160.0159656487	686168.9516994017	621818.5174185587	598716.6532322103	618821.0273746636	574771.3728367991	543258.405548121	521602.9678420946	499307.79512301926	468086.96319382766	441939.10728101037	404389.51160901994	365039.7146701148	322900.0326366646	274290.3103325169	217112.59488859243	141412.71165804297	61792.59756606317	1066.123685855884	-52916.808739306405	-87756.40736690955	-150694.13934441912	-190244.44450586615	-240409.06218054227	-298538.918776155	-316174.50146356854	-369012.08160094125	-406781.8700888164	-452901.2917374304	-486035.9190242466	-502657.6122004725	-585476.4418348772	-654665.1746123498	-612777.7191524035	-657186.7767281311	-783481.4666417006	-659777.7353327689	-788408.4970791228	-755810.8162929816	-772944.6164684768	-699764.021007105	-886968.349151649	-842945.7862402254	-1.0434418535596458e6	-942188.6221677586	-1.0644331543964471e6	-1.0678746810289412e6	-1.1256433960043457e6	-1.0397025184907734e6	-1.1441905212527323e6	-1.1274565635080747e6	-1.1650793455132297e6	-1.1782901567666738e6	-1.0398919137685136e6	-1.269230324872991e6	-1.2170240764960023e6	-1.3244922744835461e6	-1.2933384175903467e6	-1.3746404510409264e6	-1.3959406863685423e6	-1.389412708175609e6	-1.3817728752925014e6	-1.6307702363708299e6	-1.3479245354157027e6	-1.5191221317045996e6	-1.4992235134569092e6	-1.3965773655181257e6	-1.4703229600136313e6	-1.4801877580248455e6	-1.6140942955003935e6	-1.6056138803111208e6	-1.525192587901221e6	-1.792402112443814e6	-1.5834655365312523e6	-1.6630026640546168e6	-1.7540270024890904e6	-1.7140947456116262e6	-1.594250055746696e6	-1.7172736566112828e6	-1.4457078546940223e6	-1.7360854946429841e6	-1.751476154052184e6	-1.7305904749775464e6	-1.830946706945275e6	-1.8654149300738368e6	-2.0451276070913207e6	-1.717250055289038e6	-1.666238067665941e6	-1.6939682528714328e6	-1.7980646882678657e6	-1.855427179837123e6	-1.810380460677612e6	-1.9087876258365149e6	-1.9095098581329645e6	-1.8778780175063354e6	-1.8658496483311756e6	-1.8115206603562557e6	-1.9573433557905797e6	-1.7871833209129428e6	-1.797182489326349e6	-1.6244874350076262e6	-1.8524866861233446e6	-1.6464995272983531e6	-1.7904583234325484e6	-1.8349735592914424e6	-1.8400960631667702e6	-1.8052718099818118e6	-1.8481009928529244e6	-1.7991146338295531e6	-1.818618876000618e6	-1.7679040247807903e6	-1.8382898762953621e6	-1.8129586674175537e6	-1.8598064233118496e6	-1.7016611962970798e6	-1.8345804956192276e6	-1.839699161037154e6	-1.8033722225638959e6	-1.6776973652508506e6	-1.717454225753279e6	-1.6097854713211246e6	-1.5815387764032143e6	-1.7033007300848775e6	-1.5809559738067207e6	-1.729075916472678e6	-1.715169277649839e6	-1.6786769026523787e6	-1.6180232380943475e6	-1.6508877028163788e6
962719.9758270627	962803.1934223825	962746.0587210767	962521.080714287	962275.7244408926	962473.3744190142	962570.3643763668	962551.5943566642	961727.0294672316	963046.6655609783	960276.6356915144	960387.2322898207	959063.450306417	958336.0146237488	954363.1291409823	952218.5301635249	946990.3537186086	958218.2097008631	952077.8272243862	949327.0793385876	944680.5813687692	953981.3939426768	947988.9132113049	951712.5187366235	952264.6466098176	943350.6829663991	941670.7527819733	944712.6798139361	935736.4007052688	933905.3735886959	887662.8758625578	936463.916470661	924018.2220737364	927868.2981471551	924087.9292591073	930321.7026377518	945169.7360052317	923952.2264560793	928601.3147771072	910126.0675415993	767102.4290006873	888900.8415457043	902586.8129669093	930209.8894487073	876057.385742287	898916.4967557759	946432.3502234002	875014.0557671142	918976.9253318184	864534.9786984199	907550.4888140453	838098.0212435712	884872.4593687807	880236.8884842192	883478.978597972	937872.1515407162	902403.9973154415	1.0292632680612768e6	866099.9295437164	867941.4594764526	814223.118365123	830018.902934444	844746.6347195479	817401.7156857257	703951.0059533201	777686.5456292655	747930.0349079145	813114.8928283988	743108.8378262613	742016.1258696677	680166.7093354702	669539.9126590863	725588.1605267626	668100.2138805087	662538.85311577	626907.9491903682	626938.0615913061	599105.2163878111	580519.921078959	562065.3126018639	510863.8679618817	494343.4317148017	475182.81608805084	429297.2952546071	402110.55980326794	365716.82927915547	325179.19464921986	275925.7883311731	217966.50551826443	141291.00979076838	60721.92277860176	-614.6914264255902	-55642.77544302819	-106720.69181882113	-153185.912372445	-198054.0453852443	-247322.69302105578	-312386.9163530485	-321580.1147512101	-377743.45103841624	-422641.85318540246	-464586.6642046552	-388254.91688245744	-547641.509587893	-584241.0759288347	-575675.3405792378	-615774.1242521086	-489448.93274079915	-721832.8019142109	-643744.5195134343	-770116.3356777034	-813256.597010396	-779089.9285178005	-780669.0431219938	-886683.5641092171	-872027.447471502	-1.0488568081461121e6	-1.1148301594962452e6	-1.0333686086879303e6	-1.144375814202807e6	-1.0770022872971226e6	-1.1147588107683472e6	-1.1898384661724872e6	-1.3339431762447436e6	-1.1800950374655481e6	-1.2601275660464005e6	-1.0568071142270726e6	-1.3132469804083724e6	-1.2849968407024017e6	-1.3016933578508468e6	-1.4924535091009652e6	-1.3876388636910769e6	-1.3291942211668545e6	-1.4567555025665367e6	-1.4613840310142024e6	-1.4112937554813307e6	-1.4129436870315252e6	-1.5487927768621356e6	-1.4875678378263859e6	-1.4994746949018901e6	-1.5241331568965279e6	-1.5798238050202024e6	-1.5942848440697514e6	-1.8280506215260038e6	-1.531453640283844e6	-1.6402946019095369e6	-1.6578811926502325e6	-1.7434043019824014e6	-1.6331145790889133e6	-1.6455529472174821e6	-1.5789452422368755e6	-1.6405803787420853e6	-1.821193282586276e6	-1.7310951264675828e6	-1.7961314837036221e6	-1.870956255342774e6	-1.7194612382183396e6	-1.7058779106458859e6	-1.8925786560246064e6	-1.7465728286255472e6	-1.6696743153210902e6	-1.8309375026502712e6	-1.787671712530965e6	-1.7089725722343717e6	-1.8666962204607264e6	-1.9549809695161283e6	-1.841340596496791e6	-1.7418504214051245e6	-1.73534749005698e6	-1.9302523748540008e6	-1.6817521571328398e6	-1.8826967957378551e6	-1.84338111723021e6	-1.6415047830973729e6	-1.7958562226747572e6	-1.8621798680956936e6	-1.8708702852686653e6	-1.805516284188528e6	-2.329523719809743e6	-1.8884440907288496e6	-1.808838699030479e6	-1.8068471571133998e6	-1.811475275774072e6	-1.8367548806399782e6	-1.8895377368637472e6	-1.8148665331151048e6	-1.8145106902405894e6	-1.7639361210423661e6	-1.850619130764415e6	-1.779819058452834e6	-1.6952649794291346e6	-1.7091437850682023e6	-1.7453342682665647e6	-1.5716715484731118e6	-1.6754602511909087e6	-1.7099993656922365e6	-1.6836681429355699e6	-1.6646391639537811e6	-1.7276240558140618e6	-1.3841782235593859e6	-1.6729115346380002e6
982288.8614724099	982656.2495653846	982246.4399088582	982246.3113776958	982095.7461474307	981768.9967997364	978691.3673372198	980619.0160386402	980672.7834928904	980437.1294524133	981269.3962262196	978137.0170779993	977932.0937306539	977280.5160207498	976048.472722498	973232.289645165	976268.6522879797	972973.1750071086	973145.4428246418	976042.9905506752	972404.0695574507	968465.2680192273	973167.1007665764	986375.4699268194	984827.5923079657	979111.5477746308	959647.4962481357	959387.719735482	956627.7532627061	956519.9264361287	948674.9530780895	950264.2087249258	948618.4062936346	928458.2756891665	973217.7995915702	932736.8538827391	921602.7200159732	964760.6494947497	914038.2908395289	809564.5799317034	940036.7794199327	920026.268625635	918026.0986949555	936259.9287763883	920581.2074336921	898201.4828837723	921420.9167666687	893371.7439899608	884143.2836925101	916764.9317089175	894739.879922234	881742.8841717369	876251.8510071301	860427.75017204	873461.3453858799	879320.8543981563	843447.5092690683	834445.690963714	906366.5489371555	899386.5709570288	837414.5373605067	827038.0408401686	806051.5779834203	763365.3126322156	805302.8746528545	767102.5613831423	896176.2879601985	731289.6022945913	757900.7264546928	781189.5118819012	734976.3645382584	697300.7595769296	694144.7250256991	736572.9030119607	682022.853243684	675443.9973071329	655635.9698708246	617875.5660564944	583410.2771119056	587790.2638371296	559284.4629792406	538577.5751034761	515047.86268526246	481727.985884893	445096.3897137217	406437.18050428526	370352.7205635307	327613.84808089817	277584.9372038159	218820.45170594647	141168.83619178185	59670.395895810216	-2320.105553465546	-53729.097254497116	-112512.1375716672	-160239.70606967842	-187983.73451501154	-272692.56682940666	-315436.28963492997	-295422.24025410856	-384561.28465601243	-424932.35953505663	-460706.11295556754	-515274.0669184325	-531292.3068430047	-567360.2492315518	-650548.3224057907	-643178.5812565947	-502949.3696491595	-784164.0784333358	-730652.1198797983	-775192.5307656992	-817736.7485950317	-904212.818377848	-907178.9194834104	-937005.9377734647	-908874.6654870019	-1.057191127606334e6	-1.0516550342633065e6	-1.0353819753262552e6	-1.1537562259262474e6	-959712.2582230116	-1.1989240995415035e6	-1.1469959854704028e6	-1.3199956219981944e6	-1.1868049751719108e6	-1.4111300570984192e6	-1.2969778884266717e6	-1.3310656684968665e6	-1.337567060140827e6	-1.3195890181076215e6	-1.4037174339772025e6	-1.3701541656602884e6	-1.4101096512550202e6	-1.4932721193359978e6	-1.368644385656968e6	-1.5762187951820754e6	-1.4945546814579158e6	-1.194419767618581e6	-1.459860507000533e6	-1.603421975861156e6	-1.526244509189717e6	-1.530448781755833e6	-1.6686850393601218e6	-1.5749927544172984e6	-1.4941734723531776e6	-1.8426103088784786e6	-1.6414809054457573e6	-1.7441746050339756e6	-1.7374182045420222e6	-1.7228764676579009e6	-1.7547763298463458e6	-1.67793013487603e6	-1.8321205884707822e6	-1.706788919283297e6	-1.7051475638319775e6	-1.770699894360744e6	-1.65909075326854e6	-1.831411176722554e6	-1.8841884201516118e6	-1.7688568427335415e6	-1.8108648515327363e6	-1.7873558869464626e6	-1.8222338282669662e6	-1.8863362241902892e6	-1.8411678221836924e6	-1.8760092306699003e6	-1.9003942293029497e6	-1.8549636805959237e6	-1.9341287646815567e6	-1.896121780830389e6	-1.8807140365338298e6	-1.8873784811686776e6	-1.8675365061988789e6	-1.8896816145966905e6	-1.7757593068555477e6	-1.874227300315287e6	-1.9133123702975227e6	-1.8345676529782903e6	-1.8884648066175575e6	-1.8721583248005812e6	-1.8542524090950312e6	-1.833931493328534e6	-1.828367646140358e6	-1.809498993597861e6	-1.6379045096810176e6	-1.8149343310843832e6	-1.862021946463842e6	-1.8209682903569038e6	-1.8360327870602435e6	-1.840231728219557e6	-1.6908612206634344e6	-1.7089211744005424e6	-1.733854741016597e6	-1.7507193133636327e6	-1.7217516361014084e6	-1.5817356379648922e6	-1.7339270862984047e6	-1.7644294068208644e6	-1.7461382148996843e6	-1.688154565177563e6
1.0021211800532411e6	1.0023575889568613e6	1.0020551835958551e6	1.0019239470699908e6	1.003035316091967e6	1.0009329495818415e6	1.0014447763542854e6	999566.5562531336	998082.0900621634	1.0024429147318124e6	997685.9208522944	997656.697253342	997464.9002728713	997790.411259623	998070.5325049686	999047.4571617824	993735.5371889675	999317.8421210706	988893.5389529809	991848.3603980718	969374.3819686605	986603.7242728203	993714.0486615043	980044.6013746428	989751.000374462	986701.8789750615	964522.8712150769	978442.0404510514	980100.2355691313	977642.868330279	1.0001203546321627e6	966911.0432521802	955101.6685343423	1.00177203775662e6	972638.289775956	938686.1335821974	974433.2899065298	960346.6428440039	843096.1547570475	937212.6156944084	892336.3916250311	982977.5362987618	957125.2294461939	994714.1862436332	985529.7105501363	933476.559979146	897968.109809153	912908.81325648	912441.7785244144	942608.281739341	907954.0875542227	868606.7685624798	889489.5413238459	889694.591312402	882032.2149532147	911953.8459072626	899505.8211962762	857620.9964158444	903532.65353352	869243.9286642349	840517.7623025887	841902.9773311521	825399.3129213289	914925.757118057	850963.8440046977	835540.562615691	817438.1631200975	785460.6155310528	700969.4331393287	820933.1771452795	767459.6706374238	742647.3590180606	717201.6412237546	713629.6752809777	699922.0757148103	718568.8863946381	676989.5757483323	655868.4937480227	619307.1944111364	607269.9344696794	580982.6345073695	573152.3579208907	541436.0786525125	517341.23623864213	482670.8641710372	452181.22455811524	415240.22619519976	373546.14197104983	329587.9014154365	279225.9252619903	219676.72053490148	141046.3296393545	58613.606198289664	-4321.290680396371	-53285.370843677316	-113994.16921444831	-163856.2501374036	-214683.78971668554	-254615.28180159337	-304157.7993029696	-315598.95041981246	-405672.79226803035	-424644.61331407353	-473544.7358574737	-490818.3695526784	-521791.7092895559	-566063.6204977045	-628231.5538900392	-657471.6295199343	-700757.2649940657	-772491.2577948875	-732248.2545155513	-782957.2025614963	-883604.5225170942	-873373.3933741429	-919166.0368273738	-895760.4539802191	-936070.5316133085	-1.0615473684832582e6	-1.0348843606798856e6	-1.0696323659945228e6	-1.0623651766801057e6	-1.029605628408229e6	-1.136485868806963e6	-1.163033021437547e6	-1.2014692611032114e6	-1.237177292506623e6	-1.3111115663222184e6	-1.2702103554328121e6	-1.3399746107820398e6	-1.2395953037225287e6	-1.376687089664998e6	-1.4045055768887657e6	-1.3652187745522622e6	-1.3522145941023487e6	-1.370626390712195e6	-1.376135486691203e6	-1.5693221618526652e6	-1.4875305908857414e6	-1.5443838025069633e6	-1.4950003181359437e6	-1.6913835227009486e6	-1.5523765336989942e6	-1.5327108487465535e6	-1.529047910679611e6	-1.6640914453818565e6	-1.6184721803837675e6	-1.8849834244944234e6	-1.6531285178142772e6	-1.8118407279249239e6	-1.7209100655083251e6	-1.567060022886563e6	-1.740818796200981e6	-1.7538226664106245e6	-1.7682291501964019e6	-1.7792979837742466e6	-1.730713330078396e6	-2.08010536903902e6	-1.8333884749037288e6	-1.7502962635256401e6	-1.68784751290069e6	-1.7829148459157147e6	-1.7313239105255664e6	-1.9182068420713474e6	-1.8427715396875306e6	-1.7150994536019466e6	-1.8580138148562647e6	-1.9061655416908148e6	-1.9555079392391136e6	-1.9372953943223986e6	-1.9297559223999213e6	-1.8454674308852637e6	-1.8514942172680474e6	-1.972444919792655e6	-1.922974103759888e6	-1.8253104053140217e6	-2.0505835991864698e6	-1.911938199528539e6	-1.8708956202681717e6	-1.8529996129560308e6	-2.243390066883557e6	-1.9604007989983135e6	-1.9144547707682634e6	-1.7339855605440154e6	-1.8265974803756154e6	-1.8660420488216104e6	-1.8398253955646292e6	-1.852786559215601e6	-1.8128123995292443e6	-1.819846968554757e6	-1.7713511142709698e6	-1.8057652944555222e6	-1.7135892979883212e6	-1.8171044209189503e6	-1.7065508304240485e6	-1.7838330538840154e6	-1.8084997123781736e6	-1.7677728334309473e6	-1.7000936679617828e6	-1.4929008477186763e6	-1.7941590010696459e6
1.0221514998793527e6	1.0223797380635096e6	1.0197259524671778e6	1.0222480917399672e6	1.0214904930341071e6	1.0203532464149322e6	1.0219444778946256e6	1.0216675683045761e6	1.0205444413022277e6	1.0204361866454493e6	1.017589573352568e6	1.0203187613542448e6	1.0168688994746171e6	1.0167026986810099e6	1.0134621658954785e6	1.0176581020601951e6	1.0154107238307802e6	1.0119476934580675e6	1.0108318432160314e6	1.0064135536028998e6	981276.7593562587	1.0176352048713197e6	1.007688378277748e6	1.005733001269625e6	998059.7327971674	1.0072278914257654e6	993847.3376816565	1.0057057022159419e6	955650.3222706506	998678.6502344932	1.0185589906434069e6	986882.9575907534	996038.9280818157	984506.879836794	1.0267784710527367e6	943415.1158560271	1.0147389249387388e6	899854.281112195	971393.6999000085	958520.4686562207	964546.1978427526	960440.4934592131	986183.6467740942	966484.2457447503	957543.6905346402	1.0444561131694656e6	1.0096032097793956e6	965222.1135202361	939722.8499841002	967829.9178910776	900948.5594791813	900570.9016187456	915660.9355460748	912778.0471875224	908105.2221225705	923149.5632463386	917188.5649230783	869320.8888786493	886083.9788273701	865080.9495555286	838799.4482901981	863798.1039952774	923011.6230594157	862728.481896174	854662.8011819579	848946.2508010997	823332.0704189513	790750.1482331344	832942.9114287895	772971.356118989	740414.461547342	771198.2813861943	745352.5885481149	699055.0112522814	645085.0372934003	755147.5751340155	694576.5006726506	667210.0411925938	645958.3614513509	649148.187151871	590761.5502272283	596195.4569770973	551965.3666829532	542854.5748235111	530738.7127485105	489070.4719974932	457800.7866500906	419959.53402653267	376528.92916874844	331614.584269776	280831.2742665724	220534.32359160023	140923.4131771428	57559.37225449551	-6303.263687654398	-63974.85544564726	-119609.58105766634	-165966.70969474898	-216124.49771994317	-267009.4828187153	-306500.0325317726	-339609.6451425364	-406363.1758232699	-443139.4755551275	-505569.1403969056	-529744.0163255357	-515421.3418563646	-605337.1054134741	-620715.8298397071	-671431.542900979	-723249.1374984947	-755581.2584608081	-701402.5160585688	-788747.4187943235	-840629.735890538	-899782.1374891992	-905219.5988837655	-964975.7278415586	-957536.408929192	-1.0815109037779192e6	-978769.0846839903	-1.0641548272370095e6	-1.071051591903131e6	-1.1128695256707899e6	-1.2325473929529989e6	-1.3116963917333514e6	-1.3051006010346005e6	-1.288733282639823e6	-1.2163071259093122e6	-1.3753959354486607e6	-1.2653688382666437e6	-1.1980161096015659e6	-1.4318774946501362e6	-1.4074339493988657e6	-1.3537021861012236e6	-1.3350711300518166e6	-1.4728602171396224e6	-1.518062745242986e6	-1.5502993912505587e6	-1.5260333087635203e6	-1.8283526584505686e6	-1.4664321255697573e6	-1.7429920087324348e6	-1.626879357980419e6	-1.4398662522023981e6	-1.6287416751957368e6	-1.7199526860818928e6	-1.9051188717095074e6	-1.7329773709930866e6	-1.7602297168095605e6	-1.92683350198211e6	-1.55159661016607e6	-1.8400379314908567e6	-1.7062859886432914e6	-1.7601800698545533e6	-1.8492888432171936e6	-1.7106098543508542e6	-2.127108196534227e6	-1.7958536284392201e6	-1.8540630736913886e6	-1.8618587698460873e6	-1.9067011204474224e6	-1.7444896646473878e6	-1.7371782307412173e6	-1.933660652138765e6	-1.8675207774995817e6	-1.95729634893896e6	-1.944107255260388e6	-1.837539004757505e6	-1.841096569017291e6	-1.8846123090986186e6	-1.9381996229795306e6	-1.8947918894052426e6	-1.9391861933546015e6	-1.9251780116622872e6	-1.9622494261633474e6	-2.0568165111697735e6	-1.9084183213953609e6	-1.891127169350511e6	-1.9070564027161486e6	-2.0105697300927346e6	-2.151654270334618e6	-1.9344496962161944e6	-1.9119049248481109e6	-1.8185225585458246e6	-1.8207754400212783e6	-1.88193293365617e6	-1.8786340443054936e6	-1.7908994635188864e6	-1.8772153317933534e6	-1.946945061671244e6	-1.8871920179853449e6	-1.94939068700971e6	-1.8764099394200942e6	-1.7912698083735765e6	-1.6421756563780508e6	-1.767611622983782e6	-1.8306691409624633e6	-1.6640520263914396e6	-1.840352192048335e6	-1.8235109994293558e6
1.0424501708359278e6	1.042484914171886e6	1.042741148235213e6	1.0422519140441308e6	1.0418412987136734e6	1.0412643224634486e6	1.0427533826026493e6	1.0405669482995665e6	1.04432962488615e6	1.050659172512545e6	1.0404794980960689e6	1.03633000087726e6	1.0603909595851828e6	1.0392613725284291e6	1.034090275907394e6	1.037684655454385e6	1.0585630616796694e6	1.0404619707345602e6	1.031037420536889e6	1.0395752051333885e6	1.0346143477889068e6	1.0286924538321313e6	1.0359663953309994e6	981465.8915504585	1.0226556570031669e6	1.0210008789227435e6	1.0311809413567665e6	1.0231414567705321e6	1.0247216030677778e6	1.0291460467257176e6	995326.8524567465	1.0204168400868658e6	1.0191212316909131e6	960847.5545669472	971292.5939190347	1.0211360367115295e6	912764.3498380517	1.0074937040177151e6	1.0120817068774696e6	997052.6763577492	986449.3606691207	1.0873065154991879e6	973610.0945031175	983112.9442371846	982819.007036503	966952.492034862	961894.3007937921	984663.8326232259	998002.8549287705	985679.8629132402	924450.1205811996	926965.3559068667	925492.4852317877	1.0372949781043506e6	951813.6562133959	957196.6445292329	900556.6669383752	853808.07337066	947041.8895359841	832315.3262709646	864267.1367449976	913259.3410854618	897806.4184425327	911200.9746792687	826128.3646265755	855777.6881069788	826500.4011871717	935493.4853437904	808612.595225966	895649.7924845894	794841.4960869948	735249.7983341102	761406.9549358286	763049.4450718494	709706.2192113274	728952.2747641393	753149.482990445	727861.48284994	691025.5497520668	671801.9589363008	634940.0000096401	612490.2989217532	611705.33019329	580325.7787225617	549651.7736539787	522111.7244088487	490709.63701288437	458474.25626674073	419265.32534965547	380180.35051095614	332588.3453916927	282389.35734464356	221393.27624785452	140800.13512939302	56502.83378841402	-7723.104020419065	-65389.19451590208	-122488.55852206633	-162390.4674893826	-210327.32308472274	-262401.5848012287	-265067.10396864393	-359660.9754810019	-405135.61293915915	-426202.5870552594	-493727.0130419745	-514093.88032602146	-593430.3551403843	-596265.6835733452	-640511.7750800713	-646672.8610921297	-731577.0878188619	-767025.0600888706	-717773.2157430614	-845255.9302508528	-846612.4902119243	-835807.4960186875	-895081.9045021236	-965233.5648065454	-1.0465022069857821e6	-1.0688591051226826e6	-1.011196082060358e6	-1.1131013844487476e6	-1.0874511772530456e6	-1.010789504581138e6	-1.2687015508816377e6	-1.2464970824937252e6	-1.2672669159109988e6	-1.364194466502983e6	-1.1876327915754474e6	-1.265213920702869e6	-1.3177815212826019e6	-1.253886797532793e6	-1.3877786510482158e6	-1.4299615150296355e6	-1.386966187353498e6	-1.315951604500172e6	-1.5734727076389287e6	-1.8541250649968716e6	-1.6409699918890935e6	-1.6024125145854526e6	-1.6536426513734208e6	-1.4947932723483825e6	-1.62416632606094e6	-1.6724635884049502e6	-1.6102130462649306e6	-1.5844184340200038e6	-1.7763906951398998e6	-1.7773119261694374e6	-1.707650773045973e6	-1.7619779730093144e6	-1.7565714517364362e6	-1.8060358065637778e6	-1.8063253194721052e6	-1.7224816410031184e6	-1.7713901224398431e6	-1.6630873974962202e6	-1.798882443810734e6	-1.9952108091873322e6	-1.9771421200667615e6	-1.8791178111342834e6	-1.8309940770295043e6	-1.8494178786593513e6	-2.0614241906609475e6	-1.922069855639325e6	-1.8846893216768107e6	-1.7962468937448924e6	-1.8457294635959025e6	-2.041992237865253e6	-1.9144169110720768e6	-1.988156597081089e6	-1.8991420436630654e6	-1.9170224258210994e6	-1.9428130571503863e6	-1.9071585583540667e6	-1.9409660270601907e6	-1.986170708090195e6	-1.6918165034425235e6	-1.891193632684072e6	-1.9517403993137912e6	-1.901412831220116e6	-1.988703349101834e6	-2.1411524395636334e6	-1.9981197540521347e6	-1.9221335127266026e6	-1.9312517208809298e6	-1.9227376965041165e6	-1.9028108621942694e6	-1.8770524399773553e6	-1.9199994311328707e6	-1.8057229242934356e6	-1.8810960624713367e6	-1.8705611736096074e6	-1.9044168641528846e6	-1.796012376750749e6	-1.9390080806954307e6	-1.836150282291742e6	-1.8317864816291863e6	-1.8475881876095212e6	-1.7836541734703225e6	-1.8467992027011756e6
1.062911075657729e6	1.0631131536825628e6	1.0625227700858773e6	1.0632268891714432e6	1.0629401710643263e6	1.0626585618300159e6	1.0605015376825493e6	1.06250984621741e6	1.062114273151077e6	1.0609014399952972e6	1.0732254111549703e6	1.0592183822181104e6	1.0608817748807068e6	1.0600565621170697e6	1.0556113036711055e6	1.0590107738780759e6	1.058507747921665e6	1.0535692960170093e6	1.0603595376685034e6	1.0534798216862355e6	1.0484074834196882e6	1.0445764458758929e6	1.0509603798724676e6	1.0491641619021588e6	1.0389552731117811e6	1.0368669069643312e6	1.0460401267681733e6	1.0477222406095027e6	1.0415377480870624e6	1.0332735884908624e6	1.0427912072632534e6	1.0209068280357334e6	1.0480977279327677e6	1.0236049723101743e6	1.0496217194498267e6	1.0114357066024605e6	962392.515453367	1.025734022642408e6	1.009645026520065e6	1.0426034620094757e6	1.140733079466233e6	992873.6866923338	1.0670181043763342e6	1.0032117006055722e6	1.0236773276684383e6	963302.6778831535	950934.1650510493	994379.7228905263	970194.046017191	928042.5352878324	986813.6801100441	998795.380373512	939542.4977631499	965107.1435276985	1.0209959776148347e6	913476.686837138	958756.9199212356	807132.3394168632	980526.2489460919	903358.7273273963	864034.164141176	919164.9333247929	917360.8089830466	910636.3767870504	893400.2321136883	875273.843836971	859307.3301050634	1.0607195438430128e6	856636.2301289067	799831.987546369	883984.3993388165	822675.9021162716	775276.5650333168	727658.3408324413	734970.5001336436	697118.8033645799	741481.744382834	767976.471858721	719650.3713396029	695676.346703819	667409.2725108087	658705.1059267675	633921.870617153	617153.7428958516	584458.1990059561	554663.9975001577	520273.5312719201	494293.05588673335	459429.3035927748	421895.13294454734	382322.01257021644	336392.53666263144	284068.8862661839	222253.23642126966	140676.35873273498	55452.12262827053	-9518.602658543736	-67241.83686351916	-122545.70823498606	-176202.7413454291	-215537.72264017724	-253779.98867233354	-318420.38175147714	-332477.95736277895	-401235.34153961716	-442202.645029288	-476014.6569100397	-529426.3794834088	-555453.4483102714	-606305.3705486711	-655929.257521176	-634134.4383242035	-733604.7642967782	-933452.2134667346	-811630.4998769895	-799174.3769418099	-862131.8104879258	-701375.3523666961	-968979.7865245687	-918371.1447079568	-999918.3102056971	-1.1118550761795118e6	-1.0961824480974611e6	-1.0969759639960232e6	-1.1503609122600066e6	-1.2407864641596393e6	-1.1861789084043792e6	-1.20572103824029e6	-1.29227173715297e6	-1.2553591566326628e6	-1.154997146775767e6	-1.2653465918924636e6	-1.368114033475603e6	-1.4013638161252127e6	-1.4113600906863196e6	-1.443600638191978e6	-1.4115002087483865e6	-1.4504787645822372e6	-1.515838596066128e6	-1.5819091185426814e6	-1.510284240167913e6	-1.5575417832011348e6	-1.5830835179192661e6	-1.5254220511052357e6	-1.7633385239253514e6	-1.5589775993961496e6	-1.590025866578416e6	-1.7601211949032317e6	-1.7371632112609302e6	-1.8092325111980252e6	-1.784747906225528e6	-2.020004791870867e6	-1.7832731073277947e6	-1.8384543765754844e6	-1.7923531825764533e6	-1.6747650744610112e6	-1.7487433071484119e6	-1.8345427700671167e6	-1.8164581038108314e6	-1.8858807324485932e6	-2.0099026805459922e6	-1.85592439793587e6	-1.9029460149254277e6	-1.9768742520345007e6	-1.8389605350147714e6	-1.8496925295265708e6	-1.940834377582958e6	-1.9839324614335191e6	-2.0457713184691435e6	-1.9955700304277325e6	-1.9978907164892536e6	-1.9327935750057437e6	-1.9743412752393172e6	-1.8692694264940177e6	-1.9405069570866642e6	-1.921041167420045e6	-1.6842636096922825e6	-1.984852382831261e6	-1.876955208704894e6	-1.9591060991106066e6	-1.9643329758896627e6	-2.0287344305416034e6	-1.929070224380887e6	-2.1375591101833517e6	-1.9200004074271517e6	-1.7644539130798327e6	-1.9316559619401158e6	-1.9292057044986798e6	-1.9440147633180525e6	-1.9095658201843924e6	-1.8867796905829203e6	-1.9555129404073493e6	-1.9041915684811687e6	-1.8224327330384082e6	-1.9249097154449923e6	-1.9162012530519827e6	-1.862534456653379e6	-1.8282531347002913e6	-1.8823568070994164e6	-1.768894398928619e6	-1.7953846918116468e6
1.083725663987056e6	1.0837054923367552e6	1.083388909683186e6	1.0817943092337698e6	1.0828973540087836e6	1.0827281165940678e6	1.0822496329510133e6	1.0824354286131086e6	1.0818549889458648e6	1.081994244620468e6	1.0809026469165247e6	1.0914288838046954e6	1.0770967155631792e6	1.0775400028047347e6	1.0771455402183963e6	1.0836002675702265e6	1.0714737550745606e6	1.0707712027666487e6	1.077119965771595e6	1.0706889571013115e6	1.0665352978273998e6	1.0645097569027827e6	1.072363377157781e6	1.06166150454793e6	1.0602343562388595e6	1.055648553689374e6	1.0628368872522048e6	1.0416929934361624e6	1.0590338794868328e6	1.0606203704794047e6	1.0725077990734e6	1.162573069557321e6	1.056025173897705e6	1.0212271340625458e6	993391.158152344	955893.3197530324	1.0368234784200261e6	1.0454335392429605e6	1.0647724364293981e6	1.178116023291824e6	1.0507121671567413e6	1.0247211429851821e6	1.0545024754030337e6	1.0441962287444408e6	980628.0329950479	1.113643846419138e6	946231.9686045959	996417.5684882188	989348.0459669991	987863.479084326	910309.0027506425	961552.0887365065	987816.9747196	995933.721188977	999897.9610428291	983866.6283800842	898568.1087144659	967612.493241222	938328.2109600152	1.0559725503117326e6	953490.0915173709	838899.291627272	918011.7359566586	910786.6825238509	871757.6359454395	902677.2107397888	837487.4628974302	944182.5621809802	942745.5327608457	851274.2163553583	825900.6914626807	849796.377060302	837711.7431077549	726908.5826586126	794254.80264858	768204.3732906409	724221.5566370194	732840.7883279681	764368.9005581879	729709.1630775973	692380.4340689911	694621.1876845079	668731.9980858684	636047.3072664117	616577.8604369122	574488.6248742334	575488.0275375594	536164.7335088244	489302.6997930858	470205.7449266368	425972.84059282136	385071.0258772478	340209.3201927806	285553.4841290089	223115.24343592272	140552.210270077	54393.37424618658	-11443.422083199257	-70935.04936657427	-125850.44951250253	-177176.64999752212	-222765.14542375284	-278242.43805695674	-316460.95281360485	-366560.2282880967	-423853.21196995024	-454371.54639917566	-508390.3151945723	-513248.13013564725	-623082.724268805	-592211.497207525	-639399.487234694	-671770.0938394554	-735149.3371102419	-832478.43388326	-770515.7471881071	-816149.7647308672	-945300.4190168241	-805432.0841559521	-1.0067749205378206e6	-987957.8907619433	-1.0091634311571487e6	-1.0618201392313503e6	-1.105737906949625e6	-1.1657182045547909e6	-1.1895591398205347e6	-1.3404266441591321e6	-1.32697585357745e6	-1.3563915169373744e6	-1.2951915970952706e6	-1.2979545730745893e6	-1.2574250925345167e6	-1.4401513589549046e6	-1.3553421753970191e6	-1.3245793912831615e6	-1.5102158000359498e6	-1.4523186885909364e6	-1.6486671037100009e6	-1.3733583279073471e6	-1.478482999318495e6	-1.527404731495174e6	-1.5486969639106733e6	-1.558004033484497e6	-1.5725829798751497e6	-1.6362489280413655e6	-1.5379770237265e6	-1.5664208002903056e6	-1.590992203719112e6	-1.6736322467708685e6	-1.699419962866284e6	-1.7979742651547613e6	-1.7344161497796215e6	-1.7741648334004534e6	-1.8509508810739452e6	-1.8105086857732097e6	-1.7107076588796172e6	-1.7304975549638844e6	-1.899026776308985e6	-1.8028749266256387e6	-1.7510604451743718e6	-1.896542286676722e6	-1.9738826889738375e6	-1.9121848745854846e6	-1.8855161623935192e6	-1.9778272047971804e6	-1.9794582566960487e6	-1.8258329685477624e6	-2.0021206532744747e6	-1.9356272509487122e6	-1.9483588811009252e6	-1.9173962921601632e6	-1.9801082035420486e6	-1.9982317855898072e6	-2.0547689258985808e6	-1.8613890420383825e6	-1.6901823963696072e6	-1.9110924311488587e6	-2.0505953990297662e6	-1.9672368858668483e6	-2.1639853949144436e6	-1.759599957536872e6	-1.9863925550946482e6	-2.0182510698910016e6	-2.007152538343852e6	-1.9875371746820915e6	-1.9756147362147593e6	-1.9342138449079953e6	-1.998788777776544e6	-1.8868662276422656e6	-1.922721122273113e6	-1.9083921994884652e6	-1.9447560277734655e6	-1.8516788105807914e6	-2.00163890673086e6	-2.0312889449978056e6	-1.8690762047436046e6	-1.8814114020862859e6	-1.6578185260936413e6	-1.83708937399153e6	-1.8756232081773821e6	-1.910603549283829e6
1.1046487309909044e6	1.1049234580494235e6	1.1045292025776748e6	1.1021332623731368e6	1.10424207908433e6	1.105005155556517e6	1.103507761034494e6	1.102182508114826e6	1.102221883653923e6	1.1020685215399056e6	1.0964586596978782e6	1.1019629290094872e6	1.1082571518330958e6	1.1055527880863342e6	1.0969496945606242e6	1.094572193407067e6	1.0958980674947617e6	1.0942920226418439e6	1.0834066122062588e6	1.094798249529232e6	1.0918507568571582e6	1.0958405232017743e6	1.084385570598057e6	1.0925211213356117e6	1.1016943473888175e6	1.1114240201003547e6	1.082489287574567e6	1.0804388150100892e6	1.0585871145275114e6	1.083785141974506e6	1.078859713361513e6	1.084470072108373e6	1.0860666905843304e6	1.0334053910393642e6	999997.0814343053	992457.3538732654	1.0766473444742993e6	1.0715010785713228e6	1.2563214394901893e6	1.0796193791102348e6	1.0885384986290273e6	1.0565795437928769e6	1.0660168616094887e6	1.0199995019519362e6	1.0159368191682079e6	1.009755243703128e6	1.053047055154711e6	1.0242969150160621e6	971121.3336005483	1.000947402456933e6	1.0274521886947156e6	1.0077221830135098e6	1.123474968852873e6	1.0217098604399838e6	1.1045876538480243e6	969500.3791231056	966669.5297305628	885218.1366148313	955249.4664137829	907131.2308693756	982989.7064028073	952902.953330175	935352.4688387222	989383.1308131749	916689.3600966203	930341.2755836054	883474.0252470933	904094.4250658909	886306.7296595355	783346.2845614606	884792.9572757685	851127.9859923931	868087.448796343	837109.8955288108	835749.272955191	791818.5054588664	774647.6334703108	718544.5347910959	732427.4740196234	787774.5929175674	737210.0858078414	707061.6882400175	744984.5316440009	667166.1440944443	630163.3436068043	607763.3674979648	601676.1547469303	565300.7352743347	538406.1218978281	503942.61481872445	469347.9760667606	430705.1439381199	387799.9188600958	340697.73820804467	287219.5850198922	223979.33200546203	140427.67662353138	53333.32955484162	-13280.614603687543	-73015.16461690213	-126133.17360424937	-183018.9384316723	-225797.8550907073	-280295.1746087752	-327974.50695789396	-380011.5911191688	-429566.79764054925	-497506.3954711328	-494176.9074392165	-554068.7883603796	-601635.3195568668	-646422.7589805494	-683476.5351925632	-683977.9514725395	-760046.8253252911	-772405.1452130289	-704820.6354681402	-814192.519588016	-896233.5994473032	-935340.8313317052	-983887.600598556	-931656.197152725	-1.0577641491020399e6	-1.0183300877685798e6	-1.0711016120249128e6	-1.1084200583846378e6	-1.2810065570008992e6	-1.221182358230949e6	-1.2767972239413396e6	-1.3275243812917464e6	-1.2883942701272448e6	-1.3308569397516588e6	-1.2934731910206403e6	-1.1277454700340526e6	-1.3057980532833156e6	-1.426274951489909e6	-1.4291546115728463e6	-1.4792242347590714e6	-1.7259224113305104e6	-1.5084827255414776e6	-1.517798356209619e6	-1.6015614426859585e6	-1.5801453480501706e6	-1.5734608179075527e6	-1.5739190052498686e6	-1.4973696662762421e6	-1.6384855765182856e6	-1.6538235220661522e6	-1.7566258811202669e6	-1.5951650881682676e6	-1.8611604493597345e6	-1.8988313484647558e6	-1.761991140081494e6	-1.8699001938060164e6	-1.8268934690958946e6	-1.8879197847116273e6	-1.881150044064498e6	-1.861388511121973e6	-1.6809471138715562e6	-1.9014535041800751e6	-1.8627418290962195e6	-1.8509254204601618e6	-1.980280371234822e6	-1.9221895950209661e6	-1.9310976311947904e6	-1.8646154278794378e6	-1.9113223842516714e6	-1.944269924187588e6	-2.0210491067499947e6	-1.9344173841436994e6	-1.9756309481153493e6	-1.9764043031811812e6	-1.981388179636355e6	-2.0504090659035733e6	-1.9044395972116222e6	-2.0171040383132212e6	-1.8820714130911664e6	-2.044541786422423e6	-1.8969087661384773e6	-2.1526175435891966e6	-1.9697529826032002e6	-1.9470097658212758e6	-2.0005297816085122e6	-2.0916794555954025e6	-1.8139751604576502e6	-2.1443941377588473e6	-2.0152559489654223e6	-1.9148801566297929e6	-1.90291800204755e6	-2.0302766821246026e6	-1.9212786976801497e6	-1.9692855095608914e6	-1.9371503212942355e6	-1.9587175030748476e6	-1.945807158233101e6	-2.0132137877000286e6	-1.998314989483709e6	-1.9352751467474466e6	-1.9120081924475967e6	-1.8955549477123762e6	-1.9880825166717148e6
1.125775470185441e6	1.1257978264238918e6	1.1258253970652902e6	1.1218944033104582e6	1.1255889254603456e6	1.1273450499187352e6	1.1275509690615134e6	1.1235662698610108e6	1.1249447677891664e6	1.1216288477610466e6	1.123877265868198e6	1.1215727140121884e6	1.1220018273671824e6	1.1315773464704235e6	1.1295102537117267e6	1.1149850948594145e6	1.0979827646618728e6	1.1063729814411264e6	1.1158463244862226e6	1.1128999111183083e6	1.1156677533012908e6	1.0889260636553268e6	1.106077355224704e6	1.0960811557575888e6	1.113105119340471e6	1.0842967085353802e6	1.1110291901339944e6	1.1092430928205983e6	1.1129910186136295e6	1.0843209901004382e6	1.102772064416267e6	1.0975516676654113e6	1.056765891303488e6	1.0478340589044988e6	1.102477166692066e6	1.126015311316311e6	1.0579594429691962e6	1.2759940244019078e6	1.0757508280342508e6	1.0559909455471581e6	1.04699264571691e6	1.1119192998315832e6	1.000703496066995e6	1.0499292167244756e6	1.0766358971329494e6	1.0726144977372317e6	1.0352877128017171e6	1.0948398877679543e6	1.046353133595384e6	1.0339910711869666e6	1.019846667357975e6	1.0069558847707651e6	1.0203036585572502e6	1.0582143136516977e6	1.0714513086890774e6	1.0053881079149169e6	979980.0341138955	1.0458712842974423e6	1.0000224433054932e6	979316.1409340703	965174.1585984668	1.0071701453232241e6	978542.4254349342	950290.578121528	994984.292421754	915109.1772248216	952952.0597375475	928504.2218626721	1.0837147203769493e6	861059.7818659714	919907.1448676689	896030.3759838268	857698.2853982091	872964.9124983707	851350.9841260148	836636.1320711073	811615.8078119685	796552.3275869236	726362.0482691755	764843.0882664012	756813.3555945829	702042.728351405	723792.9474691525	691356.2177648288	666712.7821159018	658631.5754865305	625204.34528313	593492.0790926232	568339.6616743931	555062.9905025677	517413.41895199136	472926.91609708965	431530.83450052876	392205.55119592615	346340.01787532214	288862.36835068715	224843.89252528996	140302.75002391986	52272.05424094421	-14951.35804457753	-72442.34977773263	-131262.68553608446	-177934.47105936054	-227105.90950533294	-289473.4826551938	-324975.30847529205	-371636.94103914686	-441842.1645281585	-522219.47529385705	-494039.0705335508	-581872.7743539866	-593803.6980912054	-613345.4571525839	-714071.5090594641	-716331.1945698783	-770355.6083089137	-769307.8712783072	-808679.8492232112	-862062.9297888444	-931108.9065275006	-899893.1218279728	-964217.7268300587	-902409.6808727342	-1.0244305449545016e6	-1.104557148623895e6	-1.122238820757385e6	-1.2235457128085487e6	-1.130275444799839e6	-1.1681721198955057e6	-1.2361513802212458e6	-1.3345582372808156e6	-1.2789631769306487e6	-1.4083597557724058e6	-1.2843796951437169e6	-1.3237124097389055e6	-1.3261648332913308e6	-1.4052680639395397e6	-1.553674885389444e6	-1.4588904360908451e6	-1.4937204095159466e6	-1.525087695741206e6	-1.587550463599795e6	-1.624259315110715e6	-1.5584631415531845e6	-1.609271626805765e6	-1.6102045830377596e6	-1.5504368168176506e6	-1.77242332458902e6	-1.6834705198860196e6	-1.7134138405524474e6	-1.6953424506772147e6	-1.8369005004667942e6	-1.9188761406419044e6	-1.8720525394263235e6	-1.8801435912815658e6	-1.7078310146325412e6	-1.8612631599996295e6	-1.8731688243529252e6	-1.8329896648123753e6	-2.0283963498251918e6	-1.9583053276829529e6	-1.7858031383820912e6	-1.998371808239936e6	-1.8814406594865145e6	-1.9430971630541729e6	-1.9204652425197787e6	-2.0806781039650687e6	-2.156997432426049e6	-1.9915274872134896e6	-1.9697724167432543e6	-2.041193779865569e6	-2.0138392947854334e6	-1.9904820884900452e6	-2.118552464958289e6	-2.038672069725783e6	-1.9240939613883267e6	-2.0976719291755296e6	-2.1866477649578606e6	-2.186076736124964e6	-2.0028749945917414e6	-2.0282872967542196e6	-1.9363998606344238e6	-2.0124360737816147e6	-2.0636171248531747e6	-1.9287286811357052e6	-2.0423588433674625e6	-2.1134000430404055e6	-1.9971496851645052e6	-1.996105701850451e6	-2.0058697847194038e6	-2.0668028552822839e6	-2.0370071905728383e6	-2.0671090352471485e6	-2.0255473634918025e6	-2.0843488792114384e6	-2.0762392454547943e6	-2.083839239281232e6	-2.0433819314765926e6	-2.0206047878515148e6	-1.97690738784409e6	-1.9347587730718069e6
1.147157778940487e6	1.1469234160524441e6	1.1464788818024127e6	1.1461587899071393e6	1.1470196472161193e6	1.1474937762363614e6	1.1460309721351862e6	1.146186894782824e6	1.1449048999443492e6	1.1344953580653528e6	1.1467992501606415e6	1.142140933928185e6	1.1426089550655356e6	1.1422504357346217e6	1.1554006898081163e6	1.1480148740826813e6	1.1414760895225434e6	1.1372102350055724e6	1.1363694223250255e6	1.1362477775409236e6	1.1341828522443117e6	1.1364981835727077e6	1.1226531696487458e6	1.132478103905162e6	1.1193297834900175e6	1.1408457487572134e6	1.1031515252933998e6	1.149554880316037e6	1.1198765112773199e6	1.1045159064043788e6	1.0882699809814638e6	1.1362394706558918e6	1.0618305559667437e6	1.1055175822680371e6	1.1147312143086023e6	1.0823371153010987e6	1.1567737535810948e6	1.1055459690613584e6	1.0866238420427907e6	1.1154555771399017e6	1.128843502458461e6	1.0829974906099732e6	1.0927590128243938e6	1.08226071632308e6	1.0595625863756603e6	1.0486656904617469e6	1.0507170396635476e6	1.1119972563975295e6	1.0910752982446814e6	1.0950809727844978e6	1.0441355106516797e6	1.0331046226753268e6	1.0470927243503778e6	1.059296127627056e6	1.064559466558234e6	1.0377737398997832e6	1.0328838767708519e6	1.0068685919396236e6	1.0214678428164385e6	1.0152337111800398e6	983343.646466439	981601.623599437	983562.5453943751	976273.7796237771	947856.0691122826	987753.560275146	920297.4415741331	942888.0493423871	1.1551424411513535e6	899435.3354000959	914500.0371038106	903955.1430716384	921080.6377553283	888398.3132824637	882822.5953079493	855956.469959856	879584.0207226581	840067.5650211307	815205.6587282834	826447.697716288	775326.9573010459	779541.2405626369	749573.1524394965	718272.3018454209	710786.4416892807	693315.7521639185	680934.2707496913	636570.9903346112	598982.4772187149	575671.0039833037	553156.9219829713	514974.7751664296	480362.07406108384	436810.070272085	395746.0269548816	348583.043424147	290478.4878031477	225709.4277800219	140177.43510836607	51208.46473962255	-16769.168931609718	-75086.55976119358	-137774.33470363636	-191996.73105090205	-240276.18008256052	-285477.6195674696	-342096.08522683056	-383047.55839841464	-464802.5671546338	-479193.2167297506	-513128.81526663713	-562550.5393165278	-602213.1964649544	-655971.0349461669	-666095.3680672406	-818052.0948817208	-788880.2241154411	-771479.1320230858	-853424.7879111902	-813190.6509789785	-844145.6488103287	-947086.0222488465	-1.0114970586188696e6	-943465.3972356445	-1.0028662658936642e6	-1.095417043449401e6	-1.3586211539192689e6	-1.139753287794086e6	-1.141360945017291e6	-1.2117858143280712e6	-1.278640763014145e6	-1.2565318591507466e6	-1.2972120562105884e6	-1.4032488509446983e6	-1.1635807411553855e6	-1.355630605641384e6	-1.3941315793959019e6	-1.391085625270233e6	-1.4189011034712326e6	-1.4746044512577234e6	-1.4033280317145772e6	-1.564883567093858e6	-1.5383586361551923e6	-1.6273105798734631e6	-1.6345617000695881e6	-1.5860531152509088e6	-1.697440705831191e6	-1.655594434529433e6	-1.6488205639504194e6	-1.660216184710858e6	-1.6933447279863073e6	-1.7023044015362766e6	-1.785567518863659e6	-1.8697688840126903e6	-1.865973075462243e6	-1.858691688085779e6	-1.7919274166430864e6	-1.9702837285872381e6	-1.8719088180122399e6	-2.198809865141615e6	-1.8587220266859983e6	-1.81119482554959e6	-1.841326303575294e6	-1.9691537932773316e6	-2.0110175168311251e6	-1.912383528667665e6	-1.9914618827900281e6	-2.0297374755843813e6	-2.0368688938247776e6	-1.871755177897322e6	-1.9934600637731408e6	-2.0030845911158165e6	-1.5837008479449027e6	-2.0904824701497997e6	-2.065720323159007e6	-2.0538088194348523e6	-1.8994869568599304e6	-2.0554603321669973e6	-2.0595802415759587e6	-2.0375787591934083e6	-2.0293166968839304e6	-1.975792476282225e6	-2.0189905048418655e6	-2.163832631404509e6	-2.0561197967185164e6	-2.0732216838418632e6	-2.0822981079881075e6	-2.0208377434814395e6	-2.1850510686015333e6	-1.929725743440209e6	-2.0562305862192581e6	-1.7884411608926826e6	-2.0682307865204085e6	-2.0093516196322981e6	-2.0805692506583272e6	-2.178056645900914e6	-1.9289598633029764e6	-2.0616915412685988e6	-2.0733521493770462e6	-2.019901142587976e6	-1.9590889126433036e6
1.1688208724461917e6	1.1689532129135085e6	1.1666058272935075e6	1.1677584725021329e6	1.168294157434374e6	1.167748602273877e6	1.1607485079002315e6	1.1684798212762447e6	1.164327155457107e6	1.166477332038674e6	1.1737544552474283e6	1.1616359461291935e6	1.1716581241687296e6	1.1622437390328357e6	1.1613817216457874e6	1.1753919618555526e6	1.1588420760955825e6	1.1651371294972345e6	1.1612493958253213e6	1.1548724424447054e6	1.171436528725373e6	1.150385253760861e6	1.137056476758767e6	1.1351637732362386e6	1.162511890610276e6	1.1367595280254805e6	1.1154075392175335e6	1.098509372927439e6	1.1611647986877393e6	1.1413712720779944e6	1.2008911296879882e6	1.1225006978212707e6	1.0490114074500795e6	1.1375834343630373e6	1.1187224886688506e6	1.1741400059105884e6	1.139265179685286e6	1.155372719055891e6	1.1268571002829296e6	1.0685762623227807e6	1.1328076433091925e6	1.1065030838726358e6	1.1052785194531996e6	1.1104894735267023e6	1.1049750226102485e6	1.0820516654977796e6	1.0443157788059002e6	1.0433175532707388e6	1.1253940585252861e6	1.0702476361027127e6	1.0852991301136115e6	1.0300877741756409e6	1.0709604248440638e6	1.0562053802998164e6	1.0332922913094932e6	1.0270721854104715e6	1.027545667009443e6	946839.3927966068	1.0321930405739469e6	977535.1104301522	1.0101226750626098e6	977407.2034128292	1.0173156704564193e6	1.025597180742708e6	977817.9650516259	1.0203390206265559e6	988299.6569327333	998495.829567561	923476.8077561093	924012.9791395713	1.0564247050112714e6	980200.8391550765	905400.2348724683	933584.5060788002	904253.3945800506	908657.3830044724	880377.2926292552	816744.7532299564	836187.5064442925	819489.380839313	812062.7733729422	785385.6900915154	793818.7645151957	757053.7003910909	746065.014126663	704502.2766032377	691821.9253839126	666151.7909224872	644073.4387344099	592775.3906420863	579112.9293397741	552389.4335965165	520716.1933139374	482803.0230905686	439484.8025140478	397796.8424457307	347894.12642245064	292190.65140378656	226576.80979671003	140051.73361976456	50144.11321274401	-18607.609465495916	-77064.74109764269	-133998.29587557062	-195248.78480879986	-240954.7940301632	-298113.88645662204	-340904.18254647497	-407350.96110785194	-443149.0478686816	-498330.1603263805	-521173.6120483263	-595491.0798587105	-597145.0449521837	-666446.4496825421	-729168.0708370798	-753503.2719559981	-763843.2078267918	-764610.6493451674	-857550.3760710289	-896924.4851664233	-950022.300319982	-919905.5510068692	-999140.7507697595	-1.0130110133362578e6	-1.090161020109546e6	-1.0908069863151463e6	-1.1327253708263845e6	-1.132764757560527e6	-1.18484302837693e6	-1.3118094617546673e6	-1.2679367360997945e6	-1.2890684042785496e6	-1.3394006696261915e6	-1.3805554440909517e6	-1.4185772735321382e6	-1.448335391586789e6	-1.3374624553318343e6	-1.485745988027397e6	-1.3985956291778013e6	-1.532008277107485e6	-1.3237294985799945e6	-1.5317220353707997e6	-1.5799560404822212e6	-1.576686512163164e6	-1.678086231320995e6	-1.6693645853917575e6	-1.616416132603582e6	-1.6669446138058365e6	-1.7109169881762615e6	-1.6219306249010586e6	-1.7290844551275242e6	-1.7187028512914674e6	-1.866795405308411e6	-1.9080610795347774e6	-1.8672032184988698e6	-1.9936202905429825e6	-1.650903733376884e6	-1.8687755756902653e6	-1.7362286185183786e6	-1.940419080776181e6	-1.8923715352607383e6	-1.9986356386491498e6	-1.8317715266073765e6	-2.179420081698987e6	-1.993792233679872e6	-1.9320636850031065e6	-2.0926459035174078e6	-2.002238585178588e6	-2.0414814564437503e6	-2.0113420204931553e6	-2.0348794275602703e6	-1.9778205152986906e6	-1.9574747196344505e6	-2.0499617974437964e6	-2.1129123925982798e6	-2.012723047538321e6	-1.950923828347613e6	-2.0874822090233178e6	-2.038834812142842e6	-2.0552566053559012e6	-2.1936475078448355e6	-1.9815947779946406e6	-2.0331032382814442e6	-2.0442269642707598e6	-2.1961753103650664e6	-2.131346808862373e6	-2.123713440877435e6	-2.011270025364452e6	-1.9903421130082547e6	-2.0426836208806518e6	-2.0385695109035387e6	-2.12800182094946e6	-2.0216601522865952e6	-2.0946892669517049e6	-2.0754554740251307e6	-2.062056916971813e6	-2.0640794566987609e6	-2.0728586011123504e6	-1.9759644880490862e6	-2.0559376548846103e6
1.1906329030703478e6	1.1911754459374137e6	1.1906609744887943e6	1.1896512270630808e6	1.1903221514414768e6	1.1889777707109456e6	1.1910017303500928e6	1.189383622889425e6	1.188004328862226e6	1.189131009213846e6	1.1851289089939443e6	1.1903786012842508e6	1.1859965986373741e6	1.1816389514879326e6	1.1835584009550356e6	1.1885244099318897e6	1.1909784801378744e6	1.1717414402250173e6	1.1818503150514863e6	1.1777686764456772e6	1.1849369188487937e6	1.1842656474832632e6	1.1762434121075906e6	1.1759886401299636e6	1.152737176954423e6	1.1722896353429018e6	1.1714761727257788e6	1.1631990191308674e6	1.2100750061677948e6	1.1428390445641328e6	1.1740169693650664e6	1.1585369300740932e6	1.1810567457674067e6	1.14827981896808e6	1.2025768454719076e6	1.3913798284848337e6	1.192714372113518e6	1.1617779812541872e6	1.1514435593360504e6	1.2635670558543995e6	1.1218657185700973e6	1.100692603631631e6	1.1338859672574936e6	1.1569744467655704e6	1.0412830399653182e6	1.1243024023796222e6	1.0894957685728844e6	1.0859527457815805e6	1.0982446991418302e6	1.0725012144046612e6	1.1173254521465716e6	1.1582643825230342e6	1.0992824945577672e6	1.0890623905892093e6	1.0664326658862103e6	1.0579670313175505e6	1.0155158731233778e6	1.0504170718221269e6	1.0176784921255936e6	1.0626606152425855e6	1.0315911732675028e6	1.0681204038598617e6	1.160550190221175e6	998987.7866265152	990687.54277539	1.013419069715603e6	1.007855009064656e6	998247.8849870892	973792.7458842569	985164.7062203329	924436.992274076	951146.7242103119	958496.744892711	905547.992116875	939865.5514365651	914955.5414433129	898581.0773121895	883591.9597345325	841804.6762301277	852432.3420935804	849024.1182896104	784375.1500721481	786743.1297066547	826114.0379413181	753330.7938841974	744671.0085961754	709077.995636173	672300.1955261147	671222.8975926281	657402.3421927004	625273.6480684449	607358.3724221657	560813.8299536919	526411.4014876906	489435.16757200344	427101.5452212229	399421.7809110563	349967.8742784895	293671.16564045433	227445.3548771037	139925.6505441235	49081.44555658416	-17459.879315145547	-78964.45550954225	-139280.07106057473	-202717.23223650106	-244478.64947930526	-302028.7081182343	-336775.4573664139	-401717.3340076066	-460056.5174135654	-499703.7407525943	-513923.5530628732	-574374.9769758419	-624697.4849727831	-627097.2596577229	-680347.5167702409	-841067.4739970416	-749167.871128248	-840132.5838131497	-843189.0053412961	-935680.5790748834	-911356.4082612125	-939332.7809037287	-974086.9484531635	-943769.1784072944	-1.112215565992803e6	-1.179005758665073e6	-1.128159538707816e6	-1.1394558150785945e6	-1.139089598069002e6	-1.3042488225515625e6	-1.351299386027962e6	-1.3381753615483702e6	-1.3157679548834572e6	-1.3379377400678126e6	-1.4496277836428038e6	-1.4359416041737115e6	-1.3601076742077977e6	-1.4476339056534274e6	-1.431919483003763e6	-1.4500063513942747e6	-1.4831986994188405e6	-1.6559436031869682e6	-1.7404817450365964e6	-1.5888791014558254e6	-1.63857603587218e6	-1.7822864520584997e6	-1.6335799336531702e6	-1.6097939987810203e6	-1.7088662633579099e6	-1.7569518467883342e6	-1.7780973783175936e6	-1.790864888469303e6	-1.814160748000463e6	-1.834482016861565e6	-1.8026493616141668e6	-1.919796868242377e6	-1.9332735188036007e6	-1.838211273508761e6	-1.9744009148251223e6	-1.9159613215860017e6	-1.9480032850303273e6	-1.9395277731232126e6	-1.8550729069827641e6	-2.1268180042176996e6	-2.0076731279960535e6	-1.9543942920843414e6	-2.0716350427035606e6	-1.9013466252816361e6	-2.020373076457765e6	-1.959661145448017e6	-2.0712341559514306e6	-2.0759743139592377e6	-2.0595761080040806e6	-2.105616759551333e6	-2.1127115072290655e6	-1.9152553131986368e6	-2.4757620094156736e6	-1.9869923033977272e6	-2.0647597553790966e6	-2.1197761183009567e6	-2.5095488411387885e6	-1.7646345670470735e6	-1.9743500321547235e6	-2.1758439446866224e6	-2.19343856033105e6	-2.1539529264498483e6	-2.090757351145348e6	-2.0458269360292158e6	-2.079662866768125e6	-2.0545679683536422e6	-2.058663240318114e6	-2.0738155280446876e6	-2.0507177826304869e6	-2.1391393210783456e6	-2.0785693939378788e6	-2.192494230910176e6	-2.1831493320801286e6	-2.088877023571827e6	-2.0144255491510243e6
1.2127033795514533e6	1.2130081009346824e6	1.2122016262511786e6	1.2084728269278896e6	1.2143548948679857e6	1.2112168780538552e6	1.210743163161255e6	1.2131545375788624e6	1.2077471927758881e6	1.207101852468492e6	1.211112575891637e6	1.2067903050978128e6	1.2084514688051953e6	1.2072524979690856e6	1.20206715240061e6	1.21215843762432e6	1.2049898206300186e6	1.2237367942809584e6	1.2004832669139463e6	1.2183217942284103e6	1.208159825333691e6	1.192310958442823e6	1.1954747965888437e6	1.1932653675928167e6	1.1866448730913617e6	1.1812411349019865e6	1.171417559374919e6	1.092018786742258e6	1.2079721109006524e6	1.2152065979814222e6	1.1402222797684434e6	1.1741371814148813e6	1.1832635581362976e6	1.1389645392311872e6	1.4845192611852342e6	1.2075609256478506e6	1.1190024723694567e6	1.1513777483549458e6	1.2111539319581017e6	1.2197632070537284e6	1.1683569463277762e6	1.1330958877355368e6	1.279874676335581e6	1.1510378759097655e6	1.1336453499931046e6	1.0540969769552813e6	1.171445404196119e6	1.1167858644377461e6	1.1497947605751064e6	1.0819456485194056e6	1.1676311041731066e6	1.134542305156353e6	1.097028019535033e6	1.092793108119504e6	1.0772720874282976e6	1.0718748303190041e6	1.077398294360835e6	1.0806998860858148e6	1.0431436080718777e6	1.0682942812708253e6	1.0727912150446074e6	1.0470260490622552e6	1.0306308572580786e6	1.1670502649332425e6	987435.3681160071	1.0547902093274626e6	962235.1924512332	1.0376788157639487e6	1.0515498888989994e6	991464.8807986156	983950.6824685119	960171.3093135152	878857.9736044501	998813.0945502286	958135.4131605482	848186.619115367	922574.5296238207	905110.6993029348	871897.9441049461	919592.809716702	888700.4710099321	836039.2830777478	840491.8191399757	829867.7479183046	838510.9138504826	772640.094746479	732385.0252609407	734620.6824168984	723564.1767140814	685226.7876328774	656726.2637600536	644637.7532309071	587939.8129741137	569041.8313719463	530506.0112009335	490672.5694618537	447514.65788157855	403537.31137964467	352736.5056990019	295405.16469709924	228315.1560583585	139799.18726294418	48014.6265967699	-19112.87714971928	-80975.54730121442	-142885.64918087178	-206425.27661062218	-246519.6796511195	-316296.32662778976	-348063.4125657128	-404075.0627268229	-436517.19621687685	-491076.85985953314	-512381.44692808413	-584328.6935323058	-629791.8509374326	-678555.9674595145	-717879.8379799759	-758925.4896178355	-877038.6501729726	-839502.7625499154	-862314.9008765714	-1.056289368286888e6	-942355.1481555423	-962856.4870393479	-957331.5775556099	-1.0066961536367831e6	-1.1714517277574176e6	-1.2305635147130936e6	-1.1412399847503821e6	-1.1992369274679797e6	-1.3791626073815427e6	-1.282718552258969e6	-1.335880330284148e6	-1.297653997471129e6	-1.388517215680608e6	-1.3686310046356036e6	-1.4624289394140397e6	-1.3575648604552522e6	-1.4131876879901853e6	-1.497230564368633e6	-1.4311041224667705e6	-1.51477694593545e6	-1.5297588472659583e6	-1.632337600140802e6	-1.6218423891023085e6	-1.6596492812943119e6	-1.667613287518106e6	-1.6376758351252312e6	-1.7151496330680526e6	-1.638527545451608e6	-1.7385284626286724e6	-1.719218635472204e6	-1.7971784734188658e6	-1.7494424767731898e6	-1.8281479079613197e6	-1.7922968976905271e6	-1.9033274098729095e6	-1.9548481786937378e6	-1.8650823140281918e6	-1.86130300269708e6	-1.9265630938564716e6	-2.0039036872417862e6	-1.9802381023035622e6	-1.9528064133399944e6	-1.9422141463074707e6	-2.0630220937234429e6	-2.033522950402305e6	-2.0988279618515912e6	-2.112545875498952e6	-2.0408263609568402e6	-2.0901157838264816e6	-2.0703626869176552e6	-2.0151036070280527e6	-2.1644790174855003e6	-2.0719087459494532e6	-2.079406213928468e6	-2.0952580227930024e6	-2.0294657536815167e6	-2.0498304239143073e6	-2.145910794161188e6	-2.140484032546456e6	-2.1332742860833975e6	-1.8700917325078626e6	-1.9731403374447445e6	-2.1552923480569003e6	-2.0318011759856376e6	-2.1430349357189755e6	-1.9893057797440104e6	-2.1520763401078754e6	-2.0637682388477642e6	-2.1092717439973084e6	-2.0657108566595507e6	-2.0894902949790796e6	-2.157624710020176e6	-2.085821632946623e6	-2.1637477488516816e6	-2.0989892382853646e6	-2.0891307247285722e6	-2.0794671770423818e6	-2.062961310929282e6
1.2349688119682104e6	1.2343987202668795e6	1.2352212259210427e6	1.2341185115509904e6	1.2334662178441004e6	1.2331243606554808e6	1.2327823309064172e6	1.23518531370001e6	1.2348983199273117e6	1.2329846085409368e6	1.2294870068853246e6	1.232635774963143e6	1.2291437255053113e6	1.2265675573032987e6	1.2166955206687658e6	1.2196608805499922e6	1.227479234439541e6	1.2182206824621377e6	1.2429813719877652e6	1.2534886315708915e6	1.2045817155813344e6	1.2123157527740034e6	1.2610422859054913e6	1.2116411918370028e6	1.202646534766326e6	1.4165730905203316e6	1.2007027762706557e6	1.2103364272512498e6	1.19413315425201e6	1.201958285952053e6	1.1586919230294633e6	1.2013464879637063e6	1.1173582461061222e6	1.2253053127293203e6	1.2483215807307041e6	1.2139155863355673e6	1.1613175175847062e6	1.192481029249576e6	1.1758271331043323e6	1.2127130520083357e6	1.2370492910352326e6	1.1776817983709036e6	1.173308286476463e6	1.1729411642181547e6	1.1442703941639483e6	1.1343966362774149e6	1.171804718136279e6	1.1589411128347137e6	1.1430664714917303e6	1.056850947192816e6	1.1011969092916744e6	1.1346537950757835e6	1.1416477352798409e6	1.1259220381995784e6	1.2662762756755603e6	1.11570873485435e6	1.18977799428797e6	1.1078817755327881e6	1.1027436638736674e6	1.0334005885363967e6	1.1374916414688628e6	1.081564836402887e6	1.0600101309722164e6	1.0894988751696427e6	1.1201865805010484e6	1.0561634411888062e6	1.0889304038074974e6	1.0773232967160994e6	1.0419773662881218e6	1.059526567667665e6	999466.938166495	978379.2570984183	987328.9895012034	1.0066940066753981e6	946719.1084095507	945763.7597342927	926227.6338308989	914226.0866649006	913506.3286958637	968513.7840296018	888137.757334082	851038.1153897889	828905.1226474971	875395.5051152015	862450.9532864613	827356.0554363744	784600.3738866262	772255.720618132	764720.9670644784	695520.8054949207	693983.4949542364	671630.1142228084	634052.9008176175	600160.1161480483	570824.4276392765	533091.0841720306	495265.9051373862	451799.83861802483	405997.0683500372	355944.4372438637	296999.18182705715	229186.36171814753	139672.32493643695	46953.15253668162	-24040.834580340656	-87745.78232658852	-149182.174431129	-210538.98435031867	-266718.28984791855	-313962.5546929226	-358782.93076760345	-403619.2894341347	-462912.30004340666	-548613.2200381896	-527442.7986101129	-581224.0571003314	-666005.4792414927	-640483.0921289511	-676765.4652381982	-797353.4097091651	-818167.9473854299	-827836.0878753543	-803248.3482847929	-862767.941700151	-984446.1781815109	-951539.7631960632	-1.0171613423790056e6	-986378.4381453318	-1.0934789414314898e6	-1.197148902751701e6	-1.2231166127319946e6	-1.231218092303384e6	-1.2209921974994442e6	-1.1809626866482764e6	-1.3233090835141395e6	-1.3889295273259017e6	-1.3716236965596168e6	-1.5599945696925065e6	-1.4527999276473876e6	-1.3546955198308057e6	-1.4154140731460252e6	-1.5136446981909336e6	-1.4883127272600275e6	-1.6553408143751905e6	-1.5587689398315237e6	-1.6958489598520193e6	-1.6877277650261717e6	-1.617293268101402e6	-1.6060386681801016e6	-1.7398454833909124e6	-1.648821863353895e6	-1.775027238223462e6	-1.7643477156211846e6	-2.062733386993275e6	-1.7807997336424007e6	-1.5982035999606275e6	-1.8013156511043888e6	-2.000502398764032e6	-1.8119208243114161e6	-1.9240674456523247e6	-1.8993983431055387e6	-1.867178570184623e6	-1.832335079010326e6	-1.9732905201026797e6	-1.9583262927896837e6	-1.9902726797762886e6	-1.9927362185825184e6	-2.1261328335578516e6	-1.670427248595872e6	-2.0759858473267746e6	-2.131489773795916e6	-2.0970558033897607e6	-2.0838680494605075e6	-2.0421724252980654e6	-2.049991630142196e6	-2.0966591922231056e6	-2.0547047336826213e6	-2.0384741941988003e6	-2.1519156116662635e6	-2.13186695560949e6	-2.1663463817739855e6	-2.100734719252742e6	-1.9292642237057318e6	-2.2131472947679893e6	-2.136373295715501e6	-1.9449688006584407e6	-1.81593480537348e6	-2.0836775490878467e6	-2.2050708666179595e6	-2.1876427313302015e6	-2.1936852192647774e6	-2.0926375483512012e6	-2.1554352313952404e6	-2.133265314237351e6	-2.0534148003924354e6	-2.133078485784602e6	-2.199104793011614e6	-2.217443410156915e6	-2.138380658221893e6	-2.2083757009711014e6	-2.1611562931347936e6
1.2574545061205565e6	1.2575052057407196e6	1.2570317070902914e6	1.2571577085109872e6	1.2571685643590642e6	1.2567537712057196e6	1.218377293052085e6	1.214502846302411e6	1.2542441272121652e6	1.2557047116436358e6	1.2533764901407259e6	1.252617026811968e6	1.2503621197142256e6	1.2556087648637865e6	1.2448438755030264e6	1.2422929843584953e6	1.2479102699528104e6	1.2494967334364185e6	1.252044868810236e6	1.2609374109197655e6	1.2481955871116063e6	1.2362501394248025e6	1.1983742136347962e6	1.2454407042857858e6	1.2351980541923451e6	1.239372857105657e6	1.2298331791275307e6	1.2302012893335342e6	1.220534538312048e6	1.2208826013750886e6	1.2453416983206598e6	1.2424871567471656e6	1.231028912660943e6	1.2449801380143706e6	1.252420323058663e6	1.2051240157318877e6	1.236271674565414e6	1.2399506214654944e6	1.1811961638210495e6	1.220794572519842e6	1.2007672397873371e6	1.2166841702644492e6	1.1968402259385395e6	1.1907013540902655e6	1.17732583434256e6	1.1842708267754973e6	1.219004658548409e6	1.1080209429640165e6	1.1475373115553963e6	1.1211792459315085e6	1.167020028389745e6	1.1414962490009496e6	1.1767960679825789e6	1.142955931725109e6	1.1086835598766017e6	1.08608320528033e6	1.1379287510584723e6	1.1534821248926679e6	1.0711665430889763e6	1.0994953627720915e6	1.1137413758080145e6	1.1030760071398611e6	1.0477699383892653e6	1.0956152474138003e6	1.1757434929555997e6	1.1534271128034834e6	1.1729916916478793e6	1.1463982374554183e6	1.0637674161833175e6	1.011480080561575e6	1.060878319112e6	1.0190386319779078e6	1.0160031865064574e6	1.0179746124360886e6	954607.8441770939	971725.0429606426	958301.0768449646	942648.0454176096	955599.3502310963	971126.547140858	917063.8701133414	892729.6508680263	860293.0345080084	872150.6793267904	860756.5687974974	868068.1201041335	836176.8090356836	797220.2079160172	788606.6086017109	758277.3126955059	725011.1135371532	688988.338474025	699509.3342986038	638983.1908820071	595561.8783905065	581224.691764227	541340.1946235267	503589.13568833563	452377.3427691343	410408.7070006861	357174.5647204841	298722.87855090806	230059.1254754092	139545.12906050007	45885.604174283915	-23629.708801801084	-89334.75794926076	-152678.1725158703	-208112.26697875885	-258976.7607057225	-315342.7746066735	-360263.1516352298	-411950.5330337265	-467385.1113465531	-494523.90419413894	-558809.1160063038	-621731.0225434718	-645440.9521836753	-629808.6255840575	-800976.435776094	-775929.7252705204	-852584.9235257113	-837039.06086153	-927334.0428404198	-909622.976803048	-1.0125936044073806e6	-968583.8222262284	-1.0127696089264592e6	-1.1127460465557016e6	-1.1292035008077463e6	-1.2505276843943018e6	-1.2203570510021604e6	-1.1991017416166984e6	-1.2799210499794297e6	-1.2449666954475506e6	-1.329222629259755e6	-1.3755427427169378e6	-1.3800886585701215e6	-1.5709638655862338e6	-1.3525655751493392e6	-1.3927741567787188e6	-1.5181650644965582e6	-1.5128862341355016e6	-1.4987911671092869e6	-1.5815567267564745e6	-1.5811588869280973e6	-1.5520294980507074e6	-1.6340278568360023e6	-1.63743481694233e6	-1.6100269224920222e6	-1.6916815545190815e6	-1.705839279939137e6	-1.7800105576682715e6	-1.78786602909867e6	-1.7495956510834666e6	-1.6914051692967368e6	-1.7894335385308582e6	-2.0472801471508895e6	-1.8343815047234767e6	-1.826658041574988e6	-1.951145590310677e6	-1.900674751933841e6	-1.9393633104934497e6	-1.9667330786471944e6	-1.962465493384075e6	-1.9370468161809756e6	-1.9690002035261649e6	-2.0116648396765818e6	-2.203101099741846e6	-2.11852651035717e6	-2.1507367104097763e6	-2.009948264190964e6	-2.0775548422516338e6	-2.119301585168042e6	-2.1259667456014454e6	-2.3200787716016104e6	-2.0964723791047581e6	-2.206014334350354e6	-2.229647484045594e6	-2.0656245641469993e6	-1.935913448557424e6	-2.0882247825971502e6	-2.0168878255936918e6	-2.193906675028381e6	-2.132786112846085e6	-2.2036953296255344e6	-2.0003256312623252e6	-2.0901903513364946e6	-2.1065473406404853e6	-2.3133618305581757e6	-2.166625825530384e6	-2.1878437730218493e6	-2.3288073257373283e6	-2.185513763573729e6	-2.1464903553267024e6	-2.1858558987158183e6	-2.1761882707760567e6	-2.1203141829511966e6	-2.1791314841058245e6	-2.176856818926049e6	-2.066516969236367e6
1.2801899130430417e6	1.2794287780726594e6	1.2797054993704017e6	1.2800186725672774e6	1.2799652162022367e6	1.2460730396923784e6	1.2286541112226057e6	1.220547601890227e6	1.2139217744412858e6	1.2799101923046245e6	1.2912162495865538e6	1.2749836563522136e6	1.2787516774665264e6	1.2784573900770629e6	1.200522230692696e6	1.2842357057823609e6	1.2804274282370978e6	1.2828462520628339e6	1.2885064372552244e6	1.2694193447214346e6	1.2835109937015604e6	1.2175431518458768e6	1.261586964058868e6	1.2486580436617038e6	1.251250033991082e6	1.2532820307989507e6	1.249435267782468e6	1.2537716137774247e6	1.2417053314529855e6	1.2390979729075348e6	1.255731924984143e6	1.229624640813456e6	1.2668185665944582e6	1.2501874979184838e6	1.240189160165891e6	1.2926120851988709e6	1.2098801482623648e6	1.2385275205030576e6	1.2360254004307378e6	1.2262858180092429e6	1.2579811580168377e6	1.2001981695893372e6	1.2596015805530213e6	1.196736345503163e6	1.1750883877883514e6	1.2179720272381387e6	1.1872787514080056e6	1.1865660911953135e6	1.086639703765362e6	1.184016288598548e6	1.1681662646673317e6	1.1733412763226004e6	1.2172400611153506e6	1.1310193423016253e6	1.1224347281704973e6	1.1868899298369926e6	1.1338329752005339e6	1.1483270788839688e6	1.1047506229779155e6	1.1251012060000175e6	1.1169410748480177e6	1.0843179151076688e6	1.1680202755191717e6	1.1539263142215395e6	1.0794314677706826e6	1.0876812100758965e6	1.1921353095060186e6	1.043104388548474e6	1.0881989552377549e6	1.056141809064665e6	1.0514257143319026e6	1.0645464145076822e6	1.0684495496331884e6	1.0269975440416947e6	1.0258325147273903e6	1.0224534860160414e6	981057.3266402287	1.0152406016692941e6	929712.0567093213	950964.7840175335	968356.190989787	901978.626386749	842989.9422172962	893220.9751967508	856575.9599347879	860353.744141029	825804.1572040571	840049.3674566282	810028.8626932018	774181.4933211945	757236.8554192712	737447.9434629041	719133.3077490245	668568.7214069503	644272.314277499	608064.9839475155	566998.5295903746	569058.060669692	501650.2127815066	454449.84430111607	411673.2909874709	358928.36173046555	301248.3682132707	230933.2222856573	139417.54542800877	44817.430160917225	-26256.05488016759	-93181.91907597322	-158010.41113948624	-208494.48664473556	-260688.91794111743	-319140.8755437485	-376126.1496090712	-407829.7618446769	-493432.82083502086	-517814.02736883634	-558747.9376926839	-567683.9242551355	-646844.7485828782	-728132.9295617507	-763844.5732657732	-843621.4446136926	-802145.1859209456	-932480.1110849131	-946968.4032902592	-958805.0099650056	-959493.7237552751	-940907.9621287119	-1.0109238948430591e6	-1.1136064181969208e6	-1.2466566038961494e6	-1.185372425247343e6	-1.1864680957708708e6	-1.1784108300530037e6	-1.2487439304893059e6	-1.3220731517285174e6	-1.363856256551736e6	-1.3353842398107145e6	-1.426143791003834e6	-1.413256952817808e6	-1.4444558812780278e6	-1.4449023340781606e6	-1.4717135973677058e6	-1.5879736472428073e6	-1.4912997278160271e6	-1.542149457336931e6	-1.5145632086971682e6	-1.7155622084289957e6	-1.6935340063306456e6	-1.680947123187238e6	-1.7220946320282724e6	-1.7744174371183445e6	-1.7357172688390915e6	-1.8013919999376857e6	-1.630117885762136e6	-1.8156680107575222e6	-1.8480604216358224e6	-1.87054216627832e6	-2.0694629208097532e6	-1.8785211905127554e6	-2.2308788172010547e6	-1.9772032581045423e6	-1.9531916121389633e6	-1.94094873111013e6	-1.962305948809913e6	-2.0583385723218815e6	-1.8511666672847066e6	-2.1372482820519884e6	-2.0183152927381718e6	-2.1438111367278877e6	-2.117145452279648e6	-2.1240571644179183e6	-2.1138557282801084e6	-2.258682848962611e6	-2.2471807452793038e6	-2.0208669766027299e6	-2.051455064334508e6	-2.078224176135858e6	-2.167496328826077e6	-2.143604099507113e6	-2.0820034735194235e6	-2.2151718620762615e6	-1.9642257298144633e6	-2.2069281505368883e6	-2.168901901000975e6	-2.2339881966602765e6	-1.9152288419567165e6	-1.9268058070724537e6	-2.1249874701035833e6	-2.1701028670362625e6	-2.251599755547705e6	-2.2315267229323867e6	-2.20853132859304e6	-2.242126011858477e6	-2.156122014576223e6	-2.1899062610599035e6	-2.169268259073222e6	-2.1876460102143004e6	-2.1376095462547597e6	-2.098904103974508e6	-2.209124372209403e6
1.3031745495722238e6	1.3012227183331994e6	1.3028631596348488e6	1.302167366294363e6	1.2506257189600435e6	1.2496384444952596e6	1.2458156380558896e6	1.2998486802617186e6	1.3001004644001948e6	1.3022541353560248e6	1.31953854398209e6	1.295285431209607e6	1.3137316378285463e6	1.3026119415568896e6	1.3105290373060328e6	1.2939663197504524e6	1.2978105373300556e6	1.2907070450214213e6	1.2985048208648297e6	1.2824253879681393e6	1.2865065694217735e6	1.3106239001172157e6	1.290720592077191e6	1.2827716563582695e6	1.2786160776851615e6	1.2686512260953914e6	1.2882671376856032e6	1.2684582723822338e6	1.2615006120246788e6	1.2424990097690236e6	1.2620350203019916e6	1.2613137278400003e6	1.2665230749325287e6	1.267175885659195e6	1.2755199955147489e6	1.272205686544853e6	1.273212310929589e6	1.2499987527915228e6	1.318757941033421e6	1.267811163681505e6	1.1925010764042246e6	1.2127180893866648e6	1.2755141222318658e6	1.2224531012488047e6	1.2687373197446568e6	1.2679256297831265e6	1.2175202596566805e6	1.2629122611617425e6	1.2181808810406486e6	1.2120232399085881e6	1.1912285334487297e6	1.163865823995416e6	1.1659292376302024e6	1.2036204941307507e6	1.1709485240807668e6	1.1671162647266833e6	1.1194156736398996e6	1.174547259023948e6	1.1552430787056438e6	1.126332595982247e6	1.0996527436279086e6	1.1409023404991915e6	1.1070280175884664e6	1.123022160120984e6	1.1463754128904731e6	1.063291972407981e6	1.1523357285060266e6	1.1411693171092095e6	1.1307206559706074e6	1.0662776229266273e6	1.1050519211714999e6	1.0838130789562503e6	1.0866556642888244e6	1.0838117066763411e6	1.0226312289121249e6	1.0066588086612555e6	1.0411716981149837e6	999418.4965069826	1.0603651479768085e6	1.0387358637507071e6	1.0024783055457731e6	964460.2999897625	928515.0008414902	898305.9859122395	867199.2271842036	854666.446903031	833528.265619591	830557.6213844873	867882.0564747734	823086.7837963917	789681.2183381815	779578.5570905673	753944.2351689413	700745.9658029231	692819.8290666249	652227.2409437303	611269.6109674639	578910.6970301624	545662.26348378	507725.3103768665	454358.64322022034	417368.38634711667	361689.7222161137	302080.68390648044	231808.4294734851	139289.59049695032	43749.16237449681	-29413.90576451458	-96698.80229864421	-157548.25528090855	-213511.26024685754	-264623.4245221857	-324017.12011403637	-357924.5001929719	-427686.9705279295	-464120.09501046245	-532756.4121827022	-558822.1682548635	-607917.7729301164	-567740.0823641431	-664449.9268681151	-737468.7216384192	-800408.9678772097	-823743.0281118725	-954080.2782814496	-936070.5425206509	-925419.9012254286	-918475.729011887	-955799.4416738846	-1.0295419079842339e6	-1.085683948512768e6	-1.1457880286323663e6	-1.2208442036640435e6	-1.2046927020451664e6	-1.1662728284980082e6	-1.2779307772871247e6	-1.2765943403456397e6	-1.3508699641881874e6	-1.4649041554304785e6	-1.3444552875854652e6	-1.444240002205642e6	-1.4739194679364306e6	-1.376004425013171e6	-1.4806744544672747e6	-1.586232575815206e6	-1.4752018771736096e6	-1.5605206327635045e6	-1.6955868392618038e6	-1.7009482069333908e6	-1.6204298385499916e6	-1.771878215625266e6	-1.6543683599412967e6	-1.6917404397510309e6	-1.7357938499597134e6	-1.7911289473509323e6	-1.7552953983200993e6	-1.7778044879585146e6	-1.8322823957434553e6	-1.8569363209856967e6	-2.0175695990945757e6	-1.8744829232974728e6	-1.9355174530150816e6	-1.9348648677881728e6	-1.9813596516522812e6	-1.9487508314182702e6	-1.971459306326014e6	-2.0352833999665133e6	-2.0023645496250838e6	-2.0340541743615172e6	-2.0507822843397516e6	-1.9598388038476752e6	-2.0723447284158957e6	-2.118257775537055e6	-2.172753128232872e6	-2.163145154748515e6	-2.0580499266714454e6	-2.0894087076498233e6	-2.0588814652736061e6	-2.207514386742666e6	-2.185503791783794e6	-2.1857508385828747e6	-2.2590341871696836e6	-2.0062555758745759e6	-2.1092109445599546e6	-2.1478303120719516e6	-2.338175191156538e6	-2.157161431047053e6	-2.126565110283167e6	-2.186277248966889e6	-2.128218729824822e6	-2.270226633491322e6	-2.302577716486621e6	-2.225199601391378e6	-2.114332817017566e6	-2.3030626692040158e6	-2.2167986115281717e6	-2.3585269028108646e6	-2.270642441707845e6	-2.1507164054263714e6	-2.1271240433997624e6	-2.2090346385735273e6
1.3262924158091664e6	1.3258292835206105e6	1.326064252601064e6	1.3272265934253945e6	1.3262623962884352e6	1.3270559232470917e6	1.3308021425208587e6	1.3267082458466396e6	1.3230595622856233e6	1.3365194984824138e6	1.3208074647924118e6	1.3228757046931733e6	1.319342559984968e6	1.337417247818975e6	1.3207309174609478e6	1.3280534430080934e6	1.3157877228046916e6	1.3203664403054381e6	1.3010470097792079e6	1.268044136637767e6	1.3120839404592158e6	1.3295213389819711e6	1.3212478485336544e6	1.2982369574040798e6	1.3067903420528048e6	1.3226554428372863e6	1.2838757380911186e6	1.2991048615477807e6	1.3014585626050013e6	1.2841279648596123e6	1.297099600198789e6	1.289765916394061e6	1.2454309375807482e6	1.2548208759110176e6	1.3184721155696677e6	1.3204588906677647e6	1.2989365611351638e6	1.2765369002219e6	1.2732641096239588e6	1.4082560406982643e6	1.2568408029666946e6	1.2424222157005847e6	1.2463607004238144e6	1.26979529696737e6	1.2982897373560704e6	1.2692266436358287e6	1.2545179780053399e6	1.2031556439928182e6	1.2674387887375206e6	1.2176436713476446e6	1.1289400478879027e6	1.195178676260381e6	1.1592008711506578e6	1.2456461895236704e6	1.1994206496478193e6	1.2231556158493632e6	1.1527813061824986e6	1.189753303692225e6	1.2071803768049132e6	1.2225326706145853e6	1.1338102323644059e6	1.1344316186094126e6	1.1541682287315396e6	1.0896853912489433e6	1.1472180218395665e6	1.151891684882408e6	1.175392991263194e6	1.132655500954833e6	1.1920832846530518e6	1.1431974542007877e6	1.0441003308269912e6	1.0963176107412358e6	1.086304062320389e6	1.0464778979873884e6	1.079026013771688e6	1.0604378182037277e6	1.0552222482704748e6	1.0172998584394889e6	1.03583619595171e6	1.0382820604852231e6	1.0200599634323206e6	982771.5277973663	866628.5643285426	940275.705005934	873724.5320003299	878204.0363597795	843496.4064923242	862342.0171741594	885815.0301422859	908422.07610995	825675.7720724992	796205.3096087881	736840.4237837917	751968.6682002179	723839.8148179634	689895.0448180233	655124.5896785072	625001.3799259312	592926.7426061804	556088.5362624	505874.12279884715	463871.53535765863	418993.01571190427	365183.5516648183	303754.19150251616	232686.3372980901	139161.2675585181	42680.67007604777	-31326.830782528617	-98814.73542029015	-160469.31865439634	-221413.27744330186	-273999.969214011	-330963.19987602695	-367204.8524330058	-446418.29894752125	-483991.05845162016	-536637.8922818517	-563879.1806832114	-624739.3982554446	-665279.4092965708	-714860.6553719731	-727391.4244552325	-799262.0892540899	-875609.3362871993	-916721.7740272507	-860607.5878181725	-946159.8514663302	-999529.4952771764	-963267.828941935	-1.0395846423446313e6	-1.1657582072287207e6	-1.1962700943635574e6	-1.1119303700800494e6	-1.2159513936841055e6	-1.246908444302584e6	-1.1744713497131388e6	-1.3706996546495245e6	-1.4527460276216408e6	-1.4416851386750136e6	-1.4442703362710904e6	-1.4677740718103629e6	-1.4307110686327312e6	-1.4314992671693233e6	-1.495662472368903e6	-1.5089285062585506e6	-1.5782475089576757e6	-1.569496887307607e6	-1.6581124675676972e6	-1.5776460413837372e6	-1.626468244139813e6	-1.730053395907449e6	-1.7591063746688208e6	-1.7008608354839291e6	-1.7450449772286294e6	-1.7587722940921588e6	-1.9216092331739105e6	-1.901632531649671e6	-1.9160529440355464e6	-1.8229761209187726e6	-2.17407664615203e6	-2.031069932166217e6	-1.9086634186649327e6	-2.093846802493392e6	-1.9944506732473127e6	-1.9788244392986018e6	-2.0605843661048026e6	-1.786400803858532e6	-2.0903758763837186e6	-1.9835897582717296e6	-2.23679397126269e6	-1.8931784657903165e6	-2.0803030270814118e6	-2.147063262860051e6	-2.1110133509695777e6	-2.0994486662483914e6	-2.134703668315179e6	-2.1537957066867487e6	-2.2621785678120847e6	-2.177858933547976e6	-2.1302861832221746e6	-2.0965564360340838e6	-1.9344369602728602e6	-2.275743189220635e6	-2.1191904650077866e6	-2.1702406290550274e6	-2.2032166121915556e6	-2.1744317611238393e6	-2.35544950559188e6	-2.1355507138880575e6	-2.316848539031003e6	-2.293120527934555e6	-2.265896156063086e6	-2.2304142791477186e6	-2.5090585436037146e6	-2.244067248944569e6	-2.2350398637253945e6	-2.243056492954927e6	-2.188865257057997e6	-2.0821653033040469e6	-2.321489679039026e6
1.3495251028528204e6	1.349165435842442e6	1.350396793400701e6	1.347797909902811e6	1.350604796318092e6	1.3216258565480753e6	1.3501325316866506e6	1.3459901950152905e6	1.34715215924662e6	1.3505571922208192e6	1.3478358759960595e6	1.345966792191322e6	1.343372574990677e6	1.3464559488391972e6	1.3397885062317005e6	1.347493351522435e6	1.3573360354098289e6	1.340852004567481e6	1.3397720901315184e6	1.3137881643468277e6	1.336332674441793e6	1.3353681969667291e6	1.3563100564119935e6	1.3289972457719943e6	1.3370392689655432e6	1.311673993914184e6	1.3125579846514468e6	1.3327012097542e6	1.3159662920061655e6	1.3447783868107873e6	1.3361247948771599e6	1.2892906257940354e6	1.2682220405235006e6	1.3201644491630318e6	1.3570045284956435e6	1.3405021253932682e6	1.284755374398096e6	1.2776496051596617e6	1.2998094725752003e6	1.3543299066099983e6	1.410302119174235e6	1.3389242474796437e6	1.2758706096231486e6	1.3100689461000806e6	1.2929671540457713e6	1.2586518674179837e6	1.1986859312093796e6	1.2398361320109689e6	1.2500193632771731e6	1.2894789599586315e6	1.1829637937563313e6	1.2785489205119554e6	1.2254713074361398e6	1.2528063959752275e6	1.200347084144184e6	1.2231611620033518e6	1.1857530092540323e6	1.2082800433161047e6	1.2634306329248508e6	1.2218557494702553e6	1.168229252012093e6	1.142084552936402e6	1.188412943585888e6	1.2136489364242158e6	1.1487374033104074e6	1.157023217772924e6	1.2460829618761428e6	1.1577525759857693e6	1.2200766925253875e6	1.1633195934650889e6	1.1918836587160977e6	1.1509828710555492e6	1.1266337617525249e6	1.0858184207314607e6	1.067483473794561e6	1.080485504023353e6	1.0550204137735376e6	1.0556141071897778e6	1.0951292401190163e6	1.0154434164951073e6	1.0431790409250798e6	1.017040480669284e6	964312.3453104841	961840.0835815726	951812.6728664424	896176.6190344999	892852.8783075006	926829.3660064698	845495.9464625294	905209.9651660342	883675.5065585803	828366.287819657	823164.4674677947	776838.1131905797	739140.1370029767	725904.9761765216	708811.9442594142	653895.7130973929	628937.1589050648	595318.2454839707	554227.7256606843	507289.0868078545	467780.280333163	422276.6157349907	368346.56335816067	305287.4539483073	233563.3370551858	139032.58582454408	41608.94157740625	-33041.84660708334	-99640.1089916809	-164490.59139579674	-226365.9878526798	-275344.4607998964	-325508.38966720714	-385833.3169646051	-448425.99056130415	-435615.45289779967	-537001.7926625002	-567895.9451008316	-632705.0813261906	-680206.1101105376	-726971.1248473998	-761745.3413002626	-789021.0298478571	-873741.4650360332	-879065.0986148445	-819472.8643232959	-940693.4481571377	-948213.6207895845	-1.0183092674755701e6	-1.0296567800783091e6	-1.2348620644792872e6	-1.1401630414116215e6	-1.1945393597709099e6	-1.2037593543859636e6	-1.2419967984046e6	-1.2916869096383476e6	-1.4218617965404396e6	-1.5919502740910263e6	-1.3948310955874184e6	-1.3594072343229777e6	-1.4574046195506183e6	-1.3689759088818566e6	-1.4457803041405324e6	-1.5285712229530024e6	-1.5593519993083081e6	-1.6204165971902255e6	-1.5277746175943892e6	-1.5966161959941406e6	-1.6361449841320012e6	-1.632800097470814e6	-1.748096826612702e6	-1.785412003442281e6	-1.7448863653938286e6	-1.851264610458646e6	-1.7993502440588172e6	-1.7858122364688213e6	-1.780648023658142e6	-2.0328436874885024e6	-1.9240278551600468e6	-1.9873511796463085e6	-1.9668016896385015e6	-2.128100438244396e6	-1.9859304024144947e6	-2.077199331916479e6	-2.0794014583473322e6	-1.9565364316976639e6	-2.205235083383395e6	-2.1219941789863533e6	-2.033579491104459e6	-2.100528625966603e6	-2.0882007812177516e6	-2.2075905980089307e6	-2.153026597157461e6	-2.127197635100547e6	-2.2007939351946255e6	-2.1507515561397835e6	-2.1746798669076436e6	-2.2165295674995026e6	-2.116640509023059e6	-2.1954100389077584e6	-2.1417379761446086e6	-2.318904033355328e6	-2.2036377045262824e6	-2.2121993761947462e6	-2.2250676793076154e6	-2.2416453817525413e6	-2.3055172057384173e6	-2.097958028155123e6	-2.130179988070035e6	-2.224747247334468e6	-2.2909592841980015e6	-2.3067297069113497e6	-2.381409289610295e6	-2.6191180948382006e6	-2.445553078216139e6	-2.264409923780793e6	-2.2896043123217346e6	-2.305974730663942e6	-2.1923385862377174e6
1.3732074185815142e6	1.372974910310531e6	1.3725969838779764e6	1.3732527588160855e6	1.3727278422576175e6	1.3716119865689543e6	1.3695308117244998e6	1.376486216900096e6	1.3713022577491933e6	1.370202504009731e6	1.3686756446786486e6	1.3689346854294287e6	1.3671683109866434e6	1.3537988772629376e6	1.3599419757884522e6	1.319615744970361e6	1.3645959913022632e6	1.3660661398434741e6	1.3578545559575842e6	1.3493730207184935e6	1.337165904848242e6	1.3505428843643658e6	1.3584721013827724e6	1.3863842711214623e6	1.3776606152559551e6	1.3445805091269936e6	1.3306405931108852e6	1.344088129606666e6	1.3400745705684614e6	1.340700794751299e6	1.367589398859269e6	1.33774368686546e6	1.3188173732907851e6	1.3425182030931516e6	1.3605250318669267e6	1.3334407818102867e6	1.3488066591003868e6	1.2924056965731243e6	1.2763639816962653e6	1.2511679948836782e6	1.3040842314839598e6	1.4043878320453581e6	1.356101024752547e6	1.2987282594306255e6	1.3093423687033106e6	1.305169950707758e6	1.247114279462264e6	1.2643234814283196e6	1.2559223022324927e6	1.2346805418582764e6	1.2297736259092842e6	1.2591017294284285e6	1.2769229014770926e6	1.2540741276965793e6	1.190989790049131e6	1.249119619872039e6	1.2536597260257378e6	1.2506003206250996e6	1.216554064764179e6	1.2026976158623006e6	1.188702286127579e6	1.189959502346957e6	1.1956316980873034e6	1.1497675969109652e6	1.1858733877938366e6	1.1042979437964263e6	1.2897601931792358e6	1.1534701876412982e6	1.2310278481050297e6	1.1490789613591875e6	1.1203329489716352e6	1.1435049942094383e6	1.095734803101963e6	1.1112569223160534e6	1.1459203191758203e6	1.0829057535051848e6	1.1073672171832547e6	1.0888388299460649e6	1.0930219426399898e6	1.0839948333809618e6	1.1402910348102069e6	1.0612817060366278e6	1.0127953442223633e6	983812.0799792627	966418.5953415215	989797.7912947816	949595.2045950516	899446.3143313898	950490.9585962773	826613.1232317607	877344.0952128579	881875.3054919152	841567.7637304957	805987.917747373	781745.482836975	764033.4192760687	728273.2487453411	704429.9809294189	674237.8116743646	626599.1961481415	592322.2009591244	558566.1732088202	515769.049732388	474807.62723790447	424536.73926170194	368980.2616662927	307039.14592133835	234441.46975762537	138903.5425118967	40537.95224289445	-34576.36339082406	-102831.12179012492	-167190.28467462142	-232502.08582774387	-284960.50034149364	-340704.372022829	-394547.82833959814	-450403.61708550574	-521570.3873874929	-544259.2895374228	-586748.5090724546	-628675.845134744	-683827.0020617105	-718061.6252827547	-724115.1761021381	-816509.3870201109	-857076.5950743402	-922595.5483948893	-939931.4956926673	-1.0018364589768772e6	-978750.6948958433	-1.0004387429158818e6	-1.0613504945146642e6	-1.1529238873511218e6	-1.1562682914698205e6	-1.183542302641638e6	-1.2855987805754645e6	-1.117171892590495e6	-1.1775037476423387e6	-1.3848036968237245e6	-1.4255791948747314e6	-1.4192492438976755e6	-1.5046611932884352e6	-1.4828711989369001e6	-1.4950603890177729e6	-1.3633748435184131e6	-1.5536718864792404e6	-1.5609254323612815e6	-1.6110571520356704e6	-1.6144125202944903e6	-1.598776474345761e6	-1.7127036439147391e6	-1.734918671230217e6	-1.7995911223957273e6	-1.837621480510504e6	-1.7873180214713896e6	-1.95414677264883e6	-1.8570137032134002e6	-1.846019575121242e6	-1.7688841408644794e6	-1.9185748501515877e6	-2.162341024264373e6	-1.3302242368177688e6	-1.8908231670048144e6	-2.0593571604035245e6	-2.1693981439932967e6	-2.167220965647042e6	-2.007257584148934e6	-2.1091880726071037e6	-2.0795269653222188e6	-1.9592683185491553e6	-2.1113188937156326e6	-2.090378880690313e6	-1.9206147194499918e6	-2.497730418278855e6	-2.1064665084223794e6	-2.106389080744754e6	-2.2629361790404776e6	-2.300132527538558e6	-2.180669673868858e6	-2.166122660365842e6	-2.283663277387601e6	-2.247347943395008e6	-2.2615372834179387e6	-2.274611182918795e6	-2.2654422902949103e6	-2.0924436935936734e6	-2.0865396763015622e6	-2.348723549367556e6	-2.1825118454193105e6	-2.220121287687663e6	-2.1993453072552155e6	-2.275339803880266e6	-2.304086903250323e6	-2.2918631823554537e6	-2.2035485558741717e6	-2.498732834810889e6	-2.2358912428656803e6	-2.426254409423021e6	-2.3724791788451876e6	-2.224442535565654e6
1.3968978127861621e6	1.3950138939478968e6	1.3951261287818705e6	1.3959340842821244e6	1.3957686478746186e6	1.39737067059782e6	1.3980730760476675e6	1.3940369858082267e6	1.3814348987274314e6	1.3888152216259749e6	1.389917354269275e6	1.3914466089936257e6	1.3845846290572402e6	1.3855478006177396e6	1.3883412402914907e6	1.383325620387615e6	1.3851015003197638e6	1.4014781236126863e6	1.393912069371268e6	1.386757468711289e6	1.3746077977015504e6	1.3754561625071748e6	1.3763121376610347e6	1.375549172951463e6	1.371618139471385e6	1.3612714587806533e6	1.3852497177872942e6	1.3776089059529796e6	1.4594184659227037e6	1.349129544927309e6	1.3493605944245788e6	1.3507473061924963e6	1.3346565959971447e6	1.3626026649475358e6	1.3269813038388747e6	1.3808350796078928e6	1.379089595097098e6	1.3266153676709435e6	1.3434070358302328e6	1.3637149652115095e6	1.337410062195206e6	1.297575691351432e6	1.424983451797737e6	1.333240607934974e6	1.2947237191184289e6	1.3641667999560619e6	1.3107753152638366e6	1.3565908795852321e6	1.307236774039412e6	1.2677803734489507e6	1.267952622521973e6	1.3243600054513495e6	1.2379353811568986e6	1.2590082083497075e6	1.258185556394348e6	1.2956900507031435e6	1.3037515338010362e6	1.2813832015642496e6	1.2242352536129474e6	1.2252146286313753e6	1.2652682755986257e6	1.2549445182767208e6	1.2542625432606398e6	1.207304299504672e6	1.1583745711562287e6	1.2935552238790547e6	1.2735804301797943e6	1.2107696119813463e6	1.1749558863313294e6	1.185771208834098e6	1.23454151546008e6	1.2171807350674705e6	1.1586323323184578e6	1.1484216971677758e6	1.109956901496139e6	1.129732532779248e6	1.1390126975201024e6	1.1205010691425877e6	1.1068158688198272e6	1.0850426046745768e6	1.081205348503036e6	1.0343824364112896e6	1.0382754384012796e6	1.038163605249897e6	924166.4183278342	981576.073875416	1.0367800026711696e6	947875.8522686186	945807.4622774061	869456.9494052514	815704.0937577172	926995.5675103316	891018.5259268035	834867.2556175749	821466.0738958422	836825.7215414837	762765.5689837073	764502.6681672158	706124.7512768055	685998.2106962127	649450.7007003388	606742.0439675316	584784.5738769434	523943.6551789874	477045.2691712263	427363.758758893	370847.7680524825	308655.644648626	235324.246026551	138774.14139676397	39465.01069623139	-36557.30684840842	-104908.50678539183	-169125.9447880413	-230441.8919924656	-294898.2082234244	-361331.4901341677	-402154.7769319634	-456348.7254292432	-513120.2845622897	-552075.9038562989	-583436.1390087109	-627175.4716774123	-695930.6615928148	-736438.3728238181	-768157.7727544669	-782636.962356752	-829475.5601154617	-943313.5336954733	-854617.1692167348	-991135.8693667168	-1.0071858204586953e6	-1.0152804885799976e6	-1.2079792392080645e6	-1.1579633419951075e6	-1.1231762282660424e6	-1.1149231892401567e6	-1.2153438031577119e6	-1.3753856684374078e6	-1.4305773676257445e6	-1.408759767189227e6	-1.4879551254455699e6	-1.384015402984606e6	-1.4517919425984607e6	-1.4819735404389724e6	-1.5350193568338566e6	-1.496575207589739e6	-1.5176071818459276e6	-1.5629058273101733e6	-1.6490912569194087e6	-1.604183447416429e6	-1.6163511092036287e6	-1.6983307489603688e6	-1.7377920835232097e6	-1.8721629795841915e6	-1.7683124546139622e6	-1.5775014468049533e6	-1.8622561818631855e6	-1.8046308846487072e6	-1.9327843438290488e6	-1.8374481323317518e6	-1.8291635705899922e6	-1.920895248557759e6	-2.0694785047367187e6	-2.0224830707831876e6	-1.9499256744887312e6	-2.2294121082856287e6	-2.129575661979399e6	-2.202271690564302e6	-2.0800733570516668e6	-2.1822669216384506e6	-2.102788462778526e6	-2.0430622654688125e6	-2.1033773102588956e6	-2.1012211635907018e6	-2.2107397795411265e6	-2.1872684780860143e6	-2.2135136113651013e6	-2.2312009161038776e6	-2.255235603503189e6	-2.129602435390023e6	-2.1237153315355717e6	-2.259934266645776e6	-2.2292196262313784e6	-2.1805411130941324e6	-2.2372957562869596e6	-2.2189861190406345e6	-2.398788280881522e6	-2.286740665451821e6	-2.341551667593515e6	-2.141123906549112e6	-2.256345074083552e6	-2.446310016510638e6	-2.321531791403356e6	-2.335422163853853e6	-2.34532169132974e6	-2.309456990696006e6	-2.505647628095871e6	-2.2337066583000603e6	-2.4565779691242394e6	-2.315142383650601e6
1.420920760726717e6	1.4203718964372377e6	1.4196534260348596e6	1.4210900295315057e6	1.4199663865262212e6	1.4203462703729377e6	1.4282839859935879e6	1.4170038923025993e6	1.418325085798641e6	1.4174337906679853e6	1.4132793522016248e6	1.4153584028440036e6	1.4203764363008924e6	1.4127358221530537e6	1.4097509503064202e6	1.4130986859942018e6	1.4155591183120448e6	1.3986686559805085e6	1.421689751458262e6	1.417552742530502e6	1.3905883510414567e6	1.4145608357132873e6	1.3777626344415527e6	1.3950167080981932e6	1.3982663528480774e6	1.412216055294457e6	1.40734386832028e6	1.397252886667694e6	1.361016140581292e6	1.3976196898707794e6	1.3957196238344396e6	1.3971457199431746e6	1.4238199449278023e6	1.374960086002205e6	1.3511268572032945e6	1.366531279313849e6	1.3908877549469317e6	1.3711485901545454e6	1.36385467883255e6	1.349841997970944e6	1.33709677531208e6	1.3856867419996306e6	1.3626815754419845e6	1.4512408868349697e6	1.3272708717161883e6	1.3087340933503998e6	1.3941297054706826e6	1.2986748687865036e6	1.3306468382658344e6	1.3414150291878493e6	1.3067555622338932e6	1.2859358665010836e6	1.3019700230944161e6	1.2149210636506467e6	1.298823367182436e6	1.2721596838586724e6	1.3776462533526095e6	1.287826869322706e6	1.332974860930885e6	1.2254962746756119e6	1.2182738967034076e6	1.2569155293964415e6	1.2367503058945648e6	1.2287692915314105e6	1.2289818137680956e6	1.2052806614149625e6	1.3027328404412512e6	1.1548000218001227e6	1.037299446651614e6	1.1724639228420157e6	1.1892959606825267e6	1.3209774741835908e6	1.2050025757806727e6	1.1402060276176464e6	1.1267091448456435e6	1.1892218854537182e6	1.200754914406292e6	1.1015667059518413e6	1.1359226441085893e6	1.1202836413616857e6	993408.9190332876	1.1559318868363902e6	1.062877972219767e6	1.0593207073076316e6	1.049609834942739e6	1.0563317235002746e6	986418.8194183742	1.0263188549658314e6	955100.2711206023	794286.550127939	930261.5651539585	819777.6707021245	890838.3736468537	814015.0347024173	871432.1001836681	881247.1406901486	793111.0277389074	773052.1936325163	776026.2417722237	716335.9736930642	667970.700147153	658143.7542751548	616362.3241250226	567873.3572786874	524322.3756491579	471931.5333027319	431330.97116763727	374105.54286072275	310291.5963235415	236206.26929794857	138644.39003110933	38390.512021343224	-38428.78506817622	-109439.93326005898	-174426.24958277377	-239078.6667378056	-287985.8947108302	-370202.9484973126	-392680.8713653593	-451667.8663072041	-507116.347871064	-547853.7036273894	-583060.6883185226	-659725.344840554	-702852.2543389127	-760163.0699659302	-818692.6172941267	-895648.9526736196	-870858.1826063083	-838457.9029000965	-992871.5229790383	-970027.9692470983	-960710.6598915209	-1.0333818306462127e6	-1.1208280484985095e6	-1.1514995321885995e6	-1.1619249946376006e6	-1.230277499046532e6	-1.2641516166306934e6	-1.2955597371513927e6	-1.4324039109211676e6	-1.3356206038757986e6	-1.459312723469073e6	-1.4059130786346574e6	-1.4674351017010584e6	-1.5100738185312562e6	-1.5024944712843676e6	-1.5312982294467036e6	-1.5085998151412136e6	-1.676962948242032e6	-1.6425782148177973e6	-1.7277212945788354e6	-1.7005814256790495e6	-1.6782347713458478e6	-1.7752697950120596e6	-1.8629865213586162e6	-1.8010481407785043e6	-1.815203700713113e6	-1.826720548750313e6	-1.857147293737121e6	-1.6387857745444668e6	-1.863759073696102e6	-1.8819837930877586e6	-2.0956315241793306e6	-2.0143456715358435e6	-2.0564024320069235e6	-2.0548974256330766e6	-2.19957753415856e6	-2.0448264668153278e6	-2.1275401468500164e6	-2.11272600905068e6	-2.112796838344555e6	-2.0960485060544051e6	-2.2389070228265394e6	-2.2721213682792583e6	-2.250939286135093e6	-2.2327798672651234e6	-2.0014570490218303e6	-2.2184273041291046e6	-2.306788550129918e6	-2.2768953926190706e6	-2.0594301549903005e6	-2.289195195548318e6	-2.3005597941341423e6	-2.2140161882932573e6	-2.2364551415299145e6	-2.333918213737084e6	-2.309759039047222e6	-2.2236240768288397e6	-2.3322228590632314e6	-2.236438064882925e6	-2.2372122451764676e6	-2.1511994144839803e6	-2.3213575028770394e6	-2.3606425884372327e6	-2.3568380713957115e6	-2.5867335189971128e6	-2.3336523208677694e6	-2.5701017976984647e6	-2.24618620349031e6	-2.3384737534455806e6
1.4451931816966534e6	1.4447063027796615e6	1.443984606255774e6	1.4442753840234657e6	1.444654293723421e6	1.4453026053973483e6	1.4451781384278536e6	1.4413817408491015e6	1.445824957435041e6	1.442798154163625e6	1.4440078604710344e6	1.4358676259920131e6	1.447985928062867e6	1.4429640660851782e6	1.4394491180412844e6	1.4379873286417066e6	1.4307038528510958e6	1.433656600996154e6	1.4382938979547087e6	1.4463361305983248e6	1.431595269083147e6	1.430389518083249e6	1.4119469079204192e6	1.3967169855761689e6	1.4206233273589965e6	1.4321935755618867e6	1.4417240367230454e6	1.4380269394971947e6	1.4039460810153815e6	1.4355999227902887e6	1.4392581544635952e6	1.3932683586961632e6	1.4425264541724743e6	1.4055107990226382e6	1.3725626534239824e6	1.3587622395133825e6	1.3674727897017193e6	1.3731778199954382e6	1.3934882209117813e6	1.4109063641142903e6	1.383283349175951e6	1.3969190560113331e6	1.3859041856087628e6	1.3584696392027899e6	1.4629168458908095e6	1.414430197636636e6	1.3470415196971807e6	1.371989466560428e6	1.310054178852332e6	1.3276599088109708e6	1.3659097259180052e6	1.3323905301163103e6	1.3203244800510886e6	1.2940605798659418e6	1.223790881639036e6	1.3238556073612897e6	1.3077506479078897e6	1.3432913787477957e6	1.3150074135688283e6	1.3367720949832168e6	1.2009133914427483e6	1.2743807532160403e6	1.296643892106355e6	1.2453392200443223e6	1.2292537139615987e6	1.186930101875557e6	1.2369822336945727e6	1.1595286345090503e6	1.2048631057204506e6	1.2776993972503052e6	1.1977935076892746e6	1.2303100922716216e6	1.3007437812949794e6	1.1942500010320253e6	1.1851363636377384e6	1.1660756737428694e6	1.224505334050229e6	1.1897633902082094e6	1.1639853473234428e6	1.1126040015969705e6	1.1435428647881756e6	1.083145146055264e6	1.1663720929821958e6	1.1193862861440075e6	1.1404847424455478e6	1.0639381034976752e6	1.0333428423777362e6	1.0399200631558131e6	991417.1540785602	976584.2151418275	925279.7806314145	827175.8132865508	918058.3819940808	914075.9837034121	916922.2146019333	879119.918954531	850218.9280750235	811262.66951447	760525.0596863744	747835.8882192848	721908.2934446852	693964.2722476809	651134.0053991654	625747.234345735	576465.8892666304	531187.5755084091	483761.0965919575	437694.10253815365	375807.8165503582	311975.6658754203	237089.98834107223	138514.286987275	37316.369382363744	-40671.69630365935	-110203.61848457833	-174336.45573069993	-233897.598804496	-299899.3123106647	-358964.34004212543	-407528.371617957	-462653.7007855093	-506229.92404681724	-556096.1023159921	-586512.2835579894	-748260.8163106223	-680280.4659463924	-669671.219283469	-789033.7140889682	-900665.2666611525	-885717.3398495088	-972249.4117341675	-988801.4378898784	-1.0121417023784406e6	-1.0270462356959677e6	-998638.9230075967	-1.0762510059035174e6	-1.1276125497451937e6	-1.230844660784965e6	-1.3003637203879463e6	-1.3618662164271981e6	-1.2670955427418784e6	-1.3291898420030088e6	-1.3980153051469037e6	-1.4381562939877133e6	-1.5024433864106606e6	-1.4328191817357652e6	-1.4768376215522368e6	-1.5254402942400356e6	-1.5383887796390792e6	-1.5408981076957495e6	-1.6314353275872949e6	-1.5952257029992966e6	-1.656221510715555e6	-1.5514612928810432e6	-1.705489495988761e6	-1.855989027977839e6	-1.8697323367267884e6	-1.8684202691060095e6	-1.813032656460133e6	-1.8925406479583164e6	-1.8938349715124327e6	-1.820643029396867e6	-2.0300465666687042e6	-2.0991667968998025e6	-2.1489834522003927e6	-1.964439646837384e6	-2.0572303389851646e6	-2.0609250777148213e6	-2.1357069461108358e6	-2.038473664257985e6	-2.1862232818744616e6	-2.127663289544341e6	-2.105702429444008e6	-2.0590811187969781e6	-2.115190844287924e6	-2.2613718451793934e6	-2.289043655370791e6	-2.2565203123679725e6	-2.0631099103579815e6	-2.2411710909205e6	-2.208788036598811e6	-2.2717845410616356e6	-2.30014936788912e6	-2.248592452751692e6	-2.4184439074314083e6	-2.276575088796135e6	-2.204822876194323e6	-2.340383933901621e6	-2.359292831191126e6	-2.3335883913510377e6	-2.3003444505545157e6	-2.4066752861438687e6	-2.319690204540841e6	-2.349683952064127e6	-2.353374016270966e6	-2.407868658002976e6	-2.4707718769990373e6	-2.4002252629531766e6	-2.492290690447763e6	-2.5963119918100196e6	-2.3776708346412564e6
1.4696264265850978e6	1.468876360179523e6	1.4692454803940204e6	1.4661982922976222e6	1.467580833068381e6	1.4682394453584924e6	1.4673799161670734e6	1.4689675946364745e6	1.4706883523105073e6	1.4682979032465646e6	1.4673744166318057e6	1.469908076632991e6	1.480640820328257e6	1.46087426527685e6	1.4546980519548329e6	1.4609923121620612e6	1.4619273079977427e6	1.448547184776133e6	1.4534404577324637e6	1.4646978351373007e6	1.4566685454417919e6	1.4489337739968204e6	1.4152939955582046e6	1.4501755648375507e6	1.4155573521900978e6	1.4376595463741072e6	1.441173926793455e6	1.467692183748064e6	1.4156437435636215e6	1.381507150679374e6	1.4289764014453888e6	1.4237404668886387e6	1.394951445139155e6	1.4694947497531958e6	1.42416281924913e6	1.3886702713431073e6	1.3836129244597466e6	1.4174904755196222e6	1.4015647099549563e6	1.4028181304118591e6	1.4386405576802706e6	1.4019250203969874e6	1.4031297709089136e6	1.3987137196139595e6	1.3672426082973958e6	1.443861753574426e6	1.3791778125121805e6	1.358981806388175e6	1.3621518473490574e6	1.4094684311401648e6	1.3978122627126018e6	1.3677269261302925e6	1.3657439122247072e6	1.30379241114703e6	1.3341351332383966e6	1.2329570750680182e6	1.3379266956242053e6	1.3484447319379468e6	1.3069317288206038e6	1.3442990234414414e6	1.314040290005262e6	1.3211464819789657e6	1.3017210974551993e6	1.3412538121538388e6	1.2790236907597699e6	1.2152125255595346e6	1.2727308835317884e6	1.275250423208267e6	1.229068735778954e6	1.1924080018568453e6	1.3099070098229381e6	1.3082295371364534e6	1.210412597745571e6	1.2850419986998492e6	1.1719765002429234e6	1.2387620181493044e6	1.186491989153647e6	1.2004543030158605e6	1.189948487248029e6	1.1051619834369465e6	1.148758017315466e6	1.1334220979855773e6	1.1766159721196797e6	1.2196125359651463e6	1.0905163518676315e6	1.0903849421150677e6	1.0962180462874537e6	1.0587755932253678e6	1.0184561887949025e6	961418.6215051931	981151.7030656702	955441.3176914614	935417.8253466415	929056.8942753344	980031.1584495935	897584.6685083895	909949.1022995133	765540.9401292793	820811.4621906755	784079.4727611728	756639.4404628167	719715.5520507514	687153.1800052396	651652.9021470102	622596.8653520051	580284.6994569805	527980.8276250181	485470.3522499107	435184.1084904034	378379.09670469654	313633.58974288974	237975.1187274556	138383.83643787785	36240.20704421634	-42330.10876024258	-115543.6200248287	-176442.07983158482	-241876.97085389378	-306608.11581284786	-361620.8086109203	-404709.58305994957	-490268.08511128044	-535507.8693365909	-570606.4408307967	-585140.80731233	-665140.6239344871	-728315.7126576488	-722174.3618973745	-798128.2037677676	-870644.6300557307	-866518.8553212008	-931145.5944273241	-974238.9795674218	-1.0281135910881287e6	-1.0390394530283676e6	-1.0758345652685226e6	-1.1034833689527335e6	-1.226231557055771e6	-1.2599557130790749e6	-1.244430636436461e6	-1.2635062864617673e6	-1.3007298562388835e6	-1.3931678420871445e6	-1.4084679173666737e6	-1.5016624733236427e6	-1.4356424996755123e6	-1.46062833762707e6	-1.4779593772140755e6	-1.5083946789937313e6	-1.6063514572360944e6	-1.495756499959689e6	-1.7790707640965101e6	-1.6317235585370664e6	-1.7484533990261178e6	-1.6945918279548571e6	-1.7742140356297232e6	-1.8221866979610478e6	-1.8873064979350138e6	-1.8238658360117339e6	-1.879826722973988e6	-1.8280028195917602e6	-1.8442016123861289e6	-1.9529779361102465e6	-2.019412342420124e6	-2.0133533645945196e6	-2.1150054159048307e6	-2.0523678791150684e6	-2.095005441917847e6	-2.1024749992416925e6	-2.1195551610506685e6	-2.0903950598543095e6	-2.2484785629482027e6	-2.1804774920519926e6	-2.1457473138238788e6	-1.9845834898187066e6	-2.189517411053922e6	-2.315150740352545e6	-2.0961366987602194e6	-2.2944971542812795e6	-2.2439887235441394e6	-2.206642290225863e6	-2.330532150524987e6	-2.3125196200502417e6	-2.168041762536771e6	-2.287066373759569e6	-2.2164395829373295e6	-2.191458347748524e6	-2.29340011765425e6	-2.3962671099148695e6	-2.410126184668834e6	-2.3017977472988265e6	-2.3475342976104855e6	-2.388703920832587e6	-2.319315943402507e6	-2.192900559907748e6	-2.303127714876829e6	-2.4021306693474515e6	-2.3729796073392867e6	-2.4925393958483823e6	-2.413704539068039e6	-2.323993320372229e6
1.4942739862934926e6	1.494116094101312e6	1.4936848363401808e6	1.4932034936485658e6	1.4934292507346817e6	1.4921488341512373e6	1.4888464464110432e6	1.4932944045610244e6	1.488820082606709e6	1.4915988748475192e6	1.4882061281092092e6	1.493847664025142e6	1.4927870747789936e6	1.4847107586281304e6	1.4633700698247133e6	1.4825428606109216e6	1.4867254463401914e6	1.4718252470655856e6	1.474429094140498e6	1.477765717729956e6	1.4927046167695015e6	1.4871705735984342e6	1.481604513445799e6	1.4353977731398565e6	1.475607712149831e6	1.4465080287230778e6	1.4682106279529617e6	1.4762812987470967e6	1.5160927385327066e6	1.4745538819438678e6	1.4555720771697299e6	1.4664094983025969e6	1.471682855606752e6	1.4085611341514334e6	1.4409115896821662e6	1.4316708034803984e6	1.441353484557256e6	1.421347520401625e6	1.4442634861401208e6	1.4216881798747808e6	1.4744499170500278e6	1.4126564606102537e6	1.4530106951918588e6	1.418070531921052e6	1.4237276906247041e6	1.363958673031942e6	1.4891059037142717e6	1.455084658595933e6	1.363668445982208e6	1.4206905295235706e6	1.3690608509110576e6	1.3282339734630485e6	1.371596958066132e6	1.3946394823031146e6	1.3482536814823106e6	1.3622719830300729e6	1.3736268980153732e6	1.3525001848084056e6	1.3624720440611942e6	1.3035071869520107e6	1.3603623433106197e6	1.3565408157413756e6	1.3079932647493721e6	1.2802293538059776e6	1.2774703508674167e6	1.3327806770870483e6	1.2778725612219013e6	1.2735170346686053e6	1.2392884070242401e6	1.2993006456530984e6	1.2629307756420707e6	1.3183204858641436e6	1.2593439094691805e6	1.2417345949190955e6	1.3030030038835614e6	1.186780929280125e6	1.208161181132576e6	1.2363966189939207e6	1.210405624041393e6	1.1449383128554737e6	1.1587447405831963e6	1.1498265297792554e6	1.1628315347756087e6	1.1188293602927506e6	1.2129174524248943e6	1.1266835440384094e6	1.1379986789612863e6	1.1087746214486072e6	1.0203461975077852e6	1.0245350294712107e6	1.0130907523596049e6	971626.5521078295	989462.2652196852	961358.7241059664	947926.8837854385	974418.9087951626	926634.5591430012	915460.7222221171	844500.4422062252	840563.5705807356	810619.2577070373	748599.1274004034	734882.9098209231	701385.9158294362	666213.4676804382	631517.577259712	578836.9684040785	542265.5371663717	485340.93711567286	439203.67297872005	381050.5823964961	315323.8878028025	238860.97707171342	138253.0385860547	35163.16694511799	-44248.12601707922	-115648.17436789908	-182883.35273757996	-241779.04529432394	-303681.9027237308	-369900.4434942729	-421916.9952570712	-486670.8234541307	-518842.78445307654	-561525.8561066834	-587056.9575668825	-670266.6612045374	-730737.6857030969	-751088.7905551568	-833939.8544226876	-848741.3837394374	-925675.3368077297	-969635.0995326741	-985377.559248439	-972735.6982411433	-1.0180024185964703e6	-1.09137246269092e6	-1.1542130875569321e6	-1.2115721188528906e6	-1.2461705177384266e6	-1.236735918752876e6	-1.1245647342300336e6	-1.363236066257154e6	-1.4111456152483937e6	-1.445865566917039e6	-1.467770837733775e6	-1.403408395947117e6	-1.6137424316503466e6	-1.5642550217936225e6	-1.5941132762929467e6	-1.3831845800761557e6	-1.6194990177958128e6	-1.6705575558651625e6	-1.717758622880633e6	-1.7786116494239126e6	-1.75334096342316e6	-1.773254628746837e6	-1.8013847979979487e6	-1.8526946334813298e6	-1.873234757499409e6	-1.8439371733909626e6	-1.8071594262245568e6	-1.9503699367926298e6	-1.8656594193266402e6	-1.884116210485958e6	-2.0633466615760108e6	-2.0309804430754157e6	-2.208388394568072e6	-2.009167361672657e6	-2.0315738589781667e6	-2.0477903036255143e6	-2.2139936901415847e6	-2.0804563075735592e6	-2.2369706599549595e6	-2.1450383757381304e6	-2.2014796473648613e6	-2.167536961874278e6	-2.532647579834315e6	-2.248189669269296e6	-2.268269683394805e6	-2.2832993873903304e6	-2.2759460896101687e6	-2.211649570075864e6	-2.3277159282554993e6	-2.275664666382824e6	-2.2914169803648107e6	-2.301671513483756e6	-2.2495831860467517e6	-2.3778393226879416e6	-2.4811144377758577e6	-2.3308022736086333e6	-2.2682402289292617e6	-2.3802110800690656e6	-2.4310269629958184e6	-2.3278865731461733e6	-2.2373523566559753e6	-2.4476009705048813e6	-2.324443870911756e6	-2.4389951323141227e6	-2.6120883605667637e6	-2.4752148782041073e6
1.519119737598204e6	1.5191958969545327e6	1.5185717907041393e6	1.5182729649419943e6	1.524413369865131e6	1.515871820900128e6	1.5120230363293951e6	1.5164080250403602e6	1.5210023284536256e6	1.5225829063142925e6	1.5201370550132045e6	1.5159530364132922e6	1.5186338210557157e6	1.5136737073360877e6	1.5051008434744703e6	1.510054402770453e6	1.4927180597777616e6	1.5005676808013585e6	1.5003862289641758e6	1.4927471094666845e6	1.523692534747245e6	1.5205996325629293e6	1.5120530347390627e6	1.5109808081692026e6	1.4904114505973186e6	1.5107321585104994e6	1.494695449223539e6	1.4789345792535997e6	1.4813554105620896e6	1.5759144693989265e6	1.5064834955534022e6	1.4458573641548452e6	1.5170800408063391e6	1.4589870307715049e6	1.4661774541690468e6	1.4818192548094261e6	1.4826523167621274e6	1.3598328765126227e6	1.4247277961437362e6	1.5270959036348467e6	1.4435115180261254e6	1.4778713341054148e6	1.4229581606333219e6	1.4445139385903766e6	1.4850683136565867e6	1.4450618348183017e6	1.4012524360245029e6	1.4749115786274944e6	1.3825763176853475e6	1.4017714854714705e6	1.3628192358435346e6	1.412359607987728e6	1.4388120098970416e6	1.3907869272556354e6	1.3624939781584255e6	1.3820234719373924e6	1.3512009215088496e6	1.4225514995352854e6	1.386319379541386e6	1.2937018844595384e6	1.3096098724449452e6	1.3307091016839794e6	1.3569493372420236e6	1.3014743677267183e6	1.310634038383334e6	1.3532100996152088e6	1.31282641703854e6	1.264833640995587e6	1.4021939005155282e6	1.3125241801426015e6	1.2977826471352514e6	1.2857407219119752e6	1.2652064725775328e6	1.2853466586031914e6	1.2580461264028847e6	1.3240036598405717e6	1.2314226131167004e6	1.2484033733272217e6	1.1890952453851704e6	1.2372751579127256e6	1.1870523794509037e6	1.1748279353183308e6	1.16380328551206e6	1.156052471637528e6	1.1174383629114283e6	1.1675548286645638e6	1.1457915890877289e6	1.0714496918647173e6	1.120205530164763e6	1.0858250096647064e6	1.0561457793499478e6	998491.3774708533	992361.3715182408	983105.2996133314	986636.3065894507	962958.9436737539	995272.956314353	871019.7160477526	901673.4629989055	884197.3281510663	819790.6143495269	777206.4071065655	764413.0888050514	736144.4729961816	718966.8019079673	659562.1999235419	633391.90223544	580952.3562072052	544497.7116393103	494852.0351597469	441255.4793835656	382492.6532206448	316950.853532895	239748.9638004657	138121.8916842579	34085.13879434636	-46065.08375222841	-121107.29520072252	-185250.28991391393	-250111.768464359	-300159.8625912424	-368892.45125690615	-426379.133130223	-475175.9803259452	-534798.6776999161	-578041.600194355	-552038.9601258994	-687655.0601174748	-717003.0478350981	-793264.4988000959	-845456.8611467578	-859955.740467371	-901237.484942164	-993489.7884568034	-944288.6971480434	-1.0430998238783441e6	-1.0442454276262871e6	-1.0988340985872666e6	-1.245461014646527e6	-1.224099873098367e6	-1.2354895040888442e6	-1.2691483134615654e6	-1.2760458703341796e6	-1.303206924298834e6	-1.6846634348578854e6	-1.4119574790823236e6	-1.4908297238686867e6	-1.5065762757534687e6	-1.5886518733701995e6	-1.5563187878566212e6	-1.5898041947881049e6	-1.6362639888219195e6	-1.5595868018872621e6	-1.7219016547580673e6	-1.669155666362899e6	-1.6843263937275293e6	-1.812041082085779e6	-1.8221943442697595e6	-1.8638618433617363e6	-1.8778972013812093e6	-1.8919548787442828e6	-1.8376399159324677e6	-1.7752853676751019e6	-1.8750362883143867e6	-2.019497183241963e6	-2.0959124371359157e6	-1.960936357717365e6	-2.0036222744072536e6	-2.0672377420882867e6	-2.0931587425812297e6	-2.0988153854302056e6	-2.1581795082193254e6	-2.236468108265383e6	-2.220613816166385e6	-2.190854552806332e6	-2.105772495191481e6	-2.0594784611415863e6	-2.1999116139599383e6	-2.2470151103400425e6	-2.2101306052976516e6	-2.2940113092405475e6	-2.311381520286869e6	-2.3095975166284344e6	-2.4927506702839187e6	-2.3677914554094416e6	-2.2389254541911986e6	-2.370694778483419e6	-2.308291077721049e6	-2.232578930597215e6	-2.4791487703535436e6	-2.430912769656164e6	-2.3617006432085354e6	-2.407763043925442e6	-2.373660047854642e6	-2.397726729782507e6	-2.3804309570035073e6	-2.202260456018904e6	-2.4739513646809855e6	-2.497748834536847e6	-2.457703915058564e6	-2.540296718683303e6
1.544183462743942e6	1.544153439980478e6	1.5415664067400377e6	1.5419869216904086e6	1.5449372317642742e6	1.5394197305125282e6	1.542916938969727e6	1.548975982342581e6	1.5409012307242795e6	1.5378066477522673e6	1.5506928297157786e6	1.5391279631193688e6	1.5347455274050704e6	1.5436382107079483e6	1.5395690111267194e6	1.5381093097601715e6	1.543475042798914e6	1.5398014848877434e6	1.5565986425248191e6	1.523770891949672e6	1.5330633529571344e6	1.5336191868945414e6	1.5381042105926715e6	1.5372993559173297e6	1.5295323805248318e6	1.512497242460227e6	1.5222380215368327e6	1.5066085938262357e6	1.526024844726603e6	1.5168110580934798e6	1.556005657250252e6	1.5407036923701412e6	1.5190655103607317e6	1.5934277206594252e6	1.495769176669925e6	1.466387955518676e6	1.4927926752326023e6	1.4822473276676626e6	1.50707150659808e6	1.4652217038308121e6	1.4577898445068595e6	1.4328779270249314e6	1.4769344403842948e6	1.4585964906740515e6	1.4618440992112057e6	1.4614652281790767e6	1.4749405062853368e6	1.441840956651951e6	1.52739335497787e6	1.3934388609039232e6	1.4274699423906796e6	1.4161333971065523e6	1.3887011675308107e6	1.4261979125000683e6	1.4155656707681562e6	1.4335037547746804e6	1.3881939667131389e6	1.3180845265843673e6	1.4002707728600958e6	1.4045302537941933e6	1.3675753279824362e6	1.3716177592451158e6	1.3828496273253476e6	1.3400829144232948e6	1.3465278989056034e6	1.3114159061903902e6	1.3179200992308855e6	1.248910069415979e6	1.3023765066586502e6	1.3353277683611778e6	1.321994240788894e6	1.3010851916916417e6	1.2689074205087791e6	1.3409411650404418e6	1.288595847254165e6	1.2796932024137164e6	1.2820654450835125e6	1.2798757860647256e6	1.2199731714017207e6	1.25289413837456e6	1.2689279046444483e6	1.1966325270249469e6	1.1296232960482873e6	1.1911790446182538e6	1.1725443221945725e6	1.2115799595973494e6	1.1635985741151946e6	1.2127010452953686e6	1.148469677033198e6	1.087076139585984e6	1.0900012993916313e6	1.0646203317475193e6	978546.4578848735	1.021379585437301e6	997318.2349453692	988147.3805969162	1.0175731461689067e6	979744.2140058158	983314.6329872285	871106.42673166	910875.5647951365	858322.7120882383	818163.732199267	775925.6176444341	755000.2439849877	720847.6154986094	673502.6278862045	631387.7354729701	593606.138209284	548699.7354394305	492096.51336154237	444202.46349265997	385771.30136044766	318681.73988662194	240637.29207463202	137990.41253916104	33006.78540970711	-47920.65787108848	-120023.85436726199	-188821.3410154509	-254282.54987743287	-318306.70821989793	-373403.7979161255	-416319.17733444157	-488268.94273390365	-530622.1071748026	-588522.1291781117	-612959.4265975456	-688313.5206598521	-724795.9667392969	-779061.9473999287	-821020.2991887482	-875823.0988130926	-904096.9140202301	-1.0038003091326309e6	-983538.6248099832	-1.065825326642166e6	-1.0432018921530624e6	-1.1154465610032612e6	-1.1875066209406098e6	-1.3183495660007065e6	-1.2566787400269588e6	-1.0703159195056334e6	-1.3560141107450672e6	-1.2231830458804327e6	-1.5130451231353632e6	-1.4345325569977504e6	-1.523214883785496e6	-1.5915331787865544e6	-1.5857495056329449e6	-1.5328018550961665e6	-1.6003561242759116e6	-1.6502785040939064e6	-1.679105364729242e6	-1.7865985993870706e6	-1.7435746231193193e6	-1.7579456169154565e6	-1.78471277046768e6	-1.9759577120650252e6	-2.0371082527637784e6	-1.8514334340328248e6	-1.9368502767160488e6	-1.8846505600805823e6	-1.7997244082485912e6	-1.9045551507904856e6	-1.9978671867409972e6	-2.108415637189049e6	-2.0195628159277602e6	-2.0794648015892897e6	-2.178927908393201e6	-2.103791551121127e6	-2.088059069077109e6	-2.2650083839329635e6	-2.139207563848531e6	-2.152179104935168e6	-2.342852000383474e6	-2.269419639459408e6	-2.1944515027292534e6	-2.199166187905179e6	-2.298187939142035e6	-2.152315672961709e6	-2.2406985513147665e6	-2.300678448381935e6	-2.30563704334392e6	-2.4040966905953786e6	-2.3636562281927112e6	-2.292446021048681e6	-2.4121463969833953e6	-2.307327897548794e6	-2.2999532612788756e6	-2.471549389998312e6	-2.4592160689539206e6	-2.3969050535074724e6	-2.398900221477526e6	-2.44221694220997e6	-2.393980647734235e6	-2.3815288797659506e6	-2.5565679208933017e6	-2.4617091427675774e6	-2.559752592751087e6	-2.483434104655383e6
1.5694336717498365e6	1.5697125934540895e6	1.565694411738452e6	1.5683324910396498e6	1.5681287823288427e6	1.5631886631834311e6	1.5666649551020032e6	1.5668835624122932e6	1.5652095391852953e6	1.567594699517609e6	1.5702608578355394e6	1.5686084492860641e6	1.5630209588816282e6	1.5682506842316927e6	1.5334452585627805e6	1.5711484583256757e6	1.5566537954020079e6	1.5577761117339153e6	1.5389163513771764e6	1.5669277604341132e6	1.5494552178164094e6	1.5708652211068454e6	1.5740753937209416e6	1.564445870334412e6	1.5454811313593225e6	1.537467400502503e6	1.548880034350203e6	1.5106094972730433e6	1.5628429264494046e6	1.5515595204880647e6	1.549962082547061e6	1.515920593787847e6	1.5557470852657752e6	1.5459801458080327e6	1.5317071852255017e6	1.5188497484115534e6	1.4980989781750126e6	1.5512081856795086e6	1.532063051364186e6	1.5071723036546963e6	1.4652696414722707e6	1.5224686253812076e6	1.4928668198603154e6	1.4414533261740424e6	1.5448249037588723e6	1.4913546845586463e6	1.4880158364881426e6	1.4765252637656303e6	1.4611446020188374e6	1.4637347994262432e6	1.5161658936455164e6	1.4017284742448204e6	1.4286357682211455e6	1.4459039203419988e6	1.4607888793738761e6	1.4216880960047704e6	1.4471676027252837e6	1.3788315296331337e6	1.3456788806471662e6	1.4199525044358901e6	1.4041723015282599e6	1.3699340245217197e6	1.4569552166994084e6	1.3453805635798634e6	1.3639657381442427e6	1.4218114759878344e6	1.3333329856173033e6	1.3582615046825102e6	1.389686606170117e6	1.3623645778630404e6	1.344196468237332e6	1.3165053210271276e6	1.3015833776488686e6	1.3325369837839198e6	1.3369634837580547e6	1.2922289513448582e6	1.2788709215950705e6	1.334681378322227e6	1.2495738653131835e6	1.2496030021907534e6	1.2567361060613608e6	1.2403601621701175e6	1.232675374169202e6	1.1949929695489448e6	1.2192302608457534e6	1.1345241389809982e6	1.1418804999483922e6	1.1632012247192117e6	1.195047959599635e6	1.142205160679427e6	1.1178188620005639e6	1.1329732716129124e6	1.0797294916774486e6	1.0925729451701439e6	1.0105143637380914e6	1.0041298912659709e6	977790.7135374071	971136.4824224135	975341.7804295789	952850.3054558157	914928.4333280344	890396.2164410206	852206.9860668683	807102.9866819526	784308.2736462692	749775.8291450958	720464.0159800936	682643.3028579829	625443.3471133923	596218.0893741876	560883.6502541499	502441.03312205593	449887.3762711801	388644.48311496805	320313.07849864615	241527.5984076606	137858.5979563084	31927.719111866783	-49747.27546044579	-123246.52307970566	-192307.45686720894	-254777.96431555995	-321090.02849586564	-376363.1588476177	-425479.40950177144	-502995.7406062423	-535816.6540876059	-581585.8030937221	-604215.3342499938	-702518.0979350156	-773426.4136541793	-793893.3427443891	-783872.5741206952	-910330.1271227668	-984069.9558665575	-1.0111969671252095e6	-995658.639508327	-1.0447624580871933e6	-1.12428566928883e6	-1.1509955551916459e6	-1.2987719334078967e6	-1.2271895628917455e6	-1.2699570677522672e6	-1.3020430155150425e6	-1.349799034281312e6	-1.352585810008836e6	-1.48979049568521e6	-1.4507017094238363e6	-1.71237703417094e6	-1.4860562357741087e6	-1.5307888123433595e6	-1.607923066267935e6	-1.516913836352007e6	-1.5865446005796501e6	-1.6128226346231597e6	-1.7786830646045394e6	-1.7550040699120192e6	-1.8392706904369448e6	-1.7750803236092175e6	-2.0277829626059253e6	-2.00463248097332e6	-1.7931383623517263e6	-1.9312828269568263e6	-1.9267886636478356e6	-1.8626842876817202e6	-1.9285453056085692e6	-1.9666581853164607e6	-2.0647339806929375e6	-1.9998318844666118e6	-2.1433980765058734e6	-2.1039845134250224e6	-2.210553084635085e6	-2.170337175902342e6	-2.1415135583573505e6	-2.1850621455766116e6	-2.2367264998839726e6	-2.285961121351504e6	-2.1720941129274527e6	-2.1259896553275166e6	-2.3261053206306337e6	-2.2786427016795385e6	-2.295513664045764e6	-2.4380958842844376e6	-2.37875522502282e6	-2.529059459604889e6	-2.359380633588349e6	-2.376951020100407e6	-2.32143704884018e6	-2.3315578120566513e6	-2.3562551756052915e6	-2.31319144124454e6	-2.5198367170513445e6	-2.439364336157393e6	-2.445185956496957e6	-2.3264493908402356e6	-2.4651537018628474e6	-2.4093340807723235e6	-2.608941832426779e6	-2.4573866860216246e6	-2.1180919572908212e6	-2.534659042574122e6
1.5949454464305982e6	1.5940678320231754e6	1.5926338833684437e6	1.5941893392847343e6	1.5934086675769999e6	1.5937721039750273e6	1.580726383971971e6	1.58947977412974e6	1.589898328654752e6	1.5860378291011984e6	1.5877230065303398e6	1.6028911815628149e6	1.5963238660982535e6	1.5871672784884311e6	1.6015190797498769e6	1.5856532471324538e6	1.584958067579214e6	1.5912977656652213e6	1.588929486326248e6	1.577662754463936e6	1.5836385252520703e6	1.6035228612702794e6	1.5901487544613983e6	1.5880516512379174e6	1.57272195899799e6	1.5629382204802837e6	1.5911982679794042e6	1.5932098091658498e6	1.5668658848551707e6	1.6405850609043809e6	1.5569633478107327e6	1.5720413876450663e6	1.5632677134391193e6	1.5631752180023321e6	1.5869949484786838e6	1.5410988135022363e6	1.5195509216577301e6	1.5740688270838454e6	1.524820487295549e6	1.5227580424111371e6	1.4964212926637803e6	1.6038185974775488e6	1.4510479539591358e6	1.5461809857093478e6	1.5336186194729274e6	1.5115926115327145e6	1.4989396511775907e6	1.534354069205535e6	1.490918664846427e6	1.4789740676697893e6	1.54086736134216e6	1.467256320750477e6	1.4150543819332048e6	1.481148664294472e6	1.4615565536119228e6	1.5082711746214977e6	1.4368172261923538e6	1.4624538616220125e6	1.3276244173316173e6	1.346458129089094e6	1.4418390659063868e6	1.4978190532540525e6	1.4119079225951177e6	1.4800552269432987e6	1.4678036309309374e6	1.3854722490551863e6	1.3928220233394932e6	1.4277271052984865e6	1.391795709862723e6	1.3873805892849017e6	1.3205112852550687e6	1.366456180996833e6	1.3583313896541777e6	1.2940144136784824e6	1.3325688293492026e6	1.3283071079362356e6	1.3579830356201143e6	1.2836502798772813e6	1.2935619886909951e6	1.2703498145563225e6	1.3020392676430186e6	1.2753255954242283e6	1.260573153421615e6	1.404639925984912e6	1.2430238336594566e6	1.157486244186081e6	1.1553401628390518e6	1.1897721554392888e6	1.116022440011398e6	1.1903047490832068e6	1.1557130356768335e6	1.1626479365236703e6	1.0914840748676592e6	994479.0328798365	1.0805580049768575e6	1.0010068495133173e6	1.0166524252636238e6	995287.8934633321	988714.9744924223	979870.7779338942	949419.8812606279	916853.8919516224	916256.2726286881	854680.0106921252	811435.699501365	802767.1550747238	761185.0439639292	740328.9862940204	684079.4356345627	648068.1962358877	604709.9582704795	555927.3282291878	507522.0013575505	448899.7446532311	390350.3136201047	321504.6931726895	242418.6983357258	137726.4650970545	30846.96745210397	-51573.97046956001	-125665.81192589644	-194563.0340380997	-253993.99069158314	-323634.439370936	-378726.876389035	-433675.88671263354	-485001.7197465054	-546511.9435265153	-567186.0311171343	-613716.9434550735	-694519.0977478032	-684305.7780578476	-783050.365972304	-852293.709137673	-917335.7780971415	-937762.4358047517	-998781.0472632837	-984341.2665322563	-1.0382682721043588e6	-1.1473405558635327e6	-1.158841019972601e6	-1.1932491437370637e6	-1.2034282938864082e6	-1.3564712201818964e6	-1.2666807814904274e6	-1.3636396038677283e6	-1.3093612948549981e6	-1.4740659983617882e6	-1.4204534433885096e6	-1.5269733116815053e6	-1.4660450339580057e6	-1.5778808961473969e6	-1.5507477398856748e6	-1.685440873751481e6	-1.672104547841074e6	-1.6961175592533913e6	-1.8543389950666316e6	-1.9410582290160828e6	-1.7750513174568159e6	-1.7985491512699113e6	-1.9093734052736005e6	-1.8834305989799262e6	-1.7956435017849212e6	-1.966978226462598e6	-1.947609282995313e6	-1.7299277650307412e6	-1.9485298814484053e6	-2.016288858907869e6	-2.0261549242484267e6	-2.0929493779285387e6	-2.1140931266940255e6	-2.165167991974913e6	-2.2207065431537866e6	-2.1978150446999148e6	-2.2567170655171894e6	-2.256407800714912e6	-2.2255916652971227e6	-2.2854319862075755e6	-2.18917543487682e6	-2.1700344509076937e6	-2.2471979621040397e6	-2.414313654422734e6	-2.3071810372701553e6	-2.344613225624013e6	-2.3692225804594173e6	-2.3414480422782036e6	-2.286053386020598e6	-2.419043965059796e6	-2.4128127436383134e6	-2.33460663515548e6	-2.456089007657566e6	-2.4647965620975015e6	-2.4677653429503185e6	-2.534974501474387e6	-2.4034846186857997e6	-2.4638136182275643e6	-2.164612150805976e6	-2.504623248610677e6	-2.5037596256934986e6	-2.374226716797733e6	-2.438930294253262e6
1.620588817364692e6	1.6203136023694184e6	1.6188416735874608e6	1.6189340276336386e6	1.6194139213732365e6	1.6176872929478637e6	1.6197198899945642e6	1.6138193067551076e6	1.6148641797465757e6	1.6141162830897889e6	1.6142598850021085e6	1.6119673617466977e6	1.6239633921842119e6	1.6141066854817655e6	1.6179539886696795e6	1.6089511094757603e6	1.6096286420340498e6	1.6063241474095385e6	1.6112182758169407e6	1.6069128628698448e6	1.6366855052868384e6	1.6268474936417898e6	1.6342670040696203e6	1.5589043066143815e6	1.6176526381610213e6	1.6122363694449519e6	1.5593423877910776e6	1.595021069072195e6	1.5970565554982217e6	1.6468043839285518e6	1.665999262484645e6	1.599409794618846e6	1.6056485544498626e6	1.6634646606933926e6	1.5927584285491195e6	1.5415721269632536e6	1.6058922800203166e6	1.5778594497442166e6	1.5566535902676508e6	1.5355005332026298e6	1.5506002797074323e6	1.5141128455492225e6	1.560190060140945e6	1.4480945529528556e6	1.5755145330011097e6	1.530762759768055e6	1.55793091521974e6	1.542805482772267e6	1.3149587097656026e6	1.5054413724714485e6	1.5164153547443142e6	1.5295080609631604e6	1.4322883849675616e6	1.4963343310023197e6	1.4836024136359687e6	1.5000049045291746e6	1.5233326464364016e6	1.4669473409677604e6	1.4850049956498863e6	1.4784476630525305e6	1.4700552614102133e6	1.5368131705656513e6	1.532113363247388e6	1.49706298143136e6	1.48943629382262e6	1.486968123898488e6	1.3729330222251886e6	1.4412313299968229e6	1.4362465157190894e6	1.4089669109684932e6	1.3861027078483799e6	1.302374884666096e6	1.358034079004455e6	1.3383412055544963e6	1.331173285924906e6	1.3092818343295567e6	1.2906883106963988e6	1.3214838857767326e6	1.3176065016028257e6	1.2973563177746693e6	1.2571422247421406e6	1.267577612975677e6	1.2645997751468632e6	1.277039171091615e6	1.3224414700285646e6	1.1810682070305478e6	1.2083255723964374e6	1.1603171914814003e6	1.2107038510795585e6	1.1685878059657943e6	1.1845190364856063e6	1.1837342760060886e6	1.08972392786486e6	1.1369138650303793e6	1.0775323846248493e6	1.0892510269958316e6	1.016163716025938e6	1.0416757120638669e6	1.0155555196444456e6	998132.2291731519	981327.4692835917	938625.1640001861	946082.9178774292	899268.9638082291	838244.7510760844	799673.2715702648	794329.4785387001	774707.247327097	709423.9963795927	687490.6989660345	651124.0421163397	611010.9332097119	562051.8795112981	506148.12198033987	451353.86692147073	392592.89867589937	323725.2862370806	243311.58407927188	137593.9664279567	29764.928936401848	-53545.3409849389	-126474.9213809846	-198204.23421464115	-266232.6137857598	-324655.59808712266	-385683.2990475013	-447549.6724203648	-519813.0549758929	-552289.6015280057	-612129.4659878584	-631154.5541263958	-721056.1761521057	-707921.7929931595	-786641.4243240189	-887024.0911237805	-957163.9222665336	-950122.0538849672	-1.0420938367902599e6	-966112.9622096266	-1.0159646422714489e6	-1.1595479663926554e6	-1.182416242226229e6	-1.107970040474209e6	-1.2162134455708885e6	-1.2701614083185014e6	-1.3291499868940548e6	-1.457240342766184e6	-1.3340493045971878e6	-1.4777658791876007e6	-1.5120055855352976e6	-1.51172075285448e6	-1.5824545606104713e6	-1.6192443096618466e6	-1.5676950027652727e6	-1.6416984979109345e6	-1.684614690913132e6	-1.8355432171569872e6	-1.8539497562223691e6	-1.8066027031617882e6	-1.8113180052984608e6	-1.9324479178474457e6	-1.9209966611258332e6	-1.884580515915574e6	-2.0488555934280325e6	-1.912668068800942e6	-2.0282553853142448e6	-2.0346223104386474e6	-1.9191198235957078e6	-2.0055143989578816e6	-2.099467435373125e6	-2.2952608542825286e6	-2.251367598912757e6	-2.1832758283562143e6	-2.1854462628862862e6	-2.217056092982109e6	-2.2438091439128467e6	-2.3376841086629373e6	-2.4988548569279746e6	-2.2832634757747687e6	-2.2436277632517554e6	-2.2257121467933147e6	-2.4425107776846876e6	-2.4605922236131397e6	-2.3329530716362162e6	-2.410280062335298e6	-2.292072492295665e6	-2.281052025198753e6	-2.568664500576849e6	-2.358875843079477e6	-2.3130452214074703e6	-2.3369502823502836e6	-2.4098890925365314e6	-2.4474033958735648e6	-2.434724746124936e6	-2.4519203538718824e6	-2.4556559312852225e6	-2.4756241206514123e6	-2.4790815101917996e6	-2.508466732112321e6	-2.523177733691263e6	-2.436482992897742e6
1.646529311445246e6	1.646022972684966e6	1.6457276854343002e6	1.6453029545811107e6	1.6469680522732781e6	1.6467772241718154e6	1.6395766281254443e6	1.6447104204759665e6	1.6453575831444855e6	1.6440164982924934e6	1.6447579009017285e6	1.6444280849263808e6	1.64083559948551e6	1.6534894503124577e6	1.6453054472045898e6	1.6404595115771755e6	1.6318499498970322e6	1.640087217174e6	1.6471632403606921e6	1.6248697441793664e6	1.6295226044679615e6	1.6634154415039313e6	1.6355207700268887e6	1.6396103255126288e6	1.6284544373153404e6	1.6844597092021275e6	1.6309354557852205e6	1.61421969468016e6	1.6139004359508e6	1.6017241730303667e6	1.6922938019741182e6	1.620685945012805e6	1.665413413764906e6	1.6137611813132265e6	1.6530425843768134e6	1.597091937594492e6	1.5911962851825836e6	1.6021293665327928e6	1.5858527048495146e6	1.5875306160068787e6	1.5857521572453913e6	1.56520706503223e6	1.516901747322896e6	1.5844145380318242e6	1.5285614004734643e6	1.5840365983094703e6	1.5400348658596054e6	1.5179277774684844e6	1.5710591796449872e6	1.5323677291169101e6	1.547900596361544e6	1.5365937900160868e6	1.535653970378817e6	1.5308979688436529e6	1.5523229248133213e6	1.5515215503352326e6	1.4425868320547827e6	1.5370941610676786e6	1.491230854677106e6	1.499282550952123e6	1.4058781607099655e6	1.468006972018126e6	1.4624661889414662e6	1.5278167469642442e6	1.504387722993456e6	1.4851064249549676e6	1.4623966492252108e6	1.4267147420041126e6	1.457739450329163e6	1.4754033337276557e6	1.387384870168934e6	1.4437495504742526e6	1.3411907829368913e6	1.3862374351846236e6	1.3944352381011345e6	1.3606764485963602e6	1.3755595669135686e6	1.3824380509732438e6	1.3811068097756095e6	1.3455932809903144e6	1.3383318745161092e6	1.3255139112709723e6	1.3325746331235599e6	1.327366279265284e6	1.2529686547010231e6	1.2398463323852983e6	1.2346827579492084e6	1.2008817557405974e6	1.1269840533928357e6	1.258252943740406e6	1.302672700128696e6	1.185836443333849e6	1.1822300703998974e6	1.1077787174357185e6	1.1433011207733918e6	1.1452717423334578e6	1.1144789650456363e6	1.0534640229328237e6	1.0405108504257972e6	998210.6727447528	995992.4538173777	1.0399594785069304e6	971610.8766230185	943683.1319323089	913944.0068440656	859201.4090436172	835109.8171373114	810388.5718436227	804313.8959087543	735382.863085029	699811.998342929	636408.1778733006	610087.8812755754	562724.6010154004	514020.992827764	459927.3071232035	396292.1995213871	325338.62564810435	244205.3900447972	137461.15723379934	28681.794967739843	-55376.50863019051	-128862.39753225702	-201019.43773150723	-261573.99764250708	-332828.5708037857	-387466.27704335796	-449450.01809722604	-512137.18767571566	-554016.8293956625	-646571.4794198051	-649402.5156459925	-724234.7261426861	-769218.9182335306	-797664.1451511818	-894827.4547697969	-921286.5944806226	-990938.8896393767	-1.0400108646298344e6	-1.06677216155397e6	-1.0843499670714843e6	-1.1287164963277578e6	-1.278881190355354e6	-1.1538956075520217e6	-1.251904160254917e6	-1.2895955086790468e6	-1.305732264721511e6	-1.3952202744137966e6	-1.3485565804967894e6	-1.4759396947778747e6	-1.5229321834729165e6	-1.5617157855210225e6	-1.6168703745569084e6	-1.461135333831104e6	-1.6016476588012693e6	-1.724166798245511e6	-1.6711697935775467e6	-1.8017300128188762e6	-1.803489073200129e6	-1.8040702938852017e6	-1.8164797269944535e6	-1.8899951812021504e6	-1.8400759933201713e6	-1.89980106222481e6	-1.8938515481054084e6	-1.9424806059572943e6	-1.9926148151809103e6	-1.8131828139881562e6	-2.0414032142006638e6	-2.0352552864293167e6	-2.053126544994603e6	-2.4662319689609623e6	-2.163456686257503e6	-2.1715096546168015e6	-2.177217539577346e6	-2.182794072709638e6	-2.3314177780753733e6	-2.0629777238536095e6	-2.302399485940867e6	-2.2600513002390326e6	-2.249874534681768e6	-2.3053721492307126e6	-2.56944470073661e6	-2.410541540571016e6	-2.370618036967914e6	-2.4059442863303483e6	-2.348674693194465e6	-2.452727163140809e6	-2.433848061360725e6	-2.4788334317089785e6	-2.5087480584323863e6	-2.405524360661407e6	-2.4052670929649877e6	-2.58317015128974e6	-2.438949103692894e6	-2.5351709719840786e6	-2.6181544801412877e6	-2.5812547377315713e6	-2.461758407937707e6	-2.521792288861483e6	-2.4279392170304875e6
1.672617328861523e6	1.6724927924950044e6	1.6713393181774276e6	1.67189377652863e6	1.6726267881563336e6	1.6706161869776647e6	1.6696727138149505e6	1.670785325151104e6	1.6619181263632695e6	1.6763078630200112e6	1.6711659630294372e6	1.6624919678234959e6	1.6721695237831867e6	1.6633269009107018e6	1.6657295242093026e6	1.6686327794276807e6	1.662613232577861e6	1.669109057195899e6	1.6515869712434558e6	1.6657619562553843e6	1.729876274985443e6	1.6657300281946864e6	1.6830346686364403e6	1.6677259419651097e6	1.6569648873868692e6	1.6593819135189403e6	1.6624186332995854e6	1.633785665652769e6	1.673280010862059e6	1.6458819065363365e6	1.6310956464179526e6	1.661933568623185e6	1.6361026518411562e6	1.6388122173549938e6	1.699924737998269e6	1.6357603749386412e6	1.6664693310936252e6	1.6166201967633865e6	1.6017912213899123e6	1.6215089630831643e6	1.6082808575818776e6	1.5462132014136715e6	1.5940678421431654e6	1.5972394515749332e6	1.6089567513903235e6	1.6014316220713817e6	1.5239762623860417e6	1.5585042199453511e6	1.5794551339883534e6	1.61424567885271e6	1.5658190717414662e6	1.4728241756182413e6	1.548081396372966e6	1.605784430673602e6	1.6770982655556875e6	1.553732790010823e6	1.5323531721885158e6	1.5237496772990958e6	1.5500971951307538e6	1.499328348252181e6	1.4976598851163965e6	1.4587669022806045e6	1.479732682725487e6	1.519504204288221e6	1.5238212052151375e6	1.4745029447084945e6	1.490282684146094e6	1.4275859411021762e6	1.4737129690930687e6	1.4848475585222729e6	1.4819885976295304e6	1.3844199928209267e6	1.426262204767811e6	1.3884897602885885e6	1.4156383950728667e6	1.3989241502546412e6	1.3980406561071398e6	1.3630048089831597e6	1.438522388798223e6	1.3609802158839535e6	1.4647639005668387e6	1.311937919682592e6	1.3605905891310973e6	1.3572144500051849e6	1.268256374727306e6	1.3131339017461743e6	1.2187250191178657e6	1.2022200989713927e6	1.084286818822749e6	1.295506393198192e6	1.2312256517427783e6	1.1705293336462239e6	1.1823495699091e6	1.1738371848526117e6	1.09524913003622e6	1.177675240325512e6	1.0762702951403304e6	1.1145778735999195e6	1.036805968970773e6	1.1067864301669453e6	1.038788453028493e6	1.047212274330105e6	1.0188524373233055e6	953262.8286073591	944824.1159743557	877270.3511321517	879994.2170142933	850082.9434106944	817060.9008490292	778923.6413470503	737323.082792266	704956.4536132172	660037.607711781	617696.8830117809	568712.5491928572	515695.5665571295	459430.61930565233	397191.43026677705	327033.9814769457	245101.27772395592	137328.0071898799	27579.81574889249	-56995.58625638555	-131263.37467793282	-199555.76248543337	-263587.11414913135	-344409.48748076335	-403223.42223496875	-451711.1202444029	-529828.2819054024	-559038.2277791328	-661013.9051991743	-699432.4584504745	-725978.947558508	-781958.7291765711	-861859.1408504881	-887037.2983010099	-965168.7014672221	-975484.2783418656	-1.049106633211913e6	-1.0043455736689856e6	-1.0319610993939326e6	-1.1321783307926292e6	-1.183112379684525e6	-1.2140709146071835e6	-1.2934434631821038e6	-1.3182376553960112e6	-1.384136397040512e6	-1.407765601603331e6	-1.406076586989894e6	-1.4567120838076184e6	-1.5251737949368274e6	-1.5557112535256972e6	-1.570719837893901e6	-1.6907043003943777e6	-1.6592444833963416e6	-1.7027012421267848e6	-1.7121046425921898e6	-1.7794658824586007e6	-1.792693781871344e6	-1.8340669217052204e6	-1.8055686852534884e6	-1.9046967337901709e6	-1.9080877603738224e6	-1.9041472351881107e6	-1.9396419205170018e6	-1.9228501612129984e6	-2.0267953274112884e6	-2.0198817311463486e6	-2.0721180701708887e6	-2.2573396501290365e6	-2.1167507227257877e6	-2.1978313856647024e6	-2.072436466922372e6	-2.1656778002247144e6	-2.2521322275205883e6	-2.3006635623779125e6	-2.3367539423218807e6	-2.326144618199471e6	-2.3688119888072168e6	-2.313591975303512e6	-2.274783884935823e6	-2.2752142744729826e6	-2.365915099352835e6	-2.2979308789417576e6	-2.4038181115125185e6	-2.2944280843635565e6	-2.328958476930563e6	-2.660656283761477e6	-2.4750773025487056e6	-2.5400153370726905e6	-2.4382787361789974e6	-2.4097452445250284e6	-2.512778915523379e6	-2.506372746019956e6	-2.4917811754460945e6	-2.626221432232411e6	-2.6487125490983534e6	-2.5627918546434e6	-2.578645369794871e6	-2.5731043367095822e6
1.6989526185078926e6	1.6983915437573618e6	1.6971754911770523e6	1.6964783106733137e6	1.697518660249005e6	1.692265108174486e6	1.6942262826798076e6	1.690191981726217e6	1.6937728421576063e6	1.6938575067225038e6	1.6918856797528006e6	1.6909476977951406e6	1.6855701585371268e6	1.6920963269862703e6	1.7031347006095662e6	1.6913527403191237e6	1.7871016913417338e6	1.695589331203363e6	1.6996734089339445e6	1.6846248770083915e6	1.6914363702625148e6	1.7298479545362496e6	1.6925730417978086e6	1.6829572365333543e6	1.695146770986332e6	1.6887271415081702e6	1.7226970046774424e6	1.7273172427001973e6	1.6750259574775456e6	1.6861697360786623e6	1.7039028754723384e6	1.6419553682725576e6	1.6600393836319228e6	1.6565201651915684e6	1.634957305099098e6	1.6865745225050016e6	1.689904478082715e6	1.6512036409992138e6	1.6065294175338738e6	1.582733706249713e6	1.592132254891142e6	1.63097105196338e6	1.6103260263340164e6	1.6262483032336484e6	1.6598623779082843e6	1.618836401175112e6	1.6122739358477413e6	1.617876769014081e6	1.5927964379709428e6	1.6205513363638362e6	1.614069054436013e6	1.5629734562537218e6	1.5945992335758312e6	1.5140180831004311e6	1.6812896107576336e6	1.5805856010757773e6	1.5903389619140457e6	1.5484376649661774e6	1.554995346757525e6	1.5341931240405517e6	1.494493839226305e6	1.5300935091169877e6	1.488347989661674e6	1.5561427731953117e6	1.5416385631743746e6	1.5090056309163333e6	1.4998334887407236e6	1.4640836272034214e6	1.479955518847707e6	1.4624842183416467e6	1.4998449641003227e6	1.4807897874076746e6	1.4882450190125364e6	1.3940989820938865e6	1.4233109048989853e6	1.3766823367453865e6	1.4080205023786915e6	1.411783967059163e6	1.360418621821878e6	1.3368978779159877e6	1.339077434817466e6	1.3916284300833861e6	1.376736168540611e6	1.3268556128720944e6	1.319170407692425e6	1.315696182256023e6	1.2822949774576854e6	1.1809714827428106e6	1.2569105213773563e6	1.371974850096944e6	1.2755542519608652e6	1.2563337305967156e6	1.212709116611885e6	1.2200034492390333e6	1.198452231179323e6	1.203688045586796e6	1.1646005117516469e6	1.0702401528420718e6	1.146372418265453e6	1.1185449073362737e6	1.0156825662625711e6	1.0439646425877804e6	1.0276959774896901e6	1.0210826119977197e6	968794.3975684694	945602.956930781	942110.8712025464	919008.8154094182	865403.9870082994	816533.7904938416	798442.8194873416	750268.2033293771	721814.4579093582	677300.6482353902	620728.3286437644	579141.5289229781	518063.3544643554	464093.0189834016	399663.51598532253	328748.85108851467	245998.11236837693	137194.6200162461	26493.282313852105	-59027.90313404263	-133440.79728407622	-208433.9931389892	-274922.1654808512	-345212.8724587518	-416594.16091969423	-453341.62476877775	-553928.7322285534	-567736.2133786746	-635304.1422564923	-683611.4401948238	-722932.9125844282	-782841.5792597837	-818027.7252537967	-885468.7953765369	-961634.1520828106	-982388.5623574429	-953593.7336273589	-1.0642182746111522e6	-1.1329490952650788e6	-1.1520189650528817e6	-1.1920948237420735e6	-1.2502447570329332e6	-1.2553437098328979e6	-1.3652960929558678e6	-1.3713345995429181e6	-1.4046553212421616e6	-1.4448948094321545e6	-1.4531470268381508e6	-1.5455873488770677e6	-1.5797457108057784e6	-1.6986306339419545e6	-1.5970587690129424e6	-1.6350254413679806e6	-1.7816531961561157e6	-1.6937687944803555e6	-1.6541532241996815e6	-1.815408426086329e6	-1.79213853925501e6	-1.9185116224155156e6	-1.9326047385489983e6	-1.845364277327836e6	-1.9356065924624563e6	-2.0193495195136778e6	-2.0109536161680273e6	-1.9544531728092758e6	-2.0082786120777242e6	-2.0876686069955537e6	-2.1083178284735302e6	-2.1077969140762133e6	-2.3018699364703777e6	-2.157654022983116e6	-2.2482741954382015e6	-2.1733634557928313e6	-2.3181850320768035e6	-2.232055949890834e6	-2.290374666388534e6	-2.3402701790599157e6	-2.3716940117363743e6	-2.267084690575329e6	-2.1489778638080847e6	-2.473791194977086e6	-2.3689127076929347e6	-2.382728860653013e6	-2.40570542696795e6	-2.40499256314165e6	-2.600878415365281e6	-2.5604358271047925e6	-2.557695110633799e6	-2.5122300700868983e6	-2.45088844296621e6	-2.4748250254473155e6	-2.5170092749625524e6	-2.5371302066817987e6	-2.5892992094176346e6	-2.6148462849355754e6	-2.504600333768974e6	-2.5370894421607377e6
1.725583455983212e6	1.7248933968800332e6	1.724750348477888e6	1.7241481472726155e6	1.7223509669161914e6	1.7232534126815272e6	1.733213662404654e6	1.724349379593077e6	1.7268174354889789e6	1.7278722737065556e6	1.7215041532122595e6	1.722480191999836e6	1.7217875156434684e6	1.718708120432742e6	1.7114443259804156e6	1.747003963132486e6	1.7328892421747833e6	1.7168215058192797e6	1.7211669029506226e6	1.7086517583424062e6	1.707231811781946e6	1.7254665134395375e6	1.7041107355861089e6	1.7295377749757557e6	1.726703914650688e6	1.7185917657069527e6	1.7101511989936563e6	1.6704662180739827e6	1.6665764155052989e6	1.6344661754421084e6	1.7041274831292932e6	1.699285880201873e6	1.6750449647821127e6	1.7230420992180244e6	1.7408381239773005e6	1.7041491791501879e6	1.6806051404258525e6	1.7032924737182045e6	1.6706020171575528e6	1.6667363684830586e6	1.6975221585954104e6	1.6678040371336618e6	1.6891824032596045e6	1.6130059323205897e6	1.6637426111935328e6	1.7071786184001225e6	1.6377856109866765e6	1.657380486342153e6	1.572742288294319e6	1.6086080780648836e6	1.6112317226449526e6	1.6451341044561453e6	1.5981653786866288e6	1.5855079640632286e6	1.6431753646410524e6	1.6376769024104835e6	1.5695066417117734e6	1.5921174053284992e6	1.5552329353113086e6	1.497732696203473e6	1.530977409494101e6	1.583640713183478e6	1.4614750067611565e6	1.564778093532294e6	1.5833467119173724e6	1.5335439173600017e6	1.5007203518284813e6	1.5067702248280863e6	1.4652251173292927e6	1.4653441655715003e6	1.5287439931913821e6	1.4998086121710192e6	1.4695527094949884e6	1.4335129319993502e6	1.4072402220264296e6	1.4152799771235967e6	1.4627946022291593e6	1.4349185020442326e6	1.4012956949520598e6	1.39344824102184e6	1.3951525924601438e6	1.3876314825375483e6	1.4264257583375373e6	1.3929978666531185e6	1.485254004094325e6	1.347195531972833e6	1.2543994408548488e6	1.3128188766218878e6	1.2904778464699937e6	1.2656266953514265e6	1.257611469644796e6	1.2684583927173777e6	1.2843838606463622e6	1.2020193154072e6	1.2536331043810959e6	1.2305985430335286e6	1.1951210159618729e6	1.1573632744803457e6	1.0710282965830811e6	1.137015584916586e6	1.058468726650856e6	1.0762663052202265e6	1.0519209403821272e6	1.0536546886119407e6	1.019004538329681e6	994616.9214294162	888882.2854863646	935271.4927771239	928472.7346153182	869972.5630376243	838914.4492941716	784882.900231451	713183.1790415151	707094.4387900154	684792.6631346466	625848.0705852951	575864.7369503318	526424.8808805677	467151.46418348874	402101.55960593314	330394.82716968236	246895.66791089973	137060.78946435172	25411.119134565582	-60810.88774742815	-134226.99981147423	-211832.63443421363	-277894.8007537809	-343279.38832477527	-401940.8393604811	-468753.2077731539	-533002.6523366498	-578956.8906291295	-678226.476429035	-685944.8421453703	-744118.9628072833	-786078.0005680609	-831290.1402247536	-905127.3711885815	-964061.9641630924	-1.0877493403325388e6	-1.0469847650298248e6	-1.0842821407321673e6	-1.1418786855635787e6	-1.1952798327711788e6	-1.2226781975569087e6	-1.272011460527842e6	-1.0962876045085182e6	-1.3291204962408147e6	-1.4113044034872293e6	-1.4436734303351408e6	-1.5084293065154902e6	-1.468377548295416e6	-1.5486120309582502e6	-1.645276484696357e6	-1.6853258669905807e6	-1.6480554424434649e6	-1.7082090146137583e6	-1.8339673299259609e6	-1.7359267647898435e6	-1.7828764447255027e6	-1.8241965982455304e6	-1.9554831481755236e6	-1.9268635343657e6	-1.8734231673668995e6	-1.856478253227566e6	-2.0088486177703799e6	-2.029172399910668e6	-1.915173478047248e6	-2.2856554264591187e6	-1.9196920382346325e6	-2.1814644670049306e6	-2.2356828983535324e6	-2.0981147049431563e6	-2.2353320500968318e6	-2.351923425036542e6	-2.10638236580238e6	-2.302145798167278e6	-2.3233518317988585e6	-2.4361379000275517e6	-2.3595088325665067e6	-2.4401250650549894e6	-2.374101290046478e6	-2.571964775898503e6	-2.2409153065744424e6	-2.460037615572031e6	-2.3137336445935e6	-2.5422176008502836e6	-2.4794071882160148e6	-2.4708658323745006e6	-2.528039280645204e6	-2.4333217900623283e6	-2.503421911821659e6	-2.4919446611076067e6	-2.539630523202561e6	-2.4713946619267724e6	-2.5878327638717606e6	-2.629823071264684e6	-2.555636711141167e6	-2.58687701748535e6	-2.603278964758268e6
1.7521644633512876e6	1.7518930045931453e6	1.7511505877923467e6	1.748406628068356e6	1.7529239145262972e6	1.7522835924102757e6	1.7517202218415292e6	1.7590465721625895e6	1.7559185428229065e6	1.762361430042366e6	1.747797050773287e6	1.7483960823053545e6	1.740830871841885e6	1.7423399111640663e6	1.7450485442435546e6	1.7343905406298037e6	1.7462580699475878e6	1.745824916623659e6	1.7464972353525297e6	1.7361269214242555e6	1.7235509263102412e6	1.7503282502483875e6	1.7545161575037593e6	1.7392754832984677e6	1.7324103490128398e6	1.749343353564607e6	1.7200621392106921e6	1.712096015968597e6	1.7072498714472656e6	1.7182935935569415e6	1.7334593029572591e6	1.6415645949703008e6	1.707909632899021e6	1.725050306858102e6	1.7060715246823465e6	1.720438279406978e6	1.7000831427216213e6	1.6722945670947738e6	1.704936431092827e6	1.6939162035055612e6	1.6887947636564153e6	1.6681247162443968e6	1.6953293555547767e6	1.6760003027690316e6	1.646824064363325e6	1.617851631524594e6	1.7040272893743617e6	1.6689636098270465e6	1.6079463177303746e6	1.6564418905992024e6	1.6691335334102204e6	1.641886804901809e6	1.6539070342796412e6	1.6253552349081817e6	1.6759604535836647e6	1.5184942611908587e6	1.7819462872580874e6	1.5920541940093203e6	1.6065031637085741e6	1.5801948888062597e6	1.5464307920617189e6	1.5415382752052567e6	1.6328497452517278e6	1.5470397104301667e6	1.5404970631092547e6	1.5565986396982318e6	1.512938210438336e6	1.5517710098199788e6	1.5413694804935507e6	1.5975947957668547e6	1.6172408019353044e6	1.5133075444795303e6	1.4626049450671892e6	1.4677836156356952e6	1.479837704128665e6	1.3778374358945712e6	1.3784289956639225e6	1.450920812972938e6	1.4393511211278061e6	1.3754651502752476e6	1.414046538068409e6	1.458139189004421e6	1.3552110258439416e6	1.2494239696390172e6	1.4467936040419072e6	1.2210755846415637e6	1.387616383502646e6	1.3391585790778836e6	1.3112767352470434e6	1.3671528275069776e6	1.2773194883164144e6	1.331023258272036e6	1.2854407679476617e6	1.3155938354930985e6	1.2256076368809855e6	1.292663308760603e6	1.1783213704017526e6	1.0991304829801316e6	1.1604337902702068e6	1.1192120630019133e6	1.2139803548270008e6	1.0725395378055628e6	1.0794425818591984e6	1.0592347063309946e6	1.0731900035707639e6	1.0452471234729413e6	976115.0073013068	932994.8679401793	940194.1342800383	898427.83546474	870646.2445161707	834839.5713122564	774489.8642382117	768197.0373808767	723630.5793538786	684948.4819856244	642115.8585012166	565662.7695672523	530303.0569184243	467645.0953262794	404852.24561058125	332142.2083657442	247767.3375662181	136926.6916704774	24325.963447638554	-62584.54244262702	-141652.04518324044	-213224.29552823585	-282996.63319394714	-348971.65328926314	-416279.9576961675	-448354.10669554747	-537141.6070709771	-571446.8900346365	-648095.5568090493	-680097.0761406065	-700388.4883623265	-793355.8934019143	-832496.9601552514	-965427.8563004159	-965559.1092715953	-990353.0165398442	-1.0383166004948956e6	-1.0862712921558842e6	-1.135251839505915e6	-1.1577552052617487e6	-1.3350577254510266e6	-1.3913509565848587e6	-1.303803765076701e6	-1.346259230757838e6	-1.3439748676386224e6	-1.3165062788398126e6	-1.589290982266598e6	-1.519593988911604e6	-1.5179180899800928e6	-1.6066579473290378e6	-1.7029360497430908e6	-1.7110393348705801e6	-1.7986151260335422e6	-1.8622165530151995e6	-1.7643216727124369e6	-1.7931641855871892e6	-1.829123940191127e6	-1.8273003829030395e6	-1.9021788748842836e6	-1.8262601210326864e6	-1.9546775792496097e6	-1.9454258989111693e6	-2.0025589259218122e6	-2.083279701845368e6	-1.9585426900563268e6	-2.0496879684776263e6	-2.1967318122767773e6	-2.2306248005806203e6	-2.110168852874379e6	-2.1768441158833704e6	-2.1519369521885403e6	-2.236983323659624e6	-2.331777474193079e6	-2.2567611897127256e6	-2.366617552250486e6	-2.4081184532442144e6	-2.349180553792761e6	-2.430767492051861e6	-2.350124432400218e6	-2.2605184089013967e6	-2.3857790141158407e6	-2.3658734982371163e6	-2.415618111270549e6	-2.4944208531654207e6	-2.4615218489653203e6	-2.521792352338541e6	-2.580714144312754e6	-2.507373257286589e6	-2.500644583334542e6	-2.557041290529299e6	-2.560854312132302e6	-2.6248463363439776e6	-2.557788559233302e6	-2.642997722997506e6	-2.6342199235886442e6
1.7791355140995418e6	1.7782855868829377e6	1.7772511303048455e6	1.777807334820524e6	1.779550789761091e6	1.774763444937377e6	1.769704539303858e6	1.770691450955485e6	1.7742745842213342e6	1.7794998925609114e6	1.7719690238858412e6	1.7836901920171755e6	1.7692697501047319e6	1.7762436194875168e6	1.7714401503931195e6	1.8385675729039158e6	1.7683236882574067e6	1.7703977224924036e6	1.7689233016697913e6	1.767346732140085e6	1.7906505567936501e6	1.7635455372320556e6	1.760566411737923e6	1.7587934873491237e6	1.7613580874779164e6	1.7574016353583327e6	1.7503472508796235e6	1.7956661849314626e6	1.737916677454326e6	1.7804435658807154e6	1.7603088365578004e6	1.7083910931341192e6	1.7367893086730777e6	1.73228543514083e6	1.6986142458058489e6	1.7149441777259484e6	1.8039454102935444e6	1.7127018845210348e6	1.734686988602246e6	1.732501473871665e6	1.6997515073734415e6	1.725437795602083e6	1.7313626045646577e6	1.7073482440663162e6	1.683636358064529e6	1.6846150998600158e6	1.7632825859787709e6	1.677395076002329e6	1.6794231661384995e6	1.636146824854867e6	1.7020261974425565e6	1.6183742240015557e6	1.6669826715148333e6	1.6793530392551667e6	1.6505600496710339e6	1.6325282552054406e6	1.6087054695447162e6	1.6621796272945013e6	1.604054087754511e6	1.5798872759121384e6	1.586446575733424e6	1.6087775658572232e6	1.5924370398510857e6	1.6432854828792363e6	1.5947367726225825e6	1.5239228323144345e6	1.3848193963808208e6	1.5007494411098538e6	1.547718836385924e6	1.5869481263673916e6	1.6007115489642876e6	1.6024707695869433e6	1.5240411279985576e6	1.5087843627048554e6	1.4444642912458577e6	1.500374772812774e6	1.4737761203180975e6	1.4736603295312647e6	1.4173006643951163e6	1.4672391900150795e6	1.4493091616927213e6	1.4752632936104015e6	1.3808337644220605e6	1.4467599897522395e6	1.3981056742830449e6	1.3933219373955536e6	1.3884011368243431e6	1.3954068072987567e6	1.319516583584202e6	1.3647033045577824e6	1.3583794015470094e6	1.3447578988496806e6	1.3747346354690534e6	1.3316626676875628e6	1.300206979051873e6	1.2659945696860985e6	1.2418644433237214e6	1.2485027413111455e6	1.2466661435529245e6	1.169419363268338e6	1.1698599534456052e6	1.1815904987636926e6	1.1006951634636421e6	1.0979236025469585e6	1.0632854709701878e6	1.0982692706227226e6	1.0301638917455229e6	1.0007831686933779e6	959534.2200758165	963097.3564523992	977654.9334738944	916547.0127064448	833818.8084002719	794278.8983935341	768159.729915119	720519.3735549734	689748.6319088666	639144.2146419222	585303.5079702669	534454.185734401	476064.1341731866	407781.94363778457	333775.9055529197	248695.25438703317	136792.28034907673	23239.71580639365	-64465.43717394397	-140440.77763406513	-218109.90570970252	-285739.23581107566	-360795.7647199633	-418809.33839611313	-476929.49086185335	-538041.1399821036	-591519.1546173696	-634705.0598081746	-678368.2497015591	-758160.9297775703	-833615.5295976293	-858117.535695747	-973583.0096783824	-928847.167153642	-1.0287065726003409e6	-1.0662283667728389e6	-1.0904590805399409e6	-1.1612291664786693e6	-1.195213088230813e6	-1.2568183959148251e6	-1.2943826387300924e6	-1.3191590891853934e6	-1.2982511795074423e6	-1.3547730506677446e6	-1.4872478697257568e6	-1.5109422491625026e6	-1.5664695005676565e6	-1.5958445610414222e6	-1.6710943419358241e6	-1.7141520230903937e6	-1.831997139278919e6	-1.668106193097001e6	-1.771395558806118e6	-1.8147350370133896e6	-1.79626346032636e6	-1.957214999100794e6	-1.8542581310893307e6	-1.9579341152895591e6	-1.968114362979955e6	-1.899067749183259e6	-1.9879471248022714e6	-1.9070832137683667e6	-2.042093780616155e6	-2.0640881461230312e6	-2.0389346556325518e6	-2.2311652177653513e6	-2.1297415415217537e6	-2.1628171277711582e6	-2.228539844416291e6	-2.22219603952482e6	-2.281628005504339e6	-2.2825523496515225e6	-2.24796151512816e6	-2.432330753756913e6	-2.384263941632054e6	-2.4007973888793993e6	-2.4497980148012484e6	-2.3812689789196006e6	-2.2383039900960913e6	-2.4890890302356924e6	-2.3630840580175035e6	-2.4813635783704617e6	-2.567900944476112e6	-2.5065372416945263e6	-2.2559953970133066e6	-2.567913508398447e6	-2.566025474243201e6	-2.6177905110008563e6	-2.44195283761027e6	-2.67224280482847e6	-2.6327890366633884e6	-2.6443536341714603e6	-2.717770375691372e6
1.8062574294803047e6	1.8054635600275644e6	1.805250658225109e6	1.8045224594824056e6	1.8001796252119667e6	1.8155567769999867e6	1.7992776897053309e6	1.7964908555924986e6	1.8018217498483914e6	1.8030363157631746e6	1.8001814963014664e6	1.8029217439322975e6	1.7980761569053025e6	1.7924017115805822e6	1.7994675153359072e6	1.8039808107127298e6	1.7905498185562592e6	1.7994769755663506e6	1.8009661310881132e6	1.789214926970052e6	1.7906796465126676e6	1.8196750370265353e6	1.7880634581801738e6	1.7828979607408703e6	1.803367152242974e6	1.7652157355252595e6	1.762728945974233e6	1.7787987044232558e6	1.8137546870390906e6	1.7736117219595215e6	1.7470659894534044e6	1.7743406546816204e6	1.7621727909811283e6	1.7592738271253945e6	1.7657227664939119e6	1.7565660738308216e6	1.715855654430588e6	1.7515632553837765e6	1.730250234181707e6	1.7409863421203052e6	1.7691452669330975e6	1.736886980105544e6	1.8064688284220966e6	1.731856585883441e6	1.733872042027445e6	1.8197746840254846e6	1.6896110559675503e6	1.7195660716029592e6	1.7385988748295412e6	1.7750598213613417e6	1.7310319188530887e6	1.6530934078466252e6	1.7068979653865e6	1.6612737316634418e6	1.6673660441042017e6	1.6377085647416709e6	1.6886033056008965e6	1.585851139522158e6	1.655315802501548e6	1.5788616149129553e6	1.691753767787483e6	1.6956307830367943e6	1.6361928885584383e6	1.606231780891195e6	1.6035198507692679e6	1.5826566148802564e6	1.5371271379110408e6	1.62224484726631e6	1.6944656136777648e6	1.6448768520583678e6	1.6115271620162092e6	1.490798617769495e6	1.572491698355022e6	1.5472163555222366e6	1.4494481895258129e6	1.5629566277224442e6	1.5378872894789185e6	1.5051908328179033e6	1.473062699172887e6	1.4880403890045872e6	1.5152673456301466e6	1.5133859142722082e6	1.4020504175982093e6	1.488719468572197e6	1.235860927412294e6	1.4907720928490586e6	1.3611444691014187e6	1.4245068799055393e6	1.3962420844577388e6	1.3850411930976533e6	1.381127829731492e6	1.3438282139373883e6	1.3345029732283964e6	1.4585085090664232e6	1.2587074204760608e6	1.2867407384254346e6	1.258453696447872e6	1.2562162321340581e6	1.1416246713420502e6	1.2180238639201059e6	1.2396469143569835e6	1.1457611169854691e6	1.1560353913045072e6	1.0789371437528413e6	1.1151587344213442e6	999569.0479417903	1.1021879194200353e6	1.0325672795808325e6	1.0267672048099486e6	967424.1974023758	922861.5485128936	949477.6565590256	895176.1046760746	841327.9596161499	807970.03036837	756112.9357863142	744943.8227059785	665189.2462685157	642204.6237626933	585182.8460230499	520909.1002631582	475796.8317451385	408655.9258136051	335626.6888419348	249596.95848115347	136657.55965723144	22152.534624122083	-66292.85742604756	-145112.521356086	-225418.83037528675	-290931.2876213426	-358908.0859068711	-419549.045593468	-481480.6766870301	-553939.654449387	-607311.8063680497	-635795.7623367137	-699576.8869534119	-772449.4384906571	-823853.7497248361	-869125.5941634676	-949759.0478520156	-1.0241483697437132e6	-1.0210586760408739e6	-1.048741650373755e6	-986387.8608619845	-1.1794156770486482e6	-1.2379196529969359e6	-1.2711042048020405e6	-1.322880452164777e6	-1.3109944186550952e6	-1.390774980561723e6	-1.4064250934304842e6	-1.445508701927079e6	-1.489549859377333e6	-1.6079459410329717e6	-1.6196807607362694e6	-1.7284306153732538e6	-1.671159173123524e6	-1.6285651022287975e6	-1.7169721062356299e6	-1.7671605850914363e6	-1.8061184441146716e6	-1.76786320706061e6	-1.909057743996942e6	-1.9248548343660547e6	-1.83960848258215e6	-1.9929572427029465e6	-1.8750578789781672e6	-1.981346461278683e6	-2.0055853209313978e6	-2.0783015036785644e6	-2.139927746259846e6	-1.9774805117752934e6	-2.1723448675061096e6	-2.1790509586814875e6	-2.304596851078795e6	-2.2082629222232527e6	-2.2098607177355564e6	-2.3570623300756128e6	-2.2963266410825895e6	-2.0893183702816223e6	-2.331958632833375e6	-2.3841289153220668e6	-2.4729819417346376e6	-2.438651037897643e6	-2.62044304767338e6	-2.466201009823031e6	-2.4692098302877746e6	-2.3448683450816153e6	-2.517852352326928e6	-2.3935302827044157e6	-2.538952470165278e6	-2.5410224791745883e6	-2.578321207685564e6	-2.539366372907166e6	-2.5399532664774237e6	-2.6950537457937812e6	-2.617987333696906e6	-2.703568427747174e6	-2.676698141393621e6
1.833573258221292e6	1.8330002275162358e6	1.8301725376406903e6	1.831076871916098e6	1.8324610774274284e6	1.8274960836992783e6	1.8331735703854058e6	1.8322624359761328e6	1.8267125826740281e6	1.8288359926174951e6	1.8280692004355772e6	1.824890937337596e6	1.8272221072959178e6	1.829309998056701e6	1.8395146077331614e6	1.8348809467247822e6	1.8153556747268667e6	1.8175865242952872e6	1.873478435424188e6	1.8116804816820445e6	1.8143583196086758e6	1.858662484581634e6	1.8254676310946217e6	1.8029621815907569e6	1.8181267114131954e6	1.8139547941372155e6	1.789875426739076e6	1.8248504693699097e6	1.9080586549949367e6	1.8213975677008491e6	1.8353572787709218e6	1.764028216930173e6	1.7929204323055607e6	1.763322632777704e6	1.7815187085609527e6	1.7859333707749005e6	1.7579033733224536e6	1.8011717678384082e6	1.828267612017781e6	1.722097752523597e6	1.7461185998952747e6	1.7557201639503432e6	1.7761304490862468e6	1.7179086081884564e6	1.6003896410700607e6	1.7440441809820705e6	1.7527463631078005e6	1.7042833784332087e6	1.6990892688680217e6	1.735082079580164e6	1.729159622422942e6	1.7391944477740237e6	1.6891855021332924e6	1.6842395049253816e6	1.7099718690173053e6	1.6614808159934394e6	1.6610471801706126e6	1.7204545312686483e6	1.6645727136959075e6	1.7321858520838358e6	1.6909642824298996e6	1.670289087876634e6	1.6600668605538318e6	1.6485694819163491e6	1.6783623648239004e6	1.6671050208570673e6	1.5970453041515928e6	1.570102740639031e6	1.5704064483595847e6	1.6740111083397851e6	1.5681879183135119e6	1.563034091685359e6	1.7253520388134797e6	1.5828685013562334e6	1.5830635075398674e6	1.5367505822029943e6	1.5366893980632797e6	1.5624352223706418e6	1.5241650907435701e6	1.5321525466442534e6	1.4990824721220885e6	1.63637459575929e6	1.4347632077453523e6	1.3473822368822054e6	1.5012758572316342e6	1.4534282746569775e6	1.3964364340014795e6	1.443561938899621e6	1.4320811604393707e6	1.4291271913564536e6	1.3788583248206927e6	1.4159276218841707e6	1.3798304291125746e6	1.349235823109695e6	1.3912719280438118e6	1.3536909561309698e6	1.3074157895902316e6	1.2384614852504614e6	1.2521495032255703e6	1.271807065563479e6	1.241808018418476e6	1.2344744264188665e6	1.1979777351475847e6	1.1912308937213505e6	1.099005358368951e6	1.093610818466796e6	1.09247427071618e6	1.0910193060433655e6	1.0652036078834292e6	1.0488801275414894e6	981255.0853618368	948040.2008909265	920899.0141016038	914621.4498726353	865164.0985654132	813326.684777977	780534.7309010341	738540.9875053482	694228.6866587114	640608.5195376587	592958.0728429332	543022.6766401057	477318.9969624949	411378.74452850956	337286.9592065434	250499.68414714327	136522.51357665635	21069.963122843998	-68261.12560273637	-152279.5373273678	-237618.5078572908	-279386.0152677859	-365698.0094940867	-424983.7222425954	-496416.01512471586	-550354.5594284253	-593778.768062827	-644439.3159571742	-719513.8833050574	-754014.909399874	-822157.4071948505	-871387.3112272695	-914980.4357919437	-1.0215608697399618e6	-1.076112208598075e6	-1.082216115893887e6	-1.0736213833630783e6	-1.1604194654555446e6	-1.176254348601757e6	-1.217429103037151e6	-1.2684017896122392e6	-1.3661121057997704e6	-1.3822629307071436e6	-1.339973474381798e6	-1.5062394980745497e6	-1.576365453105235e6	-1.509378610734547e6	-1.598317097791789e6	-1.6318569652487752e6	-1.6652460508150943e6	-1.7289335937927342e6	-1.6171924180004639e6	-1.7166376527995197e6	-1.8265629081106097e6	-1.9139520002007787e6	-1.8664164012019848e6	-1.743043912112936e6	-1.9494465315138116e6	-1.991375161527902e6	-1.8760143902102383e6	-1.9923917763439403e6	-2.0850917048563338e6	-2.1353347491775495e6	-2.0802537591031953e6	-2.0663760828745924e6	-2.181545102893454e6	-2.0939553565811296e6	-2.2595775284165344e6	-2.198216640271269e6	-2.2517326492623175e6	-2.2464176076326356e6	-2.36122410340323e6	-2.3997570556634613e6	-2.433421703534047e6	-2.515294630533706e6	-2.4049887889225287e6	-2.432115660084588e6	-2.4879566465884484e6	-2.383103720120132e6	-2.5819316433020122e6	-2.5200110408229567e6	-2.5259737443991597e6	-2.554809638252109e6	-2.564531229114238e6	-2.569116375606605e6	-2.621141956888276e6	-2.583346104882035e6	-2.55495240398085e6	-2.5869156099603204e6	-2.6437798682076773e6	-2.681967184706153e6
1.861109528449128e6	1.860514342192137e6	1.8606179162968113e6	1.863561883627783e6	1.8584369475205105e6	1.867380304565697e6	1.8567602093770746e6	1.8628499669012781e6	1.8586731094837324e6	1.8477250145144868e6	1.8569217004225329e6	1.8569100761898241e6	1.8973745896293407e6	1.8924998149301452e6	1.8863894119540276e6	1.8798245909723248e6	1.84601684704226e6	1.8507572313767695e6	1.8574836812707004e6	1.8482104910521614e6	1.8535538174996828e6	1.847503587721299e6	1.8333228212778883e6	1.8306329409862035e6	1.835536358713302e6	1.8531957103042314e6	1.843484837653285e6	1.8293555357146112e6	1.8436840393813774e6	1.8511601169149848e6	1.8544727172693794e6	1.8815287524627326e6	1.8189776556426312e6	1.7370728215814845e6	1.8170937753945128e6	1.834319542577872e6	1.7943001442192327e6	1.7858728077308326e6	1.7477935560662705e6	1.8431694186601522e6	1.7777936372438706e6	1.7956252047185423e6	1.8277800690223048e6	1.7990917054125634e6	1.7737258934414391e6	1.7569882238884773e6	1.768222491113848e6	1.758688223100212e6	1.78352621533202e6	1.7633485755770346e6	1.7742338617990874e6	1.608260723843202e6	1.6872733785586962e6	1.7396993118161494e6	1.740303266841079e6	1.6922858927442245e6	1.714591166341818e6	1.7262571209400487e6	1.68956732971273e6	1.6352113626397848e6	1.7495217700391733e6	1.7001328897400093e6	1.67294328302252e6	1.6869049986867723e6	1.6668019201677549e6	1.6503765389662366e6	1.654456307567542e6	1.6230452487027405e6	1.570187715416363e6	1.6038738138144163e6	1.713722842343242e6	1.6111124729904132e6	1.5494274397777452e6	1.6165999376448756e6	1.5606651055418893e6	1.5980604634763733e6	1.6206175164967878e6	1.5098409283374788e6	1.5668118184426997e6	1.5384760406960035e6	1.5809971793770897e6	1.5548994317310345e6	1.5196548315376039e6	1.5163877975104568e6	1.4508893041477608e6	1.4862296174680595e6	1.5523446022970674e6	1.4622147523579078e6	1.4430927460371265e6	1.48882203698678e6	1.4080354666811405e6	1.3984739298310946e6	1.466497348252073e6	1.397857832868189e6	1.389540700734864e6	1.415255297110958e6	1.3841572193309537e6	1.3374703416054226e6	1.2982534287237148e6	1.2832487230166688e6	1.2426554581741486e6	1.2520837760645617e6	1.2254640696049954e6	1.2183647945428565e6	1.1984296064991837e6	1.1208264187758013e6	1.1234826154428886e6	1.0927018672715658e6	1.140672763424018e6	1.095580262183561e6	1.0386300863607929e6	1.0058501460974757e6	964338.0278943767	976198.820616659	880571.0748246217	826767.929836928	748587.3974158874	741503.8770355736	752100.2155613503	700202.1474667704	634575.5121286053	596402.9237498562	525025.2719308257	483168.40752477455	414470.84988743486	338967.6377256373	251404.01263025496	136387.1765153096	19978.77385756839	-70095.83126729284	-148376.38523567864	-227823.91435487266	-299834.3577766274	-366663.00085076364	-429465.42717552	-496841.2747631895	-563440.187357873	-615383.686092732	-663603.9270356235	-719669.8864521882	-758400.3007014613	-825649.4078549757	-863062.8731094319	-902778.2288027322	-1.0148409483714574e6	-1.0313822469508732e6	-1.04661849745165e6	-1.1125242989996495e6	-1.2479706043342096e6	-1.1874682208629851e6	-1.2706438826400382e6	-1.3330853906342154e6	-1.3962125113667077e6	-1.366948373813467e6	-1.3836316313733817e6	-1.4942915370995887e6	-1.5243250870987158e6	-1.5717974506303822e6	-1.5734542442701333e6	-1.684374426967015e6	-1.6866303061919576e6	-1.663106540862483e6	-1.7742453861640776e6	-1.7611963790791458e6	-1.8835000603804365e6	-1.8730861881439881e6	-1.8889372648159838e6	-1.8735128906304892e6	-1.9625579205303816e6	-1.9871032659960636e6	-1.891117475370769e6	-1.9639064015170871e6	-2.0985346556053185e6	-2.0754725024865628e6	-2.1238735812363443e6	-2.198939645640649e6	-2.2149654090926563e6	-2.205144587379248e6	-2.282798895723171e6	-2.314368224868087e6	-2.2084981659553624e6	-2.2817624411428045e6	-2.305965708505178e6	-2.390424576775992e6	-2.4906312014128347e6	-2.479600142991735e6	-2.41187882312036e6	-2.4900337001149873e6	-2.461763298641825e6	-2.5030924052591654e6	-2.510824492280579e6	-2.597285768840203e6	-2.5159296201726743e6	-2.6115972562658573e6	-2.5609565751494574e6	-2.6188008339640903e6	-2.626528321394544e6	-2.559930862528554e6	-2.5436027144272844e6	-2.7204594958477733e6	-2.6935691754554044e6
1.8889619045477605e6	1.8890289613374828e6	1.8880254224599693e6	1.8875761849014992e6	1.8888267276983943e6	1.8902820086775578e6	1.900043584045407e6	1.892188086021784e6	1.8876383561004982e6	1.8966048538775742e6	1.8818703544238727e6	1.879721312689142e6	1.8768599834165913e6	1.8730976624653265e6	1.8909835951579558e6	1.8828493923242255e6	1.902749104638843e6	1.8794085480047348e6	1.8750372715169531e6	1.88686752232034e6	1.871768371054346e6	1.8848233268380319e6	1.8721605854844193e6	1.8704141530388573e6	1.8600566005970153e6	1.872681695932199e6	1.8573364667001073e6	1.8289105577851452e6	1.8578423634928274e6	1.851134294580398e6	1.8554667647889988e6	1.8288881332179653e6	1.8432461281848727e6	1.8240885053028308e6	1.7935810542987916e6	1.837034868982038e6	1.836744397111129e6	1.8190919929391684e6	1.8189789719504796e6	1.7689319144386677e6	1.8869565363267846e6	1.8190883927856372e6	1.7973659680756223e6	1.8543381066510174e6	1.7799226333320425e6	1.8078498494232711e6	1.8072607563622515e6	1.8778341253849939e6	1.8119357026270358e6	1.7266046640780112e6	1.8048548261568868e6	1.7576076356362887e6	1.7234384368993775e6	1.7428905786241638e6	1.769985924067667e6	1.713821384061636e6	1.780440344909761e6	1.7215578346922928e6	1.7539944559172955e6	1.7181375025062591e6	1.7349928200862468e6	1.7885305343169668e6	1.6948857683782608e6	1.7168592755257841e6	1.6765375737317041e6	1.6845922652480393e6	1.7018859023939923e6	1.671771466520142e6	1.662169038308051e6	1.5491844540687585e6	1.5996544370729947e6	1.597733594822467e6	1.5927174795955871e6	1.5995147325994722e6	1.6121163680421477e6	1.6387493509198301e6	1.6145123860054226e6	1.5459561117830821e6	1.5257375037535578e6	1.5859937276594248e6	1.5314696070153986e6	1.5764438748549074e6	1.5263842038649197e6	1.4548290788404904e6	1.4842794772421282e6	1.686555356448973e6	1.4974128758776202e6	1.4971235652143732e6	1.495820364217252e6	1.4536967512147068e6	1.4657075989964576e6	1.4010502257144288e6	1.4131286811755828e6	1.4383656319080708e6	1.4365716018498493e6	1.3749278859628532e6	1.3636377109985803e6	1.356221116267363e6	1.4567844948129007e6	1.340264329523812e6	1.3185820135791558e6	1.2561520842587235e6	1.2923800839014738e6	1.2318274381530704e6	1.1923860059279343e6	1.189931896014695e6	1.147989861733412e6	1.1445254628265242e6	1.0793618277068757e6	1.1131535019202589e6	1.0687881423769556e6	1.0367403272829033e6	929518.7900013911	973569.7194827078	1.0487979282047453e6	923642.2825767328	877107.8227235589	830013.2925441196	778060.0797101669	743861.7893972906	699910.4116277851	654813.0466608091	599263.1542996014	551289.5782975045	484166.9474574595	416492.8788207825	340686.6932010101	252309.43469641986	136251.5363382725	18885.704720570007	-72064.92526389938	-153572.85631538415	-230218.37710193754	-300950.07396487426	-371906.13978463644	-454185.41365506966	-501820.31975211785	-568736.4697568826	-628048.9141195908	-662146.8161002372	-696092.4017466679	-794564.6314948406	-820742.6443769471	-888513.5756035494	-924134.3479711236	-1.0374407150538489e6	-1.0586299229940008e6	-1.0781810907756398e6	-1.0797527608576333e6	-1.2310837632895685e6	-1.2344765677220896e6	-1.2975060237639262e6	-1.3567969850712675e6	-1.353367736323452e6	-1.2297974976285985e6	-1.429100700492614e6	-1.4951692024472454e6	-1.602685329470429e6	-1.5724877057910464e6	-1.6079219652964524e6	-1.7007512339756764e6	-1.7638952175530838e6	-1.7150449273084528e6	-1.7506873366359961e6	-1.823672506192272e6	-1.8020339885966731e6	-1.8109987660822468e6	-2.055174522261954e6	-1.9231882831986053e6	-1.942855675306403e6	-2.0551014490100164e6	-1.959322517630997e6	-2.0317382756942124e6	-2.0664823270124132e6	-2.099129848721797e6	-2.117841153396208e6	-2.2214377939381856e6	-2.249369287913451e6	-2.2962238273769543e6	-2.127072780602524e6	-2.2854085517647224e6	-2.3237394112333576e6	-2.407065846847664e6	-2.510722652123664e6	-2.335659399377617e6	-2.3933929684047075e6	-2.548632607230093e6	-2.481385683285432e6	-2.507421998476609e6	-2.4513859084197744e6	-2.5077350604447587e6	-2.515462488589056e6	-2.565543554262754e6	-2.6278074030668614e6	-2.554238288076838e6	-2.565683656181667e6	-2.5937613542881254e6	-2.6615660465744613e6	-2.637444143696556e6	-2.6311744199716877e6	-2.748062182978903e6
1.9168193392841658e6	1.9159873543540274e6	1.9158585518956652e6	1.915049279762876e6	1.9164571583435829e6	1.9190911910230177e6	1.9151216855172748e6	1.9257258926209286e6	1.9160799700202835e6	1.9175002802904155e6	1.9129596048518238e6	1.9111023785840184e6	1.9163586417512058e6	1.9045872496914323e6	1.9086111258720492e6	1.8946627688333725e6	1.9007010302007017e6	1.9017744357370478e6	1.9001799229630257e6	1.9055739492541803e6	1.9157595116759231e6	1.9016150996331794e6	1.8937607802205675e6	1.880015404606327e6	1.8997915921298345e6	1.9210186778930319e6	1.8286257133710776e6	1.8890563240424234e6	1.8835163508356973e6	1.873109564010664e6	1.8644401055340488e6	1.8596450276268474e6	1.870107315781356e6	1.8643886635667267e6	1.8833927521597492e6	1.8703814059044826e6	1.883970796520054e6	1.8563329816300934e6	1.838576663809895e6	1.8203397082736655e6	1.8180888677673014e6	1.8397106393237025e6	1.8095011424626296e6	1.8113488662438407e6	1.88230083912704e6	1.8522346776709598e6	1.822972353268417e6	1.8416083729301752e6	1.828157594905666e6	1.8191597941010676e6	1.7286307627191208e6	1.796243561742762e6	1.7572464817770442e6	1.7937466449579233e6	1.791159395289673e6	1.797339031399263e6	1.787798326248711e6	1.7741121554550142e6	1.7502694275891907e6	1.8298363131044977e6	1.758428732873065e6	1.7212822257573511e6	1.821212411821912e6	1.733286677087987e6	1.6980109696963043e6	1.73416858467172e6	1.7275991408248246e6	1.6976022706138585e6	1.705260996600641e6	1.6974692745325402e6	1.6673653466911938e6	1.64541279066328e6	1.6576720290731974e6	1.6150341714272653e6	1.6206173165746625e6	1.6893925389980772e6	1.663501916065804e6	1.619818610791504e6	1.6524898950819967e6	1.6718540525642764e6	1.5890518285821741e6	1.5373558121699407e6	1.6245586794749373e6	1.5439305306002898e6	1.5665583357777884e6	1.5250676923428052e6	1.4513276044785012e6	1.4982966179727043e6	1.506765911646199e6	1.485353979398097e6	1.4573631344695769e6	1.4472199371874412e6	1.4914867354417415e6	1.4378105410175337e6	1.4619914434846668e6	1.4434006581122696e6	1.3881195034424798e6	1.381240732741013e6	1.3881102601561332e6	1.3600847400440453e6	1.3348948788314564e6	1.291053745615479e6	1.2792317645136784e6	1.2949995472948756e6	1.2014399395379978e6	1.2305405251640948e6	1.1730900707517196e6	1.2052387488349786e6	1.155102492926953e6	1.120065764618829e6	1.131277481476854e6	1.0914148531268206e6	1.0984502530083747e6	1.0300176221012841e6	1.0463128520952703e6	1.0001009805457946e6	922034.0780624879	862331.4101050921	807977.3280744692	796124.7485671726	753530.6819466678	709603.1616303304	654892.4678945342	607061.5847798681	552327.3389975419	484888.3881899406	420300.58730669925	342360.1080720783	253218.5613410906	136115.5956309694	17791.795180675108	-73872.95727469213	-156306.5581322133	-233781.19329732493	-299330.8659578203	-373671.91505516274	-428898.37798682484	-499460.428812983	-577303.1101192874	-615554.0232023443	-675734.0164717301	-721352.5932029705	-805357.6512329131	-862219.641210509	-893058.6074148878	-975112.7426694776	-1.0266197693172768e6	-1.0367217046243493e6	-1.0773813006444257e6	-1.1574806758318613e6	-1.2876832951102597e6	-1.1715694486709856e6	-1.290629714586319e6	-1.37625227366042e6	-1.387455841794394e6	-1.3329448283072282e6	-1.4180694409699137e6	-1.5740389352769428e6	-1.575724558098678e6	-1.6135948758007074e6	-1.6109492469347566e6	-1.7176924202418262e6	-1.6989390452179597e6	-1.7635439207832078e6	-1.737143714817393e6	-1.8170423326786542e6	-1.8605647667786633e6	-1.8828393291258765e6	-1.8026690901464606e6	-1.9169369462651145e6	-2.0269907103381702e6	-1.9899987462274372e6	-2.0262314243289218e6	-2.1285582638773974e6	-2.0963557916594483e6	-2.0957589317144356e6	-2.167990286508126e6	-2.2764827984152315e6	-2.278160942260596e6	-2.3167355423645503e6	-2.345733517730914e6	-2.2776671893627527e6	-2.308824432377244e6	-2.3945905917608654e6	-2.4514475290623335e6	-2.4266143346495177e6	-2.516379463914024e6	-2.475032100651615e6	-2.5546779354052157e6	-2.5275999982348857e6	-2.5674124702197737e6	-2.523995006685336e6	-2.5229524654334085e6	-2.6224435459972774e6	-2.589451141836171e6	-2.5764179585177223e6	-2.6493142441870826e6	-2.6414586824165774e6	-2.6708656195088294e6	-2.6812228037723643e6	-2.6978199339898108e6
1.9449276482217202e6	1.9447965062016465e6	1.9439594822088273e6	1.9453129206358367e6	1.9435170783179747e6	1.972138756123779e6	1.9424496575075998e6	1.9430892231326322e6	1.9422285175581165e6	1.938677570478122e6	1.9380857224920616e6	1.9372482809652362e6	1.9402535256458083e6	1.94566189844596e6	1.939837091518073e6	1.9242538288608468e6	1.9334151547978898e6	1.9312689094246344e6	1.9264055342924478e6	1.9228510060412032e6	1.9400176692926395e6	1.9171485783502385e6	1.9260152621879322e6	1.9255484337043897e6	1.9041289989833746e6	1.918185927509291e6	1.915424237275932e6	1.8914540457926462e6	1.907582731208351e6	1.902203411048372e6	1.8794202216447627e6	1.8966639456377146e6	1.903164467244558e6	1.8862683276321935e6	1.9240549804797927e6	1.9090040297678232e6	1.877611237945253e6	1.890014829848033e6	1.87222152490793e6	1.773748865488298e6	1.880785803327846e6	1.899201879741928e6	1.854342039778413e6	1.866475711538653e6	1.8833017681191568e6	1.889194181255508e6	1.8962725178315346e6	1.852531906110996e6	1.8315210261906604e6	1.8304660051837936e6	1.8200936515873359e6	1.7757907798849726e6	2.0870553431972184e6	2.029940392581881e6	1.9835160557141076e6	1.829890424181078e6	1.9179622315777568e6	1.8200100827726005e6	1.7969825991320307e6	1.7728097392054112e6	1.7792749023261783e6	1.7505061025499052e6	1.7180400047402324e6	1.8106628444548869e6	1.7292261253366307e6	1.773866993406286e6	1.7420083800592753e6	1.7484258387067737e6	1.7441624188057096e6	1.711129697011915e6	1.6408481917028525e6	1.709828625984199e6	1.6280137232021228e6	1.6881314478983367e6	1.6737988794353083e6	1.6250627357786456e6	1.719362461272479e6	1.6150354656689088e6	1.6249804517043242e6	1.7136098340845488e6	1.6052875463498551e6	1.5920686430511568e6	1.620081955148152e6	1.6649836078585766e6	1.6225473974587275e6	1.5586156655515435e6	1.5524393646279688e6	1.4557477353108719e6	1.4973440196839608e6	1.5466677120623332e6	1.4959693221211159e6	1.4429003604721348e6	1.5271931051057952e6	1.487046905952381e6	1.4907019991628155e6	1.4284088441360565e6	1.414433713911267e6	1.3668060732894326e6	1.421916132503797e6	1.3902862024795008e6	1.3799760205079895e6	1.3395886605337218e6	1.3325042013254433e6	1.295650677151147e6	1.2760577184666395e6	1.2379470044300372e6	1.2226231357732802e6	1.213477507029708e6	1.1384170215254738e6	1.1225179905135753e6	1.0876781951667941e6	1.180499285206501e6	1.0960460407877413e6	1.058117332182306e6	1.036484410200811e6	1.158264413762943e6	962851.6864551599	924471.272035665	896303.9401732755	836984.5422527094	802473.1297449245	759141.7701514328	703022.8479508641	663555.6006937174	603823.6607721564	556056.0883111313	490876.3157555016	421323.63114638405	344108.1064478443	254124.26613762928	135979.3584580575	16693.022684757365	-75966.97568825493	-159057.35857870732	-235204.14483440784	-300612.3174557695	-382102.868759498	-443089.1628990255	-505562.32069793204	-567802.3669287921	-637573.7844396438	-705496.383646993	-728517.408308635	-801148.9207334896	-856777.8070083372	-898003.7772522788	-923942.1322999	-985796.9431845951	-1.0145244464364476e6	-1.1091624239326213e6	-1.177013435833652e6	-1.3906769725146866e6	-1.2570303770993259e6	-1.3198763764146683e6	-1.4422127385261226e6	-1.2701537028320404e6	-1.3894373905040217e6	-1.4764243526230133e6	-1.5422560951227993e6	-1.5562811287209964e6	-1.6027142508107265e6	-1.686707900495662e6	-1.7469369743476599e6	-1.7630585616023638e6	-1.729666928190712e6	-1.6684920093517178e6	-1.8430482852085838e6	-1.9055761206583804e6	-1.8290843307147017e6	-2.0100069595017242e6	-1.954060676747898e6	-2.0213982595238835e6	-1.948175716998511e6	-2.0472022347600562e6	-2.138498756571478e6	-2.1201999468895886e6	-2.0502840323205949e6	-2.147903976955233e6	-2.1905657833930417e6	-2.194554971481801e6	-2.3019060488358424e6	-2.5339888359559868e6	-2.2810458379928493e6	-2.414478778083037e6	-2.3670001819376554e6	-2.481957765568175e6	-2.448237727586622e6	-2.542129187666704e6	-2.5320410482279994e6	-2.518324016790215e6	-2.5846172957938e6	-2.487518991166217e6	-2.457069123419304e6	-2.615751976885517e6	-2.6947658075127294e6	-2.5412542020580634e6	-2.581381683450926e6	-2.6957424041643087e6	-2.5870548794162474e6	-2.6214382789969007e6	-2.855807690385124e6
1.9732763649023972e6	1.9729624476207728e6	1.97198103696185e6	1.972981275642665e6	1.976016673328584e6	1.9739205393510251e6	1.9714722393749491e6	1.9677781755475015e6	1.9752113729952706e6	1.9803851119228522e6	1.9661778104891703e6	1.9676836214176402e6	1.9692000866155399e6	1.9682720517644393e6	1.967367303572393e6	1.9790444853434935e6	1.9701303398050794e6	1.9630944456868137e6	1.9515209936116827e6	1.9459904296271624e6	1.9430110839628484e6	1.952308199655159e6	1.9595948719188243e6	1.9494149570885955e6	1.949380061599673e6	1.9272673329972024e6	1.986837668837177e6	1.9490039886051668e6	1.9466425728346622e6	1.9367429593915697e6	1.9319185907434192e6	1.880518306063837e6	1.929140033809666e6	1.909882077524159e6	1.9190699095677077e6	1.9342803048051822e6	1.9378798449969771e6	1.9168068768130313e6	1.9208166899872979e6	1.9145204392594015e6	1.9104985247564213e6	1.894408945180302e6	1.9105611466327717e6	1.8779050147238725e6	1.901454214130289e6	2.0013740707111072e6	1.9150744561472666e6	1.8902310627717196e6	1.8848975779783286e6	1.893006753894792e6	1.7779901597527482e6	1.823198582302647e6	2.0313961561865718e6	1.8360146335014254e6	1.85184121044924e6	1.8382742164847392e6	1.8295996885893228e6	1.8345173481389997e6	1.7884293445574422e6	1.8054615072314101e6	1.802987542871594e6	1.7979828493589545e6	1.8164828598492506e6	1.7337828848917023e6	1.8181030914546032e6	1.7663290707946126e6	1.7467550322935046e6	1.7681401998017482e6	1.7987818295102632e6	1.7476780360278906e6	1.7435811607014984e6	1.6228922693716912e6	1.6974632004711747e6	1.6824766062719834e6	1.755459900669307e6	1.827782375755819e6	1.683735434843015e6	1.7656045891254426e6	1.6420993218240566e6	1.6725753924874843e6	1.6322036517904345e6	1.6862364061841392e6	1.70564214677912e6	1.6515366423736308e6	1.626172118533162e6	1.6186356906321081e6	1.5196567005642839e6	1.5680405768535002e6	1.5149168515776019e6	1.5340822895724243e6	1.5429214589188206e6	1.4947917081209132e6	1.4741724400407458e6	1.5430354812685684e6	1.4778831810719932e6	1.4803614188306883e6	1.4889150332616773e6	1.4236087270146324e6	1.3943769646353219e6	1.4100187912949466e6	1.3931338479572458e6	1.3365757422962089e6	1.3265177310699995e6	1.35413159178397e6	1.3308785457993401e6	1.2978569942732286e6	1.299325993182552e6	1.2729622420701077e6	1.2444486959698894e6	1.201070987517151e6	1.1903184672484137e6	1.2043422085695777e6	1.1839747566628219e6	1.0958038571647373e6	1.0745578171434798e6	1.0262463605544235e6	1.0103556375028662e6	996797.4700863624	934756.52341854	911329.2611125316	847145.9008656088	807537.6006426129	754120.3015935383	720722.9528247647	669341.9514311661	616097.8990382738	555380.581788669	494379.16394269245	423945.61304876884	345689.1311416407	255033.3906487329	135842.8286728023	15598.836451322772	-77641.97550181905	-161331.35393216694	-236495.7967095191	-311531.2734352958	-379857.4229786943	-455775.7578363323	-526549.268046909	-583973.4584110929	-632475.7187389066	-677444.3641335159	-738092.0989059797	-815153.5877755629	-844962.2210815893	-906061.3355291612	-948361.2695287382	-1.0492828615770373e6	-1.0716706019924576e6	-1.1308742197137508e6	-1.1981615985389892e6	-1.2469217994499397e6	-1.2572002061016122e6	-1.322242978787762e6	-1.3529173021734506e6	-1.3324015254512439e6	-1.4510831428194866e6	-1.4297975785848647e6	-1.5693608657924202e6	-1.584440624212658e6	-1.627139883464696e6	-1.689110813746931e6	-1.7363963010006095e6	-1.8543570885276343e6	-1.7799125613586437e6	-1.7811982850511395e6	-1.8093046809392776e6	-1.827661240180308e6	-1.7765117996118632e6	-2.2204757713731076e6	-1.943583125313364e6	-1.987447348630324e6	-1.989650458914057e6	-2.1641077761787255e6	-2.0436615763208144e6	-2.159998546739078e6	-2.1556940919264923e6	-2.13497596635523e6	-2.3317336155840326e6	-2.32728434986598e6	-2.359714741609735e6	-2.4105284234880414e6	-2.3728512549199155e6	-2.422317789874963e6	-2.524091237295129e6	-2.430078583424136e6	-2.547433022314447e6	-2.542683326166503e6	-2.573508965283248e6	-2.6186242117202436e6	-2.5493352718518795e6	-2.561780655607296e6	-2.5916248498466103e6	-2.491970944612438e6	-2.560798347498718e6	-2.6750255669106934e6	-2.6265434839350935e6	-2.6471004068338354e6	-2.652499021234011e6	-2.7315560554723884e6
2.0018271094428527e6	2.0015925276782871e6	2.001537082048054e6	2.0045903106634445e6	2.0026233698923285e6	2.0002326800225037e6	1.9986954101898363e6	1.9997615942849945e6	2.0029833041468807e6	1.9983861860767726e6	2.0053434167939746e6	2.0026607240346111e6	2.0003887314257263e6	1.9973353967226276e6	1.988840808103732e6	1.9818189274794818e6	1.9902905202076514e6	1.9936748363299423e6	1.9992115349421347e6	2.0004535034094849e6	1.9771619544500706e6	1.978808244670744e6	1.9742796266308897e6	1.9756150139782114e6	1.9816839958868586e6	1.9733277410556967e6	1.9715321325004294e6	1.9459079576592993e6	1.9854656269078888e6	1.955997656060726e6	1.9888824852884e6	1.9562245516337529e6	1.9805641150091e6	2.0112955022391966e6	1.942363311716503e6	1.9639123528747936e6	1.9514093509482616e6	1.942824831753082e6	1.9045044184154375e6	1.906208000376076e6	1.9432209546148223e6	1.9286239490395493e6	1.8920671250420557e6	1.8504218435932947e6	1.9165205311253555e6	1.9481151613351018e6	1.9356930433999049e6	1.8927622478041614e6	1.892431339046997e6	1.9052347621314607e6	1.956981251423495e6	1.874682231887643e6	1.8908325848231358e6	1.818054618650764e6	1.9049725847500404e6	1.8671178728598007e6	1.8505360783223233e6	1.7948589743113983e6	1.8901661733519933e6	1.8214478904877668e6	1.8393648627633266e6	1.828396800583607e6	1.809036721703285e6	1.7047255360490307e6	1.77694655893372e6	1.8343742705711669e6	1.7902170816907664e6	1.840116015846737e6	1.7581069018444018e6	1.7569888914105122e6	1.7819973490926065e6	1.8066882768315761e6	1.6851518104527541e6	1.700091381724682e6	1.6684315122647472e6	1.7013182895802069e6	1.6881241917921659e6	1.7160518773227113e6	1.7037903320553107e6	1.6876432207676668e6	1.6841306538860528e6	1.8264675137425247e6	1.6972951669038371e6	1.680069098405432e6	1.6071157611881169e6	1.639754004139366e6	1.6956882847676098e6	1.55188143668094e6	1.5122760017394235e6	1.5533141813729024e6	1.5850815567026027e6	1.5671522588012654e6	1.5626726096214487e6	1.5243420240581357e6	1.5133586125119666e6	1.501971798528389e6	1.5611301106206789e6	1.406826083830631e6	1.4018004932183572e6	1.3875421872522773e6	1.447651028372723e6	1.3730221182140037e6	1.4071450468664328e6	1.3496347158044917e6	1.355669340201595e6	1.3136789492157367e6	1.345099147086591e6	1.2284124707585743e6	1.278476022603224e6	1.2275923405178483e6	1.2025794249035986e6	1.1866699175956168e6	1.0940495804829136e6	1.1710749999833747e6	1.1172414547860348e6	1.0964259227357176e6	1.0579319362866238e6	1.0332530781976872e6	965397.8004671684	915421.5016181893	900675.8077778525	857046.282092065	821397.2574194929	758272.0791945711	726356.1563849676	672194.9757657894	629556.5607184761	564137.2862337783	496830.1180485721	425728.8702857804	347548.60099609266	255943.32821829058	135706.0027049745	14501.645498821512	-79586.77298203227	-162744.69770627376	-243024.699941515	-316313.6044226934	-390210.1574677895	-444807.9144863016	-525513.5805143535	-617063.93314587	-656550.3360714586	-705498.5091823707	-733353.4333370482	-827354.7497353968	-907036.2474954887	-933315.7455895641	-988065.7712428696	-1.0673645317025674e6	-1.0793198775507505e6	-1.1006998330323603e6	-1.2194435368629578e6	-1.268637832051959e6	-1.2785274967214768e6	-1.308392244426128e6	-1.305944373026867e6	-1.4050622897784854e6	-1.3967240645166119e6	-1.501747161221859e6	-1.5715305079635484e6	-1.5634439279839639e6	-1.671077699135554e6	-1.7174735742919631e6	-1.7275541248668912e6	-1.7709412970170262e6	-1.7591387017568867e6	-2.0863979053555536e6	-1.9397041943383445e6	-1.7645208670310508e6	-1.9333899569310052e6	-2.196483723433721e6	-1.9681027939468147e6	-2.013193206000355e6	-2.1771605963022923e6	-2.0295359560590424e6	-2.213875574955941e6	-2.1541891941492544e6	-2.1335853176823915e6	-2.1239034875686783e6	-2.2691828249873174e6	-2.4121302424365734e6	-2.2482448692620597e6	-2.533642874805528e6	-2.474457446828797e6	-2.3931472902860423e6	-2.472864942587517e6	-2.543885763859707e6	-2.5563446671102326e6	-2.642514540439349e6	-2.590842685168373e6	-2.6628524377819407e6	-2.5785912483174894e6	-2.5467036005775686e6	-2.5173807415444357e6	-2.588345964933634e6	-2.6459385513810934e6	-2.56740705406551e6	-2.6752496431579096e6	-2.659481381333619e6	-2.693367724538392e6
2.0305773605565347e6	2.0304311166548356e6	2.0286971557817934e6	2.0290207323148437e6	2.0307477854194925e6	2.0284664027174683e6	2.0271968927882107e6	2.0373235380911853e6	2.0293717935892385e6	2.0313008186129709e6	2.0260154272595916e6	2.0279402918019737e6	2.0272517264528472e6	2.0183606502511837e6	2.0210442466149584e6	2.0121154261713186e6	2.0065738149248145e6	2.0276235452020392e6	2.0270207430234493e6	2.0212185387061452e6	2.0310183772847508e6	2.0128000388123842e6	1.9981168683375688e6	2.0084734034751449e6	2.0189982014751695e6	2.0129096789633075e6	2.0278980662694913e6	2.0060095436105365e6	1.9418723292132246e6	1.9688578285118341e6	2.003668734857011e6	1.971258243760163e6	1.9854682845467618e6	1.9724023948816066e6	1.9942046506287497e6	1.9714433771134634e6	1.9750682566461894e6	1.9308191866247694e6	1.9778879773289696e6	1.9904866656533289e6	1.9713822458601482e6	1.929143695539411e6	1.9579191557030464e6	1.953029425806806e6	1.9562250065351902e6	1.953559633274341e6	1.9405356440001305e6	1.9655416703041208e6	1.9372561144843106e6	1.9110628648328788e6	1.9542408039221582e6	1.90386765249641e6	1.918686598724721e6	1.906108645763347e6	2.0184496166510135e6	1.9178472931139662e6	1.848542189432078e6	1.8936525002776831e6	1.8679510673100092e6	1.9250867533586668e6	1.8611173063984439e6	1.8453611820339584e6	1.8512132889251513e6	1.8251406221363072e6	1.8474058569164444e6	1.806035662763726e6	1.7771875291501791e6	1.8347445263385156e6	1.824682667471699e6	1.7461567940017036e6	1.774920344659388e6	1.7658350192066184e6	1.7722227373303578e6	1.6680294223819426e6	1.7861128047667765e6	1.706409454336097e6	1.764348429571052e6	1.7514507902594367e6	1.7147010223718903e6	1.7418823864970144e6	1.6501258771539624e6	1.72979165859811e6	1.6451481811522418e6	1.6324767377586712e6	1.6600906472195126e6	1.632964832698028e6	1.6416734048469416e6	1.5976947886156342e6	1.627071429239523e6	1.6392085284888032e6	1.5663722928260728e6	1.5860908940860236e6	1.5771457630499229e6	1.5252467957836473e6	1.555526335075848e6	1.561156693727721e6	1.475575990327037e6	1.4684434689632822e6	1.5564530402013988e6	1.4380705847151424e6	1.4515085662655062e6	1.487267366469952e6	1.4073994183920727e6	1.4027902342993775e6	1.37698103143246e6	1.3758068107779664e6	1.326807258012508e6	1.3268709490327877e6	1.300092419501463e6	1.2952201859519873e6	1.2365689225080698e6	1.2031323012317724e6	1.1925410784964878e6	1.1522449040292394e6	1.1713475457477192e6	1.078983116210456e6	1.0621549052251172e6	1.041005416684232e6	1.0209505474569773e6	965940.2413950291	936331.9861979174	902996.789801256	880261.3387586819	830708.706448348	770018.8269335603	656376.4406142472	682492.7653146838	624408.9222392042	566045.1472259077	499936.70280278753	427603.81116476236	349263.4184371331	256855.1296863854	135568.8817341202	13404.626718255226	-81349.22831200855	-166820.2799529452	-246001.58068126976	-316833.96447596373	-389404.2775982076	-450148.35039705643	-526284.6746915395	-603000.3470047894	-619548.7325369744	-720598.3744099801	-740865.7240455346	-826297.0879518911	-833241.1317540198	-931176.2204412036	-1.0026852237277064e6	-1.0616391785878926e6	-1.0566925430270005e6	-1.1594395775800156e6	-1.2071324487766195e6	-1.2713044255800126e6	-1.2496151420527804e6	-1.2757759037061897e6	-1.3711872907587667e6	-1.3138404111125753e6	-1.4421906993178823e6	-1.5661834996461826e6	-1.5824738851329372e6	-1.6032679588445304e6	-1.712853376118924e6	-1.706246294257959e6	-1.7751061394069563e6	-1.7898286885090605e6	-1.8276566535121603e6	-1.8271811110215303e6	-1.8130481713971272e6	-1.9176914842820014e6	-1.9226560556169837e6	-1.9571458916258938e6	-1.9904867547830488e6	-2.0073936048133587e6	-2.0458927246982106e6	-2.201370281383445e6	-2.117634708252586e6	-2.1943504814598626e6	-2.220586100380322e6	-2.2950446987603568e6	-2.2273396186247696e6	-2.291404297221927e6	-2.365082276646498e6	-2.360285347368263e6	-2.4660739850268257e6	-2.3952468513934123e6	-2.5244419949337514e6	-2.473060464467706e6	-2.64298082994873e6	-2.558660058192853e6	-2.5928979822842334e6	-2.5890364901940613e6	-2.5831578885020614e6	-2.5982022265769076e6	-2.651757437239044e6	-2.6964541731187147e6	-2.593552742877862e6	-2.6871393808732317e6	-2.7088208001678563e6	-2.770905315463616e6
2.0595292350865044e6	2.058881481773318e6	2.058991614385411e6	2.0598090752081706e6	2.0603744937422082e6	2.0596664754538e6	2.0565496803137443e6	2.0538604948149575e6	2.0562580013146198e6	2.0514939285216338e6	2.0614402452327972e6	2.0414773836605055e6	2.049242611592659e6	2.0498594519104813e6	2.0425832743134275e6	2.0621100865155421e6	2.0397813247094464e6	2.0580248388452674e6	2.0372336990894463e6	2.0403904132911416e6	2.042147545942763e6	2.0392542514106932e6	2.0457079905725275e6	2.0963695151282023e6	2.0443784730955022e6	2.0488287739960435e6	2.0385137784965502e6	1.9991391792424833e6	2.0205539254814181e6	2.0035144114507039e6	2.0356952544142501e6	2.0257116317448434e6	2.006799074483572e6	2.008807110842715e6	1.993799107849496e6	2.012881838973027e6	2.0175510402633315e6	2.015452818822803e6	1.9536606361525625e6	1.9851222863392564e6	1.9710318201818615e6	1.9855785733135566e6	1.9368301835026017e6	1.993864538752713e6	1.9761010695105647e6	1.9806506165022945e6	1.958982482581703e6	1.9477035004401118e6	1.95303634365953e6	2.0087323875489456e6	1.9884215674047093e6	1.9313483369906996e6	1.9523496609812626e6	1.9362165457296628e6	1.9225632871211763e6	1.893245426192306e6	1.9116255285599101e6	1.9317586584858708e6	1.9117540283783684e6	1.905118702567283e6	1.8974853237534787e6	1.920879822068185e6	1.8328741067733637e6	1.896743005064828e6	1.8452261327735088e6	1.8370579672675962e6	1.8773027586711028e6	1.8641585496900477e6	1.8345527006034297e6	1.8674403760816995e6	1.833731176789397e6	1.7397383399337959e6	1.823491160043905e6	1.773900608084727e6	1.7572908255835036e6	1.7393093210908058e6	1.7763323289264746e6	1.7738598544314755e6	1.7611096169662979e6	1.793225451292966e6	1.6438769243347286e6	1.7659556079341138e6	1.7072058778211474e6	1.730902768745238e6	1.717533559729809e6	1.694981351583202e6	1.676554337959764e6	1.704312421006959e6	1.6816960596578966e6	1.6795874790983417e6	1.5967556733307887e6	1.6210730114939264e6	1.57300594467399e6	1.5749652591212068e6	1.560610118742709e6	1.5611117986025577e6	1.504084163898096e6	1.5659906630486352e6	1.52724833757046e6	1.5966498176892297e6	1.3360930713031895e6	1.4346791758687124e6	1.467842917798962e6	1.4123025279410689e6	1.4037025900705922e6	1.3495010622276259e6	1.386811450980892e6	1.306274783180947e6	1.3120868768273229e6	1.362547798047604e6	1.2605329800989113e6	1.258977969864785e6	1.1941509980640735e6	1.1863244463496283e6	1.229380849531955e6	1.1556870430970257e6	1.1505441602272894e6	1.1273065640561876e6	1.062616229333783e6	1.0368045921771715e6	972842.5884871534	946162.981787498	958263.4483218323	874147.7498111767	829553.6992733415	781036.3616101857	747879.6980682552	677693.2929593134	632276.1131491058	570554.7250518091	502254.43828748725	431453.4649143978	350919.85909211077	257767.58531290852	135431.47576882923	12306.292529626517	-83055.3343741044	-169327.71977731865	-250379.8385966646	-316136.81844793307	-394137.1546910759	-470748.65090885456	-529870.4739247179	-604200.2435840368	-632060.7934906418	-739411.5625830046	-754900.9156891922	-836052.5347145381	-880061.5346522643	-999891.8964937632	-1.0541468226788663e6	-1.067425706606925e6	-1.11951522928099e6	-1.1406505491287825e6	-1.2363589276425843e6	-1.2532151611014535e6	-1.2097832495478676e6	-1.347935373435324e6	-1.3573614691142696e6	-1.4036194462488974e6	-1.4667772873764862e6	-1.5540115519296895e6	-1.6058082511703344e6	-1.6401456762268716e6	-1.6479207674191548e6	-1.7196539652446937e6	-1.7971492531727185e6	-1.7886377090167282e6	-1.8091447353796377e6	-1.914185484656286e6	-1.916503783555212e6	-1.8967347829361674e6	-1.9470360034338045e6	-2.0152534435513308e6	-1.9736922589581981e6	-2.0398772330108876e6	-2.0594533117401134e6	-2.114890668903678e6	-2.135895786409807e6	-2.2480814724817616e6	-2.2014283865259676e6	-2.3030952188995415e6	-2.289084518536177e6	-2.374767649357813e6	-2.3834951539814384e6	-2.467516698301213e6	-2.4105416368316114e6	-2.3741061056065317e6	-2.45064513613914e6	-2.543850673442664e6	-2.607582675743839e6	-2.4736067447065893e6	-2.58115436122683e6	-2.574498585780923e6	-2.61011364628038e6	-2.6140484387247306e6	-2.609583818372956e6	-2.573755796557475e6	-2.7484082770536994e6	-2.794697321586356e6	-2.7033339795662356e6
2.0886749780654255e6	2.0881811627778206e6	2.0888687348435705e6	2.0883337513269521e6	2.1170926713585923e6	2.0841312405808468e6	2.0827015883964803e6	2.0818844957824189e6	2.0833968526985422e6	2.0864469670847454e6	2.0902466484612597e6	2.0809701078924127e6	2.0814507200763547e6	2.0781630968805512e6	2.0822472369026523e6	2.08292299963471e6	2.066513368936593e6	2.082127394620164e6	2.0819889494598256e6	2.0759537528872048e6	2.0532465743966731e6	2.0740161786756837e6	2.0590074691087992e6	2.0865557068902268e6	2.054627243509557e6	2.0696393833881912e6	2.082026879616104e6	2.0613894000473297e6	1.9558597141488646e6	2.0658943304401315e6	2.0488993934639879e6	2.054387516536598e6	2.0488742486106073e6	2.0477751085687457e6	2.0248685937272783e6	2.0306193021667819e6	2.0131120670037211e6	2.0029825920747858e6	1.9958352180194005e6	1.9623370586909498e6	1.989235199005146e6	2.0263584576175236e6	1.9962339737681402e6	2.0122119958639182e6	2.018639935043471e6	1.9614724955579662e6	1.9501139591326476e6	1.9873356116516246e6	1.9636125682700453e6	1.9659725023556934e6	2.0210907137362561e6	1.97822349199228e6	1.9862462871025568e6	1.9908432214734713e6	1.9634108886203202e6	1.9262499322977178e6	1.8597838897116706e6	1.9325712850817663e6	1.9596413043107493e6	1.8874581239363584e6	1.9271770137765745e6	1.8883063853870784e6	1.882897261348905e6	1.9227906132073714e6	1.863918711699016e6	1.8593391621052881e6	1.858638952219856e6	1.9084182697085566e6	1.876253186502894e6	1.8376240546261321e6	1.8330031326537067e6	1.8649805196531909e6	1.8216969938804938e6	1.8876966056622532e6	1.8301575138915223e6	1.7555743421204519e6	1.776751935475031e6	1.9051448020130936e6	1.783489394308189e6	1.7788727095041778e6	1.7544317120831436e6	1.7743698745261151e6	1.7464018701975043e6	1.7325905919676898e6	1.6919108248502235e6	1.7466710007908994e6	1.704251322241452e6	1.6775261015582262e6	1.6909124157963246e6	1.701742115223668e6	1.6392318922418219e6	1.6338056118321507e6	1.6461644687799797e6	1.57618867334205e6	1.6338810243614237e6	1.5638914200698107e6	1.54058332114356e6	1.5697020143544856e6	1.594902547265059e6	1.5274761283354547e6	1.5803665415844165e6	1.5203872032841758e6	1.4900015922553078e6	1.4358182690224699e6	1.4433747646171376e6	1.4234299350772444e6	1.4048487102986197e6	1.3943557653371517e6	1.3257635418070701e6	1.3227209117740453e6	1.347341749988508e6	1.274092168603236e6	1.2738784520503161e6	1.1866035879606644e6	1.2152679271105882e6	1.157259410967835e6	1.2015187099131949e6	1.1569921888768687e6	1.0975814858522029e6	1.0688564033672856e6	1.0618811014637158e6	980812.1552348684	955867.8448549272	949268.6393165905	889639.8967007534	841244.7869893394	787441.8442541008	732537.5328756447	688137.8741971913	641406.2909524566	572013.7816145112	504347.7805885386	434026.6197127809	352569.93954247143	258681.8955966765	135293.78752772138	11206.481936622178	-85114.30107996473	-171907.1120557743	-251451.12732069334	-325006.86120041995	-403195.94729187246	-472125.125315337	-535369.5286888126	-607492.6187916067	-671935.951575255	-746855.0229235883	-773804.3260133252	-836926.2753076795	-881641.7044718866	-966184.6004809137	-1.0186729149322663e6	-1.088790385415134e6	-1.1346485259193983e6	-1.2682075391188296e6	-1.228369655139871e6	-1.34271309496037e6	-1.3425860905727283e6	-1.3386466501989453e6	-1.412649065812074e6	-1.4707783600598332e6	-1.5061286815780601e6	-1.6082749131193622e6	-1.548806168036296e6	-1.6127535694976742e6	-1.69760403030624e6	-1.7513073779816204e6	-1.773464705408726e6	-1.7695802273643538e6	-1.8134651525062323e6	-1.953883061538668e6	-1.839855424486909e6	-1.997693805391232e6	-2.100687364154815e6	-2.139276126285923e6	-2.0175922308868836e6	-2.0508912642591046e6	-2.0879314932353091e6	-2.2053769167480883e6	-2.1932987021922246e6	-2.167417423329355e6	-2.281290181686389e6	-2.288238001197032e6	-2.3037011062390343e6	-2.4382696988694808e6	-2.5346536429377208e6	-2.3651307276416705e6	-2.525635767335713e6	-2.456901592229576e6	-2.5023191957588396e6	-2.544516401908627e6	-2.6407736014184966e6	-2.6571146979309325e6	-2.7017944347595987e6	-2.664037411489392e6	-2.6303349230035567e6	-2.5232747318162536e6	-2.5944098720920873e6	-2.6705303420377537e6	-2.861403613711596e6	-2.672281915162927e6
2.118015617485691e6	2.1178128967165155e6	2.116712245560656e6	2.116407105647442e6	2.1141377073520804e6	2.1146974447589824e6	2.113455590770524e6	2.111246326391411e6	2.118515890959874e6	2.119718004896379e6	2.114922055345351e6	2.1146974316204614e6	2.1086386265926845e6	2.104355114299169e6	2.114042997311786e6	2.0989821648932807e6	2.1098790920149083e6	2.0973763631646996e6	2.1018124666138995e6	2.114806420096795e6	2.111304192817219e6	2.1064950603567637e6	2.1096739800734147e6	2.0905179134873666e6	2.1060913448732803e6	2.147167905808132e6	2.100464598996188e6	2.0781835917041693e6	2.068294344917213e6	2.0918327857038942e6	2.081483762233645e6	2.0395540633308513e6	2.0570863504504375e6	2.0454842323442753e6	2.065477789267438e6	2.0453584699596972e6	2.0771925012796149e6	2.033761257577035e6	2.0322994811896025e6	2.046591111432007e6	2.0530174766122284e6	2.0269042517976668e6	2.023514320135309e6	2.046819723639159e6	2.0485427770563532e6	2.0041958258181787e6	1.9670123164036223e6	2.3568315160940643e6	2.0708780776151568e6	2.0318160927032633e6	2.073150393814837e6	2.0564866135875378e6	2.0133646860811478e6	2.016271429112459e6	1.9763993204406938e6	1.9626591674289135e6	1.9502662734482186e6	1.9556772745763143e6	1.9592219617830324e6	1.9372228826400472e6	2.0083911209639108e6	1.964081168276717e6	1.9334395742841135e6	1.8642368110205098e6	1.9161304547810212e6	1.968268849005494e6	1.9106380823942847e6	1.9412674836918605e6	1.9251834931047624e6	1.8566803048195452e6	1.930034057150316e6	1.882064453154162e6	1.85516475701047e6	1.8479083252273204e6	1.6529504263206895e6	1.8444303530784259e6	1.7468739088267784e6	1.8132274792703984e6	1.8448794905876508e6	1.809963541144549e6	1.7982113653387849e6	1.7794792608898035e6	1.877634645579011e6	1.803372112245663e6	1.7807607794816862e6	1.738507876500735e6	1.7676953124516164e6	1.7477956307045966e6	1.710274743193911e6	1.6890013037960343e6	1.6953187639748435e6	1.63203185567501e6	1.662853346012498e6	1.6531457706420328e6	1.6226176279656813e6	1.6158902539830755e6	1.625240790947053e6	1.5781692192145588e6	1.6143567161994462e6	1.5746978362019581e6	1.530659558054844e6	1.5833522201610403e6	1.5202958520692524e6	1.414657106528457e6	1.4785031285695557e6	1.4852957721912912e6	1.460804339281368e6	1.3614873260691438e6	1.4350756241523721e6	1.3557832656185245e6	1.3084483977033084e6	1.3826920721596712e6	1.3028754811096508e6	1.2837899497938599e6	1.2426845651271888e6	1.230810724770205e6	1.1847899801902364e6	1.2139589836732098e6	1.1531478018003877e6	1.1173936506595209e6	1.0697450168068453e6	1.0505753876115836e6	962907.423147504	976818.9181036358	938734.9712941593	891066.9193722261	839652.9123450082	761811.0517452159	742180.7167128881	696249.7499246211	639839.6426342982	576447.9642318919	508062.75743423356	436123.74258742714	354369.40418048017	259596.3766553963	135155.81418273016	10104.157195006497	-86929.33934117621	-173821.33677749243	-254917.4102695128	-322864.8015231739	-404124.76306049386	-470181.6653199876	-549436.4677182068	-609094.9698846773	-668404.3125178008	-756045.0840422707	-751232.4985717493	-868427.598839838	-903999.7400981914	-983727.0985437869	-1.0448964369048779e6	-1.0838280220603016e6	-1.1540683239243678e6	-1.1865138492699857e6	-1.222901013258344e6	-1.2594286599088195e6	-1.4347304004505863e6	-1.4032324926400683e6	-1.3930725460184948e6	-1.4946919596708985e6	-1.496882542076915e6	-1.527981975035191e6	-1.818162022549375e6	-1.6677650586605938e6	-1.7397652442443152e6	-1.7464296689321804e6	-1.8030561567706498e6	-1.871451412556956e6	-1.866115142231002e6	-1.9292115884594833e6	-1.9406812623325605e6	-1.8527211566736447e6	-2.0554700320186308e6	-2.0361790023527825e6	-2.038698576290946e6	-2.0895734229170745e6	-2.1736701690016505e6	-2.1625859330195133e6	-2.244235147479896e6	-2.254489920954667e6	-2.190237033332666e6	-2.3100886076272433e6	-2.4088108968852065e6	-2.494480896310908e6	-2.3753979425110756e6	-2.437240920138694e6	-2.466056706634781e6	-2.484896148481632e6	-2.471612348775895e6	-2.615769574765908e6	-2.623441886983031e6	-2.7122214580183704e6	-2.663365460444812e6	-2.5648343341077087e6	-2.6056550310104773e6	-2.606580071162444e6	-2.705874618588058e6	-2.6386210060369126e6	-2.7963443205910423e6
2.1475741063778154e6	2.1472537537938426e6	2.147522161578418e6	2.1461760470364215e6	2.1448157554880218e6	2.1415810205201507e6	2.1448066559975008e6	2.1710443948509376e6	2.170839654644514e6	2.163544212302924e6	2.1677781178284725e6	2.139599004727451e6	2.1381303888771334e6	2.1464323672181573e6	2.140318575169278e6	2.1294790905760406e6	2.147241933084502e6	2.1391329341361634e6	2.0954416042695832e6	2.120033014982523e6	2.1288308162217764e6	2.1379410365430163e6	2.124573041590673e6	2.1254731852967674e6	2.135280490809186e6	2.1180987415182437e6	2.1434961116949166e6	2.131496978263988e6	2.1014519515613527e6	2.120468808704746e6	2.1051907888724157e6	2.1017285829152856e6	2.132808020260595e6	2.0968159210742237e6	2.0908908900181167e6	2.0786395750875869e6	2.0858939160584072e6	2.0559827171374457e6	2.0675986972611477e6	2.108296059350827e6	2.073577674670739e6	2.099148814089698e6	2.0916002971378167e6	2.0607770608405848e6	2.0717312638649144e6	2.0890972844186549e6	2.071539574887181e6	2.0268826106185908e6	2.0586132703761933e6	2.0271176925944453e6	2.0503680818324168e6	2.0262727818911164e6	2.065877016422046e6	2.069076264275905e6	2.0146045108465466e6	1.990213107088651e6	2.003660151048766e6	1.979663480224894e6	2.023718238003244e6	1.9909667113783387e6	1.943994539407039e6	1.9857618638240127e6	1.9737258047185943e6	2.0451867755413111e6	1.9360267748566344e6	1.9448895950728767e6	1.9949043670062772e6	1.9484459849892673e6	1.920130647787565e6	1.9368748134543477e6	1.9755042044047143e6	1.9158216826768273e6	1.8426177783229267e6	1.875724694217863e6	1.8692347568332623e6	1.8355558728399829e6	1.8352447851235152e6	1.829274540481431e6	1.757217477956973e6	1.8093317148432215e6	1.8269859122448633e6	1.9133778773929314e6	1.7836908585436735e6	1.8749095770423913e6	1.7868530414002337e6	1.7896201312987572e6	1.7328313616892556e6	1.7524350466222418e6	1.7412230791166776e6	1.7755413926505113e6	1.694715788159235e6	1.7479734781385146e6	1.7039116582863699e6	1.6603068399980874e6	1.6410847441279124e6	1.715895847297973e6	1.584074475136098e6	1.7370717539071077e6	1.6723119776841549e6	1.6199858629974904e6	1.545241784986237e6	1.5866073845156736e6	1.4427173385279328e6	1.474832609795219e6	1.4975383761427114e6	1.4882095252533462e6	1.469802240106057e6	1.4557433651460614e6	1.3823511324138409e6	1.4266823423742051e6	1.3923629771869439e6	1.3972635878712628e6	1.3385824117962061e6	1.3088597000613455e6	1.2900817406618237e6	1.2514990364793027e6	1.224406323348665e6	1.2337708924055528e6	1.2814888023436847e6	1.1995356807242832e6	1.1150490244997698e6	1.0673267540429558e6	1.044724405884855e6	1.0236382312494628e6	979278.6581091976	947812.0708261519	893404.5492852642	848779.9588522695	791280.3530511884	761751.1962898464	693022.986618848	643957.4809594052	580146.749658156	511361.5599976075	438328.37885936163	356160.20957980445	260492.22653085552	135017.5625362622	9002.033990456723	-88977.29180253576	-177528.49288217514	-259099.32845603744	-331364.41085719666	-407729.4284196384	-481064.17408960266	-539462.8717264757	-620965.7054797583	-685490.142710493	-720280.8804234704	-768685.2959728963	-869893.8665365768	-896235.1223246586	-951376.3194870693	-1.0508990310035408e6	-1.111398330920314e6	-1.139805705945293e6	-1.1925674656265806e6	-1.2033141822634824e6	-1.3333609348201612e6	-1.364981980873508e6	-1.4312659790947675e6	-1.379581052646522e6	-1.4809960492971889e6	-1.4814871694410169e6	-1.5774953885356905e6	-1.600024956273967e6	-1.708369490493827e6	-1.7025325087913075e6	-1.7509750353414235e6	-1.8414974351379583e6	-1.8190569823958292e6	-1.8878113688432355e6	-1.8684848318748078e6	-1.9457788243456031e6	-1.9899251481389953e6	-2.0150787757533626e6	-2.0942776707302183e6	-2.0764062773494474e6	-2.0457946935221655e6	-2.149940217959753e6	-2.2720390085658883e6	-2.2203798214716613e6	-2.232508736381088e6	-2.2391060293000606e6	-2.312501071793994e6	-2.4894798747527734e6	-2.451800302752495e6	-2.372371962372567e6	-2.4194621365380627e6	-2.5462746213481375e6	-2.49485584884639e6	-2.473228109132503e6	-2.7272021331040165e6	-2.762671517807905e6	-3.234477011629906e6	-2.708080450436427e6	-4.110692246768381e6	-2.663622458923144e6	-2.773116090592927e6	-2.6737417739296737e6	-2.705292071913644e6
2.1773156929159877e6	2.1771492207500595e6	2.177100828159262e6	2.1763135257928087e6	2.175410735794519e6	2.1745598954536743e6	2.1745477540578945e6	2.1757430760621103e6	2.1686730827356344e6	2.176773945459211e6	2.1736104365989845e6	2.172054273668937e6	2.167977643258316e6	2.157680314510037e6	2.1676702805589177e6	2.175801909465374e6	2.1589464202229017e6	2.167277909436541e6	2.1752905058149933e6	2.183592250076019e6	2.1580808826703373e6	2.155080672443823e6	2.1559603568728436e6	2.1751551833080547e6	2.1810468722639745e6	2.1679221832305617e6	2.1319100555995493e6	2.184474149355566e6	2.176226679284893e6	2.15291712660841e6	2.157732483780253e6	2.1491904139878503e6	2.127446458226979e6	2.1341423473066073e6	2.130709067618027e6	2.135236557342721e6	2.1158370451444727e6	2.087426980333468e6	2.117674628856917e6	2.101767192395854e6	2.1186525633405577e6	2.1133529360128497e6	2.088692401023765e6	2.0730464477461646e6	2.0692741580275572e6	2.0226971800470334e6	2.0961723021499729e6	2.0738077794848783e6	2.0536285809921417e6	1.9899227023148024e6	2.0972081638822006e6	2.0645118667222657e6	2.0942081299136588e6	2.0868146539608268e6	2.0594378177748458e6	2.0422362489738122e6	2.0152761128902026e6	1.9839441609781792e6	1.9935805260082898e6	1.9225892219781359e6	2.032594073746859e6	1.9761722452193925e6	2.0210737012711456e6	1.9788793224153297e6	1.9875154482564805e6	2.038434031063256e6	1.9703942392879534e6	2.014181057817169e6	1.9112069147351678e6	2.015226235306544e6	1.936167027317213e6	1.8988094175071125e6	1.9204375289449221e6	1.9430637530731698e6	1.8985088234121616e6	1.8774951463692633e6	1.8210749782683658e6	1.8040095138431173e6	1.7471282347883047e6	1.8422867830595004e6	1.861024926234858e6	1.9551595687671942e6	1.8356839070029724e6	1.8405631637227337e6	1.8568060776147381e6	1.8381987868006062e6	1.7638869976513444e6	1.7498544818586493e6	1.7521148150729272e6	1.7296072869319962e6	1.7649325552785501e6	1.6940261861644043e6	1.7878135696982942e6	1.7314388387014708e6	1.6692768271774761e6	1.7486785521441787e6	1.7066622460698215e6	1.7032864913099478e6	1.6241089964315011e6	1.6541757040306164e6	1.5879705319565106e6	1.5735674045834523e6	1.5506414524048609e6	1.6423250189145815e6	1.4950703291682885e6	1.4312351284133724e6	1.542984519291719e6	1.471986621316762e6	1.4786971099327386e6	1.4009580393856359e6	1.4410411888261423e6	1.4169014746608527e6	1.3955278637194515e6	1.3623389567381863e6	1.3117830014383388e6	1.2887335175346397e6	1.274776466270674e6	1.2674563441826492e6	1.2799042627547898e6	1.271793286865786e6	1.2247440360473024e6	1.1214695828451165e6	1.0792701593122953e6	1.0947187545745592e6	1.0199541059630627e6	1.0004953928822147e6	951129.9688252927	905017.1121942014	812552.0889853872	804472.2247676156	759800.8060280008	679346.657057651	652072.561111632	582045.8059543066	512025.66344726714	440373.8682745157	357923.47450224403	261430.25087832683	134879.03604094265	7902.784622311359	-90754.08450103481	-180156.22226567543	-265063.31652682787	-332976.7273598381	-414283.5479342106	-486940.23068853887	-552232.7725573867	-649220.6692507067	-687186.7991540781	-749119.7703180588	-768783.514154017	-878246.9754914707	-906353.105232961	-982738.9571213671	-1.0261750604883139e6	-1.1029082079720986e6	-1.1417556419049324e6	-1.241852484024676e6	-1.2326584628325459e6	-1.3133424577100114e6	-1.3601894043907332e6	-1.415607737052654e6	-1.438338631385616e6	-1.4804175245250934e6	-1.5144115163981551e6	-1.5414076299673175e6	-1.6685913559520808e6	-1.6355943293136773e6	-1.7173685698979325e6	-1.8390486487151757e6	-1.8400876984444563e6	-1.8245726512062019e6	-2.062733610140034e6	-1.9018583736734833e6	-1.907877232637914e6	-2.0678661132549047e6	-2.077371011402789e6	-2.0722067543850648e6	-2.042864649006873e6	-2.219485489630247e6	-2.176913662407639e6	-2.2912527794712298e6	-2.238421521518809e6	-2.2584395418578964e6	-2.282121686435747e6	-2.367713801287522e6	-2.5665725827746396e6	-2.4094368217585627e6	-2.4559763432140076e6	-2.4810805380305047e6	-2.4986657415068964e6	-2.4855495666870736e6	-2.5345849446077584e6	-2.785390164523355e6	-2.77076258209156e6	-2.686246366617519e6	-2.733855040392605e6	-2.6643864392731315e6	-2.6284894324459587e6	-2.7213720814501257e6	-2.729381385897285e6
2.20722715604359e6	2.204637809322181e6	2.2073277990319426e6	2.20541307549042e6	2.204034784202438e6	2.2048641084469976e6	2.2043801505067954e6	2.202994087195432e6	2.2086583716864306e6	2.209560991855393e6	2.209800715120769e6	2.200643947268443e6	2.202865291448272e6	2.2040897139305156e6	2.196347023534053e6	2.1874960703334515e6	2.199099642328888e6	2.195924313595217e6	2.191307692966447e6	2.1920755845181183e6	2.2134910508221835e6	2.1945733393059946e6	2.1891111685035173e6	2.1976222402009964e6	2.175257146235547e6	2.190594106646044e6	2.1823368485620506e6	2.1735080728990664e6	2.216555251784349e6	2.1948543132675597e6	2.1884169681308083e6	2.1616788314815974e6	2.150111912227068e6	2.139966416347254e6	2.1655796046831203e6	2.1340580527776903e6	2.1467944039682e6	2.145634290562784e6	2.114141194875369e6	2.1266472904449534e6	2.1702572747614346e6	2.169223398791613e6	2.1000569325087015e6	2.0986740417513284e6	2.099233688978788e6	2.1112717296477156e6	2.1025004253336377e6	2.1159662686573006e6	2.0887390974613493e6	2.0830804183029844e6	2.1355161587480893e6	2.1021548737345226e6	2.0559038986994354e6	2.0399924145088e6	2.1575661047760737e6	2.1008545057302313e6	2.0772702216599816e6	1.9320980260231937e6	2.0566288618631829e6	1.996298997837292e6	2.0511723453218052e6	2.0304719893873157e6	2.0834347177082747e6	2.0386767470382906e6	2.0255814363884756e6	2.0399570584790807e6	1.9953600984773645e6	2.0412924306561286e6	1.9830342567836214e6	2.0298122253972348e6	1.8975930986893051e6	2.0576433741155558e6	1.9297646590025635e6	1.9614575675281747e6	1.9484162132328239e6	1.9145245132004842e6	1.8975874947974128e6	1.9357418192619309e6	1.829186677927966e6	1.7377044556503126e6	1.8590007017381336e6	2.0527030761807156e6	1.8236862881230079e6	1.8833620124790168e6	1.7916830897196266e6	1.7954111179278814e6	1.8574197631867542e6	1.8017504161894426e6	1.772369259928276e6	1.8012425736451265e6	1.7625600263590566e6	1.855910199661998e6	1.7557306938072261e6	1.7613884728994395e6	1.7034769434562754e6	1.6981284330069828e6	1.76071087963483e6	1.716775545187436e6	1.7222650722895241e6	1.66352896406209e6	1.6910609029100696e6	1.6570252756786435e6	1.6050238893545815e6	1.6134407546945554e6	1.4512267473735576e6	1.5307526866195214e6	1.528533240706109e6	1.522994183047584e6	1.47454594963999e6	1.4817826116288737e6	1.4480182975313277e6	1.4721432575544398e6	1.4154741796680945e6	1.3141772632172247e6	1.3675220635660016e6	1.3010346398584691e6	1.3302439584192787e6	1.289094263868054e6	1.268634489736237e6	1.3802030949366172e6	1.2425379501036406e6	1.1578441894787923e6	1.146232286236747e6	1.1120461685269224e6	1.068564521797448e6	1.0251699057773766e6	1.0025410849328355e6	957912.1717257691	909244.6906387322	859879.8738305412	797165.6487943486	787603.9946263415	703087.6539495776	648537.4489216651	585427.8544136663	518705.44360519527	443560.8203201303	359448.8230336299	262348.7303757055	134740.23318200442	6797.500001603272	-92792.25321905082	-183081.6397739884	-265125.47853608616	-342465.3395691118	-409618.05021988833	-487514.2981156395	-558803.8503492814	-625506.5813939134	-691321.5788988876	-760263.3062813017	-799306.3142636577	-892395.8381218864	-927936.6624444206	-993852.8771150382	-1.0608319834281793e6	-1.1374080118677854e6	-1.1573402288938742e6	-1.1930994441073644e6	-1.238088767403429e6	-1.3483516527852635e6	-1.415730849485083e6	-1.4021709472912797e6	-1.4048619297434753e6	-1.440540399424343e6	-1.5801694579537986e6	-1.686298607394962e6	-1.7630785263515096e6	-1.6656628901389628e6	-1.7357758850609455e6	-1.8274673288595118e6	-1.8862512733566011e6	-1.9345217212286787e6	-1.8578571168171382e6	-1.9254401340537905e6	-2.096818381964943e6	-2.0491597775304145e6	-2.074136328140221e6	-2.1160470974037214e6	-2.0742619648294584e6	-2.232542392996697e6	-2.2314079235055237e6	-2.340841507409447e6	-2.1255193444915535e6	-2.317158278052483e6	-2.258676003018962e6	-2.3190998344925004e6	-2.503732000148267e6	-2.4787270796590596e6	-2.5086884570017825e6	-2.4437925905117486e6	-2.5486342501515127e6	-2.6754491762458985e6	-2.770172282036318e6	-2.722412746448848e6	-2.6188167265233784e6	-2.7456785965407905e6	-2.700673274236404e6	-2.7129367124838396e6	-2.8093023599628764e6	-2.694332172081659e6
2.237406188770662e6	2.2367703832753496e6	2.2355821010610387e6	2.23621076160103e6	2.234821539884814e6	2.2359834301928054e6	2.235055765077094e6	2.236183690089801e6	2.2419281594730862e6	2.2375810940640736e6	2.2383290884558493e6	2.237768849895693e6	2.237486775565565e6	2.228230374283436e6	2.2400027793824873e6	2.2262691216815263e6	2.2260705599746215e6	2.24330289287889e6	2.225248665404926e6	2.216802728449857e6	2.2167549148398205e6	2.220503537231783e6	2.219069271055212e6	2.214856311675351e6	2.2184677577302316e6	2.222482594575322e6	2.204401252273811e6	2.215042861412605e6	2.2368011797372857e6	2.232867089593911e6	2.2452363481764407e6	2.1972904141068785e6	2.1846644567252104e6	2.187059632445005e6	2.185670366836598e6	2.1679966263990505e6	2.1840836447171685e6	2.1932383935196837e6	2.1620947939030286e6	2.2221537254139343e6	2.1714547223834256e6	2.1699152335410295e6	2.148571698982155e6	2.136456739609152e6	2.1333521811469914e6	2.181478220924178e6	2.144789523349932e6	2.1508778578897207e6	2.131711169615838e6	2.1224967274412615e6	2.124530633801179e6	2.0594437661322546e6	2.1010988811599463e6	2.14502198574739e6	2.0693518884862838e6	2.1173608899661787e6	2.0721742034473545e6	2.0650228089406379e6	2.0616257815269453e6	2.0718040636028764e6	2.044109862026005e6	2.0568956228464358e6	2.087872082119052e6	2.0189182887706764e6	2.0546431259601777e6	2.119800330023399e6	2.062977508085134e6	2.0114842721076712e6	2.1336723295757375e6	2.0394759426832567e6	1.993457281950857e6	1.9582302433712825e6	1.974465199066997e6	2.0346198147520183e6	1.9887922467059947e6	1.9661416154064396e6	1.8792047293884754e6	1.9052119989836076e6	1.902296073526159e6	1.8567223139444056e6	1.8816364919505855e6	1.8978154534121363e6	1.8988458359756437e6	1.9571816373441922e6	1.8709863030277507e6	1.7692961303065922e6	1.8655636999759637e6	1.8546027568600154e6	1.8482805150279999e6	1.8182924751529268e6	1.8160518074809294e6	1.7780612353046276e6	1.7656793687567874e6	1.7742229453476476e6	1.777763363139335e6	1.7560762328958306e6	1.716544828150798e6	1.7216824659399025e6	1.7320265015236163e6	1.8270449879443569e6	1.6535529425994405e6	1.7048385046423038e6	1.666232508468608e6	1.6108978643791478e6	1.6135617643985543e6	1.4718655589959442e6	1.5747338382248215e6	1.4937384732176322e6	1.5180450819350318e6	1.551599987870581e6	1.5329740790780257e6	1.4885206194617306e6	1.4322764061226042e6	1.3946281116573648e6	1.3837459292753679e6	1.4080386373939198e6	1.3360604115178532e6	1.292337280341391e6	1.3178454218114924e6	1.2601131113251476e6	1.238825829815163e6	1.2843320635455847e6	1.2292015252601514e6	1.1613670065301834e6	1.111001706161087e6	1.099439581671283e6	1.0427031055771878e6	991165.0043305652	959389.6889996787	923806.8172415318	881352.8104466886	819543.0485784488	776320.4138946175	687370.4080253993	667113.9725845444	585904.6302987852	521784.1281367978	444121.51946550724	361294.78931186907	263268.6715178373	134601.1602112346	5691.309238536982	-94703.97338932194	-183120.50933190482	-269400.0463969959	-349107.54136573104	-415855.5800859821	-500034.96115863323	-570376.8930852399	-636824.3281754027	-715006.3229975626	-763732.1110646767	-784945.1149227722	-874979.1082715169	-954712.0936494227	-1.0310300255396864e6	-1.0553138469807212e6	-1.10323401892182e6	-1.1211105150072533e6	-1.2103797918195883e6	-1.2434887698360845e6	-1.40174731217441e6	-1.3555767718707388e6	-1.3655178950733873e6	-1.4159334638649318e6	-1.5087012283128677e6	-1.5810347984596682e6	-1.6044729817586057e6	-1.7201113179676249e6	-1.6609041206281506e6	-1.847095616533338e6	-1.7269439039230049e6	-1.8783353755120826e6	-1.920269181751397e6	-1.8859368689940805e6	-1.9544455953550632e6	-1.910794677687251e6	-2.1236577898054356e6	-2.0604256992787155e6	-2.1525773923595017e6	-2.074068660548008e6	-2.1962314369261893e6	-2.201186414412881e6	-2.2442549515858702e6	-2.243562641481007e6	-2.2570313843208873e6	-2.371721675774335e6	-2.4170406954435934e6	-2.44324403684386e6	-2.445699403058802e6	-2.4362351850033156e6	-2.4894800394072537e6	-3.1539548952551675e6	-2.520606435078271e6	-2.6082146016572607e6	-2.8059398332323474e6	-2.6689500749287033e6	-2.6463730166395796e6	-2.852911744017432e6	-2.8023049812733238e6	-2.6991908497933294e6
2.2677832882948956e6	2.266764148005052e6	2.266335213701403e6	2.266930426591328e6	2.2683032525406196e6	2.267165931415602e6	2.2636863113573897e6	2.2671424925639904e6	2.25750923270473e6	2.2655202528154943e6	2.2596315224841624e6	2.2612462032040404e6	2.258075882822551e6	2.262761217223153e6	2.2689693224089285e6	2.26167749076446e6	2.2516697856538743e6	2.2537369535481157e6	2.2356281824242338e6	2.24567402225943e6	2.243243345692156e6	2.260817944373237e6	2.2369149662762843e6	2.24164575552395e6	2.2379409054805464e6	2.266182736270399e6	2.24554749349439e6	2.2394079590973305e6	2.244727258042133e6	2.2178608981369655e6	2.258558420507529e6	2.223628908869378e6	2.225695185717281e6	2.247275985540282e6	2.2214101941731926e6	2.192898172738908e6	2.215334326362596e6	2.210547255860339e6	2.191773180332272e6	2.2140933323635724e6	2.2245623018782395e6	2.201071920271396e6	2.1750729867803906e6	2.209350589933534e6	2.1861045611600243e6	2.1705695371399308e6	2.162222830720435e6	2.133879257718344e6	2.166277763421418e6	2.161706612367512e6	2.17321230289423e6	2.1220507028632173e6	2.139092748035091e6	2.1478584212627285e6	2.1252304379184335e6	2.1479957758695884e6	2.2032987810409414e6	2.155069363700044e6	2.11450099568103e6	2.0439492015532192e6	2.0905623445403022e6	2.072538353269657e6	2.0964878079919603e6	2.060880938810362e6	1.9996433656569992e6	2.0556849543260955e6	1.9881025985385566e6	2.0465872297412506e6	2.0441045590422056e6	2.023707433638966e6	2.0695553566177138e6	2.0057736876504854e6	2.0178925001362707e6	1.9811818656239533e6	2.023564461591697e6	1.9781971822952023e6	2.0262953881662823e6	1.9756929344031299e6	1.9327555392803093e6	1.889100944268024e6	1.8742950139586292e6	1.8801390342206752e6	1.8969045739080142e6	2.158544415035498e6	1.8999581478037422e6	1.9056932392101018e6	1.9306915828861673e6	1.8764013357648298e6	1.8899359923122688e6	1.8359475542716272e6	1.9128900429590223e6	1.8329357940107677e6	1.790866226477533e6	1.8090795686028916e6	1.8039973569679186e6	1.749910597834445e6	1.7635812475609763e6	1.7732528433292094e6	1.8878863526585738e6	1.773015434099006e6	1.7443866994640029e6	1.7023784420694239e6	1.5456817380748591e6	1.6724676237715872e6	1.6422109105953446e6	1.620418087005041e6	1.6592301744176033e6	1.593309083263689e6	1.563945598844324e6	1.5889685927325129e6	1.562423237934071e6	1.650906969338595e6	1.4767194589233834e6	1.474769567108309e6	1.432641300856648e6	1.414072313195312e6	1.3813617979925713e6	1.3550816949173098e6	1.204786549374637e6	1.3293821624747543e6	1.3459838798008559e6	1.295377360611591e6	1.2512898352749506e6	1.2036725558472404e6	1.1936456473027957e6	1.1294748453201926e6	1.0857188032226851e6	1.1121091683475638e6	1.0142034735471655e6	962051.3744630581	926544.3734764012	871020.5080634488	847617.1960694927	778233.9420575427	719786.1165059158	659420.5126079256	587456.1929855901	523836.4031619502	448368.81638249056	362856.204242971	264189.53694025124	134461.81441950006	4584.753661447205	-96721.2113894932	-188048.75326091982	-269816.34822836425	-340500.78329818184	-419565.5735428529	-458555.4101176709	-573912.9068931779	-639599.7755976631	-715295.6202519368	-818898.7086470504	-811032.5665540798	-890064.5411717915	-942181.2217036276	-1.0558446404101066e6	-1.0601930679646223e6	-1.0383725217222357e6	-1.1721598013101323e6	-1.1987575788561408e6	-1.2774003198801586e6	-1.3736304052153276e6	-1.3893798655422335e6	-1.4562470478087724e6	-1.4449458711389154e6	-1.5319970582948877e6	-1.6475418401420084e6	-1.662455676847144e6	-1.740991693446904e6	-1.7279150348572866e6	-1.8091872321261214e6	-1.8301210352564729e6	-1.890823189879225e6	-1.815442863079236e6	-1.9207674856222956e6	-2.036401385217907e6	-2.1064112203684864e6	-2.089715585337127e6	-2.1092328669724204e6	-2.192457290569763e6	-2.154730536601294e6	-2.19742696792665e6	-2.2641695987566146e6	-2.223927774936999e6	-2.290942216833465e6	-2.3363434738071878e6	-2.531081137675842e6	-2.5780010246949154e6	-2.4118273685094933e6	-2.4964374666236206e6	-2.4515607339639883e6	-2.603736669741564e6	-2.553509566981456e6	-2.5428479351282916e6	-2.6352054561444907e6	-2.619305013112416e6	-2.8508875395544437e6	-2.7746556398273665e6	-2.7506161865098593e6	-2.80121108542232e6
2.298258443740833e6	2.297782915017142e6	2.297628758031629e6	2.296550481573188e6	2.2987255187027333e6	2.297902229033055e6	2.2944464217758407e6	2.2746843848657543e6	2.2959438530589333e6	2.2924254359030565e6	2.298421457481825e6	2.2910173413122552e6	2.2892571315597873e6	2.292511476073553e6	2.2947443688515387e6	2.291174185540766e6	2.293146517068365e6	2.2875145884630834e6	2.270049715372008e6	2.2807267598433653e6	2.283656454095652e6	2.262933003671985e6	2.241127796376661e6	2.275868256951623e6	2.26499118620337e6	2.26920770705265e6	2.26771995849564e6	2.272792676725311e6	2.2727616525942925e6	2.262395029645566e6	2.263265326190133e6	2.262576383396465e6	2.259923047718132e6	2.2492462405235907e6	2.3071651308875433e6	2.2465782249177243e6	2.2358238144949824e6	2.2323632927426053e6	2.2330041557393097e6	2.246604088222949e6	2.218525887784806e6	2.2193325811969917e6	2.2164222437123004e6	2.231124010216966e6	2.2286807106960188e6	2.2064800187163125e6	2.230441578152263e6	2.1772725639056196e6	2.201656824592855e6	2.2043017296978123e6	2.1403898434788757e6	2.145667825165836e6	2.156236311203723e6	2.170425550331682e6	2.1544667526894454e6	2.1586973113469994e6	2.259386914480704e6	2.173702542503796e6	2.1614333234536755e6	2.1460317357900087e6	2.0738708184112113e6	2.0786547150636713e6	2.091269970236998e6	2.0925376599317943e6	2.1236913239483093e6	2.0810831336529641e6	2.1051168452690803e6	2.1087913986917594e6	2.127925383607713e6	2.1014623192265155e6	2.1125502509982428e6	2.061801514447629e6	2.0167401020420599e6	2.017611810045124e6	2.0069867519832666e6	2.0263028186154075e6	2.0666938687317567e6	2.0506336221761375e6	1.9663923959273333e6	1.938103692223502e6	1.9411174675995195e6	1.9353985615667137e6	1.9396993244406004e6	1.9427110094114868e6	2.0015023802607255e6	1.9699413336570226e6	1.9138459511859491e6	1.8725452128935775e6	1.8970856595216445e6	1.8799768933433858e6	1.867207449770179e6	1.8268762577944084e6	1.8656331022753245e6	1.7835729457186968e6	1.849300448413943e6	1.79444708490116e6	1.7982789567379458e6	1.756929729121347e6	1.7526244163510979e6	1.754033375237129e6	1.7597012932727342e6	1.702358399723547e6	1.717007955249662e6	1.6856876032477468e6	1.6763235888877618e6	1.6763291836292034e6	1.6507918152012143e6	1.6677137928438527e6	1.6264370536877308e6	1.5386101794619407e6	1.569109631659978e6	1.533789447038255e6	1.5440056380725405e6	1.5116804255174291e6	1.468829308194106e6	1.3551754292096864e6	1.3768996639131613e6	1.3209132001971835e6	1.3493542698767534e6	1.4023723320423458e6	1.4568234246259294e6	1.3375670442466547e6	1.293148323679383e6	1.2977128643389258e6	1.202001328423063e6	1.1585927222586148e6	1.143327436612301e6	1.0723878907586015e6	1.0379598089587773e6	1.0205687111813421e6	986877.519651951	921091.6945210879	880593.1737890894	843378.5973251906	779705.1002794974	721483.4532051706	664468.5846675409	626699.4334521436	526400.2617858227	450590.7820931822	364766.2749353235	265111.586532878	134322.2121200068	3476.4497357266955	-98393.9265396588	-190648.08837525942	-270860.999905054	-355305.0682774368	-422829.51269010035	-507436.840332733	-575683.6760021294	-652047.5168000702	-729483.6350382455	-781699.4430257981	-825098.8462886713	-900605.8556148345	-963887.0147561505	-1.0740497426569522e6	-1.076696508787199e6	-1.159898509902189e6	-1.1726430779858334e6	-1.2187344502611216e6	-1.2752134807405868e6	-1.3540094363033515e6	-1.40654376966715e6	-1.4383514580796869e6	-1.4768838364518695e6	-1.5721600922712437e6	-1.5260045921397833e6	-1.6549774932294493e6	-1.7393630345023149e6	-1.7960319560996722e6	-1.7329501180467624e6	-1.8289845151892412e6	-1.9076094377814531e6	-1.9194983917039973e6	-1.9296064861986046e6	-1.987888526079442e6	-1.992710868787073e6	-2.188930237770401e6	-2.134005066272929e6	-2.177668060975534e6	-2.1987466667220886e6	-2.2096653811752545e6	-2.4203936973681445e6	-2.353641738053754e6	-2.3321014749948285e6	-2.3319998499950827e6	-2.2555510871801223e6	-2.410958784604009e6	-2.4811277133482513e6	-2.5328360616717446e6	-2.487113532533401e6	-2.5965789961199197e6	-2.701044214221056e6	-2.5816648144494607e6	-2.826984497112284e6	-2.662117580692991e6	-2.730267005307943e6	-2.7688298944750917e6	-2.7219851021912345e6
2.328969347947767e6	2.328598807780486e6	2.328447133827717e6	2.3272857239089026e6	2.330577997681596e6	2.3267814339851844e6	2.319949543147789e6	2.32779570285602e6	2.331350727962448e6	2.3268600907919602e6	2.3294878529386753e6	2.338078030694339e6	2.3176247437424744e6	2.328117512061348e6	2.318509476522382e6	2.3125555705618793e6	2.312226843523846e6	2.3178815905701164e6	2.318424219180618e6	2.317879248832419e6	2.317799406118918e6	2.318019354742616e6	2.3077134977329765e6	2.3107072595539438e6	2.3006233690393185e6	2.314397251331342e6	2.328660421549479e6	2.325649190261851e6	2.287347076214665e6	2.294578457498636e6	2.285710341834587e6	2.2882438829418207e6	2.287819846220024e6	2.326904206185186e6	2.2811745117656672e6	2.2825271849391786e6	2.267694147273042e6	2.2699092045986573e6	2.2685523184810244e6	2.2729890890482264e6	2.2385632347561317e6	2.253810120753516e6	2.262831960707232e6	2.242257302445942e6	2.258577522241852e6	2.2263721998475427e6	2.240076143778694e6	2.1743071644821432e6	2.2585556387727666e6	2.2331280776256085e6	2.19531270910322e6	2.202346198448844e6	2.205864639591623e6	2.179600351469339e6	2.220069751844071e6	2.2562493520461908e6	2.1782655562950657e6	2.2007296354635246e6	2.1536341709838808e6	2.19988486029177e6	2.1100623355248123e6	2.140964400829461e6	2.1333049039492155e6	2.1558331321969316e6	2.1967578907577284e6	2.1771072001866587e6	2.0969275239512627e6	2.1556849029334816e6	2.156978531723461e6	2.125967660506829e6	2.0575780865841247e6	2.078642595718944e6	2.0881919158996847e6	2.0726591026966858e6	2.0591372740641518e6	1.9535395811547465e6	2.111650904640832e6	2.0486754310075e6	2.0501498184183047e6	2.0002250069705208e6	2.0022559484048593e6	1.9688494476535786e6	1.9089172591257296e6	1.7918074039282757e6	1.9741565918427436e6	2.008038132231717e6	1.9818226457573276e6	1.9144238329684658e6	2.0681378127909196e6	1.9159695162360372e6	1.911453870403368e6	1.9069015117812695e6	1.857511396458923e6	1.8061736018896191e6	1.8248328993037157e6	1.8570370909964386e6	1.8265439949854962e6	1.7803935217569978e6	1.8375545985472882e6	1.743395053321036e6	1.800923038031242e6	1.794089417834589e6	1.7233480290311044e6	1.770654806780167e6	1.680265963508279e6	1.6975956207278932e6	1.6590467286372692e6	1.7378072267443454e6	1.6825776537907575e6	1.5690153727731023e6	1.5882852980943858e6	1.5667308396571372e6	1.5167892243314697e6	1.5250712383698456e6	1.5072646370007622e6	1.4738321568208542e6	1.4594092949158417e6	1.3738999031039355e6	1.4527819311818837e6	1.3815142495015005e6	1.378472981562575e6	1.4537207526229888e6	1.3572536932875728e6	1.2898007912641878e6	1.2997815192632144e6	1.2053451586828756e6	1.189962418273495e6	1.1029478187444482e6	1.1013643658978562e6	1.0627539998759837e6	1.0075047166156825e6	965503.8074342565	912488.856664171	891374.1685463567	836408.5642446994	795416.1085920502	745260.6238666382	668443.1956994892	602864.1021557015	528621.0774703971	453222.72944704513	366516.9363656454	266034.534527563	134182.33604934323	2367.413879326079	-100328.9394726241	-193284.57260540966	-278583.89364730846	-364868.16054453794	-426056.35620712023	-507845.95241327817	-578383.8235685234	-667266.7764051403	-685585.7355051767	-780951.2455471754	-824681.1111004855	-908018.6230715853	-958412.5137146106	-1.0222651644097404e6	-1.0938949879235723e6	-1.1939073338627075e6	-1.1770277234884314e6	-1.209974071307215e6	-1.2994787213391648e6	-1.387340675316054e6	-1.326917164024063e6	-1.4312066641292847e6	-1.5322967979450454e6	-1.5373375760505898e6	-1.6354025618380974e6	-1.731983920786288e6	-1.7058174720115275e6	-1.7505678759450922e6	-1.7767672305115508e6	-1.8773160120863542e6	-1.894888025864211e6	-1.946432533735334e6	-2.024587498930961e6	-2.0230103007005164e6	-2.0866663115534657e6	-2.1382355758279003e6	-2.1914857215679553e6	-2.1928731595489117e6	-2.128275274663443e6	-2.2464124682367905e6	-2.2916723634465267e6	-2.3103468111535283e6	-2.326803695630172e6	-2.3648765693246876e6	-2.3821771576709957e6	-2.4692728786549172e6	-2.5134973633229923e6	-2.5962212899554954e6	-2.6754634628508356e6	-2.8460982816609084e6	-2.6025678791565006e6	-2.5770285285849585e6	-2.699153987963353e6	-2.710439726236299e6	-2.802914165132481e6	-2.769727349343091e6
2.3599098713669945e6	2.359820408064835e6	2.36035189974702e6	2.3584129835421694e6	2.3567851105092126e6	2.35550600865895e6	2.355329029018122e6	2.354450130577169e6	2.358926948269602e6	2.3565656651161937e6	2.3493997150625978e6	2.3536551720009344e6	2.3524700873513785e6	2.3528645027363687e6	2.3518657887609648e6	2.3527938043011623e6	2.344253574427451e6	2.348898535440608e6	2.3521742728980817e6	2.3448146989186825e6	2.351054514908892e6	2.3434550629394474e6	2.342171985262952e6	2.334516526309029e6	2.3261885126124485e6	2.3550629960841713e6	2.357375765181349e6	2.3350870086515257e6	2.339222334959229e6	2.3256667087117704e6	2.3204539459272134e6	2.3227891816724697e6	2.2874200896971324e6	2.3262660617659045e6	2.3255806362096965e6	2.2908232146022664e6	2.3135506727421726e6	2.3232885013812203e6	2.346127788099687e6	2.294365521356075e6	2.2879792200334095e6	2.295984613420293e6	2.2651455736774537e6	2.277100429465563e6	2.3573142067845147e6	2.2879638983902438e6	2.2408286748826937e6	2.3283551261467068e6	2.2366324550512703e6	2.2588475107782856e6	2.2765568052990446e6	2.2437147380575915e6	2.1956912961209696e6	2.2058969767945465e6	2.3198819134783116e6	2.257551102491418e6	2.2394449429732403e6	2.189592303144463e6	2.2341023303582845e6	2.218376377151465e6	2.2237047507836022e6	2.1982144024240733e6	2.1487796287026433e6	2.1778469722990864e6	2.1626206014044625e6	2.1431107667786144e6	2.1705631286338437e6	2.1125012239749013e6	2.173742904306852e6	2.1502084418051504e6	2.1582951258982373e6	2.103339591396756e6	2.115440314709036e6	2.122686353928892e6	2.036043936680284e6	2.1109584270741423e6	2.0559630307800584e6	2.104378492644423e6	2.044788488152884e6	2.0529108229418783e6	2.0106165272581794e6	1.9270841967092631e6	1.9542948455553502e6	1.7983867878149366e6	2.0003060816562246e6	2.0521503336831704e6	2.0160781608634973e6	2.0575439292757928e6	1.9546836333253207e6	2.0404261939749084e6	1.928230225926532e6	1.904088087026786e6	1.9310806437000341e6	1.8697651297967667e6	1.9247857122209845e6	1.8356284824714789e6	1.8779074868811448e6	1.8715571115252937e6	1.8053859997706166e6	1.8085442405007677e6	1.80446560101033e6	1.7914598501306628e6	1.7867978753310828e6	1.7565925632256754e6	1.7094761182813637e6	1.6685567777222896e6	1.6824199955244544e6	1.7252964725041601e6	1.6638038907867414e6	1.6977728553712452e6	1.7097537635332893e6	1.5687446326869132e6	1.5661065235416421e6	1.5792101172951297e6	1.5594312616822894e6	1.3575864239663398e6	1.484533241877872e6	1.4193396981832285e6	1.5068957084326341e6	1.393959418581943e6	1.41003070055024e6	1.3755817897587914e6	1.3682170481239913e6	1.3057891261497063e6	1.2849073533258652e6	1.2786931143812393e6	1.2369819707760485e6	1.1860972169876248e6	1.1299710397943393e6	1.1148733989460887e6	1.0723262636637806e6	1.048160288968899e6	999379.9526959716	943044.6124132262	894629.2778372917	845769.1755145367	791616.4901953961	724657.2518614274	675242.6378584581	599971.8730529563	533245.7229645215	455662.96434045956	368333.40954346815	266961.2804833539	134042.18587120087	1257.6393855921924	-102224.57722702948	-195873.13844528608	-280206.492442728	-371288.63103366364	-447554.7163930028	-511862.5573798497	-593922.1227518404	-655272.1407757909	-721793.9254680788	-791269.2984556649	-839703.8840776961	-917430.3502923842	-970628.2709554085	-1.0221669464442944e6	-1.1033816904327027e6	-1.1685373799340548e6	-1.2107497556336154e6	-1.2649499904650613e6	-1.3304154545807675e6	-1.4027085921585662e6	-1.4232490466115214e6	-1.4650729574919464e6	-1.5741928887891131e6	-1.5715119584992365e6	-1.6274113902445962e6	-1.640654366191701e6	-1.632936380888483e6	-1.8308408676830702e6	-1.7853546707891128e6	-1.9050071027225382e6	-1.9002864816736598e6	-1.9811245532036247e6	-1.9777107790534291e6	-2.0111264049994717e6	-2.1071162568727653e6	-2.206995397713318e6	-2.139517232063567e6	-2.1999394509975975e6	-2.304718248438548e6	-2.247540678023785e6	-2.2598973997321613e6	-2.303615334605245e6	-2.3319594613580885e6	-2.386623246882276e6	-2.418904479528922e6	-2.405479042127159e6	-2.498898764574396e6	-2.6238527612834736e6	-2.7355551069180523e6	-2.562741134030822e6	-2.6233477167790714e6	-2.688780554646298e6	-2.685747744479898e6	-2.847721080867129e6	-2.8796144341327264e6
2.391084181896897e6	2.3910722248878363e6	2.3915673434935133e6	2.3901653344251895e6	2.391049127771114e6	2.385357127088658e6	2.388947464000085e6	2.3877066598487687e6	2.392281314673901e6	2.3771306912269928e6	2.3872930392875928e6	2.387039168165934e6	2.383055659569357e6	2.383343307794893e6	2.382943332016647e6	2.384582099740619e6	2.383794645362277e6	2.390641577798593e6	2.380892160206339e6	2.3799737405487793e6	2.371511469760893e6	2.374145607669318e6	2.372175638245345e6	2.360855540670651e6	2.3647265047949264e6	2.3801650130215874e6	2.355084068010357e6	2.376401132339501e6	2.363689960426905e6	2.347043980017525e6	2.3748226584130926e6	2.369944034631597e6	2.343707739919765e6	2.3449970727548464e6	2.341637032617214e6	2.3488608654773105e6	2.319666308942885e6	2.312844671271764e6	2.3245545027275253e6	2.3457706725277156e6	2.246819747543114e6	2.30233067317002e6	2.3141700866580307e6	2.2954072162144175e6	2.328251722471568e6	2.3287695120277815e6	2.3356721843367056e6	2.2758484528890075e6	2.2800437753539556e6	2.270696071769296e6	2.276711626909291e6	2.2673956094423425e6	2.271712321930567e6	2.2652146212890507e6	2.3709060976394173e6	2.2742344193427814e6	2.269645383486555e6	2.263092803449557e6	2.2443196785218213e6	2.263343890374356e6	2.2268736424845047e6	2.26162380727755e6	2.202158209987321e6	2.207057362680375e6	2.1870879260442113e6	2.1732463799963524e6	2.2330155048560346e6	2.1727952596221413e6	2.1637455327197257e6	2.1985722268955978e6	2.181284951014381e6	2.1436478173138285e6	2.1540003882455574e6	2.130575132913517e6	2.1125062464429517e6	2.0793415075003428e6	2.1208080176883405e6	2.1377187259887233e6	2.059774412448931e6	2.0662447301117415e6	2.2177523005304337e6	2.0343236812600896e6	2.033495070056513e6	2.0100299962108184e6	1.9637527698940057e6	2.0709722984254556e6	2.0165766320372075e6	1.9951651986413533e6	2.0242489422268635e6	2.0154434196499027e6	1.9993856635029372e6	1.9602744902206059e6	1.943597575111176e6	1.9314784992656077e6	1.9003934518479663e6	1.899264157565447e6	1.8700214684319021e6	1.8948850749047145e6	1.8908565549009084e6	1.8642418479268923e6	1.8301537536673704e6	1.8326810604174181e6	1.7753197447257957e6	1.8425986192001952e6	1.9784170548304638e6	1.7268763431269813e6	1.7681627430152548e6	1.684877737733978e6	1.6887656084408928e6	1.671252806188836e6	1.7217085227480514e6	1.6806561519768059e6	1.6018967207674603e6	1.5996442683325126e6	1.5794479448180308e6	1.5513945205409047e6	1.5103533702159063e6	1.5240365977444896e6	1.4643205096518863e6	1.4783103024980102e6	1.4431006025824286e6	1.3966971449850877e6	1.3793766215392188e6	1.4196292220444337e6	1.3675482273168943e6	1.3598997830957316e6	1.2943428791281835e6	1.2410400745698945e6	1.1815271521027004e6	1.171702527776923e6	1.136580963759392e6	1.0804296569424286e6	1.0433633925801456e6	973020.3779732969	943464.2436925799	896634.6031499632	839330.015869139	792967.3006273075	731633.0238804845	676306.5890413618	605695.1937216548	537820.9841854647	458205.61832116265	370075.48984955694	267884.74472715985	133901.79672917537	107.51650619646534	-104119.02154754661	-198589.65146941342	-283716.8987242002	-371681.09505922394	-451348.5733641377	-509474.58720855555	-592098.8434834853	-680485.5782084889	-717915.6597871142	-795457.9101958405	-847767.7162813437	-888229.8273540107	-979854.4035437205	-1.0513068602192015e6	-1.1131516596772997e6	-1.157774613853483e6	-1.2304793902526367e6	-1.2486067032065354e6	-1.3197409513440714e6	-1.431759875457251e6	-1.4141826564870346e6	-1.4987726614189204e6	-1.5392430371269085e6	-1.575451356905391e6	-1.607825912991711e6	-1.6263325355171994e6	-1.7333812631120826e6	-1.7465311359131606e6	-1.8563124590299455e6	-1.8926362096091579e6	-1.9372754395752167e6	-1.9545069571829764e6	-2.106908431727327e6	-2.1133361676803767e6	-2.1036977399025825e6	-2.094586305690552e6	-2.1966111255683447e6	-2.187056436749659e6	-2.156864039282378e6	-2.219491988159254e6	-2.1706430024172375e6	-2.390823495980592e6	-2.9729076285918024e6	-2.4188134966025376e6	-2.4809091276946473e6	-2.4581989370609843e6	-2.5484499216631767e6	-2.5331352064238177e6	-2.699121280573257e6	-2.6591633361985316e6	-2.6305176807758487e6	-2.726934425161811e6	-2.9189625533466064e6	-2.702263574431799e6
2.422374223525417e6	2.421893583094537e6	2.421821504129668e6	2.4224547442769026e6	2.419056314593936e6	2.4242104678522074e6	2.4229243633815334e6	2.421562338238073e6	2.411934713034121e6	2.406670624649111e6	2.4115894483086984e6	2.418728658241883e6	2.413407526533625e6	2.4157611738456236e6	2.416982757111473e6	2.4210611475634654e6	2.4241884640161158e6	2.418346448958014e6	2.4168737508822335e6	2.4197954284223556e6	2.4048585241969386e6	2.400498599276252e6	2.4111517205169545e6	2.402346382191124e6	2.462573924766401e6	2.3919952821338326e6	2.393437201608866e6	2.4140954472591057e6	2.4259704641876593e6	2.3770460641154954e6	2.372620549847625e6	2.374422454740742e6	2.3878741733314013e6	2.3549199273131657e6	2.3696012005954245e6	2.3579640296171727e6	2.3707961737979604e6	2.365934873781398e6	2.336221648196846e6	2.328602906435648e6	2.3668372406410803e6	2.333674958591724e6	2.3303986975183953e6	2.3460162118302854e6	2.3559587969978317e6	2.3312483374151182e6	2.3234096049377075e6	2.331784772317115e6	2.3388180677942233e6	2.3073810822642944e6	2.2544926373467506e6	2.3106092646925887e6	2.2138368645711537e6	2.4227673961815415e6	2.282709984863066e6	2.265557528452553e6	2.3142565630576275e6	2.261472333791675e6	2.2964789791160924e6	2.2819807716825455e6	2.2873094880212676e6	2.247253248734312e6	2.2586926112398156e6	2.2359492827952546e6	2.221529752154517e6	2.2440461548769646e6	2.186712456713418e6	2.223787754053034e6	2.1859310238992013e6	2.1763850263187666e6	2.217519617740229e6	2.1746365509346407e6	2.1786148454742646e6	2.147709588420296e6	2.111104030946779e6	2.137254169872474e6	2.0837714658315391e6	2.1276552889823657e6	2.096649427909534e6	2.1407455426801946e6	2.114638628920666e6	2.069684045415299e6	2.079248349276429e6	2.072098875538053e6	2.0249817909190485e6	2.008245473239814e6	2.1066223573601125e6	2.09473282890649e6	2.0158681416766192e6	2.0254492082792772e6	1.9802487477301043e6	1.9761595711729014e6	2.0083897381959883e6	1.9654193797011515e6	1.8956479865754712e6	1.989811917787893e6	1.9271126775899483e6	1.8670942772482794e6	1.8821145636089193e6	1.9190920366494851e6	1.7631756895451068e6	1.786137590025708e6	1.9171130689378085e6	1.83474954586377e6	1.8030360590550601e6	1.8888372010427518e6	1.777726830739486e6	1.7694273590701346e6	1.8123255474374625e6	1.7134026731780537e6	1.746113127493702e6	1.7163317417049487e6	1.6579254176457021e6	1.6112487805422829e6	1.6420976620862226e6	1.5888892996010093e6	1.5905734448364798e6	1.5477195042205213e6	1.5492371733866935e6	1.510033187006812e6	1.489720401850192e6	1.474081640265717e6	1.4252367889796346e6	1.3935607799071716e6	1.438108033059642e6	1.3336271358493175e6	1.3033633683347446e6	1.3050379503880953e6	1.2217933774617552e6	1.2048654360349895e6	1.1342437963469052e6	1.1116855816314886e6	1.103820073231609e6	1.033834315639044e6	987365.174589322	942100.7041868118	909159.2850647413	862192.1868027733	852787.9221245791	750809.8056875763	689239.59140438	615223.4221132491	543268.753595073	461069.5989133264	371788.40781159303	268811.24673745874	133761.15075777587	-965.4443717973772	-105290.85842068144	-200800.78614203213	-287659.9701358075	-369418.58339006733	-448346.1881922926	-517641.1551203276	-596909.1761235739	-677947.2698620064	-725330.740907385	-812235.9956740565	-877308.8890136331	-935537.5164306122	-995636.8930296684	-1.06934259542531e6	-1.057934191548319e6	-1.1779409822847336e6	-1.2429747892029234e6	-1.2776227639065492e6	-1.3332500423176275e6	-1.5247975136786564e6	-1.4485197455205745e6	-1.5093565110342116e6	-1.5516135357580753e6	-1.5562765448818319e6	-1.6885605402650558e6	-1.7418416737649743e6	-1.7777177304637828e6	-1.7808177111989693e6	-1.857369714339736e6	-1.8611155120657077e6	-1.9569097787235081e6	-1.9748801386892605e6	-2.02048103091869e6	-2.0297968713111333e6	-2.149498683176543e6	-2.185460727358465e6	-2.175771117597978e6	-2.233031267782397e6	-2.1599621386243547e6	-2.2921329506521528e6	-3.0131050356720737e6	-2.480638193407304e6	-2.3664259899950414e6	-2.387627308901043e6	-2.374670212824901e6	-2.5107712362613413e6	-2.5709707360170227e6	-2.6205258990273676e6	-2.611922819892461e6	-2.5808776130630267e6	-2.6688347503950843e6	-2.658948802487531e6	-2.756989375438592e6
2.4539399505221555e6	2.4536103359940103e6	2.4500733457033215e6	2.452762097075195e6	2.4567118212625743e6	2.4546696275096675e6	2.452638749727756e6	2.450300178927922e6	2.450543706476714e6	2.444531830083667e6	2.448437132552521e6	2.4405605703561655e6	2.44435843398664e6	2.4476260803205785e6	2.447868488256081e6	2.442565101577252e6	2.433611765049432e6	2.4520792154520424e6	2.4450283258141503e6	2.451509726443884e6	2.4477151461049914e6	2.4338470445736637e6	2.4326281620205585e6	2.4495446953562708e6	2.423819261966277e6	2.435150130383201e6	2.4332380515746293e6	2.4275135815580254e6	2.4174211283690496e6	2.4286972327743527e6	2.424477285691266e6	2.420400733652779e6	2.417540011526673e6	2.4019166848570453e6	2.397423546106519e6	2.401791273717818e6	2.4198527874717587e6	2.403009505932712e6	2.386634921998599e6	2.3826841174626905e6	2.361331821868403e6	2.373129162875863e6	2.3610699679124625e6	2.3861423406555704e6	2.362481199681329e6	2.3790689254679307e6	2.352930563209911e6	2.3306039638422183e6	2.3748193740800032e6	2.348018167739235e6	2.3244213152298676e6	2.2763886935623577e6	2.3051990458442373e6	2.229141547239698e6	2.3428020289168577e6	2.3213883007953195e6	2.3149460439919415e6	2.305513844461263e6	2.3152702962290347e6	2.3013953696977105e6	2.2815970597590664e6	2.3582385427563703e6	2.3328163045360777e6	2.278725481206134e6	2.2960139118021782e6	2.226597871793125e6	2.2283154170314507e6	2.24285613002073e6	2.265704665311967e6	2.2243067567655565e6	2.1770189973063674e6	2.23177362192759e6	2.2114640195297813e6	2.217978096808426e6	2.257570627514465e6	2.175378066581837e6	2.175386955071978e6	2.050610897235605e6	2.120096075900532e6	2.1965401558969263e6	2.1723611519647734e6	2.1312261250160923e6	1.8788074175433523e6	2.1046551196849504e6	2.1076925918297144e6	1.6825408546580155e6	2.043236729791365e6	1.9188496969359117e6	2.0645801280654273e6	2.0647246126112419e6	2.0507910023785704e6	2.0012410759330473e6	2.020085976958726e6	1.953477612068184e6	2.0876228849173747e6	1.909891914337397e6	2.0249516318885165e6	1.971545162982976e6	1.9247868823878292e6	1.8932620407435203e6	1.928580967295851e6	1.8928394162432451e6	1.935494018258766e6	1.914459559595388e6	1.832637646578585e6	1.8526653618839723e6	1.7912782321376754e6	1.7767944579738472e6	1.733014029367284e6	1.7248651067508692e6	1.7776530705292828e6	1.782446258798907e6	1.7108963618771757e6	1.6439676771272398e6	1.6270658338668335e6	1.6018321919763875e6	1.6913551830730184e6	1.6528247222343627e6	1.580115799994232e6	1.5556007087672604e6	1.5250788512359078e6	1.5159421855020896e6	1.4556695216044257e6	1.4152778827804383e6	1.370843173565312e6	1.4113479072685605e6	1.3696228837147923e6	1.3703455638546422e6	1.3031871884994565e6	1.2223785493452721e6	1.2046992136579105e6	1.149357364583517e6	1.1437443886170692e6	1.1234322712660374e6	1.0327403777928932e6	987274.984809227	956186.0984372481	908193.6984952681	871887.512278053	807943.5674760868	744592.0542497865	687017.9065906438	615853.0554635567	543561.8542967241	462430.8099620219	373609.14051865414	269739.295014631	133620.25327150128	-2078.398109748261	-107285.41356345848	-203694.9990274473	-294110.0998363877	-373765.27650593733	-444189.3943441063	-516135.32624813775	-608840.7820750601	-685761.1666324637	-727814.4316021432	-832825.9548249589	-883831.7858215156	-949933.5480544833	-984183.7684996026	-1.0686092161879847e6	-1.0957811716665146e6	-1.215703734850973e6	-1.2565682896022364e6	-1.3290006169175399e6	-1.3494047808647552e6	-1.4519477771433475e6	-1.4567156420081463e6	-1.5209067010293542e6	-1.5488670455908407e6	-1.60334944825315e6	-1.666141005582848e6	-1.7507127462295303e6	-1.824666719140558e6	-1.8526406226386488e6	-1.8382065924071367e6	-1.9487685604250696e6	-1.987200671802782e6	-2.0406521791248606e6	-2.0193711421252782e6	-2.059611631006502e6	-2.1218668249958954e6	-2.143732322486887e6	-2.277383659364575e6	-2.110232455173788e6	-2.270265606279352e6	-2.313316187812025e6	-2.225436067894294e6	-2.3701431915898663e6	-2.3405095302438145e6	-2.777697338272177e6	-2.638063128036531e6	-2.5601394866016437e6	-2.5206160921967127e6	-2.5041192153429356e6	-2.6707212070155744e6	-2.793186913606048e6	-2.7104603460560055e6	-2.7628023577439073e6
2.485626788123284e6	2.485425587318822e6	2.4862590042019496e6	2.488515699491799e6	2.485644278107956e6	2.4858756909136735e6	2.4012986266721655e6	2.473758462213352e6	2.4845211064219167e6	2.4830911925158217e6	2.4722348623455483e6	2.477948458846675e6	2.473797623573535e6	2.469447365390769e6	2.4783626852215608e6	2.4798879809836713e6	2.4766544202244557e6	2.4777732129727337e6	2.4712254229946327e6	2.4655813795164325e6	2.4759833599409284e6	2.489439340763449e6	2.4415080521485987e6	2.467750728923267e6	2.4682160327352714e6	2.4678574020367e6	2.460159034748324e6	2.4594892537392066e6	2.4558561271626335e6	2.43738790828317e6	2.4500035530580916e6	2.462170422746595e6	2.4311659458525404e6	2.4466283358971262e6	2.422262442083613e6	2.4548503525092797e6	2.448303192813443e6	2.4300505679952647e6	2.426369022067453e6	2.4214773134539262e6	2.3967703798775068e6	2.408665698133778e6	2.40927916456148e6	2.380880049592595e6	2.4107662533420464e6	2.394208188855121e6	2.369829785392354e6	2.3907943728161175e6	2.3768786050461293e6	2.3803833997513815e6	2.319166844767303e6	2.3580663585543493e6	2.3902170913796276e6	2.3698970847562603e6	2.346989917413787e6	2.399044564828231e6	2.331667524352895e6	2.337224832172333e6	2.3642615508619263e6	2.3586287565209847e6	2.3636982010500026e6	2.3180840235766326e6	2.397158009833631e6	2.3595941455765925e6	2.3060379794986197e6	2.2644182927083974e6	2.24940610873053e6	2.261974328502852e6	2.2399890997116696e6	2.252269031956878e6	2.262276597810194e6	2.226291805133665e6	2.2947958256540583e6	2.194213443279166e6	2.262883374317048e6	2.2814129089528304e6	2.196718229319513e6	2.1853889380117394e6	2.1722174252752904e6	2.1633733645488466e6	2.162047612293409e6	2.167798689666886e6	2.1214624874832444e6	2.1654418316707695e6	2.1953134631880596e6	2.0929242769318563e6	2.097617536162629e6	2.043670979900171e6	2.0875262079246128e6	2.0463369479887278e6	2.097094765500185e6	2.1847930040320493e6	2.0191645433735033e6	2.019964325461509e6	1.9711594417568513e6	1.9884764608766735e6	2.0282893319858976e6	2.0204435071344394e6	1.9679163324222262e6	1.954245821598512e6	1.9157489026601878e6	1.9004932346550166e6	1.8957610016773688e6	1.9340564520237567e6	1.975292024493485e6	1.830757448701134e6	1.8468941946562035e6	1.8111143622959894e6	1.8156144774010545e6	1.7408649896786879e6	1.7465761790084979e6	1.7480504510631924e6	1.6922925006584413e6	1.681557142299248e6	1.674393378656603e6	1.7444801220463146e6	1.6855461341005364e6	1.7729694797894254e6	1.6282102698596276e6	1.6190951562278732e6	1.6274520256512812e6	1.4457626834064769e6	1.519875192514333e6	1.4130718280721307e6	1.415894279028956e6	1.4379867906915739e6	1.449250489530615e6	1.3689433000236969e6	1.3810027759367449e6	1.3082949275879925e6	1.284406064739679e6	1.228399557507601e6	1.1929651839057582e6	1.1619579941885162e6	1.0972182455494958e6	1.088412921312427e6	1.0230109478613236e6	966858.6977407768	920194.1433603815	868916.6836175069	809893.5058545349	746158.5132144003	679468.687760802	620658.5331580001	547389.8861374697	465134.63265506364	375280.9156048731	270668.30999439396	133479.1024471561	-3220.5660364669748	-109933.07977827266	-204728.7329070787	-294029.559982487	-378560.3894127486	-452642.3281553816	-531963.684973014	-605848.0974838021	-690947.5961785032	-719500.9961883421	-815934.9077561381	-866297.8708383553	-939098.1887423396	-1.0196277148972368e6	-1.0889992793454668e6	-1.141865747380082e6	-1.2159228752878816e6	-1.240021503917573e6	-1.272484742866225e6	-1.354415231546768e6	-1.429905918934619e6	-1.4773942504721568e6	-1.5172378118017493e6	-1.3791475937390686e6	-1.5721453509227359e6	-1.6695186479683467e6	-1.753900859556323e6	-1.7757312546646222e6	-1.8922166415792285e6	-1.9744301484280382e6	-1.915900822892405e6	-2.0137242457408295e6	-2.0078362275757878e6	-2.0831325776315024e6	-2.0498755628714315e6	-2.08048353760208e6	-2.2333683314852105e6	-2.240275778361848e6	-2.3056864988861163e6	-2.259147905918647e6	-2.300185732026367e6	-2.33556953938904e6	-2.3865293542444785e6	-2.4230264170562965e6	-2.4577481350818784e6	-2.580228167677904e6	-2.523270763660149e6	-2.5882281991736866e6	-2.5534393046098943e6	-2.7663061466215276e6	-2.731300886080353e6	-2.751843343743836e6
2.5175259907818516e6	2.5172227037079073e6	2.518759266098721e6	2.5169720733419852e6	2.5171653034593393e6	2.512982503999332e6	2.5149133532856684e6	2.5129268152670264e6	2.513140818387015e6	2.512821932891556e6	2.510004236087952e6	2.511782584175758e6	2.501238371938655e6	2.5106558163097072e6	2.5118679448868693e6	2.5096461966788983e6	2.508073685660281e6	2.5215474068872165e6	2.506687280295972e6	2.5081618525340986e6	2.509549269557229e6	2.4919481139934775e6	2.5066594381298665e6	2.505579825355881e6	2.4898980983675453e6	2.4989164934394276e6	2.4899811172266267e6	2.51602780552185e6	2.486088517486064e6	2.488310419346657e6	2.466849263386158e6	2.458015126278815e6	2.469352704095641e6	2.463113659812917e6	2.462083683937002e6	2.458197732759971e6	2.4679850404486237e6	2.455968780154709e6	2.4544539885359495e6	2.4524126975528044e6	2.444801343246382e6	2.4149367413467895e6	2.4369816613220256e6	2.4444134757410595e6	2.4283535117706433e6	2.430769916483599e6	2.4178273732077084e6	2.4439847656182246e6	2.41235485841314e6	2.3995672893154416e6	2.3931216008647336e6	2.366975220314257e6	2.420298301343441e6	2.341212175330869e6	2.3725329804747356e6	2.387396193053483e6	2.375698619633359e6	2.366297379735184e6	2.3701401610625284e6	2.33612002702101e6	2.3807070979223587e6	2.377588872547361e6	2.3643825456850287e6	2.3087182157533425e6	2.327531854654437e6	2.376183749294727e6	2.285417033863667e6	2.286267214559657e6	2.326186846085008e6	2.236911925704888e6	2.282223505267463e6	2.250278334448358e6	2.2646519000386973e6	2.2938422094470114e6	2.2551883485678975e6	2.226689737275432e6	2.1864892508507143e6	2.2222078880087403e6	2.204660802498469e6	2.3016023935332885e6	2.2428480102064144e6	2.20570557969198e6	2.1126205255182954e6	2.165394060861801e6	2.150134073145175e6	2.173034732003665e6	2.150477686844687e6	2.0409049129837095e6	2.0368035582794822e6	2.172393631868315e6	2.0640950588936238e6	2.103660440054538e6	2.1112989196601766e6	2.0618350643125486e6	2.0461424048311703e6	2.042888827523345e6	2.0123973571797367e6	2.0232623559490833e6	2.0353514065639032e6	2.0002863089294075e6	1.995600760103528e6	1.9475910961778713e6	1.9813857584869196e6	1.8686302370047555e6	1.9238187613017564e6	1.946838385173345e6	1.8688193362256687e6	1.8900630308355098e6	1.838145093937885e6	1.794587482949455e6	1.8036844227052361e6	1.7396617522373009e6	1.7290278585606068e6	1.6932847815691854e6	1.7377629690307172e6	1.7226810358863561e6	1.725152499250785e6	1.7586832123823247e6	1.7253881949292757e6	1.6426133165254423e6	1.6025647105321304e6	1.5560074812392928e6	1.5436473171572709e6	1.5097904792096862e6	1.4944245086249178e6	1.4811192171127342e6	1.442347408998488e6	1.4500214540625308e6	1.4001843202229638e6	1.3673229807598363e6	1.3187016529372674e6	1.281958569858339e6	1.2497772529072063e6	1.1831091370165972e6	1.1923276687245434e6	1.1516501676224289e6	1.0750812508806912e6	1.0250195598676556e6	982414.709146169	940491.5532441691	870921.3665999772	810398.7456205925	763259.1105921925	704094.4011972463	621890.7244000235	550472.9096282523	467332.8166504721	377094.8146474769	271598.1870866504	133337.71071339305	-4329.989411078626	-111754.76945502544	-208849.32705425657	-287396.1466996386	-381050.0289447089	-460383.10124023585	-535008.9431337002	-617841.4599443749	-690054.5322488258	-792625.093610859	-828588.7434110241	-892596.6205299655	-970954.5778481746	-1.0155784820393934e6	-1.0876210037032072e6	-1.14970494441293e6	-1.2391847943685758e6	-1.2205061860309797e6	-1.330625240863027e6	-1.3957911586295874e6	-1.4536736679598242e6	-1.4668618159288517e6	-1.5212141173474272e6	-1.5744416730198353e6	-1.5922840520063946e6	-1.6928176276817797e6	-1.831802939833215e6	-1.7883338904679748e6	-1.845799671525265e6	-2.024705691756778e6	-2.0122967565665287e6	-2.0027778312020404e6	-2.034275569672708e6	-2.0714889858289608e6	-2.052688792610234e6	-2.0291339751907405e6	-2.2844278338193507e6	-2.2672053081263904e6	-2.258417136808771e6	-2.3318912938681175e6	-2.36461221151501e6	-2.4610484186713533e6	-2.590821548400747e6	-2.4223890716484035e6	-2.4587980258257906e6	-2.582024064655473e6	-2.520764192250538e6	-2.687663280903877e6	-2.664734031105072e6	-2.7118080096729374e6	-2.802759069425735e6
2.549639183124137e6	2.54992926132569e6	2.5495952959707067e6	2.550677805352033e6	2.5474472989290515e6	2.5482707353829336e6	2.546989237550648e6	2.5529191085820408e6	2.5464545011828933e6	2.539950368700311e6	2.547395878940234e6	2.5442775794570446e6	2.544811936934393e6	2.537202209042535e6	2.5453668691770122e6	2.539491190024895e6	2.5441421722520585e6	2.5398275894856225e6	2.5485293364039683e6	2.540839941568099e6	2.5152677115846593e6	2.522174858969881e6	2.5386606088265777e6	2.5286778382006353e6	2.523019715826241e6	2.5206563256371603e6	2.5340964876204017e6	2.537108971921484e6	2.514482305232782e6	2.5060733211003533e6	2.503129540460635e6	2.5087292644963544e6	2.49027319128538e6	2.502712787805832e6	2.4857674773565517e6	2.4954653352642925e6	2.48176313302085e6	2.483380776008077e6	2.4859980000224705e6	2.474659287344017e6	2.491173335491832e6	2.47057232142499e6	2.4685743130961563e6	2.442869764326903e6	2.4473462539265985e6	2.4447054206794947e6	2.4636003073853087e6	2.4891188522382486e6	2.4822292369876057e6	2.450982927427612e6	2.438572407482492e6	2.4526307440205673e6	2.4191752144930223e6	2.4331334805887314e6	2.3597320301662637e6	2.4115013834943296e6	2.4075722262356617e6	2.4375495861579073e6	2.402757900972666e6	2.3897681111988453e6	2.3788212761920756e6	2.415785071179713e6	2.317617785553572e6	2.358558910856932e6	2.3589751048155325e6	2.3398626515404726e6	2.3501027939623897e6	2.2911641392792454e6	2.311805678174458e6	2.365748170188305e6	2.296319928808668e6	2.3108563467049273e6	2.2811709218459595e6	2.3215917102780505e6	2.3315418978952738e6	2.2629403849594686e6	2.273482422525368e6	2.290959091340404e6	2.232751431471587e6	2.18814636415001e6	2.2282952548068794e6	2.214895123933806e6	2.0516775146145206e6	2.342231444160266e6	2.2445756265433235e6	2.2077935252976855e6	2.0988094078209996e6	2.1112786494842186e6	2.1153196608154736e6	2.0365241123497933e6	2.119658677669798e6	2.199270232313729e6	2.127733836625375e6	2.111327170746578e6	2.0591537249307511e6	2.0428975243627955e6	1.995304045719417e6	2.0920850665876067e6	1.9639520790618951e6	1.9963355798111283e6	2.03591287186246e6	1.9935099020184427e6	2.0254027768010492e6	1.9440171487021656e6	1.9392364022219616e6	1.9473807524798838e6	1.9545451559748969e6	1.877353112176211e6	1.84088675209717e6	1.861818733696421e6	1.8523088139819398e6	1.8393195208233101e6	1.7761451215859705e6	1.77806166935571e6	1.8191292471372695e6	1.7606415363815923e6	1.703611810786243e6	1.782647265856083e6	1.7284826720754786e6	1.688741037491519e6	1.6105403351043188e6	1.7249506893436727e6	1.6014661244001978e6	1.530182749216971e6	1.5482201477462575e6	1.4874702257650672e6	1.4634246151375826e6	1.4221595765586728e6	1.4428653319715543e6	1.40214840945475e6	1.3258111050625322e6	1.3463384890135932e6	1.2671480076006178e6	1.2871528022651104e6	1.1861281516200183e6	1.1495107360525718e6	1.1189075092508155e6	1.0703487089115859e6	1.0173116599572778e6	1.1013245063166067e6	937376.7580907771	878118.85373505	819686.9941789021	762661.1762378705	699196.5444025837	628277.2314602057	552155.7702393418	470078.5334807853	378789.09095590794	272528.8255083086	133196.06967765628	-5425.138685593847	-113608.66327817319	-205928.26086763525	-294087.8357503498	-382998.6273376234	-466917.684484215	-547955.746895778	-612936.5575570003	-687086.3969356362	-768909.1946182656	-822877.5259683332	-909328.2116730171	-963758.3706635381	-1.0461697711760313e6	-1.11739286670738e6	-1.138789032599554e6	-1.2151828897473877e6	-1.2576805917335167e6	-1.3112986957586664e6	-1.399077674754866e6	-1.4930274842066728e6	-1.5203292361410297e6	-1.5157147209887193e6	-1.5992764191625798e6	-1.6231093531692126e6	-1.7823090618020506e6	-1.7995176694881679e6	-1.8264159488857253e6	-1.8615932479149653e6	-1.9571287990267961e6	-1.9565510420298697e6	-2.0007413526936998e6	-1.9782210995063027e6	-2.1057818056341284e6	-2.0608487800128567e6	-2.2342458405012465e6	-2.231071288380644e6	-2.287724393711358e6	-2.2936050613775575e6	-2.263947885884902e6	-2.3352090779512296e6	-2.462214546879235e6	-2.425358846930444e6	-2.4577505110798455e6	-2.508830346431348e6	-2.620116646450209e6	-2.634727374556405e6	-2.6643888794286563e6	-2.6899064756522574e6	-2.7279143536262964e6
2.5819306525703925e6	2.5824792909383997e6	2.5812966609095177e6	2.5811087239456456e6	2.576450290926582e6	2.5817543584745266e6	2.5796465712993564e6	2.582597407550623e6	2.5776062981632473e6	2.5781123687074585e6	2.5776862303431774e6	2.5788953010087614e6	2.488219769026039e6	2.5768559692320214e6	2.5625244067762056e6	2.5709072552652606e6	2.5703451135614915e6	2.5824266280377787e6	2.5706672855370124e6	2.5639063984215683e6	2.574099184680288e6	2.5915619426470827e6	2.5692289231487988e6	2.561349861532076e6	2.5474410394382663e6	2.539112046420465e6	2.5564897563302843e6	2.5646588937993175e6	2.514535543524323e6	2.5397995503785424e6	2.5334755575826988e6	2.5282791868618224e6	2.517812371473455e6	2.5320998189841425e6	2.558663145655477e6	2.4578984477016204e6	2.54929399271567e6	2.511313407506692e6	2.505644669633198e6	2.5281777960716714e6	2.499377304421604e6	2.5233776451372993e6	2.4820426977733085e6	2.4749810870649717e6	2.5133934540506313e6	2.4941706406142954e6	2.4898009882311663e6	2.4873565419851346e6	2.4894741946069533e6	2.481827776735421e6	2.448163769266341e6	2.4886646740114e6	2.47315702257628e6	2.4265059982524198e6	2.436974754674011e6	2.4606637754871147e6	2.4385037889535096e6	2.446153311188596e6	2.389003582971005e6	2.4381053930757307e6	2.457519254363679e6	2.4098571957026906e6	2.432081478405464e6	2.4953999562579417e6	2.3118725753008425e6	2.521582715820617e6	2.4081715971605247e6	2.3699221156074405e6	2.369215258475244e6	2.3426054171024524e6	2.391169312470997e6	2.3425836728353146e6	2.3026395335535714e6	2.2603406784793646e6	2.3295414074118705e6	2.324610317102488e6	2.2668558730718605e6	2.2890844527914897e6	2.3138514736164375e6	2.2715771607321026e6	2.3104221255939608e6	2.2396731985468343e6	2.193793038754979e6	2.2175179673698135e6	2.2576676469311705e6	2.2352645150154275e6	2.228090436694234e6	2.237582717638598e6	2.1495360124847195e6	2.1110702755859373e6	2.0596550251855375e6	2.0659588341000373e6	2.118420788373784e6	2.15584127336783e6	2.0940830482165767e6	2.0300599736825358e6	2.1151303566602916e6	2.0855325157178538e6	2.072886135294417e6	2.0485537560460304e6	2.0386947798162673e6	2.0573814395890315e6	1.9891474986433974e6	2.0189117083810107e6	2.011194291461681e6	1.9517115937359906e6	1.9545598456730067e6	1.9212979500706932e6	1.9294548289413522e6	1.8888165706651346e6	1.9158028238548157e6	1.8568950336475456e6	1.828503412893935e6	1.8126925499379453e6	1.7772238324907003e6	1.8054871157852411e6	1.8265301120232632e6	1.7480394911388662e6	1.7247078542825752e6	1.640883979840707e6	1.7413031278147162e6	1.7107393985939554e6	1.6541211389223821e6	1.6195868987377197e6	1.5513359655973627e6	1.5027438119155e6	1.4840538598200679e6	1.4950797536925478e6	1.4795691276379982e6	1.455045392275597e6	1.3526307082198272e6	1.376392039139817e6	1.3726533369311283e6	1.2967167597424397e6	1.266592858484486e6	1.2126556976671466e6	1.2237426915110804e6	1.1365885816448582e6	1.073133254595727e6	1.0396142314626803e6	982311.909525628	940706.6074431604	881906.6119639548	829550.7079888976	761261.0448918187	711954.6075083453	630136.0409534485	555865.9766754727	472445.33293454093	380549.5431870646	273461.44398042955	133054.1897081989	-6541.698654585518	-115632.4628258408	-210463.4002747857	-300775.7568201055	-383641.0823095846	-467379.5623973124	-552181.8329379125	-619701.5838941927	-700885.502641853	-772245.9545192719	-834194.7556152539	-899093.0106874951	-960638.3366820575	-1.0434189918302051e6	-1.1451746623175158e6	-1.0122144837147971e6	-1.2342195862153661e6	-1.3623954634716813e6	-1.2864618611057745e6	-1.3952772365177018e6	-1.5014948087104377e6	-1.49326584386467e6	-1.5505438716778802e6	-1.6333761370430412e6	-1.6517806978489584e6	-1.774784544201285e6	-1.8122467199226017e6	-1.790751632001679e6	-1.826576322359228e6	-1.9153104699001051e6	-2.0052821553041022e6	-2.0112178461698839e6	-1.9242740937010325e6	-2.0770562557372274e6	-2.1514896257448294e6	-2.2190796258130805e6	-2.2142600687920344e6	-2.2688970579879493e6	-2.6985249313432355e6	-2.5026902313383906e6	-2.6899922565661785e6	-2.3965626460709632e6	-2.5246485770106795e6	-2.401569339612745e6	-2.534174897442104e6	-2.552964046996242e6	-2.6642278977734535e6	-2.680467477815364e6	-2.701547610863038e6
2.6144380823689215e6	2.614086512979581e6	2.6142554097797805e6	2.6132298768223254e6	2.6156717666709283e6	2.6118121630498376e6	2.61400420565377e6	2.6110146100517698e6	2.606951661930276e6	2.610574526404613e6	2.6007188870665333e6	2.61039234204248e6	2.605821840917697e6	2.6078687548698e6	2.6080475779423695e6	2.6074946092468044e6	2.606852187943251e6	2.6074043390148506e6	2.6059216727458634e6	2.5973027301233695e6	2.5975673685634197e6	2.605938066847109e6	2.5972632989483876e6	2.5681418432829026e6	2.579263546036222e6	2.5809601683948906e6	2.5910357939695697e6	2.573038104427496e6	2.598686464564029e6	2.5899826509886314e6	2.572453570927889e6	2.573279478437175e6	2.5528924280060246e6	2.5873836956558465e6	2.5635995696425834e6	2.557342504241059e6	2.5571740996863446e6	2.558587582381335e6	2.5509487864932264e6	2.521926835084468e6	2.544094825352607e6	2.558237010469965e6	2.5504143569498183e6	2.512315673259206e6	2.504512925670284e6	2.518405602036548e6	2.5008652893555593e6	2.510261604374758e6	2.4826936695236415e6	2.4995986276328256e6	2.5417770698320866e6	2.494104126979168e6	2.468244288773765e6	2.4851021116115437e6	2.4968089412406012e6	2.433755056697306e6	2.517884686018575e6	2.5053766917004255e6	2.4907717252777857e6	2.448601690078133e6	2.5168867445431342e6	2.4380493018780276e6	2.58203106419197e6	2.4673423390274313e6	2.444359224781535e6	2.4310210816477877e6	2.4592374380111126e6	2.4097492158961277e6	2.4387924977287427e6	2.394309507783943e6	2.3939986970075853e6	2.529345633393005e6	2.402571534330679e6	2.332028513881799e6	2.3778678911715774e6	2.3372361847731415e6	2.357231168066461e6	2.3279246307127997e6	2.300807885097327e6	2.299487441231551e6	2.2984593445288683e6	2.2681615351935904e6	2.1874197277239007e6	2.214681008973391e6	2.318732542073849e6	2.3298298312688293e6	2.3576313701756224e6	2.2702875398852597e6	2.211139356813425e6	2.1751436164929504e6	2.150257865912903e6	2.0825554781905944e6	2.1533132399745155e6	2.1987918052323554e6	2.1825217923767758e6	2.121816175380234e6	2.0236406357948347e6	2.1677400719813714e6	2.108106697643742e6	2.0523774651790936e6	2.106934009306021e6	2.0470715526586198e6	2.0308394524874194e6	1.9725608994303667e6	1.993842023417261e6	2.0264264986384353e6	1.9739837259069413e6	1.96653476152127e6	1.9878594719396122e6	1.9474754873975876e6	1.8817492545255395e6	1.942891962880834e6	1.9848946083274144e6	1.9525946706803082e6	1.7058587714014086e6	1.8041464814674184e6	1.801733117114882e6	1.823913237333339e6	1.7889850858014629e6	1.8180895198256483e6	1.7113503581295512e6	1.7780240481187045e6	1.642896788923318e6	1.6818883174613002e6	1.3839047722071381e6	1.5649400561516895e6	1.5499374387422462e6	1.5387948536335952e6	1.490208640751794e6	1.4714692329774527e6	1.4163122471714853e6	1.4346166326821235e6	1.4107968744466861e6	1.386329215057908e6	1.2932484465082646e6	1.3024232372149103e6	1.211798263811426e6	1.1640537440262754e6	1.1437788834691525e6	1.104907912071137e6	1.0484365859273166e6	982494.4681096713	955827.0424539817	897988.7892628387	837280.1767074759	770082.818093932	715361.5538410975	639499.242425479	559510.8713418175	475424.4474567147	382298.0824440187	274393.85828485293	132912.06930345274	-7658.9207344702445	-117589.09451905778	-212134.6929221521	-303689.7427382772	-380176.305831613	-477101.1031888947	-557524.574643346	-639413.5907286177	-705439.4869032246	-774215.1635812945	-848508.559528504	-916148.3427266474	-950495.1120857615	-1.0339970034118597e6	-1.1199458909524218e6	-1.1671074365338734e6	-1.23510480235824e6	-1.2783502798644742e6	-1.384162368971765e6	-1.4271051629801956e6	-1.4829859519626242e6	-1.5231734075593813e6	-1.538370749865152e6	-1.619342315150294e6	-1.697960259939034e6	-1.7531822968249372e6	-1.8033814251568806e6	-1.9127825563344522e6	-2.1309019345137724e6	-1.9164091844651904e6	-2.0093419852283616e6	-2.0615159746975456e6	-2.0715234609109433e6	-2.2012112470579785e6	-2.1046996739531592e6	-2.2824099302987936e6	-2.2215872483313973e6	-2.2805746360378587e6	-2.3323197468902837e6	-2.370443016023885e6	-2.4409429545718976e6	-2.4266643086558846e6	-2.536853462345552e6	-2.481209564390966e6	-2.4831091303391834e6	-2.568759098611859e6	-2.649094137065899e6	-2.699321492747163e6
2.6471287943739677e6	2.64655016612007e6	2.646953847819952e6	2.645647097334932e6	2.648411359361379e6	2.646581866133521e6	2.6419437353949947e6	2.6441600237886263e6	2.6432638846547776e6	2.640352079350981e6	2.6403762681717826e6	2.6245489761850303e6	2.6424758227585116e6	2.6376261396169476e6	2.6379789921107586e6	2.6373686693438245e6	2.626507655240804e6	2.628855558494577e6	2.6280641740354737e6	2.6423001707660276e6	2.642204319846346e6	2.629047242317116e6	2.624487179647328e6	2.6190926240628785e6	2.6225616545744e6	2.6287295120927887e6	2.6230518999503474e6	2.6147345865507964e6	2.609594924801644e6	2.62303314222405e6	2.6173018474888653e6	2.6049558949115435e6	2.6297381549533117e6	2.5962717279046183e6	2.5922811610647994e6	2.603081206246439e6	2.6088415648878096e6	2.592336558205936e6	2.574628568860686e6	2.5632861035073353e6	2.5821889374635974e6	2.6007287550307587e6	2.570896787867588e6	2.54958014455702e6	2.554616465280941e6	2.5403184909112453e6	2.5512047286142698e6	2.5442130855842587e6	2.5445283783380473e6	2.5568450205263747e6	2.5568667745023523e6	2.5468088114002883e6	2.4954496836005645e6	2.449151837901904e6	2.4922843947150977e6	2.507269494559091e6	2.5017443750324827e6	2.4945019427741957e6	2.474438427960518e6	2.471717846868691e6	2.511541126589484e6	2.458356792975656e6	2.4133639118223013e6	2.4860427240564846e6	2.465421548458574e6	2.4442367762259287e6	2.434601139713239e6	2.4757804612182723e6	2.504229060552707e6	2.4455029958065813e6	2.4093646435626214e6	2.333256620663872e6	2.418207737825084e6	2.432742855592651e6	2.433408173004661e6	2.4201190057097566e6	2.37522081166138e6	2.36999052825932e6	2.285004675009504e6	2.2981311248316183e6	2.3431268560010097e6	2.3124294712185753e6	2.2320407634594734e6	2.302636067342551e6	2.3391786560841775e6	2.307750936873344e6	2.3479100556337135e6	2.289759887564082e6	2.253677689833113e6	2.260964565776366e6	2.2062053324488127e6	2.1739269042903767e6	2.146822723539609e6	2.1830972761203377e6	2.1790499820083966e6	2.1293602514833263e6	2.1612312939380934e6	2.1414836873154487e6	2.15420366286287e6	2.0955435687724852e6	2.12364603244467e6	2.0451069104787486e6	2.0169549004575482e6	2.0992036669344148e6	2.0407807829693153e6	2.0118885741956506e6	1.989963535242285e6	1.9783863390358011e6	1.9634776186560614e6	2.0320222468668006e6	1.960777419639863e6	2.0103761665980425e6	1.9426181883255714e6	1.913186348782176e6	1.8888360756936483e6	1.8345664273264483e6	1.9095331835633144e6	1.8577129959222898e6	1.8092185613645334e6	1.778959977681388e6	1.799906524899067e6	1.8028830158243943e6	1.7418246799026686e6	1.6319451266063391e6	1.6631376006266624e6	1.6245731491554063e6	1.5417534289788255e6	1.558544443594899e6	1.5703644294823867e6	1.5374735711032476e6	1.486589121311083e6	1.4838198837611594e6	1.435011701706472e6	1.4687586053238742e6	1.3651692788186325e6	1.3412552926633158e6	1.311227194561843e6	1.2495780985297717e6	1.2016343477725424e6	1.1875455509458932e6	1.0953974957177946e6	1.060772332040901e6	1.0068670615783136e6	966430.3125889283	890301.7318072012	847477.7556445268	794969.1625213404	719490.2511941826	639252.4752652175	561807.9255368432	477295.6930346573	383961.557370452	275329.0325312575	132769.71341093723	-8775.96653853124	-115482.68949691206	-214062.88921967102	-304849.70247155195	-390443.67353058886	-472441.298915762	-555117.9199750503	-631891.2813025098	-725439.3423079909	-776605.903670948	-753049.2560598562	-928738.6658484042	-975899.2601662492	-1.0652537275438276e6	-1.1074325016449648e6	-1.1797773486736282e6	-1.247599334377457e6	-1.2893438496291363e6	-1.381245077910293e6	-1.4212451842319663e6	-1.5189576831862386e6	-1.542753014609695e6	-1.5538038636766272e6	-1.6529909252413693e6	-1.6834637878731857e6	-1.7851893792884788e6	-1.7895884450809024e6	-1.835530155214135e6	-1.9872407480363692e6	-2.0063500843084124e6	-1.9897960109922094e6	-2.115083515910704e6	-2.0755459302086341e6	-2.1079185659980844e6	-2.2001538362284754e6	-2.229100857818332e6	-2.2547140256313956e6	-2.2845164488143562e6	-2.4340226823369e6	-2.508302623379735e6	-2.415071246831767e6	-2.4975243654843722e6	-2.624721645166823e6	-2.510705248508642e6	-2.445742315739772e6	-2.664775737900416e6	-2.6533065480453377e6
2.680024524210724e6	2.6791695261544315e6	2.678717965012417e6	2.679806184764218e6	2.675443336334576e6	2.677575613940186e6	2.67592150936536e6	2.678195867275357e6	2.6750839061651872e6	2.6750745151723893e6	2.676808064531119e6	2.664915055415227e6	2.6573252807055167e6	2.6780671756520574e6	2.669076171787118e6	2.658379469807901e6	2.667580275684644e6	2.6537743223827155e6	2.6667741412859545e6	2.659621748410876e6	2.6632872364227166e6	2.6561202813396286e6	2.659111820455579e6	2.6481378625604194e6	2.6480890352666564e6	2.6568204153257636e6	2.651978624002963e6	2.6532491635915413e6	2.650277718442427e6	2.642666346644303e6	2.635614312316794e6	2.650217658086082e6	2.613834763811699e6	2.642841485463955e6	2.631599527104027e6	2.6476297587165767e6	2.617089225838953e6	2.623383294075056e6	2.6124476237514745e6	2.6131505916471602e6	2.598751456039911e6	2.6001906109903823e6	2.62877038777438e6	2.604260465618292e6	2.575920023937748e6	2.5644081722657573e6	2.5634969517518682e6	2.5580803061195305e6	2.578326233673933e6	2.5897191381731126e6	2.5560262213513083e6	2.5429500529030235e6	2.574363820658176e6	2.5902036235525105e6	2.534334438397347e6	2.552840738454663e6	2.5296362766627497e6	2.533909259094392e6	2.513851370721068e6	2.532059795794638e6	2.5141468351077447e6	2.5003458524392066e6	2.6228074767120234e6	2.4501549257780695e6	2.5130283964621876e6	2.496496789107957e6	2.4967796613800204e6	2.4578480221389243e6	2.5666317979846504e6	2.518455651520808e6	2.482799119691643e6	2.4625793282183413e6	2.5136272107848935e6	2.3691322067188565e6	2.424008489781064e6	2.437944889055809e6	2.395415733803586e6	2.3820226679480197e6	2.355346311193254e6	2.413043668479903e6	2.393053018385183e6	2.3270381901513347e6	2.2491356958675208e6	2.319497116806361e6	2.3007798813948818e6	2.289011657209892e6	2.3756613885130193e6	2.299307085939468e6	2.2679919336856627e6	2.289867432540696e6	2.239082368844144e6	2.1266888873413824e6	2.182470693474883e6	2.097559114886937e6	2.2251053660231763e6	2.2269951175666624e6	2.1831465030237143e6	2.1636418456492927e6	2.123656775261878e6	2.12881901954158e6	2.1030691074350793e6	2.1028919949805364e6	2.122093247369604e6	2.094212381348902e6	2.0768196109166346e6	2.039993729404535e6	2.0297531889229603e6	2.0526578269173591e6	2.0014253015693012e6	2.0651731910427944e6	2.0415950532843226e6	2.1149567112685684e6	1.898331117033118e6	1.9379540729457196e6	1.8865862900148137e6	1.9212029970049472e6	1.880519952854753e6	1.8957734658501963e6	1.7552450405131085e6	1.8077463392823066e6	1.7596529007926648e6	1.8467506428901658e6	1.7570238533190691e6	1.7218760432638782e6	1.7046491751172575e6	1.6641393255978343e6	1.6244477637025968e6	1.6157465133661102e6	1.523040990972052e6	1.5319622945298548e6	1.4877553049374684e6	1.5159451718250636e6	1.4276339459417765e6	1.502405996070691e6	1.3871506551678376e6	1.3918337713540394e6	1.3002965892976527e6	1.281842554107293e6	1.2304141701646629e6	1.1882083837296509e6	1.1437407500969481e6	1.1150606864904433e6	1.0734602615033737e6	1.0121459897747254e6	960011.4818380494	905191.4068364021	854483.7854812734	797429.5955817723	721295.5701171195	644881.295505286	565202.8767537698	479982.16383158416	385888.630789594	276264.44185997755	132627.12355022063	-9896.646194316912	-113925.73870822461	-216296.00864034938	-306008.7587435278	-403943.20120803546	-475598.53092394583	-563322.0945591815	-636712.5746970098	-706923.1317802616	-815963.7238093601	-871431.0995056699	-948535.3861015304	-999761.2292859661	-1.0973169777253675e6	-1.1470313955662032e6	-1.2236431366074705e6	-1.2756376262687785e6	-1.315342564997179e6	-1.3792012466828688e6	-1.4134186566014322e6	-1.5522122472808105e6	-1.5975631359316958e6	-1.5798154569457727e6	-1.6722277647557682e6	-1.6804068154074987e6	-1.8105039221522808e6	-1.8844562032652437e6	-1.8487940514249834e6	-1.8916555401391839e6	-1.922448793925473e6	-2.0699741660719463e6	-2.1282400603413344e6	-2.1887646357443673e6	-2.1181177034224165e6	-2.161511922665588e6	-2.1721684968781113e6	-2.3367181773193856e6	-2.3833038071616436e6	-2.3847046469727247e6	-2.3897561892016823e6	-2.44623662877065e6	-2.594635991797291e6	-2.491253961157069e6	-2.560431627973272e6	-2.636429864052246e6	-2.649606572344611e6
2.713114351165931e6	2.7124897872294732e6	2.7116657238842724e6	2.7104927152178176e6	2.7112427798867323e6	2.7092487014786047e6	2.5839370368052935e6	2.709456985160733e6	2.7103586330154506e6	2.7079966610128125e6	2.7089356796625713e6	2.7147203378846426e6	2.700009620072972e6	2.688092429940011e6	2.6986498686897354e6	2.6979127257535346e6	2.701397755023388e6	2.7043008450342333e6	2.694861508058286e6	2.6959166500525563e6	2.6905725556131033e6	2.6858111404624204e6	2.695793121591254e6	2.6974974785339106e6	2.6968792573078275e6	2.686569381266351e6	2.686287689970993e6	2.676272778168138e6	2.6885575655153883e6	2.6661782545279358e6	2.6786478815229977e6	2.66455763609429e6	2.6467064493138064e6	2.6710066160679455e6	2.679329352781241e6	2.6519799432280585e6	2.664086618986589e6	2.6508016071329378e6	2.660448762188696e6	2.6475765508325137e6	2.6274127253172356e6	2.621100660845992e6	2.6418677233416857e6	2.6546890697134524e6	2.634748679080265e6	2.627995429871591e6	2.582710128796351e6	2.6299194528610604e6	2.6278122333074007e6	2.542356654192264e6	2.6213061427475163e6	2.5691207003672374e6	2.6147292253126353e6	2.6040538398238965e6	2.6542531584225735e6	2.5638617533344314e6	2.566954307526618e6	2.5476244813826806e6	2.5536493421838027e6	2.5317536005351115e6	2.5423189692464774e6	2.506381312010343e6	2.5529431383749507e6	2.5425620622764574e6	2.457152454239585e6	2.5796395594595363e6	2.541864841475025e6	2.5091605082306587e6	2.5167482672008933e6	2.4651848338700584e6	2.4487813756472175e6	2.485529938993088e6	2.4449167391871745e6	2.463300720778184e6	2.447099698090354e6	2.4609955519274697e6	2.48084504938823e6	2.437191955948727e6	2.3804138275733604e6	2.3704887279115394e6	2.4171128021121644e6	2.3110815531870387e6	2.320307623615248e6	2.4037051531196944e6	2.360733282562068e6	2.307216165235737e6	2.3991266861978527e6	2.3818797475598734e6	2.3635653424262307e6	2.3236333367271326e6	2.311525005611728e6	2.345172137517007e6	2.2225464304094636e6	2.2026904319494916e6	2.2030837449097317e6	2.246894474039441e6	2.1277292748290533e6	2.2835991275609517e6	2.178509637447349e6	2.1783768028032477e6	2.2123626827162644e6	2.1242460109512415e6	2.1409325515247383e6	2.1671357633929895e6	2.184254967931186e6	2.1422627420414295e6	2.0733541591603134e6	1.998939958024587e6	2.049169151172872e6	2.01414795403291e6	2.0372815187295426e6	2.019832335699517e6	1.9716603738903676e6	2.027360701090154e6	1.9752825131712882e6	1.9478380468941792e6	1.949359192209158e6	1.8885169407548255e6	1.9428122353066118e6	1.8636209947520026e6	1.842134413205069e6	1.7763704150015407e6	1.7950790450265594e6	1.749767824856005e6	1.737325068966118e6	1.7206946034482636e6	1.7019204758300502e6	1.634010142771417e6	1.613739274147051e6	1.6450587217534946e6	1.5631831467885203e6	1.4929758576226914e6	1.5342823023921628e6	1.471495903911515e6	1.4713544613367529e6	1.4437825173605212e6	1.3964782760676187e6	1.3380449544824196e6	1.3224627869903967e6	1.2600835786541016e6	1.213829054802127e6	1.169517943378901e6	1.130747751316341e6	1.0718275526663116e6	1.0177508088780376e6	965540.0567900788	931344.2471712618	855975.2222494744	786889.147059035	722752.8957663074	646634.1384114122	568743.5292907513	483112.75981992576	387506.1261413982	277201.05956251617	132484.30233563622	-11016.908149050549	-115518.19363333937	-218512.8490244751	-309051.7995938035	-405599.33610440977	-486657.49568847334	-563854.7237333995	-646791.6940969024	-700004.9574773056	-794119.4891824583	-868894.1724821636	-947668.7855323325	-1.013897236810985e6	-1.076418850877645e6	-1.1413600710671684e6	-1.2204395041679624e6	-1.284893494943962e6	-1.333871389862164e6	-1.3645102340800595e6	-1.4365158149956027e6	-1.48065812126343e6	-1.5753726877717818e6	-1.6588840680457666e6	-1.6601089527701992e6	-1.616143312925572e6	-1.802336817160782e6	-1.8464813725311626e6	-1.9306648853668445e6	-1.9614607821046454e6	-1.9931090655210614e6	-2.0744671536101582e6	-2.1498582703917115e6	-2.1037836975378958e6	-2.136407381321397e6	-2.235638248341706e6	-2.272158235307053e6	-2.333782681164389e6	-2.3817523510554875e6	-2.432604237040539e6	-2.4331595476317233e6	-2.5760051020676973e6	-2.599486833303586e6	-2.5495947269145395e6	-2.590096081400272e6	-2.680632801053284e6
2.746382080761792e6	2.7459147838216475e6	2.7450471367794885e6	2.7436025088571752e6	2.742977555523604e6	2.741190412254204e6	2.740490516594008e6	2.7416841311601363e6	2.742457779854993e6	2.7415361597123356e6	2.740261830317687e6	2.7336459437442436e6	2.732658671217201e6	2.7366807126703328e6	2.718539387158555e6	2.7300716248346195e6	2.733341280749246e6	2.736519803647767e6	2.726956072778409e6	2.7220028552651135e6	2.72864525534564e6	2.7188757103579985e6	2.726894101440714e6	2.7257703128111977e6	2.7272508629624383e6	2.723197441048387e6	2.701444308524325e6	2.719314401672132e6	2.7121699950864557e6	2.7014006247272156e6	2.6876718626880683e6	2.7199423590828604e6	2.7109341035006167e6	2.700522485595668e6	2.695915955718151e6	2.69423763432426e6	2.686476961615402e6	2.6837933595884102e6	2.6935923669389784e6	2.676022118293791e6	2.659087447009579e6	2.674549417239387e6	2.6880869532094025e6	2.6559966287069237e6	2.6604485303511205e6	2.6853552106914353e6	2.6194167250746833e6	2.641133108742721e6	2.6384337861208995e6	2.6424461892666556e6	2.6412357578784674e6	2.6421947682690388e6	2.6142905807964415e6	2.5983513064810187e6	2.611586723475251e6	2.6400584306643894e6	2.598971536807052e6	2.6114256558190645e6	2.5736369202427748e6	2.591982054522149e6	2.5677526749794832e6	2.596665318513332e6	2.580445204316687e6	2.560265666343868e6	2.545504289538789e6	2.502779101535072e6	2.574287866783046e6	2.5819362698725066e6	2.523227157136951e6	2.5249066134136044e6	2.5474388996264795e6	2.5063233412898327e6	2.4813486504640635e6	2.4852401673288755e6	2.4632238346319105e6	2.480685213141146e6	2.4805383631463456e6	2.6147423399736146e6	2.488494056568524e6	2.4556799688388063e6	2.4064773811475267e6	2.332148168437792e6	2.3946377348090694e6	2.4129144385184003e6	2.4256054322587145e6	2.3741806093848264e6	2.349925899819577e6	2.3714400858446467e6	2.3419637998108855e6	2.4409632621006034e6	2.3303239982842575e6	2.230363323089312e6	2.2949698619653992e6	2.2207952133186017e6	2.225583583957791e6	2.260250603170157e6	2.225803164568269e6	2.272156537274978e6	2.2390470656022266e6	2.1269266145666502e6	2.1972434180684974e6	2.1842704893580955e6	2.143872099328529e6	2.1825576225460973e6	2.1483689466380132e6	2.1135342325282395e6	2.124038076191753e6	2.1194529594907304e6	2.109404745916445e6	2.1383391388556557e6	2.0891357440025846e6	1.9998823909295117e6	2.0467682964580888e6	2.0184489149413062e6	1.9722210855294834e6	2.0208701508050987e6	1.980204014797749e6	1.9291271656227072e6	1.9015840615758589e6	1.9166169972072102e6	1.9401550819224266e6	1.8344271795888967e6	1.8709971584927884e6	1.7919981490259673e6	1.749682343287194e6	1.7084182767011274e6	1.7375544207272166e6	1.6347878974820937e6	1.6381079581914973e6	1.6240742973672561e6	1.6223948399581881e6	1.5558239066253647e6	1.5465209207620684e6	1.5241610932085172e6	1.4774549365767105e6	1.4416846350253394e6	1.436495390113976e6	1.3622121926058866e6	1.3556747599815682e6	1.3303170694548283e6	1.1907346472525303e6	1.239499399950495e6	1.1869116470135904e6	1.129120893901431e6	1.2236558386091492e6	1.0264298767685667e6	985330.5438540208	937499.1134922337	872894.3549572153	796031.4404410853	732948.7288666847	650862.9868839276	574300.7820118899	485685.4149317257	389429.7578790402	278138.65319037065	132341.25455511268	-12145.91810442973	-119910.49279579334	-222069.4221394551	-314389.06219385145	-407198.22761746356	-496422.5583502236	-565436.1269982476	-655574.1274061007	-697387.0904660737	-808753.0706279404	-863947.2238096017	-961735.3799683922	-989603.5065687858	-1.1067546554462542e6	-1.1559056405290891e6	-1.228311590400963e6	-1.2934314594945386e6	-1.3639591036350788e6	-1.422489054461814e6	-1.4507818843749962e6	-1.369075357434812e6	-1.594542788080853e6	-1.6844862094555288e6	-1.706299324357592e6	-1.6511343318595355e6	-1.833097099973869e6	-1.9195488058147072e6	-1.9711608355766647e6	-1.8830664990154295e6	-1.9495820557095227e6	-2.084921891677584e6	-2.1181245524584153e6	-2.124027439173168e6	-2.108169681096815e6	-2.182694784258378e6	-2.330575619606842e6	-2.316271883358693e6	-2.3915700486900522e6	-2.3492365518313744e6	-2.535581545546694e6	-2.5281156960455053e6	-2.55896816368607e6	-2.535258129888579e6	-2.5668987925674203e6
2.779870951226037e6	2.779502367663076e6	2.780226028132483e6	2.7798362439306406e6	2.779610974463069e6	2.7780291626762208e6	2.778166301628342e6	2.7775323326088414e6	2.7763166378400065e6	2.7742917661116007e6	2.776924520304994e6	2.7764139474681276e6	2.7682300030935043e6	2.766122194498445e6	2.765628028130403e6	2.7683261708035753e6	2.7698508922079485e6	2.771461582593538e6	2.7627689487038953e6	2.7600652103039687e6	2.759680541795088e6	2.7564987351070587e6	2.760648386136135e6	2.757721459205025e6	2.7572097594030644e6	2.7568168146661688e6	2.7596162583505563e6	2.7438260443976084e6	2.7311698360507716e6	2.7417646977443453e6	2.725480854981413e6	2.737592694481199e6	2.746093470851034e6	2.765189898990279e6	2.734211475848601e6	2.7214987810467803e6	2.7247522559720455e6	2.7296979049030566e6	2.748203477610072e6	2.7089686649348196e6	2.691871721360172e6	2.6712695461343788e6	2.7094801139603835e6	2.6765629618016044e6	2.6832834148796136e6	2.680594194732663e6	2.724708319261165e6	2.690588959823943e6	2.6800560809787833e6	2.6823725801713984e6	2.6327341449706596e6	2.660346440153935e6	2.626031468946268e6	2.6449324177408414e6	2.624761256615486e6	2.612788305046792e6	2.6871581630290654e6	2.6386014251150265e6	2.621394670867251e6	2.5860597276456673e6	2.5843392671486028e6	2.621074963400134e6	2.5985774823131654e6	2.588469587402661e6	2.59796787199625e6	2.588187799210966e6	2.589848978166797e6	2.619253684308605e6	2.573186052346534e6	2.539725200035452e6	2.6932043193051354e6	2.6036532716898876e6	2.5268166857228405e6	2.5220110469035245e6	2.4835001216838625e6	2.4733513811858213e6	2.583520691774342e6	2.485860905653281e6	2.451431783365608e6	2.4581509082391053e6	2.3978189792926316e6	2.414294523024159e6	2.4196621776435943e6	2.43553061572297e6	2.454665599212249e6	2.4371518557619406e6	2.3970702694548885e6	2.387995977597382e6	2.386318842669829e6	2.3588646755660493e6	2.473178453963722e6	2.3675796799232094e6	2.3091250562405437e6	2.332781095456449e6	2.310373091861463e6	2.2483981256301273e6	2.255024201151071e6	2.331282794459261e6	2.2759330675480906e6	2.249720671703377e6	2.2536714625464794e6	2.1823980198951843e6	2.11730839126907e6	2.1705637310044216e6	2.1971416889891364e6	2.18291520994478e6	2.1710747868140475e6	2.1442051448020833e6	2.2002796109538795e6	2.146033253543158e6	2.1328792397102937e6	2.1034272863552812e6	2.076052172289455e6	2.047453229693933e6	1.9346959166323603e6	1.9659880001513215e6	2.0390293379608234e6	1.885159726060625e6	1.9554346617197157e6	1.9331679049857403e6	1.9009991004045755e6	1.9281458336112127e6	1.9077801796740452e6	1.800400343982262e6	1.8537438656903976e6	1.8521566037337552e6	1.7487514590413906e6	1.745521581908023e6	1.6782695931736967e6	1.649097738067959e6	1.6790745355324673e6	1.6973243097472936e6	1.6275115096658538e6	1.5549383417065572e6	1.5443848984635104e6	1.5217451432465385e6	1.5206332001605076e6	1.4199079618501856e6	1.3653768960800203e6	1.3565668580383528e6	1.3072520476676528e6	1.2719012436239244e6	1.2371878088998692e6	1.2071990231387462e6	1.1356860185136683e6	1.123583142278592e6	1.0530800551487966e6	1.0117014360197701e6	921079.7361483297	878548.9573219812	801608.2278569725	729054.234246568	655029.4966632293	575090.7940160041	488662.49283712544	390990.0656431492	279077.30423019896	132197.98162650783	-13269.757478382904	-127245.74557226943	-224718.60719193425	-320555.14774026535	-416626.1468496416	-494951.1976875388	-581932.6048050183	-668692.7036710414	-743059.907763713	-809781.7419455578	-888866.7232871172	-959147.7589757578	-1.0033525028457674e6	-1.0912807421841156e6	-1.1699519890449108e6	-1.1889133551928587e6	-1.311359247115618e6	-1.3656555847060229e6	-1.426948976332983e6	-1.4443020460996712e6	-1.5055945449765963e6	-1.505306983023448e6	-1.6588202113151383e6	-1.6923672652138975e6	-1.7300589211512278e6	-1.847358442843439e6	-1.9199589229723e6	-1.8398305643206914e6	-1.944735924757246e6	-2.017891775618344e6	-2.176111078465723e6	-2.124942738737483e6	-2.085079584602079e6	-2.1459449535071454e6	-2.254728900763745e6	-2.267707915598732e6	-2.3741810672871177e6	-2.414153167723688e6	-2.4263453395984587e6	-2.56495689822135e6	-2.5641748352774824e6	-2.558327121415948e6	-2.5742095947492407e6
2.8135204064867236e6	2.8127297978517246e6	2.813610986777552e6	2.811901233650272e6	2.8131330799407475e6	2.8100861753182244e6	2.814046673147468e6	2.8115779066884387e6	2.8103128278053366e6	2.8112660062805186e6	2.812598025168758e6	2.806409773208074e6	2.7981599429991236e6	2.8069974479740663e6	2.8040604927294585e6	2.6145935342552625e6	2.808290229725637e6	2.7987735454924135e6	2.802758552275065e6	2.796176376814509e6	2.8056636337469653e6	2.7875821852707383e6	2.7865130016237143e6	2.796195610216707e6	2.801453114554317e6	2.784747213132573e6	2.782133675113828e6	2.784805937494103e6	2.766116814040751e6	2.7433460552281323e6	2.7948514461927917e6	2.769418347813445e6	2.7694192405133233e6	2.7747510241305786e6	2.7707718641007254e6	2.751247109228446e6	2.7564723542720955e6	2.7336230047872243e6	2.7553627405408192e6	2.748342422431784e6	2.7376371107551726e6	2.731427670069317e6	2.7280996019719886e6	2.723996346336625e6	2.774924883265433e6	2.749347507030851e6	2.7072834776964113e6	2.7206018087885845e6	2.693374610618702e6	2.6889858537164116e6	2.736170089475784e6	2.730127361837839e6	2.673764070626665e6	2.67481635543009e6	2.6776861178472233e6	2.706226325577464e6	2.660335212046708e6	2.6919138551979642e6	2.631923435125457e6	2.6443498144455617e6	2.6306471097289976e6	2.636690302357297e6	2.6393439664800316e6	2.6179464549242137e6	2.597420254148169e6	2.60091177521566e6	2.60099286493895e6	2.600501345404285e6	2.613684803204809e6	2.598967026020893e6	2.598631050239134e6	2.5797962197926263e6	2.62138369899471e6	2.565031171848785e6	2.5208597139152037e6	2.5304373339662733e6	2.6138718664351e6	2.57211978136077e6	2.5344135240645693e6	2.4913655949227232e6	2.4105695458244896e6	2.4041771314277533e6	2.4618625666521606e6	2.4791310998385404e6	2.474702327850552e6	2.4705781843561167e6	2.5004919069545413e6	2.395892879072209e6	2.3487481318069883e6	2.4498831593068717e6	2.392162509978185e6	2.403299974943757e6	2.355862029243125e6	2.30520992864638e6	2.37892016631368e6	2.274680806204085e6	2.2265925305375503e6	2.3970639060999947e6	2.306450153037227e6	2.2589442126927534e6	2.3036986347565916e6	2.2711968110801177e6	2.232062089342734e6	2.174954648994427e6	2.2803681634242535e6	2.1762416281554e6	2.2143441164608016e6	2.1948948708007624e6	2.169758348371169e6	2.212100320039018e6	2.172143125167988e6	2.1469595575725744e6	2.0906631765236417e6	2.026363284400455e6	2.0868396479269888e6	2.0179753250445463e6	2.0703840693374174e6	2.034617688763241e6	1.949487754444025e6	1.9972813869320785e6	1.9149705866324191e6	1.9324926249400764e6	1.8614907739065057e6	1.8857392732919664e6	1.8420641032885858e6	1.8706040854912347e6	1.793760876511369e6	1.7797540333248537e6	1.7066557230097093e6	1.7414405989276893e6	1.776893339591953e6	1.6468482077220008e6	1.6459517198475064e6	1.6280614229288343e6	1.5566961964401319e6	1.5366900649134791e6	1.5368588984946716e6	1.4698789229119213e6	1.4679362174531098e6	1.4286025953127907e6	1.3703431762472799e6	1.3187272432930917e6	1.3614271191111852e6	1.2742743797855864e6	1.1863273797955269e6	1.1450360770929006e6	1.1997673383380275e6	1.0410229501187943e6	975862.0211735987	929201.1511052491	865746.3724916182	810742.0702921976	738975.9731992111	652779.4543811944	578801.1309464253	491469.34754934604	388878.0947617614	280017.0126665961	132054.48727730056	-14399.832978816703	-125227.94417141844	-227082.14187099738	-313595.96074221795	-410323.54009300563	-499400.9805585565	-588714.0651994217	-659860.5832629423	-748380.2463563601	-828957.6671076557	-895549.8214610964	-973009.4521644064	-1.0247045335482922e6	-1.1022841816842305e6	-1.152402185679847e6	-1.2471463390022106e6	-1.2937553682754608e6	-1.371214713150085e6	-1.489540329514427e6	-1.455353599217896e6	-1.5261194873795672e6	-1.5657647793454104e6	-1.695299958588149e6	-1.692738161214042e6	-1.7859320921049234e6	-1.8010198069002312e6	-1.898328165486712e6	-1.9492461128943027e6	-1.9867629189810571e6	-2.035447242101531e6	-2.175935943876726e6	-2.0904374191257716e6	-2.0781526349450066e6	-2.168510698306761e6	-2.346272932664556e6	-2.3573025822201795e6	-2.3621092433641325e6	-2.463164190604395e6	-2.468897456170277e6	-2.498442927106827e6	-2.516797420097346e6	-2.550020630406548e6
2.847376321408972e6	2.846497789047957e6	2.8471706964565767e6	2.8453118248887258e6	2.8446403106904672e6	2.845209403680502e6	2.846440617912583e6	2.8453944045227114e6	2.842804368860664e6	2.8432568969313847e6	2.8459595085892556e6	2.8377214135719314e6	2.8417096919330778e6	2.842418388432783e6	2.643963127735962e6	2.8344573330124924e6	2.836517639051552e6	2.841527555865559e6	2.8357384022495593e6	2.834634261799489e6	2.834105752462287e6	2.8319667270687325e6	2.8234009254619516e6	2.8158735684529683e6	2.8229873579338547e6	2.8180684166936167e6	2.812481341436561e6	2.8143613024829524e6	2.8201025972777572e6	2.807198844188038e6	2.8007572592109684e6	2.8049097510427264e6	2.807346510063214e6	2.798395174560456e6	2.813465005045549e6	2.809609830354556e6	2.7827596916688066e6	2.779173606429366e6	2.762714779077688e6	2.785816948775194e6	2.7414662617743555e6	2.793133982883159e6	2.77270407252882e6	2.7668795057664355e6	2.759405757414826e6	2.7742631954803863e6	2.7530008992394563e6	2.754642219335934e6	2.7579352635889803e6	2.7383077284461297e6	2.710767936291662e6	2.6893885843776064e6	2.715803573847611e6	2.731345373876745e6	2.7503752515600175e6	2.697257945952367e6	2.7351930356241697e6	2.757302071166706e6	2.6997526003276957e6	2.6853164198486996e6	2.6618696596999094e6	2.6593405545675815e6	2.677660216384673e6	2.641145119777146e6	2.6789905214968408e6	2.6481050061693257e6	2.621297072994156e6	2.648030594011753e6	2.6734617475074586e6	2.6652028671457316e6	2.629064925649885e6	2.6061386497544614e6	2.5714217635516776e6	2.6165392975273565e6	2.6059053143009427e6	2.5680012632663827e6	2.549629406553484e6	2.4574318509108718e6	2.5539517024107166e6	2.551431765140794e6	2.516992165478619e6	2.412672281086047e6	2.537154844458275e6	2.516466474717563e6	2.5063761369491494e6	2.49257994395118e6	2.52499657216742e6	2.452881013224419e6	2.343815704490968e6	2.4537872382221627e6	2.4276633439954827e6	2.4583422598662353e6	2.38816089957054e6	2.3346222260516793e6	2.355030045971846e6	2.362721794729797e6	2.284613771915176e6	2.2542564588656607e6	2.5339316635183077e6	2.367494146635786e6	2.326986310922292e6	2.362479297012035e6	2.2905147010083986e6	2.1891704133628556e6	2.2617742026707768e6	2.175259816158643e6	2.1394173316176734e6	2.2775067480880395e6	2.2436612560944487e6	2.136803184447223e6	2.2204584851846555e6	2.127839143970637e6	2.138193742855856e6	2.1499778505614707e6	2.0401224561160177e6	2.0669289689551876e6	2.0022763103441475e6	2.0308537143003468e6	2.0773975035572802e6	2.0153073289613174e6	2.0229717245704476e6	1.9403192269022018e6	1.9743111485787483e6	1.8696432199675275e6	1.9235493584683004e6	1.869489115073452e6	1.858257551157224e6	1.8715243253148925e6	1.7097621398952496e6	1.7564722748827017e6	1.8158323326856708e6	1.6866592388567282e6	1.7135924613824827e6	1.6569519277575475e6	1.5665884936787537e6	1.5667128298184262e6	1.528941243235199e6	1.5323921918758948e6	1.4390289505686127e6	1.434793081613251e6	1.4564224644006272e6	1.388728109390419e6	1.3264616076204507e6	1.3699189318263032e6	1.2731616709071854e6	1.23120884792468e6	1.1872893626195055e6	1.1011982909548194e6	1.0624736795647987e6	1.0306996752057141e6	939496.2331737897	879668.2464112651	812712.7686328185	740847.4866106797	662774.5745715324	584083.907216283	489825.714122389	394704.9798137483	280959.10854811035	131910.76057413174	-15525.59955790313	-131062.57349735498	-231978.06549495598	-325323.0484843771	-413374.60567740863	-508891.8587468453	-588322.8033372844	-665514.4937497363	-757786.2288158168	-833173.5045358716	-897239.2337285243	-995388.1250787638	-998520.8291902416	-1.135253182444639e6	-1.1807420470611202e6	-1.279005434211804e6	-1.3237268246318256e6	-1.379837905448765e6	-1.4696305969027653e6	-1.4870749399795309e6	-1.5846517319006477e6	-1.5864791805532682e6	-1.7048159742080565e6	-1.732681289363626e6	-1.7784964936810466e6	-1.832309485186237e6	-1.934232394457254e6	-1.956256124481076e6	-1.9486895572245796e6	-2.0109433289468554e6	-2.14065049930127e6	-2.49459163089582e6	-2.262001278275278e6	-2.1942764193264865e6	-2.2981599157238794e6	-2.369371118786316e6	-2.3542643757692077e6	-2.4428792719374322e6	-2.477880864521478e6	-2.540532768198673e6	-2.532485868381771e6
2.88142797244816e6	2.881096265874435e6	2.8804816213608887e6	2.8808201791206785e6	2.8796321134050414e6	2.8802834037938155e6	2.8789034748638915e6	2.8861863942418396e6	2.8766630243998943e6	2.872678895001825e6	2.881672424298495e6	2.6772486458376744e6	2.87452744033384e6	2.8744379969171877e6	2.872097074631142e6	2.8725821549261427e6	2.8669117426909492e6	2.8760490801978167e6	2.875418622958913e6	2.870889949345273e6	2.873834578649106e6	2.866606341602835e6	2.857335451735598e6	2.879447543169716e6	2.8532893867507507e6	2.855599360380902e6	2.8451849378579585e6	2.849315924579306e6	2.822081832235923e6	2.8374171791092455e6	2.8410336982752047e6	2.8432032884257305e6	2.8410206485663643e6	2.8239277296078275e6	2.8478701701008845e6	2.8456039410498654e6	2.8307795391933247e6	2.8052869376251106e6	2.8119468287376245e6	2.811642820785869e6	2.806822876007625e6	2.8021046616786066e6	2.8069852226251364e6	2.7965593000922524e6	2.805201875247715e6	2.8056719064238174e6	2.775177739982863e6	2.7898350656707305e6	2.800771908508052e6	2.7699358530396065e6	2.7580474995628353e6	2.7434014978583376e6	2.7993531458077487e6	2.75043756139644e6	2.770979488616603e6	2.6884064268626766e6	2.7323352588419523e6	2.7338113626693077e6	2.778485019440352e6	2.723867655338076e6	2.6986663221019525e6	2.67673610951381e6	2.709988679265043e6	2.682906248677888e6	2.705684103860118e6	2.6585642727812403e6	2.712880895597416e6	2.675424988975877e6	2.6686703138017766e6	2.7195778489219183e6	2.682676873140944e6	2.6262498803415555e6	2.65974644059408e6	2.599585856577212e6	2.65283485264515e6	2.626018174284744e6	2.5740543768652836e6	2.6446012728522876e6	2.6081583356239568e6	2.5739508798486106e6	2.5086352806150233e6	2.582231286946157e6	2.5735031821580282e6	2.5729575194443096e6	2.5256738277878873e6	2.4838288544776365e6	2.5394249329366423e6	2.5077217317605317e6	2.5027835434345105e6	2.436301605957642e6	2.449203154555103e6	2.4383097139524533e6	2.4465044208628135e6	2.4761774392907764e6	2.442019887566248e6	2.4052596593388645e6	2.359205762695128e6	2.317476338714597e6	2.2859857922794763e6	2.5068963849324086e6	2.3602443125898163e6	2.3330681928042267e6	2.366756237498146e6	2.2763412028047806e6	2.486113460515296e6	2.315319656710312e6	2.3100390556903137e6	2.2870146942406837e6	2.2952762923381026e6	2.2924766475179163e6	2.10031974253627e6	2.201978390173343e6	2.1877790404386707e6	2.1575000279521546e6	2.0885748774868115e6	2.1512117871676623e6	2.0924094180634334e6	2.0408210800948015e6	2.0468724714425567e6	2.0743292418827317e6	2.046901016967067e6	2.0470774174046647e6	1.9603193196297917e6	1.9640336876108944e6	1.9108359892107148e6	1.9083946288283013e6	1.8901142471496973e6	1.9200364994458014e6	1.8699274899369522e6	1.8282244824985438e6	1.7866759317347696e6	1.7722013698503901e6	1.7087878957027865e6	1.6898350595319609e6	1.6656801219629566e6	1.5976717123063817e6	1.621691241431692e6	1.6237320325755917e6	1.5065062450908807e6	1.4609698430021382e6	1.502967879111744e6	1.4132554956368492e6	1.3838780556746153e6	1.3322950604312045e6	1.384889704252237e6	1.266419448188656e6	1.197769825712349e6	1.1600514773710866e6	1.1222334712015057e6	1.0823053313415756e6	1.0096716604297496e6	942701.321304814	885486.2515402327	821729.2380761141	741188.5445541642	668488.5552256592	583017.914010966	492131.05012226244	396377.3584951416	281899.43933309754	131766.8333348194	-16650.42920489749	-133562.67754207738	-234102.24708857434	-329179.9390882808	-430632.1543743429	-513695.55598546565	-593346.9228274864	-686759.5001112609	-748629.3945729793	-835176.3889078218	-896322.1668934762	-961195.465035677	-1.0560096222028555e6	-1.134471165387184e6	-1.2002936947886706e6	-1.2875754760075682e6	-1.3408245673755142e6	-1.3166768170252368e6	-1.4336416696944e6	-1.5150804386792905e6	-1.5791714056620402e6	-1.4951504809250962e6	-1.748325553521417e6	-1.7275282990632788e6	-1.8155295280718016e6	-1.8663962401611912e6	-2.0468348859298206e6	-1.9985070756349922e6	-1.9498128941075862e6	-2.0135022773144306e6	-2.110434297258845e6	-2.1337363656217405e6	-2.192155422863417e6	-2.226317934540561e6	-2.3323128467043214e6	-2.3226547027178225e6	-2.45215233643725e6	-2.4378855825052415e6	-2.47979142818913e6	-2.5437347886204147e6
2.9156627361942567e6	2.915744065117165e6	2.913867124209709e6	2.913879835033005e6	2.91334295802442e6	2.9132384476392316e6	2.913500572344713e6	2.9130447689569797e6	2.9097027508560484e6	2.903321760450422e6	2.9074864514912316e6	2.745766967567588e6	2.9109970452500703e6	2.728471419997691e6	2.7278172242423333e6	2.727052843846292e6	2.9091439838834237e6	2.724907825475268e6	2.7217012933886684e6	2.722179972615467e6	2.9120531249630004e6	2.9034583520860253e6	2.8924425586547083e6	2.8824156599837057e6	2.8795582490850724e6	2.8910302665739474e6	2.8771116584945647e6	2.870423039402124e6	2.882599030824982e6	2.882063835548363e6	2.8704737432446238e6	2.8767870372337336e6	2.876456579112866e6	2.868261461404309e6	2.867480445343866e6	2.890594826083357e6	2.848009180457645e6	2.8684262757983482e6	2.854296469210252e6	2.858090825327836e6	2.8610259918806874e6	2.8467946872039684e6	2.8484799570034323e6	2.861103543242189e6	2.832013189801273e6	2.8217836784894243e6	2.823890012893183e6	2.860167021319365e6	2.879434364145952e6	2.822408947872542e6	2.814780226964124e6	2.7996637240748247e6	2.7757671286748466e6	2.7677613034035736e6	2.7953244081169916e6	2.8019507698563477e6	2.7842387582771615e6	2.7545984584234995e6	2.7920722384666125e6	2.7983523009668356e6	2.788796598994012e6	2.7463041482559326e6	2.7322590261140326e6	2.7540697805214915e6	2.698293885123225e6	2.7074328043372296e6	2.6474527816512827e6	2.6364249313829844e6	2.693806474194145e6	2.678461486161241e6	2.704960299271112e6	2.6529301040407387e6	2.6785752445801534e6	2.661432981151478e6	2.5886421179183405e6	2.7257291838593376e6	2.620836840156306e6	2.619945618016492e6	2.5780580747843944e6	2.639499143969446e6	2.621034923566236e6	2.566551993126557e6	2.634616329688939e6	2.615880949380524e6	2.5589434780490617e6	2.549645251344257e6	2.5306079010710507e6	2.5589592195010623e6	2.5282029807130042e6	2.498682210491979e6	2.5188797248864695e6	2.5077188903294364e6	2.381358506303777e6	2.4721622247463036e6	2.459395218146684e6	2.453920029267733e6	2.449300776344642e6	2.4090780194166508e6	2.3784681362846913e6	2.3181981446078075e6	2.367981377658094e6	2.479490281580439e6	2.3482020008041114e6	2.472314562099927e6	2.3912555555766495e6	2.208073105077967e6	2.188562379031309e6	2.253657807845458e6	2.2859132987949373e6	2.233203528817601e6	2.283540013314811e6	2.2421515805715118e6	2.2039666651644483e6	2.1837890588188744e6	2.192518961246607e6	2.1568205408556815e6	2.1517771192504764e6	2.1640890823615333e6	2.0849376985511389e6	2.0733796443310673e6	2.0867606156505863e6	2.0616380711152863e6	2.0474436725918388e6	1.930807507072628e6	2.0808972478241846e6	1.9952373536080238e6	1.9220853437464943e6	1.8965048942756986e6	1.8316209579151538e6	1.855061183190623e6	1.8649308618768444e6	1.8065941811811938e6	1.773651285146491e6	1.7172793139749689e6	1.6828180607080888e6	1.6951257890091348e6	1.6373683019682057e6	1.6022708353890788e6	1.5227815583291666e6	1.5531345670362734e6	1.6284623681306727e6	1.5214366101202029e6	1.4203371693841876e6	1.3515737717116312e6	1.3336028309025068e6	1.3551965943286272e6	1.265272856922077e6	1.2457106653989132e6	1.2167952161491194e6	1.1285534046459966e6	1.084224986141663e6	1.0193919943632465e6	939349.4693427118	889744.0020432267	825534.3449992817	749407.334316321	670103.472688965	586178.2225940446	494217.7180165984	398221.399300616	282844.0545321335	131622.68502003187	-17780.706433961634	-134526.84624624904	-234805.51923654787	-333969.9672519597	-417429.970017151	-522924.3875453356	-599277.4958914937	-695656.8169166506	-768975.1047426467	-841389.947513123	-909238.4842690486	-1.0003984581483155e6	-1.0490626652889447e6	-1.1326722702016723e6	-1.2188915050451038e6	-1.293714058164348e6	-1.312298350268207e6	-1.4082911332793534e6	-1.4979464864999698e6	-1.5173193581680385e6	-1.579881231047615e6	-1.6659394160328596e6	-1.7377494952995102e6	-1.7180066672301195e6	-1.7803727134093316e6	-1.882233720226781e6	-1.9128575294070398e6	-1.9805602719990783e6	-2.0281221677807407e6	-1.9960040289543443e6	-2.195569171636281e6	-2.186272552818119e6	-2.226868558451287e6	-2.312722485632528e6	-2.3362489776326255e6	-2.3215102186485105e6	-2.4104177194842654e6	-2.537086716062226e6	-2.4497016262385524e6
2.9501006541055e6	2.949471195549096e6	2.949299077778384e6	2.948723149547182e6	2.9463716872755084e6	2.948199282594771e6	2.9456560793327386e6	2.9476709914983576e6	2.945157703966232e6	2.9422766594819026e6	2.9476841200527605e6	2.9471871912272642e6	2.944168073811778e6	2.761940489700259e6	2.940214087738902e6	2.9372912449603216e6	2.756543657538488e6	2.9400353393964777e6	2.9365639040675694e6	2.933857176545769e6	2.9305977288446557e6	2.7491891647248603e6	2.738325865088677e6	2.917212684262045e6	2.9151632044818057e6	2.919434201868745e6	2.9046644134705244e6	2.918836988855507e6	2.927012334145114e6	2.901721887246782e6	2.908558440433966e6	2.9289046987025435e6	2.868009816350476e6	2.900322377557422e6	2.896969504735186e6	2.8827473145442917e6	2.8933605036130236e6	2.888541834548897e6	2.889980480908871e6	2.8789972416830477e6	2.884194663728531e6	2.864613335343854e6	2.952270211091615e6	2.920828153994889e6	2.8849269857838624e6	2.8658123105895016e6	2.8639265355821927e6	2.857698064274882e6	2.8734674735963484e6	2.884555162679735e6	2.8365873616925175e6	2.8462498516697045e6	2.832395498280798e6	2.8147311645363243e6	2.799909558750146e6	2.8010637211716515e6	2.8266141637423057e6	2.821214997170542e6	2.800338919768919e6	2.8032688676570454e6	2.830373317764181e6	2.800061519046072e6	2.7703627067436455e6	2.7325972884508395e6	2.783227888718991e6	2.5536344335285802e6	2.778988915429969e6	2.7826809189758883e6	2.7392472594248597e6	2.7328046422098703e6	2.7383688830071413e6	2.7267852046430116e6	2.748713501708997e6	2.737311444644443e6	2.7024003402316384e6	2.615672359106772e6	2.7175144611841748e6	2.6255502358010155e6	2.573988424822067e6	2.6069343817727882e6	2.695908965669099e6	2.6319278651349717e6	2.662882529016467e6	2.6323518140936154e6	2.6338391107890336e6	2.5671681099236133e6	2.5840377313270303e6	2.5888809600995556e6	2.5611387474875604e6	2.5421690737117575e6	2.5427991581443325e6	2.549628292745066e6	2.4561341785558145e6	2.443352122706871e6	2.5016081015687315e6	2.500416400463672e6	2.4844421108539477e6	2.462507904168079e6	2.416358166511572e6	2.337841846006387e6	2.3223944742673947e6	2.473757257094371e6	2.512450563436974e6	2.4202350047969567e6	2.4192705613414915e6	2.325094240984451e6	2.526652353995542e6	2.309108057644518e6	2.323991671588932e6	2.261201420486042e6	2.2658627592448667e6	2.294807329442547e6	2.2260000949632796e6	2.214045783513998e6	2.2477406486311452e6	2.209021890000612e6	2.166081294877112e6	2.147619133872002e6	2.1399467874318794e6	2.106112932863729e6	2.1065186060632328e6	2.0880260314608074e6	2.0819799782419552e6	2.022203228017064e6	2.0328339332859155e6	2.039198624608855e6	1.9998792632385294e6	1.9211056537983203e6	1.9021930788864314e6	1.8985322527230163e6	1.863279912620303e6	1.8364761119690293e6	1.795757206190579e6	1.7817772661436007e6	1.7357854521102763e6	1.709954029619599e6	1.7055614894482654e6	1.6424748760369602e6	1.5595223267659892e6	1.6105635030819792e6	1.5541867561302036e6	1.508789334899189e6	1.4813173094513183e6	1.4704578274958478e6	1.3813354090693966e6	1.3627282525287026e6	1.3800290407017218e6	1.2709236919142955e6	1.2269597137625031e6	1.2070585860045322e6	1.1526518732742993e6	1.095146656140913e6	1.0323814635123296e6	969097.8510610501	899015.0849103741	831872.879984288	748679.9961379541	673969.2663564172	591151.897351502	504976.6423191456	400021.4206482675	283788.08588061994	131478.325488674	-18908.89005635446	-137435.71766209183	-242524.40670202207	-335460.709462577	-429405.8992683366	-529444.5142339389	-608180.6762033598	-688340.0658400841	-791147.9869882227	-853865.4821536113	-922218.1998682795	-975458.7741210004	-1.0518901213760064e6	-1.169514648070023e6	-1.1876296102947267e6	-1.3347803599946615e6	-1.3603779276737538e6	-1.4052616536912401e6	-1.4645810622093598e6	-1.5667181151704984e6	-1.6272968402999705e6	-1.6701908373944205e6	-1.7352796918261787e6	-1.7421365244401242e6	-1.8608326457553343e6	-1.9123307430604142e6	-1.8781063584933183e6	-1.934565229704984e6	-2.0723581335390047e6	-2.0741438979649157e6	-2.233264446826127e6	-2.1943461386340433e6	-2.22002252548359e6	-2.2665402688901504e6	-2.2193770109957117e6	-2.4314263426942104e6	-2.4408184333475498e6	-2.6346058575491845e6
2.984743947109117e6	2.9842444406700875e6	2.9842936695124665e6	2.983054120052605e6	2.987103096572592e6	2.9832819972520815e6	2.9837226619179277e6	2.9803215742601324e6	2.97885871715114e6	2.9762965639574085e6	2.9786461474534995e6	2.9801338945051557e6	2.9770368485935177e6	2.79459968030779e6	2.9765559320331397e6	2.978872074986363e6	2.9966763361165747e6	2.9774875918375044e6	2.9761541523258532e6	2.7823070075912606e6	2.9611319961422053e6	2.9607298999909107e6	2.9644181118297754e6	2.9623692610440976e6	2.7705029999608425e6	2.9272546357891206e6	2.9389041339872745e6	2.9601485404291116e6	2.9496009038388412e6	2.955483961612803e6	2.9313797884320966e6	2.937041470673877e6	2.952489064452403e6	2.946621218594104e6	2.9463947599870437e6	2.9384750876085456e6	2.9184181804580893e6	2.9172657316385396e6	2.888355656351921e6	2.9362580748520633e6	2.9361575854119686e6	2.934088646497248e6	2.921966198515481e6	2.9188384872085913e6	2.9234281300408524e6	2.8935907349842796e6	2.891481060141216e6	2.8529286073498167e6	2.8920095307142753e6	2.8835142460105116e6	2.8986890704532787e6	2.890865986935144e6	2.8902308227286297e6	2.8868241392982155e6	2.8190214110036055e6	2.867536615773469e6	2.8423572740941197e6	2.845098241324704e6	2.8411970989325754e6	2.8250671622078232e6	2.8575505619708514e6	2.847621374878709e6	2.8024726620277716e6	2.808397527464119e6	2.743894864219436e6	2.777851569713282e6	2.778903621126141e6	2.7550304340308695e6	2.793926040241572e6	2.759967379024221e6	2.759703981205002e6	2.780292416981064e6	2.746708212067082e6	2.7663385343014114e6	2.741062910473697e6	2.716366829410571e6	2.727324030989102e6	2.7319929910915717e6	2.703338208286914e6	2.601870775881823e6	2.6034586313910224e6	2.7101894331573853e6	2.6384043439259315e6	2.6664189929956105e6	2.6805313717241236e6	2.6304146873556785e6	2.6100680633088164e6	2.6322662589825448e6	2.555034634013419e6	2.637968863919491e6	2.556709526286333e6	2.4816566513285358e6	2.5122605390073955e6	2.555546562160297e6	2.514981361909288e6	2.4895656419860516e6	2.512612035055813e6	2.5028648974166187e6	2.4821633542962605e6	2.444161016569175e6	2.332786791200139e6	2.3875968850104036e6	2.4540845223757904e6	2.4641416685061776e6	2.4743954129992845e6	2.41560206243584e6	2.3848690717622535e6	2.38117531299067e6	2.325017452135152e6	2.3571891557510123e6	2.318725002260384e6	2.321643375190062e6	2.2701861642859075e6	2.26342953386017e6	2.227406210394686e6	2.2611149157609683e6	2.253010630164076e6	2.1446101366980015e6	2.1785446054540304e6	2.162776099789284e6	2.1893143232036205e6	2.17520534224231e6	2.1704536576815564e6	2.0638957589506062e6	2.0600620958784425e6	2.0007760789665272e6	1.9091682835871775e6	2.0165367683739283e6	1.9475729101482516e6	1.9313530781164914e6	1.991676620851345e6	1.918976014343548e6	1.8253715439382014e6	1.8008718556180415e6	1.8038233802947346e6	1.7514782604346643e6	1.8223006729014385e6	1.6872089669578373e6	1.671896606074695e6	1.617000847588615e6	1.6180766369175352e6	1.6763942311559902e6	1.541093850279351e6	1.5750052054427357e6	1.4596668859719571e6	1.3942935832275832e6	1.4114257488094924e6	1.4005198433251185e6	1.3375392214114093e6	1.2956666423284383e6	1.2133332463580589e6	1.1633744757390255e6	1.0989530856466054e6	1.0363129874371588e6	974188.7959564137	907969.9434065493	835697.7189263243	759502.2186203036	679005.0732082245	599112.5488195624	505260.7211132203	401703.1409641146	284731.56431109784	131333.75937534636	-20028.315569735598	-139121.60269704973	-243849.23161282158	-344512.3277895055	-439276.6353297327	-533978.6205234057	-630954.622196753	-712104.8033823436	-769969.215637662	-854263.5019756835	-940193.4888190157	-985480.7851466294	-1.0445275577753722e6	-1.1492503867149535e6	-1.2155458681038055e6	-1.2927227833022778e6	-1.3536426232788498e6	-1.4241057178897369e6	-1.4193298650375614e6	-1.5423117999062785e6	-1.6221482290818128e6	-1.6652167471384346e6	-1.6919315363837169e6	-1.7485961612937008e6	-1.8683982086926415e6	-1.8629899467890165e6	-1.888952657103321e6	-2.029347307372633e6	-2.0115470670305244e6	-2.1281282703098995e6	-2.267370255336845e6	-2.2975022121335813e6	-2.2524488933640053e6	-2.2100587575153797e6	-2.3705832562051923e6	-2.4652570869638086e6	-2.4798591796722556e6
3.0195550193014527e6	3.0186738224248784e6	3.018090510528825e6	3.018952025486918e6	3.0190032666288065e6	3.0177575387112843e6	3.0185333670905083e6	3.0173102099839617e6	3.015114461194698e6	3.0124765335302297e6	3.015211348459752e6	3.016416376321485e6	3.014713886892856e6	3.009188120684592e6	3.004088460954179e6	3.018026594060318e6	3.0118783458670904e6	3.013438450590263e6	3.001594632299761e6	3.0049661870422447e6	2.9997619657575623e6	3.000819668218431e6	2.9965885707629058e6	2.9980615616559098e6	3.010679437204211e6	2.981563363349441e6	2.794561727628465e6	2.977645396001742e6	2.77245602694797e6	2.971588075725624e6	2.9796998285633633e6	2.978838712012562e6	2.9746397341010924e6	2.9807522314214446e6	2.782908182238017e6	2.956696085816477e6	2.9831681270727105e6	2.957225656978036e6	2.9517839708685186e6	2.9335286892977823e6	2.9704840590370493e6	2.9741956691193506e6	2.93830272789107e6	2.9266074864546284e6	2.9310437009807434e6	2.9321237919788472e6	2.96617621121715e6	2.921132585395284e6	2.921653277539177e6	2.924585324053314e6	2.894950800609161e6	2.9270777647512658e6	2.9107552126227315e6	2.878581227048866e6	2.867151950752673e6	2.8604204740843056e6	2.8863015269528395e6	2.8380515860715825e6	2.870022122487085e6	2.8643121819691015e6	2.8184096760851266e6	2.8830078532086983e6	2.879300732685736e6	2.863612350148613e6	2.8237188015310736e6	2.795155175581895e6	2.7939319885658273e6	2.8510644845051942e6	2.8349467639414724e6	2.7999478370706337e6	2.750671983768191e6	2.767068084862875e6	2.8376861175382584e6	2.757331283202972e6	2.7163943462697514e6	2.7435098240428492e6	2.727962418030562e6	2.718089313838768e6	2.730009009179308e6	2.7162473636488523e6	2.636230215991136e6	2.7033040298706754e6	2.817243629751529e6	2.638960303214005e6	2.682074086923326e6	2.6623496776317926e6	2.7108502825051304e6	2.6369471381929475e6	2.665959311171037e6	2.581859119111561e6	2.672348742267335e6	2.629832553522239e6	2.57881392612971e6	2.546892870489207e6	2.590754354808665e6	2.577939718555771e6	2.609096325900886e6	2.5291609125842126e6	2.4867593085513166e6	2.4918075217659166e6	2.4430637407076564e6	2.3840137245718227e6	2.5005287776519638e6	2.497473646834586e6	2.425625053546581e6	2.4725116138929348e6	2.4632953455812195e6	2.422185225883201e6	2.393475735587912e6	2.334318199724146e6	2.3007999038550477e6	2.3249717660239106e6	2.2942501907210266e6	2.307624883049337e6	2.218486012624463e6	2.2826794114844995e6	2.2938185211020727e6	2.2852713766632313e6	2.1970008551676106e6	2.2454471446900936e6	2.1156301171672386e6	2.2020491498131966e6	2.116706017191574e6	2.1637509577146536e6	2.0932478440769438e6	2.049319075881067e6	2.0252380434978274e6	2.0038932227834673e6	2.0137934853227346e6	1.9526670276900947e6	1.9844081251093075e6	1.8873371494120818e6	1.8565878251571725e6	1.8441090255778541e6	1.8698967319264368e6	1.8184079907232248e6	1.7740501043777594e6	1.755552941804987e6	1.6970644652360764e6	1.5634941735054222e6	1.673862957705607e6	1.7370465377452292e6	1.6742136735911304e6	1.569607100230452e6	1.5284665578549972e6	1.4859067772305517e6	1.3899153852903335e6	1.4404072774296135e6	1.4119561363946479e6	1.3521607346859006e6	1.2832847135838945e6	1.2330023721771934e6	1.1570015526040022e6	1.1164939782417882e6	1.023221365775513e6	979984.394568752	910858.7748404895	835958.324943085	760483.0501437322	682962.1948084214	598056.2064672199	509777.8377134688	403619.4750576732	285677.5264435075	131188.96085325815	-21158.72693285672	-141088.74242083728	-247472.5854224367	-345104.0347759221	-438904.92041293485	-548416.816927969	-621323.278028043	-706297.7699298267	-787449.4105374692	-858603.880529013	-975473.3039993015	-985665.191160698	-1.0506922001696415e6	-1.161843962325479e6	-1.213026200938282e6	-1.3441507843228471e6	-1.3795548977524606e6	-1.4280811104631848e6	-1.494287558254146e6	-1.693289372891964e6	-1.5794160879124678e6	-1.6741179608253445e6	-1.8036639656172614e6	-1.7657346709445058e6	-1.860706389949759e6	-1.8937020615604664e6	-1.962475973081306e6	-2.0226514028511024e6	-2.0880538925389717e6	-2.1786056704315417e6	-2.206545286124118e6	-2.1556272086277935e6	-2.2695365871655443e6	-2.297656002835212e6	-2.37013867307671e6	-2.460142645157779e6
3.0545799293392184e6	3.0539774300703374e6	3.0524904553312445e6	3.0546259243630725e6	3.053442589257842e6	3.051932791935891e6	3.0507165843431926e6	3.050253902007401e6	3.0516347130528223e6	3.0473213466880526e6	3.045055254010848e6	3.048210045305268e6	3.049160040826667e6	3.0449583542520916e6	3.065044439967707e6	3.0464584786622245e6	3.0511808007242605e6	3.047906325164547e6	3.045956615874568e6	3.0289275961639923e6	3.03565650281754e6	3.0281238345022616e6	3.035995690325788e6	3.043315403397267e6	2.9866764525578446e6	2.8393646300908504e6	3.021693636378649e6	3.0266177391619906e6	2.8287559126055203e6	3.0296696130978004e6	3.0197907859725477e6	3.0092925674876403e6	2.816648720232885e6	2.992204628190963e6	3.016623390304706e6	2.996528277684465e6	3.0049541529375464e6	2.9833063811569978e6	3.0154488414478498e6	2.9763098746160967e6	3.0218658261954775e6	3.0050616208633594e6	2.983305744690907e6	2.9628964714410966e6	2.9477162981167566e6	2.9827516670822133e6	2.990652570128069e6	2.9601960235602544e6	2.945904161328283e6	2.9456045563567537e6	2.955679072759974e6	2.93326635528325e6	2.961004924479091e6	2.910243587732818e6	2.930471089692121e6	2.887878857128114e6	2.9101905768083683e6	2.9140205879384703e6	2.9078882599830935e6	2.9051506072618156e6	2.858581393368424e6	2.9044920345136705e6	2.864841815235533e6	2.899687116213799e6	2.884038201765642e6	2.8633087166606337e6	2.826455510968176e6	2.9078957208049255e6	2.924201848069019e6	2.822031392068173e6	2.80678462416591e6	2.817641939978046e6	2.837099444670347e6	2.815694395065594e6	2.814965064313422e6	2.7847148144975146e6	2.7732517358208694e6	2.7338385771710947e6	2.7154717779185474e6	2.7754941901967917e6	2.674564781627264e6	2.8181281963669667e6	2.7110709404226807e6	2.744843909429134e6	2.6634751736506713e6	2.769011700099434e6	2.77541397063569e6	2.6842104221197288e6	2.642494858560396e6	2.648844926118767e6	2.6397602851158045e6	2.640518033459229e6	2.6547245164474845e6	2.6083890247514406e6	2.6017474505574694e6	2.6294238937155916e6	2.5543600035866457e6	2.619279652166985e6	2.552359491782833e6	2.5330640691392557e6	2.4080123953113183e6	2.496381148918483e6	2.5201386003801646e6	2.5613530416487837e6	2.4534663888963927e6	2.4701427147478242e6	2.5079467932460103e6	2.462670581140829e6	2.438367917253957e6	2.4249102813639077e6	2.3981568483172962e6	2.3786600028230324e6	2.3616899729074105e6	2.3434099472470516e6	2.3299112463390334e6	2.296452609209508e6	2.2819534201546507e6	2.3043873073024545e6	2.2805131839471543e6	2.177254356735606e6	2.192541277266679e6	2.2481204222849747e6	2.1724944394067656e6	2.1563254903817847e6	2.165554360582288e6	2.1358996755090225e6	2.172419204749116e6	2.0311385138153739e6	2.049256203178154e6	2.0329441300609838e6	1.98177378594542e6	1.9398397809553072e6	1.8971817671550622e6	1.955843330908449e6	1.968039732801436e6	1.868054967483479e6	1.8173915029589692e6	1.7441502992621139e6	1.767329208952337e6	1.7189430643916137e6	1.704224186350086e6	1.6491049275157885e6	1.6366003546555243e6	1.678046255696505e6	1.5674502593100779e6	1.5199671904931632e6	1.4988838269585802e6	1.4512758827341124e6	1.455659482854648e6	1.4025582010362628e6	1.356674756604326e6	1.29434133206874e6	1.2170319010605009e6	1.1282471150493457e6	1.1159023251126625e6	1.0530069835655931e6	973032.8846370617	906776.3547593476	842843.4431268221	762897.191561053	682019.0209774664	601378.4922072445	513425.1602052562	405302.0410757023	286624.29002014315	131044.0075531681	-22303.046380531974	-142780.2910419032	-247512.65209238045	-351818.9138395721	-450326.46865788475	-543299.1863315557	-624759.6994111384	-703480.9790067067	-794705.9442727016	-877575.2664244645	-911888.0369874411	-1.0156742297748905e6	-1.0844172508723051e6	-1.1932715758474823e6	-1.2448376590336296e6	-1.3058431152996812e6	-1.363433021606783e6	-1.429176122679038e6	-1.4481315674491506e6	-1.5779038097296916e6	-1.6914424397638673e6	-1.635398155326943e6	-1.7782583786246567e6	-1.7805363704084954e6	-1.8278148227245915e6	-1.922176085001266e6	-2.0100681365959668e6	-2.0314766226658286e6	-2.1152328004398993e6	-2.155681009742213e6	-2.368713708614632e6	-2.3218640363642215e6	-2.284427984408486e6	-2.3369551499376227e6	-2.429494569387646e6
3.0897920457909196e6	3.0892403248270443e6	3.0882212068610135e6	3.0896063268181533e6	3.0894064373564743e6	3.085168682593628e6	3.0822592478800034e6	3.0835880238759294e6	3.089665462571535e6	3.0817949137199125e6	3.082689164473781e6	3.0817516488382057e6	3.081307536370314e6	3.07621645280148e6	3.079225780632469e6	3.0806115851558335e6	3.0848218361518774e6	3.08281285628436e6	3.0752670868286164e6	3.075381688342438e6	3.06839961160577e6	3.0691592008771524e6	3.0846499016340273e6	3.0557143510847725e6	3.0567382066341448e6	2.8775292710768133e6	2.878415583550172e6	3.049661222838749e6	3.0547448420495456e6	3.047984275325575e6	3.043295569356e6	3.0874853067587335e6	3.0333103781559607e6	3.0408761000331137e6	3.032757777332156e6	3.0358141951759094e6	3.045205872771195e6	3.043698645245527e6	3.023608684574354e6	3.053278812781713e6	3.017395891529842e6	3.031160977376437e6	3.0133137929958766e6	3.0048594678340782e6	2.9725960655133193e6	2.9847682854704745e6	2.9920716266834782e6	2.9928909797197953e6	2.9736039895448997e6	2.9753158593099243e6	2.971082405320571e6	2.983058934556202e6	2.952722338658027e6	2.9811957076681787e6	2.9653959204303315e6	2.975002468458529e6	2.9596140184152727e6	2.9356713541572383e6	2.928672741821451e6	2.9144751065933025e6	2.914476243010992e6	2.9181701637197253e6	2.913640136594094e6	2.8996419132048856e6	2.9504866500287717e6	2.929374486085514e6	2.90441125213269e6	2.8822692603933685e6	2.849922205677952e6	2.8717374328510384e6	2.858580882131075e6	2.8570778783e6	2.814697733932393e6	2.8271273425720083e6	2.8343488676737538e6	2.821930437475216e6	2.857637424788734e6	2.7661037658044337e6	2.759217133777426e6	2.7518701844737045e6	2.7760048725837665e6	2.7946380644631875e6	2.742044943609358e6	2.7205902404066715e6	2.7928117057406204e6	2.7047246742892982e6	2.788313406092548e6	2.757114470893422e6	2.7011417694719564e6	2.660289963009186e6	2.6611080626581227e6	2.7149783820346957e6	2.673489956877497e6	2.677488803301367e6	2.621414560369212e6	2.635740531313204e6	2.6102900876118424e6	2.621406593946878e6	2.5507476638376117e6	2.533202926575835e6	2.57211295563089e6	2.5842586081704786e6	2.496055557842686e6	2.4744277960787406e6	2.494141833236708e6	2.456764808993345e6	2.533970500406633e6	2.497147973877455e6	2.4778636433687257e6	2.4594795975784846e6	2.417712225506543e6	2.3696487471479634e6	2.351096477928004e6	2.380754201846659e6	2.3631576563092805e6	2.3489739287640615e6	2.211773389812614e6	2.236227353520386e6	2.3373110515266946e6	2.2709489372604014e6	2.2471187629208146e6	2.193771409458473e6	2.220401188890446e6	2.1483151107148426e6	2.1134889091663305e6	2.1226566380931907e6	2.1350128119282196e6	2.1342705712559912e6	2.0634652249090376e6	2.0942678534946e6	2.0414604389676536e6	1.9216551863720517e6	1.9181349820509232e6	1.9411794301425598e6	1.9651134029217237e6	1.9117632948248466e6	1.8836074038320044e6	1.8563147721597436e6	1.7932624669870627e6	1.7770219848928615e6	1.7427225392614482e6	1.6743816758707396e6	1.812116198883189e6	1.7310704576276708e6	1.5931581577555689e6	1.4357586052870117e6	1.6549103551324948e6	1.5077612961638847e6	1.428604081026311e6	1.4662506299833246e6	1.4166416374653224e6	1.324901373091767e6	1.2810844483317528e6	1.2060344621223533e6	1.1898695516128624e6	1.1212221578496606e6	1.0425438754715696e6	975385.6252693166	915339.6916819485	834272.146961383	768848.6268930514	690474.6995422221	603584.0918336832	515733.4001845508	407066.80398107413	287572.41700345976	130898.83400922129	-23424.62216423964	-144705.4371377551	-251788.6078219288	-363581.4606805849	-453795.5080923955	-550362.6662522168	-628559.9361821436	-707566.5184754203	-805767.6534166457	-876541.0562032158	-957591.6764694988	-1.0326892651941921e6	-1.1101564390708385e6	-1.219154407895768e6	-1.2305413562544663e6	-1.353220035743225e6	-1.3594362196303098e6	-1.4370183378846436e6	-1.544196356864205e6	-1.576407426355178e6	-1.7397305293209455e6	-1.6910540951970979e6	-1.8688610794164813e6	-1.8753129302416188e6	-1.82483645475651e6	-1.9616031379238213e6	-2.0008499590871376e6	-2.0110000750023448e6	-2.14756320457928e6	-2.235368569604834e6	-2.326755355148775e6	-2.285996884681799e6	-2.3179702155167046e6	-2.457308897841159e6
3.1251889497307246e6	3.124369692313999e6	3.124166311517614e6	3.12385894436819e6	3.1250623177994206e6	3.12017871260078e6	3.1211938512379117e6	3.1200908223687895e6	3.121414774946782e6	3.1218708357634074e6	3.1209377323457906e6	3.119347339391607e6	3.120047806833161e6	3.114898880224145e6	3.113251740836748e6	3.1128657714353204e6	3.1140230132513205e6	2.940600678050421e6	3.1127959417760447e6	3.1081752113029175e6	3.105226657976223e6	2.9264835546401506e6	3.0997630423287256e6	3.095394754597161e6	2.9254898239682154e6	2.925371935520894e6	2.9190953493928565e6	3.0979141134187733e6	3.102670213342543e6	3.0911484128834163e6	3.080694011084902e6	3.065199343453038e6	3.0613956691262913e6	3.069868071901304e6	3.0718864400703087e6	3.0859559313684814e6	3.0689624238963183e6	3.062900347229357e6	3.0547674038336533e6	3.0671856918187165e6	3.040026169636136e6	3.042211789297007e6	3.046334684509632e6	3.04437124355257e6	3.039125632415484e6	3.0308821758936835e6	3.0973484344257624e6	3.0247266607056074e6	3.0151541218858687e6	3.0284340438554906e6	3.0161690676491293e6	3.018782598050609e6	3.064656030754111e6	3.004024147609675e6	2.974819411447023e6	3.021775160682334e6	2.97124833206134e6	2.978303961139261e6	3.01278873875104e6	2.9707069643205456e6	2.986064463068266e6	2.98123799340625e6	2.9349684452701528e6	2.9270569744751113e6	3.0145367819772284e6	3.0463656798946e6	2.9464684464884866e6	2.908194795364054e6	2.9292996957188584e6	2.910513127929299e6	2.920724213225483e6	2.895665399661114e6	2.869108615311575e6	2.8346582680889117e6	2.8255995553386663e6	2.863609822089012e6	2.866011867816327e6	2.77826707176061e6	2.82537876661708e6	2.8250018452957347e6	2.761437445754922e6	2.852302449466288e6	2.797386357857278e6	2.7559136325150337e6	2.761379571776432e6	2.784580819046165e6	2.7860317819949808e6	2.7981117277761553e6	2.7363745384197347e6	2.756644931443051e6	2.6936673961818363e6	2.7588859380427436e6	2.705213144779904e6	2.6973905903897495e6	2.6246792675825753e6	2.5985275558059677e6	2.670840527849322e6	2.628663934854303e6	2.647277367486049e6	2.687710886921121e6	2.6408144491739003e6	2.5544977731188014e6	2.637730592593114e6	2.509642334962371e6	2.4799206653271485e6	2.427046373266431e6	2.563745374521304e6	2.5679510275834356e6	2.5219202389102867e6	2.498068421283225e6	2.462069296485807e6	2.4114477085547326e6	2.477788617548911e6	2.4263051508957134e6	2.3788025353033626e6	2.373900802647154e6	2.371297839798021e6	2.3203215835321285e6	2.3214791349538565e6	2.349119681371277e6	2.2906520608481895e6	2.2912974335274706e6	2.259594462333018e6	2.203515092129199e6	2.131475177759555e6	2.1718535740349693e6	2.176066497126619e6	2.177138504337861e6	2.1179509232858447e6	2.1014297337177694e6	2.142046096386505e6	2.113417636282406e6	2.0284049532480051e6	1.974934362122519e6	2.0053146335474234e6	1.969102667930631e6	1.913560322365018e6	1.7667519048603177e6	1.8525625891281944e6	1.8691878040992299e6	1.8245609957801953e6	1.7721673250434436e6	1.6914658856668645e6	1.6976097013874052e6	1.6749265896314387e6	1.6214928538674065e6	1.583016210205285e6	1.5578902359589033e6	1.4761622069031128e6	1.5269396537486739e6	1.4300946628682213e6	1.375496431672557e6	1.375393713738747e6	1.3092914498328804e6	1.2498680769504425e6	1.1904399701777087e6	1.0921042693565374e6	1.0567252726305542e6	984933.4629486417	917279.6773934041	840494.4311821682	784096.4354975382	695472.260975505	608671.680450154	518350.6931550633	408899.9740192271	288521.44187365053	130753.45978155406	-24558.453994308133	-146721.37605554983	-255155.01056931727	-357477.63066319143	-455868.3412376391	-549513.2389765652	-630583.0974358991	-710843.5894497801	-808656.9368987135	-874210.7513034493	-992016.8590114159	-1.0702559863331923e6	-1.1005350564292683e6	-1.1417307882754724e6	-1.2385259395427452e6	-1.32775605499022e6	-1.3913162698473507e6	-1.4182484487273456e6	-1.5063772735362607e6	-1.66489766063943e6	-1.7066107772605517e6	-1.7744158334796852e6	-1.8205628668921948e6	-1.8330766226208112e6	-1.8744635699282964e6	-1.9613702244033902e6	-2.0173316755537395e6	-2.0551667162921182e6	-2.1674192907037786e6	-2.18412909079331e6	-2.424703613716169e6	-2.325280025585798e6	-2.347308534702525e6
3.1607910301361363e6	3.1604182972652055e6	3.160106669652031e6	3.1598840405852324e6	3.1570598897435763e6	3.164260957182781e6	3.156165460095808e6	3.159804815852542e6	3.157374951143927e6	3.155280310217553e6	3.157183659795086e6	3.155924769427149e6	3.154942793115305e6	3.1556270814700397e6	3.1517060184219247e6	3.152231635424525e6	3.1370606383038634e6	3.134555435165081e6	3.1439627863149336e6	2.941057252079322e6	3.17028443191678e6	3.1369374968264857e6	2.9707692918295823e6	2.968705237419906e6	2.9673224150076765e6	2.9660102132575563e6	3.1284983039333727e6	3.1370166090358715e6	3.128952034424912e6	3.1200898897145363e6	3.1132414088804475e6	3.104281771560072e6	3.115879426560509e6	3.1109341697022114e6	3.129239664155783e6	3.109207082029606e6	2.99240588938356e6	3.089606833386155e6	3.107449152023029e6	3.0921812576299524e6	3.0848154606414055e6	3.0897200315968515e6	3.08565545668524e6	3.091025318863927e6	3.0942089088356555e6	3.051552060936581e6	3.0564442898278483e6	3.117561656225128e6	3.029390314362341e6	3.0538496601874395e6	3.063170796384301e6	3.0409389406571994e6	3.0382117070587324e6	3.038130209405886e6	3.0636802417128943e6	3.001220757396361e6	3.04616032726621e6	3.043751348872803e6	3.004462384200652e6	2.9769018786373255e6	2.9655090780100664e6	2.976008607467955e6	2.9994941912737517e6	2.9584751580188745e6	3.056468132088895e6	2.969610048347326e6	2.980276657521203e6	2.9871526645293906e6	2.9036058770568273e6	2.957436908647209e6	2.9435870422518672e6	2.9247538761726385e6	2.9048534337873263e6	2.900966518566953e6	2.8626139865549877e6	2.8786135321385176e6	2.8957106858626325e6	2.8622732044271855e6	2.91632223649432e6	2.847930236948589e6	2.838679345292387e6	2.820761391363754e6	2.8646510115274983e6	2.864581500045405e6	2.772962133903641e6	2.926813794175706e6	2.899705095717363e6	2.7599984462626185e6	2.825240272922149e6	2.784290418881673e6	2.7503508627273836e6	2.733518502762989e6	2.7199609148679166e6	2.6827432161056157e6	2.711098685833997e6	2.7181953143361164e6	2.6867082610564064e6	2.644476287762042e6	2.626523395376274e6	2.667019481206895e6	2.630697336620154e6	2.654587026218779e6	2.5917575281203557e6	2.6004172376104933e6	2.55202816085195e6	2.5134218011539974e6	2.568984375780834e6	2.573086026895507e6	2.5601304142064964e6	2.520521697451057e6	2.4700062837133203e6	2.5245165944441543e6	2.52684399101245e6	2.452726156090359e6	2.429530401308029e6	2.4005361143214675e6	2.4293429473661156e6	2.3713365836386746e6	2.3508306976343542e6	2.3259957124956865e6	2.4022860506201093e6	2.3013484659228576e6	2.2344562818154227e6	2.267412748381093e6	2.248607659858589e6	2.179851801796085e6	2.238204384022787e6	2.225731128540866e6	2.2365634623098234e6	2.135941089563799e6	2.0595539371864116e6	2.124469664729463e6	2.0191547722472276e6	2.0993808180873133e6	2.0500195520013548e6	1.970244354333398e6	2.0258595085540912e6	1.9378883776269867e6	1.8523359852018044e6	1.9023767141799773e6	1.8698553377445897e6	1.8287078352322332e6	1.7959594721342095e6	1.7254086246937728e6	1.8206877786107864e6	1.6736117543576455e6	1.6377915059171077e6	1.5947100411925223e6	1.5323785526003968e6	1.541055384177438e6	1.4648619500406547e6	1.436413234159866e6	1.4288280925594275e6	1.3323888578361557e6	1.3137441277807627e6	1.2613136505630873e6	1.1722971109780176e6	1.1273311444257256e6	1.054681156743306e6	981452.5231960143	927204.1638075118	840435.4653771857	776646.3899476633	701019.7709157905	613080.6516341581	521918.510521031	410634.36336658476	289471.43526189914	130607.89293689653	-25700.009943381418	-148718.20084615797	-257196.85941287316	-360364.91156005394	-458744.09692769684	-551052.6731814859	-639011.9976293566	-734763.6742607816	-821290.2298430391	-887905.0668300316	-1.0090153548445613e6	-1.0488174335238268e6	-1.109573668994633e6	-1.2128895686507393e6	-1.3439464728082553e6	-1.3292274917053292e6	-1.4387073412266034e6	-1.4789115077706971e6	-1.5559109019200304e6	-1.6716127294242536e6	-1.7168333029759317e6	-1.9347856835543965e6	-1.802293005107557e6	-1.8530436793462406e6	-1.903625446743106e6	-1.8454444956555753e6	-2.042393603898577e6	-2.1248750015286054e6	-2.226358665027603e6	-2.1938341805992457e6	-2.290752331662361e6	-2.381214638062163e6
3.196579703407782e6	3.196186215290442e6	3.195578138446162e6	3.1953324679982583e6	3.195409099989434e6	3.1958262350115255e6	3.1952322960598962e6	3.1950509614380556e6	3.1935390823913836e6	3.190713209928239e6	3.190103161997715e6	3.1925396985051446e6	3.1910372663591905e6	3.192370518374477e6	3.1856388471809505e6	3.1893881324195685e6	3.18150758818226e6	3.186730411318918e6	3.1781562986389506e6	3.024029937455849e6	3.1717907204479594e6	3.1719784850155804e6	3.0220152515943926e6	3.167740628764019e6	3.1706040460643093e6	3.1740939531016974e6	3.167187623231075e6	3.1637664306277614e6	3.1659849452753263e6	3.165893985832318e6	3.158658151169031e6	3.1468800803100863e6	3.154463291600071e6	3.142047710202579e6	3.142346117776127e6	3.1308286782693863e6	3.1289790885848445e6	3.148198887016054e6	3.144747371027642e6	3.1226826514188712e6	3.1243378064779844e6	3.1145925093290983e6	3.1182941198140313e6	3.1102968032454667e6	3.1216503231897624e6	3.1075403559960523e6	3.1022268587232777e6	3.102451908535376e6	3.0983567043762677e6	3.106399853333188e6	3.0748630766341207e6	3.07720941460786e6	3.0829296383076273e6	3.073221944050903e6	3.078780750718054e6	3.0708100581669314e6	3.0747550644095563e6	3.077136627819455e6	3.0650593696087943e6	3.037978770080378e6	3.0128831925127944e6	3.013696634294075e6	3.037815688224402e6	3.0275979315902926e6	3.0768491793485973e6	3.043419414019288e6	3.0228226878447537e6	3.0359987200191324e6	3.0161364615148446e6	2.981968397656599e6	2.962520096501368e6	2.9604405629314505e6	2.9080475864462946e6	2.9305788564046035e6	2.9456955026412164e6	2.9437560362810874e6	2.9973793570063896e6	2.9072281511460906e6	2.903547672834484e6	2.8950406611722102e6	2.9049651520439032e6	2.8963667407836746e6	2.864508626128391e6	2.9254116564793163e6	2.9166736291159973e6	2.845207260098781e6	2.856797770130529e6	2.8333565191999357e6	2.81456208055826e6	2.8151541926988205e6	2.79234740873815e6	2.8039219654141217e6	2.722662044273901e6	2.7572539344140934e6	2.7181376072212816e6	2.753678653043545e6	2.740060582068856e6	2.7432408882349483e6	2.667740567101075e6	2.6622167916371063e6	2.872843459938261e6	2.6610567969480157e6	2.6426762939660707e6	2.5387426517023784e6	2.652144416881496e6	2.596363253089186e6	2.636074406887391e6	2.599288436256883e6	2.610254868814183e6	2.567615269169038e6	2.507833120371081e6	2.5402789686503615e6	2.481682112190971e6	2.4923194624269744e6	2.5129079521474233e6	2.456187138493992e6	2.4282360873630894e6	2.4608419357393654e6	2.392255005072563e6	2.365132807830792e6	2.410809895577564e6	2.414133850850803e6	2.318246788528067e6	2.327883296922324e6	2.280673280829052e6	2.3058488106379607e6	2.2227400757110496e6	2.2191683424744443e6	2.214451031586498e6	2.136518165158879e6	2.144746551470149e6	2.0475318441335512e6	2.109406626707595e6	2.0979254054315574e6	2.0265158267711261e6	2.1343724992018044e6	2.0423241367718992e6	1.984107857428219e6	1.924265073765327e6	1.939260066704225e6	1.9202095329007227e6	1.8934456514490943e6	1.8401301033013146e6	1.8032954696167738e6	1.733677057462577e6	1.7857856443417831e6	1.6700947876668284e6	1.7127934124587837e6	1.5887528773556878e6	1.5982734839907417e6	1.4756281779911963e6	1.4806014808352462e6	1.422453916346661e6	1.378957704339076e6	1.3813891497270023e6	1.2818471753914207e6	1.2284619085302688e6	1.1777362280827793e6	1.1303913803133608e6	1.0652123030845348e6	1.002320721245632e6	925626.6309246148	841746.2051799339	787038.6739933449	699153.0898898384	613454.6207739285	523026.6951659024	412558.94252972165	290423.46645372687	130462.13170115743	-26826.88593568094	-150582.52019693516	-262804.10345570603	-363421.493482803	-464295.56081146	-553016.8236933439	-648188.3423391739	-739358.5001670723	-812829.4112936752	-884068.1903149369	-964436.817979427	-1.0378664916921817e6	-1.1330423941489244e6	-1.2161216664776234e6	-1.3047511860950547e6	-1.3431901241017445e6	-1.3956538271761043e6	-1.503457231901349e6	-1.6202630827080966e6	-1.6415006100300965e6	-1.7696905711851907e6	-1.8311980899176789e6	-1.7930371028731647e6	-1.87812483022855e6	-1.8853148632047758e6	-1.987890598625488e6	-2.133487498614731e6	-2.099181621832621e6	-2.2259613417497543e6	-2.2170824617826412e6	-2.368323379512318e6
3.2325681633737106e6	3.2323303888293696e6	3.232301456050612e6	3.231957624220018e6	3.2323579231560417e6	3.231146126056741e6	3.237994385909528e6	3.233013367822471e6	3.22783972380419e6	3.2297323928819587e6	3.2311986745587415e6	3.0484468814696977e6	3.224083393712626e6	3.2293909038206567e6	3.219733273463088e6	3.22071154881808e6	3.036663206634033e6	3.2240065578789376e6	3.246800183836174e6	3.209166873029189e6	3.2042933827647367e6	3.214504637087702e6	3.2143492075317046e6	3.212102858139673e6	3.2020376102048075e6	3.2006949200322134e6	3.1948853863159744e6	3.2132399139201203e6	3.18614673896865e6	3.199349762721383e6	3.183373979512535e6	3.189483247915989e6	3.18446563908886e6	3.173085716769247e6	3.1744286421291516e6	3.1856120422477713e6	3.1891375965777496e6	3.1746358401204096e6	3.1712098157337e6	3.1607297154684123e6	3.148566970082042e6	3.1424516004575533e6	3.140497461566961e6	3.138848209336382e6	3.1435013561923187e6	3.163114435703104e6	3.151031986746629e6	3.11998044180104e6	3.128543534374527e6	3.106775725385268e6	3.125380168476068e6	3.103187703817537e6	3.144390201427486e6	3.1060318074594093e6	3.1008302830641395e6	3.1069213930673823e6	3.099363704518619e6	3.108838593965521e6	3.112409662635708e6	3.0806844746189495e6	3.0381519091646215e6	3.014340274763161e6	3.150424336407338e6	3.073107622083953e6	3.060972722486131e6	3.06792389728644e6	3.0292390337427077e6	3.009991616450539e6	3.0359465625156485e6	3.037429486628696e6	3.008775654909936e6	2.9877371608972345e6	3.021017783867727e6	2.9849969815407596e6	2.9472047461956586e6	2.9789062224966916e6	2.980699104895738e6	2.8973136708357884e6	2.8672511954360055e6	2.9557940753502315e6	2.9185228543818933e6	2.9340367680749465e6	2.9258487700098655e6	2.9070972990939654e6	2.9897817338161343e6	2.9432839193580924e6	2.870537174772221e6	2.943995925934349e6	2.8315689182319287e6	2.8609699029777814e6	2.846780110966694e6	2.857317024498948e6	2.809151892621468e6	2.7878179091248373e6	2.7555937247067173e6	2.7910189083417263e6	2.7381966767916596e6	2.771580435657422e6	2.734429829822045e6	2.6927092478753636e6	2.71255511828891e6	2.710382898116281e6	2.6925091333475243e6	2.612885421975212e6	2.6227647795608914e6	2.6741583641652353e6	2.669189418829037e6	2.5867836266750777e6	2.632333429319978e6	2.627341778866073e6	2.573846247621199e6	2.6031874756325977e6	2.5339539957177727e6	2.535684947364401e6	2.496991784399307e6	2.4410725766941877e6	2.446040596592375e6	2.4797906066453224e6	2.421956123474095e6	2.3512611621602783e6	2.434489965585238e6	2.3669236114492565e6	2.407056608900726e6	2.353763326027355e6	2.254420866473469e6	2.287905295190319e6	2.2877731749155223e6	2.2707841557129305e6	2.241297151121214e6	2.271428929296697e6	2.1658259468408646e6	2.0891888305971182e6	2.1137204780827733e6	2.19326329085037e6	2.1618349882056164e6	2.0525969893125563e6	2.061971852116998e6	1.988577168401551e6	1.994324498024173e6	1.9647731056235104e6	1.9373450565967157e6	1.9296371577749806e6	1.7958873279521966e6	1.835772956358642e6	1.7727274782036755e6	1.8193497891458068e6	1.729897035217095e6	1.7532680428257664e6	1.645628195360522e6	1.6539342084206417e6	1.6119542896791094e6	1.5749288358400385e6	1.5148739331161869e6	1.4430559717946118e6	1.405568192993188e6	1.363919753875515e6	1.2900359435700392e6	1.2482975746685606e6	1.1841088975346375e6	1.1367368090299906e6	1.0711202858287331e6	1.0077652262146065e6	949653.6719934214	854199.2114005368	793701.5417159675	705642.3940580112	618060.0346348311	525656.1273685843	414345.8663261002	291373.92297171894	130316.1842434248	-27962.061804813333	-152353.36858812906	-265171.4318591808	-367355.0154197854	-464142.1669754926	-570274.3982222546	-642857.1974363853	-736190.391133917	-857012.7384417532	-885723.4344310896	-993650.3315297822	-1.0363454657485285e6	-1.1041847952948706e6	-1.2008431020960761e6	-1.3109797532175188e6	-1.3550674303205558e6	-1.3955461482209726e6	-1.5431009895423814e6	-1.5922659518940975e6	-1.61483069315468e6	-1.678643352663932e6	-1.7410166152658784e6	-1.8286404076907341e6	-1.8419362951784502e6	-1.928654811551507e6	-1.9527088145378395e6	-2.0498750698119649e6	-2.0873197527932725e6	-2.2282237229357776e6	-2.225228576395664e6
3.2687362627493646e6	3.2685555711244703e6	3.2693201451365217e6	3.266067631456607e6	3.2671061426333613e6	3.2657153903927654e6	3.2673830632846933e6	3.270674550734801e6	3.2647360327313743e6	3.2663628344871355e6	3.2656538641940034e6	3.2647937360419435e6	3.2638677546078605e6	3.2647424759634454e6	3.250687605920543e6	3.255157432449504e6	3.260070926851784e6	3.25152211466442e6	3.2497087750160424e6	3.2587698733545737e6	3.2493569769699923e6	3.2491834180738367e6	3.248051302844784e6	3.2433671627209997e6	3.2480172109968076e6	3.2427610418793675e6	3.2410819169597425e6	3.2295401641286523e6	3.238273516888737e6	3.2143467221180233e6	3.2524989162390204e6	3.227640543508743e6	3.2243961577094626e6	3.207170667513148e6	3.199600517730731e6	3.1952883724210253e6	3.211903086723886e6	3.2330840785605237e6	3.208195624161717e6	3.192569539334506e6	3.206765851955473e6	3.178191975303775e6	3.1943690517923594e6	3.180144637606675e6	3.183024193757063e6	3.153710145001148e6	3.201633544231686e6	3.1595691908287276e6	3.1710785623337906e6	3.1380800739287506e6	3.1513007560751e6	3.1545658688995e6	3.1382142696481636e6	3.146496369857627e6	3.135031113458311e6	3.158286383461716e6	3.1546027100906023e6	3.1125418744466896e6	3.116024446354343e6	3.178217849589277e6	3.108685696859833e6	3.19231907266334e6	3.084916803242621e6	3.0916793438242227e6	3.100628320056451e6	3.0942679888003683e6	3.0628614164437577e6	3.05009796599744e6	3.096751306849246e6	3.1127143740204275e6	3.0578842675961456e6	2.9290269661026634e6	3.066858192882162e6	3.073041622030208e6	3.0311672845756067e6	3.0018829443219975e6	2.9539431358220074e6	2.9856515767179355e6	2.9860732275271513e6	3.0092685633430835e6	2.9719577936625383e6	2.9679771235516244e6	2.9665168577487343e6	3.001185675718601e6	2.9109681591543085e6	2.9587722338760416e6	2.9299780219672234e6	2.901990523668171e6	2.896746072992376e6	2.877603778659116e6	2.8267341557953297e6	2.88512750494826e6	2.830632823713096e6	2.821318953504372e6	2.8231062030801782e6	2.8090438588714404e6	2.792033350589021e6	2.811921094623767e6	2.804966045397822e6	2.7447812543680295e6	2.7585917745609977e6	2.6878919493239876e6	2.731809907884381e6	2.7225484846255006e6	2.6927603390509738e6	2.7151384482961297e6	2.7359786254643425e6	2.6161598513795473e6	2.6016022958153943e6	2.656924213591261e6	2.633563296967862e6	2.669336549283905e6	2.5701823240450798e6	2.5713383587146746e6	2.5358462533875154e6	2.61357757912153e6	2.449703085320106e6	2.510072473458679e6	2.4526869210829446e6	2.5242674057190306e6	2.4674751201323317e6	2.379291400660094e6	2.3932313364159856e6	2.378398938696564e6	2.313076895311089e6	2.3335102248245385e6	2.2919021598001546e6	2.179521550133762e6	2.2909385125171645e6	2.314508213423844e6	2.314662621056542e6	2.189810274173571e6	2.1919673120943927e6	2.156095567873113e6	2.1851357609071983e6	2.116053878824671e6	2.099335524312154e6	1.9865529968858955e6	2.001412206117657e6	1.953459880061696e6	1.9748974458238008e6	2.0133852691547135e6	1.8932436820856268e6	1.860082051107015e6	1.8396051498392841e6	1.7916535752226687e6	1.7668813498405593e6	1.7468113593084696e6	1.7086277067595285e6	1.6710428144940292e6	1.6757897120451892e6	1.5873585076467688e6	1.5791498897798187e6	1.5264896740916318e6	1.4471017105394907e6	1.3944849780571512e6	1.3608148602544402e6	1.2886156577247023e6	1.247471790241445e6	1.1952834413260138e6	1.1410675087360498e6	1.0701481395238219e6	1.0231562370399395e6	943263.6923614452	863107.739954643	795052.594045006	709018.0146208166	619818.3539118778	527968.3049044576	416175.55853402056	292326.87196634756	130170.05179881398	-29102.263892710675	-154538.97886430146	-268215.57642333256	-373651.9671299169	-471864.71478985855	-567690.1052954048	-656177.9380984032	-741832.3364787702	-831322.6749472884	-916911.2588015739	-996225.8949695197	-1.0830057237311765e6	-1.1614905417288905e6	-1.215656280948651e6	-1.3088209818870937e6	-1.3870127333112964e6	-1.5383412252908102e6	-1.5262310498380992e6	-1.5642884493674426e6	-1.6133807724598222e6	-1.7115683791703149e6	-1.7777711484095152e6	-1.8350276387150525e6	-1.844574623898123e6	-1.9225812422553352e6	-1.9829587492447826e6	-2.1257218140283492e6	-2.1007737824280853e6	-2.182806038161758e6
3.3051045773703936e6	3.3050003759870115e6	3.3037184138548654e6	3.3034528374531604e6	3.3048362940474334e6	3.3040173550943467e6	3.2978586767912963e6	3.3015557021845086e6	3.3042784740349976e6	3.303162982185241e6	3.300656744338873e6	3.299092269400769e6	3.2961495900059217e6	3.297439036121198e6	3.2994352634908757e6	3.295109729212359e6	3.291592294780896e6	3.292886476447357e6	3.281840198744317e6	3.2877664945159173e6	3.2900239796147104e6	3.27777490857217e6	3.281980468366472e6	3.293856468385593e6	3.2855388596367054e6	3.273170356440263e6	3.270089836729749e6	3.273729688823528e6	3.262783578637771e6	3.2623799712619483e6	3.2717318900108426e6	3.2634552150912085e6	3.27332180219587e6	3.2599493708584476e6	3.2395479187527914e6	3.2572228658596636e6	3.243594306974417e6	3.2390525107208467e6	3.244293861312368e6	3.2497873216433963e6	3.2371271268260377e6	3.2507442438304424e6	3.2316421741377297e6	3.2099366811927427e6	3.2233235585282436e6	3.213425273203451e6	3.2030136906285565e6	3.2252459263064233e6	3.1946890447742185e6	3.166542134610438e6	3.1736666360684503e6	3.1878171368229175e6	3.175165650461453e6	3.163083886164282e6	3.17093033753247e6	3.1926539025071356e6	3.182643397698938e6	3.169354685684958e6	3.174515730310498e6	3.1586493450968033e6	3.1809246233225446e6	3.1273508227927256e6	3.1201233754447578e6	3.1267754608549606e6	3.1089621504494837e6	3.1449188984937407e6	3.0873212936777826e6	3.1125854263996854e6	3.142904191909352e6	3.1072468834026232e6	3.1053288872541226e6	3.1212417840443263e6	3.0514304199482114e6	3.0634732513606884e6	3.044845210056063e6	3.0461223343600435e6	3.0546844068336785e6	2.988677798393543e6	3.0123299266272415e6	3.003439082425519e6	3.019264560030515e6	3.041036736400918e6	2.947276251317106e6	2.9665190287100254e6	3.032429006526366e6	2.9231679022120796e6	3.0340693003373295e6	2.972457188429297e6	2.9285450231136987e6	2.9792881638279064e6	2.9040422812746624e6	2.904756568674041e6	2.883223106599534e6	2.922177737146212e6	2.8866090471804715e6	2.8257287045031954e6	2.826796105708206e6	2.829353650220562e6	2.8046270728688776e6	2.829055158721704e6	2.6991326576165664e6	2.7901983276695013e6	2.7548407799236113e6	2.7183731917235544e6	2.72380940110295e6	2.6948983410511925e6	2.7379589741067216e6	2.754743794940348e6	2.6533897892388795e6	2.700298838744886e6	2.6478232869425463e6	2.6119097457060665e6	2.67004903994311e6	2.5787580444221566e6	2.709791717923018e6	2.5710624368955074e6	2.617712601705754e6	2.435448384859806e6	2.5093855405864986e6	2.510952209675473e6	2.4613300088067167e6	2.4282343319869502e6	2.4346555487200795e6	2.3653275742553743e6	2.43004104879729e6	2.366012619397456e6	2.3966834434375935e6	2.3683899176261723e6	2.264047508074324e6	2.3162823108916627e6	2.363282387806436e6	2.2700828215005184e6	2.3469658129596775e6	2.173390275096881e6	2.1579951635995293e6	2.1763189116035737e6	2.1680839123733505e6	2.1325052233426487e6	2.0989510963689326e6	2.0681685712570874e6	1.915556498884323e6	2.005574836712725e6	1.9278773293197602e6	1.9479725364513963e6	1.8721486153076708e6	1.9186505679528941e6	1.770631053053558e6	1.7677276394593876e6	1.7310852941853497e6	1.7139105050192804e6	1.69540819643572e6	1.7304440102277584e6	1.5559856327997074e6	1.5563451111507434e6	1.5073802735572644e6	1.4500240568507293e6	1.4138221654616406e6	1.3514063732949696e6	1.3191683865819501e6	1.2766382756047682e6	1.2073759296546525e6	1.1545539952633658e6	1.0598617241547802e6	988109.0633888333	943555.5498679492	869994.151904373	799956.8720771403	727375.8787228684	623458.6834198297	530443.8923206083	417824.50326696085	293280.8772807745	130023.73549289908	-30241.924006159883	-156545.96093864692	-270717.74146847846	-374621.1452923892	-476014.1588046695	-566916.4367622738	-668828.7590205786	-740794.3817634541	-836403.9990403396	-897133.9018744137	-992363.2054361724	-1.0846515094277686e6	-1.1644007676438075e6	-1.2405598293017973e6	-1.3058723911157274e6	-1.3801829250767105e6	-1.4692732717919224e6	-1.5319543265860607e6	-1.464872054172373e6	-1.6231653744651428e6	-1.7186997618284314e6	-1.7605077612132751e6	-1.834839414100313e6	-1.9086266973454352e6	-1.922995092781749e6	-1.9758669427983616e6	-2.0533401339103044e6	-2.093662425102226e6
3.341625945053693e6	3.3413964825563948e6	3.341072728208421e6	3.3337600612855623e6	3.34162227465818e6	3.3391968266882785e6	3.337649905416649e6	3.3390740794368554e6	3.344493355331329e6	3.34198244070322e6	3.3387189672362087e6	3.3360854086372023e6	3.330328126624127e6	3.3308642588371895e6	3.3314452141486886e6	3.329672830570896e6	3.32953698610388e6	3.3243141576049896e6	3.328637891167521e6	3.3305998487577504e6	3.3278166640726505e6	3.3168224802742484e6	3.3221856010574764e6	3.3230317979410244e6	3.325453837005265e6	3.3169932297323197e6	3.307827817444824e6	3.3105480636460795e6	3.3027295081979083e6	3.3190647051459868e6	3.3196942832673565e6	3.3118954758587447e6	3.28013589278552e6	3.2805794720688015e6	3.2971199545073574e6	3.304274853064817e6	3.2973231855257675e6	3.2922622511929125e6	3.281063424517282e6	3.2819565507527255e6	3.2836109142947905e6	3.278401120716018e6	3.2726733519794727e6	3.2627147723113503e6	3.2679046531499457e6	3.257668365299488e6	3.2570528388711726e6	3.246184958867019e6	3.2650145040684654e6	3.2392679889665847e6	3.225624640211368e6	3.236152116019359e6	3.229037162347717e6	3.201806826795679e6	3.2115765454111323e6	3.217995405744219e6	3.2086308852679897e6	3.130677039084361e6	3.19772342673728e6	3.335189388891252e6	3.202502018334139e6	3.2059682383442638e6	3.1778656219260576e6	3.140008081885652e6	3.1377714749830845e6	3.2727747140508844e6	3.147215961768021e6	3.175771527478423e6	3.1071484375895318e6	3.174562596220552e6	3.191998105611915e6	3.115873131312143e6	3.1096604025350367e6	3.1231864688390703e6	3.093526892752046e6	3.051300728085624e6	3.0916739172500614e6	2.982330850253e6	2.9900221651950493e6	3.085022973818645e6	3.0511327455645977e6	3.014245820283896e6	3.021339389654039e6	3.0520835398168266e6	3.0364868283717614e6	3.0193531611757353e6	2.993456878043297e6	2.957509892402874e6	2.953808283242956e6	2.967696887048278e6	2.9616701429498205e6	2.9426868874963876e6	2.9637565455556577e6	2.9279192225923655e6	2.9024405879355604e6	2.9092170143941543e6	2.8839800808902727e6	2.8177255298354537e6	2.8307313551589483e6	2.841790525988144e6	2.8338179367565177e6	2.849932881439646e6	2.8128824900039798e6	2.791715512248508e6	2.7630786719072675e6	2.756624248489548e6	2.784326155604097e6	2.750471340150508e6	2.7512968394205915e6	2.6259630728038587e6	2.6125730812435276e6	2.6793663139234968e6	2.710228958558703e6	2.732008105258909e6	2.6267228984912755e6	2.6752658302279226e6	2.5776512872340353e6	2.579331974584411e6	2.5708382731338395e6	2.4792367240247307e6	2.526886137109679e6	2.489159848635203e6	2.460051593681601e6	2.4455561987624336e6	2.369745189414386e6	2.4492512231186484e6	2.333450439828201e6	2.3689485946179815e6	2.4275934950732384e6	2.387549579967394e6	2.3057280676848125e6	2.2885753444213346e6	2.363346783363208e6	2.2942685583414664e6	2.2073556341189854e6	2.1290876874396214e6	2.1254626645350945e6	2.1730379560052827e6	2.121191360904761e6	2.1224527989505515e6	2.1004766672135936e6	2.0257709932374146e6	1.9834027254397578e6	1.9505238048530964e6	1.9659803554042818e6	1.8923473661534076e6	1.869590097555214e6	1.7973520896315393e6	1.794598433212088e6	1.788683138503207e6	1.8031247030899455e6	1.6706270839064214e6	1.6884108656342854e6	1.6284809611830115e6	1.5812456212445453e6	1.5007629947769355e6	1.4944361297126259e6	1.4206985232559114e6	1.3683624573337333e6	1.3329724567313779e6	1.2746732468613181e6	1.2165365784945064e6	1.1591451571959625e6	1.1001277546361776e6	1.0226493997766445e6	967612.9248257368	880146.1038145695	807547.3016276082	717761.0094346376	626467.2291433001	535608.8584863534	419775.6153624994	294235.75531867566	129877.24098665686	-31383.136792491656	-158605.588373336	-273199.06729258876	-378482.23249010695	-475748.2536832667	-571923.9688020847	-655857.9419094059	-754661.9167684102	-848484.7356194868	-923231.3992364462	-1.0094183998679719e6	-1.0656907904831306e6	-1.1695704034976996e6	-1.2271622810133193e6	-1.3187862787132873e6	-1.4357605413976372e6	-1.4957347643893198e6	-1.5176564592848406e6	-1.5276969450647575e6	-1.6314772840949572e6	-1.738461694112876e6	-1.75832040199553e6	-1.8376668870535842e6	-1.900194375027387e6	-1.9470932781111398e6	-1.9865947660294003e6	-2.129438756486653e6
3.378400299873038e6	3.378228311916974e6	3.377741682544873e6	3.3765676005955855e6	3.37685732384328e6	3.3756435628905394e6	3.376315647354756e6	3.376535873280025e6	3.375462351741437e6	3.2777458818385005e6	3.375017646576766e6	3.371997808592643e6	3.382009597685664e6	3.371346581271806e6	3.3661767834416004e6	3.36291682788143e6	3.361647023039865e6	3.360914426211255e6	3.3718056196979624e6	3.3626763020493677e6	3.3641804578167545e6	3.3520070355524556e6	3.3472737033376666e6	3.354741040760187e6	3.35023843554979e6	3.347718531694641e6	3.349795749517973e6	3.3460441039541257e6	3.3396379654913144e6	3.3506111230436433e6	3.3461579804593287e6	3.3413055487032956e6	3.3303191257069735e6	3.34226843033063e6	3.343215874385638e6	3.3268774682466285e6	3.32071809567982e6	3.31073935761189e6	3.3152396300959038e6	3.3212881549390997e6	3.296524393124665e6	3.3287699774389868e6	3.3210287176525146e6	3.2923899441287075e6	3.2837289830283024e6	3.3044977470611157e6	3.271647079416475e6	3.2841636018232056e6	3.2850378300659936e6	3.2830372328341953e6	3.2585320826414605e6	3.276230132777962e6	3.2594606011823635e6	3.258242858856299e6	3.256330322311504e6	3.2345856837757863e6	3.225560887000528e6	3.225030792645073e6	3.2551449749868154e6	3.246753620402867e6	3.2252703254389614e6	3.198106056256016e6	3.2238842289883243e6	3.1958900980478367e6	3.1868179269785695e6	3.123901249158024e6	3.2652389974786495e6	3.1799023170277085e6	3.15373018953402e6	3.164069799928263e6	3.1524550184339434e6	3.1501479487992995e6	3.197191005200918e6	3.1682127215710958e6	3.2098632473986326e6	3.1100073086021617e6	3.146737302419399e6	3.1277439705969286e6	3.074017171385435e6	3.0645780268605817e6	3.0793436003763755e6	3.0945005933106304e6	3.0469907901482238e6	3.1466816270972127e6	2.978231160793818e6	3.057251478815079e6	3.027868771009329e6	2.95293869382386e6	3.00881581003451e6	2.9508451667365553e6	3.0167283973185555e6	3.0056330470902137e6	2.95499538081365e6	2.948752109200249e6	2.937693209856917e6	2.896872620229777e6	2.9358594394784747e6	2.9090552450135597e6	2.812373856051724e6	2.916094579669565e6	2.9077741875567115e6	2.898118957887362e6	2.852157693316395e6	2.7966632389009437e6	2.808477151322022e6	2.7481072742215954e6	2.8069675503741447e6	2.78222562958545e6	2.7509083134081652e6	2.7901405332193645e6	2.6479926176169636e6	2.660594340274901e6	2.7605092120885532e6	2.732199932804186e6	2.7146499769047475e6	2.6198150238876576e6	2.6901604265152323e6	2.7067111847074977e6	2.607330259879346e6	2.5934609684575307e6	2.5468071620182088e6	2.492052510751872e6	2.5030502702463213e6	2.367893078845576e6	2.4923764463200676e6	2.413322419652623e6	2.4510288439518902e6	2.440196013330822e6	2.4378503784163417e6	2.40438485665182e6	2.1742388946271855e6	2.428456726133626e6	2.2901678326509222e6	2.3500535476996815e6	2.240496309208805e6	2.2818573783284477e6	2.1849465080724214e6	2.221865873517129e6	2.1116086082968693e6	2.138684508631505e6	2.119745279822148e6	2.1121412971202666e6	2.1031093163078493e6	2.0828112138492737e6	1.9769145794109267e6	1.984463107339766e6	1.9080856748452852e6	1.9279051163079499e6	1.8853168961383237e6	1.7926370960544674e6	1.804250671806759e6	1.8794958319627864e6	1.695811874954371e6	1.6692443465672932e6	1.6457274398074e6	1.5787470757046072e6	1.5170560586030178e6	1.4861713896587698e6	1.425410529865913e6	1.3892609590454958e6	1.33546310367278e6	1.277574333219805e6	1.233343873554556e6	1.1812404378988007e6	1.0834030924986647e6	1.0367411943000783e6	970135.7287090304	872011.5572782457	812767.0908282034	723961.5933871882	629449.5477784635	536317.6864979011	421582.7890329333	295191.81414468214	129730.56047341786	-32521.579221495893	-160495.1769416267	-276490.43738255557	-389567.29037059005	-478471.8885867628	-583494.6233213316	-673105.226024426	-765400.9779468011	-832266.1096074516	-922643.9061948839	-1.0331451714400011e6	-1.0641635037150206e6	-1.1439933587983684e6	-1.2411221476052385e6	-1.386789638726721e6	-1.4999020678849095e6	-1.486976094747392e6	-1.5366256159070884e6	-1.6293411505828728e6	-1.6759374700302132e6	-1.67375264668233e6	-1.7981316848999145e6	-1.8660463742483114e6	-1.8923561035881802e6	-1.985347186640725e6	-1.9924002710417802e6
3.415332141469974e6	3.414387047526302e6	3.4137679691348267e6	3.415744504510615e6	3.416035214501854e6	3.412509112990354e6	3.4142371756205996e6	3.4131785816367804e6	3.414272837665226e6	3.4165991450958666e6	3.4095384663256747e6	3.4102364641563063e6	3.4062001488823285e6	3.408134813418285e6	3.403988529768858e6	3.40349021823557e6	3.395739931204574e6	3.4034139618087807e6	3.4022284031052724e6	3.401341354752763e6	3.3964547477845815e6	3.39944314198326e6	3.4073269281885386e6	3.3781487759639514e6	3.385641527280821e6	3.3854342264098334e6	3.3900047657283596e6	3.3869033276950833e6	3.3829819520740528e6	3.3820880435732175e6	3.3734854479103163e6	3.378130838283911e6	3.382969012485821e6	3.3928183639211557e6	3.372680695771356e6	3.356990435852222e6	3.3261809865906616e6	3.3530677353599966e6	3.342304976231359e6	3.3462095127605484e6	3.3518872154769795e6	3.369918489063716e6	3.353627689748699e6	3.3564823249531686e6	3.343450006191574e6	3.3239904779156893e6	3.341459401984859e6	3.3210014734165166e6	3.3025149526921925e6	3.3101006175456066e6	3.325510509540754e6	3.280490595747647e6	3.295409182314779e6	3.301095442114738e6	3.29173898887197e6	3.278482077151141e6	3.246883086316838e6	3.2654905898208567e6	3.2402923089477024e6	3.3215291609956524e6	3.271132570687644e6	3.2713746532938816e6	3.2157507085927473e6	3.232285281367041e6	3.226683935209363e6	3.216192567659135e6	3.2211471437356975e6	3.2116643602831317e6	3.210271647740413e6	3.2412906012078435e6	3.163151935362964e6	3.2580396506873444e6	3.1575538299030103e6	3.1006510336498157e6	3.178088351445643e6	3.101063179661121e6	3.1241516674946174e6	3.1475626844961443e6	3.1468365948880007e6	3.1185644618095253e6	3.102205991671482e6	3.086526393630379e6	3.180119756869534e6	3.1084968315294636e6	3.1316223721055817e6	3.0624533754768358e6	3.0792433576774905e6	3.038696637741168e6	3.0209177485275026e6	3.098884387250541e6	2.982745903210995e6	2.9817961157095754e6	3.0227645872017704e6	2.9827618370343386e6	2.9852441246528393e6	2.980696626223365e6	2.9339754883404323e6	2.9600823292668383e6	2.9352897778973808e6	2.8760386680253167e6	2.9095232017100737e6	2.925735942279552e6	2.935818545295785e6	2.873529454404713e6	2.8598914154621908e6	2.855343539550036e6	2.8186341738483915e6	2.818856696955494e6	2.794748144957304e6	2.777597430154168e6	2.7719288487363784e6	2.6744463004986653e6	2.678920808393181e6	2.564821107741101e6	2.7350279971137494e6	2.6976194267762513e6	2.628991778733179e6	2.7383084541253853e6	2.6432230677720145e6	2.5841384107794706e6	2.520811810876676e6	2.562337704497999e6	2.5737036326587787e6	2.513603151380428e6	2.493080894438647e6	2.492737389924722e6	2.454853510073849e6	2.5047403270782316e6	2.4492430014678575e6	2.451038136190197e6	2.4021070180332847e6	2.40584680010802e6	2.355395940995879e6	2.290051748483506e6	2.3042718794026077e6	2.320381590798177e6	2.2780411582573317e6	2.1913549428107934e6	2.1112952051356416e6	2.1688655152185075e6	2.124859376758528e6	2.1442336261040643e6	2.1822829161350485e6	2.067125502300235e6	2.0606562201344767e6	1.965210141013774e6	1.9852812609343913e6	1.8899902894107127e6	1.9346274841620717e6	1.8455783065676813e6	1.8211136112144045e6	1.807918641487596e6	1.8599145143446517e6	1.7386272103976964e6	1.7414645848414863e6	1.636389251946591e6	1.5821974231386003e6	1.5315259643048663e6	1.4749172817982375e6	1.4517612583262175e6	1.3893229723466667e6	1.3599735162553438e6	1.28109363481737e6	1.2206397045176558e6	1.1679650273560015e6	1.0912543513643239e6	1.0379692322484669e6	967403.3828022964	886594.165939854	815116.8959136901	722212.8432384972	632583.5387878087	537684.6662266762	423680.12696875585	296148.5039849989	129583.71037901519	-33664.239254865795	-162405.28739645053	-278091.3904046938	-387378.2146843248	-485849.68437268725	-564294.4859908829	-672727.8650708306	-750161.5255907308	-835871.9121199115	-940985.3679997567	-1.0344552085554143e6	-1.1034424638379673e6	-1.110914905108585e6	-1.2505788000798342e6	-1.4070694039072604e6	-1.4448590431263992e6	-1.4760402457767553e6	-1.5147637899212935e6	-1.6040284382034638e6	-1.665863056876901e6	-1.7500291431854782e6	-1.8091165677907509e6	-1.8959382651230837e6	-1.9390270915664039e6	-2.0334065588828777e6
3.452464163229224e6	3.45194225121444e6	3.452771041329558e6	3.451633516593579e6	3.4488946292104404e6	3.4504720559308575e6	3.4497856989921206e6	3.4508813731768294e6	3.4520033947042334e6	3.4498187877252563e6	3.448446537820841e6	3.451815874770719e6	3.444535773790059e6	3.4462458237957195e6	3.4420974695576853e6	3.4410459286034326e6	3.441901723745701e6	3.4396924130759924e6	3.4412799288345613e6	3.434836562362618e6	3.439576538413839e6	3.43456391024708e6	3.4432647356050485e6	3.423916175967044e6	3.4283314619904975e6	3.4163007592813964e6	3.4398807073822515e6	3.424454154413845e6	3.4015797978780833e6	3.423263138028734e6	3.3942312711450323e6	3.400581075152281e6	3.423601190587204e6	3.4107849673610125e6	3.4024391697541634e6	3.4091232270830986e6	3.396504495162175e6	3.396852557609392e6	3.385690275421614e6	3.388140873912151e6	3.370358999051605e6	3.3850191300990796e6	3.3723402657517274e6	3.3900378161268453e6	3.3906937104783715e6	3.356161428168103e6	3.298960676789944e6	3.3685432304357123e6	3.327066137292923e6	3.3501502166911596e6	3.3635300413248073e6	3.3652408445063415e6	3.340906974554579e6	3.3388142733151843e6	3.3355088066038056e6	3.31663901259185e6	3.30623200861712e6	3.417789133148278e6	3.296368859793308e6	3.2939089442493976e6	3.3044805346893165e6	3.2849727029557778e6	3.284018530580103e6	3.291318957472934e6	3.2985451439412115e6	3.2609418439301504e6	3.2472435058257766e6	3.2652543793795262e6	3.23634332063721e6	3.2786310091887983e6	3.2245836115557877e6	3.2132654217086537e6	3.277802572960038e6	3.251872266916658e6	3.230814396469346e6	3.246769346163326e6	3.215838661774368e6	3.1548948671350675e6	3.1594447500353754e6	3.1546186073975377e6	3.144302061724083e6	3.0480907718354715e6	3.12763587086419e6	3.158385861027338e6	3.147367896127356e6	3.1437366873697485e6	3.089074277470913e6	3.102252697765666e6	3.0500786140225893e6	3.0665857897326476e6	3.105199396171209e6	3.092469592314553e6	2.9814590712245014e6	3.151076809763016e6	3.03251147089006e6	2.9888480388828414e6	2.979485083109718e6	2.9818329438908715e6	2.987455335569049e6	2.900483941282861e6	2.8852925024475e6	2.9535712421395467e6	2.95228833694736e6	2.9543479672140684e6	2.871677936060585e6	2.856871624885942e6	2.8759572833346026e6	2.861971092890918e6	2.8316239274842367e6	2.8066520985372677e6	2.7717085385073754e6	2.8099310801512683e6	2.7584854837058224e6	2.6006696790010305e6	2.750829037581087e6	2.694793444562259e6	2.7333436416089693e6	2.678293135786878e6	2.682860752877849e6	2.658723378468712e6	2.5991462542669326e6	2.539085148348873e6	2.596197645456114e6	2.539814914748067e6	2.5031357410761705e6	2.522126226546523e6	2.505635510884813e6	2.2754733252774384e6	2.4839346552021634e6	2.464172632733458e6	2.503068965141011e6	2.425629792156414e6	2.3944137745232214e6	2.3357513793125777e6	2.2818890835089665e6	2.380774328027732e6	2.2996021938609104e6	2.2949522223327123e6	2.1971595251602735e6	2.1355345617489233e6	2.2064057417759765e6	2.147353745726817e6	2.2267153823422827e6	2.1221010837806943e6	2.0393314594740856e6	2.0466194404995006e6	1.9876544592657443e6	1.9919389269565209e6	1.9354135966494665e6	1.9948836635586326e6	1.8786973612745346e6	1.795895123615679e6	1.7892748275559712e6	1.889890145338771e6	1.723161117752668e6	1.7547824983910767e6	1.657369796113915e6	1.6059540665698156e6	1.5576727107371623e6	1.4999304791516755e6	1.4615742555486807e6	1.3605940174125393e6	1.3463632509176203e6	1.2885386253371434e6	1.2350908835974198e6	1.154453991447616e6	1.1150466502831343e6	1.039648008745709e6	972457.3610683391	893576.2341610936	799962.8774265628	729799.3536100094	635548.5174305071	540507.0394351981	425195.92089979164	297106.2367685535	129436.6907860972	-34807.65670705773	-164393.9247045722	-281895.8549461644	-388627.9994248026	-491433.26456158934	-586930.9151988323	-682286.2564731399	-760488.7894723872	-864110.4372781557	-941626.8185208975	-1.0399534031002233e6	-1.1226823333449797e6	-1.1585278573386655e6	-1.2511293771849768e6	-1.3846355262822122e6	-1.4408486461132965e6	-1.4570650279307733e6	-1.5614376083080298e6	-1.6295825278896033e6	-1.6600672817178941e6	-1.7983139904055637e6	-1.7751995986668677e6	-1.8873339269135655e6	-1.924571639084903e6
3.489798233809595e6	3.489342595479995e6	3.489208387877916e6	3.48898737698182e6	3.488264646871916e6	3.4885860512286974e6	3.4873496264508064e6	3.4838022024529725e6	3.485000766782848e6	3.4896078087544334e6	3.4934919953373238e6	3.4844106368468064e6	3.485619912000891e6	3.4812853160423823e6	3.480663042363092e6	3.478983388267832e6	3.4774283621794614e6	3.4782902343630884e6	3.4769320806241487e6	3.472975506759542e6	3.46514579742408e6	3.4685885130819534e6	3.4691820226633092e6	3.4599574107546685e6	3.4648740789682497e6	3.466914002687333e6	3.4611681424407423e6	3.4725296596075203e6	3.4613239914974393e6	3.4403065474668727e6	3.4648012148699528e6	3.4503189118963587e6	3.450549525316041e6	3.4442859644675087e6	3.45093145530242e6	3.4307343334386153e6	3.433670409570344e6	3.4218326219552946e6	3.4293465732650775e6	3.423402361128866e6	3.42596982843357e6	3.412911309042012e6	3.4234102575288e6	3.4177339040573896e6	3.3989953643677477e6	3.39586040248105e6	3.3995659899751674e6	3.398764787454026e6	3.3874957557001e6	3.353946692315032e6	3.375640461634308e6	3.397834158624704e6	3.412016558543602e6	3.368957307019851e6	3.3769964680370428e6	3.3596882134526484e6	3.359833169871812e6	3.3424639015874593e6	3.345153601567837e6	3.3355736615635646e6	3.3620922052444518e6	3.3188982915469967e6	3.3200064793284303e6	3.3103487343888483e6	3.311293060295711e6	3.321704419205696e6	3.2782133341209786e6	3.2747354147791145e6	3.3279052227759557e6	3.259339309586448e6	3.268340111816437e6	3.2161919760160563e6	3.275108705903113e6	3.271388238983333e6	3.2354475220102686e6	3.2383848581862208e6	3.2342707605770356e6	3.2004003809728203e6	3.2023703404667904e6	3.190177649699414e6	3.167222580784398e6	3.1919062470904174e6	3.090572392527539e6	3.1918497912653456e6	3.1577625865517785e6	3.154677499269755e6	3.141570967701845e6	3.121239314299638e6	3.1017214231227553e6	3.1259288852935806e6	3.095420548593297e6	3.128669038771108e6	3.09574494258973e6	3.0343264301652415e6	3.0392907280812105e6	3.0506125926467194e6	3.077536057116581e6	3.0481474537147135e6	2.8832470026435554e6	3.0348808207488097e6	2.9699736646481566e6	2.9629816931252726e6	2.972020608404448e6	2.985865494749145e6	2.9490755566917993e6	2.885708346065046e6	2.9046974947127737e6	2.8666494411093807e6	2.8691431667734208e6	2.8412838888431955e6	2.8472677158992207e6	2.852924634766698e6	2.8189088304041587e6	2.737741292854487e6	2.7595614192246296e6	2.737150897022729e6	2.772821057507695e6	2.7573493442652915e6	2.7020584112775316e6	2.6684892500165356e6	2.6715698009403083e6	2.620230258293342e6	2.56800836324279e6	2.5984806084278664e6	2.519270663141246e6	2.534618704970702e6	2.5885355330618173e6	2.5077038724490143e6	2.5113724683682816e6	2.5220085664561675e6	2.516636477843591e6	2.4889485828277217e6	2.26576362877685e6	2.4124430632538665e6	2.3882774926820775e6	2.360071078561053e6	2.378259419555196e6	2.2391770831282753e6	2.2291203324094927e6	2.15919458400892e6	2.2655115419231337e6	2.190656907452372e6	2.1883701567084985e6	2.1490727882228494e6	2.100865260115713e6	2.0646228567127516e6	2.0374240165665166e6	2.0053623475016356e6	2.0298525352955165e6	1.993481010402475e6	2.006642187674402e6	1.8694974649117102e6	1.8366433745915315e6	1.8248294187873532e6	1.9165308176080356e6	1.7604228194214136e6	1.7464871494254195e6	1.670175591497227e6	1.586775665842439e6	1.5716483657781132e6	1.5144183243727086e6	1.4430167505715725e6	1.422939889447976e6	1.3662944643743685e6	1.2784583112505411e6	1.2441029580302557e6	1.203328017910051e6	1.1083771544580667e6	1.0608697038187478e6	973303.7405465627	897646.394332737	832936.8970397906	731415.3535845089	638608.8755457164	543136.8124664193	426875.35622454574	298065.28031219775	129289.50677516032	-35950.43014413398	-165636.80034120614	-284220.5798279969	-393781.63247499056	-497377.9396790336	-607363.3085018764	-701103.0960590956	-767330.8758537867	-864242.6518019098	-939651.2220796314	-1.050001248945911e6	-1.1560370832106178e6	-1.1757073425460816e6	-1.257399080768668e6	-1.4022180866349335e6	-1.6529999066239563e6	-1.5040664497874626e6	-1.5557918962314543e6	-1.6059768834031546e6	-1.6918401758875349e6	-1.795819239695584e6	-1.730754268084128e6	-1.9345139946511392e6
3.5273080719290334e6	3.5272277801252166e6	3.5271651143539054e6	3.5243940087670935e6	3.5260997463542363e6	3.5247053565318696e6	3.526205876894374e6	3.524276183352497e6	3.5234753924846747e6	3.524868309003102e6	3.523203051639994e6	3.5248978792561367e6	3.5218501971173882e6	3.5217761757472632e6	3.515442231167023e6	3.523734302280699e6	3.5144262432062104e6	3.517906629568195e6	3.51450202944782e6	3.513348811526042e6	3.509316797822733e6	3.507824652740741e6	3.5110282046049032e6	3.5055989635587186e6	3.504248662385014e6	3.492717509204938e6	3.5001173368785777e6	3.493623302910528e6	3.503578826963151e6	3.488832879989473e6	3.4956143619503393e6	3.493206104342571e6	3.477485132364952e6	3.494957557464836e6	3.4902326559057822e6	3.466888043146866e6	3.4680271428517117e6	3.471374372967316e6	3.4470223222173583e6	3.4670365681187357e6	3.467118308979829e6	3.4469691947121965e6	3.455492986235562e6	3.472891543636296e6	3.463043723733089e6	3.4446508369512884e6	3.4312757580915e6	3.4243795584041206e6	3.4197560725174868e6	3.420745858455154e6	3.4589415330400635e6	3.4283772278408827e6	3.4277381077142647e6	3.406422187738394e6	3.4005568774562804e6	3.3839899111869223e6	3.378132616333655e6	3.375980703568636e6	3.3618295743471878e6	3.3715053681163997e6	3.344442593741888e6	3.407953492366601e6	3.376060511077108e6	3.352188395642067e6	3.3588135812775586e6	3.3334476485004467e6	3.3703977015465703e6	3.327282629106002e6	3.2993934241492003e6	3.309807626095408e6	3.307978989745483e6	3.3322997885779627e6	3.295536827671348e6	3.2705818152578715e6	3.2308020581103084e6	3.241061083456475e6	3.279559964194013e6	3.252181650349919e6	3.245066569416135e6	3.220699993627493e6	3.2009165701289135e6	3.157190728508109e6	3.214443763332111e6	3.165071716570993e6	3.196106097872972e6	3.18510752361748e6	3.15934581295425e6	3.127958823429327e6	3.13975196095446e6	3.135414346657938e6	3.168204859920749e6	3.119190090733813e6	3.180405055868502e6	3.115231234625393e6	3.1031135661830646e6	3.093683847467914e6	3.08280088247702e6	3.074417118211232e6	3.053916875265226e6	2.9795283252227805e6	3.0081719789309613e6	2.9987966808205894e6	3.0264544465365056e6	3.0001197382337665e6	2.9731228747069566e6	2.90562228946212e6	2.9535563637854736e6	2.9267411251412956e6	2.9234968746939395e6	2.9459335862738863e6	2.855256150549284e6	2.857032848397404e6	2.871857052983061e6	2.8148294860816123e6	2.7239095335494336e6	2.6701863404132845e6	2.793006063452554e6	2.7438202065361133e6	2.77177862602364e6	2.725111907618824e6	2.695262779003663e6	2.6635594508054303e6	2.654995967422103e6	2.6251042598923836e6	2.5995867522205645e6	2.660600141659124e6	2.6282465284661483e6	2.5891125831716717e6	2.6134694660698967e6	2.51399395373502e6	2.532160295952152e6	2.6361695001434423e6	2.4737184841293492e6	2.411746771973504e6	2.1692572020001533e6	2.4147047775132875e6	2.3456577582848347e6	2.374806297572287e6	2.331472325554261e6	2.278491008200392e6	2.254330170572547e6	2.2244436024173284e6	2.2716215321676265e6	2.1751872287421254e6	2.1627266430363143e6	2.1272208227813626e6	1.9929444071399753e6	2.0285237233420908e6	2.0175591517059272e6	2.0321600560134836e6	2.0066598002046533e6	1.9152379877399309e6	1.9004831725775464e6	1.8647205651069772e6	1.8303173921222412e6	1.891219612843189e6	1.7465575959347298e6	1.7606923156287775e6	1.6931986536017056e6	1.620462594754206e6	1.5866225211543767e6	1.5228982303079912e6	1.5145132748838244e6	1.4330293494520725e6	1.3795798296852128e6	1.3189869099233712e6	1.245416325650822e6	1.1913414584842813e6	1.1185953886721602e6	1.0190410214531648e6	993175.6524067023	907414.4653606182	828852.9488742566	735172.6800243561	641321.3481163434	544935.1317055351	428679.40420357184	299024.7168109338	129142.15159562975	-37091.565783278085	-169755.356268032	-287324.13486039545	-393929.76741416473	-497700.1920391	-596816.9101541531	-694104.2327025277	-783868.0084773973	-890485.6935498249	-964939.5175957521	-1.0441847297325372e6	-1.113545133947926e6	-1.1923380600528074e6	-1.280639381069603e6	-1.406355234811599e6	-1.506053046644759e6	-1.4917062651492334e6	-1.5504877446497218e6	-1.6488669811132685e6	-1.6762147999302424e6	-1.8239828474183339e6	-1.8517405782558941e6
3.5650355618487224e6	3.5649271464370238e6	3.5645110164428884e6	3.5638974379914245e6	3.563944637758127e6	3.5643255757006384e6	3.562776239142102e6	3.5622116132961437e6	3.562502777414827e6	3.5609966925794194e6	3.564057746169131e6	3.560877075738241e6	3.5575734138632203e6	3.556897596799914e6	3.5568280534765334e6	3.5546679270037157e6	3.555306341575857e6	3.5497061029251385e6	3.5530297305487646e6	3.505410783910333e6	3.5483847031200184e6	3.546073204717501e6	3.5458759270192985e6	3.544162036355884e6	3.5518931557181673e6	3.540173312827374e6	3.5232426278817677e6	3.5302680723625375e6	3.532836622192778e6	3.5369712293110443e6	3.528818974327045e6	3.518334889920975e6	3.5214769216482257e6	3.5259632883777427e6	3.517664425464576e6	3.523026554645459e6	3.5013595323051363e6	3.501355444866198e6	3.4701229047718043e6	3.5355045918657114e6	3.4937018864595857e6	3.499591722758877e6	3.4760659613156794e6	3.4992722179994294e6	3.473760772832158e6	3.474034074147864e6	3.4800242450942225e6	3.466013981757931e6	3.456603126503169e6	3.4436862028853945e6	3.4494169468523096e6	3.443656707857025e6	3.427115565800886e6	3.462381636664685e6	3.4401263911775667e6	3.4242356647586655e6	3.432791585095834e6	3.4147782817890346e6	3.400036241426993e6	3.4032789805916226e6	3.406700303121103e6	3.3984550852493136e6	3.3918590787142217e6	3.4393524858488124e6	3.390351000453065e6	3.3960236499596126e6	3.3695216469746665e6	3.378169567519556e6	3.344254003732426e6	3.3669268133209753e6	3.3490327684286376e6	3.3544866268512746e6	3.349258121988616e6	3.32394529404673e6	3.3113210729807364e6	3.330211916656606e6	3.341638282559571e6	3.3320705557731083e6	3.2991656167021403e6	3.3625189915405596e6	3.288862512056972e6	3.224100864666208e6	3.203990565572211e6	3.218916931003111e6	3.1513878849113416e6	3.2213688076989343e6	3.1922088749701716e6	3.200099190913532e6	3.1690343066637996e6	3.200196712830158e6	3.2219127132688565e6	3.1802947314152797e6	3.159158158659542e6	3.1987319538246496e6	3.1086000685410798e6	3.100053089675542e6	3.1263961837550784e6	3.124658808448761e6	3.1166602996738525e6	3.105409050732056e6	2.977992635164335e6	3.05924249239151e6	3.0342305329873515e6	3.012955666390436e6	3.0270622932291664e6	2.9885800607309714e6	2.993189479902527e6	2.9752043940132055e6	2.9283902573667862e6	2.9392255442733923e6	2.8986707781420927e6	2.9392098972418644e6	2.8829224454914806e6	2.841758141955642e6	2.8305376812612633e6	2.7520907500961935e6	2.728950049388819e6	2.789450447445846e6	2.7781254623089265e6	2.762987062975578e6	2.7006253922872404e6	2.7014060075923204e6	2.684283047542441e6	2.6449681852862015e6	2.6148675648137885e6	2.6879930535139637e6	2.63191656224857e6	2.609565313407276e6	2.5812157487754906e6	2.5615208043397223e6	2.563654363858939e6	2.540203820960285e6	2.551766820971342e6	2.346700586128306e6	2.269608725253361e6	2.3820180372880646e6	2.426683836098147e6	2.411006247850487e6	2.383925664592877e6	2.3763734797794335e6	2.285016850151691e6	2.227780011342128e6	2.3031695497573307e6	2.273207600444291e6	2.2214303330255067e6	2.1525948182607377e6	2.2027106064722463e6	2.111568890534545e6	2.0764548079061108e6	2.0522214447630555e6	2.0688261361717202e6	2.023512426499394e6	1.9870261938829352e6	1.9130835364036998e6	1.8813773215244014e6	1.8613930104606133e6	1.9496150199732427e6	1.758524624980793e6	1.7409107724529102e6	1.683779285870773e6	1.6029076768297171e6	1.5751449846580632e6	1.5281321612048289e6	1.50637051730869e6	1.4410739490174626e6	1.3788382337007495e6	1.3263285893118086e6	1.273712434588997e6	1.201962669202187e6	1.115849533083759e6	1.0744623451065372e6	998002.6223310069	908822.3917523201	833627.3180818162	740280.2993810219	646250.1925947019	546786.7032046076	430624.41237836797	299985.6302996613	128994.63663066132	-38235.84205948841	-170336.92862443114	-289131.89039172046	-398795.6856193789	-488507.1127364738	-607629.5726323887	-699438.262594935	-774110.8057355494	-882299.9623925835	-964900.1303650304	-1.0539949445712972e6	-1.128322362320662e6	-1.1951396986674094e6	-1.307653661749139e6	-1.4118585646244981e6	-1.4140744576688544e6	-1.5115550928382208e6	-1.588320000970703e6	-1.6676729493225762e6	-1.7172892396377395e6	-1.7844133847790626e6
3.602913340919326e6	3.602704968997013e6	3.60231644628323e6	3.602399992860769e6	3.6020453061292167e6	3.601721272069999e6	3.6016033456637575e6	3.6016272817974873e6	3.5987112467763848e6	3.597687110381276e6	3.596752742580831e6	3.5981417530556344e6	3.595713504684643e6	3.599162815912554e6	3.592637510209052e6	3.595718961435867e6	3.5961928249992137e6	3.5944316239100927e6	3.5943777270145803e6	3.5897569499173914e6	3.587933771754824e6	3.534418831750931e6	3.5781743185122116e6	3.578594162273459e6	3.576631881297101e6	3.5847789535775497e6	3.5673917601306234e6	3.5725408656087285e6	3.556804127626719e6	3.5658515323001435e6	3.5747218758286536e6	3.5700621665039896e6	3.5615413191524623e6	3.553455762453662e6	3.551637829812995e6	3.544616188967375e6	3.5290362328155017e6	3.560311861458416e6	3.5558776285264622e6	3.534776610110872e6	3.524477658629886e6	3.5305857934519406e6	3.530886169404039e6	3.5213146075458196e6	3.502338742883576e6	3.5088025692495913e6	3.5168037850627927e6	3.504197584561467e6	3.4963303002581033e6	3.520864594677973e6	3.4999256466215923e6	3.473292214583844e6	3.4930208286966505e6	3.4660844428763352e6	3.5696968533277037e6	3.46750858889887e6	3.4427420024252906e6	3.455748174871712e6	3.4480880243317094e6	3.4383345468703704e6	3.442614345485855e6	3.4500839535074984e6	3.5068548236973905e6	3.3871064752410166e6	3.4137100539885955e6	3.4273294049390065e6	3.3974857002295186e6	3.439683013493265e6	3.3770582108073984e6	3.3134689446643316e6	3.366023440948136e6	3.3822515452147415e6	3.3779980591836264e6	3.384477914597355e6	3.32489310380234e6	3.3643603175949086e6	3.290309275049138e6	3.387342178646045e6	3.3433761321390127e6	3.2874872177127358e6	3.240107555141684e6	3.2645721424123356e6	3.289274071001891e6	3.2641804517052765e6	3.2404866052213963e6	3.267484069878355e6	3.2404001971886447e6	3.2569043300254876e6	3.2473097498986768e6	3.2486727090759124e6	3.2255736018020865e6	3.2359252420297405e6	3.1821491407735534e6	3.18503943625151e6	3.2392581921048695e6	3.1528749796714056e6	3.1215139279748956e6	3.1468898127993327e6	3.140512504169467e6	3.0525436340574804e6	3.1361228457651385e6	3.0582274663524004e6	3.0626458159490805e6	3.032377560872425e6	3.0334310204533553e6	3.0328309723948585e6	3.0724132986985547e6	3.0092301358632213e6	3.0006394062306657e6	2.9898162353648767e6	2.9379833961696345e6	2.9462090460367277e6	2.926181260973161e6	2.900062191603896e6	2.891385139862694e6	2.882361438526091e6	2.814733939951064e6	2.844098588928448e6	2.8387883172534113e6	2.8134878723270213e6	2.7656737964547602e6	2.724210671755689e6	2.6919981327842767e6	2.8395689612666867e6	2.781189400414264e6	2.6727707000887603e6	2.6992110744861225e6	2.6950754519804353e6	2.628044638525492e6	2.6043115866152775e6	2.6031787334669437e6	2.6038070524930945e6	2.525521572442595e6	2.5335317487024814e6	2.5304578886848735e6	2.486249333855033e6	2.440665116441928e6	2.395051312548604e6	2.4579023846211443e6	2.3781565970286876e6	2.362242230282457e6	2.291394304968344e6	2.335233539732996e6	2.2713078058061413e6	2.3087694051059247e6	2.2607602757318467e6	2.1986200365180383e6	2.2473477293753615e6	2.1343366282355348e6	2.080793882830829e6	2.0476018813073926e6	2.0430668698441081e6	2.0460691244571125e6	1.9981099788542148e6	1.8850170670146504e6	1.8958016317415626e6	1.8787661341297703e6	1.968241125406541e6	1.7868089972977526e6	1.765387124397092e6	1.6865176819114424e6	1.6242125922524424e6	1.6071708948272485e6	1.5451956284648431e6	1.493871913297554e6	1.4500622645374727e6	1.3923077523224996e6	1.3153270061694323e6	1.2824974396259976e6	1.2054626582601373e6	1.1265089111858718e6	1.0604670849735658e6	995504.0660895309	913500.8980093165	835678.9632207053	744286.9297166332	649835.2020455538	547177.4544253326	432429.237543372	300946.7506354782	128846.96297109639	-39381.00057267072	-172276.9073760095	-291817.55153760733	-400721.560891435	-498181.28435348906	-612280.0182172875	-704191.0559287947	-791292.7751646871	-868903.6340383328	-967730.7248254176	-1.0735345567526426e6	-1.1216889309247239e6	-1.1814230903599286e6	-1.3073226853596629e6	-1.4205842798200944e6	-1.4504554755413164e6	-1.4621173192538884e6	-1.6143702437317776e6	-1.6304539457879406e6	-1.7435373289841455e6
3.6410034214785504e6	3.641106590741717e6	3.639700838720035e6	3.6397391599996956e6	3.6492184988296875e6	3.639759956151002e6	3.637225972073845e6	3.6380088043453945e6	3.637809581510863e6	3.637328255988409e6	3.635589817527572e6	3.6357317107400107e6	3.6229169147599153e6	3.637658497231808e6	3.6313120889722416e6	3.643256614080503e6	3.631323949024356e6	3.627198272655455e6	3.627929111759333e6	3.6266823489929372e6	3.626408765445285e6	3.6216821945335944e6	3.6265507512668557e6	3.618606980769257e6	3.6139825654326635e6	3.6164843280958505e6	3.606761486478431e6	3.6200597389483987e6	3.6125201077776365e6	3.603292876416428e6	3.5965380495572863e6	3.6123038342633895e6	3.5995175634067017e6	3.600738767086001e6	3.5847589048485775e6	3.5916996198933194e6	3.588740397997543e6	3.5844815669272295e6	3.569445517784178e6	3.582770063860231e6	3.5685124662955995e6	3.592848813492287e6	3.5736273003293546e6	3.557300508514846e6	3.556247451049868e6	3.555961868423592e6	3.5413547626535483e6	3.538830668697559e6	3.565450458602844e6	3.5401347673639357e6	3.521472456256914e6	3.5147594809460277e6	3.513562412466016e6	3.5349406044383985e6	3.5306783278587563e6	3.520873233374439e6	3.5099124097323506e6	3.490124329364851e6	3.4912475526038865e6	3.4824123403525497e6	3.4765486847484834e6	3.4508232757389154e6	3.4735523478652462e6	3.4782757592699714e6	3.471929259829942e6	3.444075188439496e6	3.5095424998139893e6	3.491755832323732e6	3.4028071781524876e6	3.4480592462734687e6	3.442816048114044e6	3.390558744332459e6	3.4210039599387823e6	3.4274025672987625e6	3.3946699611951043e6	3.4008405646305345e6	3.345387011083076e6	3.4231640159877e6	3.528761817597136e6	3.352597739268482e6	3.3113493073468846e6	3.3788440419326043e6	3.329127941594044e6	3.3142408208523225e6	3.3266593316758503e6	3.3408099789638272e6	3.313944144053296e6	3.3081024952486297e6	3.283896511816327e6	3.289819160193836e6	3.18944101010588e6	3.2820706101137875e6	3.241639040334425e6	3.1902947514619217e6	3.1902872555017183e6	3.2576326880758507e6	3.196628845117539e6	3.157453471917749e6	3.0976203578422614e6	3.071024637135314e6	3.1703607902322626e6	3.166646751951266e6	3.082509109655332e6	3.0933942241171612e6	3.030244691436174e6	3.106569955772056e6	3.030045306655325e6	3.0334746676152465e6	3.0344896010206887e6	2.974675570193276e6	2.971922582743218e6	2.985898742850208e6	2.983870669679085e6	2.9546101646732185e6	2.902610578144911e6	2.9266306316531366e6	2.8988814930972075e6	2.824698789616541e6	2.8048547986010564e6	2.8249354235662213e6	2.771734907254834e6	2.786014485975256e6	2.691460574824045e6	2.815877343498996e6	2.9025650249611926e6	2.746163966840473e6	2.7802923206071253e6	2.6499317709684432e6	2.63202593317012e6	2.6569872002313947e6	2.670586036333807e6	2.6556121158452267e6	2.6422747068840526e6	2.523983856591002e6	2.585372780239328e6	2.5231824124887353e6	2.2470700864108074e6	2.4476030244346596e6	2.4310158653548947e6	2.4188562854683455e6	2.387202163140496e6	2.40679403929618e6	2.3608610265470007e6	2.303985811960612e6	2.300684525679641e6	2.3167604828070346e6	2.2347804356607804e6	2.2452292791380235e6	2.161643634379387e6	2.1773754164130907e6	2.103144211530344e6	2.088064724290642e6	2.0720750541929146e6	2.0742013126577386e6	1.9795733076162161e6	1.9165918512591396e6	1.8952451060595443e6	1.869722476274184e6	1.9864409139764183e6	1.8135171668438748e6	1.7223498100475483e6	1.7586381440365792e6	1.6726728123423073e6	1.6168656924204484e6	1.5466612656121084e6	1.5348654513687924e6	1.4401300125536956e6	1.402810141578384e6	1.326706035818682e6	1.2715081905615842e6	1.2085089165681049e6	1.1481051698456123e6	1.0796799691040898e6	1.0078684904220174e6	914827.3148091384	836738.9527399405	747516.992323603	651983.1000563935	552683.3092750455	434160.21150008217	301909.43435150944	128699.1352626197	-40527.69196733087	-174832.24573071254	-294850.5677070231	-404189.5764798834	-505815.2207146059	-612848.9343359843	-718218.1342223091	-793245.6105711567	-877397.7844523923	-975309.0348220463	-1.0823179786159978e6	-1.1347605327910744e6	-1.2211342562942891e6	-1.3125740569365355e6	-1.4166639238561396e6	-1.4317949399035652e6	-1.5653807806169097e6	-1.619266982122743e6	-1.6839332702461197e6
3.6793027509120693e6	3.6791202039517807e6	3.678722620305078e6	3.679347121748479e6	3.679571184168087e6	3.6781384509106413e6	3.6763465429958934e6	3.6747927411350715e6	3.676060065250472e6	3.6735868876452195e6	3.6737157085029725e6	3.673105312658511e6	3.6734559980641287e6	3.674022573863975e6	3.6744808975481377e6	3.6707245377879264e6	3.6619381987973833e6	3.6680939372192314e6	3.6676719553718218e6	3.662830262815147e6	3.659977358783329e6	3.670629042458952e6	3.6621826779793105e6	3.6565791561113806e6	3.648878395587528e6	3.6506594200863186e6	3.6907519804198323e6	3.65104044267714e6	3.650067850920176e6	3.61559837287149e6	3.6321381206023647e6	3.643800064237495e6	3.655312214956023e6	3.6359563210720927e6	3.6355104367474583e6	3.623783035888619e6	3.623952354949833e6	3.6202667456909223e6	3.617759262246988e6	3.6341182242770595e6	3.6393781524228356e6	3.5954161718169665e6	3.6032513609098042e6	3.5978018803640483e6	3.602310709165422e6	3.582904544143917e6	3.5807639186636545e6	3.6161148675905224e6	3.5905550773354094e6	3.575829957089949e6	3.5553534784286655e6	3.5658809780902807e6	3.550628610566496e6	3.5307055337358224e6	3.553028038293513e6	3.5480491651711767e6	3.541498953415677e6	3.597801643331116e6	3.5406981843657694e6	3.5359051148695014e6	3.4952987232848513e6	3.4801273681491707e6	3.523343032018524e6	3.5143616635347204e6	3.5006581822118377e6	3.5283342206409117e6	3.5260462901539984e6	3.487856257356205e6	3.473164050333306e6	3.4938634822497563e6	3.4769070800467157e6	3.430838818311971e6	3.4822235361236474e6	3.4489154803901105e6	3.424484019483557e6	3.433816335429533e6	3.4109046593482057e6	3.4087498350658617e6	3.390302488515109e6	3.43198017729936e6	3.3935858052472947e6	3.3748988028615722e6	3.4519162686634236e6	3.3646888825011197e6	3.3831533527474096e6	3.376273196762707e6	3.3984591770328246e6	3.286401057107047e6	3.3387394611621737e6	3.3328266984470086e6	3.3025667958755894e6	3.2299597192695793e6	3.215919839745192e6	3.2472685042394656e6	3.247545649464711e6	3.2288136795754144e6	3.300929125767e6	3.2050757476195423e6	3.1915951190811587e6	3.202568776042748e6	3.199526087725007e6	3.178094189361633e6	3.1832744317642143e6	3.094364464394551e6	3.1487733197216596e6	3.0812362312658755e6	3.1079095006039944e6	3.0589484043687875e6	3.0542764533022298e6	3.016611136668696e6	3.0385237540879506e6	3.0112086896925485e6	3.025902186756447e6	2.9462800510540623e6	2.957107052639028e6	2.9514678848921508e6	2.8830354427364147e6	2.870580207467708e6	2.8825026593284574e6	2.8560003159324788e6	2.861157750839466e6	2.8210996080771247e6	2.7839772976946887e6	2.812214782182542e6	2.81676955415761e6	2.848089087755356e6	2.759103627401825e6	2.761100987629093e6	2.7476102813193537e6	2.721787359072794e6	2.6653318100032853e6	2.6897018863098137e6	2.5895817715327274e6	2.6550964711119523e6	2.630221491715728e6	2.5756001186842434e6	2.5762919179867385e6	2.327923938846214e6	2.5183846503516305e6	2.396312180749544e6	2.425083536389165e6	2.426208724183394e6	2.432842295811698e6	2.371232351861503e6	2.3031998009536033e6	2.4854691072176807e6	2.3119450100915423e6	2.2952982581113246e6	2.2764661938427766e6	2.1888411735415254e6	2.22858855502366e6	2.1651140731604435e6	2.113884145212616e6	2.082044914773082e6	2.0277459631018671e6	2.044593911549391e6	2.0062261750412416e6	1.9754206305493077e6	1.8984137718128993e6	1.9717007083376192e6	1.796606599662824e6	1.7460400839213207e6	1.7051341526187886e6	1.6741590073558972e6	1.6409613861956012e6	1.5801755424711877e6	1.4872284344042735e6	1.4672642734280545e6	1.3856307940724725e6	1.333753248697612e6	1.2964549603161355e6	1.191051558407994e6	1.1425782214160347e6	1.0903756632358832e6	1.0132906078200396e6	925895.5419665962	844283.4544565999	762798.1788363261	656772.5081744553	555227.5352523499	436055.28697295906	302872.738469813	128551.150654505	-41675.611270977184	-176252.19052770175	-297904.20466818335	-410367.59031463135	-503641.29544642055	-618749.346295252	-718353.9909073957	-811813.3645739169	-890233.9854283687	-988962.6221228894	-1.0818365810283828e6	-1.1504695344120297e6	-1.2338809750748374e6	-1.314315329653801e6	-1.3980725957227764e6	-1.5008108296675612e6	-1.5845127741545257e6	-1.6064660245398968e6
3.7177573377043e6	3.717736453332847e6	3.717323852288344e6	3.716964893403526e6	3.715966020445043e6	3.714808267662946e6	3.7152699502170635e6	3.7170890002600863e6	3.717630242240461e6	3.7100311244122162e6	3.7120069064369043e6	3.7135563690419677e6	3.7125672269745497e6	3.7098218032350983e6	3.708628836757794e6	3.710590277791503e6	3.710445770763447e6	3.704949643682241e6	3.701558380750518e6	3.7036557696122765e6	3.696912273304768e6	3.707441847462702e6	3.6988030476097604e6	3.6895453849056936e6	3.69771046988317e6	3.693020328864035e6	3.693480086679995e6	3.7046856392392684e6	3.6731096958060814e6	3.673742976432109e6	3.674275774274074e6	3.6741180274306326e6	3.6820242466793386e6	3.678403714253669e6	3.665352735284539e6	3.6760296526421322e6	3.658420970776618e6	3.661765721340752e6	3.657598365385101e6	3.6466584827066986e6	3.6574332717672717e6	3.671553692262861e6	3.6934537266953737e6	3.6345878267521467e6	3.627250737386076e6	3.631021476396259e6	3.6538169744313927e6	3.67320069462091e6	3.603269069085756e6	3.614577961609584e6	3.5817785423128554e6	3.607384424327146e6	3.7090063321570554e6	3.625033280245594e6	3.593919636161769e6	3.6072656926428173e6	3.620750707214445e6	3.6322333022381556e6	3.599549528175284e6	3.571386309331488e6	3.56150724141397e6	3.612555368334607e6	3.5729923916259217e6	3.5479433269365514e6	3.5822580943449726e6	3.57172275483902e6	3.5194413020867696e6	3.5759903613271047e6	3.5071828480346473e6	3.5515598638757044e6	3.511150918622489e6	3.5174938148051808e6	3.396295551340217e6	3.4748085074512474e6	3.4835147569852443e6	3.4644481701684734e6	3.4499660247331345e6	3.5272230113679105e6	3.484539401468587e6	3.4749342730846964e6	3.5085870288719665e6	3.3961553006313057e6	3.4231656415876653e6	3.395759774992126e6	3.402410169205067e6	3.371422820123543e6	3.381109831046624e6	3.392782393184009e6	3.3639762709991643e6	3.3506681720414725e6	3.3174731977944877e6	3.387099174671246e6	3.279970208458221e6	3.3159124502295163e6	3.316823194827012e6	3.2805231671150764e6	3.280354254321285e6	3.312942499791707e6	3.1716395712872436e6	3.237037864887531e6	3.235001986467492e6	3.2238434272784516e6	3.1944516036764067e6	3.214936220314388e6	3.117718099169125e6	3.206204814633105e6	3.1931922645745585e6	3.1856057346770084e6	3.099432351246571e6	3.321338320452001e6	3.0582506096533225e6	3.059820624406819e6	3.0731241515875226e6	3.0199204376243367e6	3.0146018150016163e6	2.997994760405329e6	2.9889909169415077e6	2.9106097737803115e6	2.908582330407874e6	2.8350409011337087e6	2.885340162410735e6	2.8301908009226294e6	2.88407149022618e6	2.8462515952716647e6	2.835666448812159e6	2.8274012899735607e6	2.7881281858809832e6	2.827308187555538e6	2.80144586644694e6	2.7834174005763647e6	2.676539293805286e6	2.6819052815613374e6	2.5956660549841365e6	2.618478000763636e6	2.6186332331539323e6	2.5793818364214133e6	2.595169605703962e6	2.5783993354500914e6	2.309067852626255e6	2.4545938298157826e6	2.4207334384191483e6	2.469087471150387e6	2.462964765497481e6	2.4510887197115985e6	2.4318500756135317e6	2.3637697163455994e6	2.3450703414892983e6	2.496941673246004e6	2.284424364707726e6	2.302996705577661e6	2.222630895743074e6	2.2401266265299367e6	2.1520169664559886e6	2.228726211800579e6	2.0353827496262672e6	2.0679670704141997e6	2.0470011037427615e6	1.872005810866504e6	1.9342350479195016e6	1.9417200701802978e6	1.9903924231870866e6	1.8039068879867042e6	1.7658849193564549e6	1.710191372529696e6	1.7169489874206125e6	1.6295769769982987e6	1.566600990627841e6	1.5148334382588742e6	1.4805093846954845e6	1.4048341590053735e6	1.3337385477277613e6	1.295017171183586e6	1.2384400951673826e6	1.1547588176502646e6	1.0935491150275967e6	1.0126030099144136e6	931469.4598145992	851351.004850172	757260.6803047322	660683.0303381351	557577.8299015183	437850.2948216526	303837.46794746025	128403.01607439108	-42826.683968978934	-178785.31164183142	-301254.4979140754	-411482.2699093837	-522477.7581110927	-621422.7449576226	-719175.5606384394	-818045.8729453841	-908181.1205362063	-1.0118238712675208e6	-1.0814686757186647e6	-1.1666432093762984e6	-1.2765999393399754e6	-1.323342454013554e6	-1.4241426399054942e6	-1.502402193801043e6	-1.574306191952025e6
3.7564190264921347e6	3.7560575678879973e6	3.7556323690458043e6	3.756090504460373e6	3.7548215490297657e6	3.7549649085907666e6	3.7550822764194347e6	3.754769969911782e6	3.7558016693940978e6	3.75361007126862e6	3.7516703627020083e6	3.748981272708468e6	3.751411779323307e6	3.7487261653885953e6	3.751061705196227e6	3.7537685567817083e6	3.7480088737282776e6	3.7497740469966466e6	3.743630383703312e6	3.7301418188528605e6	3.742788743032971e6	3.7489422760415375e6	3.7423333796271146e6	3.7227912931891163e6	3.758232690152497e6	3.762217186344122e6	3.767838454210072e6	3.767353276764198e6	3.7254947768124184e6	3.7080298136316184e6	3.712052210589646e6	3.7152568940568455e6	3.7039910774431466e6	3.708702196132792e6	3.7314817699762206e6	3.7155283995378884e6	3.706115248229122e6	3.6994685891589513e6	3.7159445951198447e6	3.722805941972715e6	3.7403963068320854e6	3.720936348487631e6	3.706492571016023e6	3.723893703682863e6	3.7034628750269623e6	3.732454893998663e6	3.701304279679785e6	3.6891582016407694e6	3.67564374573066e6	3.688178807575898e6	3.679860224982622e6	3.67905913871947e6	3.6696601469267393e6	3.6553972494962187e6	3.65248841704638e6	3.683764625492838e6	3.6513294157410166e6	3.6708709866305706e6	3.6736510361490464e6	3.6159722775839437e6	3.610900585285757e6	3.611174288897271e6	3.6111532320574177e6	3.606157006648603e6	3.6412143993443577e6	3.626454216222155e6	3.557381511794163e6	3.5736417168813124e6	3.601229488344523e6	3.611776529924415e6	3.588827895350554e6	3.552756994595385e6	3.5562324000924705e6	3.5146582434916305e6	3.5413352477142178e6	3.510792465958234e6	3.4818741902224678e6	3.481424596063471e6	3.4695701667193435e6	3.494239583436966e6	3.5065625244095265e6	3.5076301648192974e6	3.4151543537168982e6	3.4152485175867407e6	3.4397746034794264e6	3.4031829463689253e6	3.4099005331939654e6	3.6105123563224734e6	3.4162042932411437e6	3.394296673530117e6	3.423358265253747e6	3.34642953677322e6	3.390787697067566e6	3.3027305908536906e6	3.331853245469447e6	3.3167157970768716e6	3.3092496249412987e6	3.294525494588947e6	3.3435153984119887e6	3.2813941106461855e6	3.2542525889073955e6	3.243979201179984e6	3.2361905721491957e6	3.284650340631972e6	3.2377404964273414e6	3.1289661959501645e6	3.1530394004194885e6	3.143555139370234e6	3.1407406721562776e6	3.1487349054854102e6	3.346656322054796e6	3.085452973787629e6	3.084928349763049e6	3.1086840353377084e6	3.074130595523158e6	3.0614599382565264e6	3.009729602781916e6	3.0086741714221938e6	2.9578721264832066e6	2.908843795219424e6	2.831330186513306e6	2.7146835063397447e6	2.988577365600872e6	2.9246967780183908e6	2.8988131835680986e6	2.861184080973527e6	2.8698907785644215e6	2.8767917678209553e6	2.7983637480662977e6	2.851681326130089e6	2.859351484657428e6	2.7334244722878216e6	2.657719380633204e6	2.6425942275850163e6	2.6936576673968006e6	2.6437587655391004e6	2.6665286954118097e6	2.692166166005461e6	2.6269490423509097e6	2.276363953628785e6	2.4307621184862643e6	2.5437227668415373e6	2.5826814530433267e6	2.456239447605645e6	2.473939955370833e6	2.427649342018392e6	2.3552434806304374e6	2.3861519947721707e6	2.3410874680492636e6	2.3657119821986454e6	2.2940935556309377e6	2.253772634908013e6	2.06915231085384e6	2.1132357726458297e6	2.119013217626808e6	2.080293129697625e6	2.0787427130477382e6	2.074793989320935e6	2.0071497465641117e6	1.928367400224607e6	1.9785777226231324e6	1.8884625554154236e6	1.8359366319769942e6	1.794399229194246e6	1.746336192939816e6	1.690531048205383e6	1.6092151954085473e6	1.5625073545229367e6	1.5057947534515618e6	1.478725411281161e6	1.4196055377631425e6	1.3685619638980208e6	1.2790559374577026e6	1.2450219833708992e6	1.1700141129303295e6	1.0952236512586018e6	1.0201476969678607e6	937437.1819472113	853724.6047626524	762120.4617922413	662766.4510935722	560008.2029480222	439739.2463746886	304802.4260896505	128254.73607585998	-43978.07726333197	-180224.50918291043	-303304.8435023851	-416469.6581454971	-525576.4906670796	-626532.663599134	-723814.6957336487	-813026.9131020168	-898860.1762103252	-1.016862071451609e6	-1.095798922671069e6	-1.167181350774338e6	-1.2758891867419113e6	-1.324784487265916e6	-1.4290648872115756e6	-1.482150676144443e6
3.7952609217565167e6	3.795326729742999e6	3.7948376439642613e6	3.795718806776767e6	3.7947413412578483e6	3.7941510150274006e6	3.79105249784216e6	3.791857169251235e6	3.792983204960274e6	3.7906371780200126e6	3.790545927988922e6	3.788936778700974e6	3.78502872929464e6	3.79147609000656e6	3.785417790685741e6	3.787267517718249e6	3.78754576366873e6	3.785006313823036e6	3.782207269891027e6	3.784590401138953e6	3.7896769246980804e6	3.7829417641474316e6	3.7683934104937892e6	3.773557557213878e6	3.7582380696239984e6	3.768998083902283e6	3.7874497060526703e6	3.765666134556812e6	3.755119647864909e6	3.763925224208544e6	3.761591982650723e6	3.755375058332908e6	3.7424978869059216e6	3.7540212255889936e6	3.753922332377209e6	3.757912868530222e6	3.756612363681835e6	3.745755094224963e6	3.7596638064111304e6	3.7597126136095393e6	3.731320143120935e6	3.7952906729986486e6	3.7686087001418476e6	3.7431324658227586e6	3.7500026921457956e6	3.7206746961003197e6	3.752627223443592e6	3.721837820028455e6	3.7142671076126276e6	3.7105865878983205e6	3.7382881316281985e6	3.7705902804436334e6	3.691432955095905e6	3.6924129593395228e6	3.694476403315575e6	3.6752254844650845e6	3.675183819781271e6	3.714522012127937e6	3.6752400697433306e6	3.6726788014510716e6	3.6499500686527984e6	3.67589155465016e6	3.6515308800893766e6	3.699784417824937e6	3.622834640956378e6	3.6432971553289993e6	3.614283506908962e6	3.6026273787338454e6	3.6455758669706965e6	3.608981031275844e6	3.5906258335853643e6	3.53439186367651e6	3.6067414079124173e6	3.607343603849762e6	3.513659734193839e6	3.5366051243541166e6	3.601660208653931e6	3.5323542951654806e6	3.4974396542591844e6	3.519700625415963e6	3.5589935303113977e6	3.494483008110027e6	3.4247133179855277e6	3.445738772155798e6	3.486666460538121e6	3.4397616967322845e6	3.453280274417296e6	3.4221078931589234e6	3.430437035124711e6	3.477143995567156e6	3.4196619018949717e6	3.416265915360264e6	3.3944393021647204e6	3.383741233334449e6	3.365131713951226e6	3.339735989699087e6	3.389642406218418e6	3.300858130753771e6	3.3521613317776816e6	3.3314670283188e6	3.303689668151172e6	3.314999279996297e6	3.3168608315872345e6	3.2320868638166077e6	3.119678846561349e6	3.266087378546389e6	3.1558997200219603e6	3.223749319401062e6	3.1379675890760045e6	3.175029909753455e6	3.1793759731326415e6	3.137542386251515e6	3.1406583935728073e6	3.1280237297807736e6	3.1318607651267555e6	3.0924321179763833e6	3.0763081817752207e6	3.0661706213138527e6	2.9947655818856806e6	2.96691554728904e6	2.882268292851421e6	2.8401555907361805e6	2.9649925138005875e6	2.969316213570228e6	2.897922303261952e6	2.9160337142414185e6	2.9397245444102287e6	2.88072064687197e6	2.849123413215809e6	2.8437432679018117e6	2.8075107204843373e6	2.6889927963088294e6	2.7069750934441984e6	2.777011161828866e6	2.7735767674947977e6	2.6736060502682566e6	2.6744272829398457e6	2.7023333235790855e6	2.637697936715338e6	2.5359654067797167e6	2.557521228353015e6	2.4462546129345e6	2.5820800989851784e6	2.5358038967240294e6	2.4587852073696963e6	2.5002644053735407e6	2.4190623007468814e6	2.4380699836268653e6	2.391475757461965e6	2.3869754952494884e6	2.2345043130571814e6	2.3008934426288847e6	2.245949787893735e6	2.146160963741447e6	2.1600736516080545e6	2.1121282509143976e6	2.1455587966840737e6	2.0444835910932247e6	2.0514441588990237e6	2.0149914753849406e6	2.0079106855017487e6	1.9644926329923172e6	1.8823714934701824e6	1.8440411496135797e6	1.773157498080963e6	1.7450368271467148e6	1.6983212082441072e6	1.647133450984433e6	1.6201997488635608e6	1.5568349822917287e6	1.4948028078795413e6	1.4326814774712888e6	1.3639646436433108e6	1.3217919039048187e6	1.2278699333166536e6	1.1811603795742407e6	1.1038168640898643e6	1.0269153841891498e6	939068.5228206743	860401.5882641198	761732.2392824003	667145.8222392588	562469.1425368204	441582.561666653	305768.5306412033	128106.30972629087	-45128.297675543465	-188017.34015838336	-305815.1089883032	-422291.85436702566	-534845.0766287646	-630513.171444797	-740670.0355777554	-792269.0094619542	-916410.603427906	-1.001005203977006e6	-1.1041720971258427e6	-1.180982807931662e6	-1.2814415958209638e6	-1.3298960964113898e6	-1.4318446094302968e6
3.834319455533791e6	3.834707562294491e6	3.833794650554218e6	3.8330441843824605e6	3.833341625808728e6	3.832922476111943e6	3.833143873467268e6	3.831473184243969e6	3.8310480426510107e6	3.830594919674036e6	3.83142973647859e6	3.8252651289760265e6	3.8296476714078784e6	3.8291226241822816e6	3.827338863390603e6	3.825590243335473e6	3.8237003993410696e6	3.8224286597022647e6	3.818761783324338e6	3.825628746447193e6	3.82129532080672e6	3.8246725711929244e6	3.8202363071819604e6	3.8070452831847714e6	3.8158011516533564e6	3.795042391294651e6	3.8017583570515974e6	3.8021012197286002e6	3.802233730482597e6	3.8005480752578527e6	3.800917129730247e6	3.795238941392417e6	3.7878097831172193e6	3.7679320035435464e6	3.7874377110248087e6	3.78165158359173e6	3.79321797032686e6	3.8255456006955304e6	3.8267845963610546e6	3.7709957184957764e6	3.75943051505241e6	3.7646404884078354e6	3.795080361286893e6	3.7584574602114893e6	3.7648072591794883e6	3.7638719934036406e6	3.737790425101603e6	3.7419313446104648e6	3.7242409316482423e6	3.724976774204181e6	3.7468245918659316e6	3.75601069337885e6	3.728562282452888e6	3.704875835052192e6	3.7889219669138277e6	3.707786609162086e6	3.707132408369938e6	3.698893538100777e6	3.6981311784716193e6	3.737731460135674e6	3.7048015489689643e6	3.6734709057897134e6	3.6731490176398e6	3.646483470170842e6	3.6491014793182006e6	3.6521877329931348e6	3.633440573711136e6	3.646626632142485e6	3.6471607489310456e6	3.6780216611790233e6	3.6590989881198634e6	3.702009986729146e6	3.630310029580594e6	3.619867968975725e6	3.6024445158591336e6	3.564393243237909e6	3.5988686230337396e6	3.560581655170625e6	3.5557086484124204e6	3.5275066105575277e6	3.5277580721640075e6	3.556726883684137e6	3.5292458850522693e6	3.530547635335227e6	3.4731886501196194e6	3.527483116145368e6	3.525758972057483e6	3.482615261799478e6	3.48304600104952e6	3.469443039076781e6	3.471110622988279e6	3.429917431318473e6	3.4318660164775667e6	3.4395394129706137e6	3.405022686158915e6	3.38244425815366e6	3.350397909902161e6	3.417867886705081e6	3.3511492217120845e6	3.370702478364284e6	3.3584876239467617e6	3.3407864024132546e6	3.352748120885038e6	3.306599023812915e6	3.2551770614666753e6	3.268998817291284e6	3.2423657891821098e6	3.2230782381133502e6	3.2216734420496617e6	3.152296055362384e6	3.197663967047432e6	3.1751052867433964e6	3.2276170556151373e6	3.3299421387491403e6	3.164956611065738e6	3.150142208167998e6	3.0883353481112076e6	3.1015841742504667e6	3.0407131053839056e6	2.9868754682900286e6	3.0434115161627904e6	3.032872682889716e6	2.993009229049123e6	2.979719275890248e6	3.0174651876953663e6	2.935920283504691e6	2.9343528504188303e6	2.9627102662768685e6	2.8349687123894244e6	2.7995711098682405e6	2.8445359993140493e6	2.8232208007352105e6	2.791605951444379e6	2.7546648305777186e6	2.821039219266425e6	2.749541634221845e6	2.7323914390246263e6	2.743396618368211e6	2.702919597447415e6	2.702458629732104e6	2.553386494285874e6	2.6162764654659685e6	2.687118187184034e6	2.546076380148567e6	2.4935280120871374e6	2.4917503569743074e6	2.502753051208915e6	2.4967804708930375e6	2.443635906506378e6	2.4120850597259314e6	2.3874707332446175e6	2.2862682803033376e6	2.379072731552731e6	2.282512498016858e6	2.3068811800025236e6	2.156239034815231e6	2.219534315134938e6	2.0962014505572906e6	2.079041636584003e6	2.1321512578902785e6	2.0521102674364992e6	1.9897123623353762e6	1.951136810902014e6	1.9078447580046135e6	1.8150191402000515e6	1.778088042491431e6	1.730937608924682e6	1.7069341504479516e6	1.683137014196346e6	1.600611335252236e6	1.5467078908218197e6	1.5060860849062547e6	1.438771158160259e6	1.3790666895259204e6	1.3084626642394576e6	1.23179192237703e6	1.1551979663161412e6	1.1055504153782045e6	1.0288029950711038e6	949853.9756086287	863627.8410638818	768296.7727662944	670915.8334663068	565146.3207502468	443428.8285994637	306735.5141417794	127957.82212029118	-46284.324210056104	-184233.8954892042	-309018.936420321	-422303.64238056866	-523761.9355437695	-632670.2419994995	-728997.8563552061	-833676.268081435	-918726.2102299966	-1.0187198238311908e6	-1.1131409418308097e6	-1.1872473879680433e6	-1.2874839874249385e6	-1.3571115979817943e6
3.873545647744407e6	3.8736975997117436e6	3.873778161074867e6	3.8734460384555357e6	3.871534713320071e6	3.873480753787608e6	3.872246913570758e6	3.8709650107468083e6	3.868841581901254e6	3.8709671326844054e6	3.86973969994687e6	3.865254567603013e6	3.866128152196241e6	3.837548138653435e6	3.8632173424110394e6	3.860946905754864e6	3.8709995162212634e6	3.861211150404017e6	3.865995252855574e6	3.8614759338616785e6	3.858571283288614e6	3.8464992155902972e6	3.8460235974742537e6	3.857165511022974e6	3.851378731298321e6	3.8507907654190855e6	3.849779510917815e6	3.840511483502266e6	3.840623629575148e6	3.838870068159737e6	3.837978135273755e6	3.8363196420070864e6	3.840527202342964e6	3.824544437495731e6	3.823957829870737e6	3.80527145888237e6	3.830945384375644e6	3.819689877820862e6	3.8368580285852146e6	3.8173052382588214e6	3.794333161743528e6	3.804837340772722e6	3.7907388852685895e6	3.8354600521833003e6	3.7997222140240306e6	3.760220251904871e6	3.804279788770972e6	3.7824775969206793e6	3.7755863901107404e6	3.7702294420328946e6	3.8734898376245922e6	3.770271382195325e6	3.7545557188602076e6	3.750181490749912e6	3.7526917225915706e6	3.764041590615454e6	3.752489973051936e6	3.680561618261221e6	3.757612357442861e6	3.71367134612964e6	3.730287410474058e6	3.7124469606632935e6	3.6878081924451035e6	3.689446019093305e6	3.6687657444827864e6	3.709644276853232e6	3.6579199475482074e6	3.693743852127266e6	3.7232844951507607e6	3.6866633130339785e6	3.6398140737523697e6	3.6125453070781054e6	3.6994233810655437e6	3.65818472777109e6	3.625651006311465e6	3.6606277405331517e6	3.5807703311949233e6	3.583856146513951e6	3.5792664056748273e6	3.5636615496962676e6	3.5788248578121434e6	3.56948517995632e6	3.5859193143461784e6	3.6118518350339127e6	3.549278933072435e6	3.4805527538835173e6	3.442069263991631e6	3.537121008176677e6	3.500115451994833e6	3.5084796067001205e6	3.504260003660993e6	3.460002581768083e6	3.4348865555489594e6	3.45596661924363e6	3.410746318959443e6	3.4462065964337345e6	3.3859758432216505e6	3.4187331830534004e6	3.3966416819208693e6	3.390456290093083e6	3.3976357990398146e6	3.4505255558087016e6	3.366946360309945e6	3.3586951885795775e6	3.3187076458943095e6	3.261324634601243e6	3.3069469261958776e6	3.2877502231844626e6	3.2741201807894823e6	3.2640800988048767e6	3.2239591045643166e6	3.2562067466585487e6	3.2481067699443614e6	3.2469470822084574e6	3.147143147265835e6	3.2049876509417165e6	3.1788824682457596e6	3.1236400208727224e6	3.0855391342475284e6	3.036783507255679e6	3.1262486883677077e6	3.1743524099211153e6	3.026387239738571e6	2.994905411558484e6	3.0311702078977944e6	3.057128228818454e6	2.994866204367143e6	2.978320063887999e6	2.875584202889247e6	2.8682821724499026e6	2.9143708550483566e6	2.9523956738539776e6	2.8823752294274922e6	2.8254793777177315e6	2.824984587330907e6	2.815089120857738e6	2.7039524175245203e6	2.7370175380536765e6	2.7314547461842396e6	2.747804975138223e6	2.687780066686865e6	2.585213699418866e6	2.6922307571172123e6	2.6234482086770814e6	2.566186441958868e6	2.554598451534093e6	2.494444116802592e6	2.5958971518513784e6	2.4487470302540776e6	2.475537647944768e6	2.407450333416892e6	2.372067190130066e6	2.309181011778814e6	2.349159288251369e6	2.2960277661307342e6	2.2342893572680657e6	2.2422072603735775e6	2.244636732576209e6	2.1552451781042633e6	2.1462421391730043e6	2.1193833331908085e6	2.1295680475907987e6	1.9858012384604837e6	1.9545218575071674e6	1.8899901052797204e6	1.8662192768262555e6	1.82498335582422e6	1.7643131728445515e6	1.8328727600758506e6	1.6983701264013972e6	1.6155703677367154e6	1.578222489273198e6	1.5224332260648266e6	1.4458822613961063e6	1.3946572949297419e6	1.32538831872562e6	1.2533290921379249e6	1.1912608996002e6	1.1087416102920906e6	1.0383001420979025e6	951947.3145703035	855147.8857340054	770920.42460632	673711.2064857916	563699.9439838999	445233.8932527327	307703.5921523506	127809.0385204493	-47437.24716121238	-186121.35123995598	-313976.2892484418	-428914.9472815315	-539074.5981939617	-641994.8594549885	-745579.512303893	-828777.6229679473	-918196.8332461859	-1.010504169919983e6	-1.107672700482653e6	-1.1911075913569932e6	-1.2884549867610424e6
3.9129679847700703e6	3.9128750663137445e6	3.9121219531122004e6	3.9132313886828762e6	3.9116500116069745e6	3.9118426006090553e6	3.911968537820807e6	3.911468205447573e6	3.9127772762291315e6	3.910203210568134e6	3.9066831174100335e6	3.907865461828286e6	3.8884638822581563e6	3.904397703178879e6	3.9056293354760613e6	3.9011083194465414e6	3.901917225583743e6	3.906516604677958e6	3.9081173359747445e6	3.9004476031619525e6	3.8933811149787894e6	3.903182184787746e6	3.8844922209772193e6	3.895552274882735e6	3.884066724650804e6	3.8921351412572926e6	3.890802571985763e6	3.8851814050337905e6	3.8761235922530266e6	3.8755644239608804e6	3.883763969755538e6	3.8803335035182163e6	3.8701526622482394e6	3.8669693209742135e6	3.8545763088349067e6	3.880808199751354e6	3.8725884963418664e6	3.8690509325942434e6	3.8956765295018246e6	3.8508084984884057e6	3.849761662736211e6	3.8301469707955346e6	3.8695948341066698e6	3.8351635889914967e6	3.830448503401523e6	3.830379395618632e6	3.823243093557182e6	3.8399810148886167e6	3.817327891182252e6	3.808810532148116e6	3.809611504164666e6	3.7974078272984684e6	3.7926065336671798e6	3.878983444786789e6	3.7854159143087175e6	3.7838770107240994e6	3.7647988843370765e6	3.761887072680425e6	3.7683419189239005e6	3.756416989657921e6	3.759248720444928e6	3.7449230917717637e6	3.7367852791885003e6	3.7888445673982813e6	3.735818359699751e6	3.732589295655288e6	3.716927354989129e6	3.7170126968550724e6	3.71900716611751e6	3.7194586115055922e6	3.708508341091496e6	3.7411961675239494e6	3.703853130308693e6	3.712064728721683e6	3.649356509338363e6	3.6132971639465294e6	3.62477120998421e6	3.6492693504314446e6	3.626610362345599e6	3.6471722601917055e6	3.6180534091036352e6	3.598588961929989e6	3.622149461840515e6	3.615154672651762e6	3.6400056575992825e6	3.591030696073563e6	3.579008650212429e6	3.578079612147929e6	3.565557636053855e6	3.501425544877817e6	3.5431877369612902e6	3.544736987976961e6	3.5949408385434076e6	3.515219854087293e6	3.46277156985546e6	3.5358424612790234e6	3.423275452236457e6	3.417646799674811e6	3.4102701960103856e6	3.4867993155600987e6	3.4685620874688607e6	3.4189967219160004e6	3.439210556781697e6	3.3796229709422067e6	3.2989459952781e6	3.3152453023742726e6	3.3629055040971884e6	3.3331229667334137e6	3.2868841439072182e6	3.267389618956533e6	3.304007677582564e6	3.2418749069251847e6	3.310925950524327e6	3.2477228539842744e6	3.227165674925787e6	3.2015259161715535e6	3.1770097580898614e6	3.1630372190354257e6	3.1616940314172683e6	3.175995936383318e6	3.1290391557683065e6	3.1746195690011065e6	3.0820960441905633e6	3.06648559636929e6	3.03439430189458e6	3.1320876356400056e6	3.078660233152878e6	2.9659284951858185e6	2.867438053296607e6	2.990585255870656e6	2.829822612389392e6	2.927284189016271e6	2.869277456962487e6	2.9258233912859606e6	2.823354630887817e6	2.807670104445284e6	2.825452011004388e6	2.831277485305932e6	2.74381203593852e6	2.8620330151218073e6	2.789827769148959e6	2.7379513234402915e6	2.6427103001442924e6	2.718158225839529e6	2.656433204327048e6	2.5941374639245523e6	2.6148859078386547e6	2.573553876140486e6	2.555680269257074e6	2.498999419974478e6	2.4571805589804435e6	2.4426890788600203e6	2.4437055187952407e6	2.2955798959421683e6	2.392507156239166e6	2.2929808709936272e6	2.3243578351282105e6	2.29705449278521e6	2.2194105215722863e6	2.1760210782133136e6	2.1139511864350997e6	2.098741100700305e6	2.0699254718888083e6	2.0136418984850554e6	1.9983290773210495e6	1.9255528873864189e6	1.847324116777173e6	1.8514162512514214e6	1.7732155382021947e6	1.7105795257495304e6	1.6801927799886672e6	1.6632042514597266e6	1.5711966546346596e6	1.532422978696573e6	1.4271721637356137e6	1.4067133712979378e6	1.3267893843695882e6	1.2507763847402986e6	1.1948576639443464e6	1.11127897388036e6	1.0321680626914338e6	964157.6267336425	876167.8143180027	775939.3600954749	676272.1390504842	570040.0758825908	447449.8504865342	308669.95229026116	127660.20009130193	-48593.12004197668	-188089.25874616578	-316494.12858454697	-432076.96700144606	-545561.7051566024	-650549.2839831593	-735441.7014598479	-854524.0952514699	-951419.2731716563	-1.0249773653434259e6	-1.1361634424769855e6	-1.2074625344773014e6
3.95259182648033e6	3.952368774049145e6	3.952091397007116e6	3.952396140002981e6	3.951662551506918e6	3.950897509279794e6	3.95154283353837e6	3.951811289426923e6	3.9500694202938112e6	3.951305634950064e6	3.9655232873091884e6	3.950084882818772e6	3.945647783342135e6	3.9441082497951523e6	3.9434655029728664e6	3.9428753041047724e6	3.9279155992442397e6	3.942184550120802e6	3.9416726604124736e6	3.9376256523407795e6	3.947585153606088e6	3.942160681451802e6	3.920099386864509e6	3.920346945963047e6	3.9298374816977056e6	3.9430738330582557e6	3.926616811091616e6	3.9289583119126493e6	3.9219822671553344e6	3.9196741426275084e6	3.9173377955346815e6	3.9254071911879936e6	3.914258142207974e6	3.88438474377386e6	3.9073164750065804e6	3.8974676256023357e6	3.938833309631568e6	3.9123604283395293e6	3.8849462584825205e6	3.8943557010229127e6	3.889754940415789e6	3.8806533329162686e6	3.875505962004692e6	3.8733175284434976e6	3.877893862899879e6	3.86637366088538e6	3.8702023768198797e6	3.8543124218144203e6	3.9194624908082252e6	3.858157995016952e6	3.8506017795920474e6	3.83007109630822e6	3.8440845715435543e6	3.8282474630711735e6	3.8376070853980505e6	3.825693485459977e6	3.882840904914941e6	3.8057888627952123e6	3.834674818068209e6	3.756150403833322e6	3.7950864808374867e6	3.7672172338325647e6	3.775729677331632e6	3.800936941442538e6	3.7634698809706653e6	3.783085030182493e6	3.7446829356132e6	3.752559382393553e6	3.719113666954767e6	3.691843385875611e6	3.65320119763918e6	3.7717968422656492e6	3.724008363365762e6	3.6994860463661277e6	3.708203103314481e6	3.694587446712726e6	3.673265710062683e6	3.68099721650637e6	3.6799565906390087e6	3.678294655410547e6	3.6459469288062816e6	3.6573455521536833e6	3.6447254403812313e6	3.619306438042646e6	3.662063898889155e6	3.6672829984693946e6	3.6191721093127225e6	3.5964793556079757e6	3.5872264021376316e6	3.574360367068694e6	3.562061536462629e6	3.6445746521654977e6	3.5653404097874067e6	3.526211446069207e6	3.5490994094021935e6	3.462211207024197e6	3.5410507541532917e6	3.4738460153703033e6	3.4587496861083517e6	3.454394921876065e6	3.4355480125507573e6	3.4634342833690187e6	3.4443787264548996e6	3.4180301399462e6	3.3909842981845033e6	3.3738935887937946e6	3.353573770813887e6	3.355885097187671e6	3.383283776988496e6	3.321584513741141e6	3.36622319656171e6	3.3461380976635795e6	3.3268360690949294e6	3.2665344924845947e6	3.2894214787169565e6	3.2468605660318043e6	3.183398078764569e6	3.225717966486405e6	3.2507553358429056e6	3.2028879830323504e6	3.2129620843490427e6	3.2010498659633137e6	3.1545057528901077e6	3.123034615455308e6	3.028500842061756e6	3.0068304104062067e6	3.0952585154105425e6	3.0638030658689495e6	3.0196913019455457e6	2.9208428709348766e6	3.056432318656137e6	2.9305768955798754e6	2.949185263271915e6	2.933140093021656e6	2.8833564774205554e6	2.9448502169097466e6	2.8135723618254727e6	2.813283292563066e6	2.8186463068076214e6	2.8141987651659e6	2.7720913470969563e6	2.753374943082682e6	2.822418233196997e6	2.692827785001244e6	2.5751885802702773e6	2.6882633341150996e6	2.6435079939429085e6	2.6873273223440875e6	2.549827957381515e6	2.567880181578485e6	2.457954409770416e6	2.4973957134877155e6	2.4685591473792526e6	2.48503374881975e6	2.391510116931334e6	2.3846461464742464e6	2.3398657457999266e6	2.454464701460257e6	2.2679198416535943e6	2.182547488199747e6	2.2372302530212086e6	2.1175759223694084e6	2.102709260855238e6	2.0657283834498653e6	2.035227092797751e6	1.9600127396764213e6	1.9116165419765962e6	1.8820800161110996e6	1.8465757407267839e6	1.7935194516108967e6	1.7462109828641308e6	1.6935256078798699e6	1.6497436237287275e6	1.5647858975784732e6	1.518352823788683e6	1.500192098091513e6	1.3994450666975062e6	1.344283688912056e6	1.2725556064351862e6	1.2061810872715511e6	1.132282933724929e6	1.048221938572262e6	970693.6793693714	876280.9876670795	786087.9130916409	680308.3225884442	572144.1261287271	449112.5605367678	309643.28140840307	127511.22842390416	-49748.903524223715	-190242.30177707924	-317160.54920151504	-443422.00721269613	-532231.2137817778	-650300.1501798825	-750055.6687254785	-843895.6101500341	-934930.8974736524	-1.0411222241940848e6	-1.123697138952549e6
3.9924087709429064e6	3.99227507435574e6	3.9912643243946387e6	3.9907181347137196e6	3.991846042962338e6	3.9917412376613603e6	3.9918523734808555e6	3.9911257763722963e6	3.9892386346673826e6	3.987951841540643e6	3.987719643662469e6	3.986522779020855e6	3.989502830016227e6	4.005819585536765e6	3.9834261127963257e6	3.9841972894167164e6	3.9822944938320396e6	3.9753324272725037e6	3.973040671812049e6	3.9797112812858727e6	3.9825581833020737e6	3.9777169224431803e6	3.972741392946623e6	3.9724191459592488e6	3.9935304740033704e6	3.9628871140271286e6	3.9635260718169007e6	3.9579102499184567e6	3.960036249428411e6	3.961146655645052e6	3.9556928804932274e6	3.951551632103049e6	3.941326374877318e6	3.9610331624129964e6	3.9502954055535346e6	3.936479348641383e6	3.9427002235302404e6	3.9355489545367695e6	3.93281794506114e6	3.931391510210034e6	3.917983765172259e6	3.933681963296251e6	3.938000108437334e6	3.906330064741172e6	3.908526695487388e6	3.908583016771688e6	3.908092909676301e6	3.9107747197340885e6	3.89771339030323e6	3.9137688651933298e6	3.874504665235168e6	3.917678482933394e6	3.909747798685643e6	3.8754026328428993e6	3.8784944546356965e6	3.838657194794085e6	3.851072852449297e6	3.857051030855513e6	3.831450296410122e6	3.830609399809297e6	3.8315432892716653e6	3.850416039074591e6	3.8419292891335106e6	3.8308042872316507e6	3.7817255168059766e6	3.8171330147253526e6	3.7916611875291993e6	3.7984275454366067e6	3.79146549390689e6	3.773399664619179e6	3.8046713211864894e6	3.7747801281023854e6	3.7594263270149087e6	3.8228726347105377e6	3.73570974708525e6	3.7254968287296062e6	3.714856623021075e6	3.743877690167347e6	3.702642091394075e6	3.67869152788298e6	3.7224434520723424e6	3.705475615691167e6	3.677894957869851e6	3.627840936012534e6	3.709196239324196e6	3.6934995739019113e6	3.651527122411943e6	3.643352936317969e6	3.5919310556139387e6	3.5873517945071035e6	3.5917805897951336e6	3.604593148343155e6	3.625571354695084e6	3.5622574371301862e6	3.554876724018068e6	3.574048017207565e6	3.5412676975230975e6	3.5620637018401856e6	3.4565332903447086e6	3.506693227119895e6	3.4858611001682607e6	3.484550274445563e6	3.4284408481370527e6	3.4331976359155662e6	3.515154590560355e6	3.4647802977201086e6	3.4404110085392017e6	3.4173697276514787e6	3.353911798193681e6	3.3692956887821537e6	3.367733644222606e6	3.3852666990856277e6	3.3594848952773158e6	3.3055392057024e6	3.299392363912184e6	3.2916353399063926e6	3.279404981584613e6	3.2640507853911845e6	3.2856539429778005e6	3.2159087352544563e6	3.227991289943712e6	3.2466717031732956e6	3.193506373367192e6	3.17556101211803e6	3.197438893395908e6	3.108095857033558e6	3.0315129685096126e6	3.1368749545731186e6	2.9860418198711164e6	3.074913498833677e6	3.0525824954702044e6	3.034216265196855e6	2.9907890410935893e6	3.0345555790311117e6	2.962013927217059e6	2.9119016761130174e6	2.9102398604678214e6	2.8838459036016734e6	2.744618435162016e6	2.8299212730196323e6	2.87704773637181e6	2.7963006281345556e6	2.8550197456110944e6	2.7511691768336054e6	2.7353950983319753e6	2.6003395113426233e6	2.6834628761402923e6	2.6234311446210947e6	2.679102889340856e6	2.627132241117579e6	2.607023163288841e6	2.648380876780074e6	2.5268853171292236e6	2.443972578835385e6	2.498194242164176e6	2.4595119475804074e6	2.4656478461980075e6	2.336396218327083e6	2.361897106557359e6	2.2900149074557805e6	2.230870128029006e6	2.227601981096072e6	2.2503836793278214e6	2.1554001168889306e6	2.101361012842644e6	1.9856486229726758e6	2.0042813146354936e6	1.9519962481245454e6	1.8985729190395735e6	1.8540937792112755e6	1.8062473210288899e6	1.740374892098159e6	1.7152796447750027e6	1.6457448338821046e6	1.5766254015369597e6	1.5509114901167469e6	1.4721894000422144e6	1.414859103784264e6	1.332027251990296e6	1.264721138271112e6	1.2237893465026682e6	1.1284729548226288e6	1.0555317952852664e6	966245.5125639299	882479.9049299299	786569.0895171897	683486.2583819111	574248.63187601	451070.4283268261	310614.6505136918	127362.12907204125	-50903.556882033125	-192131.16009566188	-319563.564470171	-434054.3928561518	-551288.2667211178	-658853.2737601763	-753393.2561108149	-849279.925143044	-945536.9142401335	-1.0466541401738129e6
4.032409043688489e6	4.0323693221286554e6	4.0321103602405726e6	4.03142044688931e6	4.031780522447065e6	4.035429410279437e6	4.0298328376544104e6	4.029391891239946e6	4.029911542420762e6	4.026922963963694e6	4.0277298981455965e6	4.0284461528428765e6	4.056317793605955e6	4.026672778098539e6	4.0293332297806875e6	4.0239751735022003e6	4.0259219631198384e6	4.019396939342579e6	4.009850427567545e6	4.0131301076857313e6	4.0224741166396197e6	4.01628241473534e6	4.010091472219599e6	4.0117415266590957e6	4.007236380965388e6	4.008609540744267e6	4.002922338345007e6	3.986848674460392e6	4.002636083567635e6	4.0005566164866877e6	3.9954984977306738e6	3.982559881629252e6	3.992084850552941e6	3.987364519264183e6	3.979686816715777e6	4.013455971927841e6	3.968421955786315e6	3.9735431360355318e6	3.9697629131624373e6	3.9659391722190036e6	3.9740004711263035e6	3.9670330683211554e6	3.958239294275973e6	3.954474946721002e6	3.9572582588866176e6	3.9555460739410836e6	3.9595976246664394e6	3.9477739091191757e6	4.0123619721317966e6	3.9251622200222025e6	3.9760739225842464e6	3.9400002523566512e6	3.8977454619416813e6	3.906030258520443e6	3.894763317331198e6	3.906374541779284e6	3.9028686582751875e6	3.904133380979335e6	3.889891503477562e6	3.8856014926241795e6	3.857705376011322e6	3.8650313009744775e6	3.8843791841636654e6	3.853751477544075e6	3.8817228197785364e6	3.8266823160338076e6	3.8583613258568333e6	3.8450850696928813e6	3.8512642669023834e6	3.835591097361279e6	3.811558755832236e6	3.7942353932513623e6	3.795515236482622e6	3.76089962657285e6	3.778169938932668e6	3.745357103454602e6	3.7769712785197045e6	3.777603633632357e6	3.7485665771171404e6	3.7866748436875995e6	3.727224163394285e6	3.7244722623361177e6	3.7236112899746792e6	3.7127147826910103e6	3.690164672553134e6	3.7066231469936203e6	3.671970409932031e6	3.700824051302559e6	3.678299489043815e6	3.635556212882753e6	3.634473924146086e6	3.6245409773931913e6	3.6260325439339653e6	3.633866998972674e6	3.6243742693873346e6	3.5857882620801567e6	3.6087183659447976e6	3.584998370868493e6	3.5966358160869265e6	3.549968678797018e6	3.5319407954484504e6	3.5094626612378573e6	3.5131681203755112e6	3.5464790165378083e6	3.496843077166677e6	3.577127990795652e6	3.439752472913554e6	3.484406923554691e6	3.4499045914440257e6	3.4310392220585514e6	3.4410245329412604e6	3.3360689682080587e6	3.4096338382964535e6	3.3579392036945224e6	3.3141327232613266e6	3.3287348539883075e6	3.360334346395255e6	3.306953670111571e6	3.278896660415506e6	3.225630532641547e6	3.295025722702112e6	3.26506042000719e6	3.2550485423756912e6	3.219075734992806e6	3.187542129552612e6	3.1523857877627485e6	3.1030611581400884e6	3.0519252243214976e6	3.151278022909905e6	3.1329611748905126e6	2.9550329434800977e6	3.106433257874414e6	3.025036363723158e6	3.016847924158836e6	3.0227205599728804e6	2.969893591772512e6	2.877993731974054e6	2.913013771519156e6	2.8923775235632574e6	2.895950841659328e6	2.8895649154361566e6	2.8509358780295462e6	2.840090098119409e6	2.805602943358274e6	2.777704433056464e6	2.7831589855937883e6	2.605236154471428e6	2.6874491050795875e6	2.5841806526363743e6	2.6234026736616176e6	2.6508300478257984e6	2.599410063355392e6	2.4937109675189015e6	2.434337509116385e6	2.4590528103185147e6	2.5157485530278524e6	2.4226232945291693e6	2.43445183271189e6	2.3484822494487045e6	2.3788405709686475e6	2.3052800583783304e6	2.1657029590740553e6	2.241933504149095e6	2.214581037870187e6	2.1545229295509895e6	2.077248869741655e6	2.0134197000630477e6	1.9905522721496671e6	1.951506698324518e6	1.9298940397555204e6	1.8599884359455917e6	1.833052702791119e6	1.7576525010959546e6	1.7184284646319523e6	1.6492173350860972e6	1.5704303113962128e6	1.54518556805327e6	1.491087585205807e6	1.4352875143364626e6	1.3764446646430586e6	1.2858209761530352e6	1.2119215481026466e6	1.139510060244476e6	1.0530171792403278e6	974124.5967537477	886720.4130116147	788562.7138501811	686897.9479987244	577994.1455505122	452838.77135253465	311586.18692885153	127212.90407331241	-52058.696580333635	-194258.80833899882	-322674.50208292296	-438541.73385873996	-556567.6291362126	-666914.582074692	-762529.4745516959	-854083.5759085189	-956493.9220833727
4.0725978660350153e6	4.0724957457871335e6	4.0720205909908907e6	4.072824136205485e6	4.072868696890789e6	4.071622911588349e6	4.0724195900651948e6	4.0684161535292733e6	4.067953320211375e6	4.106905466154373e6	4.0681302852286715e6	4.1047654966408582e6	4.101299321037922e6	4.0989178374178736e6	4.0637083075694265e6	4.0612129775609393e6	4.0909966332545225e6	4.059737963589229e6	4.0499316773151495e6	4.0634712715315204e6	4.067452786178842e6	4.0559106831909595e6	4.0546793867397667e6	4.0638611702059573e6	4.0518706706743063e6	4.045768171554809e6	4.03872086576206e6	4.056752794280643e6	4.0381967844718033e6	4.052316089377845e6	4.0998026814983254e6	4.040220201431949e6	4.0337698888160056e6	4.0296297792363986e6	4.023234752024441e6	4.022092566130916e6	4.0203757542370297e6	4.017479067714082e6	4.0117656241893396e6	4.0264298581397412e6	4.004807358047719e6	3.991639924198325e6	4.0079586728028567e6	4.0027522937634652e6	3.98675334657471e6	3.979003350950765e6	3.973261566937542e6	4.00552070384794e6	3.975909412986351e6	3.9979331829358805e6	3.9692756504806266e6	4.019228624941715e6	3.968805688417544e6	3.954133966247388e6	3.966237350736757e6	3.9214821819145274e6	3.939277569349485e6	3.9238694425797155e6	3.925114660704501e6	3.907916697778787e6	3.885833571994255e6	3.893759183311725e6	3.879883616869309e6	3.895686543868864e6	3.927343376105727e6	3.9040965109140426e6	3.8725731894758246e6	3.8633072343922555e6	3.8913483383273045e6	3.8627752895604917e6	3.8516482343114074e6	3.830446104075456e6	3.8825354181452314e6	3.836719934983956e6	3.8044649074153993e6	3.8184644995726217e6	3.8202794576975955e6	3.790437670946012e6	3.8072380860765097e6	3.7866363912832565e6	3.802639412052968e6	3.8734269108955767e6	3.8099326429985627e6	3.7269458172566774e6	3.792299043519672e6	3.714786564315715e6	3.730869003995676e6	3.7456881669984907e6	3.759502875589365e6	3.728332247370405e6	3.700174889723538e6	3.7222762211216525e6	3.649261037943999e6	3.585322446722927e6	3.661115799559476e6	3.6035681036309376e6	3.580760340335279e6	3.591581596666607e6	3.6373397378632836e6	3.6028587722788183e6	3.5637751764801526e6	3.5334803783657583e6	3.57810102646044e6	3.578299214583796e6	3.53748638354255e6	3.498735583693072e6	3.5649445764652295e6	3.5067734096589806e6	3.5525255383587545e6	3.479802591673675e6	3.454277286299485e6	3.4822483813533485e6	3.412012309460137e6	3.4047571930466127e6	3.377377264874455e6	3.3412432649495183e6	3.4488880686566103e6	3.5776764252324733e6	3.299051105690942e6	3.3419383363727024e6	3.308607278177709e6	3.326376913916258e6	3.283962657884988e6	3.262118619308512e6	3.1983643782939883e6	3.2154889233565917e6	3.173896940217547e6	3.113192429020862e6	3.016291370152997e6	3.202913005997556e6	3.129517481178847e6	3.083339081992544e6	3.100226151355264e6	3.0789483012806196e6	3.0332418119508903e6	2.9998656927323914e6	2.9796468428630987e6	2.7725505493991347e6	2.922894077217345e6	2.905772130626864e6	2.902514154699555e6	2.9340144393651495e6	2.937449831804171e6	2.8192175556942164e6	2.8049651176178223e6	2.8109699456967786e6	2.795212103383232e6	2.6203712191819292e6	2.6987858119108328e6	2.6252524157815757e6	2.7057534507478354e6	2.6264499513013037e6	2.6125421757139494e6	2.5577260789505607e6	2.6029033628041605e6	2.5038692746800045e6	2.5001888438028605e6	2.4430775528959567e6	2.449056522715559e6	2.3602622975023994e6	2.337171478810236e6	2.2981443340987097e6	2.221503645075457e6	2.353327960358204e6	2.162468285456104e6	2.1605630139862923e6	2.1184672780400487e6	2.056363412068574e6	2.0263967868464624e6	1.9632193169125987e6	1.9021291621081904e6	1.8716611463361168e6	1.8156966076012757e6	1.7654533443709523e6	1.6826289446203948e6	1.646769350378802e6	1.6168641060653026e6	1.5419666214445282e6	1.487586832116835e6	1.4292981830489223e6	1.3657451797095141e6	1.2899523236556738e6	1.2209805619236785e6	1.1433163125824798e6	1.0682678725007772e6	977296.0794216418	891240.5660808678	794481.0075036525	691390.6495896862	580137.1051112846	454664.8802501559	312557.0352491336	127063.55679669557	-53214.56134920567	-196231.68709224602	-325591.09425476193	-444863.1893345285	-553784.0932678585	-672399.2388507803	-765336.3067098544	-865994.7941339905
4.1129809406050323e6	4.11298487003089e6	4.1128129093726305e6	4.112779566126995e6	4.111882442567916e6	4.1116356491949293e6	4.109457453973215e6	4.1120002996598496e6	4.1513333719497235e6	4.111626364377398e6	4.151238695547661e6	4.1460845715111694e6	4.108610644814364e6	4.10774665868479e6	4.103680662754591e6	4.1408092447134876e6	4.100038270019874e6	4.097120021958678e6	4.0955578808743134e6	4.0955513535701376e6	4.0969665967271407e6	4.1002081471946333e6	4.096178732659945e6	4.0876440976422736e6	4.091943989352828e6	4.085973326792231e6	4.0895133705455856e6	4.0995820380172464e6	4.0810517805755716e6	4.072743001625014e6	4.082148853691561e6	4.0747714597246354e6	4.082851778354733e6	4.0735473652576376e6	4.0661986410624515e6	4.063750382610209e6	4.0643524268130674e6	4.059410751630724e6	4.0608690601127357e6	4.0475900714204446e6	4.0493147532350137e6	4.0478082291787136e6	4.0300846336150584e6	4.0406549499442615e6	4.068348514686938e6	4.0274695503434325e6	4.029469070217264e6	4.0394499658378037e6	4.023032946973153e6	4.0189451484398884e6	4.042055588817191e6	4.0256159551072237e6	4.0466068873603093e6	4.0271279944065483e6	4.018388850728672e6	3.9870048795489655e6	3.976401270058679e6	3.9845865186858093e6	3.975973147360986e6	3.965507552042625e6	3.951425968509629e6	3.942788847613219e6	3.9433059206246277e6	3.951618667994939e6	3.95756825450157e6	3.916986330471177e6	3.928762382132621e6	3.927918497804133e6	3.925193075864548e6	3.92280451073877e6	3.891854877045974e6	3.8945626625193693e6	3.865960022677416e6	3.8717037104927897e6	3.8711678962303624e6	3.844493515489121e6	3.8577842729210546e6	3.859907470218435e6	3.8552519825314805e6	3.849968158488489e6	3.876627391316428e6	3.854186758800482e6	3.787355814906947e6	3.828612260854951e6	3.7744711369974753e6	3.7825049456475126e6	3.747064871306417e6	3.7869000704467255e6	3.774527287834071e6	3.770011164694063e6	3.716354583568818e6	3.7323062153194933e6	3.7013557057231986e6	3.6753685132901976e6	3.704628812651097e6	3.634521840406388e6	3.6400503186510587e6	3.655301907850247e6	3.651022217190586e6	3.6164243169712783e6	3.593765684907954e6	3.5819131033468023e6	3.654877628719081e6	3.5811715850251424e6	3.584366719499476e6	3.5085907995874686e6	3.51921757288066e6	3.61558188267133e6	3.5471975092511163e6	3.555155365980561e6	3.4481631078907545e6	3.4655394755655387e6	3.462795042426466e6	3.5066123012015484e6	3.4152766707383124e6	3.3566343490449507e6	3.2682252678661346e6	3.376712125635283e6	3.3829377944247276e6	3.3358561283485303e6	3.382052727080888e6	3.336924025060335e6	3.3346827777679735e6	3.2753657750746147e6	3.240852281753379e6	3.2285026943837325e6	3.2740097992011374e6	3.18883483471191e6	3.1976476044709412e6	3.1301736496210713e6	3.1364207620194564e6	3.2442434243797753e6	3.1952930500686755e6	3.1181938805414494e6	3.081548438478501e6	3.112545152719385e6	3.040179125835892e6	3.065738639763033e6	2.9725324453012547e6	2.984391546728609e6	2.960285895013747e6	2.945258049580271e6	2.931959581649488e6	2.949083990099359e6	2.85563674320492e6	2.857204277436598e6	2.824136250816905e6	2.785155934786753e6	2.7736115106649846e6	2.7332306726974873e6	2.7283201545485994e6	2.737177136654555e6	2.662330713691392e6	2.6950152935480895e6	2.602304424873394e6	2.5685201345023904e6	2.4858342803439666e6	2.5603666344805546e6	2.40646713683304e6	2.4020587597952005e6	2.363577976416086e6	2.3389234332026755e6	2.2831746583514293e6	2.362967821398683e6	2.3131795267909924e6	2.1749060722881733e6	2.09693956880161e6	2.075874022125488e6	1.999775360192025e6	2.0361722513380558e6	1.9795267381716291e6	1.9409923795968846e6	1.8863015348006086e6	1.8672252642633866e6	1.7760305559029412e6	1.7481221652365755e6	1.683400253632036e6	1.646160553189515e6	1.55724444059949e6	1.4807793447399922e6	1.4414451430816872e6	1.378297336722474e6	1.3008838144664965e6	1.2370686611309596e6	1.1566174457106278e6	1.0717405426107268e6	982428.00078307	895536.4894127734	796628.4908129456	693449.6063941433	582478.0471994211	456248.54825945245	313530.14614006877	126914.0896895267	-54371.609803698026	-198248.5217587361	-326269.05804769695	-447931.3197571561	-559335.4111112463	-665681.492377603	-748703.2848367305
4.1535518065523487e6	4.15324278095405e6	4.153114035690009e6	4.1539827662877156e6	4.153106317355746e6	4.1508516638663104e6	4.152713302641424e6	4.1505154155028136e6	4.155391223926328e6	4.196327996680101e6	4.193889132471972e6	4.1489875635091662e6	4.147846056343037e6	4.14779232179922e6	4.142876397743754e6	4.1464912360391817e6	4.173182281486068e6	4.170491558607584e6	4.14267200632655e6	4.1369521947914427e6	4.1372188204623954e6	4.1399906597182946e6	4.137937037970652e6	4.1321508206884842e6	4.13069015431029e6	4.1244841864113426e6	4.1237357731985985e6	4.1241570391942775e6	4.130510249659714e6	4.1391229084873237e6	4.1201311293522287e6	4.1064305889891316e6	4.112789411651498e6	4.1187134069980048e6	4.1201067707853587e6	4.131559814490343e6	4.0998876378263775e6	4.096388337345099e6	4.102378605108945e6	4.085266986747778e6	4.0892532328420347e6	4.073413171878348e6	4.085051093501307e6	4.1517367945094397e6	4.078946872989674e6	4.072912090338801e6	4.062751822825907e6	4.0849298321890403e6	4.0851046541150687e6	4.072695651098949e6	4.083022140024528e6	4.071291311746708e6	4.0527286532164672e6	4.0362009335317626e6	4.0312185362611255e6	4.023942843273038e6	4.0344550021255147e6	4.0022339100903333e6	4.010984046916237e6	4.031779653491288e6	3.9872896358562005e6	3.9890049348640083e6	3.996750898912874e6	3.9874172838951955e6	3.986768439315226e6	3.967381944936335e6	3.9630380150717366e6	3.966588089879226e6	3.947327104968671e6	3.969046994462044e6	3.9231151340186712e6	3.9641700939839343e6	3.9289940353347766e6	3.9084250162642743e6	3.913963681403486e6	3.889317896394242e6	3.8757408869298347e6	3.902750758124195e6	3.885559982937334e6	3.855216864995201e6	3.865675427498374e6	3.862715948355751e6	3.8259439909264296e6	3.8251983832228426e6	3.8273351536463704e6	3.802021304879265e6	3.8119452764210156e6	3.8092594986507306e6	3.798507842969915e6	3.8633688919337313e6	3.8144086296657296e6	3.683827525122217e6	3.754150454268341e6	3.7284147093159487e6	3.741828076473822e6	3.7338311870858073e6	3.715851041144527e6	3.75723085222347e6	3.6752196245800657e6	3.6795004709060392e6	3.68465044175672e6	3.6616449940983746e6	3.6350887919978295e6	3.6357502840609485e6	3.6373713809308927e6	3.6325201827713037e6	3.6358338028146494e6	3.559635501573191e6	3.7462207944642245e6	3.5336812148169596e6	3.56884651783565e6	3.483254433247246e6	3.5358211910173567e6	3.4244898670375505e6	3.5442533431009427e6	3.483160473604117e6	3.414269046725395e6	3.3979647363437377e6	3.4331668657500586e6	3.36061202509858e6	3.3756457157180533e6	3.356048975469349e6	3.383678502465289e6	3.315196850654251e6	3.3175423884528247e6	3.297580361702645e6	3.27815902453541e6	3.263338834911479e6	3.2045146810649117e6	3.2939109211184783e6	3.1357078082237267e6	3.1921948311130824e6	3.2069720790130603e6	3.1444479997183103e6	3.090218957998949e6	3.0858856407212913e6	3.058256896940913e6	3.107995403862781e6	3.049529499205137e6	2.9612688874872564e6	2.9901834082181794e6	3.0274059815725256e6	2.9768229995801486e6	2.953828294180738e6	2.9415636874880143e6	2.893452024716896e6	2.7817326347771427e6	2.8682998178594583e6	2.7767103774908744e6	2.7976888536562845e6	2.743076768164533e6	2.7401132104746457e6	2.699800806196713e6	2.657121361723257e6	2.7291987625818523e6	2.6187808586932253e6	2.6163634184956574e6	2.527813240318169e6	2.5416875787206255e6	2.328322078667288e6	2.567094977598841e6	2.389319227014266e6	2.396905429416826e6	2.3419295235403995e6	2.283523352759636e6	2.2692161748135053e6	2.2621597218424333e6	2.184122511119204e6	2.1286321369207744e6	2.0727327667152842e6	2.0329934264360873e6	2.0226244192984768e6	1.9440008927541692e6	1.8999033975428073e6	1.8549044467977567e6	1.8197567047793446e6	1.7552466000974905e6	1.6751874740344915e6	1.6407092623321086e6	1.554959239164906e6	1.587205881708934e6	1.4569526478003329e6	1.371601518797195e6	1.3337920312339296e6	1.2434875823537144e6	1.152680667695914e6	1.0795151083748057e6	984969.1423596162	903492.6332036965	803157.9886426325	696630.1157942745	585473.6462536012	458051.10540828714	314504.78027664265	126764.5049560084	-55527.941756668966	-200105.9911344587	-327569.6337195798	-454702.1427648682	-565854.1161257257	-677728.5761204329
4.194321221359922e6	4.194289039874809e6	4.1940151285854774e6	4.1942337153213e6	4.192217824830829e6	4.1940329609618424e6	4.1919400622377098e6	4.1926686075178795e6	4.239972448821371e6	4.1932508780767517e6	4.1857612534216032e6	4.190077730416636e6	4.187087769344453e6	4.238774960897096e6	4.1848212650469947e6	4.182200314153417e6	4.186988081014365e6	4.208704527902327e6	4.180423035534973e6	4.192439192977455e6	4.173858067502843e6	4.1835622016333e6	4.179701111245093e6	4.1808100346895317e6	4.1728075739746746e6	4.172328223682175e6	4.16636377876209e6	4.166332284234535e6	4.1587933591567455e6	4.1844625951484772e6	4.161128115092832e6	4.163768556805032e6	4.151561144898848e6	4.1873599804710094e6	4.189468217853154e6	4.1817318706768434e6	4.1455243081637425e6	4.1461206328142844e6	4.1473411284770733e6	4.131334785439922e6	4.113467443579756e6	4.126198328466025e6	4.106702907111828e6	4.1811581367909866e6	4.1053299419268053e6	4.1148789430203103e6	4.1062988724211794e6	4.1187379680467416e6	4.1493689623087137e6	4.1192009924134715e6	4.100339382851068e6	4.1044212216371195e6	4.0802886080165473e6	4.0858927322757756e6	4.084678782967935e6	4.076556598576477e6	4.0474164127748674e6	4.0511265822887113e6	4.0814593190028016e6	4.027389392572048e6	4.0455570423245253e6	4.0605492801278015e6	4.0294037667982634e6	4.054314686788941e6	4.0252018954795506e6	3.999605530016453e6	3.983416946116457e6	3.9918401650375365e6	3.9985468652846375e6	3.9645407649934813e6	4.076086636533534e6	3.9812013076220728e6	3.9565067022085087e6	3.956053239103205e6	3.953062492280946e6	3.945826265543873e6	3.926688021764714e6	3.8977944425475067e6	3.932997776914662e6	3.9222888201564723e6	3.909351503267345e6	3.9262819094752865e6	3.8941820101499837e6	3.8504143422078444e6	3.8384614064906184e6	3.840731359241886e6	3.9077032344675064e6	3.8265649592501237e6	3.8317628341982136e6	3.817914853275734e6	3.8399932771666255e6	3.748167647186299e6	3.78424405848042e6	3.801677651204178e6	3.7878828890221473e6	3.678206483782131e6	3.7806404774318356e6	3.736068322575846e6	3.765482373460822e6	3.7236223716007033e6	3.6986608883133684e6	3.792365768039214e6	3.708771888482088e6	3.7698817527735326e6	3.7081363390851393e6	3.726995284828916e6	3.6843754406128703e6	3.6543562702156827e6	3.6175422929933164e6	3.63417466701088e6	3.5750387802941166e6	3.5373750205719266e6	3.515790206925221e6	3.56473345777473e6	3.504264267732893e6	3.5273304765253556e6	3.4641588698840505e6	3.4946683256974774e6	3.4767885262201666e6	3.438061390894061e6	3.4974813577614934e6	3.3949908579081986e6	3.381513109301892e6	3.3351306052787136e6	3.2843980737972595e6	3.496751041197877e6	3.357435741223307e6	3.3200974775793264e6	3.106654343550329e6	3.206789284822321e6	3.259679461220948e6	3.1586769717542036e6	3.1530740578347985e6	3.255370712515193e6	3.18775970203052e6	3.065785934633772e6	3.127224896046716e6	3.11489805072466e6	3.1549704942448298e6	3.0535851895675915e6	3.0094249422377693e6	2.9325939959895173e6	2.9968690777244777e6	2.9369434531955887e6	2.9769397693949305e6	2.9347881616090164e6	2.843286334176771e6	2.8696206215685e6	2.830538109283016e6	2.8869841634245045e6	2.7614550005033663e6	2.7677940139669636e6	2.69723906251809e6	2.706067924047374e6	2.5374468403185233e6	2.7116536767254677e6	2.628336884323136e6	2.625575247851798e6	2.486537991744417e6	2.5755763987109526e6	2.472735134903303e6	2.5055560001054523e6	2.4448249491919014e6	2.506302355446028e6	2.32460389393064e6	2.325960565918565e6	2.2958178684922587e6	2.2512161659025475e6	2.1779183130920874e6	2.1542940744644725e6	2.1171759515213855e6	2.0727761670575424e6	1.9867705114412731e6	1.9568612988831536e6	1.9415945809591236e6	1.8656057073028437e6	1.8397881834538653e6	1.7456455681015747e6	1.7016868795429543e6	1.6363117174034226e6	1.585604216738816e6	1.5180772378382925e6	1.4512013063195436e6	1.3604135339221456e6	1.3188651889782683e6	1.2526494085438028e6	1.1627434770582584e6	1.088779238048628e6	995112.4326778953	904004.8114362219	804178.4001601622	700637.1614727746	587505.2347837258	463288.40194604313	315479.58278062334	126614.78808121476	-56687.36704514362	-202175.80360528687	-331391.0271941009	-457241.66139205033	-573583.5259479787
4.2352805374313025e6	4.23502053941861e6	4.234639412737615e6	4.234274780138949e6	4.234284456523543e6	4.234340207856552e6	4.231466064249993e6	4.2349032652282575e6	4.233973621035174e6	4.2837539179874435e6	4.233914734764175e6	4.228485581352984e6	4.228953619161656e6	4.22137148760176e6	4.232946593932872e6	4.233491970227089e6	4.225022608494057e6	4.222047449624594e6	4.22852783065429e6	4.219487805404818e6	4.22306208263886e6	4.214585926424382e6	4.222140471448368e6	4.216244471058786e6	4.213202510455233e6	4.21107332621184e6	4.20907657111005e6	4.213424200471717e6	4.203613998384658e6	4.1939438468690766e6	4.19222880399615e6	4.199595231224452e6	4.186842888506588e6	4.1937773849667474e6	4.197257993094035e6	4.21611028112036e6	4.1921930408413243e6	4.1846462295794412e6	4.1791803917733594e6	4.1602405576060647e6	4.1706724313520268e6	4.1563494290305483e6	4.1626719038491375e6	4.1621924888901156e6	4.1561082571502854e6	4.1485286935875583e6	4.160883892518657e6	4.150516683217198e6	4.1229520959763043e6	4.128183052184547e6	4.145496016564537e6	4.1348919616879495e6	4.141730474969373e6	4.108153244558554e6	4.1678995545370574e6	4.10586370255216e6	4.099819738005278e6	4.0951067923472403e6	4.074258919342949e6	4.0661490185218165e6	4.1023734548319066e6	4.0755431961316275e6	4.0815749074190715e6	4.0724283217607904e6	4.0510461022755303e6	4.038354553930544e6	4.0327254450311083e6	4.07374744979336e6	3.9995189879719317e6	4.0332215506430543e6	4.03680660636459e6	4.01469902065437e6	3.983391151055741e6	3.9939163887499785e6	3.9922794055498717e6	4.0059580652620606e6	3.9760241866943934e6	3.9579269768762086e6	3.9490106934885383e6	3.980011869139515e6	3.9304031412477437e6	3.9538411115779364e6	3.9143898731464352e6	3.925713403704309e6	3.9221933590149498e6	3.9078056524047684e6	3.896685448353208e6	3.8989635816595834e6	3.863369194088579e6	3.8494392213155236e6	3.84694078422892e6	3.8626542022356666e6	3.8641961282300055e6	3.8394022506434154e6	3.754684633555796e6	3.765375058422219e6	3.793458361875261e6	3.821325843514702e6	3.7312306718368717e6	3.7757762623860245e6	3.8283927600011346e6	3.7395383237350993e6	3.723480652856555e6	3.7111244044581507e6	3.6703709027249794e6	3.693021869337583e6	3.6779786537015093e6	3.6144841012305655e6	3.5865325456616445e6	3.5942034460030566e6	3.644771260196449e6	3.6039466798283216e6	3.6348085190616166e6	3.5673904408117365e6	3.577294853967375e6	3.5879645778984074e6	3.570530852602019e6	3.5667585182026518e6	3.5205253216448016e6	3.440349190470646e6	3.477723521850885e6	3.493786773169243e6	3.418571508985364e6	3.3751939595232434e6	3.430074829550825e6	3.44548699229048e6	3.3781209626466786e6	3.3523239794622986e6	3.5143650588460853e6	3.3216275947036976e6	3.248008947945196e6	3.2193485514881406e6	3.266343315998971e6	3.2674641296964143e6	3.231588392767843e6	3.1975524708257797e6	3.2318221990651535e6	3.161659290427345e6	3.2584037641867343e6	3.1365372991177663e6	3.0647558873295076e6	3.0496586680085054e6	3.0765284300433546e6	2.9879160891113197e6	2.9701483492977554e6	3.00358232546823e6	3.0198764786118837e6	2.9159907676645615e6	2.8898281983344764e6	2.9089979720565733e6	2.8082192831984367e6	2.8287443504276266e6	2.830500073507919e6	2.6984155100307204e6	2.7088939481288847e6	2.722410964742466e6	2.6811242090404024e6	2.639206106887576e6	2.6121104918522118e6	2.524777761726875e6	2.560483880225894e6	2.448038519154545e6	2.5229134054167117e6	2.5020541778427865e6	2.4015041209191787e6	2.3847598623945313e6	2.3757310793220364e6	2.3334472839109497e6	2.2201408776178486e6	2.177509119998594e6	2.178793474166207e6	2.1488557491384135e6	2.0221127157865523e6	2.1395948420252586e6	2.0324103867473498e6	1.9475118642673348e6	1.8912351654151308e6	1.8357690328899897e6	1.7872716850593714e6	1.6073333160413892e6	1.6715063504471665e6	1.5849828512246872e6	1.5516336558213467e6	1.4791878276358726e6	1.3688819904257762e6	1.3341893495150688e6	1.2495916324450863e6	1.1527358101205686e6	1.1068275288806628e6	998315.3888475108	909518.7631077152	809592.8148162155	702248.1867840681	590349.2554706014	460784.9416869092	316455.8128469023	126464.99753219401	-57848.0786847244	-204055.01114812354	-335821.1319288709	-457982.41236510035
4.276419118086861e6	4.276378929649131e6	4.276136618223216e6	4.275586270046776e6	4.275819723216305e6	4.276221655479418e6	4.275112550993409e6	4.274303764349304e6	4.274467450112112e6	4.328247721593759e6	4.27358818898362e6	4.268776217155777e6	4.322137038838892e6	4.270289438606304e6	4.268580890930446e6	4.270320531787252e6	4.263034515318923e6	4.320882869993454e6	4.262157567960039e6	4.264092280440843e6	4.261527683081207e6	4.259356534123959e6	4.269325428801163e6	4.257428493423142e6	4.255695033239764e6	4.2577099334314745e6	4.257309025824563e6	4.24951542203943e6	4.241086893896851e6	4.246989009859916e6	4.2462822525397055e6	4.234152029304714e6	4.249181760682021e6	4.23689381006094e6	4.238560045070857e6	4.237494169706679e6	4.233522544526888e6	4.223635694994705e6	4.215722488134541e6	4.213200077556317e6	4.223413567429551e6	4.201100294871642e6	4.199182068471718e6	4.203168442332499e6	4.2063634168819245e6	4.1829432674030084e6	4.1792585833641593e6	4.196317290938191e6	4.1914995409947652e6	4.1601043729401506e6	4.183946268842793e6	4.1638739212805526e6	4.153500382829931e6	4.170668073401657e6	4.151659686757981e6	4.157284178717509e6	4.1416731409765133e6	4.139187094095541e6	4.1410734297050657e6	4.117798737701708e6	4.1046010828609327e6	4.1525430534682805e6	4.128482053760848e6	4.0949312911194875e6	4.097779462981441e6	4.0062621951256497e6	4.0927668563645035e6	4.0746517581553115e6	4.0718400508175157e6	4.0918577718304866e6	4.0798369012145605e6	4.0397379562556273e6	4.0516186515394063e6	4.0347242351195086e6	4.0187793537322907e6	4.0370277323224973e6	4.0279694049401144e6	4.031848796110836e6	3.9968895471110744e6	3.985592970264957e6	4.00228136032919e6	4.000913746278893e6	3.969522616241296e6	3.972242609625886e6	3.9724092028882173e6	3.9694327178207533e6	3.9322983033782286e6	3.934781948893654e6	3.9302560861155437e6	3.8685974288612925e6	3.887554043296784e6	3.920585253298017e6	3.9006175873554614e6	3.8809036542238966e6	3.8725765623324187e6	3.8114845033728867e6	3.8079512492926437e6	3.811418127131697e6	3.8222654556154013e6	3.8264837750368845e6	3.802540247601728e6	3.7705988422643514e6	3.78554644382534e6	3.767255380438857e6	3.818965268676258e6	3.7770305424796636e6	3.744266555514752e6	3.7312228944105683e6	3.6710089521382023e6	3.660716148953071e6	3.6576239544608695e6	3.640868145632825e6	3.6976320093998574e6	3.667615282030084e6	3.598323195681009e6	3.534115774656356e6	3.6384069528527795e6	3.6329405756583503e6	3.5572918475112645e6	3.4871455463689063e6	3.424615996063385e6	3.5450410874644704e6	3.507565057315443e6	3.4334329077253565e6	3.550557783899062e6	3.470718664332869e6	3.4101826180638783e6	3.4675491004942013e6	3.3929055429713093e6	3.538375284777282e6	3.3485975957400957e6	3.3367410512899524e6	3.2791657636790993e6	3.3213043017551573e6	3.2604810196115514e6	3.263314548990488e6	3.2416895926589207e6	3.1874162492708196e6	3.2012501976922676e6	3.128054985516934e6	3.144484414018266e6	3.104882739665471e6	3.0048039711788576e6	3.058396620190209e6	3.0116418953813985e6	2.99183692092745e6	2.9919418433476845e6	2.964077269395544e6	2.942139942879093e6	2.8962272679709196e6	2.8879343990164306e6	2.9154791402054434e6	2.8593973090734e6	2.7949303109414694e6	2.699055501364614e6	2.758945566189181e6	2.708521537309524e6	2.628438635430096e6	2.667568478695371e6	2.638391191524181e6	2.6101985624148306e6	2.5772203708118396e6	2.4895768914410537e6	2.5386231409227317e6	2.518946160903128e6	2.440109508380891e6	2.379670260342868e6	2.3485423203119e6	2.3337991207546964e6	2.2468610470506507e6	2.2033700809779763e6	2.1868378481851593e6	2.064230040033097e6	2.0854738664394764e6	2.0576478670884972e6	1.9743251615541365e6	1.9681638979724378e6	1.899466988953641e6	1.8226340168825642e6	1.7718368243161857e6	1.7338533242795495e6	1.6599727948163094e6	1.6254005765977548e6	1.564975164621051e6	1.4704205162841165e6	1.413086974505674e6	1.3386540522155524e6	1.2611236132001332e6	1.1681527086591325e6	1.0999677605500943e6	1.045907938971071e6	914874.0648131031	811051.9850344853	705533.0696012801	592540.8863406708	463510.38223378314	317432.9003831935	126315.08175441856	-59009.22533631604	-206268.7865235787	-338555.8352705869
4.317764089157544e6	4.317828692701023e6	4.317772928766573e6	4.317647274970198e6	4.317650811134894e6	4.315055363514791e6	4.316364325190842e6	4.301584165548031e6	4.317035691036217e6	4.314752622577283e6	4.372315999385504e6	4.312373262484631e6	4.305963234547802e6	4.308490250580006e6	4.311175007023196e6	4.308183565178105e6	4.311618914322435e6	4.307925136553964e6	4.297287210529634e6	4.300340512617835e6	4.301494512431226e6	4.296461872316101e6	4.296579695473613e6	4.299020393033801e6	4.294821486130642e6	4.296130504543172e6	4.296306333607286e6	4.300154560777661e6	4.286321843707744e6	4.286812559016004e6	4.277894303882599e6	4.272537314826036e6	4.287906581136194e6	4.2813400160489725e6	4.265202825289774e6	4.269697817789023e6	4.268444446197513e6	4.267099967556025e6	4.257378016876431e6	4.250261465687281e6	4.245956453653303e6	4.251423262773627e6	4.242152311147366e6	4.235251352363792e6	4.231353017651825e6	4.230806324872618e6	4.210409880648486e6	4.1887685222303947e6	4.212446434217167e6	4.2062974443882955e6	4.227233209891817e6	4.214417421893267e6	4.218313352126462e6	4.214720964354907e6	4.202164874656544e6	4.192360231499058e6	4.206394881299306e6	4.199058127797071e6	4.1838404612525017e6	4.171455381402473e6	4.1498328643010296e6	4.1659600453474107e6	4.1638841986196786e6	4.160683803931903e6	4.166457178105058e6	4.136501836963715e6	4.1006347646639124e6	4.104675733646042e6	4.084951511963803e6	4.1483986676795254e6	4.1470942949677873e6	4.136653472596025e6	4.077106610413592e6	4.085080118112174e6	4.059993823776496e6	4.0236168415739946e6	4.0910888610281334e6	4.0804110530143925e6	4.0148117662729863e6	4.025579003960002e6	4.0446507758624633e6	4.004100573064592e6	4.014821524799275e6	4.019622041623272e6	3.9973457008176087e6	3.993754382821367e6	3.963839252948359e6	4.0308686924609384e6	3.9966584397494644e6	3.9813928526370395e6	3.9579167599956365e6	3.933073357442586e6	3.950422062885575e6	3.921735644930779e6	3.936811946582376e6	3.898970109568225e6	3.8846247569597447e6	3.8946729552081036e6	3.889573091029242e6	3.862994793464005e6	3.846859426114616e6	3.8076504305477915e6	3.7786860555186057e6	3.8352222153658336e6	3.901990125934424e6	3.7518847051166296e6	3.7381177265636344e6	3.7760449557430223e6	3.744975407972964e6	3.7263884182664165e6	3.7278329478897806e6	3.6821561236320343e6	3.670969677082321e6	3.6456427578717303e6	3.6419080316623524e6	3.6426305354693057e6	3.577685191882043e6	3.657359259619101e6	3.621608630898078e6	3.5359116511023277e6	3.54133624760046e6	3.291512971250011e6	3.6004853535532327e6	3.5765068615902937e6	3.536944529155203e6	3.515121747723473e6	3.4563061008305363e6	3.4245597530391216e6	3.4872860762484763e6	3.397695908961896e6	3.5628642030544113e6	3.3707125074404753e6	3.314138540522092e6	3.3602507468472687e6	3.254103281901001e6	3.3002200042193783e6	3.2810315174796185e6	3.2817170999047207e6	3.22813848792406e6	3.267895017165052e6	3.2329250020954255e6	3.189980798486732e6	3.119118146143851e6	2.9982179996240796e6	3.0913245127914287e6	3.005302640329308e6	3.015653046373605e6	3.06049408178256e6	2.9691865883894786e6	2.936344375120952e6	2.9691558495274326e6	2.873940280542153e6	2.9605292312583746e6	2.8346399920440055e6	2.8321850252253152e6	2.7754988041659873e6	2.794205362897657e6	2.758540861868775e6	2.80147441576227e6	2.696243941463871e6	2.643688549699179e6	2.6191333534905436e6	2.634693054271835e6	2.5216317259930456e6	2.524820493535001e6	2.4854492538255863e6	2.4394696923269383e6	2.376832341746949e6	2.3971457240220224e6	2.364337880586237e6	2.320491829941727e6	2.2230965912257317e6	2.1802168076595487e6	2.1511979996920805e6	2.124749844228275e6	2.0226012048342992e6	2.0168517983673601e6	1.9644666075538264e6	1.9037146821271055e6	1.8271789494295593e6	1.7916127779615805e6	1.7423490671063433e6	1.6632538190928889e6	1.6276439500857128e6	1.5536004784143972e6	1.4824547870407854e6	1.423105188986043e6	1.3538548673095647e6	1.2623482897539134e6	1.1777894344421928e6	1.134200596385324e6	1.0133562688196264e6	921407.0096096364	815774.9762637732	710264.5330758994	594806.4560374334	465498.2307857983	318410.23052011523	126165.06206113985	-60174.32873059623	-208412.20286913402
4.359303581145149e6	4.359534132631687e6	4.35955249522871e6	4.359298970298116e6	4.358985538444252e6	4.357941680885969e6	4.358115670526989e6	4.357055095073848e6	4.357700174936125e6	4.3565611899741115e6	4.414746099806536e6	4.349859166302597e6	4.351298098480329e6	4.353781773786702e6	4.3526314319891725e6	4.344500817525776e6	4.352288577251652e6	4.346021614860362e6	4.351599496141253e6	4.336374814369079e6	4.3487417110086605e6	4.336678449683104e6	4.343022659746722e6	4.334315112991413e6	4.340315243234817e6	4.328167282327444e6	4.33957033181856e6	4.336680420407916e6	4.3324456176411435e6	4.328562396359101e6	4.324052598129055e6	4.317611901179416e6	4.314712327341444e6	4.311059856441519e6	4.314272236682345e6	4.316242163324576e6	4.306893508103493e6	4.3036678155941935e6	4.305458386136359e6	4.307047621925793e6	4.299614503394024e6	4.2930241744069625e6	4.288208623487656e6	4.274344500376093e6	4.270484494058509e6	4.292747631623236e6	4.2831997315635355e6	4.259248725861095e6	4.272729277237839e6	4.2586235205032695e6	4.2786205514291935e6	4.251716719747751e6	4.248390165776726e6	4.239672760053101e6	4.242447356951531e6	4.230953437891114e6	4.220458897821589e6	4.252685326050754e6	4.223548145005541e6	4.1919555636214036e6	4.21746579704898e6	4.225634721265803e6	4.1726419182426855e6	4.194598231655636e6	4.1955470519352015e6	4.205673108015945e6	4.1754697158367354e6	4.142303447656302e6	4.174515105157548e6	4.153472018708857e6	4.148558571005694e6	4.174468420896142e6	4.13282466458849e6	4.1152276385460305e6	4.097486191388772e6	4.082124247049773e6	4.107000445074716e6	4.1336547744196095e6	4.082425294770563e6	4.05338934884116e6	4.083191543883906e6	4.107514327176747e6	4.065699691602959e6	4.040428436526007e6	4.0381843274910483e6	4.035082863881486e6	3.987944725701807e6	4.0276623270549336e6	4.023758527508426e6	4.0277620200664466e6	4.008240644174135e6	3.99477443801172e6	3.983235780992093e6	3.968242994109624e6	3.968986220400829e6	3.896927675085108e6	3.908724302945791e6	3.92954341972361e6	3.886629859833903e6	3.8675140218053246e6	3.875861868977328e6	3.938399395596658e6	3.8738571001284346e6	3.802747750349967e6	3.8870038905172427e6	3.8573275602124915e6	3.796746806060926e6	3.792499799633423e6	3.7786959233438475e6	3.819954758044773e6	3.7404700194889177e6	3.7508592035484463e6	3.736553330367502e6	3.73472060222623e6	3.743597529455874e6	3.6990154939848166e6	3.6313560047071734e6	3.596319633947869e6	3.6461197471404746e6	3.6381653088785084e6	3.619066114384542e6	3.5725408711038735e6	3.5958703315118505e6	3.6590208835386774e6	3.574903533982632e6	3.505534740864636e6	3.5348709235466477e6	3.5529222094980963e6	3.4535401699003167e6	3.4713204417452924e6	3.430519537688659e6	3.414603585138309e6	3.386701489898395e6	3.3943563929168507e6	3.3533193044556193e6	3.3581228087188182e6	3.3674406428207364e6	3.2978599343005577e6	3.247016785504522e6	3.265465727860135e6	3.243044107567452e6	3.229735148001167e6	3.1677516604628484e6	3.1195911038380773e6	3.0709884891939694e6	3.1064610824515093e6	2.97003516160213e6	3.0158356455084938e6	3.037273847088356e6	2.9943957013799753e6	3.0246604096884006e6	3.057937382639168e6	2.921901410705069e6	2.925460144210137e6	2.89959779834439e6	2.8711269275110546e6	2.802497080364078e6	2.7973397829022e6	2.774183767777718e6	2.7340650290965736e6	2.5466912574741174e6	2.632445508619338e6	2.6703061525135394e6	2.6402474158086115e6	2.5483247748130104e6	2.7261452082715104e6	2.4998337952709533e6	2.455312712490594e6	2.3962790813315595e6	2.4297380706636356e6	2.3202773715597135e6	2.2361538573012436e6	2.231464590135529e6	2.2190266114773713e6	2.1541640990972915e6	2.126657040361992e6	2.021082870324112e6	2.0322622923047708e6	1.9610469667511901e6	1.886140162776348e6	1.830983757780018e6	1.8020752533928119e6	1.746804446028464e6	1.7109056577222685e6	1.6311254683399973e6	1.5493127395943333e6	1.5005300669903732e6	1.4297654125732393e6	1.3408276731485734e6	1.262252013763267e6	1.1858751559647783e6	1.0965966290691537e6	1.0256536358897635e6	923263.4665729683	816137.2495539053	713299.3084879662	597967.9512341088	467319.07212548424	319388.74342868803	126014.94132986711	-61339.1843465101
4.401014975393512e6	4.401002615867204e6	4.401620695990783e6	4.401469981847164e6	4.400099676721847e6	4.397808033463959e6	4.399593180262421e6	4.401053982763298e6	4.39888106049652e6	4.39810072627338e6	4.394947972014406e6	4.394435441216437e6	4.3937560519813625e6	4.397213652998837e6	4.392033032002671e6	4.391100489997789e6	4.388771155751255e6	4.390458107346313e6	4.387996831571242e6	4.389058365430724e6	4.38152939181443e6	4.388128755032875e6	4.375785600678626e6	4.380707833062793e6	4.3841687868086025e6	4.382453139456455e6	4.372788416870096e6	4.385760762782045e6	4.370956242475419e6	4.369440016323071e6	4.367210002434204e6	4.357931842246251e6	4.359385923456535e6	4.35974877064945e6	4.354504989836823e6	4.353006681268593e6	4.340082827335965e6	4.344775092349699e6	4.338028985840743e6	4.342706331055679e6	4.339695895926349e6	4.337105767395935e6	4.332423042400088e6	4.323241883165933e6	4.335031819664445e6	4.313839770282607e6	4.319380210070155e6	4.328243208972709e6	4.309681967838255e6	4.311048997792903e6	4.30719548023564e6	4.298472088372379e6	4.282790820354647e6	4.289590810112178e6	4.286242569610616e6	4.272692131270095e6	4.271276704011776e6	4.2680937689906545e6	4.278421971555943e6	4.24650787910346e6	4.268707619245659e6	4.233350682846705e6	4.237067765162976e6	4.238701108395688e6	4.127872872462859e6	4.207503419151994e6	4.207578444971821e6	4.194280989694217e6	4.206413728339949e6	4.1914574190778397e6	4.1910287699038726e6	4.1868083684201036e6	4.1630616068951776e6	4.1660532077580253e6	4.146578461523977e6	4.1105221158041735e6	4.1448376473774593e6	4.135170456396491e6	4.1311620242984137e6	4.1188777156423065e6	4.090143678808163e6	4.105401406921584e6	4.105292893565933e6	4.117528490154983e6	4.076417764683404e6	4.0644745955936983e6	4.074184659811171e6	4.0612544750789427e6	4.088631451526909e6	4.0323343051338475e6	4.054173285649432e6	4.04935937750076e6	4.0506076928130407e6	3.998737455632625e6	3.9874799909347794e6	4.039535614474268e6	3.998851675236744e6	3.9140173338437993e6	3.9255944789767824e6	3.974255149900019e6	3.9155967091216194e6	3.938261108026917e6	3.970291538439825e6	3.900782228618044e6	3.873874240984735e6	3.826633062936102e6	3.9139299605233218e6	3.80277737469675e6	3.8274744731755136e6	3.7839242435224866e6	3.7708144513699235e6	3.787325884604979e6	3.781386609728434e6	3.7468227878204323e6	3.806908019566419e6	3.75586101717222e6	3.7273712852100097e6	3.6649567763800174e6	3.609459952734013e6	3.647229703756581e6	3.637680483106351e6	3.611910509304745e6	3.6093454224643875e6	3.626601240864691e6	3.6066997272807863e6	3.5934524043939826e6	3.5214245499469745e6	3.5058869516399372e6	3.4685462855954585e6	3.488315166125308e6	3.4890317945305523e6	3.417202134421046e6	3.34128818657515e6	3.42475588515867e6	3.3685329611807577e6	3.3782829948836872e6	3.2986587184511963e6	3.314848668025703e6	3.3595523890364002e6	3.309684908730221e6	3.269023361713207e6	3.1814998502262505e6	3.2148812438430777e6	3.2525648941696193e6	3.171234333339473e6	3.128521468007266e6	3.1554776169749126e6	3.125858811956175e6	3.1156525031215064e6	3.0790776426476385e6	3.0435442763256803e6	3.000253619915433e6	3.008784801115712e6	2.8772407779212296e6	2.946846974255692e6	2.955270049084236e6	2.873883246638285e6	2.843657925930134e6	2.719664805894793e6	2.7950697593803788e6	2.7828890227242755e6	2.7187672659631753e6	2.619693690934146e6	2.621238322847303e6	2.6191722375784195e6	2.578236321721415e6	2.515983029371135e6	2.5469033220981e6	2.423548648296566e6	2.461721382079166e6	2.3965309408386583e6	2.363680268539588e6	2.289623148293914e6	2.321136299487089e6	2.211753208717446e6	2.0768786419727586e6	2.2069599571305728e6	2.0756059575500323e6	2.032699177875175e6	1.98780389318862e6	1.9407285201739925e6	1.8357883218130828e6	1.7881797210507388e6	1.728360778538367e6	1.6994264023950119e6	1.6198498468773384e6	1.5630307431960525e6	1.5046723837780883e6	1.4747676307049147e6	1.3565251277140616e6	1.2803894400805207e6	1.2236500834475192e6	1.110843887522486e6	1.0211880318761612e6	928760.3073874507	823542.3961814041	717529.7592617851	600009.1577344285	469130.0738968486	320368.02334570466	125864.72313266061