37012.85379037552	36904.5878320623	36627.818739751965	36182.12232406836	35566.85047403406	34781.10526500782	33823.73328914234	32693.318815007864	31388.17528719653	29906.33498238708	28245.53662685689	26403.210738997528	24376.46240669067	22162.051143391494	19748.557666266977	17155.405092878907	14354.72978729356	11349.44120448752	8134.129529189755	4702.823918537382	1048.9316725886893	-2834.8340468526294	-6956.540660131373	-11308.522970521939	-15950.596430575912	-20844.038867316034	-26017.95633744987	-31486.437784090027	-37265.479414003144	-43373.38130564947	-49831.26885268983	-56663.79238002031	-63900.08812802695	-71575.17040348862	-79731.78260961872	-88423.5741134443	-97719.77467274373	-107713.30597593846	-118535.50307487017	-130386.6886011777	-143607.8794098009	-158901.63090062467	-178516.6599636217	-202720.6384666501	-213094.31414526264	-223275.83334654965	-233496.3658489534	-243749.01923099623	-254124.34511456365	-264686.6468220848	-275096.56589916325	-285997.2437118564	-296367.5656273401	-306244.5742317219	-318272.67093405366	-328109.58416365506	-339297.20934845915	-352899.4835037701	-359847.0707256284	-379345.5764278545	-389280.8951445848	-402884.8678458507	-402796.0381481979	-417973.06810486136	-437877.6702758621	-436703.6784846933	-470070.66808215296	-474051.072776223	-475230.1652068406	-466624.57675589144	-515860.1353375063	-521373.95872704854	-511163.9608910461	-528022.8720828393	-568521.6293836898	-562983.0873699848	-537817.9876416443	-576923.9282085235	-604366.5053417261	-560914.103333347	-569252.500725133	-590207.8787326936	-574995.0643803963	-605085.9719037318	-676710.5145799568	-680623.1150533519	-649378.6347948832	-722853.7798067612	-664232.509275623	-727671.0855804773	-731682.7826153357	-666848.5156503217	-674939.2764033105	-742483.9345123005	-787917.1735734148	-783439.4201861246	-782976.5788416961	-808673.412141663	-753074.1482842389	-748825.1146909295	-808567.4761600235
37085.67542686063	37012.016235782066	36727.867866391956	36281.322886826354	35665.8937599381	34874.83703839115	33917.56322525529	32787.31331281617	31482.38616980097	30006.648803321033	28346.31399757642	26504.51206959007	24478.34892294582	22264.585685475322	19859.615045945335	17259.43379128739	14459.610838175868	11455.249915164459	8240.945857517858	4810.733217832167	1158.0255531450093	-2724.456705253746	-6844.772502100299	-11211.864057225874	-15835.68307772273	-20727.345532124746	-25899.323487019952	-31365.685758717358	-37142.403938201285	-43247.74760343693	-49702.80378258898	-56532.17368843281	-63764.929384600895	-71435.96390105493	-79587.9596166508	-88274.37268075593	-97564.18085965552	-107549.90799663097	-118362.29644939562	-130200.16435833971	-143401.44731858379	-158660.59400373703	-178171.9564000278	-202583.72580370842	-212972.05318497063	-223163.35921604675	-233368.39604729682	-243647.61520246245	-253914.67825108056	-264426.76605241373	-275085.50595862523	-284412.81372549525	-296970.7844165956	-306795.2156638493	-317169.4516506444	-328230.8257280116	-330833.6879317411	-356601.272319883	-362629.69961534004	-375089.9674876183	-381929.2357045147	-404353.6391242653	-391329.97511019465	-416446.15733763325	-390610.5901956372	-441846.70133540477	-474667.09661805007	-438872.6115972297	-471549.4829482159	-474305.8997873976	-492253.161313314	-473243.62461823307	-567599.4108138867	-546560.3761294329	-572378.7179467013	-597405.2008227844	-641300.5150705233	-569088.9528686566	-576709.3186583201	-714269.1316733353	-546593.1297835921	-627959.8066317558	-602265.290051797	-659943.9764736365	-689457.060076198	-534420.6368197405	-687552.1077785327	-612709.0592614323	-673789.8357204127	-753586.7187731202	-773536.3787992586	-679544.024081331	-597306.4253475296	-705830.7896865946	-795440.1519809585	-739778.7768561436	-755699.1884730625	-889541.4465715712	-733185.8421216354	-835384.2875914226	-861766.381931955
37260.67022965322	37243.30807194678	37011.816494732484	36542.87211002421	35923.059546544566	35135.95947246163	34178.435792699194	33048.50454286547	31744.262511385343	30263.645733580517	28604.346688303136	26763.773479992407	24739.021514032735	22526.848182671267	20123.64680354859	17525.417921257176	14727.736708810698	11725.71536257895	8513.959324146243	5086.515969418862	1452.2242671903805	-2442.4078742286947	-6559.187719734036	-10922.442693167308	-15542.094951097853	-20429.225278148282	-25596.263532077603	-31057.227425866848	-36828.02600258344	-42926.85130554132	-49374.69281525735	-56196.02687240814	-63419.76239632489	-71080.574041599	-79220.8432284068	-87893.59624812772	-97167.1688416291	-107133.0692125202	-117920.305062466	-129703.0405901249	-142875.77829824405	-158047.078500116	-177306.17487273068	-202228.66481448623	-212656.94552267043	-222839.37075624027	-233057.74196097362	-243408.28166966367	-253738.863737785	-264178.0207518451	-274828.6664089798	-285653.12911899557	-295535.8478477965	-307011.04654521274	-318085.1439613085	-329745.4239560643	-338835.94459303515	-349616.4249822877	-364823.0213609043	-377688.8070075129	-373850.27695159696	-388751.56608818634	-407041.7861895994	-419509.11527982104	-368389.1126310613	-400000.80991414236	-357979.9360075245	-458370.82032361487	-465539.74853920157	-526560.006062605	-494511.43010647804	-454635.8559844962	-530769.2242352779	-532677.2285753035	-567732.4322580255	-560434.8295494325	-562992.8841222362	-551278.8468681143	-571946.9711210922	-562759.976687736	-659429.8013399573	-499122.5261903943	-635031.2597175929	-752779.5204052482	-577573.2167512914	-619541.0890773112	-711907.3611850898	-578622.7133493096	-733189.269071244	-667513.7554849839	-644919.7951168496	-689733.3454560396	-749297.4515828094	-631086.2589537975	-918834.6661405823	-792532.7855482517	-865542.100981487	-758256.505812131	-653261.9700436541	-799159.8818210601	-820248.884123596
37531.87896488965	37532.446537511365	37447.62153445973	37011.76215027369	36352.94773121222	35556.14285600904	34594.85892616899	33463.53651294569	32159.143077674467	30679.15101596038	29021.03262839635	27182.08199520511	25159.332860942435	22949.509425213066	20548.988670708728	17953.765654285206	15159.417674217053	12161.064913193928	8968.057998144737	5530.265133724053	1885.3339743441902	-1988.7022636329057	-6099.848843366402	-10456.984186244314	-15069.984098641813	-19949.873885633162	-25109.01662497729	-30561.34901190136	-36322.680813764484	-42411.08094792918	-48847.38398092566	-55655.868009429134	-62865.18311207779	-70509.65779378824	-78631.19700739993	-87282.1475955942	-96529.8326215776	-106464.16287993299	-117211.4664016413	-128961.91529769392	-142034.89430336092	-157045.42055191222	-175954.7420117423	-201644.91755516018	-212151.12056240428	-222341.97416972165	-232571.48206733906	-242887.7153174009	-253392.57423636736	-263747.2452641609	-274286.9318982866	-285175.4104161973	-295000.7873367587	-306808.027157873	-317998.91949280177	-328573.3841761992	-338473.42883024586	-352317.5637323666	-357834.56121198984	-379941.270508263	-378610.19529844075	-391598.221527108	-403330.9944864028	-395908.7573459052	-431184.478716778	-344161.823939087	-506992.6895608992	-549077.4033538408	-470403.35961022135	-481809.0962428856	-493675.82832854893	-514787.7135600589	-520321.955961282	-503681.98197866837	-574729.3747256146	-516887.7973307706	-529114.9159097299	-504566.57548978814	-636423.9039762516	-602242.6311738224	-622005.1666435725	-689392.7760313266	-657707.2974917173	-617164.8868742719	-637203.2523421424	-754712.1878947344	-671718.9333323485	-603844.9881243121	-650330.9104902234	-754581.1112819869	-783777.3874805626	-733251.2869254508	-785509.6537566887	-671174.3465390552	-843308.1483444959	-728680.5649946554	-759350.512654041	-716823.3378318037	-750941.764455408	-808211.6380298228	-829111.0199586402
37905.86779913792	37914.69871275994	37882.72105077375	37671.41012363433	37011.74556033968	36159.74743198909	35182.58240497287	34044.52882305623	32737.253637564718	31256.456440644542	29598.844943433243	27761.33507654458	25740.757375236804	23533.721790760028	21136.5406021901	18559.898863749142	15755.183901961864	12761.68863477619	9559.315247721679	6142.146023545123	2503.6572291080374	-1363.3524909724947	-5466.846908042353	-9815.653721153009	-14419.587333196338	-19289.598898693774	-24437.96174769156	-29878.50332707094	-35626.8992805405	-41701.05203066548	-48121.58663135278	-54912.51317636919	-62102.13213626732	-69724.30511672233	-77820.29558235635	-86441.53784411802	-95653.99932201645	-105545.4700113386	-116238.60235332439	-127917.0658955077	-140885.31309362073	-155741.57785309525	-174164.38010212357	-200791.98861452733	-211451.06707716754	-221657.51964489202	-231894.02868851402	-242150.24123169458	-252586.30704071364	-263091.6456004119	-273807.0276855781	-284707.97458825447	-295107.57234563155	-306819.9994345593	-315864.6178041304	-328870.71221231984	-340134.9815667907	-345349.4092267063	-359365.4588097395	-375107.44865182496	-384779.36500120617	-395671.48447009403	-405332.03538954875	-411065.07059583114	-413503.4765370401	-400353.5508552323	-475407.0001330724	-424936.0200675664	-464574.26020950574	-483680.6146726862	-505139.66215834033	-488101.8131526065	-497370.9961425131	-515969.0202104753	-517882.6428944675	-528599.4428277032	-565976.688134057	-565824.9184550076	-489626.9139392993	-551641.5093163085	-567340.6634024191	-603102.5377547011	-606697.8045107807	-694410.1572709304	-732817.4020278582	-621841.995733333	-575108.9988426489	-703395.8413239236	-598372.3443704005	-738879.6751970984	-820250.0118768708	-717764.7316986053	-768808.6008653083	-766714.0551148884	-781190.5977583391	-759043.1258269184	-692871.2026088915	-764646.8126948405	-782567.6738513584	-720943.7559495311	-811947.507972799
38388.234990943805	38396.42135725432	38388.392193102976	38278.75849383554	37902.757496072416	37011.742262288026	35964.06282678401	34803.76134823973	33486.40011261098	32000.97053800634	30357.435928150924	28504.488191637356	26485.55726531145	24281.235222853138	21887.6602549869	19300.69117287564	16515.832956222584	13528.176419716823	10332.341809103033	6922.420605314255	3291.9116588384786	-566.3515851317497	-4660.286024715868	-8998.659720041469	-13591.213184357097	-18448.807088784786	-23583.60430850362	-29009.29714079536	-34741.394816720596	-40797.59288270064	-47198.25596877906	-53967.06119366962	-61131.87516436912	-68725.98111142791	-76789.84984167677	-85373.79186160864	-94542.10437950613	-104368.86337850918	-115005.75023601108	-126595.04704503587	-139435.14390678512	-154077.43217338348	-171983.50245522562	-199563.8378138672	-210552.61276375703	-220784.97330152715	-231040.56603154287	-241420.63358331204	-251717.2275259395	-262176.93549949763	-272551.6928598165	-283058.7080776933	-294286.35119542293	-304985.56771709805	-316746.34663961444	-326195.3033179913	-334867.7281703273	-348198.5056264269	-359401.26603268494	-380232.18105541903	-380630.7641869954	-389879.9978490461	-425215.138091789	-404452.3745119184	-430898.74535228196	-427770.32957196824	-445261.5470821837	-462803.2204295732	-452088.3204226991	-484198.4024018878	-507003.6495036093	-491082.0727210812	-538251.6393515803	-504643.70967482263	-542935.2563207077	-420259.82842012204	-559392.8508036737	-556050.8474132048	-617268.1258730555	-634221.3654274838	-587192.0533389673	-587436.7997939994	-621637.1948007635	-574819.2871758894	-569622.1292536964	-692607.2542554828	-645599.2755360522	-568825.6893204044	-741551.9793949057	-832575.0201130932	-774785.7571222434	-730540.3352519608	-781004.559271795	-787097.7179419071	-753461.0226249945	-717071.5620375075	-808003.5379607123	-780712.8938572815	-743525.6525452008	-715675.0201592422	-807127.0818796307
38966.821847399784	38977.942322266	38985.180374605116	38927.29413729382	38704.39363862152	38137.91071170205	37011.74481988471	35766.45740471006	34420.49531208229	32921.59796965681	31255.84445985884	29415.99172491362	27397.0629729075	25194.58659992236	22804.296152814262	20221.81324862325	17442.502330729767	14461.373746670113	11273.00733774199	7871.482933235035	4250.310069993284	402.35176585955196	-3680.2619152517	-8006.2347390038485	-12585.224432506599	-17427.98803852033	-22546.560276840115	-27954.475421690528	-33667.047263548506	-39701.727838804945	-46078.575013444846	-52820.87384280993	-59955.980770313705	-67516.50044886113	-75541.97661157543	-84081.39673331474	-93197.15833487101	-102971.46301380754	-113517.71100204736	-125002.5085294441	-137694.2925056632	-152095.2473621308	-169457.30542770433	-197335.89533280765	-209465.32311028606	-219719.20389481552	-230008.88247180684	-240264.70633773186	-250695.60311053155	-261270.49602731608	-271873.9287517555	-282232.1595224376	-293187.29417189164	-280537.2018073866	-313316.4726408001	-325660.33626695693	-330999.3550769645	-346691.9643639076	-360170.0179020278	-373088.4876351326	-379576.3353539754	-393402.0792913048	-398367.25013649603	-426890.0009280836	-426210.5806346623	-442330.65409228293	-467996.2474751454	-458233.08161205327	-468307.6960587179	-487228.160222635	-467609.4706601304	-495870.97330781724	-558046.3079879638	-505028.7901574648	-514491.4938636659	-538559.6216203008	-580721.5240915298	-536904.2678643765	-585437.1670473571	-635924.6685475747	-608646.904195447	-576076.7611120127	-721652.2261632503	-614859.6959786055	-650149.1639655795	-620035.5488460867	-682007.5513896177	-693603.7174650341	-639536.5419157064	-746536.8967655561	-765226.1683674661	-872164.0679187519	-665098.8467747181	-731704.0004609718	-751619.5910508583	-745002.6057923178	-725404.6859756671	-756580.1887883465	-827077.7719177791	-731070.9586658307	-821884.6632852748
39643.80907374085	39659.93683096429	39673.52502964123	39648.83870933257	39512.47701404482	39149.20199685893	38374.87895570404	37011.750459518546	35567.384380988835	34033.391306178266	32350.751107524644	30502.629860186367	28480.2058766291	26277.467670866958	23889.25953247992	21310.630209457653	18536.77597719262	15562.46183455715	12382.16354151236	8989.908233456343	5379.190126758971	1542.8863544329943	-2526.83366468249	-6838.610770171916	-11402.015937846823	-16227.693690051237	-21327.536785507487	-26714.902415988647	-32404.883909866476	-38414.65766858417	-44763.93386383494	-51475.55327428115	-58576.29507946852	-66097.8877830551	-74079.15135230438	-82567.3101473018	-91622.71019375302	-101324.27228074463	-111780.00963281436	-123146.87024224705	-135673.4446022865	-149810.68151267988	-166625.91127138893	-191551.10393902424	-208158.83380260845	-218482.3107569146	-228779.2938933381	-239031.2044656352	-249510.60214741004	-259992.47292091083	-270505.73282346845	-281378.31654386705	-291874.595707441	-302866.2511494553	-310587.4328094141	-332923.3575940309	-334201.31652475975	-347607.3742118306	-357003.91094007285	-368611.4171801647	-377575.87519882416	-389607.1641520517	-394762.115760746	-409887.0492207921	-427397.254780774	-450272.56965699885	-446377.2845705269	-432557.52591124707	-472667.95726965554	-493506.5131303924	-518702.38958085264	-499742.4234842907	-522309.43771174	-473880.42530136	-515582.7637171081	-538812.9707364658	-553197.2351118755	-547826.4118516827	-510751.36994483543	-628770.5943886252	-605377.6195701732	-606215.9601582801	-603988.437323386	-610120.8943914928	-556837.5988949572	-667773.2672164601	-663116.8889546542	-576590.2185615734	-664895.9829913242	-680095.3886226851	-685870.0787263832	-773599.3590785925	-878294.4877854834	-718627.5115995656	-769614.9870310765	-714079.6563321684	-774760.6652323861	-621390.5340788043	-792958.3914839705	-692310.7744879241	-800476.8584352605
40413.56748652796	40442.18747600709	40461.25619577005	40456.99984473508	40374.51390669838	40131.4273117042	39605.275733326125	38611.496749103215	37011.757996929286	35367.349597474415	33643.33883460352	31774.665141050355	29741.967281975405	27534.934641701926	25146.283038143156	22570.110415831645	19800.906968399184	16833.041009851062	13660.968125731946	10278.490704809054	6679.067599648959	2855.501911106374	-1199.9873562555877	-5495.98802469825	-10041.987125598273	-14848.513419083232	-19927.308900165663	-25291.539356580353	-30956.057457523682	-36937.737128865876	-43255.90611708371	-49932.91644602537	-56994.91208089574	-64478.54839838986	-72404.22231559228	-80834.85286142309	-89822.72052881346	-99443.23963083536	-109798.74523388	-121035.87291180641	-133382.90337233606	-147243.87375253218	-163507.60519360128	-185703.76422672064	-206635.89607485678	-217012.46985071042	-227356.98868005731	-237674.96317921096	-248084.3251822308	-258594.1423503099	-269218.2656352789	-279833.14000950754	-290565.25169630453	-301729.08726691327	-311840.0272249537	-323222.50005489076	-334774.7618883649	-345455.8420554246	-356447.89152259426	-367302.03002045566	-379183.6446106871	-393537.05478972045	-396428.1696017859	-410170.0605995171	-419384.56654966803	-431355.7620749099	-450052.7047440655	-460387.9491058411	-464751.11912973865	-468658.9926153824	-493514.6582256316	-485258.6687316003	-495453.2024678141	-504664.3664257149	-568818.7928088539	-547219.4774099301	-553887.7461592425	-589790.4965646113	-482677.528664666	-565793.045782585	-583943.9968566621	-598910.0433045276	-622458.2361300653	-631903.4948926506	-658530.5489673333	-637407.9176643438	-674382.5202521734	-667078.8044008482	-597927.3349887256	-664172.6262809671	-949121.0039935767	-758060.1743155395	-655435.7366183905	-771233.3042092009	-648396.5363493516	-725345.1272573347	-791019.4176137209	-799339.7871226578	-710499.5356755877	-800473.1106214278	-707051.4976108976
41285.67058391549	41324.50337175053	41347.322715070855	41356.59383130103	41310.35498893319	41146.10749601637	40775.07916113909	40069.953193677095	38847.370696945465	37011.766881406365	35166.42635705389	33250.64946702888	31194.007957980793	28974.67699646327	26580.792492952954	24004.034963668353	21237.74981263862	18275.4881058975	15111.225227371062	11738.454254076903	8150.682404267107	4340.6020430736535	300.38796044443734	-3978.5168275335454	-8505.527614863124	-13291.061728856468	-18346.70806238544	-23685.418308376014	-29321.820518441295	-35272.45986209094	-41556.23109307379	-48202.03156682028	-55214.15401436214	-62643.87376637559	-70520.28666496123	-78887.6595911093	-87801.5079409795	-97333.59765737651	-107580.02995151922	-118677.35768399922	-130835.47917881417	-144417.18450317043	-160148.8644635754	-180487.48378346954	-204858.0517977277	-215377.93918483128	-225701.8687865911	-236054.41806298948	-246493.52857367983	-257188.85166718691	-267590.88168466557	-278584.8389953363	-289294.93906012666	-300294.73004557635	-310724.0411598163	-321394.45509687753	-333007.5489980556	-343285.4797420803	-354507.4123738934	-365760.63752965163	-373048.82383793435	-387334.9155794394	-408541.06790449435	-405815.3087381234	-409094.3373479354	-439988.91177450004	-436969.4663928196	-456351.40867780754	-449185.7379603943	-468381.6679963241	-474873.31353307853	-506188.96247360396	-492431.9986558347	-547883.5066888563	-529588.7753757605	-566310.7858302945	-592157.2427851445	-565033.9307900209	-584220.8255881534	-569926.2708987131	-611927.4748588668	-597478.0948737768	-612797.7451428442	-627804.1401771349	-657423.5443049234	-622917.8535870855	-633860.4769766739	-696999.6115985989	-658890.3161712094	-617742.167972485	-701892.1648658413	-716099.5182625484	-713955.8332980201	-738369.0858195985	-739638.7116976832	-736159.0078339212	-739734.5774555976	-763156.0164983341	-775413.4799061596	-773008.037217667	-882901.4885428803
42278.552935522166	42305.22963657626	42331.42120666528	42350.55230361642	42329.68241746689	42220.26080605757	41953.79265489243	41437.37482472148	40539.22738383355	39081.52399905247	37011.776850554685	34964.55321856536	32855.33663157941	30609.25398279575	28201.514682981826	25618.496509353863	22851.482766263623	19892.58739948395	16734.818828262447	13371.46478644776	9795.270214918564	5998.916440879082	1974.651951416512	-2286.162798617588	-6792.896884047601	-11555.870835369453	-16586.526530475967	-21897.62903221167	-27503.513387447456	-33427.96901678236	-39666.75676769609	-46263.650332085206	-53236.510563270014	-60613.81353759786	-68430.67662926798	-76729.62064158113	-85563.66708857383	-95000.86320595989	-105130.19902260663	-116080.91037566251	-128042.05890729126	-141337.21424607272	-156562.5483783235	-175499.98356194294	-202708.5690810601	-213525.71704016507	-223892.71191267736	-234276.17666756216	-244768.76171983272	-255209.61780540488	-265891.32942506357	-276434.0306522201	-287160.8317274164	-298252.7401308344	-308675.38802225515	-319420.97495392483	-330679.3502856413	-341747.6536838372	-353893.44950511795	-364845.1376303872	-373254.89640176593	-385322.6095640559	-398493.91947779345	-408472.2423365781	-420181.66473748593	-433506.9799687341	-434926.5930211136	-439335.2387107422	-463738.3661605224	-476578.2360608317	-489335.87408199836	-493205.11363925005	-500717.74010921	-546793.9355745203	-544301.756243569	-524603.5385309826	-530065.3942737816	-588495.6236135593	-572743.2266069973	-596226.7634551293	-594378.2820341635	-607018.3401314013	-587104.329201964	-718397.46934127	-634953.4806570006	-577783.5204259731	-681923.6792470719	-685933.0775574447	-599206.9294293133	-697196.9085933287	-680095.7932283182	-729987.265393379	-681521.1029560657	-719332.6825022157	-707568.0137239218	-743460.8193876063	-762595.1608581714	-763265.7232529434	-741981.9753917056	-768143.0389954402	-753174.8617368654
43345.5879457735	43384.85797547386	43413.735735158785	43440.04417092557	43437.650085392	43367.591467780585	43175.53524435178	42789.495086048904	42112.53397990839	41011.92362399318	39315.52602176237	37011.78779635427	34761.74040389093	32457.9266924618	30020.379905075504	27422.295438445464	24648.732256650925	21689.08691494903	18535.294863772287	15179.517423026526	11614.071067035024	7831.368296900007	3823.430461335578	-418.6915693275514	-4904.206292261457	-9643.451699250028	-14647.57022095754	-19929.217891876615	-25510.596417803987	-31383.191637471202	-37589.43436153585	-44141.9025955346	-51064.608562936366	-58385.744518479565	-66138.90072649188	-74364.81572150032	-83113.98554342844	-92449.4213492015	-102457.74714759439	-113255.00774263447	-125019.56111128394	-138009.72319823015	-152763.01062406582	-170580.69761257965	-199249.95075563222	-211461.0164711874	-221886.50620028522	-232280.2579739513	-242784.28538171403	-253295.61272230887	-263822.15773412184	-274520.9740809909	-285457.4206406896	-296300.4739007243	-307777.6805502686	-317593.7425523509	-329197.0756383793	-341623.52998264844	-352141.440709798	-356454.96084835986	-372537.2516216587	-383425.584715613	-396355.03061602556	-401628.5241299237	-422746.76353460713	-437130.54927332775	-439724.20134981367	-452441.8496136631	-470347.7920635033	-471847.786096729	-477504.9455187305	-484893.35383657797	-512729.7260248342	-487064.84373390407	-532160.8447856025	-526374.3103171636	-585157.022462962	-558775.9740375234	-555772.9682799836	-610187.6029780579	-623070.3386141465	-663504.4502520717	-643754.5337988995	-636561.7478786386	-588227.8735373863	-703201.8479238616	-679029.0582622235	-626134.0162625427	-640865.2713305331	-697144.8153549659	-700502.2067369412	-695425.7523866085	-728290.0265301951	-693680.8122027452	-757098.2720002363	-759376.6692606373	-745546.8996033167	-730816.7683163593	-742425.0655383919	-799744.6583704805	-766388.1790284595
44545.35623722154	44564.3233477789	44593.613677817455	44625.496454961074	44637.01082988421	44596.187815976125	44459.16976024318	44167.91671978333	43647.12354503333	42797.63646359957	41486.00613633945	39546.60205007816	37011.799714922	34559.05488481122	32058.953436332435	29428.359637945687	26637.64840714648	23671.317652079888	20517.38437937791	17166.154657788604	13609.810284278938	9839.704846959648	5847.374276395538	1624.079232330987	-2839.7988204080903	-7554.262787599582	-12538.733962025173	-17781.138467617362	-23319.951864296163	-29162.522426358802	-35326.25944207955	-41831.38725873636	-48701.168023755774	-55962.809326053975	-63648.587503860326	-71797.44759841994	-80457.36394285616	-89688.93077461688	-99571.39887717964	-110212.47921391677	-121768.66179832062	-134469.76020743023	-148773.3935948759	-165653.95067164072	-189419.21153033376	-209168.9273696197	-219669.86043171352	-230145.6696188212	-240553.6572845624	-251210.08794983834	-261732.61708402223	-272556.6601361694	-283602.1942733333	-294196.24242878956	-304852.5602651723	-316128.4480592695	-327667.27669993835	-338476.5354666365	-349379.9684642202	-359394.6434619245	-372817.53376189724	-395186.73172693164	-420466.83836270403	-407587.85899992177	-416379.55220846296	-429420.3563594044	-441862.99066161364	-456351.2922485989	-460703.2130770537	-463290.9443391619	-485249.8527602033	-497591.9529050711	-483130.98958950135	-520681.65379664366	-510585.51563500427	-563506.3012151099	-549555.2405588201	-559738.881669146	-572884.0103910902	-521786.0516038224	-632016.9264200742	-650265.6965708765	-655100.3822554095	-613552.3391330009	-637891.5013389464	-606110.8007447729	-595548.3470761837	-681107.2693033299	-603753.9652531162	-636658.307773754	-709929.3587121748	-662604.1641124656	-706386.3432787709	-762688.8579296811	-708607.9811609895	-731332.9736666861	-730588.7815037406	-757981.3440216897	-761677.4918911316	-753171.6253244672	-832526.0903722689
45820.762656221574	45840.31618274271	45870.716548883414	45906.70735433808	45928.9220940923	45910.489312901045	45814.92453504211	45595.06056126964	45190.03631480306	44522.03759225606	43489.554959042	41960.09282680921	39775.79369271817	37011.81269124159	34355.1476780434	31657.56589209684	28832.389107449562	25848.101736156998	22686.738451361976	19336.16242065496	15785.815520809876	12026.314187176875	8048.636863951804	3843.2399431982485	-598.7908951718127	-5297.216031971417	-10245.374382627546	-15454.380653036642	-20957.684876299143	-26759.93154894965	-32879.13037122655	-39334.59872938407	-46148.95527472434	-53348.20908682223	-60963.42929674301	-69031.77836654295	-77598.69774666963	-86721.18567240016	-96472.63335749344	-106953.92252604984	-118293.06729917962	-130721.10166556369	-144596.03773713665	-160677.05265315346	-181086.66483844287	-206578.00539035126	-217277.38844814082	-227783.8112367503	-238307.00251609978	-248860.7084871513	-259408.53285938944	-270234.9970602046	-280895.7485356609	-291745.9464329226	-302918.28484523395	-313847.2448413161	-324876.81196431053	-335798.0305080409	-346855.2037497719	-357766.75962913525	-370420.15267812705	-382385.8911900467	-391015.79326803994	-409325.35038888996	-414412.7357652957	-431223.9259100213	-446420.6256182265	-445026.2920841548	-457718.5804326247	-477531.41100088705	-497449.09068225964	-490796.107145605	-503296.4761626312	-512692.08937995415	-524502.4816437731	-537025.937457251	-536349.4955411701	-540456.0089557698	-566787.0177019872	-588025.1121643219	-552005.3603719929	-644695.6059482098	-616711.9963983891	-578411.9056781023	-696824.7702675945	-664331.9942192396	-680889.200660506	-652814.397132355	-610092.5840409806	-674692.6957505884	-647054.3129620103	-723865.760805331	-729363.1303981752	-687110.1508056599	-714724.75796477	-732916.3414437522	-792488.4293122435	-823357.6685223946	-738656.5797693827	-745968.7259742687	-772060.5084953835
47195.742704661825	47213.07097173389	47244.47674609872	47283.39503866705	47313.94148032574	47312.991304761905	47249.80863516987	47084.91792485613	46768.24852049729	46236.67289102875	45410.18984025228	44186.436289848585	42433.74912621168	40003.38243541209	37011.82689609451	34149.95202400032	31253.938245341764	28232.941947434243	25053.254726086918	21695.447861235298	18146.109451011725	14393.872771699302	10428.662860402721	6240.481014435121	1819.4472408664296	-2855.866337635118	-7764.010974735982	-12950.06474835021	-18416.46662035366	-24177.632039634685	-30250.49341871729	-36592.63886641787	-43410.62192797719	-50545.0379060893	-58087.01118307904	-66071.90374138558	-74542.85427654692	-83553.01879379395	-93172.06093710699	-103480.30108065909	-114619.92543161301	-126772.02360169451	-140243.80814619054	-155631.308335978	-174539.73299000334	-203379.52370108248	-214650.50257352646	-225193.77129666743	-235741.68259929927	-246400.65897599672	-256984.2374583481	-267783.4895075322	-278407.1688917541	-289558.17179262347	-300637.82982254546	-311304.1992102654	-322434.9122418584	-333805.3573864264	-340639.92530870764	-358655.18065488443	-366963.8763378906	-376902.8608789536	-389128.70275887224	-403634.40301623486	-405608.70432660345	-423313.58558044326	-433585.82836703653	-431491.1261440187	-453912.7186051924	-467036.03833597904	-508131.3462466549	-498500.6669606898	-504500.8964627287	-509055.523366443	-524979.5002403996	-530221.5294052463	-548125.0368977902	-576366.7088325524	-568929.9527936999	-578329.3610631644	-604721.3623458308	-569322.5676806502	-613797.1556204165	-559031.5848056643	-622458.010749031	-665010.4556516643	-713046.9699230907	-671113.7254741784	-680909.0012854029	-660403.0326929373	-696808.6649626909	-639138.7331182142	-769082.7678846612	-759987.6120892011	-762531.4660031243	-769939.1328422382	-739289.7406828859	-1.0424182611151455e6	-776656.2660616855	-768904.3227932274	-764829.9795374228
48664.60352015472	48681.66362463572	48713.423259501054	48755.14426295046	48792.12674259371	48804.96430906077	48767.26194425003	48645.65895715653	48398.02680109476	47971.990611005924	47302.73446434838	46308.616378497565	44886.44851062933	42906.629540454276	40229.84063073684	37011.82787962063	33945.69696881692	30849.583648245956	27631.012926797674	24253.893519901554	20697.61845890747	16947.418367414735	12990.842555900104	8817.281700656895	4415.703580986534	-237.16733110690257	-5117.122891482868	-10268.011933225585	-15696.597623055393	-21415.650199759228	-27441.116335523722	-33791.928153354005	-40489.42824061445	-47557.043378346134	-55023.55190163187	-62922.342634324305	-71294.52077013988	-80114.81006267219	-89665.4256733065	-99816.39142607649	-110750.62299892883	-122633.15777017866	-135725.27273678442	-150499.81563544882	-168069.74856499565	-193980.98928691063	-211786.6783924951	-222421.7814467951	-233018.86447539605	-243592.253629739	-254419.20324836657	-265124.30122079805	-275834.96489689255	-286927.98695959896	-297814.18016566697	-309345.2538379737	-319880.1840940211	-331519.3003389296	-341832.02181574435	-353752.0679205998	-365661.45217801136	-379402.5836914432	-381110.37143045245	-398855.04629719735	-414934.8000170074	-425079.57074544113	-437653.86782914866	-443182.36702492204	-457284.2435882399	-454466.98057610774	-476904.61711198615	-493621.72932517994	-534749.0195132867	-507455.04581407504	-524125.80971030204	-541848.0657847878	-563470.7744941753	-569766.305688276	-550999.3628504092	-583488.3080542746	-584373.7074039135	-588904.9966679477	-657915.7998823905	-622351.4146228781	-648136.6153217959	-649653.6209881675	-621229.2846395744	-653117.1727030007	-624780.351984024	-690461.7578948819	-683858.719212717	-685401.8241895947	-690143.5218599273	-738874.6738770994	-716552.8912503987	-746459.5480894869	-749420.11976949	-718684.0925260895	-673612.691618055	-953287.1454459818	-690421.8587455202
50228.299332037685	50245.24482035311	50277.474540306575	50320.92345832812	50363.201373449614	50387.2188388549	50369.95945441496	50282.904821303906	50090.09735974643	49747.6762573875	49201.23002237172	48384.64912665269	47214.97078471616	45588.41144896549	43377.7093378079	40455.12826409869	37011.8474815884	33740.163080527534	30443.57550666452	27026.11486746042	23450.108716591552	19693.45581841038	15740.248555076978	11577.301780768816	7190.128798716032	2560.032696633134	-2289.2237959360064	-7408.895720269851	-12800.196575502283	-18476.346010199835	-24453.870091446734	-30750.361448027397	-37386.6361566289	-44386.46492905123	-51717.72154837521	-59587.17772310396	-67859.57403611619	-76631.18908633181	-85975.60895274823	-95961.82626636759	-106692.9061609077	-118313.92279635517	-131046.94077129428	-145273.75587230173	-161800.37253374988	-183269.59456082244	-208608.1815308828	-219451.0938565682	-230062.74852719734	-240727.4165205979	-251480.29152809572	-262402.1238523258	-273070.63800946623	-284243.4950262645	-295062.51760577783	-305909.82494452153	-317212.17628516327	-328659.5608783731	-337927.54955934105	-346039.23044379073	-362004.7537536735	-373328.81102881505	-383587.6529646568	-387690.77526037674	-406958.09522449446	-417788.3356339563	-431279.8804125688	-432493.6399787802	-446399.3765350311	-464224.39040730416	-474566.8732313637	-484332.627014427	-498572.2306619107	-518530.00011240423	-530925.8940224991	-545346.2040234966	-551263.9119545008	-537803.9495214107	-541264.277713371	-547860.8324026585	-599765.4091871536	-613752.5273739151	-601825.9710394484	-576017.7629147322	-620567.4411334513	-671723.6685746632	-630656.8486546088	-748345.8315768886	-662339.8598226242	-661838.8729851511	-730486.1230684276	-738399.4512245865	-709502.1751877359	-733660.0306645996	-809639.7364730128	-746247.3175824024	-691924.6207976951	-773148.7642916447	-862703.7876026846	-797938.5855523815	-757893.6652898467
51886.364586375596	51902.837870847	51935.36097034646	51980.241287423676	52026.66892346984	52059.49576570332	52058.974483843485	52000.004816896166	51851.65748135018	51576.316489441204	51128.09964112629	50451.604237616004	49479.26348588534	48126.7428780997	46291.31692718557	43847.74119751123	40678.39346335572	37011.86910525427	33534.72513513113	30036.598532661854	26418.931057092268	22642.352732834814	18683.162423460628	14524.8608597095	10136.863315397408	5537.64451975128	716.3649972400453	-4373.454992311308	-9727.61074508325	-15360.44585109307	-21289.573225314438	-27531.5810243453	-34106.30828412791	-41035.81411461407	-48346.69412724738	-56063.77581253197	-64232.95119807898	-72893.57642399479	-82100.67665640808	-91923.64470614695	-102454.87986559773	-113822.23595864257	-126215.54253158743	-139947.33405286836	-155622.6384864302	-174808.83807698317	-204641.86474996625	-216248.51889798697	-226959.64754999784	-237660.0761019687	-248412.93552942952	-259146.9314623394	-270122.97698163963	-281229.5400841597	-292041.6901163163	-302923.08909468324	-314600.46036556445	-325444.6121516589	-337099.58583381685	-348112.71212393715	-361606.84438053606	-353538.1416539386	-381859.000816264	-395402.076019666	-390002.0231905484	-411368.1395836938	-426546.317467574	-441753.841769301	-450618.90644645784	-467872.54635052476	-472404.61106552964	-478381.28358883807	-487993.30068835616	-506347.6391863167	-516640.544456547	-529923.2270195214	-484530.4057480912	-510458.5778304598	-559850.9754895592	-608839.2333387076	-583805.5703842259	-590923.2350647824	-598351.8891893524	-599896.5395706554	-628997.394819197	-672744.2198562551	-638203.9655165768	-691198.5498798756	-612008.3422210091	-747463.0037447719	-680278.5966091066	-706829.237982795	-675686.7914089223	-737469.0904295496	-718817.309260514	-704602.459282211	-753374.1006227637	-775680.1919620208	-829408.3885142124	-739763.526444756	-812220.9440400681
53638.6588513825	53653.38461521652	53686.09176124929	53732.15585431567	53781.758951012685	53821.91534438403	53835.03665251809	53798.9295876376	53686.984506949055	53466.47029836039	53097.9858778535	52534.55319328554	51719.375146613485	50583.75770678549	49042.95841398154	46994.21178444926	44315.08045341488	40900.62867919949	37011.89311191888	33328.142551482946	29627.934623468813	25808.86599106004	21830.16396542074	17667.10223896196	13298.194009921135	8698.891132643621	3882.926649840345	-1155.9642400357989	-6474.357307935017	-12067.616044133087	-17950.893037617585	-24138.196957094304	-30649.625653448194	-37509.51931522877	-44734.67635251727	-52366.33278741001	-60433.05359381085	-68976.77138709225	-78046.69570967196	-87707.45583834045	-98042.28284122136	-109164.8327515788	-121238.20917453803	-134518.32558367704	-149465.0044730144	-167132.1990236329	-192028.133724834	-212775.97431668636	-223623.58807510787	-234348.9635592503	-245115.6271057409	-256074.0473913868	-266864.49383841956	-277902.3586643017	-289074.56805374054	-299910.72901170066	-311041.0979846032	-322497.9306376517	-333926.1963617618	-344884.6124011431	-355613.74951625837	-366695.7577185905	-378063.6962421243	-363689.6003781613	-401624.7260423526	-414855.3048826338	-422572.565709249	-434363.66763551626	-448426.7544028412	-459727.07374797284	-466964.18641447433	-485057.6224737996	-495322.7414527404	-502869.31529437087	-539105.7170341129	-509927.7409742243	-515738.13974826015	-542568.3583151748	-552711.5062763738	-543845.9049206894	-571815.3155743522	-574000.6803721831	-611393.577278341	-610064.2915720256	-594189.9652374808	-627499.6565520882	-634410.8600307691	-581316.8303237999	-686825.1780536599	-677700.4299697059	-714346.4886107737	-714378.2218228612	-737921.7222479746	-711911.6437230894	-736752.663319811	-677443.569202385	-788123.9573327823	-801224.0997015121	-810675.9246098037	-716735.4503896707	-739991.325096112
55481.08166631003	55495.72373038161	55528.6145049897	55575.39889914793	55627.72441785745	55673.8443614922	55698.1194604552	55681.163074492186	55599.448141274945	55423.99495383614	55121.18693207728	54650.298753210634	53962.855904597935	53001.37017042813	51696.010460409045	49961.88463355834	47696.46704309218	44780.27892388127	41121.21731997578	37011.89067091682	33121.689365988335	29217.823587827006	25196.239945616166	21010.382777631457	16625.870023849595	12048.582446792338	7250.091335046396	2214.574842192	-3045.6792053039244	-8597.201680319238	-14434.17165069803	-20569.425826570514	-27020.585463299416	-33804.24080371141	-40953.838583600154	-48535.02816755677	-56459.209313246974	-64885.24213747727	-73818.8733434318	-83319.25329816744	-93461.84201347441	-104347.45229614555	-116117.65908204866	-128984.81913790523	-143309.84835289262	-159835.0105070711	-180716.3842711391	-208871.0540813831	-220057.58600288234	-230902.00193646204	-241697.1919842695	-252586.3598759548	-263595.05162723945	-274480.1474556171	-285783.99347190344	-296740.9094254674	-307593.45718703093	-319397.66520547064	-330215.39910392894	-342064.6197543654	-353072.5904048516	-364402.7144172328	-376173.17626382434	-386403.88110639504	-403864.2298651532	-411826.2879957545	-421080.5029077965	-438716.19893138204	-442540.4251755333	-455939.8148773337	-443546.19810988207	-482378.3895868405	-499262.04435651924	-500437.9053156236	-510274.53288859397	-506669.0277754958	-555624.9351153672	-539135.4385227382	-550258.3925445905	-557299.5745989255	-575317.42519764	-575119.8952426738	-605146.2778780442	-595785.411085202	-641379.4857149901	-636916.9099573167	-611360.3291618093	-633723.1117603888	-684106.1951048962	-665974.9638106299	-666383.4154940353	-667817.9343526202	-724479.9981280373	-689649.7824400082	-752788.0931646661	-733430.9565896529	-717232.9478417711	-732165.1497420141	-745817.8266583437	-777642.5725853273	-771154.6559366137
57414.52582103078	57429.03421791343	57461.909891282994	57509.06627143145	57563.65715986592	57614.605265187274	57648.161338019156	57647.042615637125	57590.24231600383	57452.79438669293	57204.24814663106	56810.357291221735	56228.3599740933	55409.395771476615	54294.84054740533	52814.21917977664	50882.323407388234	48397.48646862648	45243.936201830336	41340.50408912773	37011.86174644259	32915.15087531338	28792.748409485095	24563.68244646862	20173.843655914534	15595.300817578885	10807.404771519155	5790.702644248406	532.8259047861793	-4983.525120960199	-10774.440485764964	-16856.837104041595	-23249.5101363454	-29965.129413971415	-37003.39486997592	-44452.87944514502	-52314.57427180273	-60622.77372608625	-69422.05203164779	-78764.54513391266	-88719.29072942848	-99376.24319921945	-110858.40260553757	-123344.25559001823	-137123.9198965606	-152741.45605255562	-171468.7891191588	-200967.76245298784	-216242.76074214	-227173.52601929894	-238049.12774215767	-248937.82917954074	-259926.60134864092	-270984.5682416061	-282051.33622246253	-293215.42760901875	-304214.6454789685	-315963.96784810105	-326879.89637689234	-338094.9756182983	-349525.3560128069	-361241.49677179975	-372242.7872458461	-384222.4992064734	-393543.18008640636	-406688.6405177186	-417020.4521452128	-439499.19112668	-435399.0046038885	-458739.7146935797	-464854.56661478255	-474337.5709622229	-489512.9540598138	-490805.86125891056	-503417.4000007464	-522406.9191280383	-528739.8600842741	-540752.3930918733	-554554.6537230568	-577398.5680819916	-582673.6973628475	-570814.5193832858	-581179.3267670762	-595197.6045167265	-615519.1017512011	-600287.5493502881	-687412.5614003298	-632492.119212749	-675301.207595439	-713248.4068197603	-662604.367672112	-713942.1763148955	-703614.6778162139	-733781.4794546728	-715689.6157203416	-719471.106479834	-742745.6810088617	-783701.7567833002	-772647.0862881084	-756489.0968290897	-785316.7780299371
59437.46859230322	59451.847525438	59484.56461069471	59532.270662242314	59588.506748996384	59643.36717631691	59684.625067558925	59696.830457638134	59661.183432845835	59555.399315938965	59353.08411143115	59023.007205207425	58528.92931408968	57828.45849077002	56870.93392303592	55597.36157483698	53936.68317375041	51803.45603554085	49096.08764550707	45704.82932441437	41559.27026566054	37011.87744244462	32698.717821510014	28378.97694388908	23944.29215393687	19347.385133359145	14558.990460115892	9557.277322463808	4323.775917582301	-1158.5963426548988	-6873.719479212596	-12908.272730584606	-19239.63868532129	-25883.416785516776	-32878.45825746597	-40241.74178312885	-48005.91097019665	-56194.97090262233	-64860.95130715211	-74048.30288549291	-83819.95319996055	-94256.22687502655	-105464.93410875011	-117600.07559936447	-130895.24728948288	-145757.03816742898	-163027.0241231396	-185513.4419997475	-212062.41417156262	-223241.56372467914	-234178.06730922367	-245095.0582111053	-256156.97157426417	-267285.4496303147	-278241.87342405075	-289562.9959701954	-300671.9733097133	-312113.8308679389	-323396.6285953877	-334454.9219712168	-346480.5362433737	-357092.4735168648	-369410.73380534066	-380281.06114875566	-393177.2854025741	-402550.4548061532	-414332.7767787047	-430104.32681417384	-436904.09769937384	-457393.77991509286	-455831.31211073266	-477799.594365392	-462612.4003834834	-495434.80217489484	-509305.37607438385	-543732.1784145494	-525794.8045568096	-536263.372066668	-552314.581836193	-558463.2328603358	-572708.7294061033	-575463.2231782961	-597165.142185193	-599589.1098840486	-603547.3045734342	-622839.5628441983	-605333.5272744475	-670512.4086692471	-620445.7423513592	-671882.1043639792	-626529.8608850323	-666598.0908959724	-727809.063726836	-687499.5039989727	-781260.1251655936	-646249.2540009132	-658287.9789042576	-751318.5391255592	-738725.8185087054	-763140.2849908263	-753893.5890760943
61543.6788290643	61562.987200472184	61595.61634946623	61643.65129668638	61701.003271245456	61759.10966648918	61806.77515076159	61830.101115363184	61812.486354194	61733.580929216725	61569.758121241466	61294.237478397845	60874.1046649655	60273.004718894896	59447.03085272299	58345.072418952244	56907.095509688195	55061.98100378574	52724.43891238258	49794.31000357805	46163.50506878708	41776.932784238306	37011.933004178194	32490.518791274517	27981.356838946696	23339.44985336921	18517.15147368025	13517.091452938825	8299.431791845913	2876.8162840263976	-2831.303902952932	-8819.371803888382	-15085.285543494683	-21669.664711359306	-28588.55951727304	-35864.59547003795	-43526.01213329134	-51608.85720554768	-60138.49999120139	-69175.13358763885	-78768.57647005132	-88992.25655423869	-99941.20536747974	-111746.53538874545	-124602.30016333074	-138823.1911639982	-154999.23356334187	-174630.3030868799	-206340.966997119	-219065.74296378487	-230121.3058987856	-241131.69544976563	-252185.42195442083	-263384.79041050037	-274429.49186064047	-285482.1072075629	-296934.4506100019	-308219.96371565503	-319556.263603123	-330946.8869330825	-342754.1836196349	-353353.2328572044	-365421.71899328276	-377312.19525154587	-387115.51759776956	-400378.42045745114	-411108.88311386306	-418638.9262224389	-444812.6668510559	-444004.6779458238	-446087.2437765433	-476336.22102102626	-480849.59284027194	-491594.4735678944	-514445.2804394249	-524767.2955720858	-532462.2671740152	-538913.2521870764	-550898.6048435837	-595105.8408277365	-562781.1320879128	-541826.1877173551	-586442.3252338086	-600903.6962811089	-618764.8719433874	-628642.8136826168	-632873.0309921561	-617270.9450473789	-640973.4186449889	-663302.8417337391	-667096.5617305717	-701984.1028983131	-699346.6780752571	-691754.365808465	-738617.4254330104	-730762.7539897435	-744633.5667068837	-694975.9208343044	-803196.117767663	-776195.309387908	-708564.3021135932
63747.197466857615	63761.250477797206	63793.637803279446	63841.827094039414	63899.7706323929	63960.86310481408	64013.676363727805	64046.51254562754	64044.34717492468	63987.349700057996	63857.730902687355	63627.88514219294	63271.2407703014	62754.05144137604	62038.755559529964	61080.69515626828	59829.39485218318	58222.47202670344	56189.38295281859	53644.50051564374	50489.26375086754	46619.69332130981	41992.83454990422	37011.94919272521	32293.434896806575	27567.165191580163	22717.076415012038	17711.509153122402	12469.738605659484	7068.276889560686	1391.3049998647766	-4554.460434278415	-10776.466921900952	-17287.41858486709	-24132.697293896344	-31323.65971718449	-38887.41468165224	-46854.72027070919	-55265.605701584864	-64148.49878894875	-73569.5606477366	-83588.56010004664	-94289.95937665759	-105786.19590929546	-118241.77112665202	-131904.9650189033	-147209.05034695833	-165085.3882715901	-188846.31576090053	-214536.2065055068	-225814.62477453094	-236916.29317911353	-248001.58664258127	-259182.7590673556	-270327.48422796367	-281735.59080588364	-292793.1925356891	-304406.0970915734	-315607.6598187201	-327019.04553244053	-338763.2164566328	-350065.1319021501	-361544.59496674035	-373052.07699684973	-384715.2020121126	-397054.9387750074	-407678.08533342206	-425565.6898951462	-429569.4902287648	-444176.0677362531	-456664.8742378469	-468580.2630798506	-470421.04702665296	-496588.6768385926	-501982.7458300129	-512190.52622126264	-518311.6432611568	-535742.5049668472	-549016.9758167416	-480479.06116489205	-542265.1919891491	-574471.0049773754	-560082.4836409129	-607900.7325547142	-617924.7270852638	-591964.5535738883	-631891.1440395014	-676295.0260543741	-655984.431787872	-662912.826129313	-668519.7950070858	-754790.2037795988	-685690.7098240985	-705490.1864892548	-697470.2760772159	-698376.889682937	-682224.5327844064	-742392.7140243748	-712467.9505466041	-777662.8601663936	-757911.2060539311
66031.36915344035	66045.22843910655	66077.16950228804	66125.34629477398	66184.26813476277	66247.30430710106	66304.71027175884	66345.10717848127	66356.25274856863	66319.17880539285	66216.40235713476	66026.99976111844	65723.92683919857	65279.218256435124	64658.04059409123	63822.572135386465	62727.552039795555	61323.91340715563	59541.309459498414	57316.9843950255	54563.282914606214	51181.99036007802	47073.715712263715	42208.084540462354	37011.96585200529	32085.277146684588	27151.910178747145	22099.393734477053	16876.92584664264	11417.037822914572	5798.999125620612	-102.98416826795437	-6285.659623910469	-12738.624297274277	-19510.253960604896	-26620.087502191687	-34089.30115412222	-41947.75432544356	-50229.01979158295	-58972.608864642185	-68226.05401866965	-78048.58740852385	-88514.05012656112	-99720.8833883052	-111809.16672397403	-124977.16678038608	-139558.6889217886	-156179.33426899312	-176466.29252275045	-208795.87653265128	-221263.55217509606	-232463.06545324106	-243605.24789704804	-254808.97104876392	-266001.1465370486	-277284.0053010857	-288880.3434187372	-300010.37418006	-311428.04605317523	-322814.67182473396	-334585.41441260476	-345613.6210104241	-357055.91517825075	-368644.5619342858	-379853.7831041772	-392784.3272869469	-404233.59647069976	-415221.8747950286	-434913.645373781	-439336.0587994263	-448252.01443813916	-459435.15405207674	-470932.80439365195	-488622.0187524179	-488701.1623663127	-503540.7448981583	-520949.51698218356	-538574.2036995773	-523594.6529745308	-545368.7569375762	-554592.9339737277	-585967.8712144722	-575635.9108070865	-572669.6624254006	-590010.8631446445	-634386.4884346238	-551731.0022511636	-639299.4882263172	-676335.4437143711	-655717.8614424167	-629808.7637898371	-704477.2712637922	-668143.4734192087	-677608.7795788796	-739258.9767404465	-738895.4297912758	-727375.2439286434	-725925.0896747968	-752138.5410465257	-760506.8192645448	-791649.0375955297
68400.36301386292	68413.55856104504	68445.25062515837	68493.40598197293	68552.8149057281	68617.31665005174	68678.21606726584	68725.56285616625	68747.05236819538	68727.39238114998	68648.13595004601	68493.15376535355	68237.26668079448	67854.18874396128	67313.95068454338	66583.00586288504	65621.84432853613	64384.640993459674	62819.69206464128	60863.10560503774	58445.11760669813	55480.20370127325	51871.99347106606	47525.50216328647	42422.39696199942	37011.92509715675	31877.069199371297	26735.49611625215	21473.69164842114	16038.642230510857	10359.080451062939	4522.401173412654	-1608.1182977660792	-8016.476497483323	-14725.975049909961	-21755.155179886206	-29132.858665847394	-36886.23983293018	-45046.55932722028	-53650.23265823565	-62741.98493166757	-72374.99808589727	-82616.32665732664	-93551.82621309755	-105299.58263247475	-118025.42616584574	-131988.84501325386	-147638.3186578981	-165939.83890949588	-190394.39044232908	-216346.50332455375	-227787.3824181299	-239012.72138770515	-250250.406044192	-261507.7128347099	-272867.62366015324	-284101.46556319844	-295706.9473912157	-306954.9706392579	-318650.8919497647	-330151.9248516924	-341386.61437504867	-352879.5515556473	-364462.54098029446	-377113.08763389266	-388634.27461641445	-400779.42966452596	-412640.0966131829	-421892.7143388995	-433818.8040823273	-447494.3609529748	-457654.85371753166	-463596.99906793376	-478740.6080365861	-491708.6885415693	-489246.1888984585	-503594.2507008962	-530675.6625499091	-546274.0050221498	-543183.1423481139	-567707.7492068888	-575858.7012936317	-595854.4000551209	-611158.7634074874	-578089.1195420299	-630750.4305425289	-624957.9744436893	-609569.8926079208	-643295.8464720536	-645781.1959354482	-677936.9812307727	-672439.7548852772	-665161.9223631783	-699381.2888138298	-719382.6748032059	-707687.9936597316	-789597.775896644	-736286.394957536	-770184.4365100682	-755814.9506371728	-730705.1789597558
70851.5631868575	70864.77255003288	70896.22872062615	70944.05807553558	71003.6917627657	71069.34415833524	71133.63456388452	71186.0720533691	71216.50342737575	71212.3684390519	71154.69735950459	71028.09340022429	70812.36418801386	70482.64146200777	70012.70615455689	69371.83096988348	68523.17969277635	67433.58723705998	66050.18304558148	64322.43634017877	62186.302636158856	59572.26200991962	56394.77811873163	52559.34128611995	47974.9842937972	42636.53189742184	37011.91980594079	31653.529902993672	26318.38002151891	20846.038945988228	15197.142926059925	9326.335964072787	3226.91974658228	-3147.5568856439786	-9783.751056817098	-16741.629383279535	-24021.231092272443	-31671.4715873033	-39715.05897436454	-48184.39812522178	-57120.0351931451	-66571.34028056118	-76598.33294014208	-87278.36941925647	-98709.73593831497	-111035.16744378865	-124460.36388720226	-139319.0126281851	-156250.78064359762	-176892.8339332195	-210037.35744197128	-222843.71200468217	-234215.32114136487	-245524.38874876488	-256849.9489116893	-268338.36291698995	-279689.6567138169	-290965.10814686737	-302686.1473549466	-314379.4302318273	-325777.05337711296	-337101.4618539343	-348821.83757080126	-360381.9452800397	-372112.8024362136	-383592.9137471627	-395111.22850289335	-406797.18063234276	-418939.6338858891	-429343.2112773492	-441062.59792688314	-453670.42583642376	-469552.8794115333	-478891.56523963413	-492060.0711852346	-495926.5447410238	-517486.29313335265	-519049.3971692258	-520710.9106326578	-547161.1355063403	-560087.9799316656	-582883.2150589144	-579553.7572794141	-598615.9534339315	-605313.4750413266	-629120.917037024	-586472.4192366728	-656272.6219453695	-652268.3953939179	-622031.5034695924	-686166.0740857961	-669391.9117297203	-681599.8325665537	-703676.2213136832	-733021.4780427542	-725291.4819942912	-749037.3687877159	-737328.3495415733	-753572.0083516577	-800376.1259298398	-825195.5722350741
73384.1975554984	73397.34630440286	73428.50925290809	73475.85194179128	73535.74851886893	73602.34204326128	73668.86735150893	73726.28037869779	73764.72582200708	73769.11373536984	73733.43140948017	73633.06715145949	73451.19194842159	73169.3778645049	72759.34594025428	72197.17845485051	71450.83946894755	70482.51363785274	69256.27998716012	67721.24683715135	65827.47143586827	63509.978330820566	60697.86957246662	57306.93385406822	53243.80429449768	48422.23904246764	42849.7506734936	37011.93818592053	31460.138429757702	25900.37938654289	20216.396425382	14352.287277721742	8260.057580904453	1934.3374104440445	-4647.713990817079	-11537.965695738734	-18747.81421241464	-26306.61407152188	-34238.69046048925	-42576.23676925726	-51362.19938968518	-60639.70815838687	-70462.66984434708	-80900.2724858226	-92037.83246233562	-103997.66009264851	-116945.80506015824	-131139.41703415586	-147031.150612865	-165569.8633810211	-190064.2061036052	-217502.45458802063	-229140.5852892305	-240540.89176693963	-251973.92235638297	-263428.2183538936	-274834.7432528882	-286422.82108372496	-297869.5021805151	-309692.04607346153	-320841.13525789604	-332762.5479452467	-344674.5280185923	-356175.3437740852	-367921.0201884521	-379410.7048466966	-390736.5530745913	-403516.54059259663	-414151.21976214915	-426565.91200382996	-435197.66132244654	-448533.2911848412	-459882.2238762189	-469379.1262863782	-486748.73353435943	-497238.6215759872	-503191.7407158003	-512838.7964223877	-527334.4824160443	-542132.138891732	-537984.6695613506	-589008.2339968529	-569144.6642509867	-579590.3568550737	-591165.0975451318	-620317.7345446313	-599661.69996455	-647219.2765806488	-635632.5297789352	-641252.137289806	-676711.8246362085	-672306.1924544935	-663352.7777357948	-699025.3871713831	-676289.1056033425	-683279.8901023733	-742194.0504871752	-716982.9348803341	-742004.4216032291	-742660.0978102136	-779482.0340625948
75995.23139179492	76009.74456151959	76040.52814630099	76087.86760319042	76147.78936659556	76214.38829838694	76283.15260516456	76344.52104271256	76390.78088886855	76404.37536573177	76386.68237586951	76307.2599440763	76155.52136775639	75914.57395390331	75557.6322533114	75063.98968709557	74403.50436447863	73544.34542398696	72451.93173611266	71086.38590625304	69398.92913735984	67333.79604943958	64833.31364637791	61821.45015140955	58216.274647209386	53925.201267333876	48867.372066944925	43061.76716191915	37011.95706443477	31251.42640165225	25481.63486173362	19584.99716929227	13504.124077243236	7188.602785918891	649.30472713575	-6182.088681132474	-13317.989771335036	-20784.401324770122	-28610.364139881945	-36830.30119807637	-45470.801842219196	-54581.66402247816	-64210.72350354164	-74419.60541490598	-85283.69124947989	-96904.19076962298	-109424.36321195155	-123047.40715169946	-138103.19824267284	-155210.75453074308	-175918.0989327434	-209668.0839026472	-223802.58765090478	-235345.29961168228	-246815.38539789442	-258302.29471159822	-269881.1535791047	-281488.0932094087	-292857.2748184524	-304497.57713755977	-316075.09614902845	-327966.16847750545	-339801.3654911631	-351976.1175789272	-363467.5097503731	-374691.28256223793	-387176.2060820139	-398264.0802131455	-410422.94528453617	-420386.6460863967	-433523.3188634127	-446203.95553217747	-455288.88550100813	-466203.7861031126	-480091.4704618746	-493833.199815812	-508805.67112602765	-513977.1681263681	-525930.8409015496	-547486.453329072	-525700.5212690068	-558517.8327666733	-570378.720732057	-572430.9493009876	-590084.4855950695	-604985.6588266065	-618051.865391099	-607503.2932530171	-617125.2416810113	-668398.7091442213	-698924.8084606893	-662162.6478291004	-660053.9803605694	-687445.9105980821	-636691.9092982388	-688344.6824333238	-660356.6975438932	-724866.2376563601	-753628.1914876119	-751905.1229819545	-812645.3815891923
78687.9405913688	78700.49228683361	78730.93264241499	78777.91060963608	78836.8474643756	78904.75603645685	78974.79432102691	79040.59270857129	79090.18743890931	79117.43952597305	79108.40130667965	79050.06059495325	78923.73992776556	78718.07421233098	78410.14712086413	77974.70587964173	77390.09118080436	76627.1354599027	75652.16364654669	74430.35370801823	72924.27478266659	71077.5186912709	68843.19185786718	66155.43436463317	62944.558619954245	59122.39039539863	54603.762023827614	49310.48839651217	43273.428411037254	37011.976493187714	31042.464156227536	25061.94132925899	18951.82336712483	12607.118323564035	6127.538664719439	-656.0303960932943	-7726.465152232035	-15111.038809892169	-22837.722093545774	-30937.99707025994	-39449.278676938266	-48402.83133603202	-57843.345037283376	-67835.07861815317	-78443.28454946335	-89752.76752779412	-101883.90947037739	-115004.12457596885	-129364.81295596261	-145398.32776068948	-163999.45420654138	-188025.38066429074	-217976.93247673917	-229906.33304884873	-241460.46296651787	-252999.64854509858	-264632.36194220255	-276213.734941527	-288018.0547108806	-299547.51307621866	-311505.40160548827	-322911.0275108883	-334643.1915047822	-346832.62842436007	-358751.81001611706	-369937.259585869	-382009.98194193374	-394017.3204364171	-404928.5089624824	-416914.45192341134	-428277.2401968716	-439894.7046287841	-453078.4487669084	-464502.6312299151	-477007.3276848765	-490357.96142698446	-501908.51964985195	-513754.22600010654	-523849.1440320084	-530346.9007875706	-547320.4929297197	-550951.6733940718	-565365.7326919079	-577847.2725265793	-579241.0073745642	-603029.8220125597	-600819.7069968008	-628508.8578455844	-626019.0848852461	-638417.7055210508	-640545.9327784284	-706926.795044956	-667453.31938666	-679686.3403061972	-689571.9166302738	-629345.089800574	-735194.4048596929	-737120.3236341121	-714932.4586583971	-718741.8685569223	-795171.4052579256
81454.68196628481	81467.91234613047	81497.8337151198	81544.01391632273	81602.97154805803	81670.72674556251	81742.26268234898	81812.30101963208	81864.66925963512	81900.51285230528	81901.81258815454	81863.48261032012	81760.38317238347	81584.17131366764	81315.41238898193	80933.88386585558	80417.18383905725	79737.50213551478	78865.90358599118	77770.5054119734	76421.11793479399	74763.56604134076	72758.01192002746	70350.33601718646	67476.1112795081	64061.05785523541	60025.18403028295	55279.47403591685	49751.57639376115	43483.99374152161	37012.021119948244	30833.177045159362	24641.468457446346	18315.72646316234	11749.80008761122	5047.702169281809	-1989.4956480573746	-9280.456414226122	-16917.08788178122	-24908.012199084304	-33287.58021114112	-42091.347067744704	-51365.2849794481	-61148.89740591109	-71516.15219932192	-82537.45871800011	-94313.8011843768	-106984.26362398085	-120750.63899982248	-135927.67298674432	-153094.59362287566	-173627.84824078614	-204867.56199567256	-224128.16990151737	-235888.85324715078	-247530.52549248424	-259170.98434456732	-270945.78109791246	-282638.31276445545	-294165.46742504777	-305910.4293241065	-317554.32129534974	-329538.8341875379	-341762.5285835911	-353398.55990393605	-365255.8822347054	-376839.33921426785	-388674.59537125484	-400282.08957088774	-412854.3314180577	-422685.222187993	-435966.1725869793	-447701.4048894991	-463318.9340810692	-470375.25738804636	-475911.75334337394	-494896.57432237547	-504899.67665686033	-522144.9239899971	-524351.3634501422	-543170.115137594	-551506.4143223336	-581001.2155308004	-576418.980616162	-582809.9069304792	-591299.4091160856	-604697.1599318965	-617293.2937662052	-639738.3325134465	-643818.7672806027	-662225.7737784311	-611750.7917280815	-640219.1015643089	-672628.9943241322	-670853.478986391	-688183.729170587	-692746.2518695527	-696436.7322248378	-702808.8405395199	-755411.4146509503	-761085.8424837737
84298.02437543654	84310.28522649623	84339.72784668807	84384.94285715572	84444.08624708041	84511.72008154023	84585.6958744349	84653.39638070684	84713.61234223493	84753.8669995484	84766.12201569797	84742.09708727623	84662.01673685294	84512.9774618735	84280.23404794623	83947.01599901286	83486.51933632203	82881.2835221221	82100.43665399394	81117.69344615191	79897.42885025867	78411.26517510481	76610.88578278982	74442.46971163445	71859.85157959221	68793.70661723847	65176.21134800726	60924.47641638445	55951.92157350946	50190.862947146874	43694.21052649815	37012.04088377906	30623.88638153483	24219.67777742073	17678.567769913992	10889.397565653722	3963.063629322598	-3288.323936387751	-10844.42513128632	-18735.502077663026	-26995.503162417444	-35658.86250852398	-44768.7749354119	-54364.25458384276	-64499.67340168901	-75254.100466412	-86705.03267427853	-98984.12392517862	-112217.9666868524	-126681.48112504443	-142769.52833062358	-161291.49904137736	-184569.7463300466	-217673.67830505033	-230033.63769421767	-241780.3860297576	-253538.86117104534	-265189.9239452281	-276999.11261010636	-288856.10078995535	-300610.32124019123	-312691.7928755579	-324339.7457948192	-336095.00940567	-348073.7769207342	-360003.72293506155	-371627.3298255475	-383535.35923936294	-396165.8523086001	-406656.21074580675	-419160.954079786	-430827.61715111486	-435898.28748911485	-462761.9879998349	-466846.94607475336	-479487.0206447111	-489439.12314502924	-502534.0858692437	-512570.55826150125	-525959.4460957231	-536483.9027023552	-546445.1010094006	-566633.0907736577	-569562.3807819908	-587953.5985503604	-592356.1370487027	-608509.6081058544	-613539.104949913	-611411.2532502321	-641035.1519183031	-647883.3184953663	-644712.7246788851	-704289.2749323981	-679359.7023859384	-685849.8661643054	-648817.8521036023	-714199.7115460265	-725433.7660794392	-698111.2172780829	-745734.4051579632	-728851.710324297
87213.92818841359	87225.9298575114	87254.9039150713	87298.89974459872	87358.33659812418	87425.89599875081	87498.22509556462	87569.42465367	87633.9568006809	87679.23810557174	87700.65509189328	87683.89004284871	87630.26677287652	87504.73068753234	87303.36036178179	87006.90878176736	86608.30501078875	86060.28419866005	85362.05559823575	84476.98828618487	83380.30975944156	82036.96501354675	80410.49656661536	78453.6519508794	76128.34629791611	73364.0464559982	70108.31356226467	66287.65614660806	61820.52518527	56621.335179746966	50628.51679564238	43904.1606714463	37011.967893378955	30414.231071653776	23797.640191133774	17039.332538165676	10026.258816718037	2873.8316043930245	-4618.542597690481	-12421.54345686044	-20571.906180077378	-29104.24704362781	-38056.54186179169	-47467.280991236155	-57399.51118611265	-67898.51217982563	-79050.41227951103	-90950.58164346509	-103748.41524848949	-117591.9487641316	-132820.42411297173	-149948.48620421352	-170150.95243553046	-198191.72754483757	-223801.42069089593	-235825.21221733646	-247648.57495690207	-259468.38207363852	-271214.3086545371	-283093.035102539	-294851.26651363156	-306800.6203861159	-318566.5255267145	-330654.1966944259	-342928.1160846476	-354538.3953682763	-366440.78420710587	-378508.7137050255	-390082.258375951	-402447.2188133235	-414083.1986674579	-425685.45390049106	-437129.0016575728	-448581.3730330676	-461265.1753214048	-473606.43496581685	-484062.41183347395	-495134.24332554475	-506179.71902481525	-518971.40409357473	-529216.2782970743	-543637.802708	-552188.2092851619	-572833.655774705	-575772.3470732649	-588603.8469762306	-595510.3069670928	-607321.3705950142	-631644.1874892426	-629718.463945469	-631731.7441915731	-645951.503405901	-655732.9041402932	-673631.5107515968	-691368.8766560525	-662821.8820613478	-709841.0361905139	-733922.7551295893	-699152.5849425213	-714871.8885470801	-787140.1349558115
90201.3122960541	90212.3858454939	90241.67659173429	90285.49004636088	90343.9327313331	90411.4215725364	90483.72908558452	90555.74411563535	90622.03273789742	90675.94782341493	90704.76805029047	90700.83625412342	90656.9977529934	90556.08965003846	90381.92020286404	90122.84262187025	89764.62645739311	89281.31458743295	88653.10962764302	87859.42947120889	86866.3379674482	85649.87305240112	84184.15626582279	82406.7390840645	80300.08454920608	77807.81231855514	74864.70631784189	71419.84067022271	67394.62451932265	62712.84587743459	57287.83406393681	51064.029879895796	44113.47718302725	37011.98910341156	30204.68352407025	23374.85931166011	16398.69148345923	9215.66506388344	1774.8243347141251	-5952.366419507802	-14005.607905485173	-22417.996432701184	-31227.01648806542	-40468.438078277046	-50198.56800387759	-60465.94448215177	-71349.3403554075	-82909.63870097474	-95278.47501570842	-108621.96388659325	-123121.64925404136	-139193.49687843776	-157528.57872027706	-179959.73942582466	-216039.37577008145	-229545.31411380784	-241520.56473612724	-253399.58798057452	-265353.2030557985	-277265.68007708044	-289027.80736054335	-301092.6841823674	-313366.0216920307	-325010.90688460565	-336995.3537325929	-349073.9991530973	-361031.1764847458	-372932.2421876999	-384676.7009698185	-397188.48747882945	-408502.9100970845	-421839.3549153985	-428524.80204836273	-444787.0606839956	-456703.9637333293	-461942.7488534502	-485459.2700268729	-493080.77901777945	-505272.9825369824	-514810.2291142659	-517844.05955759576	-543036.9164174697	-541581.1463358992	-557920.982413901	-576306.9639148132	-587308.2129709135	-596032.6258238094	-595771.7781176259	-606126.4287646483	-622875.1978680991	-650328.3534981	-643843.92755936	-651200.4305569225	-631199.0503731613	-670827.7314606319	-666518.0316429189	-692465.3817224163	-717000.7558200442	-747568.8868158543	-731990.3283427089	-626043.46202365
93257.81986731739	93269.98601772555	93298.06108820639	93341.2378318836	93399.50375746132	93465.45741648786	93538.23053425708	93612.95625567142	93680.30798615469	93737.25524246611	93772.83899071044	93777.67635241532	93742.46707329899	93669.99575072306	93518.87412640554	93291.9062615764	92972.97864307379	92544.28289910409	91979.70648545882	91265.93458062335	90366.40696729132	89266.00925812204	87926.05222922587	86337.11682316451	84405.98175693167	82151.27776720052	79481.58899720729	76365.04371314959	72727.9006538763	68500.08855582715	63601.5679098797	57951.512279478164	51497.29427523399	44322.00820319267	37012.00711693373	29994.213573805522	22950.79122692559	15752.372925889184	8344.132905949984	645.909464746248	-7293.51292846672	-15599.502635241282	-24273.078452735936	-33362.92084172685	-42907.56891373321	-52959.62474454602	-63578.311502209544	-74845.11076969985	-86833.62423866913	-99696.03982833769	-113614.34914791166	-128823.17082315274	-145836.94568944472	-165617.16246671168	-191351.16019123016	-222748.7338745052	-235153.96703351274	-247168.490262428	-259187.72862391206	-271241.1618476398	-283179.9719250773	-295256.3666208044	-307271.4674706795	-319195.4359675385	-331290.5830746582	-343693.6028318986	-355394.2901498041	-367350.1482407551	-379566.44732664386	-391142.3586310108	-404135.1852276626	-415243.21423568606	-427423.24409379595	-439265.2769326703	-450719.24150558223	-462951.72199948016	-474968.7859658423	-487548.14666156797	-497737.0765710034	-509369.1977935139	-520611.35643553943	-530827.6177868103	-531666.6903434701	-558500.9892090845	-563546.6605780971	-580558.0068468413	-583642.8071937519	-574110.242770188	-604232.2789094496	-597980.1466905554	-647185.9060526065	-654214.3625786991	-679037.6890382585	-643364.6599183943	-670873.615629058	-654069.4658347912	-707406.4030935057	-715507.6865106135	-732374.6937947791	-737468.5579127121	-742302.4521296133
96383.3591843069	96394.68411560924	96422.24235035898	96465.02734295907	96522.49007298995	96588.04050109733	96661.48898272088	96735.01424768538	96804.81886137204	96866.74547190481	96907.54043055154	96919.307036791	96901.44418172026	96847.31575378228	96713.80283615124	96519.34524610994	96233.75841314418	95846.49973063372	95342.9647443752	94694.67714398462	93885.22526520502	92887.33903410239	91669.39784281215	90208.16647312409	88511.89707915357	86417.07648578909	83992.92553963687	81162.6615303731	77861.53383964734	74031.92456066719	69599.84239297092	64486.19412950496	58612.024754328566	51928.85516039276	44530.067749321985	37012.02985488236	29784.1832897923	22526.505496128055	15092.37246455645	7473.65153033816	-429.40535729186377	-8637.366641622852	-17197.51254936459	-26144.26231930466	-35519.34432761441	-45370.07594773214	-55751.0861645425	-66728.53687268251	-78392.35150198567	-90825.96832476115	-104202.81714828637	-118735.45322085617	-134717.5663819525	-152798.15148487163	-174383.1576529368	-206552.44724847339	-228404.44706909193	-240656.84729035682	-252765.855102673	-264821.57224886294	-276961.4319126861	-289132.3046213397	-301148.1474974912	-313093.77170229255	-325096.7546639239	-337413.5885225236	-349816.0439380433	-361780.4542420631	-373648.7977921714	-385569.4695797743	-397827.71318573225	-409675.39707744366	-422597.5286587603	-434192.5894881212	-446569.3023818438	-457642.209143893	-469389.63623568986	-481628.5433805443	-492414.8850136582	-503632.4699055105	-515512.3906548552	-527319.4010209978	-538660.4777168314	-546376.4166475346	-571017.6081643074	-588626.3115126714	-588719.6200004716	-617128.9404421798	-585550.7481505848	-626324.8442626112	-639912.194750585	-627553.9345719585	-647688.1236963848	-644730.1046278033	-667047.7859368223	-679765.9974495963	-689656.1500514103	-684506.2912985684	-722578.9980272137	-697031.9550267338	-731331.3942555374
99574.66531441803	99585.37106842326	99612.92119203863	99654.6284621807	99711.77160404026	99775.94321274111	99848.58386926109	99923.33848305303	99994.26804708008	100059.2918062546	100106.15523108144	100124.51428458054	99917.97860306199	100056.18650923978	99969.00237952117	99795.1285165482	99546.93506189826	99198.4050016221	98742.13464511721	98159.04306228721	97423.65902391629	96513.92657658039	95411.51715559443	94100.12567539653	92483.60014106461	90629.56334317249	88417.94174464539	85804.63354599709	82834.78560066581	79323.80820656812	75331.4290193578	70695.63518829801	65367.849171068345	59269.79355516072	52358.596277330245	44737.833607998386	37012.03480435384	29574.00349395722	22101.515439754905	14445.327814291435	6600.137932318321	-1532.6765105337836	-9992.407949507498	-18810.694495353237	-28029.890448471793	-37694.927035387256	-47856.33810482902	-58573.61491598611	-69919.35709662508	-81984.64588924171	-94889.80545104349	-108808.12419502235	-123982.9803406144	-140827.03275383404	-160145.5515058588	-184130.4877313402	-220643.52270369502	-233840.21528186652	-246106.80509959237	-258253.97876334802	-270467.2935260955	-282599.4487778015	-294654.5787907739	-306915.19477947615	-319452.7323385754	-331456.5823409957	-343627.44176948274	-356057.2847057432	-367967.1183287848	-380072.7606190827	-391804.59285646916	-404984.02533867746	-416002.9703223136	-428796.6984295802	-440442.43066722085	-451938.2540730507	-464403.81525099947	-475088.1870596255	-489668.68612455775	-503523.8488682251	-512849.2457964642	-527135.7287073501	-536908.1941808868	-546041.3113440585	-557535.7841400115	-562295.1285530094	-577388.334575326	-592945.6144122696	-604109.8190522168	-613291.3666800343	-626262.3353171312	-634127.834384317	-638920.0211356791	-641319.8209386328	-654285.1393778173	-684159.7395071092	-704670.5046860481	-678521.8883975222	-703846.2073745555	-698032.7508837127	-706863.9208453961
102829.81147486414	102840.2965901012	102866.8788792562	102907.86950208113	102961.82742143329	103027.68698335884	103100.51847750673	103174.4665831778	103248.91361107925	103314.91179139132	103365.30770600704	103395.53492266964	103395.00208525296	103354.7013229584	103267.6358033506	103134.57997701081	102902.76269951591	102600.4108082506	102178.3370385713	101651.21061892845	100990.16051560384	100165.4592235689	99157.83761532765	97942.87520790007	96489.06082171341	94785.2420680463	92758.82540946867	90414.66290050655	87676.79396595963	84501.58596955595	80839.98539934802	76626.03035870497	71786.81440790131	66245.09042143892	59924.518231994356	52786.76669963653	44945.43059091765	37012.06170469153	29363.159904506	21676.55558463023	13796.545242231165	5723.599045949319	-2646.1268452416407	-11354.57462472032	-20433.770262170263	-29929.306426457246	-39888.83202573701	-50366.8699492623	-61428.18345015921	-73151.58635034866	-85640.39101901455	-99033.66267041526	-113520.08919339352	-129398.16157955602	-147183.89647063415	-167972.6651504139	-195558.00531838482	-226532.1838037068	-239171.0068332896	-251480.54850714398	-263732.898319052	-276054.9900628984	-288177.6753959424	-300504.72578636336	-312738.2792023038	-325085.31246147276	-337271.44824092725	-349930.0202660924	-362293.08464793547	-373874.817580216	-386138.15293282515	-398595.3456759754	-410004.911853419	-423314.27546075993	-434812.07774994173	-447221.4064199835	-458106.0452084914	-469954.58594733	-481974.7579207163	-493493.2366450555	-506586.97341869574	-515952.25735153945	-532056.5198177627	-538745.0945915619	-551132.8115443242	-563036.8173723614	-570543.3403390667	-576818.8966404462	-609326.5316002126	-609211.686958358	-626097.9585907912	-645460.7944270187	-635036.1787433053	-642891.5528031219	-670562.0547424428	-653286.3294793037	-677382.0278099087	-687269.9148824202	-694233.3591394775	-716443.0093986609	-698075.1440193403
106146.92443128233	106157.56496962486	106183.71273751283	106223.92248401919	106276.44197998208	106341.51132886583	106412.1062320252	106487.02532068596	106567.59742563599	106627.42254762317	106683.54587727835	106716.56483107744	106729.35047621507	106701.44683404049	106616.0193355013	106514.62750793516	106318.04643776029	106036.01161711314	105662.29251570953	105194.69584788725	104583.93814755257	103831.33678650847	102917.28696684161	101804.97211205907	100471.84038708359	98920.38978750887	97026.97125620465	94906.0508057145	92419.28437235791	89510.36235211522	86164.76178959775	82322.85622355988	77916.24923391786	72873.81416414856	67118.56346758432	60576.639098993764	53212.69209978642	45152.33115753374	37012.07701186149	29152.597550240433	21249.5026009875	13146.121460376773	4844.089181595715	-3766.4147594055103	-12723.835057572753	-22067.008833860775	-31842.538337475533	-42101.39771621325	-52902.208240229695	-64315.08909642804	-76427.74613912756	-89353.83954606764	-103253.57023656352	-118343.95870395932	-134984.05050380906	-153830.81504573236	-176434.35166580643	-211249.2451892803	-231876.1721637425	-244415.06948644345	-256824.6299972983	-269177.92881527124	-281479.1346317859	-293975.75847967813	-306152.8613050813	-318261.91213912127	-330653.64001793787	-342963.03380486794	-355826.6962944517	-368228.41950465576	-380030.59070120193	-392102.5722838382	-404842.4209827818	-416350.29589557834	-429238.41597488953	-440931.8055145836	-452443.48963832704	-465700.31178714824	-477917.06480087875	-489005.56442917895	-500964.671651569	-511286.9092482127	-523909.5573966879	-546495.8976392886	-553950.857354828	-562960.0926289726	-571778.9983654309	-576589.6877624872	-603459.8722114561	-584009.7459086843	-628824.108106474	-620884.4668246672	-647405.8261281379	-657986.4763676891	-653860.3484772303	-689656.0197650113	-678012.7376957772	-666216.1754764022	-700323.2727218898	-717139.2816877632	-707080.8013666769
109524.48797864828	109534.78815883532	109560.56791565797	109599.00261653337	109651.40636338264	109717.39855955224	109786.97814337892	109859.98693462845	109937.65201497922	110011.49689573771	110084.47122925316	110105.28753798897	110119.06261988415	110103.43927435501	110038.41934129887	109944.64470157921	109836.84695050179	109529.90156009368	109203.90224972364	108761.0342550191	108195.12729522854	107501.09947678866	106682.63194102969	105681.43201793241	104449.55439590057	103067.25077312763	101328.14878605044	99400.54044380353	97058.15977927396	94412.05990753838	91347.3114292809	87828.45931937094	83800.23059025197	79201.35575658333	73956.18135069794	67988.23318200151	61225.76847567002	53637.93907118155	45358.79070548859	37012.09901326313	28941.884895144467	20818.73162213061	12494.08019301889	3968.2789068965067	-4889.819053987972	-14100.08856162391	-23710.39911744208	-33769.75178082241	-44332.78069774373	-55462.65475791745	-67235.83900855712	-79748.79299989551	-93134.01435071591	-107560.01168249291	-123290.28788745016	-140605.23427216927	-160820.67088059918	-185805.04399357457	-223551.94732850578	-237052.70338527267	-249595.71384260655	-262032.01414188006	-274580.6123176144	-286913.652783241	-299214.9322328648	-311655.388182826	-324072.97643353767	-336541.4050707138	-348758.05303059914	-361404.19270814356	-373870.49461460003	-386090.1277509568	-398994.65098389646	-409984.0803086721	-423527.8991200871	-435070.19719233346	-447448.3861699502	-457922.307235274	-470173.64318206895	-482422.4163185395	-494194.60900367645	-507346.07186346664	-518124.5597330539	-529136.4741590734	-541796.9822122954	-552377.8715643194	-545426.5860801958	-580347.727909833	-595631.1313364841	-593031.3997238441	-605466.120247346	-625162.1002639104	-639774.3587384475	-631664.7049004398	-666920.0247977579	-665635.2098336293	-664065.8997059629	-697308.1591930976	-638066.7693420855	-702974.3466564583	-711635.6256750395
112960.2151635291	112969.79207419694	112994.98291848885	113034.5148354556	113085.5642621739	113148.80329826736	113223.83110381666	113297.0152982831	113368.43517572933	113438.50699491656	113496.95232553006	113546.44657716539	113568.01261633693	113557.46608109222	113512.3559267334	113404.09881972586	113272.29610838939	113066.7715720337	112764.18805399968	112351.23192395782	111867.7941250811	111228.868502483	110474.15774258363	109527.49095662002	108433.30240989948	107124.02920031373	105569.56247957406	103766.2866298238	101635.31942506865	99193.00199185126	96389.23577647723	93167.31479820656	89478.9191993372	85272.4850433988	80481.37401761749	75033.70986165706	68853.27014929312	61872.223740665824	54061.58390085891	45565.08323103751	37012.121624051535	28726.720349192212	20385.757248904876	11860.755523635715	3083.4097069215786	-6018.810260123311	-15484.38673399904	-25364.613829934096	-35711.55772388715	-46583.52069316787	-58048.89863788875	-70191.12263616224	-83116.42540474923	-96974.2388266632	-111953.75300620197	-128369.44930236843	-146754.48275107253	-168234.24635010422	-196677.57799916127	-229142.4233246715	-242125.6307876056	-254736.4768286686	-267272.28912040545	-279801.53182509803	-292438.673499199	-304836.3197632814	-317537.03492937423	-329962.3780054897	-342382.06574158475	-354409.6225593325	-366997.37194593064	-379511.25602572446	-392259.0691313145	-404094.1328604104	-416497.9754363891	-428774.18371938757	-440865.6823380334	-452872.30646385154	-465373.23933718854	-478010.7373107289	-489474.8256238774	-500515.39461551653	-514573.59833772294	-529655.894616334	-533866.8591451677	-546688.4917303264	-558896.7885476535	-567306.1628885018	-573771.7748547706	-592508.2640360204	-601977.7489929582	-618777.5880315232	-618295.9080347249	-640620.4520312285	-648390.682441483	-657239.5263296702	-670021.5850782295	-659290.3594889742	-694772.787725316	-644638.6107478935	-707958.7343473082
116452.14909402735	116461.77602886979	116486.0437947193	116524.2612776034	116575.72415566526	116647.1713089443	116713.1296240539	116783.73728735471	116857.07226849359	116928.82092119241	116979.61945109663	117034.61487061915	117061.20089217182	117076.01041119278	117034.38111604739	116951.92074299284	116822.67390202923	116653.70000076212	116379.63784459955	116052.28905497288	115593.57846614186	114974.2654063653	114349.33483233926	113429.58490623231	112403.28124769407	111194.43664265511	109757.47830160463	108035.00908339466	106233.07222702884	103907.98822124753	101335.01423675055	98370.80016745525	94987.51874516593	91124.71638964495	86739.40469772767	81756.02284563513	76106.90113796812	69715.89362052386	62515.51923987514	54483.50967142818	45770.75748704106	37012.13957509323	28521.23711110541	19963.7541975418	11185.260188630142	2195.665316597384	-7151.885073776968	-16875.18516806382	-27028.557310967677	-37667.20385293418	-48853.69388358045	-60661.24708426863	-73181.72518192173	-86538.00534911777	-100881.90405276978	-116444.43215029882	-133574.40454545035	-152995.4575308315	-176193.80282599136	-210993.26410040996	-234242.2300509001	-247130.4429190864	-259770.59505704202	-272383.46802648867	-285035.36742118164	-297482.4748646626	-310178.40369786136	-322950.08860084886	-335300.9625054882	-347875.019065637	-360017.91504114645	-372755.1092233516	-385453.37952627975	-398090.6779149159	-409769.56007562927	-422862.02375934663	-434679.5821142941	-447137.09038791957	-458619.51382239227	-469758.4729578605	-482456.3751248325	-494644.71914280276	-506912.0162353398	-519310.7189365157	-530197.6004862147	-543625.4437893758	-555374.6110617552	-563218.2781810471	-579681.7658004505	-594325.9445921907	-595664.6206173559	-608985.856908807	-622546.2574105221	-626081.9462267156	-633428.9333543141	-667955.0157513438	-669961.341220922	-672555.262989069	-689252.4451370902	-698201.6985545052	-723792.6453366809
119998.10958763695	120007.46470332594	120030.27337699436	120070.05810442817	120117.28567238501	120192.91451564746	120255.79549396408	120325.48094512138	120398.8610331685	120471.58186010289	120531.33110803901	120587.23683757646	120609.80711982198	120624.68683642588	120599.44589358976	120520.26589464617	120450.92494254792	120253.43685156509	120020.0351481619	119707.8137400574	119270.6653519212	118774.12236964499	118086.12349265185	117309.820103343	116409.62170882855	115278.41995439288	114012.42347078439	112495.6066999145	110689.78423787805	108606.13458182401	106184.00118733337	103458.59626961127	100344.71428479214	96801.20251116654	92769.78721297608	88199.16405490757	83024.71520437684	77175.190017043	70574.22954445094	63156.51783423673	54903.87903943306	45976.73109749853	37012.16292881066	28310.242952557106	19534.299102032266	10528.460663770908	1305.03115013364	-8289.770305071317	-18273.206608363515	-28702.869451319944	-39637.36174896921	-51143.021554617386	-63300.646878867236	-76208.91011738036	-90005.29009375526	-104859.68237454868	-121039.66056103751	-138982.937405192	-159526.5012462138	-184901.97590330476	-224951.58183547927	-239178.82365515255	-252057.2304075433	-264813.3799020383	-277512.54250797594	-290242.10708606313	-303010.6057756052	-315617.8151213806	-328155.90014749253	-340838.92308033013	-353479.7331929443	-365713.6380106723	-378557.67620049475	-391203.08957051515	-402994.01993152057	-416641.0669772998	-429044.96403819975	-440505.2178555981	-452272.5222775071	-465208.22085308615	-476394.45453288825	-490467.9393289593	-500388.1161692094	-514693.4375883085	-525912.4709628655	-530675.8175305804	-552874.8674168083	-557431.476887022	-572909.2223263243	-579045.2234384839	-589864.4277504173	-609850.9570129287	-619450.8162043241	-623382.8066285726	-640284.7602125864	-645791.5658638297	-643496.8760519671	-671219.4866710688	-683711.3933776496	-689853.2506902197	-701339.6694792184
123596.12876862002	123605.88634022907	123626.77535226522	123665.38888613228	123713.64239795442	123790.41010792271	123848.7127154672	123917.57827763347	123989.96902757895	124065.8990168235	124122.83290510566	124192.43102285906	124017.89179274131	124213.34244964184	124212.44322664244	124207.28383126791	124010.42965712759	123877.8547515219	123708.56035631942	123467.91383654281	123028.84901915689	122612.92792349617	121993.72994363419	121231.06275445988	120405.02669835108	119419.9814914299	118143.57246908156	116770.32367536481	115129.18016222585	113217.89267713335	111032.33192775343	108448.58035810365	105570.07719719008	102311.12835142523	98607.87561916118	94404.4634615882	89654.73971189593	84289.37751575408	78237.28861377214	71428.95362895631	63794.890334219905	55323.15109239481	46182.32743763673	37012.18690036176	28098.932758440933	19104.011932832596	9870.213339893497	411.60118773262366	-9432.434803066106	-19678.459168003465	-30387.620362858142	-41620.88320387143	-53452.48396256994	-65966.90122720844	-79273.01252522873	-93526.57749020602	-108912.10538097682	-125721.53723095074	-144549.8426239092	-166407.45232235728	-194753.64364978237	-230570.96579677216	-244014.09767018305	-256949.71335269636	-269784.7350422818	-282633.82543704973	-295263.4927194929	-308108.54932879796	-320663.72430932976	-333413.0141885291	-346108.07927123446	-359316.45432803954	-371418.81636429986	-384005.5103820255	-396311.3876713862	-409092.2197014559	-421381.35975196265	-434029.0833074094	-446200.1835157819	-458475.54836826795	-469308.8895414915	-480727.0788460066	-494348.36092436744	-507198.16546568775	-518299.9446580126	-530621.8959746766	-543587.9015508066	-554320.4221593975	-564801.086740301	-576939.301997291	-598436.4333969805	-596388.9839951703	-612210.7837814683	-609087.9306444955	-630156.0358741578	-639557.7224166697	-652181.6315518086	-670189.1606578733	-674690.5069613504	-682877.1091048537	-696114.5761011933
127244.22998574551	127252.79074360064	127275.91503531043	127312.24570416374	127357.79378047385	127416.22429827356	127494.88571341353	127562.73215825029	127631.6677035024	127701.52881028608	127767.87183946354	127803.72913722173	127849.05937902676	127888.29366038757	127880.04951817557	127837.74718540607	127767.78333685017	127652.4782495086	127446.76142765093	127148.37573385623	126834.72951850173	126409.62996295156	125863.55700549413	125221.77638546811	124362.22446184215	123467.26039281074	122325.34739077289	120977.27345008779	119600.81187855738	117781.39528730465	115667.58593386412	113377.04197912218	110699.77494594094	107696.7911770728	104281.4757253674	100408.57848139797	96033.03656825388	91103.08820188037	85547.53444383419	79295.090274168	72279.75904549158	64431.598514187994	55741.150411069044	46387.40746993935	37012.21149864982	27887.58004517507	18670.172677093855	9210.389321874216	-484.77550298330607	-10579.964870255528	-21089.420660680713	-32081.392201897193	-43620.38391397326	-55782.70105920371	-68661.88560941792	-82385.24924573202	-97101.5518181332	-113043.39027127133	-130570.65975014903	-150320.2098433678	-173721.25236991886	-206755.74824685103	-235496.82339034523	-248780.5625823781	-261764.8499519946	-274652.10884517827	-287590.5935840085	-300430.9111897765	-313341.20541905623	-325849.26377754845	-338875.6855159132	-351434.6541323224	-364724.9760624382	-376901.9192129637	-389342.8396095543	-401913.566871049	-415056.8656284534	-426890.02669341466	-439667.9684305182	-451567.39712762367	-464124.97089910106	-476560.07709415234	-488550.05226457526	-500052.132795659	-512605.42336789763	-523732.92523475975	-535265.7764080553	-546452.7776681939	-558252.7174661977	-578449.7883920016	-579199.9044627716	-594458.4996411707	-605922.8081074076	-620374.8352207007	-636106.9517850529	-632235.2864546658	-661470.4802943601	-656129.2582799591	-678667.5361719088	-669387.4018140557	-698052.1362289769
130939.90103327943	130948.4006052353	130969.85507972541	131005.67187449336	131053.26603065996	131109.07481829933	131163.45007872605	131251.32176698715	131321.20882265814	131390.1890236515	131462.10592078438	131517.14486197947	131541.29323364666	131588.97266549617	131580.26622117133	131575.9808148407	131491.5984537133	131369.33093243724	131199.50013674842	130923.06048704594	130638.80657383363	130275.72943640227	129752.51136738592	129153.0904480585	128403.2982374818	127550.93205302444	126498.70761729541	125306.33993278944	123828.47859931085	122268.96757087475	120200.53305171494	118195.79933987604	115735.89194406976	112980.82482387737	109805.2696973632	106232.78643060499	102194.80455586751	97656.86918109853	92545.64842393278	86800.56950946382	80352.57534100051	73127.16720833915	65064.69195623667	56155.17842931952	46593.07309441391	37012.2367325715	27676.109657387715	18238.34263374476	8549.664805132343	-1384.015888152935	-11730.378009515058	-22509.049040057842	-33787.1885736768	-45634.78790381458	-58133.90333170016	-71383.64396110138	-85530.83926017229	-100733.85787755762	-117234.62061261122	-135527.4631735253	-156323.41121484572	-181597.74479164445	-223382.3026149593	-240221.7241111876	-253495.78926231072	-266529.3653742247	-279563.27675491676	-292589.56813440775	-305513.6765022427	-318219.75133065326	-331072.759964386	-344110.8831750348	-356585.56032393535	-369678.70980377495	-382395.1791645125	-394855.4087084874	-408570.91070790053	-419783.4731892373	-433092.7479712831	-445052.29150666366	-458406.96602983715	-469802.5833664499	-482037.231056854	-494222.87956959393	-506449.98184979067	-519427.6229719819	-532049.3325915444	-543335.2884563337	-554649.2871334193	-565908.9334399195	-577289.9130069693	-583448.002960793	-595798.3021641233	-609061.5234712991	-624413.5112460378	-634187.3644603613	-655209.3485905797	-651823.2143554037	-664596.6540437412	-680460.3625355002	-687026.8435732239
134681.1097456414	134689.164351055	134710.11805324836	134744.79432963912	134794.65015381784	134847.12668580748	134905.7615268071	134992.33937599958	135056.93230130104	135127.6451580532	135195.17583378323	135246.1537455265	135306.6360400798	135328.7347516133	135085.4416692226	135066.87070439497	135266.1651349419	135149.00574082194	134996.1837474324	134679.13486535897	134547.2302941893	134097.1510512735	133728.8793890879	133151.77909401976	132446.363491493	131567.96113484848	130616.18596212356	129552.19794570206	128303.87580226743	126649.34677441971	125017.8994278569	123036.63794455217	120767.54364334999	118166.6917495295	115209.92648157664	111905.89008872674	108179.59920700465	103988.60616610275	99272.9918999424	93981.2943085449	88047.83620063888	81401.81662632423	73970.80950780155	65695.65161250308	56573.352605908934	46797.55853937176	37012.25257887543	27464.485605423106	17805.57902265669	7921.210234062746	-2290.746892191819	-12887.225860408973	-23936.09058599727	-35503.61583152972	-47664.2861500697	-60503.71516818507	-74138.81098457875	-88719.60026144938	-104425.42898762881	-121563.02710325988	-140628.83254923683	-162598.49099433864	-190258.33537503827	-230659.30080692182	-244843.1429768591	-258131.41825811894	-271282.9144068158	-284415.98633343354	-297325.68856359227	-310446.8260202736	-323238.2430193297	-336383.8931240337	-349572.4734692831	-361844.2934675766	-374891.9967564484	-388011.4576990991	-401277.5241210438	-412666.9935384004	-426076.8722940958	-438288.71384900645	-450692.92451373267	-462648.92144225986	-475040.9538691881	-487228.0948056272	-499316.4749805926	-511531.9893849195	-523407.78124074184	-535954.1876717296	-547802.2512495143	-557537.4466235933	-573520.5933030162	-573674.2082303029	-603104.5559111912	-598004.3356742694	-625666.2775309668	-634484.2330499092	-635362.3780447989	-651018.8886296824	-654720.1099944364	-670334.2291491452	-683372.9837233843
138465.72625130333	138474.1055236847	138493.12162525125	138527.92610457243	138575.53391587755	138628.77364170994	138690.5082217346	138753.82273612125	138837.08189340198	138901.30531961098	138974.5952195247	139038.80423580273	139071.83606374965	139123.56503441412	139141.76573499996	139129.37128031114	139060.38758859926	138984.5086202184	138752.529387336	138735.84339530312	138359.7302358244	137808.01343159223	137654.44998641094	137108.78632141932	136590.88391338958	135694.89008196094	134827.95112761052	133834.75672496797	132705.0032433468	131169.60807276354	129782.7976363693	127758.29899667381	125731.49750615499	123278.23737221834	120484.06145298755	117436.42731219367	113990.30413416296	110116.3621508485	105766.13411612558	100881.16391869728	95411.46758358838	89290.5077549695	82447.19634251733	74810.78702173795	66323.05410595491	56988.04992983918	47001.780711119645	37012.27852543825	27252.711896091525	17364.644377423363	7260.581808234856	-3196.67905111477	-14050.289689775615	-25370.304337189154	-37230.76550379439	-49706.18512689261	-62900.205108089984	-76922.843503513	-91934.355657775	-108156.73316647093	-125965.43343186019	-145889.8673221459	-169197.97856075503	-200145.66969223093	-235583.08746869568	-249381.6880858115	-262710.3737529423	-275993.7399115453	-289137.1224983749	-302229.2539718742	-315406.9256278202	-328260.7565872872	-341434.51208048535	-354754.6611982384	-367369.7558206278	-380294.70268086565	-393306.2223839327	-405432.7779021036	-418592.6698847541	-431378.2153485838	-443910.8504620866	-456812.12608863245	-469860.6696283567	-481528.88167135254	-493940.6560491211	-506173.67733302386	-517502.4891493789	-529128.8811885286	-542946.9466996321	-552746.3613826263	-563150.8293778617	-575081.0083178313	-589590.351371139	-598442.5832563606	-603805.6815089526	-621908.7145542124	-594677.3891213017	-642129.7666340536	-665863.7542299625	-659051.2605615482	-678218.5201520186
142291.39050689025	142299.28578447856	142319.8638612761	142351.76632650147	142398.67314723643	142446.79291170114	142514.75764200283	142576.82426594978	142645.2989103635	142728.08826631925	142795.43192809983	142826.93235689466	142847.9849124087	142936.9402928682	142963.33403164963	142927.08477889517	142854.99972366742	142830.97789474757	142691.38587936296	142541.52699138148	142256.79605194816	141670.04988869833	141575.48933393462	141205.7172626666	140619.47331494978	139859.50478590786	138976.69119048197	138047.02068645734	136878.33256250285	135317.14527224234	134178.04410107702	132667.46398376743	130588.84110129628	128302.7573506328	125694.29863196623	122896.19265977712	119643.79224762105	116076.97693485819	112063.1117664696	107536.57140603982	102483.9315354728	96834.39935618613	90526.15399316861	83488.29035919625	75647.63452591561	66949.3852538247	57400.84157517602	47204.801128979656	37012.305128797394	27035.05090089154	16930.362357899372	6595.668351871485	-4105.502012870333	-15216.923001560906	-26814.581310133508	-38965.44595107404	-51770.038123732025	-65316.59578309086	-79738.24219832101	-95207.98695355815	-112002.84496625837	-130470.07377941319	-151330.26880634637	-176196.83272925921	-212446.96045180186	-240163.71817608402	-253852.90356861573	-267251.257214854	-280601.5969505684	-293811.5380581037	-307150.8808034074	-320076.7381162221	-333260.02598284394	-346575.45382537774	-359439.6312992555	-372820.2366815879	-385438.7686117183	-397875.9954837121	-410908.5201218167	-423922.5261885976	-436472.26083982555	-449659.11631241394	-460978.8483515459	-473313.27566593117	-485608.3577620605	-497987.17840777885	-510057.41708495305	-523301.79555005825	-534824.6604636919	-547006.8742513913	-556977.6529226619	-573420.7965999468	-581661.6226990479	-588059.1281858067	-599343.2907676814	-616816.8445620838	-628812.9904791056	-639231.3197932142	-649895.0442770751	-661995.1716254834	-666173.2245580113
146156.18650216475	146163.7281835941	146184.85592014674	146214.76862591266	146256.54849613673	146309.37947704678	146370.9225756939	146401.68679117362	146504.21138367226	146568.90050481271	146633.1381996175	146696.45112459245	146769.15710717873	146881.200590402	146825.03324079656	146811.99591856392	146777.21564722233	146713.52335270465	146701.88140549551	146496.14590427445	146255.21483933929	145863.47971831675	145653.36081788107	145431.52694724628	144647.01720317584	144000.44723832374	143233.47183277886	142357.6997175132	141230.03672640826	140253.6790509608	138730.12694586653	137096.60713253956	135332.96298104862	133110.8407725307	130880.5535187516	128243.8995786222	125254.27170799125	121896.91783143557	118138.22880330213	113967.14515714298	109300.63623868639	104077.45027668902	98250.80173000251	91755.55521278866	84522.78395328776	76480.47065891777	67573.02463247778	57812.956142717565	47408.686147804634	37012.33239829019	26822.28714242269	16506.321961945476	5929.828078421211	-5017.252890984848	-16385.348105407524	-28260.9088031633	-40722.418149943405	-53846.17129567504	-67755.6547024826	-82585.94044851522	-98528.35001225017	-115895.8790737108	-135086.9065842771	-156974.30757161486	-183707.84033385728	-228000.93827351707	-244584.82194544174	-258288.5566828059	-271769.33073246235	-285128.4221739344	-298605.0585268871	-311798.7153438041	-324853.3481714832	-338309.9411183775	-351589.0999656698	-364151.94261589064	-377723.9129816354	-390407.5375596893	-403309.80823479255	-416497.8332171829	-428633.28362278535	-441781.7420095302	-454257.2298199795	-467812.15881821257	-480905.97083744116	-493300.7394199287	-505612.85113889363	-515239.3725312978	-527759.0344785749	-540496.2829967637	-552802.4386040589	-561161.1356228339	-575572.2381903281	-586699.692677234	-597111.249932088	-605141.0025499831	-623674.780338038	-647885.1754807682	-642422.7950320941	-653705.2754055975	-670298.6502698811
150054.47033957703	150065.39782845214	150083.4052218539	150114.56391209346	150156.13131595726	150199.49648565997	150272.5138596518	150329.51898314586	150403.2767645292	150469.41322120355	150642.69917489696	150590.5347538412	150648.75291523995	150690.76303532856	150695.06296921673	150926.90053152133	150721.21392675416	150589.27767695696	150786.60945904072	150420.80228875804	150173.8412244358	149849.65822566597	149381.30681289494	149241.30541223194	148768.91927606455	147927.98085553426	147450.57459093095	146580.75428566488	145543.13992789562	144386.49748300313	143283.46893965092	141770.6442748806	140211.15958379704	138313.7959694154	135941.9355102087	133495.6243265451	130695.34686570262	127601.41150714946	124118.11854885373	120236.74180963184	115892.6023774065	111055.72435831977	105665.45220522664	99661.47156636667	92980.90789280579	85552.91784811992	77309.97778436198	68195.8211958851	58223.68881136214	47612.73221775831	37012.39329135619	26609.541637178714	16071.263886740926	5262.406477752782	-5928.948613960587	-17561.596042948397	-29721.723687678576	-42483.66643313281	-55938.9701551036	-70217.89139403588	-85466.94941170308	-101924.3986085214	-119863.38936646694	-139825.72169158107	-162853.80178530485	-191914.96057889474	-234249.03531100354	-248923.46520932572	-262658.432450623	-276229.99471907225	-289711.79687070503	-303030.17008879886	-316540.8602902952	-329612.20714172465	-343079.04066493537	-356710.48629570205	-369238.5009146471	-382502.31431886373	-395968.6496533215	-408868.5123694068	-420957.7317158552	-434261.185014616	-446781.62719100044	-459720.0137102852	-471535.0037681592	-484343.24778491387	-496862.95290698414	-508703.053687818	-521491.8550684439	-533473.7532355469	-545129.1550832085	-555141.7021014643	-570698.7576058067	-585870.8993366252	-594669.6253879179	-602390.5370493197	-613782.6906785072	-624930.0700047975	-638913.905224595	-642830.1867596408	-677654.4323528741
153993.3042356283	154000.57101484475	154019.04125732635	154047.32892670168	154093.57757248852	154139.88386985275	154189.27370563563	154261.93699938455	154327.36757897242	154412.98686540016	154453.44501835643	154525.48615543888	154567.02651490652	154632.6105727399	154703.08252723655	154664.2927905357	154602.23510296195	154625.6962203235	154505.4646383906	154487.17033780197	154231.07406498128	153922.4264068521	153456.35654645634	153267.53816014907	152685.21914392695	152410.295884646	151677.97339808842	150966.7907803387	149656.67673294927	148861.1309253318	147771.29061324458	146100.90050125791	145943.5080981106	142848.17408760427	141110.91611660598	138597.11861985136	136085.92008113838	133151.23551958447	129964.81088326612	126232.84535836091	122286.10465295258	117798.1105128181	112802.64462786831	107243.94314581511	101065.3815992187	94200.96889911732	86579.55848007405	78136.06507161987	68815.20962226298	58633.27964121668	47816.375303246896	37012.42510831548	26396.640974659065	15635.542897466948	4595.831202346191	-6849.598925125669	-18746.70196268658	-31186.65971664322	-44256.24116997456	-58048.4677307824	-72703.8724404277	-88382.11515885481	-105349.04291581093	-123909.32102725022	-144697.99598201498	-169004.4357577915	-201167.33349276258	-238883.6240752757	-253192.19480933933	-266973.30748601793	-280666.60264368355	-294200.3932607106	-307626.95863030443	-321142.4818537878	-334345.7975285831	-347978.1684583418	-361208.83948445605	-374493.6059089381	-387390.4510627662	-400561.3980862878	-412997.4771941173	-427158.9428085929	-439184.20101726276	-451890.95041160745	-464829.48437047575	-477311.9014113172	-489979.69546992285	-501538.7475426491	-515087.7604372091	-526575.4760984773	-536458.4059104733	-550475.0433182194	-561624.3125969751	-576556.3257491814	-585950.9653751015	-595237.8723073173	-610641.74851862	-618981.7378638362	-634624.2744287221	-641697.9882716875	-650708.2697494864
157961.23757782503	157968.30106558808	157985.54595844768	158014.1018375654	158064.21766345296	158096.25805437274	158155.30332384142	158224.1388937722	158293.16735685052	158349.9669928279	158413.4868981155	158501.7444159525	158579.53668329082	158596.80844102384	158694.66908736294	158633.2611510582	158630.37115302047	158571.77946435203	158521.40356892277	158434.07130944816	157934.74669146625	158043.2385917097	157900.02526079604	157420.37254044806	156953.50546945463	156459.918721457	155843.32835123801	155128.05114354828	154666.1663696536	153241.08412183577	152081.81859837158	150920.7641828085	149490.18490753803	147850.2326217863	146035.4649784044	143856.81056906335	141369.4182626144	138588.04624848173	135622.95710281338	132242.22938063985	128508.25610900501	124363.43894058201	119697.37980083338	114539.57948517468	108817.83161683817	102462.33782392734	95412.1868239814	87601.79361032788	78958.76185530808	69431.96727903833	59041.94095654201	48019.439023934276	37012.457638728636	26183.731290187483	15197.491364884801	3925.689882342005	-7770.451834515145	-19933.300709765987	-32659.35965853819	-46040.449436225346	-60174.48081396398	-75214.15252900825	-91332.91008656635	-108826.66189260028	-128040.03781651275	-149718.20235071733	-175485.66804849336	-212296.0047532067	-243198.468529926	-257413.11822305305	-271267.6616968791	-284927.2083770914	-298553.8243662915	-312249.2690606925	-325645.6272411952	-339118.61358902685	-352867.14592960046	-365598.06483341334	-379339.172992487	-392170.936551564	-405069.6908581449	-419387.07533123135	-431304.15869075916	-444552.5716848434	-457619.7976046592	-470524.92332449276	-482458.9264288625	-494967.9942736521	-507123.1225806335	-519339.2483780681	-533149.4037187579	-532287.5676163	-559832.8769686284	-566023.5870174945	-578428.4264677808	-594705.9550163386	-601470.533857862	-614164.5608809122	-625309.3084243423	-635124.9380537056	-640639.4591862167
161958.9259798254	161965.59429632904	161983.48607261688	162009.15329506894	162047.15546576632	162102.04340887247	162147.6379341535	162206.4671977702	162236.87679222116	162334.76796964713	162432.92751594438	162453.79181754804	162545.138969116	162566.9167560478	162633.8975080575	162641.56939452793	162614.31421261927	162475.42145215895	162536.2971740646	162475.69083327008	162220.37596712424	161784.2321345195	161758.22541741838	161577.69828169246	160739.0061266379	160586.68454539374	160021.0794840157	159555.23593375288	159746.19551313735	157821.2527363656	156624.63059245516	155683.66433923237	151978.749799571	154038.095210138	150759.8792596974	148798.87710248816	146636.14275143528	144054.93359368874	141169.85301941412	138097.1357390056	134578.23726442456	130670.94926607393	126376.59128020954	121584.5914095031	116267.8939033265	110378.62201925318	103851.75479859137	96621.54315317445	88618.17724709597	79778.02900966164	70046.86598933474	59449.78560636894	48222.250226505275	37012.44604735484	25970.446435985534	14762.998232797749	3239.658523894701	-8694.03121141257	-21124.95812739755	-34140.22127909248	-47836.358402386715	-62317.293422380404	-77749.3585640886	-94350.16606103365	-112360.37601032635	-132263.8284059524	-154903.3196198648	-182375.12223049888	-227541.9176393023	-247373.22679956147	-261561.7897150156	-275489.21331110655	-289343.21240007697	-303011.4302555899	-316688.11997219647	-330211.8776567824	-343814.53530454263	-357582.8271300023	-370466.1134917773	-383948.72890883056	-397327.072819344	-411219.3003997033	-422977.1473332681	-436211.7029450708	-449487.1103876565	-461713.0126283583	-474224.51501343143	-486739.71192113194	-499696.9621639956	-512355.3304193221	-525533.546033202	-535997.2412893604	-553373.9468966805	-560226.3359370347	-572547.0647527946	-583314.759329963	-595677.4355593225	-608275.0338804941	-616070.5428900701	-634079.6538305265	-640221.021080495
165983.9970871795	165990.70775865222	166008.1802912926	166035.19715890172	166074.79015212704	166122.66151232808	166172.05254661216	166234.28123537425	166280.07338257035	166372.98014978337	166433.61652350525	166539.07386134204	166547.47179157767	166586.17380564765	166632.86176881017	166660.4463371018	166677.49433430866	166693.6956941741	166712.58165813063	166748.57725212834	166266.55330352212	166124.61507140737	165594.33792482835	165685.83975027507	164788.98559971177	164903.9369888713	164430.5674825572	163840.50406746188	162999.10550566058	163633.24057413364	161055.40959974902	159975.02478147997	158502.82977447697	157312.44727664354	155614.41447789248	153910.08822176247	151683.82559684006	149489.2995762102	146760.09408980512	143693.75273184374	140560.70741980945	136904.26923680317	132872.48476683494	128425.31907094154	123455.5816099603	117993.39854400209	111936.31466230366	105233.59048642922	97821.2232505994	89631.92437584058	80594.30222987526	70659.81677960558	59856.157634280215	48424.677198884834	37012.493772752176	25757.42020507311	14324.276956278802	2564.9694725968293	-9620.596995015978	-22321.47715810762	-35628.73753829155	-49645.04266962648	-64477.79090901476	-80310.030087827	-97380.29089850074	-115957.6554608173	-136580.35089901608	-160274.13619219756	-189792.91022435628	-235815.06039898057	-251458.2393404916	-265676.17293304566	-279668.0128182948	-293563.39429501764	-307498.61891147523	-321069.6616763745	-334777.8173621452	-348327.6911140154	-361740.16436771664	-375597.4409691041	-388591.6880336992	-402139.3897107678	-414682.57839038374	-428424.1619882203	-441285.0324262958	-453825.6265234669	-467428.9299506196	-481209.3665021417	-494132.90614169213	-506318.39464733447	-517391.92363668844	-529820.0269637523	-546437.7413408707	-556912.339671941	-566341.3936206937	-576896.0641299647	-592318.7979505035	-599668.7600087831	-613129.1566896335	-622918.250562055	-634767.0348527718
170031.75472974006	170040.80163115403	170057.1428781531	170082.84964398172	170114.84252392643	170176.14753442182	170211.5254133217	170278.40445153404	170323.51249560437	170397.61760787998	170482.2110674527	170557.8428542948	170606.8929254827	170615.93044947868	170642.86776909372	170730.65674915578	170658.90554892228	170757.85864692228	170625.50164782716	170425.07133318856	170522.28696601902	170300.27759261033	169824.37044028536	169569.32915647532	169125.44288902025	169462.0955670634	168840.23110175412	167979.45984799817	167330.12255523	166406.31656808333	165668.99374611967	164645.2669352282	163176.16318186384	161721.2607580903	160599.2614545719	158588.8026611828	156609.7024327778	154596.73665875915	152197.56465939013	149565.17925850613	146520.99514590137	142932.9267503803	139200.52706043603	134988.3733471348	130414.31135635992	125336.76563707771	119708.81376246474	113491.89253456763	106613.41208052117	99021.02751809038	90640.86043275875	81407.2796763202	71270.68023726254	60261.845219052804	48627.241186151165	37012.52430762397	25543.9500396121	13885.903294000833	1888.7590453588928	-10550.165563708375	-23523.061133031762	-37125.24699143693	-51465.0437010632	-66655.88697722167	-82923.54463141665	-100453.46236177467	-119609.93473658204	-141004.1830715052	-165858.11157724363	-197940.6586104047	-240458.79735588556	-255474.72758620195	-269743.14288377913	-283860.0895416496	-297775.1977785498	-311724.62015904294	-325533.77018606896	-339229.8676850676	-352900.0994637535	-366175.2503998994	-380172.6445111808	-393130.1625259698	-406237.48667533294	-420570.1222301489	-433248.520040544	-446160.3989935034	-460116.6179965879	-471617.27446012484	-484094.3902704058	-496776.7054394408	-509150.4385773892	-522285.16233454243	-534531.7504036297	-546223.1771871264	-558298.7500851982	-568103.5191257226	-581010.3677016596	-594365.531343062	-609997.66021315	-616391.3561921424	-626601.0263373401
174107.30827488488	174113.06144398684	174129.81653043453	174157.75914158294	174198.43990439476	174235.34708267194	174290.30529024615	174347.6306516069	174395.11213818492	174492.6106003668	174518.6264527759	174577.32654873078	174656.75960041035	174706.3276072644	174680.17180876725	174787.95486047858	169323.07237038627	174747.29286778584	174706.8032353366	174633.7886471951	174639.71654641692	174413.00460968743	174228.96782038885	174331.1212445464	173789.9164120154	173246.71415490817	172797.07366245426	172419.1275992586	171511.05719598816	170744.4242971304	170072.71820642226	169369.55014916882	168233.81298274262	166778.24616693566	165483.0263854151	163543.91066833615	162143.34972847044	159590.78684962532	157309.4286597757	154895.39765853138	152080.28624187858	149018.71986271994	145318.17403702467	141501.2835204086	137150.24286404974	132437.77589974974	127184.58691336258	121410.43654866988	115031.91778421559	107982.63504274475	100211.93322823843	91643.90226512332	82217.08398584047	71879.5349767945	60666.35297356371	48829.56300928228	37012.55557893199	25330.42701276281	13446.938375835103	1211.0326315426792	-11482.652075720427	-24729.604899163445	-38629.70878905736	-53297.35632980536	-68852.04814995608	-85541.07302180809	-103561.74699723787	-123331.52366095006	-145543.08365255414	-171689.34482362523	-207204.10226226554	-244614.51480811287	-259432.80359447977	-273785.42673143867	-287869.93160189793	-301977.71807765897	-315936.1247821603	-329859.1802361141	-343571.5314368517	-357193.72015088686	-371171.78846414445	-384549.34977942606	-398241.1422210235	-412147.631197003	-424247.1202608363	-437682.2160657808	-451454.25075080537	-463289.74833471875	-476386.7336329932	-489208.15110726334	-501991.7756325598	-515515.0185324073	-527421.6312931768	-539459.0596875952	-551617.439932478	-564058.1975838548	-575168.2524394913	-582622.963625866	-597748.7291072576	-610145.4839986569	-621914.7854390295
178200.93405514146	178206.3808110202	178222.2879616015	178251.19087183522	178283.0430605408	178322.04537556344	178354.75892798256	178436.50434791693	178493.270410296	178554.67882681295	178666.50477261588	178675.77097076428	178729.9979088924	178760.45059265784	178764.8181405096	178882.9712207069	178881.23921293183	178869.99366121163	178686.46703018004	178857.10125914318	178602.1838570056	178395.0495308893	178309.89897764474	178272.13410945854	177984.49025361208	177500.34338803965	176999.49008550335	176791.96409672507	176012.22967771027	175365.35146035516	174351.52874734474	173684.14334355004	172542.08535431832	171249.7756813725	169639.23037435958	168748.6933079381	166828.83746839274	164925.66120799002	162699.85349787204	160405.99042882078	157605.1191430245	154743.36206099874	151270.20330724388	147772.05726942798	143804.39312667324	139337.21718776878	134428.3394834586	129043.18177931296	123107.90551268507	116560.8559734287	109346.27222335257	101398.86003734788	92646.17868782664	83023.45273668057	72486.46386800305	61070.10347865481	49032.007137275796	37012.5875958759	25116.819744003064	13007.330096780963	531.7093598850479	-12418.206793790625	-25941.322716912866	-40142.25186045456	-55141.682247850986	-71066.63356843965	-88190.7248283203	-106716.068898442	-127122.79079883883	-150207.30370875672	-177814.6223373171	-218558.4554126959	-248583.504940637	-263340.03271445865	-277745.813403114	-292022.3716943596	-306229.663129302	-320150.65201623645	-333998.98658143426	-347978.4211886105	-361506.3984187805	-375686.83809590095	-389048.943081616	-402526.40118272183	-415450.958273684	-429313.7267883846	-442543.1559720464	-455214.08405469835	-469807.8458635623	-482477.0859148613	-494903.25828864827	-507304.680311161	-519138.38943776186	-531853.3598204004	-544017.0834358716	-557623.8470884213	-569511.3743372625	-579357.6892694959	-594418.6892182872	-601852.8378779065	-614116.3815318934
182312.40173784608	182317.6273743742	182334.29648929863	182364.86129137545	182391.6687047661	182427.59936465285	182472.18222495832	182527.34722179416	182579.7155867623	182618.31237283372	182584.33776593115	182761.46806027877	182873.99209232174	182887.90524595487	182918.78578546096	182931.7478275969	182818.93307226303	183022.71389903332	182915.9975956406	182869.78066334332	182897.72625499946	182759.76623395545	182022.37547607336	182484.2832998527	182279.84092605696	181398.95648591785	181521.70300059376	180668.79889805338	180254.7273590358	179311.04046898527	178882.64889850657	178065.14982085093	178046.1522668055	175759.19986999288	174549.69209936657	173426.2465361469	171932.46006436623	169804.22079999858	167900.21746009088	165569.65417926526	163873.2986504368	160447.83831743983	157100.07720333803	153938.76055477117	150160.18598091148	146004.23547227008	141463.25576199905	136418.5482543625	130880.88347993526	124795.93356147519	118087.15372167551	110704.07270646439	102582.84371341346	93641.90904065146	83827.00798786545	73091.36984324339	61473.02705385574	49233.70030120187	37012.620367655094	24902.9259114897	12577.99996035581	-149.11197644661297	-13356.815366405091	-27158.160116775485	-41662.48191634368	-56998.75956765955	-73299.92533067013	-90861.84221555108	-109915.49212387521	-130988.16521975017	-155010.50785932757	-184298.09295002962	-233167.2971388915	-252445.36381503486	-267211.10207658214	-281684.814066918	-296002.8612153622	-310311.86388392246	-324454.0273056327	-338215.73902048654	-352250.4156237022	-366372.1587503293	-379773.6053861689	-393524.15462616883	-406747.23231484904	-421297.83901925525	-434046.4210715743	-447119.01405802235	-460859.6707483591	-472723.0252206074	-485515.7783233036	-498378.5495702028	-511086.6048514965	-524456.7113434981	-535971.1254318178	-548686.1144066445	-560735.2074542051	-573375.2369393876	-585990.686241704	-596312.1202018063	-608833.8300359162
186438.51601921208	186445.53382510642	186461.9092952205	186482.9475018142	186507.9249801739	186552.35431073597	186603.28750735853	186662.3091592746	186693.16966914292	186743.4898355497	186823.4235656605	186891.52897396177	186903.14251852516	187072.3981347129	187035.24447002064	186986.1792562964	187039.33811660198	187129.08571702655	186624.54781129485	187155.03571708262	187330.24724445608	186880.83450795294	186628.81312519702	186399.92105759567	186366.833393737	185787.28231417187	185925.7577328037	184172.7188553388	184649.51143891705	184825.61840930657	182845.62083803018	182363.9327221642	181579.8331630089	180878.48433214915	180130.58031077456	178246.13952608142	176923.72065208975	174602.06167840504	172924.90752558113	171222.97745311706	167980.36836547774	166985.9684922698	163207.22662147466	159858.7619928943	156396.66141115455	152374.86204806808	148281.62154767866	143590.6939187547	138398.76148826652	132707.8509231332	126472.7715588506	119608.32890296035	112054.41735073505	103770.54799108359	94633.57032303824	84627.48916579667	73694.46126935846	61875.131083269895	49435.56930677485	37012.65390343385	24689.065047881304	12133.329511237913	-831.4857032097934	-14298.360483453202	-28379.67094802874	-43191.42186447012	-58868.68057549422	-75587.37447054707	-93566.17486828461	-113162.05406687318	-134932.31261738949	-159968.10557643947	-191235.55078939957	-239930.59367144166	-256236.09806128126	-271026.62521080265	-285566.53163552826	-299986.6010378647	-314260.91466795246	-328654.3239289819	-342468.20005254936	-356594.6253925492	-370563.4881858495	-384224.8668944584	-398393.42781643616	-411965.9070662631	-424607.31403475266	-438310.20932373416	-452247.1171972165	-464326.61344264913	-477675.9947241269	-491219.61298730725	-504339.6528582161	-516932.93771823973	-528988.6674967775	-543024.246086341	-555540.9221362297	-565971.1967504877	-577272.069552514	-591126.2535509035	-600215.7474516142
190580.5845873352	190586.98583382677	190600.50952855614	190618.55741354867	190656.67744467998	190714.92052577715	190752.0103309016	190832.02012322872	190839.0302530612	190894.2815233681	190990.6656846298	191027.36321136012	191003.78514762435	191179.63446819482	191215.45776256447	191168.6888104931	191181.65271408742	191193.82644057972	191180.7421818404	191043.50676303892	191082.78080890933	191031.3847607025	191038.8455607844	190759.9296581524	191584.81252719404	189973.23770557257	190135.34542400477	189416.47739980128	188939.1997750383	187827.11130567465	187682.49909862966	186832.23712049524	186295.47872952343	185385.90222230926	184250.47880940535	182709.541800651	181525.27585290244	179902.19446789796	180300.33858733968	176167.56441249943	174125.9966498757	171605.98253813648	169314.11226581613	165863.3423434086	162497.83727780267	158934.76758869452	154901.83039789047	150525.9654682041	145676.55548804774	140361.80635088915	134541.91543751198	128143.41134858108	121116.73085195612	113397.28904170042	104927.60275317053	95621.13269141092	85425.31188325546	74295.83978525031	62276.612343188055	49636.95713990065	37012.68821230321	24474.88452403134	11692.406342774746	-1515.4594887941203	-15242.99477588429	-29606.799633156712	-44728.78650379513	-60728.44512018358	-77863.05330845133	-96301.3345534661	-116457.57327984477	-138961.42855264235	-165099.56699641078	-198778.5764781527	-244256.39646046166	-259965.25115196174	-274828.16490202607	-289474.7889301078	-303854.51943018753	-318270.5564061331	-332740.8482417861	-346707.3752691634	-361125.6275309685	-374421.01026027265	-388571.7376156937	-401966.27937866736	-415511.2986104705	-429822.0001213639	-442878.58888383803	-455861.04091608734	-470684.97122638754	-482978.5284888776	-495541.5174749263	-511122.6062531894	-520582.48496958683	-534195.5734588271	-544522.912844998	-557768.9979032836	-572881.2421257684	-581556.4436451105	-593421.0310017715
194732.09773618952	194739.3697495411	194750.58924140295	194807.67899936426	194807.2605259242	194833.46427618602	194879.3496697326	194921.43056937636	194996.24941207602	195086.04645524765	195168.91112939938	195013.46426723237	195241.50129315013	195345.88690715996	195326.0997644565	195324.18084050214	195383.18350104685	195277.66702414438	195363.68141268418	195257.55089574456	194420.63725757482	195409.5646093765	195226.50017340377	195094.7911593196	195079.33428092967	194414.71899590763	194077.015400789	193659.68555863184	193353.59348688147	193425.18565286207	191582.8884959221	191803.64244959856	190762.4935651025	189832.72737650404	189138.3659404482	187782.94675787026	185694.47166542048	185051.45624304307	182699.1289878803	181488.0765245891	178854.76078239246	177178.43929392326	174268.0493785427	171715.61677458545	168197.60055761316	164999.09908956633	159640.26307482668	157248.87080570904	152761.3409505622	147767.26132008075	142322.87879010473	136347.5054881623	129807.45244277656	122622.1537913075	114735.80590316362	106087.6651135112	96603.93872188026	86219.90168204371	74895.32991823103	62676.797033759096	49838.34175827779	37012.723303238105	24260.555828555254	11250.862651689706	-2201.0392912036623	-16190.606162681011	-30838.811766734114	-46274.5787150308	-62622.021331289085	-80154.60000642964	-99068.25090510666	-119804.62272164025	-143081.45908915278	-170429.13085381698	-207192.92334726758	-248142.35637768265	-263646.69341437577	-278556.0972050178	-293213.78686259175	-307795.99548559496	-322227.86465843406	-336614.84158521716	-350831.20721370156	-364768.6718739042	-378917.4363079219	-392960.0698498157	-406855.83814530796	-420873.6701396648	-433773.60044246947	-447371.6163674528	-461330.75108533824	-473307.3765270335	-486250.75261072617	-499228.4797341301	-512391.7056310463	-525437.8291086772	-537796.2677343765	-549945.6092751034	-561946.1461654914	-573597.784265874	-587960.3036941095
198889.73373137816	198898.1710519315	198910.7053494798	198939.6659585649	198959.8359569327	199010.0732772515	199037.55524014108	199058.06988263768	199145.031541807	199225.20554351492	199262.6625411425	199281.56682128285	199364.8969262885	199266.69752617064	199436.40672580054	199420.01337160787	199411.20944094783	199506.28508513543	199566.80532384446	199524.37174601897	199601.7758055981	199337.18979170176	199232.02377916517	198992.8126820448	198765.65195522804	198308.76845622034	198515.91047769148	198216.8447593465	197434.77177595918	196176.01661302513	196624.77642819402	196365.35387633718	194909.8714383916	193420.44903409146	193189.37398887041	193442.4782327158	191444.4453140254	189776.57055060676	187822.38162675156	186247.525836166	184312.76468464802	182185.84890084312	180050.14563904214	177015.09985643695	174729.932122263	171173.18686432723	167503.36433525133	163832.2554046699	159593.17498626813	154956.57202968164	149867.52165018237	144271.7611887292	138153.98256312258	131459.18081254332	124117.67864036353	116072.56201306253	107249.01663410733	97583.54386227531	87011.60122518195	75492.93172249736	63076.39686989316	50039.470466431	37012.722784001264	24046.017713888577	10814.534292075958	-2888.145944650547	-17144.06556773829	-32076.373071651353	-47828.396613699646	-64557.28718819175	-82471.69924711064	-101868.05564906355	-123205.57298388949	-147300.24704742586	-175988.27995949565	-217056.36602001343	-251848.56954022346	-267281.7937341375	-282253.87263584987	-297046.50618092914	-311696.1542483234	-326302.52648619795	-340496.8520885933	-354804.6986247011	-368834.3300840728	-383265.41529693315	-396881.6249939455	-410672.7839527152	-424196.57835962385	-438084.340993437	-452146.81539885217	-464514.2125108766	-478093.4186103338	-491829.21181857784	-505444.14753658697	-517341.74032621225	-530295.3711719564	-543079.103427103	-556338.3930353903	-567601.7434418867	-578278.1847415128
203057.14190801774	203064.61753768887	203081.71519206444	203088.52871595853	203094.44583628682	203168.5687660696	203213.32108324664	203222.26467511925	203269.7147500391	203375.026775433	203433.7726912154	203469.89976334074	203515.26798707308	203606.44139495186	203673.56952723447	203667.69978835652	203606.10428353806	203702.16206813022	203667.0344100997	203464.34403919269	203646.29863929452	203723.02590396136	203451.181307913	203362.72338140215	203056.05685454706	203447.15043074236	202521.9402958568	201902.6186800333	201407.5842386667	201929.4076423734	201147.47781754486	200547.11908916035	199951.04211331165	198059.7501582699	198258.5586473807	196733.1371589407	195386.00056327737	193548.07820559008	193416.19260422885	191307.32961347752	189526.36141031323	187918.35947287545	185062.96149403672	182950.85400641034	180215.4574871505	176898.09279245907	173982.27857135428	170150.16743644624	166236.2898388054	161906.5420331332	157147.77227163393	151934.44055412995	146210.41652060073	139945.31084947096	133105.91622319567	125622.97146512254	117391.8849169233	108399.10332233162	98558.88582456653	87799.34053071245	76088.87077009524	63475.08076960122	50240.62193263453	37012.759887283784	23831.01526856408	10372.161642398947	-3576.7921736060234	-18097.688869280537	-33319.13129640836	-49391.64262658727	-66480.3262207061	-84810.1565740096	-104701.90015966946	-126663.66277572353	-151626.14309302618	-181818.10853371452	-229864.14514634595	-255451.95047552168	-270871.79246535536	-285907.60015095747	-300774.60043085867	-315547.6975425052	-330230.50266574894	-344485.53621201776	-358853.26969103864	-373552.10065138165	-387269.3440103096	-401114.0891104521	-415225.54089863406	-429529.302599267	-442419.1249799864	-455623.71355825756	-470538.54547857353	-483253.9022415201	-495874.61243139755	-508280.13495636894	-521524.9083633404	-534473.5707584034	-546128.8860342972	-558508.7677088678	-572666.4630966352
207227.47825434935	207234.19999287455	207249.37659628503	207265.12891513985	207277.45381897333	207331.14496413368	207407.677941637	207356.94410653433	207474.4249661632	207539.9223674932	207618.27580344456	207629.30308853072	207679.11636657515	207843.8893538876	207803.4184141826	207833.9159419579	207787.95495313357	207854.51100353274	207379.8278419499	207613.00043061547	207986.97773632413	208239.70505865567	207864.62297670342	207526.39805897564	207756.11354560338	207382.1935942722	207088.15226593698	206008.09181578527	206849.53315757384	205949.24356140054	205783.86771783684	204633.79709761805	203882.41802074423	203363.347719168	202625.78422178037	201689.78932582476	200661.45881277748	199669.21003469388	197781.0150220463	196669.20857909368	194560.42666797174	196102.3115538961	191606.56275181123	188532.41336096264	185541.15572398464	182580.60007706314	180003.7385414688	176615.52189547266	172689.79659786652	168563.91594998733	164177.57286596	159326.54534262116	153982.5015577327	148136.70384696667	141726.16609292224	134747.0477630986	127089.36092307171	118713.65208076005	109547.91870163419	99529.27176186655	88584.70958661288	76683.11316839157	63873.10664876099	50439.19553423562	37012.79650035445	23616.230031659972	9912.171763279883	-4267.103089850396	-19054.430970219633	-34571.056162181194	-50963.32687618391	-68417.72872068679	-87170.80453251995	-107571.0223537921	-130181.90217406547	-156069.15583760582	-187975.53250277828	-240790.04237434536	-258979.4643878673	-274417.344426639	-289575.53757544374	-304516.60716869903	-319285.1768757218	-333945.34387602564	-348513.2714325666	-363262.1145379328	-377034.92650471616	-391367.9697565518	-405660.27416052157	-419068.4086967906	-432773.9703567309	-446913.5053211059	-461185.5913284412	-473220.3111307721	-486233.13225352543	-499458.29142456653	-513049.7600267031	-526249.6482314523	-538778.458246087	-551497.4162987714	-563152.6067216677
211398.65995697948	211405.44578429498	211421.18222198082	211439.7663243841	211461.07068866817	211489.04112537333	211542.40195682668	211568.74145490263	211626.39748946246	211719.1608933929	211722.7435920755	211780.52134446966	211830.226526048	211869.93434854134	211950.86247921453	211981.86198693255	212023.83791743586	212032.18788460415	212328.20243225788	211765.5774026308	212397.92925152284	211833.43040161536	211729.5931342785	212231.5926231173	211622.44801901895	212898.01337821176	211847.24885698187	210603.6867033494	210735.13123567106	209923.16935751296	209848.92177274736	209672.61445683189	208980.52730147383	207276.0925972337	206553.85061166747	206708.4616518951	204855.54052941347	203739.93772030494	202927.05495660886	201510.8151621617	199737.85960119	197591.7173852953	195964.71215380874	193720.3780338191	191518.22233315255	188735.45259437582	185809.12741979043	182458.3398333225	178937.19747112048	175242.91070710093	171065.5786267051	166503.0941016153	161487.308351984	156036.73781430552	150046.8626707281	143503.17057393107	136367.09852103828	128560.46930829663	120026.56039839255	110689.26751914195	100497.78169932123	89368.58201980544	77275.6876943084	64270.20665547537	50643.801286860864	37012.80411158418	23401.656361137866	9467.622352147795	-4958.707664780144	-20013.66462704717	-35824.700371840794	-52543.86817662834	-70374.64456384172	-89553.21942505316	-110479.4657472765	-133763.7987367762	-160641.17914632388	-194542.75493258407	-245599.83515188	-262452.8461719018	-277954.4856315844	-293101.9719018416	-308223.8249523741	-323013.74672771816	-337611.4251514369	-352368.8719039181	-366786.92266275606	-381007.1227175474	-395541.3475543556	-409108.7673737238	-423626.76399094204	-437490.64118966565	-450963.9761424804	-464034.90286233486	-477618.1798561807	-491498.61873491027	-505429.49130136135	-517413.11462924944	-530261.705481054	-542938.1705713536	-556733.6142854531
215567.80747457908	215572.2902340101	215588.81430920048	215606.575361052	215625.23110752204	215654.6859616545	215706.82964112796	215765.01823248927	215801.15253734397	215817.9944344015	215936.6883743168	215956.1247717286	215952.90418748878	216109.65043400845	216025.48531973167	216154.44813073508	216249.07884301138	215903.1462480869	215699.0166563511	216307.75467902177	216581.76924496947	217114.61863228722	216141.06507653836	215405.2376223309	217430.44376082113	215751.11799048888	215511.47041270984	215861.024385585	214635.16545205217	214219.71963924414	214668.66696661923	214333.03604615032	212830.59053185664	213936.32803076925	211520.10206596198	210704.46740350724	209180.8247319683	208792.3054488903	208664.08257272627	206182.25237117286	204132.60825133882	202073.31923684818	198844.26569087326	200114.65349961328	196953.01452475763	194353.73058190005	191599.5354070251	188687.52284830762	185478.0273615952	181750.91536117822	177783.31597504468	173504.72779876686	168828.2257133596	163669.96534331638	158077.99580787763	151945.2079714957	145265.6675432867	137988.34537839825	130029.24522558891	121329.73521479013	111831.95522506809	101461.67329719724	90149.33757479826	77866.16788334813	64666.68104887279	50844.445471620245	37012.813484350714	23186.602951124514	9022.254219395109	-5652.284230441175	-20972.813308167504	-37083.892439323856	-54108.92765388658	-72340.48412492138	-91959.48565962462	-113420.35896542663	-137413.3217584512	-165356.74653309223	-201643.63564484264	-249440.40416460304	-265879.16305339907	-281405.4396774431	-296667.4067096353	-311854.9295294552	-326667.02355497703	-341407.9671873293	-356134.18647439964	-370381.24747262924	-385200.5273885234	-399490.7153652288	-413926.61700640444	-427253.3419472626	-441287.90465552034	-454903.6479179163	-469090.96900433814	-483376.0674541923	-495705.31818715855	-508369.7393995607	-521839.36358522146	-534550.3330166113	-546369.6798050838
219732.81852762587	219741.25821240904	219756.48704336784	219782.65665303599	219785.81346569606	219840.31383722863	219922.00141821228	219856.4530010675	219947.57475905714	219993.45086800025	220007.5855042427	220156.72471378	220198.81028527574	220236.6175281327	220265.3835566624	221045.96431584563	220306.40778149464	220327.1364174743	220361.4622080584	220459.13771775324	220325.17346029432	220379.31611966598	220197.04759755457	220342.6655057877	220193.2922174213	220254.54397775122	220388.28446916514	219752.828506734	219074.03250243695	219268.80078580498	218193.9633541975	218036.63664851894	216609.84331056208	216302.31149508175	215771.63311525737	215045.8046388173	214583.84571240295	213338.20734653718	212221.7352326911	211621.9950567594	210272.662767181	208470.66410600324	204476.95337558762	204663.72806690948	202974.19692872197	199505.2730495429	197309.5557413971	194478.85643105942	191449.11044813192	187034.35752780148	184334.47712094185	180262.18945139565	175917.93925565004	171227.47032773844	165831.91469874693	160097.97229668367	153844.66358514136	147023.72716743237	139596.90399908187	131487.44137142372	122635.10592794107	112966.88281221135	102422.01237482595	90927.41613031272	78455.66384566133	65062.32286869874	51044.882308042	37012.854675704904	22981.355009010003	8576.37707007365	-6346.531922082679	-21938.72203130048	-38348.44101933675	-55704.7200640669	-74321.09089748375	-94389.1358978374	-116403.73811528902	-141135.1308419099	-170233.21390777404	-209497.0822264864	-252987.40540785575	-269259.95525797235	-284856.24672477134	-300214.93616686366	-315443.9700850027	-330277.3537672884	-345285.2443805965	-360066.67383686785	-374990.79672740714	-389107.57875114045	-403027.7131109276	-417155.3695141309	-431655.9077243961	-445480.95804572053	-459404.71927103493	-472755.79875153385	-485698.4050103234	-498980.5044204501	-512454.47091368923	-525962.4265289578	-538464.5281568116
223895.78572766198	223899.15078280406	223916.21553387688	223929.70508972954	223961.03806751448	223995.26087126604	224048.71173489775	224076.44495203393	224102.22623172402	224162.68029241165	224276.94251667368	223690.0579670501	224260.6778985048	224299.25915260793	224644.05035135226	224470.4294848121	224608.5520235656	224633.2574446542	224574.84497882388	224547.32608991922	224354.98700143708	224786.87550819886	224672.81899173587	224414.79285452777	223075.80847302979	223207.8193454652	223996.25179543055	223139.10332234553	223901.52553273144	222451.63507367254	222272.21992933145	222485.03490700905	221621.24769341492	220874.529561939	221241.35005068395	219847.66176463084	218319.46847917754	218722.08103047532	217361.91598565356	215329.03957875923	214401.51033628016	213297.82705437858	211457.4276907678	209053.8629587589	206950.25504639006	204883.6980984561	203296.33443309867	199991.3080196409	197290.44539932004	194230.0254696477	190466.36124551413	186954.7389314297	182780.7921088512	178224.06697048707	173517.6113764428	167966.98214027093	162123.7705177811	155724.2726182294	148767.5041370624	141201.29511508177	132940.16192779475	123925.49789330925	114098.10318145412	103377.63897069218	91703.09653422656	79043.47223389705	65457.37440200584	51245.07451107557	37012.87320299682	22766.552628907084	8130.4167112434225	-7042.998472557025	-22907.775929299212	-39618.48741485516	-57343.57405508662	-76316.44459014866	-96843.18551575142	-119428.68868967815	-144933.28299560805	-175292.72886416686	-218520.3425843732	-256391.18599610124	-272596.5228494584	-288266.0227454342	-303688.51030663156	-318970.7223991762	-333965.9311463565	-348963.7479313096	-363968.58071937214	-378237.0315207442	-392918.2663092796	-407847.7140110899	-421650.7917503882	-435530.27910162025	-449403.4253779793	-463102.2785794701	-476304.24929958966	-490138.9002141302	-504258.18932871893	-517161.2030509368	-529829.2872790046
228047.9332775802	228052.29073346252	228065.8428104317	228083.95745827866	228102.45980914633	228135.08599481918	228183.36701152468	228170.12682386767	228264.42487871187	228318.22442802318	228357.4638540873	228379.57375362553	228494.1431464164	228476.83843384514	228432.3182947518	228583.81698884728	229280.38519421633	228647.7475218607	229241.5838385495	228925.16791140047	228736.17307308706	228759.13077824234	228780.32577253762	228777.8241160674	228526.96232897398	227849.7920143468	228521.49386924965	228226.0723897334	229169.2361280463	227057.54646791084	226281.4496793276	227333.54406835587	226887.8250483162	224485.9232531865	224437.68040180724	222624.43652211456	223774.1449051585	222356.28124801896	221803.24919549044	219552.25013821776	219088.14930690805	219906.9792906064	216089.792334699	215989.6494546524	214580.42346427916	210380.77653409675	208670.2254224663	205772.82660112315	203075.49086601596	201445.349176688	196876.20553179237	193343.97949904093	189500.47898625417	185224.96348216693	180624.3867085016	175518.8863704679	170083.63323070417	164110.52966864783	157598.0420144155	150512.96354302106	142801.0839965708	134383.31343515005	125218.76890253159	115223.54436074555	104331.65756428859	92474.2274057052	79629.60104963375	65851.65798799024	51439.39819355315	37012.92084905418	22551.449437416013	7683.226989283285	-7741.169604197465	-23879.937100289942	-40890.13877967285	-58960.576443400525	-78327.35626642566	-99326.23900686356	-122496.44634000515	-148814.34016087564	-180562.45277540508	-229706.7705184989	-259704.8276373311	-275897.8226351525	-291626.5930172936	-307164.7475063963	-322457.5775002736	-337794.80117514974	-352635.52038270375	-367224.95906340727	-382095.0753071789	-396896.9439129253	-410726.712648167	-425174.3967909517	-439411.31359916576	-453975.5704606975	-466866.8692231504	-482043.83029474725	-495452.16020352894	-507740.9878967537	-520848.8219212085
232187.5339965926	232193.18784989612	232206.44974702643	232224.00402950772	232256.46545850483	232262.41439870326	232339.53242526893	232329.37290773157	232316.32045289903	232491.4592810142	232498.67309203255	234366.93375202926	232619.6515610723	232635.42314613133	232811.09217625836	232777.90185016612	232805.83811862025	232954.56476043377	233393.2365600981	233089.5324136074	233402.10547358726	232753.2596734902	232914.9862974555	232887.8319995103	232409.42540450467	231790.8044289145	232854.46162155044	232144.7181187601	229679.00381321678	230704.1546233286	231293.64217056416	231695.78309450785	231344.18684392987	228416.83370888123	229459.44274855914	226228.3416153321	227488.10359046847	227230.76747001972	226680.77339868242	225041.0494011267	224519.14727278613	223508.0196017769	221630.81425674568	219107.5626489044	215363.5921097894	216662.84936724426	213892.76474072988	211387.73309237562	209057.218062049	206769.4226255716	204081.28720592288	199620.46325306472	195957.14345947804	191977.18604580988	187486.86029547814	182977.08504333685	177774.92783346618	171763.16852909193	166115.92575845262	159460.85798814934	152231.66252956406	144384.78389185917	135823.9566767195	126499.64598768495	116345.21966804832	105279.63871742878	93245.61260901944	80214.32859239646	66244.94243823958	51639.62891566899	37012.96489025955	22336.69560221603	7235.263919500168	-8440.659639887104	-24855.08528184169	-42171.13734024225	-60583.333770703466	-80353.60922750994	-101831.10179289817	-125609.49994562345	-152784.16434399132	-186078.64535789896	-242139.99441966647	-262952.18781843106	-279175.2972279015	-295012.4875693206	-310629.870248087	-325948.06743311975	-341327.2348352086	-356335.06707630283	-371309.11808504065	-386029.90406061907	-400613.22787879116	-415582.14538419456	-429264.1247435454	-443468.71301567124	-456981.8006844984	-472317.99043942697	-484733.52783526236	-497905.5952213564	-511451.85247940535
236316.9566179594	236321.85126385148	236331.2420149026	236346.1686580347	236379.80997193698	236400.53156397626	236455.59071027764	236491.7983508592	236539.5928138415	236596.67568275088	236607.69459673442	239017.7263599536	236505.084170184	236841.53797511233	236601.61902125925	236472.00470666913	237014.0040850314	237418.42638809967	237548.1365128443	237309.51150290348	237258.9383219875	237238.8011244983	237523.40613060095	237581.41375550584	236868.1515108644	236034.44300279094	236295.6302228944	236261.367464859	237359.10228768794	236774.78080614255	236266.16355880664	235396.18211953872	235092.20770445158	233830.93642013182	233716.45900950904	232830.7274545093	234051.79689086747	236016.89860560565	230190.83880743186	230572.3770542238	228456.12652820043	227169.1728811083	229480.8396738915	225764.48514099413	224177.75078634702	221112.86147704895	218340.00962708678	216702.7308494689	214636.22728941054	212167.03400497697	210821.22993308055	206221.83186200447	202248.97997223257	198676.78673709388	194608.0599940122	190141.18740841417	185285.8900952933	179980.65680821933	174269.2918269271	168082.81041111847	161304.44846973478	153945.04937859412	145961.40585927654	137258.42444439535	127776.51829755574	117455.59670747019	106224.3229274666	94012.36560740866	80797.38461164737	66638.00756042049	51845.49958345253	37013.09146513388	22121.400982203573	6786.873135153437	-9141.251580695389	-25833.742986344616	-43457.9856087183	-62219.37798872928	-82396.2796013623	-104362.84290479968	-128773.54905281265	-156854.6478257422	-191891.10678186314	-247858.80117581144	-266147.57858023874	-282384.22465105815	-298312.4820498553	-314030.00542691443	-329369.4603200839	-344653.456577593	-359861.55217251333	-374805.81086383236	-389621.49188599095	-404006.99928764964	-418393.4734414362	-432973.53300688695	-447358.0681828577	-462180.7956072624	-474505.4879712197	-488393.4589237175	-502296.6966112866