427822.57998162153	427701.47506423335	427343.3587069726	426879.76300551736	426157.84140281955	425255.794778567	424160.6366540937	422875.3295814889	421392.3404895559	419725.60915425856	417853.4739505017	415937.43451550714	413255.07141256746	411231.7012978023	408801.9759704783	405695.24615425937	403116.7423762682	398961.00873878406	395862.82752812904	392592.14826516266	388078.48527499527	384012.83548975975	381668.26955224056	375976.95083927904	372789.7597117734	367879.7844334726	363038.2465500258	354643.3788026444	350861.71536604647	342842.05680272955	343836.41027428553	337473.7394060406	325326.7102994492	315142.16087135003	318823.5070344995	313612.41023584764	306672.169412179	293368.5323387356	292166.8095910319	287355.88335533865	290750.4586765343	246207.31109922897	292406.3281678479	262677.3735357901	233569.1111278516	221179.00161999062	212251.58129306574	211255.50271998445	246500.3941610094	237455.4492633816	157973.86594074772	227244.41821251012	179438.36250731355	141122.81332347804	204526.63568407687	204650.27828074055	188831.764712003	212454.61974779546	187299.56816676894	130238.9074780299	61080.96271161956	59835.33191832277	183518.32043436338	83035.31009428372	132903.28803402226	78824.95051941118	142314.66907247604	-607.3399811418494	97974.54311859579	89374.84091584274	-50691.99235506804	-78513.80411936523	-12145.342923327873	-46117.05835202738	-48762.366465472674	1703.8075642628828	-97951.5226734897	-140260.42436441587	-123167.71521531255	-142429.96449452563	44968.35628950811	-76222.03902661795	-161731.34900704777	-131100.96664032358	11377.804101976391	-245611.86424776848	-56713.466450015956	-203973.13901809242	-67966.23010352993	-381449.1591203443	-206154.95640586183	-242286.83792197763	-291397.79652522056	-43338.04277643509	-144426.6174420212	-217595.5443902309	-199656.14844791393	-315699.95596758835	-367061.16231839726	-310142.08783105906	-110461.42279975902
427863.54533698043	427815.46656549984	427484.39324002253	426974.4531956596	426250.6897408105	425345.32265231764	424252.6887604766	422963.2406077735	421485.24319222936	419811.8757067547	417941.8657306913	415882.38773334	413629.98349569534	411232.9134999214	408649.42190443916	405697.56886508566	402968.82868031686	399615.2862787818	396469.05526280036	393437.9614030135	388951.78372755117	385399.1285411596	381043.77557438886	375925.45769555384	372424.4840881803	362949.0069762038	367156.90531192924	356078.12410402327	357315.2030449297	323398.0996410236	338540.5190121432	340497.89073379576	331793.3700500179	366417.80322412803	329208.9314773082	325142.39911127154	292958.8053856935	296541.13419488544	293151.2847547924	288529.7815294561	257473.1341549551	278405.99595555285	282374.3527447861	216225.04846769344	225494.69996961433	260174.32934167125	225064.71294580674	409070.6016358574	337794.65158602846	225368.60483419272	188832.48768479476	186248.98327885073	134045.8598709409	204094.3315517846	151366.9688565472	178496.10403848306	174939.8040610861	233779.70917645708	147320.37150355178	190896.17773722118	97907.74612240965	69452.46294479078	118063.14480674866	-64193.51826519339	190978.27908861468	-24348.75671293575	430573.9140283415	267807.39453431865	234938.47882238583	19470.61352646991	26166.786734139663	88660.50468745962	2355.992055752722	150985.8558509744	-265247.2261764485	77879.24847874528	6053.502591973462	-168207.6581915646	44687.33574229787	87179.84519828245	-453555.32774021744	-150962.84189340152	-115354.5176757215	-19919.16353552841	-204706.05486350058	-72145.12728877511	-46248.96616092435	71028.68420909863	-278006.77424640354	-232724.60044463788	-490477.13297852164	-185699.56300654728	-171171.93417940516	-401495.7589064696	-328052.79499412695	244404.14439238358	-618733.6033849665	-244324.63837638276	-207579.00443024875	-589931.527039651	89766.66449223208
427933.37536016543	427966.2266460002	427796.32036037213	427233.75685440045	426511.7862547235	425588.7814306195	424497.3009492859	423203.311263813	421721.3770165627	420047.10098678834	418213.3211156468	416116.4149763728	413915.6313627067	411481.8336887373	408732.3061173065	405905.23098726844	403162.1473622232	399692.73171206337	396819.8334482888	392759.3527723472	389415.75148499076	385410.0414836378	381429.4647870964	377694.3250690896	371797.4101868037	366365.47141450626	361194.7153753994	360926.61668199016	347602.7037373527	345318.1438292795	347250.59513061197	332180.1830089114	339515.50567640323	319218.1878775871	326000.4134464637	314913.9258810173	243388.10113534174	257572.6332382238	283561.7757248432	245388.84148617665	203097.63305573247	281103.87385951035	256102.80710576434	244244.38176077168	266646.20876123855	241314.60839352797	228722.9287395606	221643.21917742532	238199.73761850927	233319.61448055104	269142.7279149952	306957.7140953034	188282.66487707483	194300.56798245868	243089.5222834291	170681.08512594068	52446.1581349817	140415.02904946782	163296.65701265313	20843.003095940512	152666.98020033765	101939.72333470598	41849.990743650706	-10233.22625944874	50858.715281368524	73614.42327112542	-52160.9357093962	175695.70061940345	-15741.704709471436	283331.6302530361	83736.07539032021	143482.2695140596	-134184.7463667703	-73403.58529176755	11459.412197507918	-87533.33777208737	50947.11711702944	-218722.18754157372	-153544.4374527427	-7237.077300591569	-292291.7488774122	-155729.0121680654	-63015.27833139291	-80334.57348228694	-42998.11554451374	-232596.16066336952	-94364.41437585984	92555.86288309895	-269661.73716509825	126371.30801162025	58111.149387988204	-330757.752157114	-255900.58788537577	-647310.0573831338	-205031.49938582064	-835961.5420947855	11335.513972514484	273582.12818569323	139259.53915486688	-357216.0025325446	-142946.31998757488
428035.21826389123	428094.62063868175	428144.82165227545	427808.53621627163	426957.0370835851	426004.09567710914	424890.386586028	423594.8074039404	422114.9075754454	420433.56755420385	418567.32238437893	416507.8590561796	414280.4267928198	411848.1473732605	409218.6397690395	406491.6258369743	403262.56890137977	399868.788138383	397018.39734957664	393111.20717847423	390497.8903265213	386004.4529499171	380271.14432660915	377135.6791631864	374982.7762624593	402036.5437614496	361097.4041181914	357191.285620599	357200.5557014682	336209.6607827036	341978.4407773461	338789.83675986755	328444.04051865713	333000.36504201585	317552.2447720941	324112.87014829664	304834.5186589566	300261.3569448153	277737.4061094067	284243.53013504326	283105.6562771594	276141.67410942266	272723.4559095017	262428.38310147735	240935.31157748733	251781.64978501474	256065.2250650265	223263.45752331842	221120.20833196113	239596.22370210575	199898.40222097147	158021.0010279186	353365.1654133683	85463.19727072451	118742.4647887674	88487.52667789074	61009.82686998759	227131.46881512163	175332.03769459605	160348.70013325947	117771.07135271264	154720.66849366185	-61610.54756318248	56335.67384234362	105812.07910401496	28145.46974048717	166437.99331520993	22630.530578416132	291002.72218533646	-26932.228360710316	-110973.6017197165	70907.49475647073	-16365.860791304323	2740.239460978948	-18931.564073094458	-13273.724411060452	54758.42092003039	-3605.268152935605	-96890.92203778919	21882.110714912822	-164308.68737282522	-33530.05811458285	14689.91769119323	-24333.41143377422	-168511.85126463685	-61002.311016863154	-4352.675555038906	-294163.1832594539	-245835.0579454255	-88549.95133877656	-221090.25956779992	-241650.09635871375	-191558.3202553065	363170.79948413785	-39268.995629363635	-25656.490247759095	87629.5450738378	-124788.69467041577	-1.6206578279458126e6	-375363.16769139643	-195229.76510554698
428178.097515944	428243.1079153708	428355.8835575409	428364.2408453968	427800.9447489293	426666.6773598954	425484.36740960035	424162.11462526576	422661.80378584523	420977.7980178026	419111.49227417406	417042.3665502583	414807.4324044971	412364.3080942657	409737.30852883117	406932.2222443296	403878.4356811224	400664.7301067813	397320.2195295513	394391.7800269537	390057.3597979219	387656.7715754178	381856.8714767169	375766.3918307897	372517.13041360775	369967.74399679195	366199.783342206	360923.90414486994	355268.13598256226	345098.4990161353	340591.0235108779	340753.1666254772	311885.44101081655	318235.92120372894	322376.5166835917	316405.1327445795	301530.87840957014	305070.1687897096	292922.1663078764	302295.4592502816	245366.03802059527	270504.6344697817	238539.87696949084	273127.8994195117	241453.59043885354	338946.80657838326	237064.77514964534	218901.46366338438	178158.27592673065	194306.07921515155	178820.044082281	185002.4082464993	226286.12164891366	101248.51344643679	248348.02690485056	372782.05996439274	241971.0066638876	158154.49658406334	129246.5176404792	48086.21635336807	88073.10175903793	124892.70039461012	100892.80807792407	90755.6456723137	-17497.598930266628	115397.11030543206	37806.8162265048	134118.6472108176	-103711.70797023765	53903.07109209773	-32021.984548014065	23944.130905161204	-33035.193692970206	97190.09507894382	-126792.366641842	78343.18706209032	8443.717271806963	134281.3351663822	-100121.55835935014	-70457.39407030708	251636.81105264748	-140770.36878505338	-243926.40724700992	-225253.3742972811	-258953.33763561567	105396.28084655403	-298471.70177842083	-287450.71953034186	-243221.58207111375	86794.86514657218	-429565.84751511004	50136.206358587195	-209420.97166603018	193601.08341747726	647662.0657823794	-144356.56947628717	-211031.14916350512	151084.70898180973	-453239.815533451	-297471.4538570873	-1.5568404323699074e6
428356.5702487403	428427.1025331963	428567.7974225528	428690.3760176781	428612.7575488473	427799.8482507981	426361.84877726116	424937.3357512826	423401.4090282347	421695.21702101006	419810.86162880674	417746.0764459689	415499.5810371738	413018.15763917303	410384.46084610076	407616.0268378021	404582.6807226936	401509.87963752664	398036.73112539185	394671.9781908646	390662.123009446	386810.31299403816	381083.5979906194	377579.76356529054	374002.222759896	368356.5857254628	363108.18666264653	392226.1264523912	355619.15831784386	352993.93989759736	330861.661049743	337264.68144056207	334344.73337272106	326667.11721302225	321238.24881606706	307785.14204344974	310058.10628161527	294526.613410057	281093.6696724989	287327.6831560663	289794.4653417189	255194.51790534687	250075.5929041233	257295.44299979234	242150.16134003567	255788.26272308995	255290.85119232239	238463.31754846527	235135.3621138755	232135.17336661852	201852.4343520188	260539.18925273168	167162.43170736363	112024.37119147187	245261.3182484557	223746.08345320838	-104254.56758574449	144417.36817004014	71299.48895397392	45836.70935851493	126082.91388408554	117678.40646604606	99937.82223174378	165536.6961501183	36471.57484894968	61111.63021864154	171304.93650957203	77145.48752343823	-47850.06441124767	4219.942997740523	63568.51116950106	-35288.38133299333	19153.447932793584	68537.67345127574	17492.15409956203	-78311.31505861197	45427.0495881121	-160217.43092063657	-59332.09827171167	11147.958878029429	-41762.77847219043	-35294.90620100428	-113986.369475146	-153773.2965875811	-210109.43291081727	-8654.689333722868	-179607.37020073668	-174231.02957612992	-35802.735075250326	-241291.64047184988	-147179.30061520182	-132579.87710464263	358729.9035066239	-287628.1142365295	-293653.6127317077	423993.9439290581	582321.5125720063	-280129.46648858907	261531.10638290172	26259.515214741637	-298406.719941483
428557.0210073046	428648.9396841346	428803.6259447607	428985.09581485094	429077.93977815233	428880.48460637644	427795.9740692012	425988.9543195293	424373.2795391606	422620.36046236317	420703.09246605687	418618.5921536313	416344.45248401776	413884.3918521895	411258.78989425226	408494.138567217	405436.40234406217	402301.21231701394	398823.7041398591	395273.1870582224	391373.0610931167	387726.68520623253	383352.7718795614	380713.08809982374	374964.3831415566	369673.0766173418	365552.9814451603	359496.9005285581	356712.05227066024	348466.39602438273	344631.2390024899	336892.0318842418	379646.35265023104	320640.9807415974	313695.45626783144	313524.08411824954	312933.8661145581	299101.74044560787	297228.12458697223	290808.81690226163	280518.4242179639	296227.1754950198	257987.9478009934	266730.86427786824	252768.82687541592	236348.08594610548	246654.95493206597	238150.46095681825	209669.9081412601	233683.0101242861	147024.1145065871	208094.98482808628	235739.13455745828	174459.91376894206	155909.56892814505	129190.11015907006	128627.7209265171	30067.403607269865	53230.2173190458	287369.1052922352	-79760.74202503561	22551.017240975692	152051.400321698	62872.77015216765	112960.9342713565	45746.82114035747	17332.45241725759	-80611.79173943127	56898.20761262631	16924.602776973683	92306.21826262336	87998.56640254549	-179070.91343804932	5985.297993268294	18138.31770783948	-59574.45943090209	-102838.32833772543	107867.75628985715	79931.3891088473	-210905.3134087008	-74814.93276553502	-84817.82553724229	-129393.57094044687	-66040.89429880487	-54205.539663516625	-94779.89055225143	-13452.953059490595	-218059.34940384742	-52437.75832175097	-210887.23339761753	-32843.04588881851	-113888.97807330982	-182289.77544026	-335583.76683721016	-52333.92035862029	-181194.2111385172	-199136.09069310653	398994.1658220562	-405502.8829609321	-354391.7612650455	-151695.39098112838
428824.6339214588	428904.8059774129	429068.09187218844	429283.8154412666	429474.3454640902	429509.9293634608	429158.9568167377	427795.30106617225	425684.34961184714	423794.0076177107	421813.79522529565	419683.8570823813	417387.8664475516	414913.97311371734	412264.3224234356	409445.116601485	406453.51696031395	403265.7661154328	399811.66473026184	396321.92241442675	392598.70529037836	388674.424628811	382087.7653051222	379670.5020096704	375504.2822022556	371377.48713385634	367058.509345183	361021.0706600169	356457.2623203231	350585.2209333914	346637.4270316122	339971.1857756823	334302.4779171369	325350.7575243739	371850.33901855134	317516.7366074606	316443.30372006964	303060.55279706354	294986.8989155044	304636.9645847511	270865.7490638006	273737.41695440974	273216.0706117221	234805.29718711093	292163.426765123	253519.79593396262	233005.7162600088	223704.249401014	227229.53422287892	214186.27386735548	207532.5441500977	199343.98948254093	193806.9878448975	182869.09050480748	163803.302793072	124701.19282698666	164105.76144085248	145356.33136163902	159551.46482814458	114392.4564986339	-25460.627850629447	219258.66695158946	299879.9541187045	166408.10930882982	44131.802117218904	168439.43210381927	-48374.37403083622	103244.19185725908	126674.44657711237	63163.06619679817	-50611.75379138772	-88769.52512764867	73747.05190409807	-3329.5723200278007	148334.49819240236	-337207.87263909134	5606.72777378693	-60899.00167362328	-92876.37653462647	-75109.09951895475	-62654.086310087005	91710.13976184517	-227015.78301669372	-14182.627926653891	809502.5762118811	-64431.79645484383	-183824.23356338748	-29879.934588189644	-230708.92829700612	-95547.47997486219	-288957.7471284483	-176092.18824298127	-165122.60826820036	-329439.13860818016	-304901.5040016558	-180350.22800807987	-298520.80258688953	-469359.21662271593	-162733.5583884059	-563265.6534399795	-335441.7943544303
429085.8588455284	429196.76483475935	429367.5588892019	429603.7180418843	429852.294656865	430019.21638396865	429970.4567368895	429453.3846738978	427794.54934780864	425339.32751869346	423199.07348891563	420988.3363961798	418641.6822395967	416141.4846167394	413456.4522077768	410617.56420732517	407577.6580682556	404370.52955229575	401004.53148453526	397466.8886194126	393880.02641839854	389677.37638708454	385815.0046174584	381480.60816962906	376975.1038074629	372638.68731614744	367845.54843215545	362431.1250273062	359966.80071141856	352037.5826781615	346313.2128038059	345478.2562333779	339828.45203470584	327627.7353993139	320510.7345402282	319213.1520430998	314638.1050955401	301316.69236939616	295046.0579672044	277722.5505315696	273001.2283590625	283891.08222105465	287941.1164500883	249375.12436439277	270920.83941129205	250090.27004217665	229786.10899816948	222106.69516664842	227920.92649386468	206607.0620545331	227349.69130323542	192957.60326504643	159946.46645018033	170113.74326634972	153615.10316505708	188987.14016111317	173761.72933916532	137571.59822906	106892.43038558832	117765.63195001154	-54817.18028885836	110305.66350644518	114358.71303031949	27590.883594028244	55544.174475107226	71166.73952374974	-58906.05214914208	300092.8183375281	49204.23916750762	67382.35969385813	88305.5710226866	3447.267273448757	-49900.330553335894	947.2194352851366	75634.96453620348	-37420.2175126762	-10712.558394305699	181427.3957255977	-168893.24664012116	-68979.3070129428	-63835.21084515535	-212495.20906359755	-224118.20676564606	-262890.6116755765	78321.5801227417	-89061.73411923734	-138021.31531641312	-121708.84356476559	-102754.13956866652	-39973.00017516938	65502.19741385436	-350089.9406962881	-297196.0548573952	-95412.48982864228	-304322.2172977593	-448301.13024639455	-319841.0542492726	-113747.97429440723	-364708.2506121294	-194022.48033279908	-417828.2618142209
429403.1982845576	429524.3781719751	429699.4442485157	429952.80985907797	430238.73037372594	430490.8419326115	430613.8149477016	430459.75616776414	429761.5185153223	427794.1003503695	424986.94694959227	422590.328603825	420145.49269515165	417576.66377471463	414865.37650256936	411976.32553866395	408933.54719948076	405729.0509381466	402310.7995283205	398703.6250640493	395004.00665932783	391089.109724114	386976.6187890794	381428.1556871959	378064.78571088886	373794.5416046221	368730.4394489113	363683.55292480096	358900.2271839666	353291.97326840245	348414.80047948955	342915.3905551072	333565.42616130697	332987.7359654925	319938.7269417195	316381.1612121774	311263.711761236	302899.8181356305	295743.5840161861	288707.0324510431	286279.50241449877	283012.2456032965	276906.5329610288	258717.19057266245	270161.81183488824	246294.11930137995	262294.3454703573	214821.14505359734	218500.83968040446	212511.92830015306	241227.73026536516	177044.07925546874	195382.7729576205	195392.11322424625	133509.24489749927	149313.46507028939	100540.92114268983	114257.53741284966	217768.29631220625	41203.33576162503	129663.52778348961	138929.03002477757	76137.91438638343	26605.320407225227	68421.21796879976	133817.34843659383	57604.61808031815	11688.421461633116	38395.63437918085	63208.38346148381	1278.7384497649618	-33167.908432250086	51090.47326971177	44318.446878745744	-59457.25709526177	49035.96147526876	-52104.09234415245	34654.92838440108	-14083.547913996677	-92307.35045310698	-2879.350241176493	-46838.44408460084	-129695.37990992656	-136292.4322371516	-18276.332400873012	-118759.12544042541	-623.9813732589246	-260490.89478439448	-305876.75242687686	76908.44242777041	-335060.50524809095	-395505.7604854585	-17947.867535788624	344861.14908204164	-397091.6772137966	-56456.077750752505	-303135.02693011105	-343383.3509084358	-85966.70809992653	121344.25936130661	-197126.22090918466
429782.76755535667	429890.1856671621	430067.29898810823	430330.3364325243	430643.83345902344	430956.6707445484	431191.7458225651	431249.934585386	430969.7622168962	430081.0173635601	427789.6727282956	424634.10980787064	421970.85191050504	419287.0426770525	416497.7696565728	413562.5821394842	410472.1223151108	407222.4812960617	403791.5015572933	400243.56063967076	396471.3810764667	392545.32831501454	388396.5305730482	384233.57466338534	379657.7567431195	374712.48943714687	368976.006328275	365537.1691059622	360071.20184775855	354328.88237347367	349227.1079750936	344489.69966190035	338101.7955129282	333568.8658700779	325298.2324917814	314335.98351246683	315535.2133966048	301502.92101869226	297393.1802758736	335205.4272164498	281668.31801290245	273910.3144902959	232641.0855881385	260170.14144872298	255991.00979267765	251007.64485543635	199125.89550260972	224488.06010109902	216523.1653926634	221283.79833439336	210053.63410368067	198158.54192976508	195395.0047433058	184424.67901307537	191951.15272164886	246326.40341398475	166154.17880486528	76487.13488701085	170395.3022506857	177302.60271894216	138368.04066605127	142826.8323558033	226074.3978675544	105211.07007370325	-2507.5259715538123	-11760.85714024771	128664.44859637268	82230.7839319625	57223.61181293725	86701.26370746404	99960.9235731911	51953.47496901924	-8675.488026442297	-103361.42961580196	27980.35316682834	-7552.182269471989	-1319.6575887478539	-88524.33133333654	-63863.36488500651	-106366.88160559803	-195217.6017083504	32603.848044511105	-170289.84449944826	-373228.3346901161	-153479.4137168274	-106286.28626723314	-151488.6821043954	-233162.27410607802	-105299.0828573588	-105843.0846899065	-234968.78097008407	-177247.39943634247	-238538.40132623137	-200327.37561293674	-188810.36589220405	-18348.520402025024	-242880.52387142024	-527390.3436356711	-209450.50244701974	-247795.35228377808	256603.8339919878
430161.2639993892	430289.08831562573	430470.1087061521	430740.49171622616	431073.9375082489	431427.9607125667	431744.4164082101	431945.5851501816	431920.4961966335	431502.6997070427	430405.7210883486	427789.02586912253	424274.537508844	421340.40006301476	418413.82150274125	415396.74146004365	412240.29464837856	408939.92859027913	405507.0654963997	401869.5939033315	398046.4419155446	394183.1174015799	390014.1485578457	385764.6873835343	381322.9916632077	376548.691187213	372076.8477879465	366835.56756681594	361867.42802396236	365988.739955972	350926.06087127264	345214.5308145864	338689.8644271583	338269.02206886216	327898.2987829358	324720.61852743913	316251.8711087198	309265.2961272513	310826.6909656481	294144.3037584429	313754.084534162	274729.8115150019	258966.7501346715	273521.0538146657	180676.81241188047	243692.3719491355	222586.74355994194	237970.6692176974	207031.13002437894	219981.20031804714	218287.86948503967	217464.20442899683	235353.57349449134	223719.506976508	176609.75871474465	167969.34041156602	188429.50291567558	155552.92643685156	158109.77651545376	139891.14744329097	142314.03474184446	82869.536253086	122333.45309610158	50502.06318615278	118125.37934553676	47085.00692936941	-122521.24069640221	22413.521866391413	36186.9666871237	57130.62184680608	8099.362673111202	-39574.14703906473	155724.3672860015	-118695.27147953125	-117647.45013429172	-475079.445428634	-22151.283623046766	71754.2074326736	-74970.6387955583	-88207.547552593	-21792.6642113814	-107211.1470112991	22818.6532537131	29782.671820108022	-69588.42030923971	-172454.22572813218	-99758.29813099088	-96053.65766259952	-192632.4705089265	-108140.92298452655	-214174.78533565864	-216998.91468995542	-219610.66867584514	-212993.86116150388	-147115.777034571	-256577.82897273632	-280534.3158230852	-189380.29731618793	-197218.7403214649	-127149.98906715756	-151923.95494225173
430615.6614710871	430727.87892755336	430907.02402838884	431184.4089254981	431533.17481029703	431918.4091384364	432294.6517958411	432597.36709525605	432745.2090836091	432621.5563030283	432051.0909678614	430740.0405510439	427780.76451807684	423907.1501781368	420698.5494004101	417526.6905080956	414271.79848595586	410909.60776899493	407415.96907858277	403756.26771148207	399941.7847484706	395927.5673192059	391796.8294762768	387374.6077839904	383028.5329246894	378350.7309241377	373570.54201621533	368717.4395553292	362849.38605383696	358103.1733634725	351702.7725185601	343191.26020380965	340683.9565080922	334277.1597686713	328976.4352053267	321042.2618250531	320212.94626511313	311334.1205941317	296335.9650769638	293961.5140561596	284961.34718330874	281305.8267840185	281807.05581774557	267222.4857222945	258233.21754007303	260535.29996905435	227711.4391325962	203928.53509271686	220711.38268402423	203912.02524352662	228255.16717948864	149909.63375793927	139434.03271041025	143663.6512055584	201895.07255474647	179381.51880007546	165104.31444119144	130499.61890470638	139023.1078805498	82298.59906164795	120978.49115764193	78198.87644571828	111411.44667529134	88826.8535722107	78598.66187342344	145160.60820411943	89214.49766173592	-94632.33920057554	75482.15314754419	-17124.278854563658	-141587.80756462627	-52239.72722703399	51712.75702556729	-113438.93543041189	135515.44317236467	-101902.45647632057	-192121.3035203452	174999.95430745353	-120219.7811483788	-125647.04672323435	113739.80800873187	-114454.98071622528	-158034.15161203349	-21176.323883385223	126427.6100736204	175822.875606363	-169002.954594379	-311343.78287096746	-194379.22444612166	-69073.73850181914	-312748.42935681256	-124539.29749213404	13748.485380677332	-212268.91625391511	-312992.28626034147	87464.10182681802	-12398.427149677358	-221951.48744391842	-164746.75050784176	-281655.201450553	-131982.8389052272
431057.44254015834	431195.7449228409	431379.60230501293	431661.57978714845	432021.4917466763	432431.0068584631	432851.6169899264	433231.5484677004	433505.24308209814	433585.21477040387	433350.0764103595	432622.75143907516	431080.61818197515	427779.41875713	423533.21273296565	420048.8404648685	416626.69009030197	413148.2450854398	409557.4546612015	405829.9682740514	401933.3940346691	397951.867315544	393783.91995534283	389443.8256413594	384793.0095217671	380295.965174667	373752.8423673686	369069.22017725726	370222.7367846079	360058.66571522277	354196.0572308582	348678.22343144956	343587.7595023029	337577.7091130226	330542.3692027777	327017.0619476615	318467.70515834057	314147.96334155445	296544.7117692659	298192.73392818315	297038.9404676705	283803.06391853414	287418.3750000875	264977.78729956836	255240.45568745007	252813.9267541116	238306.74320817745	235181.01932164648	236464.65281041485	231976.6227987387	225938.7207106087	218612.93307101686	191611.8395116488	190506.1157226924	229716.42710017884	164967.14013270376	164170.61669858004	150874.6541502836	146056.1982346776	135793.01827179716	105718.79709269683	137145.54813454248	119199.5570475653	148149.55872239458	103909.51871603524	85684.3985936956	43368.13464152691	-39706.018233549956	28658.107013771136	68601.31349308143	-97843.35913594998	120561.94144509552	-46353.75821835239	30037.52174773632	24029.094401301176	-55801.06347265863	-113296.6993820229	83565.0972460091	-85789.55623531772	-87572.63353086222	21670.051217798085	-218529.05808806611	202390.16889655014	-121084.97257217969	-214512.2989646814	-198802.35770438012	-185466.8347284011	-273079.18693309516	82209.44242904504	-162946.85784866282	-327239.0422093806	-122282.51725866	-71487.59636061027	-13007.640399553988	-193104.40270251577	-342363.6414275718	-361766.54780456267	-142438.28588426224	-295118.3297254658	-249927.21092328022	-435707.46319044323
431586.0599764436	431701.65390803426	431886.7272754829	432172.23928946484	432540.97157163435	432969.5900683944	433424.80177358765	433864.2212647786	434232.83309826005	434461.3864932879	434460.3151422531	434101.68456056196	433201.79846102634	431423.73118140205	427776.7683876496	423153.9637968032	419390.4947795517	415715.19314871385	412008.17496360623	408194.41260123387	404267.06089133065	400188.52250484395	395898.1402272215	391595.1150580673	386983.6175939242	382297.2081188198	377500.10834663414	372413.9905139496	367211.93382329907	360036.8454227646	360393.8017090244	351668.7366514698	344854.0002371171	338588.8298759178	334134.96508930536	320970.8381343596	313890.49504838226	311978.77217163955	302993.12250503333	295011.65525288804	288443.001939385	286261.35105426324	277478.4560594282	276425.75815571	270273.92850902193	253235.30651844462	270960.81508088583	244620.42117115465	231696.64950954175	227721.22521653463	215259.65469118132	210117.43409272254	200981.46405461204	206131.48113832605	204276.72440119024	166785.07712112466	181636.39952448517	146387.03367949842	144241.95390164905	113567.53636136878	139385.83673075	131965.55453332217	177158.29785603686	122767.3304397781	99217.41239990812	40350.40551203478	123620.21295990673	79618.37069351872	10762.113869685156	15085.455709636735	-14003.633387420035	61607.398655166675	-61123.87658346741	72858.2834533868	307507.7202703403	-17933.927884247445	11447.346596006479	19942.005256691307	-57956.86927405925	-88513.3127059075	21580.48281994142	14795.882794156612	-1429.7744855211931	-66761.94424949377	-69414.055571504	-155707.56813143205	-115964.14980087319	-99534.76781533338	-80216.47748893552	-43969.5712912138	25878.065957702638	-70845.3355115478	-357554.59086025873	-244816.42482227646	-212759.56186226982	-222254.2305980581	-266012.7597910894	-363748.97674421594	-265372.3963114402	-500636.2009559665	-241662.2218538468
432140.9687863015	432242.2496545859	432427.8283192189	432716.59029848693	433092.98748109787	433536.2357633565	434018.6501561768	434502.4844416604	434947.2604794639	435290.5527556354	435462.5797060907	435367.51301096525	434875.36967349396	433792.59354563634	431781.1389742826	427775.39047140424	422776.0824125652	418723.8612725045	414798.2976787143	410842.6860565744	406810.7583077001	402670.6540967569	398402.6092757078	393956.387254375	389384.3606833391	384609.1824213239	379818.6487988503	374651.759341377	369512.4185275939	364277.4916975947	357447.6033561831	350555.81914805336	351492.66686775564	340402.2921813697	335276.5161304961	328399.9934582613	323323.4429047668	316097.63492045813	310142.4820734176	303172.8693479683	293110.04003330384	289309.45415658824	288760.7148984519	256050.50777401606	263362.1078328066	254224.56214486464	246223.4966186331	242560.3725875903	234869.06490122684	216263.95906189113	217244.89702736138	219817.69002911897	214738.71943007555	180792.27509219042	208781.78971052758	141634.40570490732	170872.8410388425	154005.9943110295	319841.3427419508	170981.2223497384	72710.65218570759	56003.25828953867	191198.55292002292	96113.59287901846	80048.23179334257	105139.5256846777	76894.86759600491	37330.11491402722	38274.72026664327	41603.0594925973	64868.91104338801	533570.7555566949	25899.808843331237	107454.99181174528	16590.687672319065	72042.90139606275	13410.65769672615	-291715.8290601636	-102358.7407257547	-13643.916170789802	-180711.3422385009	-208516.2982668818	-60631.22598187026	-37411.465372457926	-208364.56234466267	-77741.37593787687	-227496.34695628757	-45890.293417442066	-133332.98173468752	-378492.71956419706	-116646.3164271721	-26868.636350915942	-246807.2186473235	156522.90668359335	-178333.77824553516	-550170.5117180196	-72890.89283454762	-140476.5265296222	-308375.5224658391	-351899.2142943723	-103077.45660210535
432712.50215838425	432816.7936145863	433003.1536485686	433294.24327284	433676.58176781755	434132.02104487544	434635.22077295656	435159.0865171997	435661.6749176612	436094.88162423106	436400.2242595057	436502.41588448634	436302.3288872294	435667.9263811736	434397.54978749115	432134.3701633561	427770.67176211433	422392.8665384192	418051.2717435861	413869.0981323112	409674.63104619115	405421.44629145303	401029.5233256979	396556.08928610437	391947.2322588511	387126.3772134635	382235.3270197857	377147.4524072627	371847.5891205809	366574.81623389345	361195.88701372145	355153.4423662143	349509.16181639634	340652.0728486011	342277.21049196116	331106.7818886828	324561.73372365435	317949.792916986	311081.51079417876	306238.1763047482	294781.67113618605	290431.45005641907	273834.7140657185	273697.9365435701	268646.5077830676	284787.3451435533	251790.42338008917	241598.90173144062	228589.50750842126	224971.14103111048	219855.873188295	228642.6808894701	194548.03603066673	183772.0175495898	203975.8670733808	161512.0744348127	175772.91798094352	173212.7982109987	136444.8138168832	146399.64485742414	140565.61233229545	127613.88863625698	135914.56285715062	175772.5884505986	124958.72749852418	36957.426507129625	58755.48882555397	61968.11582393566	-750.6223751874641	44765.44002982625	55056.38640274783	75758.96809945995	-74656.65256752301	22097.68903863756	24939.117799474916	25682.159341766906	-77174.94681943423	-43919.88942672784	-69873.7864548036	-16397.09009509982	11219.132130108599	-64284.03800932685	-72060.90489920333	-96586.09856225149	-66271.03420433262	-154523.76567462838	8280.568642214814	-310536.8469219785	-104948.32184775599	-229969.71680472145	147763.51460967254	-164186.17244590138	-225292.6365246771	-251132.90899288608	-222272.8866289836	-274020.8344050629	264485.9761486104	-206584.32383404637	-348068.6206165059	-227986.1433453096	117687.05356511433
433316.90932245314	433425.33362303936	433611.88075115177	433904.7220142817	434292.34964638966	434757.57448671217	435280.27825404407	435833.25776564627	436382.1473943728	436888.70606003114	437300.60049073683	437555.6112212985	437578.17731167696	437265.1026794222	436478.74166695477	435012.8167074734	432496.6197417563	427762.91661251924	422005.607580653	417371.7701524834	412922.23575811036	408496.63367909536	403994.749612441	399399.8912969168	394665.41395677225	389921.8314640399	384860.0121315384	379822.32824948867	374476.8254253086	369113.4794285172	363714.6279039876	357887.75237286737	352129.92325528053	345794.7382182271	340034.3402598792	330128.6306029561	327797.62536069186	320857.9101515578	312011.49193763844	299858.94783632475	300665.4226760894	288878.3554332795	279395.2470057633	293586.1379470904	264834.92999356176	266554.06045834726	243367.98351484566	263930.8805247851	223137.65283675265	227509.24867873924	213179.31903006329	226867.98477365723	192247.26130721072	205616.0800036069	190839.69854931143	141695.99248457584	87895.66688119416	162441.5646702876	149531.1924491863	153244.95673693233	134129.1317051702	176710.83227779093	114678.4619286108	192616.452254952	88837.32104628417	184098.29432695726	25359.2793251705	68135.24615618738	-20130.159778234025	60853.42151347286	39372.0195978001	5475.063898843713	20556.307450542576	-36522.779421434505	253774.72052645037	-39236.58271316433	-104275.73584512336	27118.367161474132	-98116.6762222774	-28681.207617971464	-74868.877485912	-169467.53997500008	-85100.18224099843	-81623.08272437967	-84167.67126324703	-68153.04945511097	-171688.2823141964	-89422.76623004716	-115774.77043356869	-122455.37185651268	-101675.17986686953	-169257.80754110526	-183918.09245667543	-161246.03944299492	-108031.29917100823	-212169.2491428748	-145467.0671278155	-65949.63681570714	-257816.80212984834	-265292.09740340704	-300853.10108443786
433951.5836707963	434066.7257911044	434254.281968977	434548.87913324294	434939.7484561785	435413.57583367435	435951.10833728506	436529.2104376074	437117.3282388859	437683.14042519784	438179.49154301273	438558.34150816867	438754.38145681814	438685.89757054957	438250.39854549355	437305.6223458086	435639.0117629994	432864.0888176427	427760.30966117204	421615.5080185143	416686.0910871864	411985.3199747885	407307.7654065198	402602.79194829037	397802.78694811434	392867.54706047795	387838.5655918582	382612.5632274526	377356.4632898705	371809.7035890485	366289.36595289124	360591.4422277499	354563.2292976084	348474.1345298	342650.7214919738	336074.19407364324	329579.2318170714	319840.8869760716	316226.6976899667	305401.1954987477	301397.01686672686	294593.38536705315	290038.2211861251	279862.3772892834	275351.0935254535	257236.25868077233	275049.68308964005	244941.46888527094	239604.52412598947	219897.50537506043	234869.05762849777	219869.96059503377	214201.30660906463	199129.63364449277	193248.0990826076	171152.1707323952	165482.89391755842	179732.90905544703	150525.91241142183	152241.4550179239	174002.79466800945	111558.35503686912	123468.60744946747	81974.3092463967	154562.7733932343	114164.42361762823	82842.10609185603	24253.987199874304	102342.5728884142	112935.18787608383	28821.66195296758	59784.06114685006	211822.26259807806	136213.89982041722	99770.5430250002	-125214.36944558338	29149.7509622614	79997.85407616495	97513.52066751773	20461.860797472124	-46560.79733353446	-7110.047082250647	-9091.645525948086	-161184.1923553293	-161138.05879889044	-98219.74588731228	-263027.41692655225	-153024.1466241618	-177129.1860592311	-47715.43846649252	-243584.40131748706	-229251.55555817363	-237140.91154366737	-351211.30521595484	-105855.45862020802	-207611.41765383148	-273508.15850904776	-212829.28607278905	-232420.1784394348	-286971.26475503127	-138698.93067926046
434654.60197412426	434742.0198794122	434929.2359210299	435225.23112710874	435619.38120685547	436100.11339970754	436649.809537611	437248.2900452015	437869.05324168847	438482.3633141738	439051.2722802718	439530.4226451036	439864.0591095151	439990.37516223063	439823.4032268923	439256.9049914645	438145.7350107134	436272.50627720164	433235.98908444965	427745.75233699224	421228.9397440177	415995.2236464773	411020.4718448914	406103.8457334572	401174.0090177992	396154.0386100646	391025.88462965394	385759.055030639	380408.01907783985	374885.56570236624	369252.3419855615	363455.3291668032	357683.11441338045	351473.4264031386	345163.16266780783	338964.7470668619	332380.9331547798	325388.2456009591	319606.5949702117	309066.59169522853	305529.43194348	296414.83762760664	307336.08721390873	282397.71518669644	269159.4109383508	263791.91570902016	259224.8126819416	248309.2416662472	249455.66649166803	230351.32318929868	228928.56743155752	228123.3833116262	223155.46603127714	183662.54683792806	196519.31334575644	173534.29881324345	177138.28396967036	169728.7143244702	136382.21124994842	174563.30541750795	128050.09140590118	154110.73866394843	136507.23137958202	128102.35660047206	100907.705078542	99705.68380847515	76953.76479860255	45353.078759450116	58160.241352216166	63288.2216718634	66786.8395261523	50565.700487622875	-88977.73635854194	-36799.251566309016	65158.798846630205	-21859.582746242	-30636.03015165933	-62295.75283815531	-95481.16701075406	56559.370848085324	379513.49082239246	-39634.31102939235	-108382.57711826608	-129233.380560263	-99172.75287377211	-143249.79854610044	2586.697175749985	-146067.51893939095	-114897.44007322966	-135565.34701971145	-178900.94428645563	-242346.2671181035	-53819.464577482606	-236153.53847577324	-164485.6799529866	-156410.90913035453	-500315.561292046	-262434.81405409187	-196950.7760466488	-303099.84026222234	-95722.46057843132
435364.24775422894	435449.3123040398	435636.85629873694	435933.88269143197	436330.7704160421	436816.7455011346	437377.10525512643	437992.8756578789	438641.71939970594	439295.638340075	439924.04082468647	440483.8257285484	440933.27636319614	441213.97582227533	441261.16050237586	440987.20468256046	440283.94597928185	439002.6154641356	436914.31589322624	433609.93893662625	427744.7751859852	420823.2451847002	415299.4886882976	410068.45604105765	404904.6929649765	399717.6616548411	394461.1612631381	389138.4193141979	383630.2566724518	378138.57370228734	372365.4228949573	366596.0538932912	360624.3303393318	354427.5297177594	348202.7171005385	340020.7510674942	335500.5816387223	328602.07676556247	321926.2100287473	315434.0292146443	307918.91363796714	298672.8090716153	292460.2109592447	283004.2251867613	278840.579848456	271140.7316579334	261382.56437942764	255709.7866122566	246460.24144469068	239021.32204861456	229508.66309475462	248481.44591643807	219361.15894302825	215603.40198412962	202294.41836049577	186577.4696728249	180575.41839902994	168893.13790954958	170289.01772670884	179015.44368581387	158300.04174858966	127110.20415472827	164032.9185769754	142446.83772074507	97849.36335941491	19688.251775674464	79761.90817938774	73599.6158530431	57526.64269495831	64413.08338161948	55070.424902607745	-2838.5730739255087	-52016.673995583435	-76407.70884285477	-20511.81180482317	16520.6052357874	-43428.683242568106	68789.31096018926	48300.71007424133	-92868.48426055926	61726.26490222319	-1069.4332638417254	-72937.5891909253	18376.462044252257	104894.68778204598	-61679.809982449806	-133398.86387777206	-233350.32520142273	-192528.49798364198	-187205.04910211253	-181983.25903330784	-191773.08042325207	105761.10618124768	-7807.66570181452	-308326.70659557387	-300895.0158855225	-118955.16824731376	-108048.76769628067	-226496.18326230015	-29008.84623227775	-95401.77334356197
436096.34911811125	436188.3560717371	436376.1628233407	436674.0677739252	437073.09340944263	437564.17052833264	438132.74470892496	438763.8701048118	439435.25902509637	440124.2994397312	440798.8459655919	441430.9222570684	441974.90431122	442385.4251786555	442604.82419525104	442563.96091975	442175.52596715704	441329.17698541336	439867.8648056994	437563.64685100253	433987.47395608336	427742.64086092723	420424.40159727767	414598.3711284672	409092.24996496906	403695.5210814451	398240.0695597184	392755.6156337648	387253.2456290713	381567.85901638103	375866.7223790568	369840.7837922406	363989.87574762077	357813.6646180263	351442.3642652847	345231.6331290941	338726.906749868	331558.6504732803	325096.58382296615	318030.5470716918	311294.45563614945	303905.0769159273	295615.86045433715	290006.98513804685	274196.060234875	274187.4030213494	264892.90101374016	254637.98674086534	244888.18736518064	237841.92086862755	235046.00585748913	228420.32415099296	212643.46562685858	218871.94043517072	199442.9017036126	182323.08202720672	171838.1504992232	162847.3877014274	151487.61409224948	132158.4022410123	156104.31784221512	151775.69355868985	97990.8213290521	92615.97482894722	104572.66141247883	105741.40477233782	79652.94811561098	113674.67474547989	33218.19892970903	71598.13216242514	55054.77102148143	206396.17327258777	29355.927327710087	2001.3100796705694	95556.81570673216	-51175.48896019795	37018.943715423404	-88738.53465434915	-58470.547922360885	-48348.99669617874	9446.539725930255	10728.043064476282	-100470.25419658219	-154734.83387127268	-54651.361167654686	28056.6743558328	-103166.73613990325	-81118.42955123942	-81666.75090968661	36439.346245352586	-205676.46850470512	-219083.5955749576	-146619.92293191358	-251180.39574646304	-133416.89529644832	-234298.45459011302	-233143.38495761418	-193088.75694830203	-327063.6474053779	-224047.0123371029	-222385.19075636292
436847.7714704873	436959.0343549817	437145.8549291846	437445.6627377385	437846.21597420325	438341.0464942593	438917.5424122661	439560.6064602894	440251.0501894743	440968.6916201482	441687.4697922683	442350.26470391074	443002.2645158115	443519.7123893649	443881.616733318	444032.8047957762	443896.61934366106	443387.05194797594	442389.37231896905	440746.2487879865	438219.2155998676	434369.19335686363	427742.521196802	420022.87095770385	413893.5275918509	408123.3096850473	402461.24595988594	396817.05664286955	391121.2794271716	385364.1929691011	379510.2448153928	373535.34031667473	367415.0486949182	361349.49930881563	354930.2321931553	348367.8665107798	341853.36504662613	335069.1140858584	328322.3150378939	321188.26174755517	314181.88911280053	306540.28950131667	297492.44732105656	292394.4605941994	284980.0266905358	276248.4441531628	270638.6311802172	262119.1181219074	248331.87073004205	243335.58445334813	238843.73661195702	224275.84297912364	218224.57361358526	206459.78276821418	202069.1399772226	210582.1981309902	254747.20187630208	171053.4390622159	155485.97401336062	149221.43123865972	145765.1155095959	97177.16317207058	142785.91604809609	105785.19709989947	67022.32374294795	94045.18423953996	111662.63462017436	99877.42943912005	87326.94755903701	47029.51824716688	47539.06869639194	-147005.1108942699	43918.5181124502	28698.5072909022	-55277.71709292359	-3384.6752651495626	-230949.7394586306	16085.072822661197	-9180.556807019806	-38688.781949482975	-87204.16202725162	-110602.09375357156	-54780.4359460625	-88480.86456531432	-140124.77885124047	-122880.55975695536	-236433.53638203698	-2478.772757500352	-196356.35635037778	-283964.66804303596	-241478.08882663707	-78772.01070023299	-189668.98523204023	-272506.602827097	-138014.3402581163	-174459.40399437968	-337656.7355660123	-281934.85722479905	-286055.82220042375	-310163.5285083836	-603677.6953078415
437674.15051009314	437760.4630140181	437948.3984674806	438247.14683234895	438649.8723640886	439148.17279427144	439730.42674712004	440383.9664242806	441092.59148663905	441835.53700376727	442589.5895040676	443327.8374710192	444022.9101076251	444629.2406932114	445114.2361578913	445422.84313836443	445493.79594496725	445256.4399574488	444619.16930959903	443466.5365806177	441635.2968132303	438881.53094728285	434753.23844780744	427736.6303635963	419619.040587956	413185.18710807053	407142.56502884004	401229.69304634485	395370.7770480323	389456.8185690125	383443.08046480204	377419.63774992264	371166.6262931665	364935.3150716697	358592.03779157676	351991.1776042524	347298.4504371129	338596.81244054605	331656.04485480656	324536.79604445637	316661.2851470176	310261.6942408062	302366.63670108264	300762.0422420839	287949.78056313057	278405.70012484683	270425.5999345455	264902.63118568837	261846.9303995049	244314.33269363217	237968.38147739595	257398.34434653475	206090.68490415806	216228.98878898338	204805.2629031394	205285.25095535297	190385.1836918422	180222.1623629834	169267.87023737672	165185.26443555375	143076.71845366835	131941.78620746668	129525.07298863138	119721.72540343978	83072.6085634128	108774.74727444776	160533.7793298909	53014.763081079815	227820.74115475971	52127.61586144997	12819.512596815592	57059.55199389369	61028.11550357047	6539.958438105008	-49959.984643054544	37378.58805429918	-3509.1603300163406	30610.040024310758	-16070.086271496897	-7911.31296604767	-56080.286604859924	-84417.297286866	-65148.37713168928	-89197.8212602514	-37587.04637907626	-152179.10613097664	-75083.36917451117	-118711.29377468769	-124213.03338070557	-165740.46914972912	-103938.3314477416	-138921.9936637099	-193679.0822412417	-79527.00399899605	-355716.64880700206	-268659.2314180355	-491868.16450734244	-127204.0456262668	-372531.9854164798	-170922.61328571575	-397616.7429980762
438505.97700207	438591.92016885645	438780.2709601167	439078.45605430455	439483.6097005823	439984.09281305346	440572.3941425521	441235.09267611994	441958.0483278038	442721.5116500924	443508.1951755321	444289.32460319897	445044.1600379553	445729.8650552312	446315.68190257956	446753.3566158419	446998.44568566984	446988.0315979813	446640.8305848232	445872.10857452225	444558.63464051805	442533.3135787539	439549.71192758594	435140.96978172305	427727.1815359712	419214.37467359396	412472.61210651364	406159.20793464704	400018.89763634204	393901.943035533	387761.14169290505	381505.62206227804	375310.9045644622	368834.17969195236	362453.25466256967	355854.73991260823	349117.22177597607	342371.39102312137	335440.03317228256	328477.4824600707	321431.2413530517	313673.430184815	306700.721689639	297834.638712153	291916.81751059607	283429.11891269666	268991.4040270772	265891.86739598546	258402.89099053998	250857.5493740425	242612.62061495573	232576.853055968	227823.96119268698	210001.27046765998	203723.42505894095	203332.44006800355	175211.99756543263	181968.86029584234	182712.10063332535	160310.39186976984	197785.20812796598	141597.2184234524	129028.6752633896	140719.76989512803	113151.56478414539	86910.66173787613	80426.13212947623	83921.05003248597	86177.35383364646	69236.1080824178	24934.555392791226	17876.54015567864	64284.56932858069	41500.610137273325	122804.32378407667	-40476.40003792284	15507.633006279182	4232.014345689269	-11864.573786672903	-5569.618988451664	-64927.112553932995	-70805.41172429506	-192316.47927460406	-41203.78564583295	-94813.78609344183	-110480.9590412514	-73611.59600044292	-121694.01534773759	-83066.66599273944	-166656.62613756873	-128475.00849665387	-67602.15014259954	-143795.73868099944	-185096.17918760428	-169994.95959078328	-140001.522615893	-162917.7938902686	-414715.59096056136	-337375.93618627626	-206573.8171050616	-135363.10967702948
439367.39622732654	439453.47055678006	439641.75005819084	439940.4569722666	440346.3001255093	440848.2792873863	441442.2291323308	442110.7613668661	442847.3635215564	443630.1744425358	444442.49808136263	445260.92578066705	446065.533965553	446817.84222915076	447491.7648539168	448047.43128330045	448434.42349630006	448611.12863630295	448496.42015830294	448046.110262386	447137.2518820898	445660.16571952036	443440.13789130404	440223.7653302871	435531.1382905818	427719.7302614501	418807.2884724512	411757.2862027678	405170.47927006375	398775.9768033702	392399.50971522444	386035.2012506328	379603.528314309	373178.0028079376	366553.7568492593	359917.81667056534	353111.46259063965	346334.46133442054	339288.91642770806	332073.5374352171	324710.183955798	317440.1816249425	310309.92998748185	301780.4925811515	294568.9747033853	286822.575101806	279253.23078667215	270035.59133704327	254727.60920719692	255489.95925642975	244996.66988747456	232892.58163857803	241410.39262854058	221313.17091264698	221436.49753421504	208574.30682636524	194895.39248029707	176996.84947539557	212273.7226797194	163860.12725137785	149574.09322450688	143389.86439979955	132204.15585117927	140103.1452052013	121866.83487622079	71236.90340344183	85528.20737246698	49260.00508658291	76702.41425172734	71120.56355554244	94057.66463421303	136923.91207057406	58863.685381471296	34293.7529441166	23751.985688377812	1656.8543867248227	-25196.533870739106	-41530.02148967591	-26313.865933919267	-90774.20172279119	-52949.94022099121	-99494.89244822034	-36111.35790371656	-220155.47079435684	2852.4394064844237	-72930.02129700145	-156903.87598733354	-100296.33831664425	-81876.84220848879	-122281.31969473435	-101892.93538222142	-89214.63643889345	-172186.49465082638	-137943.97957572673	-148492.39196965145	-124450.69805081724	-196582.54570847127	-271717.8552555212	-142422.81599759887	-305558.9305491974	-466887.8670733701
440254.46269671986	440344.2510836715	440532.03219374333	440831.9911111623	441237.91332939506	441741.61598609	442339.1602573088	443015.29366813164	443763.03330479	444563.0159240963	445398.2676155413	446250.22868958226	447094.6777960553	447910.4617465353	448665.8146083444	449308.22276412364	449820.74704399594	450155.01772682363	450255.85236791155	450052.9142686165	449476.863260477	448416.5528745434	446775.3026373175	444355.33126987185	440901.9299735785	435923.02697607543	427714.07669869467	418395.92390811985	411040.30021039693	404180.32937498024	397520.1683369511	390886.4855395784	384351.9651400999	377702.43761903566	371027.0514107993	364266.8940064959	357447.7247688056	350403.89229337574	343709.6332987529	336231.38160045055	328806.68371920293	321587.6058524341	314660.7895540293	306773.235518087	298665.9740223692	289950.4173289367	282047.5300085578	274510.07027216005	264899.5411066369	257233.65761986683	250409.1461217653	240050.90914000553	232912.90823567292	221774.721008148	222689.7079517729	221684.28777797025	194111.70735429885	190974.1183969662	179436.139386023	175633.2263385966	153333.5620581471	149378.64432778786	147485.3067107802	121329.92358941748	93814.07460296544	126762.05177513027	100310.03405657521	57362.132216975966	81337.77824472304	62893.976670303906	58242.531675738865	95187.49532274733	13711.804985295224	41397.119296901335	75273.95134198765	-90955.20016299508	-18457.90687310748	-43600.36767036439	-29357.025709972426	-61965.0196921578	-15978.690003278083	-160037.63184372667	18055.094485153037	-51673.28268292936	48876.105078736844	-71668.96943029325	-184919.63721034589	-135254.31207155733	-213057.6228788676	-216140.98197705258	-152888.20239505643	-242421.32443338993	-198305.49706304114	-238196.42718107504	-158575.3230757492	-150444.8798986405	-375201.79515082686	-183344.8927605595	-236435.82741295954	-183756.5989644486	-307249.5042219214
441175.8388522183	441266.46042656066	441450.93855035823	441750.2766331925	442157.5708752245	442663.67944943527	443263.63797341863	443946.4947074976	444701.96439028386	445515.565854988	446372.4575519964	447252.1701247986	448130.05146205303	449005.413302379	449814.8656831228	450549.76501736295	451174.2351460864	451648.8257859614	451916.2603851839	451934.0839462808	451627.6410489779	450924.5596163271	449722.67385631386	447901.6213212979	445279.5383255494	441586.26662307716	436316.3183008456	427714.67092252424	417987.39215975575	410315.31554448995	403174.52142293117	396242.7819654912	389413.9156119243	382636.5120846334	375809.4704073049	368830.2567623973	361946.1273014737	354852.5171243023	347668.4643679354	340302.6799944712	333179.4730265843	325255.44025276793	318110.88371697214	310008.58747124247	302436.9199652783	295294.282197611	286386.64139935136	278099.7795491359	271771.7270799885	260978.17307595588	245526.78089692997	243960.27390193503	241910.5067199263	228987.74896280147	214700.88279824314	208211.34684221196	205238.26334220503	191097.40483479487	182164.12649136462	144996.15302388463	157859.77981044032	166747.23435064085	148254.3833564631	135425.23037194932	133742.62205130403	125516.79142823158	163542.1573275114	116101.56393295905	79654.92354613211	16098.008570969745	58780.55885450257	75462.49440008466	32066.501865612518	37162.91389414843	57699.82799410325	72395.74729945703	57314.17299377039	11169.153041434416	7805.928038934071	-15230.65236817149	23430.694927308185	-13759.966783672862	74714.16286753042	-162445.09020715504	-49848.33793212491	-7383.070921432052	-59648.87468263792	-152896.93198281707	-152914.62691654603	-282.5953843484749	-124313.57175683614	-264140.43381358165	-139457.2922124031	-200022.03875897604	-188593.92477791413	-253001.93843519542	-137577.90666440892	-338935.11320769734	-274434.79902163247	-298073.66912735766	-177851.36885486107
442116.98865883535	442209.65712057456	442399.1298869028	442697.1515071141	443104.7596711986	443612.05943822063	444214.3627464446	444902.5981639962	445666.29012756475	446493.5322673637	447366.1973092473	448271.5065842233	449184.41011491156	450099.01161875605	450974.8112495768	451769.75439370313	452497.76138786465	453084.83986777224	453502.7764929694	453711.3626237213	453643.7283727234	453218.6774983552	452386.3710586131	451039.3009074467	449038.09175092523	446208.79669151985	442273.38045440713	436711.44345656055	427712.44457962265	417576.36678588117	409595.99395120546	402186.72048377554	394997.2798833213	387954.75886447594	380897.6099253686	373887.7050046743	366679.58301803836	359603.0905203444	352372.3219357195	344988.2547794298	337603.6403313245	330064.6652180466	322403.4438334689	314067.0699702212	306049.10823503736	298404.7526252908	291028.62545760704	282687.11679562315	274667.43586090073	267507.01418512553	253561.97768689744	248574.46226517187	239888.12784766575	231223.1143630357	225096.20901840256	209606.2574412651	204583.16461682733	200679.92069494963	202946.42833444086	176149.9624559072	153306.5266400327	151172.36963511194	171094.98209947575	99166.30900625983	137445.34655970574	126379.69023672823	99510.24323386821	66249.49844560673	111065.02748578432	87919.13020183932	93849.83095381659	32185.78889092809	44759.86722739175	31010.74923561787	-21920.295749916637	18056.155284051376	14084.065795197559	-8881.75723186729	-25707.446819378936	-29648.958272301184	-52204.74599293113	-59408.024729661236	-84085.45087596012	15366.733124268765	-59142.957503671	-98334.7201443272	-40383.46560425154	-38235.269034722645	-126648.90888990118	-158376.6256933089	16907.111148655124	-177062.6390294716	-87941.53863983386	-90374.41476453381	-121246.28381036845	-206067.4045804838	-222708.3013900183	-201190.28884675197	-142486.9143844635	-212513.93505094835	-189203.8816798656
443098.1576723918	443183.5521348903	443373.0721283508	443671.460002372	444079.4665563021	444586.93699418387	445191.9420901249	445884.583022805	446654.3107305363	447492.1404206197	448383.19882037694	449308.175313384	450260.58330937225	451199.48641106783	452134.67853303585	452998.4556010592	453796.5386795437	454501.56639162084	455050.23529159516	455402.4647035199	455533.75784207514	455350.48311376566	454830.2393092701	453860.0421484132	451744.48752915097	450183.91818717803	447144.7536891348	442964.81904844305	437109.265142105	427712.068549326	417163.74910191813	408869.22435967805	401188.5443334544	393768.28284186876	386470.58077150496	379147.7206168578	371962.6140003062	364571.2781788959	357288.7978176799	349792.08192881633	342286.68026066717	334652.7670320534	326927.9732718957	319197.57687020657	310603.8140693112	303660.5848158029	295662.5421842237	286446.46220214915	277610.722165812	270033.66190650203	263476.1470525817	255779.01085656573	245250.52366765105	234942.53628923703	225700.81648916547	215856.32340629975	205201.8536205865	198153.39984609914	173237.0177278915	181272.78392798285	185451.59380499698	163574.67088701617	131705.2786876583	138479.07985895796	129371.81133831508	103169.3958350069	105784.597843508	89013.64825793513	89689.01165861916	100641.0488114772	65502.451748736145	70498.84120200499	76502.60258692387	42655.727290714916	1464.8708146299468	20870.31387031864	15685.717489439878	35717.305099856865	-50845.37943707802	12664.21970126644	-79205.4754342523	47309.21021631401	-86522.82142471237	-46249.36068635358	-32206.773658733408	-123442.69677064568	-20642.811455681047	-75652.8613780784	-79794.2649370667	-192420.474094139	-53196.48572057771	106748.58699855005	-164094.0221379316	-40242.81700564927	-255330.2320027324	-48727.229443393706	-199435.25989250757	-167934.4223048634	-302560.84300428146	-168926.3103397714	-278098.59970341955
444098.05380328296	444183.6123689644	444372.7897734114	444670.73515707074	445079.9069010048	445588.33728828776	446194.8121377092	446891.5754212641	447667.92186047375	448513.163845602	449419.7573244867	450356.9631918965	451341.48211087444	452315.1260693671	453285.92115765816	454230.189992231	455097.3523235652	455997.0914256486	456531.6128082935	457063.0047314447	457328.55980355496	457373.2848725422	457121.4025225888	456463.53022470657	455368.4700665507	453720.77823501796	451338.53770093754	448086.623701209	443659.50525929563	437508.5888636574	427705.00489183544	416750.26222490467	408138.57313645404	400178.4898782288	392520.20928623405	384968.6040335922	377440.36712895596	370068.79205698596	362451.188071634	354973.08131732227	347215.69637502154	339556.01985958003	331855.08158250997	323987.0688890798	316036.0520998955	307782.27142400696	299910.91572526767	291702.81771197886	283003.15498122113	274673.0621672335	265906.9866285746	258483.86084633722	247568.06065052171	230504.79622566752	231616.78883630125	222844.21806320158	224957.5145567563	203443.3031117677	192701.28726628766	187106.58649801643	156327.63323129393	162907.54339771398	173925.92516284686	150315.9585999379	138734.05900603073	132360.52318388858	108328.73416700395	107877.66206353268	115476.31716850161	99567.6081253278	68896.49975506071	66206.01861934009	-3533.929190029856	36284.67078828829	48595.15851766133	67589.81857802247	8895.41946557432	-111273.99795445049	8648.628129081044	-43389.13141512853	11323.833950476139	-23014.41288342228	-89706.16318897106	-70953.07505019155	-56161.39009565959	-36121.37308404752	-87166.5694918728	-80403.54376281815	-19773.934677797428	-151746.70715180825	-171362.96317922248	-105737.48742082267	-221989.2662484055	-146088.67482741573	-183467.903020697	-191539.13208742574	-191441.54775096552	-195479.3474843726	-189025.46228950395	-556253.6083276544	-177623.43389596057
445131.79212258576	445209.63975107734	445398.6594922876	445696.52358207566	446102.8558355786	446612.7665883974	447221.4492593115	447924.1865210501	448703.35065096413	449557.00608525326	450474.8109147291	451434.16049936804	452442.48603016866	453445.7459817606	454450.08869664144	455449.5738235196	456374.75496557174	457216.74339617015	457992.9863244559	458674.83327262214	459074.0371981434	459301.3469357773	459271.17768464185	458895.68566644535	458126.3859424465	456874.45273151965	455055.2425830719	452500.3966757715	449034.17000001034	444358.072624401	437908.96534012916	427700.920468009	416334.8579490687	407412.9197975385	399161.6902271604	391255.90763532935	383445.1463581897	375713.54494241317	368039.82244129415	360337.6501602142	352544.7342037352	344694.3517569021	336902.64643980825	328886.0790076977	320944.85407555936	312653.7877584998	304236.49541420146	295468.7838591139	287930.075208698	279090.5985325133	270236.6614111275	261066.689409077	256038.9120219099	244440.2127617682	236994.12092040112	225996.91445514135	239009.9361674487	206036.27697797614	191761.2163984229	174743.9043057196	179823.35632489022	178623.92562146968	144742.71359970054	149123.39285324753	139469.1638158111	124728.27459971659	112291.09791217156	88341.60791909642	112323.86604920356	12286.533370009507	82863.46990134893	90150.27859576797	37396.05639624788	33820.13960450515	13496.639530710352	26849.403596247197	44652.77249682235	32734.383396705438	-17372.55249707686	-52764.60970023653	17570.24419296003	-37757.89555030246	-81197.14031506097	-20028.48317645432	-77256.72994715295	-103950.49723998836	-93761.4554182039	-86694.01718217932	-14783.955459185236	-92173.05402648641	-132709.6975497593	-39978.09650845238	-198891.68847470736	-98918.97345046554	-75065.21360859176	-272149.67197471746	-169478.11525869626	-308172.75667319563	-200327.5523544252	-210209.39607245597	-209727.4085801302
446184.3066009242	446259.9262817379	446446.7539275854	446746.44832385605	447152.1615743124	447666.3651252641	448272.4864252592	448977.96041010896	449761.8231817731	450625.43463269406	451549.9407799476	452527.06416640227	453545.44980720483	454586.98609649803	455625.1538696186	456647.32924273907	457691.6002242653	458606.3498548655	459426.7795137453	460162.72056355985	460753.04467327934	461127.1590174897	461449.2157435227	461167.7760506955	460678.44143563503	459774.5108603258	458410.7358756513	456411.4596733404	453669.6132043717	449987.6895510179	445058.01874564606	438313.0133981171	427700.04416094994	415920.83923936967	406680.78534947796	398152.621219012	389976.1827381488	381953.7329224351	374014.0773742048	366048.10534471046	358195.4858064799	350214.64097293786	342182.5433890983	334109.13198563637	325935.59998009406	317706.690156646	309443.85051411885	301139.3185025112	291846.3979783151	283397.20821350993	275006.0128526742	266487.12167683284	259001.1517566301	248484.01974264643	240056.3210670937	230750.4030731322	222865.24186208175	209866.63072830654	200092.92509707558	187582.02167393564	195654.27510785294	174735.6108148477	166646.44303731766	160452.55011803756	119133.80775727105	136111.26194011263	114029.509161831	116370.53350575606	108708.15930029104	90407.63000499265	76769.99498284992	87798.14282108954	96386.83079515892	25267.61461381911	9583.437631178997	27461.978492561204	18729.803945700347	16240.000157146074	24011.97907743283	-5559.669218768773	56174.247397368716	6296.781709627074	-27958.344663053635	-25203.155351219408	-57907.461252032954	-44921.64851280622	-52985.40181813552	-53911.46673993423	5980.918245537032	-180030.494638069	-58324.09481570445	-115151.69608332956	-139499.4636426656	-198779.36090413475	-187554.31646623235	-195716.54538965801	-181469.3723278023	-255732.60115628236	-45478.7392128263	-227045.01378653437	-156267.0733634284
447259.01428377134	447334.5530080096	447520.5883804708	447818.81333537615	448225.57795398956	448739.77252949815	449349.221551808	450054.3948720849	450843.3612904889	451712.87034771946	452644.86835773947	453641.9038657486	454685.7210716636	455733.34225837927	456844.26592005166	457924.09172511677	458942.2473699903	459935.1018724356	460857.0960556579	461675.7563054703	462318.4691734049	462904.91565205384	463230.4975187956	463302.5307335471	463053.3400321295	462495.8887723075	461461.69072566886	459948.39015181264	457780.19988614175	454846.1868441564	450944.3356668818	445762.9897477921	438716.0195836479	427756.75899719336	415504.6548716834	405946.6598482902	397160.1576672402	388680.6075275075	380458.9468902583	372306.3770937147	364086.42450635234	356034.03916151234	347843.3499918216	339671.45872834575	331425.88700778125	323033.14823453984	314637.73162436596	305826.6599662337	297109.5705040752	288556.580681764	279581.0779552458	271259.222985948	262177.9243994068	253733.5056578493	246010.8902244062	234699.9973875789	227835.5265368927	216140.6447503409	206113.40540117613	197785.21652919234	181330.07119407918	167298.8005853694	176425.36281014205	144458.53967004718	151103.58750343887	162597.9611551044	113531.37238674081	105464.99800891202	112920.28851417004	101270.76674234279	56734.618792518566	71470.43262614269	66396.23177211493	56391.5504596291	53044.02649254905	42650.96075382916	30379.179757319216	5975.45925968705	27080.74514836009	33502.55108672945	-28623.253404244024	-17672.202595312032	-2476.17016602651	-49741.1091138355	-100688.36840435409	-51122.91024197877	-58807.21654136956	-43969.779762431106	-49959.76936489274	-111173.46146207786	-52995.06174748653	84934.93316039297	-149408.30592531274	-132967.0219968708	-140318.55534559576	-113791.96455996146	-246504.32641753816	-194945.51815124782	-173210.4153274423	-197520.37717272114	-192012.87733912858
448356.9407220872	448432.154387525	448617.03390255844	448917.88510754897	449322.9623381255	449837.1459796222	450447.6270472478	451153.083417218	451952.6116042082	452825.69786720985	453770.68869031564	454767.53777055343	455816.6392843512	456895.36449195264	458008.40300136415	459109.67730701744	460204.06746474333	461306.73281589715	462285.2470290651	463197.9746182189	463982.8317379227	464617.8919381188	465125.6542853753	465361.35437803046	465354.23746752733	465032.7433125573	464337.7191445509	463167.78941949777	461490.1073249175	459155.1964280564	456028.87997550325	451905.9335945693	446469.55563815933	439118.5194819675	427753.3199004087	415088.046260885	405215.0848457852	396143.5039900535	387397.43408533855	378941.2133526025	370578.0138268448	362147.03116215515	353914.8542981041	345464.9973489568	337145.44894275774	328700.5054477922	320200.8376274668	311559.7180456706	302672.64916082035	293715.5410416334	285051.4075423397	275734.9084179721	268248.7018923165	257596.43829206115	248524.91599141754	242589.27619262628	231434.35663688177	240444.2523340998	214577.45244324108	203386.09478368278	184937.099471513	184048.4036817309	184028.12833145313	164312.9911576438	153106.04590277764	136203.26551738253	142515.609466389	131649.54619044397	86741.1906068087	99732.89200536557	116073.57362872915	124651.75946793257	59649.02321561036	60820.342777446436	28661.215323769895	38416.30276012578	54325.974136141886	61120.00937402976	21912.51082418248	-1768.6883578436682	-32950.09922414465	53397.200895329996	-16484.706960281765	-41848.58670209808	-74287.71726185887	-22230.152645830298	106879.2211905389	-74756.40350699035	-85044.05638572382	-88105.17405876116	-98939.74017886358	-103955.53051810869	-217934.9252103499	-149133.48603380384	-171323.09974935342	-120568.134688563	-134899.29619209113	-184353.81282125512	-241533.19781111839	-173260.86076734262	-152071.64603912242
449477.31684854446	449552.28254886606	449737.24485202244	450038.8618782127	450441.81194709643	450958.20766012935	451568.60198653495	452270.33789355884	453068.8941655587	453946.76586709084	454898.72624761175	455916.00187085086	456976.6279638173	458080.1073955119	459201.1042236315	460339.65087019344	461513.3609331267	462601.7005555658	463681.0581798489	464661.79858376185	465523.9289077471	466286.6682744199	466912.48641258694	467323.6827913422	467540.07562676194	467395.2916511988	467006.9042500448	466175.81645196193	464903.90027959057	463158.92745630856	460542.8317699837	457216.2583171024	452870.6557796102	447178.5353457153	439523.5937260383	427752.42143866693	414671.4807476814	404479.7039141544	395129.9682334876	386145.94615752465	377405.0609508716	368843.83928930963	360246.0827161781	351745.4182668187	343101.0870138214	334604.76065473707	326004.4518210084	317269.43098978273	308481.4206164458	299690.34565810795	290473.2404754052	281344.32885846175	272282.87891483464	262825.364233543	253458.00081739383	245193.9859470268	238309.43020405428	227890.2775473722	218085.37448244792	208516.5717946394	197961.53455853736	198038.3826672638	170109.15815774555	170209.3616016892	156970.73358522245	149094.51346648188	136467.79794064595	118930.63335722097	152479.42531612987	104895.65429956344	70591.3252536541	75775.7936233058	111257.96683154948	51900.47310886276	51273.33500936319	47548.876520585676	34171.21269328828	13939.453552837193	20910.493470546033	46683.11152348638	-8030.413480735326	-41470.76963595941	5988.677151114971	-51613.15640662599	-50485.83320023515	-69726.99250160734	-144139.61139203282	24663.28404786013	-54558.746595512435	-99026.37284061138	-91652.2293586373	-158013.88722001232	-95259.68076179054	-238155.21918422077	-240577.67551239784	12563.301109673746	-187149.89154594595	-285923.7306078624	-105823.51493941719	-245133.26094663207	-273649.34302947577
450619.2985142866	450694.19992719445	450878.2115520412	451179.2856087458	451585.004051386	452098.0098404189	452706.11484288675	453416.7299563471	454218.84559751867	455099.1662148184	456055.48028720653	457078.27236432285	458160.6420681903	459279.86049778183	460421.99316802766	461592.42066430795	462819.91568096116	463952.2141291104	465092.0165242651	466178.281042695	467075.19305083127	467905.73656012985	468649.55392718216	469240.85691548436	469601.61640206777	469723.1704325064	469526.0219959382	468977.7802941014	468034.7200218519	466609.47698417894	464611.4429564155	461933.46068686707	458411.25433010777	453838.88657211984	447889.2819043154	439930.12968848523	427762.20765981654	414252.8326151305	403744.31860052975	394104.4406272256	384899.0995155415	375877.7175271457	367103.58006638143	358321.1721151502	349558.73858310335	340796.59564933955	332089.29103531403	323185.1021415663	314365.36600046285	305476.7966094112	296486.2380710756	287325.8033787279	278497.0916909326	268815.49760174815	259301.1924647552	251422.25676138612	240989.1700401408	235185.74358674214	222634.28269485728	213777.72029945912	201601.51519995072	192989.19373524567	185053.85736064898	192953.49896670686	156524.359508253	154071.80549261678	150603.03289884544	138931.5111928159	119250.24698910414	114009.43508328276	95641.68636213843	68818.54271558468	69739.00061538717	49828.40340628527	76137.62638299086	55597.78108504083	58655.39349702437	20069.671613420418	7645.328622113506	29557.63500783831	2066.2041481770575	-69651.20552383852	-52133.63334557653	-6033.9935440698755	-44158.546744243184	-59555.8419615507	-77205.57993344514	-14549.394229878148	-60230.08515503985	-48509.57405828399	-12560.626594643516	-115729.94157501584	-83961.04136412498	-242310.95409006375	-112937.70408225438	-159850.82486976328	-175624.17361329147	-94919.03505750705	-180768.84782767692	-177872.20203949715	-45149.50426745141
451781.788737224	451856.6778647933	452040.6994078244	452341.6781795575	452744.964516508	453257.2789568322	453869.35554061487	454581.17915219924	455380.87941949157	456265.00247700285	457224.2839093876	458258.81909258297	459402.2505790025	460488.357566343	461664.74194810184	462841.76297997177	464055.33682244405	465243.96107269084	466471.91654660116	467527.84817025875	468574.69101618644	469537.4522050543	470390.3669828367	471058.6760087283	471588.6345627119	471878.51630411093	471779.1309568795	471547.22262205096	470988.6661965105	469904.0714228658	468352.7307098937	466199.70391206414	463331.6470054845	459608.03155607154	454810.174731084	448602.15344006306	440338.7549072026	427769.93464195187	413834.4693643343	403008.2599317263	393070.95816893183	383638.52154175396	374387.47454837564	365347.54497696535	356380.24355623365	347412.6892979723	338450.4359401643	329527.1861655431	320483.5308217543	311457.9942647968	302375.05466621235	293238.4118108503	283903.4734626499	274847.2573118979	268220.3030072016	251724.2203140001	245899.7151920093	238105.97947337624	229721.9088153374	216283.69805079565	210675.30383671547	200045.67875776166	190409.81041957292	183113.95264301874	168706.6293122818	158713.6053788992	153419.84064069059	137193.04361280455	130316.85099016083	120619.43910018	110775.20451901073	90626.45633164252	85410.30631812068	73021.23302867106	51971.914726044924	64847.404734644864	53988.643132152385	36637.57673844503	17116.052132298297	53595.79526374914	33135.18457418465	16762.21413512103	-6897.1760830513085	-48026.370696128055	-37997.77139801305	7621.532328471832	-87346.49421271082	-64995.994147150894	-82318.57417350897	-97897.78510649916	-97101.61885708157	-33843.619865533605	-73964.64241437177	-149850.9735354238	-139900.2406043808	-185778.16881382564	-151267.79064024845	-188587.06156244565	-209917.3141484671	-163835.1743690854	-128218.28003955196
452964.07705303637	453038.19178690907	453222.8209666828	453521.77343746234	453926.79373871017	454442.3719227403	455054.067229513	455759.91397910676	456573.85584768216	457452.20379145717	458425.61098745005	459447.6722248558	460560.9676116849	461728.9278930466	462902.382700007	464101.7330551837	465339.790298124	466583.4585222728	467772.394108326	469105.3440949539	470037.956756346	471207.3109791162	472068.8828727486	472843.1885574089	473508.4758795341	473934.3417253105	474152.9108873766	474234.0349509647	473752.6270184244	472998.1758074199	471778.0569933701	470092.33123033104	467800.08996645355	464735.00706924737	460810.10362130875	455784.20706187637	449316.6725455003	440746.25973550376	427767.8340253869	413416.328688848	402271.8032329083	392051.3324666317	382368.31186547544	372875.5455723833	363582.72096390004	354433.2591650361	345240.4550639572	336102.32780908974	326966.87366288033	317770.36188028025	308541.9963840796	299317.78973317955	290097.91487638786	280595.8771832331	271309.6588908863	261113.8533627785	252240.62313344394	242024.04328668962	234778.2322619445	225360.37006538274	212735.64443070447	205354.66847643413	192376.1243780477	183474.4449935442	175442.7055002625	167456.63259326114	152212.27777566604	161322.90865227283	132082.54054904188	122893.7656675714	113412.86375040613	101918.99727377255	118331.85078934027	88814.33381893794	59213.518912932894	43421.53369443322	31822.583113494155	42436.02685585193	24804.424734449596	-1489.5211815265939	21355.817670157936	-38548.52201762603	-48158.30589248106	-34503.133474939794	1400.3675311892875	-100901.48326088378	47600.07351195667	-38577.13485735882	-83456.56235089671	-71096.62483092357	-104041.44577006117	-122955.86629075796	-97973.47986441705	-50010.69676283508	-134602.41449580452	-164192.52291807235	-189641.24497872498	-180161.69028747338	-183508.40490450052	-150419.84194172168	-202035.64623839653
454165.4889441039	454239.32461268833	454424.21549194626	454724.0795540922	455127.8908390357	455634.84464864904	456249.1433075335	456966.1020447041	457763.5567480381	458659.95308640314	459630.0554069033	460672.931386406	461780.592811229	462956.4995115494	464177.87700301834	465403.2714910844	466645.8511741312	467939.3888005169	469166.6762638782	470354.6303504429	471403.8981912274	472659.56349383114	473545.7157130868	474597.40229752025	475423.5120108079	475980.99637853383	476319.55403821	476487.7842947931	476291.0309433175	475858.0644323967	475028.40973129234	473704.6452247247	471796.43066817214	469370.3571041921	466144.1044229571	462011.95761814475	456760.90023226786	450032.64191693865	441153.73531088914	427765.741538202	412997.5654375328	401535.25517277577	391048.72537651606	381087.36789089727	371383.54942847526	361821.33911169745	352484.46817278356	343097.27828932874	333798.39289239194	324450.2170961772	315096.4650463764	305668.678738138	296274.5621193541	286840.85127134976	277278.8441111707	267670.85320651793	257233.02511925093	248436.8544901205	238956.02966795227	227910.49975055672	216999.04865890724	208064.20326136675	199744.2930085378	189252.53081763518	179753.45476398588	169844.07298952196	171894.1634917503	146236.6932708291	161925.83944843785	128853.3508644994	110460.64652909263	106903.38245768141	79046.92397338519	69415.6038488418	145096.1600644837	58999.499095966225	55456.17119905405	35442.51895158726	21879.8841500766	32516.508474040485	45473.94795920077	-19306.729476819222	1323.8648855481879	-34932.177190652525	-20200.073027608974	-61778.6189392627	-48842.82180553576	-32888.20476078283	-91717.21968184656	-59425.28886737098	-80686.13984059443	-54916.97034338192	-144113.7263916615	-154869.2222909924	-65274.50148918998	-144029.1547790449	-168259.90871680673	-93518.21046104626	-204481.78662616428	-200293.2545066126	-212472.59339647467
455381.9940397668	455451.64999801986	455643.23741536384	455940.88767998427	456340.8286688604	456854.9308859283	457471.8398950523	458175.9425319329	458981.1941041854	459876.02342276863	460853.76035956555	461904.67392477003	463015.6524336922	464192.4345369527	465410.9780994781	466672.7010498975	467936.0959525408	469510.45757107734	470626.860707833	471859.5367908801	473073.54520621436	474248.34222640767	475287.6176934775	476455.6242530009	477197.59110233485	477903.350185474	478428.32861632766	478690.6357436141	478796.8242429308	478682.356377158	478079.3823984045	477043.94529515196	475715.60477656993	473616.44649846765	470966.3003206659	467558.4889658263	463219.0479272742	457739.3072996054	450749.4368115861	441563.3749835471	427752.0797262723	412578.71516890655	400798.78872718225	390047.2190941738	379802.00307802105	369893.93151978735	360070.2758014609	350559.33706436824	340905.6544637543	331452.59556299314	321915.38840346545	312420.59890062566	302803.62334905594	293219.52113041497	283568.270611537	274068.1790566347	264190.3216653639	254732.86936425936	244802.55339435517	236028.7977210043	226298.12761643488	217682.6555428764	204397.86715077359	190251.3959359611	185627.33305287483	168698.74872021092	167820.76380639052	156477.05461692606	142342.43762226315	129437.07515999296	156273.63751163526	92611.0820571116	102049.99232380668	90603.3138986348	92685.31192293402	71027.12833321758	44755.70787466178	24509.588243181526	26547.805003115733	13739.930425955623	30219.973345694132	7496.376195708464	15084.912348007842	-36990.218267718505	-24828.864837062603	-26834.02255254006	-105694.27946756553	-68735.08563962975	-84734.99826637463	-105353.04044176236	-70487.66098678764	-173949.04693985352	-175439.61969316582	-98923.88102308585	-142993.9324071505	-56628.71439278923	-164284.1036922125	-165908.53926450032	-162911.21676431148	-172517.7535527618	-163415.3902095785
456620.6490078045	456694.5055314395	456878.7517498853	457172.4284083166	457580.44165174715	458083.3514410647	458700.93793492723	459413.9881096967	460210.95096098405	461116.59414370154	462086.00158795953	463144.03018138005	464268.14241641	465305.37620976294	466358.582229876	467965.9804460083	469262.371242101	470584.17718205234	471981.7927745921	473200.13535760046	474442.6384899647	475776.3033033937	476667.82738260966	478023.5693099491	478972.95655230264	479872.28973788716	480528.6724002794	480963.9500936247	481319.0121790071	481196.00099164207	480845.50294617965	480217.546104146	479176.50753980136	477525.0548776738	475377.0992375557	472576.42024407774	468975.3682376579	464434.6030265743	458720.0141058332	451468.3985687808	441973.33703168825	427741.15068543685	412159.894955983	400058.7085821279	389038.17922172014	378536.55732873484	368396.29306973907	358369.52879360266	348613.04193018394	338751.16498917324	329100.18705661834	319346.4780032854	309688.89030115335	299939.00548077625	290193.30687308096	280375.50969502405	270715.81022377376	260756.73459827603	251017.30117174838	240702.8589036137	231019.74912508175	221098.89994330675	213778.8611402603	204135.62267879926	192103.48695529887	182195.6723768636	168061.69832357537	155147.5808258865	147654.21864045964	140629.8307214884	129226.30223146529	111964.17149224953	124663.84572875971	92660.89596278401	85548.75593989535	72986.71499463747	54227.01514860609	52105.60342223657	34737.56807086157	38272.25050069636	42576.20072939043	-24822.293318982644	-12795.455765755905	-25191.620325404976	10915.271670917922	-34653.10632823431	-42450.1185819087	-280.3114354753052	-89131.4057885735	-78790.05046217883	-119238.7936797401	-29821.902073370933	-103443.74419663142	-133577.6201607767	-137606.3155741088	-170438.0530157836	-236197.3137434434	-98746.08813114878	-238081.38265623816	-198457.69119111408	-331247.9131796306
457872.863448878	457947.161377	458130.53700707766	458427.6857089734	458828.81889180763	459333.939663288	459952.689559424	460657.1038514714	461474.7178244651	462365.8835495767	463352.401478238	464409.88079783734	465542.79937770317	466723.5002590045	468056.44429345155	469275.8055459782	470598.2254553048	471892.99164410523	473356.48629068263	474725.7655430998	475968.5877067318	477351.06962630356	478176.2286385727	479620.30562838825	480714.21343856474	481683.47165508737	482553.52051894885	483187.7308099764	483547.62572155235	483544.4051483961	483629.46070489445	483194.36099010386	482368.16213702824	481157.2223120267	479467.08730975265	477157.5753075537	474178.6969393865	470398.30683748744	465647.36030548584	459702.0853008496	452185.8845966997	442382.69106177386	427733.6859458881	411740.14808867493	399319.9345682597	388022.3385724972	377270.07780365384	366892.87304944295	356668.1795733913	346632.34911678376	336659.60482083337	326762.0496431841	316806.01576285396	306987.15753820917	297083.4788020405	287154.94540138036	277255.4941459065	267245.06316744006	257297.8465401327	247148.84288031334	236752.11219176085	226146.9771129861	216385.89246191533	209779.48765808094	200346.22225285653	186406.7008836916	174449.21786509332	165387.16279237327	150403.30406813993	149874.1007332218	135840.73260045546	122870.08401721437	113937.16363050975	100473.41406686843	91988.833945714	81449.6074867238	70111.43151995091	55261.04916262004	52647.27919973893	41867.63180794328	37744.59892898699	488.2393314988585	13094.983037676953	-29442.925328097597	-24563.13956237986	-52761.10098606587	-19421.560494278732	-79233.34986305604	-75157.34069701639	-47037.24434605829	-116589.67897461931	-98760.3371867867	-123012.74997845391	-107342.09390862094	-148916.11819292087	-120194.37766376481	-68006.04544988839	-181932.07093214447	-157738.7407851371	-187834.18959537323	-142636.52274949057
459142.05131450173	459212.05990568845	459397.37765475694	459690.2480686403	460095.5473150255	460603.27718068607	461215.13142499543	461926.59671976924	462732.8903040996	463631.9438697766	464601.4344934291	465669.4413721953	466811.75380669435	468014.5720947708	469264.4044474065	470556.244172307	471915.34458234074	473288.48674183775	474688.8496112633	476131.12812742294	477352.42167437804	478681.51183136815	479991.42346072796	481347.8894927478	482714.58580052335	483484.7310792541	484403.886840081	485163.49259906745	485665.1212899503	486046.30809204123	486099.4910393417	486132.5716931697	485107.1179592051	484631.27246723155	483165.41647452867	481393.30569092947	478919.8631814735	475793.61530587875	471822.5184573053	466864.2302818285	460686.0047122271	452906.4325765778	442795.6079036607	427749.1848622504	411321.19631726906	398587.2248903246	387000.4479757542	375995.37846043304	365382.0926815727	354953.71301473276	344682.2784485751	334517.5122332854	324343.0078056559	314315.1832882987	304261.4053629556	294288.95991411404	284086.9165925197	273976.2264236415	264025.9035265118	253680.55969740945	243732.88102837844	233112.03153720062	223157.15330571303	212623.18633614195	205656.80070571025	189959.15307198948	196601.09366063593	173899.04604158673	160988.6740839142	150464.29728061293	142746.25769016665	119544.6014785369	119899.97474121425	105761.9973141501	97007.84041672136	96817.72128382907	71659.47090175393	64024.00460845238	55444.23689792078	40006.16179066355	33818.84706925531	37552.057595663646	28362.30373228318	11323.666242167528	-24724.837444381265	-34327.55262756662	-25038.088572592882	-48358.21204560372	-51867.61503661028	-60939.925707131624	-63236.673906675715	-58840.926193379855	-108117.64079046663	-94414.3013563744	-166252.5006733188	-171796.0223376713	-180609.41926440294	-132967.97907100577	-114807.85729610635	-212425.6983166539	-191772.36489739572
460423.4114589787	460491.63283561374	460676.55433716887	460967.87102960615	461376.5032625227	461877.7868809761	462508.13113413245	463203.5305197216	464009.6643753787	464923.5835582433	465901.7861495474	466961.98429698596	468090.0460351874	469289.83798361727	470326.5898800719	471895.5014847123	473326.4432690817	474661.76608398376	475927.3953889509	477460.77974333457	479031.57667881023	480275.6737639228	480685.800519766	482916.4985897567	484084.3101927804	484655.8561783459	486230.669159108	487225.3299019953	487954.60979364003	488422.87451524445	488652.99572682806	488511.72996319196	488597.3340113338	487878.3436610229	486753.2221826888	485158.6599980618	483425.0047720301	480733.1990570372	477396.53814489493	473250.14750247117	468081.8749794154	461671.2465258936	453627.00100755034	443206.51416005736	427734.9117782609	410902.14221104496	397854.1304530934	385972.3981371632	374712.59852047527	363869.24589887605	353236.5365366721	342763.21330586966	332408.9430541391	322108.71722843806	311854.5734841093	301603.1452928244	291364.86361639	281047.46897736954	270840.9268154718	260702.6004488499	250252.1619067798	239905.33352650824	230016.02188670234	219115.5846018063	208694.8351629221	201482.16477259254	185535.51524390018	176986.80339758453	175126.3666935807	152806.06791221764	142572.40307066444	142892.01741126046	127813.77992362925	125012.53868603968	103253.0083963233	80992.93416982627	77796.6415247565	116492.1539183972	70862.44148184382	47971.40140192711	35649.45805102354	33439.058764730464	9325.375518612447	20367.131688835972	-798.6248587090522	-13363.050461937964	-27589.186772439803	-42027.64111986593	-66908.1389603733	-56461.988021789584	-68290.39801131631	-125387.44724007061	-178854.58700307837	-91720.01795003947	-140794.6563188337	-137357.0190387555	-155317.36120909586	-181454.79304067866	-129722.55655479635	-208534.92609259678	-91991.20666946442
461716.3927271483	461786.3763936343	461971.59668067953	462268.6876187827	462667.5117747974	463172.8937537247	463785.29254486744	464488.5440874976	465303.2860024516	466202.2752891023	467201.3953535739	468229.2636668918	469407.6240832506	470613.0543981378	471858.33077354584	473245.7608207077	474593.41051444813	476006.06053347705	477497.8716364096	479027.06314725993	480477.8087583533	481838.01858460525	483049.7184681488	484496.9191473714	485999.32290988584	487213.3314380998	488080.0995410771	489114.24328968785	489999.8789162164	490642.16062804364	491046.6801212143	491879.922207204	491276.94749537745	490716.9783632805	490175.5802515669	489016.27775324654	487407.5671991406	485267.528008787	482520.52939870436	479048.5905169786	474677.20101176266	469303.7136711146	462657.05979348783	454347.9811012691	443617.8966938055	427727.7883627483	410483.50398908934	397117.1417606115	384939.1283167492	373421.27530311357	362352.6662938019	351514.75456307194	340805.97998071805	330273.07882173354	319802.47251469136	309382.92970658833	298915.1994281421	288564.2155027019	278082.9422714719	267808.62158363947	257348.616557358	247162.2808824494	235440.2838554355	225865.71713270847	215046.04685359314	205516.44153651485	192641.71641714912	183801.440185568	174652.86689603777	190711.8135908328	151827.17691769457	137489.88576898898	120868.49305293942	113924.11393997463	112827.99948823825	100315.58698285575	92707.11441236036	78109.01659980282	67218.6236077188	79377.92750287574	25894.738294601266	34972.31313288404	17459.505593850103	-5866.747322425945	-4434.7292303227005	-15434.47207755287	-6630.908137518156	-54146.28411960305	-48629.93789588293	-37553.74387864646	-76298.40487568924	-64715.253729816	-57986.065129031194	-87735.17071316025	-80705.47634749132	-70848.28801714163	-49248.03651525889	-159541.5462218555	-196317.81936522474	-154653.97460677917	-158653.18779607164
463023.9712198597	463093.3145600295	463276.1741815927	463580.79693661566	463975.3603385712	464475.9925019062	465073.16417420976	465792.9358226851	466607.1008849204	467496.7012292636	468490.9490552573	469558.87695274345	470715.01923903445	471940.8017120645	473229.6488346515	474532.4838265215	476050.5264691065	477375.83451757365	478871.65839998977	480294.61206575675	481847.03071596724	483417.13917556225	484670.7724407281	485130.9256051451	487500.2674179471	488568.92797106836	489799.8761944068	491231.82610046834	491896.24306673574	492889.0397976209	493265.2181204736	493726.14605444955	494050.1899246795	493663.36296551005	493053.17703349417	492542.4023865435	491334.04324357567	489531.0092925659	487238.240667714	484326.0301581667	480654.6993185288	476112.3070976942	470524.7606507693	463643.48333599913	455069.39228108845	444029.14730503346	427725.6482081827	410065.1165304896	396379.4352997472	383911.5201499998	372141.6205632325	360828.6699271885	349779.39219079673	338878.8652462713	328150.61907920596	317437.6682831245	306884.7070974587	296234.1808953017	285675.9986075897	275105.2032374108	264642.8293930535	254083.57280193554	243302.8838287638	232562.48399528622	222845.76525095158	211908.43675304094	199951.25740006153	194129.69554745295	179578.67299049912	170076.16265670973	156349.26905796403	155405.680198656	133664.84228792117	126176.578145242	114588.80630122515	98658.96967085038	73400.97923609789	87259.27024790127	70885.77023191116	65754.38686368708	81783.93493768509	39985.74757647235	43544.20090990572	19172.73252612591	3686.9485917109996	-12294.281773918367	-36874.303220322414	-58516.362889177166	-29830.950409913086	-56101.916327134764	-55922.37843975186	-84262.04098246974	-30097.664129982644	-100006.83276575356	-70704.9655519693	-185237.53462114505	-133874.07338961004	-107137.35556708043	-98855.21142882173	-160997.04161132086	-199946.32521003974
464341.6020032978	464409.80009420373	464594.8137770823	464893.6195427373	465290.3790262319	465786.122483949	466392.5624477383	467129.8786406243	467916.890504954	468876.35032673896	469838.56815844396	470884.36842027813	472028.1350041674	473254.6580830096	474545.2119125408	475654.4076296087	477310.8629497432	478741.1554900349	480179.5029583902	481737.33629922353	483524.35636295815	483725.7459405383	484921.330756435	487849.4651263799	488520.8279907767	490678.5382377636	491528.5285077107	493357.9187561238	493905.86412376707	494892.69797779556	495680.0944199927	496092.5957697229	496506.53989552736	496418.94841723965	496979.61416168563	495858.1246184328	494965.83400806476	493440.9141812274	491643.4196537326	489197.5605385253	486114.06149355223	482292.4716134844	477542.35249242926	471749.44886183523	464630.6267873301	455790.6255811761	444440.34355496307	427731.1423897015	409647.08723314275	395640.6616474279	382897.3690015806	370886.4653254657	359289.9241408576	348056.72562751704	336902.1520809555	326029.30245434964	315093.1370837517	304318.78271895036	293514.92872816947	282873.0707494453	272108.394911418	261529.68149265397	250637.19942684186	239964.58722538216	229031.18780478352	218084.22803103918	207588.519288519	197310.85820871947	189793.16836563003	175894.998671796	166245.4869358113	153737.67188747303	150606.96982900338	132736.51075651083	120798.41789579374	109835.19558314438	94608.0483462981	91976.47584358515	76913.50372438558	62874.50850980281	58101.042754855065	55366.54919276171	64754.29942463589	270.2910833620117	11948.749638217909	-238.20362985233078	-13230.272585666331	36644.95152324118	-4592.9600849273265	-40278.05988640146	-35239.88402590103	-65698.09924692259	-106125.48949021607	-68195.73559475824	-98897.16169423226	-112521.31079987454	-85604.87264488015	-145526.23951708333	-150641.8382759309	-98286.63244474953	-195116.58558070485
465668.6387049654	465736.12449737306	465920.27332963044	466210.22904439765	466611.02099285094	467115.04099669977	467717.8666447197	468430.18332309433	469226.93845006305	470136.1164605618	471145.0786396864	472200.1679056811	473357.60869192245	474560.71754103183	475945.2072494289	477198.67615241016	478758.74013503216	480168.9742214132	481612.263636484	483230.9691607946	484745.5148131204	486383.47584529914	487993.8652052867	489166.78322632966	489725.0579453194	492043.3192517914	493754.9477651193	491449.07891155715	496039.57625747874	496287.194950171	497755.9897477128	498047.27482953336	498858.0768843914	499173.5448584678	499281.87833141274	499101.1457967158	498238.591846997	497161.81636979716	495900.9590830588	493724.0147349985	491119.3712944184	487922.6126910634	483903.3633400413	478976.295834416	472970.5557594314	465617.69042730046	456512.66295398184	444851.82371859025	427741.7808124269	409230.96898335527	394903.0448444796	381899.8993953169	369625.3346148517	357783.3525882691	346371.54974758514	334980.5156473915	323900.06098773476	312824.30962124845	301831.20546904084	290675.09765469836	280081.99291166646	269191.3745010207	258458.22055215325	247492.4817108955	236332.1781201574	225497.4457475455	214710.08372270485	204602.21368377964	194250.24586605636	180541.9809373194	170669.5573252908	162780.54930529074	149604.22990618303	138992.56190249237	128805.88333971804	115741.26909146394	105379.93195846473	91922.49278274347	78036.27790525166	71593.22153214633	59522.463008589984	43476.21134007309	31712.135465002328	21063.504555662337	76101.69176135055	13117.598988593032	-8985.724878843117	855.0396735133254	-43410.95809675526	-43038.124071461614	-54638.56318159989	-49667.014495503565	-61399.28236211877	-78097.89664794167	-96380.50229834387	-101139.97677099757	-119119.44682484778	-103691.60927026306	-58011.58578940836	-151126.17042834795	-176375.47267471527
467003.34926447755	467071.89998174534	467255.60256358626	467536.894716129	467943.7398304651	468444.07090359303	469042.6231380223	469757.5674981303	470555.80341342004	471464.79617482604	472450.6344323217	473532.0134545563	474658.491660968	475924.436446457	477203.4650663415	478563.0826384684	479949.95094217226	481704.0085184889	483185.3876715304	484522.84028083336	486034.93130153354	487783.10848663753	489114.87428962643	490691.13135031314	492578.45463541936	493265.1799006896	495603.420536612	496465.1691636013	497768.50401458953	498850.53554068337	499839.60539101117	500719.60483401705	501812.4891287352	501508.54235114116	502370.24990228954	502695.3522949573	501335.0844758865	501056.9831818061	499709.961209428	497944.6607828185	495828.7466035558	493343.1710350577	489731.02922698547	485532.63628576923	480414.806277718	474192.5832989363	466605.55534627597	457234.39221866307	445263.48097012885	427744.97004759876	408814.12205437775	394169.1132792425	380904.11876321404	368364.4916042436	356274.63690350327	344651.29385371093	333111.0958543409	321801.42783354764	310522.19550234167	299430.3954353892	288340.5210280389	277114.57055336906	266415.3995401549	255206.98238171946	244145.30336221837	233228.82303232508	222163.5070428296	211280.1958202392	200377.35194056114	189767.27971806022	177456.38129155902	180982.0199139156	156849.19863642665	147676.33626612072	136522.73828733544	127564.79104170686	109177.88355848443	98853.32371706661	93795.37599843793	79224.71255759301	67423.55876080395	60239.165274307365	49135.87896851421	37123.96687083598	10810.341464611876	21926.941234977916	-766.2371829058975	-18343.709415737016	-25748.119808266812	-47241.24897593871	-42978.66718952119	-79440.49613516912	-46677.522720728535	-104297.13415538467	-89828.07757500309	-123348.42102123814	-59443.39017946267	-68180.2789539115	-120298.87065808492	-109850.47669458581	-107272.48125496873
468327.3236134272	468414.47218766384	468597.3105576835	468881.6528830296	469279.47044940136	469778.7299516253	470394.2998231906	471093.20927810814	471885.74235339515	472840.8835407254	473802.7408737231	474854.8002237771	476035.2079577129	477252.1475845811	478543.0704140447	479995.88920461974	480869.47630350717	482899.27171184	484432.27625020413	485863.44824670436	487595.2587359178	488497.1075599677	490836.49598305445	492518.1576150895	493744.0075248171	495385.0035091901	497083.0743359237	497300.66912786075	497066.63470933196	501090.44511564187	501882.2212207319	502636.2177944013	503622.0844269492	504428.6471698896	504316.6523418617	504060.4399016988	505261.2934162743	504177.4796736057	503394.994443905	502259.48997073906	500317.413918251	497932.0659481823	495099.3101923081	491534.1396005089	487162.467029822	481851.76853078796	475420.19463702996	467593.0046775587	457955.90792028286	445675.5862090246	427746.8518903574	408397.88790500636	393437.1552396259	379904.00233274855	367121.41160639975	354795.35612305294	342908.888460746	331173.2279588801	319691.00446114753	308253.55524313886	295859.6875731941	285668.84462384885	274378.003284253	263316.2213414886	252150.35026745888	240855.53973892616	229699.37141545146	218598.78181665466	206657.55233245384	195705.75554216345	185137.20421976835	173902.44945853698	162993.3994153465	152063.09523049154	140352.56752808113	132814.14641183632	118792.96362197242	115049.35307643987	99911.32307680044	83824.06918058061	71017.46717012272	63613.95868630725	63220.15636669635	42389.11247863312	33523.712703044526	18111.758959941566	23245.674058275938	24978.151990964543	-17673.10398101923	-21762.18014618795	-40321.359229443886	-54628.13083470106	-79341.17680611619	-36600.790717792755	-98370.9251715361	-123346.2421013054	-56894.25120767305	-62700.520772311196	-28385.41095673683	-155874.83278975112	-151739.0951440315
469695.7398340558	469766.0235651113	469945.16886017687	470232.5629792882	470641.81008165254	471133.2758771178	471736.7699008607	472470.79150484357	473249.68587286986	474147.32168230886	475123.04942318023	476199.96607828635	477360.63467702473	478592.05306141597	479945.2585442572	481302.7699710348	483156.0837410824	484290.88317614776	485744.537857733	487286.9175096085	488979.14138264983	490789.8554631449	492084.7933324285	494052.9817882551	495603.0202414373	497324.7899929423	488074.5306934723	500367.0231698044	501529.6913594857	502189.4794241533	503940.87128131633	504823.45578679343	505950.184945823	506536.6598139413	506823.8130112626	507578.646236662	507362.40984202706	507836.89165898546	527065.5635129404	505229.35700914456	504836.5473806657	502459.6584971953	500122.6936114948	497103.64223355736	493373.7771376578	488799.84717444604	483292.15736830555	476642.69919765176	468580.438671605	458677.5120569064	446086.9632770307	427742.46014875657	407982.7306078679	392708.69596759585	378900.1518528286	365878.00101881236	353334.9915909324	341205.09695163794	329295.7436510318	317590.80360996927	305943.40956860414	294463.23912201315	282824.6401012635	271572.9109588477	260288.08889149356	249023.3250350749	237650.69109301787	226225.51260610385	215125.20749079873	204335.7015817357	193378.13668417145	180573.38378632237	169957.20615715702	163437.68815741764	147556.77385942318	138218.0050126993	126116.41318099498	114441.04651586973	110084.75388721464	90080.90721234801	74023.59757555096	68219.58825072547	59268.51052360266	50234.74505321117	40312.11356253846	381.1731176598696	-652.3872966641211	610.7685898604104	-19950.351357568114	26296.331772902224	-49572.989513189474	-45196.49427285534	-56641.990624473256	-57589.349351209064	-77537.45588854118	-39237.05255322828	72424.02017924801	-135933.11659319518	-114900.9235216367	-120874.87950594799	-151841.7112724941
471051.0132816333	471119.92205163225	471300.83882338874	471585.331307684	471983.72181853146	472464.4008534293	473083.43804752984	473789.75331983896	474590.3985953045	475490.5833889811	476494.83312219294	477618.89294913	478739.5451686129	479974.90787550475	481239.68415696506	482588.97898341395	484084.46221894753	485586.05298286123	487350.25262338476	488936.2864423957	490361.4574557193	491671.5278840622	493652.29784574447	495163.737265518	496816.0611178262	498584.40375559876	500082.71133087535	500679.8478075264	502992.77711214725	504762.69551368064	505870.9065242563	507332.27746972936	508015.2560561852	509183.1682387847	510008.4702911047	509253.73570801265	509250.2849104364	510433.2723713897	510348.84075263777	509022.06120790745	508153.76107721165	507267.99208672805	504738.79607312725	502248.49033609714	499048.8934704861	495158.82776369463	490426.1894564784	484729.3256439353	477866.2349158385	469567.74185332557	459398.9688783092	446501.55678722094	427695.06480643916	407567.6724185652	391981.8520078888	377893.2445717251	364631.0123744129	351866.7073993744	339503.38138507825	327402.7832146533	315466.2527528848	303700.9700052399	291968.34624018875	280372.8975486862	268766.18845951307	257208.48797285213	245940.86050740577	234455.3023012628	222935.1348269296	211544.10881934845	200788.5791801394	189987.5356718434	178420.27987455885	168077.51527239446	154566.81811833073	143596.20894807676	132567.36089273862	121794.66590580594	116541.3069963727	99870.03323483205	84851.15660148562	78685.82818908512	72257.61554417288	56878.935834383825	32093.28143895982	28604.944250478584	11527.056362614676	12828.195612378011	-14290.086631791724	-23248.321358510584	-29927.5646250617	-25089.267716702074	-61573.902203323785	-50072.65239245939	-69181.77487697429	-46621.18528939865	-78798.32046254002	-118756.47597428254	-91237.89686211798	-101132.1119651345	-136534.90045455197
472410.08693516225	472478.7863477122	472650.2554367886	472942.0352169852	473346.33469477313	473831.42851958313	474426.24747160607	475135.05426780396	475919.5701760746	476816.3848228746	477917.937460963	478921.56226502714	480087.06972748385	481261.744111267	482551.946358871	484101.5953772257	485455.4091010786	487121.9997840315	488569.9923834962	490045.8772436544	491812.7315672822	493645.72806898627	494998.07126174896	496787.7433070216	498711.0452185643	500738.63535955345	501842.1403271779	491965.2932100406	505098.9856263339	512078.70566169365	507596.3209661643	508082.71249980695	509901.42453369155	524728.1583603369	512135.1063969556	512947.2369609322	512785.6433426777	512737.4296497681	512798.4071994153	512569.96315283113	511894.5532164039	510277.92254826234	509099.48491935484	506972.46955081593	504354.65351172845	501042.5581156589	496974.8043136609	492061.4503264544	486157.98925022845	479091.61403295636	470554.6548301839	460119.4998032215	446908.01631623803	427696.3138254864	407152.53660697903	391253.6691090003	376883.5681333809	363381.94048018224	350390.4626783259	337778.9312965852	325513.140658932	313348.3824576127	301274.3665183384	289531.56293790246	277377.57353796315	266294.6474970718	254569.21772468014	242938.5497708546	231236.96895874938	219694.13616533735	208256.5111320846	196996.89560789446	183623.97461895744	173658.5561612264	110975.09079451865	151364.55334301718	138179.9333819176	128909.08123234211	115136.8364595662	102585.80862538278	94186.17136417801	82723.20673698973	76670.27462194412	57931.1265751507	50622.26314879925	36576.936331064964	26893.51036547002	47514.83757619088	4553.379623244342	-1357.570922236133	-29685.750830761564	-29704.715083289135	-30393.80529783579	-63310.137351251615	-101054.28593855147	-85661.53844283306	-87364.58388399781	-76690.182434496	-105953.51018206548	-142529.18290723284	-144040.95738344576
473772.36747553136	473841.3279444095	474018.36895013746	474303.952542097	474706.36182448635	475214.2453694336	475785.7906073698	476488.3741721232	477281.1745096234	478176.45185425127	479222.5475299487	480229.6553645961	481514.6030587424	482680.4479226075	483917.89101506915	485382.7136872871	486818.1516397015	488333.02101943636	489933.80535422097	491576.3823134809	493037.62366456824	495912.52958338294	497225.2544432156	499429.75276115054	500145.156781699	500843.1925331816	503082.7436263597	505835.87088002515	506612.95178137027	508112.96265129914	510210.5325473148	510505.56542853796	511639.85264808004	513399.7379777806	514035.8823731632	515473.2207547912	515051.29631321743	515903.4619537715	516185.8761871311	516654.1236769248	515937.1896259101	514808.88195529016	512590.1464928935	511535.92009780376	509231.2572240822	506348.17474590876	502996.67802809837	498788.9270236941	493709.6149788575	487596.71584888786	480317.8534050994	471540.4168325784	460839.5431963292	447323.8774063483	427710.58578690264	406737.74761423195	390523.3049720069	375872.82978731085	362131.71474744246	348917.7408024965	336084.92031312356	323602.7479433667	311243.78002155415	299040.850558983	285125.5348310202	275239.7957181107	263402.153966502	251498.35668009898	239758.05508471077	228123.08078370854	216439.61216661468	204684.10385719308	193283.80055210326	182025.39456183818	170710.11251666298	94109.91803892714	102448.1349501792	133710.90508789622	122040.34889073524	109670.53971766372	87458.64904515992	91751.84500986926	74692.97454370692	47859.17822078505	46710.066693030705	31026.15447307832	39387.13793717179	28318.318504336814	-1765.5018851296627	2352.689420409617	-24537.72663462319	-41269.103631448	-43570.05060478154	-51095.11846267985	-19970.223702912976	-71013.72787011036	-107492.83403316303	-79697.5957159758	-102055.40833776543	-132462.7798778172	-124523.85022550478
475136.32661840663	475202.9175555008	475382.75111174624	475739.1236136017	476076.3134503215	476561.3133626802	477215.20327165135	477845.1257057498	478665.76082780334	479693.4768138186	480587.3600270077	481634.8159500992	482787.02176807	483997.5614906785	485327.7541950709	486926.1596665121	488184.88556492917	489663.30014759704	491336.5860772392	493247.2487429786	494951.0049388158	496077.7934284113	498217.7058829687	499302.75233223935	501373.7750024797	503337.7472235917	504166.8736314958	507069.1017131244	494867.25907613087	509906.9744412704	517895.5809936835	512364.9972854383	514551.1698508161	515124.7550553566	516809.1022414375	517617.6169935817	518765.5403716206	519205.47710163327	518188.770910994	519573.93576542084	519595.92320996296	518200.6905391134	517288.8909460541	515831.05023590237	513863.1914947093	511559.0195509443	509017.8363090795	504983.3970721709	500607.52465901576	495318.4855497855	489039.4639426256	481533.70512685814	472525.8991125784	461559.15486346086	447734.5331169741	427708.8119294104	406323.6447422158	389790.57350672974	374868.70580211125	360880.76670702506	347441.62440263544	334374.4097070513	321683.055124719	309155.6304820354	296814.7397106209	284696.20371664123	272487.0744438209	260699.98092081695	248605.88219281653	236654.31587885058	224910.55637899291	213251.63614885282	201281.58487694483	189439.31570428022	178207.76740856393	166836.8794635195	82537.02208832646	90298.5429171116	128999.17008724896	116362.51444087405	109020.29199025704	104611.53406273603	83829.48916872306	77088.51748645166	62609.264196661534	48227.593911671254	43747.260058021	28645.596722757735	16002.051428807434	1901.1351930056699	-4171.413471442822	-23678.55280817888	-30920.953413529205	-48061.477092771675	-48390.711608187354	-78739.87940079183	-52877.34918600513	-58754.26282735827	-118832.4942586085	-118259.11112093617	-102950.24344392802
476493.0456247447	476594.32446449617	476743.594109339	477029.9465535982	477342.7461451296	477912.0982071595	478687.62810552126	479178.03367992543	480006.26479101	480884.1900919696	481910.0069168504	482963.9024055164	484293.87895235553	485376.4136666216	486731.26709969534	488009.724302332	489585.046153655	491029.48094820726	492766.9649970637	494202.3652237348	496149.3973044017	497592.66841927805	499083.5803533254	501301.579884216	503297.85020363255	502741.36024796247	506698.66783184715	506856.2712062004	509816.27853034175	511856.78765828203	512884.33882121445	514130.9470441732	516343.2912036123	517547.5641408498	518278.85224967235	519901.26492983865	519732.628689376	524080.6991916687	522079.9072955922	522038.56192999816	522363.14701498934	522040.59087728156	520731.83937097696	519817.2242341239	516793.53665034944	516341.6402848642	513807.31113777513	510737.1571221317	506947.51139677555	502423.47140084783	496959.731867055	490475.3296218811	482757.6554683083	473509.9060325481	462278.8402174018	448145.4121625915	427709.63332205574	405910.6946189794	389057.0730428731	373873.9471399282	359629.47931371647	345968.4511604425	332656.30961862375	319811.32354162476	307081.54088876495	294505.37503706274	282284.3011331681	269956.5746013561	257884.34766458633	245811.00734448287	233697.748764908	221622.29339678196	209444.46387385816	197827.72548156447	188012.2400816583	174660.80488082714	162514.3766971369	150402.76192307955	138338.29522659688	128404.13186719368	115299.33859063382	103327.254974476	91322.78211297427	78805.48121736542	70599.22138402535	54590.988113248895	27553.60101751302	50737.87130831153	12585.63662463316	12180.920529545983	-857.6519934072276	-19748.035556334944	7908.547246880073	-48084.85803682153	-18228.43165391247	-62337.341427048785	-83101.81055707438	-56567.5214578546	-56146.801838730404	-84330.50607517053	-109010.83091462794
477865.9680276898	477933.9896111461	478450.71354469185	478388.9061135966	478705.7223102984	479284.87438164285	479899.0557835091	480554.4224949403	481186.5345450297	482305.80207091855	483179.58305682434	484326.1924331055	485465.7794440196	486707.9084397534	488094.1457194519	489574.9986897463	490801.26597086334	492422.45453421335	493930.37600625044	495760.9748415503	497582.21146387566	499413.00248753215	500633.36415001337	502616.5209374247	505092.1396112326	506631.98062314565	508160.7601213046	507849.43407046894	503458.8834678407	501092.3222401123	515774.2986092511	515659.6054275736	517721.79553322814	519658.4230376749	520392.2420001048	521655.3827894658	523520.9727537338	523488.0557665751	521170.5251085796	525408.4079845143	524890.3098437954	524975.8608880921	524140.05962049664	523803.8064052512	522521.7176585554	520786.2017494911	518729.63057741715	516058.48021758656	512859.78689222125	508936.5223840798	504205.84304865537	498585.62292297423	491905.9677826914	483974.18587056926	474493.48939419986	462997.44491596235	448555.5153546698	427710.532023919	405498.84879749065	388325.8057265251	372879.3748285727	358377.230256039	344489.62649239023	330995.16651372873	317927.57598727016	305058.43989762716	292343.97835511	279750.89058101125	267152.08412352094	255083.87341885146	242769.2792031612	230684.0453138324	218507.4145011283	206509.60829675704	194816.17438848404	179946.08518548257	170666.01747370703	159795.6458520437	148329.70840109652	134983.0709656133	70527.19544326939	111510.34495319793	101413.830443502	88304.18210492335	81581.48936065746	58780.27278492745	56500.33896922489	40333.927932184946	37300.762576515495	17263.05141570681	4291.064563204476	16008.878363895754	-18278.267997165734	-23251.873645063955	-45746.83910969476	-66022.44606950373	-72999.54344543297	-85286.5983227244	-63923.06984532898	-87039.84625839797	-151559.5632680044
479227.9191312044	479293.9417114916	479461.17884519027	479752.65303369827	480138.26812659536	480614.33744726266	481241.9720231671	481874.6806091336	482754.061492357	483605.5538091509	484583.7210720778	486042.2295163923	486842.3301547117	488033.8534587536	489573.70625445124	490839.56109525677	492265.76889361563	493770.57813184167	495458.6688370541	497177.3102409724	498847.50160620647	500815.28736916516	502139.06344327383	504876.5820154044	506412.4044920293	506677.985949414	509776.49209575966	511289.12226246676	512976.64063458965	515450.68741388974	516970.42789618863	518179.19571020437	514638.7487177868	520765.04947584943	523038.0389274669	523615.1270352592	524649.1463464566	526209.2214935967	527923.8955276436	528448.078505375	530632.38467469	527014.08369194	529227.7575963933	527160.580356122	525956.5594973823	525326.9236983634	522189.54780979635	521345.37177795294	518325.73090223415	514973.3379748298	510889.32645757584	506026.0078201893	500212.29545246606	493343.2368170472	485194.92997051164	475475.7393987894	463714.8245203853	448965.29542149225	427711.2627270072	405086.6605984788	387600.8232703092	371883.2553051699	357124.0374750875	343012.61359808926	329326.91063047183	316051.7528517142	302999.1607738991	290141.71433657483	277366.27975717146	264637.2670704908	251897.47027079697	239917.67342616693	227291.8166557707	215387.6847973555	203307.93408013118	190520.3011681104	179476.97186783847	166670.10419345455	154499.76925749407	146745.4762079529	129431.64077358466	117904.04611361917	107767.27712936298	100076.57695046585	104996.26100906992	70137.35936146509	57745.07684290508	50713.94456470787	37737.93811946991	19082.638710035593	16578.312860805134	-5981.2355386871495	-4160.860605082184	-25695.707885670534	-30491.90256238624	-29866.836842723424	-58314.02900792012	-64957.70420635905	-82566.0207630865	-109583.73058086954	-109388.02132611192
480585.9067444392	480648.1084841139	480826.02147730073	481094.8099688334	481495.6609609704	481987.11345910496	482588.2225823934	483211.1632944836	484056.2235728342	484922.67528841825	485923.56265660067	487006.5983617411	488193.9851980231	489647.0135800874	490767.59060867765	492190.74139144464	493854.87300626416	495289.3513392484	496780.0780521923	498227.11176398926	499863.21311617835	501742.9727033708	505761.80532025226	504731.26361566834	505961.924316087	509571.2459352223	510295.5891537995	514128.6943872129	512805.68419733905	517915.54094220843	506268.9522214551	519192.97041338746	522778.19483755186	522405.5777526482	525152.4801724316	525285.482136304	527112.136065268	528898.2824659478	531050.8828751289	530666.1249361564	531270.341867306	531111.8102257382	529228.5302385793	532060.0200764057	530124.2878999352	529456.7462597615	526035.88514877	524480.8205667625	523938.313081313	520630.52916147286	517122.297295958	512898.5078570473	507824.4192183754	501824.1801749393	494783.33392383327	486409.52590103244	476456.47765918047	464431.3840659442	449374.99574539455	427712.296537994	404675.7310965823	386882.6882772224	370885.2078850939	355868.1868330858	341587.8799995662	327669.0975943731	314184.57390478795	300918.3944687179	287874.3308048107	275034.5954410958	262318.7861290214	250283.16772791668	236878.03481308167	224664.41211338766	212261.31425488304	199542.16107908933	187616.80472279707	175458.26093398168	163523.02898687316	151051.87037943752	143292.19837368705	121742.75620692421	112274.77865652775	103459.30983585533	88742.15882220358	76768.55404833285	72590.17658497998	50061.963796232885	43020.33999391593	39299.29730286839	25252.023857010237	16794.376346179226	-347.26947487477446	-2741.2681578881457	-16361.977077961026	-48814.76823128428	-42558.970501185686	-61044.75256732595	-74046.92415007745	-80548.15237400174	-101850.9995342149
481939.86287390214	482074.94891585404	482181.73120664834	482450.50040617347	482845.0375907784	483372.0149654423	483989.27089142293	484560.73173192627	485433.4321254538	486311.7566508945	487245.51085173554	488397.4806600316	489505.50033273856	491006.2427254483	492018.194334308	493351.9226846863	495288.51114723954	496443.7202734971	498131.8226606907	499862.4205306762	501494.04139981925	503096.7709397033	505660.2466611892	506506.9768624922	509120.70620208076	510582.15869625803	512557.96374497825	514877.11754824856	516232.42032359616	522953.1169737584	520439.05346856563	522534.5588759097	524962.5286377184	528140.1538106725	525945.1966710917	527671.8172002502	529622.9273484601	531419.356389517	532625.9315875766	532555.9216152341	532644.3761337253	532669.3743453408	532621.1105691663	533542.6489076919	534265.7184850392	532699.9995870881	531505.9241446631	530694.5104333733	528449.6662479965	525642.7085320354	522862.28146184614	519239.06424391334	514895.6316379088	509664.9794308553	503464.53234714555	496199.5269884996	487624.44910727587	477436.80852200737	465143.9504720354	449783.9710871219	427716.9442795751	404264.87287539727	386169.3818410561	369885.1318530632	354612.20011642686	340127.0896241039	325998.77480180346	312304.46966261795	298887.1917585092	285650.37656727695	272730.97321052296	259694.67339197797	246746.22727120045	234959.34228103963	216713.00836395443	209257.06044230546	196754.79770049412	184581.960280479	171519.5131820471	159729.75206938712	147531.57285188872	135906.07172505232	120977.46997113875	111284.32931751473	99202.6004647066	85430.26595690975	78139.34805350442	63171.71873122692	49368.150494000816	28422.906206048036	39607.96286284266	21921.986936613277	4551.654452164017	-18105.13430476014	-25715.002087223285	-32024.961575973022	-40824.63339183427	-62423.66842852312	-65909.74356318434	-94397.62513752532	-115969.41051867994
483286.9875214238	483346.12604690477	483525.31904654525	483789.0220066894	484189.52969751315	484704.5863512209	485267.5854486456	485896.54226496426	486594.9040791429	487534.4250266534	488799.86488315096	489847.6634055849	490839.1594168689	492120.7923030345	493594.8803628018	494691.6763362445	496416.26742287405	497905.6142757736	499572.3000455425	501193.0677786583	503501.78077776515	505177.78123581485	507495.12636358355	508657.5445716198	509443.9723238638	510509.5868109132	514324.0176004237	514920.9391935623	518268.2013012226	518758.7290339523	521411.3569424388	510446.0145162318	524543.7315943358	524487.0936503194	530505.9802905994	529777.5110110173	528912.4869705332	532907.7211187433	533420.841892279	536637.3323771777	538058.3311365987	537757.9287561376	538525.1878332791	535915.1569501793	537467.2917818134	537037.0029803007	535695.1272257203	535115.4079659914	531187.1745977709	531543.0539177472	525012.8893552502	525169.1942624033	521390.1753447388	516820.8092305649	511478.228428364	505073.6208900415	497627.2003243557	488838.02669504896	478414.89890429686	465861.6611733345	450191.70070490596	427718.0635785006	403854.869640339	385457.7546470813	368883.88474480127	353369.0916097038	338635.511801743	324333.1779033192	310438.0132345539	296824.8435134673	283459.22063687496	270280.9813837726	257297.07027279498	244053.86187861807	231457.40968662483	218666.79905745812	205960.66021697287	193600.4360005239	181052.58702531975	168876.75705806847	156221.48722977604	143662.04584487533	134689.2767426556	119022.612743414	106207.7708154277	94714.23103179125	81950.87087484909	67996.20421140449	67829.86457656178	48166.03936701105	32981.38682996604	20614.00157326559	14072.168615468021	7277.986420195026	-533.9819501360762	-23370.952677010617	-39059.68562090106	-45051.48391552811	-47173.51906120748	-71583.00267470558	-57721.58325344144
484617.51920315943	484691.1925223651	484856.3891903379	485087.108187957	485537.05866323673	486048.1791667813	486639.17178611277	487197.0189163336	488110.962873858	488977.9421772913	489965.0302568435	491037.9350253924	492207.74791467894	493429.3658417804	494826.42221983225	496193.74206293415	497753.5559156661	499244.6392613034	500788.0959284136	502820.9875149376	504050.40384363517	505756.4943548004	506337.1798449953	509453.6575575658	511507.93346900103	514427.9532104943	515679.0505438797	517518.8327531871	514188.44489864673	520413.0273748757	523263.37921380886	525639.8548366108	523501.33465855994	529869.9088088595	537746.0603097503	529759.6952024356	534494.8920978496	533938.2590278438	535785.8092659016	536986.4223601758	538791.0177513757	539720.2058725609	539330.1965843996	540905.4222527659	540406.0250689189	540907.189212519	539034.6408722594	538637.0106796888	537768.2940115854	533778.543388745	533659.9001705174	530708.7038573374	527945.3478521479	523485.9161112735	518776.60322543903	513243.198176754	506697.50730770366	499034.9703473794	490049.903142278	479391.40744262765	466575.10241937084	450598.5516083941	427722.5298985055	403446.395365272	384748.4903512535	367887.4876229342	352134.2307667841	337192.23322698503	322717.26056691335	308547.779927459	294782.3653950397	281259.85219166806	267806.3629033105	254546.90451615694	241500.3318008546	228593.90705543716	215586.5589199047	203081.92896663217	190273.26537123654	181254.42646129878	165509.7738243813	152471.36756302213	140317.01555050642	130638.84830329783	115266.43702942855	102321.73300197697	88810.94833004347	75962.31345824251	65951.9641371172	48798.33781247999	41935.2543966886	28087.48577661265	18781.12876523618	17063.10424746276	2551.2106837269966	-14360.812826685491	-40513.14922166249	-41560.89019214519	-58281.85994287423	-59399.44657036959	-63965.117698336195
485955.0502206091	486011.3187360614	486200.9317018494	486456.93454073445	486871.1381421543	487398.01594922616	487935.0905837827	488568.1951718727	489489.742417087	490298.7859316518	491322.90470731823	492263.05858453986	493802.7680911888	494765.8336194257	496425.9351922253	497436.51983354316	498963.87257071777	500231.90455020516	502300.9689905844	501817.2889024157	505667.1598534969	507339.9265075861	509214.4146798512	509807.4717703646	513710.7612099767	515251.5160703555	516741.26043097506	520342.4702968911	519657.939562728	522885.0073192672	523905.6174022408	526696.5863021286	514160.0960402842	530946.9081783039	532078.2014410144	532487.134751651	536125.6683105833	535242.4201500355	537377.3382330828	536891.7452811045	541501.7937185483	539887.2483192058	542749.6506758695	542769.7941604666	544025.7213495797	546262.2932761977	543713.0813630265	541659.3190797179	541550.0038439957	540028.9207660407	536855.5483908989	533197.4728794079	533136.0843904852	529671.8156439459	525611.4661766586	520722.0297463581	515023.51444769435	508319.6032101855	500465.5587825474	491257.21608298173	480366.5824064472	467287.45168880356	451005.4587152118	427724.93320208805	403039.03132471774	384033.1213686802	366905.48051437136	350909.07638556213	335747.90903438634	321067.0144178592	306711.14811839344	292755.2817900782	279334.94902175834	265498.2342604014	252010.0239790206	239116.94856932928	224821.33282419416	212711.90349117998	200667.99889463658	187064.98282249452	174586.63535636704	165873.85033935757	149439.2522077468	136930.86700622848	128562.43429477629	111275.69518567598	100160.38445125945	86827.52394836972	72403.30365188717	61410.13405543752	53560.96060490125	36913.72171172331	30783.33961724612	17835.69256564544	-3211.199214579945	-4628.634734534484	-20876.522551078117	-59320.05811796908	-32761.779290975188	-66436.51444118301	-65033.42091363779
487285.8454429033	487337.15413815866	487517.62963543006	487797.75678990496	488142.0965716139	488672.5603290991	489230.69954784634	489798.05320996844	490630.2984097468	491459.8143363493	492607.448314696	493743.5018304827	494850.8400424822	496023.8988577888	497610.45369767613	498765.975424941	500096.119322005	501766.36427593086	503436.7035156758	504644.34062174504	506672.56940762786	508537.8168749152	510541.38714707404	512481.2202363415	514324.3542044528	515664.8032494947	515964.78328241635	521297.88007716817	524249.2951991484	522099.3474107334	524107.8756208581	527492.4720641233	531738.3142526755	529338.092474845	532412.1456299238	543405.2710927024	537369.5826075003	540021.6527454555	540514.1939458922	541069.2961668568	544112.1700274947	543348.6907519561	546037.5601166766	546796.3363594867	545884.9036800337	543761.5422412006	545193.1132562035	546682.731546622	545574.6033830887	543091.2614411549	543400.0827838015	539605.1785958542	535205.6497167265	535488.5066079453	531962.5134999042	527703.7585065814	522735.85386607173	516850.2133025034	509929.59244751936	501891.8177044824	492464.93248194124	481339.790608074	467998.66071971954	451411.83669514424	427728.85788804543	402632.36549545295	383319.6630368421	365930.5581310705	349706.743600908	334304.25787005824	319426.26489713514	304891.40313253173	290735.64096056455	276851.48333509563	263185.70124802314	249717.8550563574	236350.187346199	223178.71546713874	209751.59357078193	193957.03094804828	183998.34355733747	171130.6369736145	158353.14769045048	145866.54984691535	133461.54137385386	124706.14929421543	106608.49516409676	94039.22681020689	81124.06499941839	70334.78402230173	59748.5343371763	49031.81380893203	36391.689283616666	4290.044226908183	10295.140678835392	5468.351439616468	-11948.425514941977	-24575.814343855483	-36900.26209378202	-44208.97886348242	-67875.54995807161
488575.2821941632	488651.06728888745	488820.7454415606	489114.01294312347	489464.63444724167	490090.45256839757	490615.6089932001	491201.28249959456	491959.9163143027	492702.71529416274	493983.4497730051	494925.49969221913	496035.4112147275	497138.8857759067	498703.3567476918	500160.4957599446	501391.56490261684	502996.13302971906	504749.27833426517	506611.91337675933	508343.0322585189	509803.61835426517	508966.19540006266	513359.19487204537	515087.5746602476	517552.4329505013	519507.13726228726	521401.1451213712	523983.705831245	524634.8378165567	526047.9392991012	530006.5736561059	531857.9926840581	518604.33398786903	539775.4909224515	536806.9301752932	537398.3455940608	538918.8881404109	541547.8601593222	544566.676838784	545443.1340839022	545685.9701990215	546130.7147335028	549385.2616498917	549052.3110893297	548588.9880409706	515562.00650724437	548268.8720164939	548888.8987597974	548719.5086122067	548176.0812501102	545385.1316158646	540539.1287476169	537517.4430177098	538012.1743808661	534448.2010267398	529825.6970489302	524657.6954237071	518632.5345800573	511492.7825822868	503319.37915760063	493669.509950475	482311.067056316	468709.08774409426	451817.6623471622	427731.45350128546	402226.5249097513	382605.506407591	364955.5984361362	348508.8138456118	332861.67711749306	317786.4225766615	303070.41481004603	288712.27398990555	274726.12340094376	260771.35681505437	247080.28061829816	231522.5411981198	220140.47504293412	206849.82000325242	194233.58278711286	180514.2652668837	168012.67149570893	155048.61557013902	142387.40599889786	129325.15422834439	117177.26785461366	103047.13076279784	90408.1175346775	76265.12363230868	63369.867707546684	57214.15770075988	41135.117254129436	38719.20630898763	17848.36638674984	8271.37549347413	-15155.499495659838	-20825.430267804943	-27481.748122749268	-30760.6429243171	-53650.81855198124
489888.7801916234	489953.93905892497	490128.7219260217	490399.3147619158	490754.361117001	491234.997562713	491858.62178743567	492507.69358055847	493248.95651093527	494127.16513642255	495289.31087273976	496553.2366698479	497400.61863241956	498601.623300609	500363.21422295977	501410.05219054216	503132.84969851194	504593.44881108025	506089.97834680806	506803.60857082455	509324.66641928075	511379.9501373128	513211.0773994282	514961.87311062095	517560.32079431793	519396.349741753	520788.10536238755	522576.7046713606	526456.4450670881	527985.9157068131	529331.2665475174	531002.7180789057	535251.468636327	535935.3082362767	533814.6694859387	540943.4535629202	551467.8941139644	545079.6013749857	549023.6389174594	541772.2459545161	545310.2563402862	547720.3211719163	548573.5105895514	548364.8488941684	555694.6688490263	554030.3100277951	549492.6862122077	550936.6743098286	552474.8404617084	552547.6531560689	553517.9753838205	549508.065136651	547292.3129670904	543365.7998229724	543487.871358749	540325.0063306915	536493.3946191133	531905.2818891697	526595.8004257844	520398.47276170336	513145.7532837366	504710.90973061934	494871.81614984066	483280.73539701133	469417.32037247584	452222.8683379979	427733.14711819723	401821.2566492556	381891.02519383706	363982.3142153918	347309.7493556622	331419.34632388427	316142.0458480353	301280.58208038163	286713.1201414505	272504.6228867027	258514.6141050739	244785.5412766842	230750.78868840268	217141.71860926488	203985.9506571028	190161.2281308978	177597.2627611112	164560.21448816994	151705.13697653846	139146.5188859711	125577.38836511981	117852.93101954932	101944.57149475784	88354.44271903456	74225.58007953077	61095.209541932854	45032.057644860295	40688.43828893086	22455.376601336116	16728.80864327168	10193.67013146315	-16845.586650249374	-20970.233720875753	-45511.368749230576	-42650.36608886666
491159.00700996723	491245.8816237361	491410.31546989415	491685.6940923265	492050.5753537071	492547.89229224814	492866.3228024708	493732.4711837407	494614.619713072	495520.0047798972	496577.6990791804	497610.4113606844	498635.83371111937	499886.65872349474	501145.30427715846	501928.0965616273	503914.3374732802	507443.9216509648	507695.5364795123	508957.65105927346	509953.752976724	512713.0369566809	514259.6813102698	516495.15915675304	518416.48794527614	520323.0000072383	523635.380377077	527369.1698982331	526353.0559696639	528680.0436252796	529658.0928579525	532278.6504616884	534386.1310572836	536349.7459918547	523544.69512945873	546256.7145989172	540527.7516645023	542264.0680134706	548119.1035161107	548457.0209044551	549085.0606732774	551155.2266891941	552045.6155211248	552856.7890489935	556299.5880090371	555037.1914274408	562666.5575918737	550356.4449732911	553038.0632958703	555218.5121293743	554103.829946267	553141.5652364467	549486.089129932	550143.5858697253	548448.9221188563	545862.5214807501	542579.18658959	538732.6325605335	534068.9586287946	528557.9968938548	522177.15959209163	514730.1458857292	506126.9798688769	496068.69857392117	484248.23632299056	470123.97617414925	452627.57793824194	427734.9254081904	401417.36340105237	381176.1525336692	363016.7900524927	346109.9122452726	329974.79991432914	314513.3340299046	299439.9963836817	284679.5513623837	270383.3930248279	256260.9153381546	242226.47242831957	228391.02894943202	214440.8534780455	201346.97515712114	187650.29355831788	176355.48599735572	161488.55957560573	148569.11905730434	136648.80790961807	125909.07036715088	107316.85453578999	94964.08169913391	84860.58926025225	68350.56712382182	54190.602993368695	45436.01337681973	31908.56210963521	22790.714595618134	8942.600110571773	23393.61307162192	-20999.22435141547	-25161.20660072082	-41301.5115684105
492426.6767452751	492516.56345286185	492686.1343705552	493087.4939205803	493303.7834465397	493862.8512100021	494410.75512043	494966.57000088337	495931.2063177507	496856.20368074084	497624.64208265446	498760.13081052905	499633.20844469866	501250.38713164435	502577.7054472289	504205.5055529076	505226.62627239624	507270.7465385972	507741.5892238125	510395.9698667491	511956.47328839585	514086.32194494555	515585.3884113285	518314.5876987562	519597.5164331033	519362.9517812201	523578.5993968079	526333.1580165925	527205.5629511622	531965.9504890332	529863.8585205511	534347.636009048	536241.8992676164	540830.8889862732	541256.4665386423	541969.7533841638	544710.3478641943	546415.9902234259	550052.0949511921	549527.8982890304	552073.9218970677	552391.7001662604	552850.0846811521	555825.736264463	555406.9614686021	557340.346541869	556977.0024436186	559698.600855472	557142.418525523	559320.2537672438	556805.7969286449	558710.0038268452	557513.5873100834	556486.2444378552	553778.6500940949	548328.5867650127	548509.5507601309	545807.2936983297	540972.2448653497	536188.3508816026	530545.2844673034	523957.118633268	516535.3537801868	507533.38912057824	497265.2658775696	485213.768184559	470830.1494941895	453032.2529587608	427736.04822502116	401015.04653922195	380461.6145200192	362058.00684936956	344910.14525888796	328538.6711698942	312889.1267391623	297644.65306628676	282780.6740066754	268204.25248265365	253956.47262424306	239597.27111625782	225879.41041844088	212392.49177648308	198128.20885755873	184885.46416771045	171576.9811035826	158211.9156325863	145092.86707153777	132450.24582275684	119386.15129295312	105987.19526605395	92162.00259428937	138126.59527345357	69292.52992354345	55515.07263461599	48477.20094523142	29848.277589917707	16108.234091365535	3670.8588427325594	-9344.469533850264	-19602.40653041005	-30773.8712827664
493666.8808292115	493760.6229022438	493934.55806937366	494158.8804507772	494548.45483733196	495072.69911969226	495677.7012170599	496634.2097484215	497182.35731919185	497945.1501682045	498617.1296473643	500084.4178381933	501164.802832336	502327.1463560324	503465.5466549783	505773.1145138614	506854.88680582686	507915.5059110255	513325.2599509486	510630.61011310125	515544.97709782625	514106.54022897437	516933.1528508702	519035.4297995839	521680.330181678	523278.809934535	524479.600191324	527631.5567924988	529026.354316913	531214.8729805942	533188.2909316383	533145.6062379892	536678.3996361648	540893.1699868008	540123.8775365176	526530.4977027462	553049.0365069625	549969.1316677916	550888.1275550732	549648.0461940002	552666.9467437535	554722.8408368083	561646.7575433666	555424.2279537558	561374.9372034888	558595.2294428267	562659.7213319815	564883.0388973872	563481.8217149845	561159.3044381284	564222.5494047278	560950.7005146535	561815.7813943003	558040.526478386	558441.4667951209	556928.4435934399	554032.4339846	550916.867471294	547431.6401930635	543168.7595675734	537405.5871776922	532513.9089729518	525733.4215255915	517961.3066824923	508955.08138394105	498456.0903182441	486177.37091956433	471534.6394603273	453434.9190598465	427737.17603264115	400611.9531428873	379748.676097588	361100.9889914884	343711.93373863463	327123.30902639654	311270.03304291837	295827.51393628196	280792.30604165717	265974.5420552063	251563.7172683117	237245.48889475263	222929.55171762692	208258.39405821852	195751.33939334186	182003.09907389426	168778.82194252725	155138.55162655964	141761.78716632305	129794.58052586409	114334.78651848627	102712.90380073985	91255.00017737632	80855.3546535857	65993.96294558077	49519.977705219004	37721.56097581977	33492.932826754695	8021.401610553905	8005.694237478019	-17563.267305120942	-2007.0856082827668
494918.64144371916	495003.9569591736	495166.45810567954	495424.73090565	495802.2399673312	496100.6149924378	496783.7864724465	497394.07317489525	498312.1516031165	499018.7465272727	500070.771594437	501092.09302722855	502247.9512593163	503574.87690138415	504693.0858475642	506697.2995391697	508105.9151363081	510486.09935046395	510654.66068334156	512825.84102412546	514262.10267130175	515312.1993800349	518688.82658802	520492.2672925584	519822.1071256863	523660.2074965005	525633.865509826	529659.150382468	528965.9598019912	534275.5822864126	534817.1057602558	537830.2359031141	539308.2772559093	543466.6096299838	544701.4306306378	546565.966956893	545220.0606414457	548122.6328097498	552285.7575239902	558383.4779442959	556378.8467641233	555438.4177248804	559538.4842280184	552559.0833296143	561187.0644959409	556112.2530120353	565080.6776857974	568323.9311460785	571773.2797140423	561017.4927111852	569337.6735351367	567280.844574149	564553.5461724116	566062.8587452339	564157.5951991715	560633.9639384064	558202.4719991016	557554.6394536151	552986.4768872061	549654.14613734	545057.6235455933	540311.9746273393	534417.473181166	527474.5408428824	519548.79850548034	510371.2206865119	499650.8197728836	487138.7207009893	472237.4760734543	453837.8899092492	427734.25540317054	400210.88378067274	379039.3391290083	360144.5172186429	342515.1647773253	325723.42922927736	309651.35340969247	293980.0957930546	278836.71535986854	263795.1534924554	249256.68213586876	234963.83454558166	220897.2748086751	206659.84411075054	192748.52915482823	179088.1382935446	165365.2623868406	151884.15071894944	138448.81685487943	125402.31546529889	118031.27789486904	98030.34863295784	85793.9763000104	72924.99963007396	60710.63157504692	43891.99890248984	38529.68243511516	9378.346913751157	14231.435609637992	-731.7654123963439	-3317.9725965504185
496126.76125561754	496217.99950457824	496373.6122151332	496608.1417343659	496991.8789267536	497505.41604845383	497964.96310657676	498916.2428725972	499566.01208646916	500364.5217592705	500722.43051675457	502251.6813807785	503689.56500632485	504825.8785501753	506118.65877099166	507744.43594462384	508855.2647708011	510582.2327081501	512022.8868240555	511116.5184115603	515483.197465138	517252.52778634476	518972.5643918651	521344.4123594859	522516.3817285251	526052.1131452054	528924.9017222547	529460.1385756796	533378.3201088749	534103.9433628889	536889.9470596141	538998.3878911664	541779.8845850737	538926.3713825473	545131.6445068177	546608.3294878548	530229.4268791091	553027.5686297133	552283.491554057	562298.2255011268	553190.853335287	558396.1045470259	560687.1916927397	562233.3079310134	563586.507413592	565185.7663762418	569280.1345501202	565484.2843905869	566244.7115009446	571172.8231674659	568235.2333472501	565685.9385287759	566924.3199102101	568203.6436001265	568169.3617300624	565085.7628384293	563242.42913017	562379.6997603122	559247.4738986669	555951.9511747141	552028.2898906725	547648.5579825812	542324.3596078244	536311.7110092666	529270.8208542787	521144.9342516566	511743.42212696123	500844.29022161657	488098.0442517184	472938.0843600408	454239.90929510846	427730.68126716866	399810.9194569524	378335.843191078	359188.5378662496	341319.1166545918	324328.6712317933	308037.131701008	292165.3828325149	276855.56897041487	261748.68082738313	246972.69260532997	232437.865728329	217584.36513012758	200203.28016711638	189887.69474156044	175592.36688934237	161984.5878012388	148291.34679376677	135265.66023440263	121909.04982261034	108871.833025511	94066.15984790091	78260.82366762246	69391.3568648271	122540.13868377538	43894.483778557915	29285.495586974197	20077.72035266785	9335.297924057697	-9446.288233460276