401691.63756614167	401568.60871044337	401178.2681174603	400736.62433845655	399999.64581543824	399082.8567615916	397970.60277106846	396660.92906270304	395157.5183658084	393459.82873273676	391564.5575569131	389460.35717382224	387231.6182553484	384369.786298816	382111.72250587307	379772.23295852414	375867.34846145846	374021.55531382037	368251.44081119704	366695.86242263333	362988.7499302982	359343.54944596754	351490.0423594748	350077.53730148997	346323.0017076797	339801.5930611277	335052.38323255326	329821.3088742158	322776.94551660644	318892.21659106563	315856.5341739503	309038.4904527785	300407.7654976632	293012.99531705864	290594.5900553381	272907.74808239145	283714.8662835648	277496.42599313916	277893.7270581621	259836.29072189482	257059.59972613608	228597.59868247143	245264.69863926456	252562.58291032142	216545.7511732123	197472.2798338344	190372.98575051152	200666.96829031885	232925.26586808404	175765.07959041442	148141.4879160747	187518.76927959907	165706.96168828523	109950.54772833042	138465.32642813853	168407.0332961043	147117.60981226782	186203.42316074402	154859.07680919766	80805.28911756171	9860.159038298007	34745.018156677776	155082.98618454707	33642.152051169774	121936.97000461421	29164.96842894389	121735.5685782386	-35371.50522761763	22493.67826253618	54229.68251052691	-54964.82417548774	-98618.3502071019	-60644.424785207026	-117293.62836755055	-100294.82064508216	-50451.13022817043	-164285.40443150228	-181042.15137864795	-154308.5506421132	-142816.9463739582	17087.340337758767	-128378.56370582408	-204931.65514584724	-124744.25487992656	-52565.40562200814	-261814.34726635442	-91180.8630075989	-251124.69725997548	-81652.98571631522	-404547.2133204704	-243528.3120195212	-254574.1016995469	-327627.3069097608	-115897.73221185326	-169344.25817754772	-247803.98454193072	-200143.1070398619	-351646.8465274988	-392306.8151437833	-361431.54452539084	-127173.93766477995
401734.3702830656	401684.33406224695	401349.0749552526	400833.07714586006	400096.0832229856	399178.8890643313	398063.67232037545	396755.78064316406	395249.4050714886	393554.42779567663	391658.0449775319	389580.73823628563	387282.59896045283	384751.99122856115	382271.7084953035	379482.6122271895	376198.2828695321	373069.44802535523	369250.87434758735	366145.7902233548	361673.9491546905	359624.9781892706	355327.6958353111	350984.9879677824	311902.85090026027	337084.3100785734	342418.66653687495	328925.8709731349	327454.975410881	309195.9888804783	312384.30154391215	331584.07319190237	300527.1412384481	327657.9264757639	237240.68885614432	298329.7849811595	279731.57269475725	266244.1863724397	295734.39962070005	248639.48416224797	245328.03645173507	262477.2698694506	246020.75621113065	193541.31341658853	182233.81299440656	222365.89499781118	215731.29645683267	367039.37381966424	294995.93212187337	185737.43602804467	154042.37986674474	161072.00178714178	163272.23396843462	167102.25862179277	123574.72418099688	153143.59737496008	135903.84766226087	192399.12284222862	112470.05377747084	155088.48701768508	58141.61947348004	41869.99185857584	71331.64028447238	47680.50704109878	146779.61358617828	-62557.068809865275	380359.0006853017	212952.73790228646	183871.6365305304	-30614.966453981935	-32150.24885494716	28215.477220461937	-45436.410896619025	102877.36076470488	-330478.6840638381	25352.677274371963	-18018.621849113493	-243666.625741204	-11318.30089744972	123124.85447523405	-503925.1130576802	-222980.2688199717	-178929.08070731128	-26179.985278222477	-246108.18784790253	-130129.96034018416	-77445.58429072483	21991.750653564464	-301679.2815173535	-284488.5837705602	-514424.6215631143	-225743.69296545186	-206282.9316824748	-451576.6875843153	-396746.45626523916	210392.34435249306	-598394.2747767423	-279594.6666750399	-246964.19818727346	-679828.595892535	38498.88541021617
401809.02153101296	401840.95410160674	401662.06486672873	401097.0905663051	400362.12429753505	399424.6490954998	398310.46389705245	396995.29985399253	395493.163142193	393792.324412785	391899.1937297811	389822.0612750334	387535.30060736847	385072.46608111146	382375.6862470133	379552.0489015833	376549.75725913537	373244.54430563806	369600.97410209256	366534.2671087913	362853.8695113857	358145.23277028545	354054.1836643304	349941.51175483223	344166.9751708638	330856.0354987751	332295.36843017617	334249.83312576683	321364.31127557706	321492.6901067309	301981.9631144231	307357.246102768	304144.87052395137	300966.2550830197	319250.43939084455	242028.3120859348	258468.53197555954	234613.49507184792	269177.3346788428	211114.18674898462	221212.77276370977	250263.41372980794	229505.8180863877	225406.20450476883	241047.08978625014	283538.8512998569	213818.20341440744	172678.76119132084	277293.3115249148	186150.83648388344	245644.5230021975	307542.552109163	130348.70876372117	152128.76121779223	195095.38280748622	126982.87308562524	34475.62413853605	142902.78973995056	124081.45903978264	25817.12713229726	127044.3775503051	60807.94720591628	-4356.517331259209	121618.68414716446	148.18339220050257	66125.33300430723	22961.991330459598	230675.42827884073	-51146.51646091766	211286.97640700906	36996.9572917918	96733.82754320838	-188829.12247516506	-113845.6827637318	-17218.029078030842	-91072.4597515621	1577.47467789019	-262768.4071569762	-189190.66094006994	-66313.97962977045	-238991.0788061542	-139272.37212340318	-96847.40915980487	-57731.64816787373	-100502.73248543014	-261101.24303692178	-129193.6716396811	59164.737996030715	-252493.47679463483	77633.53444002918	-5681.934470636072	-334291.75772970996	-293020.4741761094	-686501.2015856295	-234164.29110813153	-868124.9430095096	-284015.47735310136	268263.0065022855	97380.29260349786	-364678.7437288151	-203770.3788775173
401919.412564749	401973.6023406371	402024.82706513815	401677.52792157733	400818.6720665919	399846.74420873355	398716.07062743104	397396.9918379759	395890.8993270319	394184.09792032966	392288.40361170017	390200.0567317675	387918.08216080174	385436.60258141183	382756.73172691336	379928.95236874826	376787.0678199994	373767.44906129176	370234.57979243924	366977.5074801396	363272.5716061173	358950.77290275355	354391.3592506619	352189.7221381414	345339.0606712664	370951.78495218	337390.3682038783	323976.8596451711	307271.9492089888	299970.7274485143	311101.48270517064	306639.15744146775	297618.26812490146	297684.51399370364	293360.5495012539	288694.88631895557	278433.1334437148	271986.22905467125	261222.73384657595	257554.03379524336	267911.78599074343	236258.34751844197	237174.586701727	252473.3325372145	240336.2285790937	178988.83573778125	221245.02468431822	19605.16814227309	184558.23803755827	199131.99950887472	167186.8489173766	123775.6921999937	122184.15780625184	45376.55379447888	80632.93110866327	44502.6463288308	16609.352347298	194253.79585916642	139686.99568350287	70278.43076856853	115732.11698313738	75150.74414053047	-99275.08796579076	35913.27184372279	49528.3257970048	-12035.661300135427	125035.83015274128	1306.2033470504102	245703.4740329251	-166271.07881118183	-193355.92714090517	11610.214241589129	85046.29892979725	2028.0292616598308	-37737.429641357565	-78418.36658801028	41122.52113390691	-40865.48308497702	-132672.317656148	99128.37677007879	-184896.28502166143	-25819.80800117331	40862.82916695881	-59070.09688580863	-207001.19256336993	-108279.06259450596	-18981.440662035136	-368227.90695631166	-227986.5040443266	-117294.36144787038	-254131.07821874332	-264739.65060365706	-236055.84678733657	307784.71802750917	-132748.91229851684	-62406.2488341243	33987.88317258621	-105998.14188045438	-1.672242927497963e6	-411229.3670553599	-290826.1513355195
402068.82660336106	402138.5954176859	402245.180555188	402245.61039714026	401670.11734986026	400525.070080788	399318.418453251	397975.7068328336	396452.98087938677	394741.5725012106	392843.121074326	390728.79831974756	388463.9397154903	385981.07349008287	383366.52791289333	380468.2668083925	377545.9282212899	374121.60066937306	370669.5057534744	367106.4144788439	363434.4366185885	359763.2207657255	354756.0582319022	351513.3677606924	346297.34343005205	342327.719589096	337432.90312845027	332717.2784482718	328818.74034400564	317710.73578295775	315406.4541080466	312485.8915112503	285248.85829424113	296712.6482797887	300108.50835915515	285346.2665866155	266026.6295121659	274099.63057433534	275141.67088570585	262246.74286932347	223112.55146520375	237800.97668074828	207357.7183099069	239549.76008107245	202508.64079984336	298393.19803193456	200358.6201731552	304884.9340642276	175916.8433536712	136465.4369377215	163605.40945660928	149508.82050620025	178460.51277837274	113023.7133533837	209418.62925080943	334270.42274343304	193704.88930073334	133742.47885563562	86999.01250013523	87165.59521242726	80377.70354219963	70688.68550656509	109343.08393798326	61641.95795326494	37827.016798505676	91850.64997047733	-200106.37508303812	111169.04037719313	-144859.4101631341	33787.79455380392	-311089.05954262405	-19474.614933451056	-78296.69374888123	153074.44017458917	-172424.31673746312	35619.30934273335	4516.4991657853825	99001.09896750585	-142494.7117258174	-214469.06672037602	195951.86739450286	-171686.86327505147	-274993.6034811613	-266193.5290181305	-296860.7332303451	55414.874406373594	-339735.0328843788	-287616.32758362946	-222491.4550834694	40831.34727156954	-430257.7522111463	-1205.794117848971	-310672.5098144315	130571.7838772079	591229.4833033099	-178020.75037573976	-235602.48509305355	97281.31798581674	-488063.43937934516	-355813.82629513805	-266116.7992131285
402272.5444008865	402337.10131275957	402472.7092440671	402585.4642148969	402497.61849222495	401669.09613696905	400214.15417566174	398767.666144756	397208.6292593179	395475.53887735226	393559.964881976	391459.663390744	389165.101070354	386654.9101635375	384012.3536672101	381143.3986634627	378115.32971213956	374845.4041708623	371461.90371996723	367716.7007150006	363848.5261199814	359884.2409146491	356307.5699930374	351082.5682030654	349345.51944681304	339627.1981458517	337814.9854230018	362404.82066222874	331159.13593452994	322731.3006166264	302429.8418352235	304635.01985983504	308348.14349335956	295567.0527146284	296577.1192854524	277502.4082217575	287454.4577475098	271413.4097870919	264577.41899217863	258626.29777364386	254719.31412671262	232873.2693283481	255861.0303046686	238753.89565760363	228188.4813482588	225307.67874827608	224130.12608796242	207828.62379153236	212522.19352624821	196193.64464368368	206030.374042931	213532.09423981525	243791.6506144756	86041.38342965406	189274.10257475497	171514.83823281236	-64965.372971087694	123696.73325927736	40616.32195233146	17214.6463692236	95718.8811170177	82772.93035329785	59765.710573013755	156731.0949804352	25538.82557728747	35197.534839865286	68118.81506130169	22621.13727799931	-68224.14225136826	-44915.89605938888	34428.346860737656	-118670.30639797507	-18093.967570253182	84118.20203374117	-9783.807461692137	-105531.08757049567	22128.8328335057	-191707.19295741885	-57477.375941724866	-19446.89723117859	-73671.22489205748	-75047.50070826628	-112304.14921301848	-163756.5290414748	-253837.66833394888	-73085.36038026522	-158184.99429042102	-210858.06120193662	-83553.16372733994	-267656.6426688428	-156671.70404821652	-140928.90460305777	303168.1270586798	-349079.8043672588	-356756.32187777176	369502.88496245793	521413.25240139663	-324983.9633292822	204957.9435018655	-21489.794395564706	-575977.466410103
402484.5316590284	402575.4770243077	402724.23302646773	402897.2555972347	402979.6871720874	402764.50795804523	401668.32371779834	399891.8680687462	398198.9577627055	396414.9268350005	394468.82409638807	392345.60575726733	390039.70883200655	387560.2035115806	384876.69910121907	382049.5015813863	378926.48186450184	375716.0631925531	372337.90265626716	368341.9318704936	365016.2778490698	360978.8767464333	357135.51636182214	352166.79946384206	348088.76889796404	342869.5677866144	338602.3009018415	332090.30608403427	326852.99536672095	331415.02234820044	316462.9400438471	307433.3235635152	344804.119475096	280167.9148625531	286225.9853420552	285932.2724627997	279176.9221228688	268509.29892917036	274857.39060747344	263891.3439555679	252485.13979129982	263102.08480058785	236015.22109917796	228057.73009384074	221815.88617020962	199463.624221378	220028.85995512106	200635.1230067208	191755.57066235645	182743.83337285288	224552.53739210812	183026.9146108845	190117.09402667964	137885.72056263156	130598.33538191143	91362.87143641768	87315.96992545447	60826.80969549576	-25030.873281658627	239553.22945850145	-117497.25379522413	9671.069228097738	69422.6541218292	31288.387041069218	131668.2502054558	226.74143362033647	52466.091571592144	-136368.47246361536	-11043.959927095857	50440.64047044725	53893.94397496537	54405.94626997085	-226825.0397532349	-35471.41662143456	-22983.069097439176	10445.148129397305	16635.563753432943	53616.90245248517	39647.07064716227	-263348.7083607778	-119504.74471570808	-122172.29370615073	-178827.0446557391	-104088.63057786418	-85846.82833947288	-140330.06817738217	-62609.755618114956	-274495.686593353	-85291.22601029195	-245535.1356860526	-81798.22946709825	-139444.93504784204	-123498.18076295638	-347184.5370101889	-106022.09018589067	-210154.32316734747	-230638.5951019529	353471.6918858546	-449160.351759266	-337724.5406552581	-395152.273442132
402773.59236146056	402851.2561232507	403010.839932211	403217.8362031856	403395.5191917396	403415.24801056355	403045.9211137381	401664.68108708935	399534.0022036277	397612.2097427604	395599.07383136486	393438.1161556501	391105.70623522927	388601.7146906438	385907.242310176	383025.11621710565	379976.8632898629	376740.809590196	373256.58533341123	368844.32155528106	365920.87743332714	362022.0844499244	354279.59489297215	352795.98019558995	349296.40594268055	346573.3875811496	340302.22173212573	334085.6156755956	329371.8043184858	323149.2528886568	318751.7333009653	316846.7412848801	304752.58140043484	289581.29247223283	344313.48029887746	285332.1160768925	286761.63293684844	274095.3724673103	267780.1810881931	258108.8454912901	244633.4928890078	245491.45138667873	236084.2651049113	216336.59914740047	259165.2564646016	214021.7952472088	212557.18357839424	190744.00822509523	200853.0120551068	197538.2868470403	214954.9747397285	183867.99827472353	168308.58731134352	153605.62132053135	142463.1318011973	91823.2714795582	30289.557278101973	122198.77731462137	126320.68269987247	77830.34514178726	-57644.61370685074	178030.32758615073	259081.93999729934	106944.29579082748	8875.958672083449	136926.79784333613	-105709.18297690217	88507.31296580343	93967.09249815356	19067.844194543664	-85834.59898657084	-116978.79213156342	45056.591164989164	-40083.29673697351	28820.398477077717	-231389.81542472402	12596.436198235257	-84710.70750341448	-114543.12021344423	-117665.98883225501	-81322.84979267971	-25169.38951536431	-210391.92886524816	-46990.82895362703	600952.6052911817	-58196.327378210844	-245406.53665816237	-71728.2160148609	-120908.33701234264	-144260.53863035433	-320744.4596657149	-359592.82588296	-213761.28965942806	-358946.37629589916	-354721.4936890511	-221350.43565858307	-254189.62877533736	-616505.1526347657	-291900.13779076334	-588818.0838470677	-369906.46657774324
403069.94495067245	403170.1801656686	403333.12939715537	403562.6736794063	403798.4320356904	403950.47803696326	403883.45526064036	403345.6352558881	401664.00916223973	399183.0175800455	397010.21866052237	394766.70408252324	392382.801129941	389832.9835828998	387128.61646518926	384221.22806653264	381128.4428265601	377889.6660170227	374430.31248183234	370888.5190757533	366985.6554126176	362032.025808085	358865.6939747508	354646.0928286348	350203.0741866629	344611.1884601122	340718.95947073656	335329.32206525316	329691.66840176564	325631.39824042935	319340.388240444	313562.2363462888	309368.39388783125	301039.446537836	296673.853653808	271763.57435333135	282745.3489565806	274482.8062050664	266938.83885435516	247330.8080347178	258251.99393590156	250178.48182694637	235429.42894851114	227969.8845997156	250044.59078141092	230158.94445484597	201037.32853330125	192220.62965849624	196772.64143771597	69510.84884175821	154242.0762754893	174583.4031982919	139564.51414705906	136178.54641419539	128090.88743545196	149473.72743781074	139611.01520445372	228093.89001954067	73459.5190414614	71850.57888037799	-118849.3917544937	46091.59704782604	100915.72829543683	82285.56967042171	49241.97597637505	-37833.61796457262	-90438.76876655262	247618.3330691805	9963.119646094856	16658.944409952383	-84930.09296343906	-65139.285569130734	-61732.086016653804	-26350.119103927456	32003.590745672118	-67684.73166255606	-47070.58677715098	136853.46063460968	-272888.53462524957	35957.43867686449	15821.272935613757	-254767.62986283848	-263896.0276379946	-234668.1562610864	-49005.32411266316	-112891.36136535998	-182066.1826891912	-166267.63263606478	-227142.9754206204	-74777.09819851257	12993.196163489716	-387736.6955938343	-215348.72676919308	-136285.96055886894	-388717.8417464724	-247394.00329123996	-353167.5221740776	-156962.5289695831	-452076.68598661706	-226720.07955615007	-470526.43755046604
403403.56940573524	403522.86492969317	403693.50687680487	403937.68628195324	404212.24929918477	404449.7966854031	404554.6665002372	404377.4150540822	403657.2518770746	401660.19155659934	398832.26350058	396395.47882649745	393914.53588090127	391307.1449862253	388537.61192846217	385627.56786873844	382522.7263247875	379264.0548736948	375810.83688676753	372175.32664905535	368347.89476175513	364111.7171799465	360251.75062621734	354434.8712019444	350929.64280465536	346636.04732233705	341944.5649240791	339990.6902284998	331890.74328311917	327668.90367175813	321949.0697140456	315660.1504522546	310015.3001225231	304213.6121387811	295502.04372279835	288940.9296649832	282644.2619647598	279475.1876175236	283786.33204476326	264564.03215270676	258672.24358850752	259955.18543985253	239893.6353338122	227573.8025125193	235722.8880139907	212230.94244202063	223609.4645513564	194865.28335336782	180505.70971602923	178605.70477331232	212678.54725266702	163606.39126741083	158726.18799299462	169079.51107407152	87742.4093853567	133873.02062911214	105302.51466768619	83316.62412647111	142386.51010086294	25586.82674877788	85267.0411209737	98110.70128380146	40739.72814795363	15180.215001380304	56992.236304763996	235029.6637243164	34082.48454647226	26560.69750832382	-37093.93110877357	-56119.35181548679	-21036.452542720188	-60812.98187936563	8212.982626029698	28189.8263968401	-143105.3116788658	25753.72336615529	-93029.31795942102	-47343.34715603647	26860.677719105617	-131422.2001021119	-37648.2014202741	-91023.90291966015	-121272.66229218931	-176803.03401510877	-21845.136665359605	31530.964780549402	-52266.66249742138	-368239.2973980021	-263035.2461197128	19498.655737313442	-381739.2016333863	-453581.9008108338	-140673.08087881294	288495.0963001698	-372760.8691165184	63634.93206611427	-164239.80811320117	-388224.69804461155	-131084.0182336074	74103.14624010748	-241141.76896050386
403815.1100062184	403919.35850026936	404091.00607376045	404345.6561504293	404647.98210202996	404945.461516159	405163.4275417562	405200.09627665125	404895.1119341366	403976.35974005435	401659.0415564119	398465.1430170259	395768.9976627447	393046.31389832473	390213.8967541435	387226.47648191813	384102.04532396153	380791.2735959422	377303.3638282992	373599.00380789	369859.49515783996	365836.373457822	361681.8927639448	357220.8805982773	352920.2722577341	348118.04538941244	340515.38960446103	338606.83853398345	333659.64096908865	327532.14392043103	322291.9495861076	317391.82029327156	310715.8621142849	303818.0079021539	296757.0014941738	285705.33229250857	285985.0169403724	275753.9507717679	271558.91248325875	264353.14774573816	245769.93207225506	244398.49831229728	210328.0101255125	233070.3595833656	251650.26965868275	226405.13546356582	204263.94455425558	184177.41812586668	181938.81938789831	186309.35902340128	169585.3059452976	163594.1885592023	181427.86638743337	147304.27255257935	170980.34991522902	239996.2928554666	138646.5481908915	21623.37545950181	147050.29637548793	86251.79726062389	110562.23682038684	112583.06514592236	155918.84594608448	73980.0816880922	15100.003790919203	-43432.95439518138	69730.01549697551	59355.41584947269	23843.817386836512	-26455.325985360076	64734.94404227333	-25186.707327062846	-43400.22024269035	-165247.1625422875	-12034.193258992978	-47898.52591183246	-33583.40034577355	-138693.64208180213	-99559.58729156479	-130789.53879642382	-231500.25481745502	-3151.531109467731	-184706.04150685074	-429676.3813084392	-185410.47217381588	-148193.2411757633	-171507.13346479053	-162277.92554632341	-104568.69528651732	-123368.86083210364	-275084.1806107241	-236823.94383372308	-285781.35527897975	-88074.30818857136	-204377.51383313397	-68688.21215406503	-262499.9056904645	-564314.453804367	-345436.1905565417	12683.876447590766	205432.51640177402
404226.0009071595	404351.60596159636	404527.4412776623	404789.2793554331	405111.79608921846	405450.29687565204	405749.7927013027	405929.2607143946	405879.41018929274	405436.44845053414	404307.7619512094	401658.3925530863	398105.411560763	395131.6504638876	392164.07751240756	389101.0253109179	385908.1186351002	382552.59155890776	379057.792980078	375382.6865064951	371527.07096561126	367398.6466587157	363361.4271497533	358940.9812217561	354308.51335075125	349744.07128166885	344822.21300588746	339734.7968179231	334966.042288027	337645.99944055115	324153.56495699263	317488.37255800515	312419.04689537315	308641.4433826464	299427.38431675476	297553.952889504	289153.6957874049	279207.2964371741	278706.8990233345	273923.2568905273	278473.2842299077	256252.4704002745	243693.05178563017	240617.5858453114	162943.74270046945	183606.8318316713	196143.10032339138	203260.3754769218	180279.90252688108	204007.23837917065	191218.4571742164	183833.33684640273	202620.89044757583	193434.45221313066	148901.7856419753	146835.72339519707	154322.3222167584	161093.7422674551	119825.54148982384	112135.69067408121	97110.71755314822	36074.43205350486	92351.51515289396	17658.8223098726	32103.16111649369	22483.64817099122	-150171.61763197382	-207565.48620756483	24118.838314945227	9662.96026519459	-3916.560804902634	-78101.26607650914	108729.91310604499	-169394.6291641288	-132244.7898258565	-539997.18297856	27202.13697174529	34530.72566080524	-101737.9222252433	-118375.29378440225	-134599.68900776072	-78733.27678793308	33339.87064398534	-8367.359719334752	-93378.8804214978	-218984.29666195327	-175504.3887677245	-143840.2865077497	-226704.04280682624	-167921.18982226006	-294232.9852840295	-228823.53575865994	-300882.56947240245	-390737.01583043346	-121191.67521806096	-297016.06792645704	-320120.64691849257	-230015.2378380599	-231568.09095768328	-222428.5583624877	-177347.71469819418
404713.8976433299	404826.971960093	405000.9815957021	405269.8855502581	405606.94451860874	405977.39983076754	406335.7451700765	406617.415918979	406740.9261361973	406590.23478693643	405992.0086554728	404643.483679911	401649.76270387345	397736.61616329383	394484.9081580796	391267.85717963136	387974.6862438078	384560.5318464736	380983.3039054617	377266.8870940857	373385.5014000373	369384.55138433527	365120.2200935908	360734.7881750858	356119.40033580444	349782.3012981528	346856.8451553199	344489.47467057884	335968.3314622628	331023.6902075934	323839.83222132945	315676.4795873674	312467.4240715768	307649.48232149414	300649.41582344717	293059.4042658509	291920.6460223576	283739.75897191267	273556.01170708635	264474.78393276024	262858.33801712736	247909.86877168715	254062.70818249905	238365.16348711995	231628.96463185071	181622.80422507838	198358.3242357981	169948.64937759005	186113.9882675559	186190.9144053571	192879.8177300304	125298.61955014133	130380.31329000671	127279.00032317161	158219.45310716855	145838.08773357992	134136.7303947031	103276.1694763028	58765.18937943777	49200.71468430897	97879.20564497262	50348.95799076429	69331.73623458191	65574.91039380134	106541.79529883352	70372.04714617977	52013.0993348941	-155852.94937707274	29764.52915845439	-87531.38908862247	-66098.47873974196	-113426.92690396082	14404.987613375764	-152053.72933545103	83253.10874742665	-75425.18988290889	-235568.14255423844	123780.56093765888	-233630.0798979432	-163760.94193620782	71244.88327800878	-150285.34248263005	-178409.46051980183	-68880.13288611366	-37495.8292093887	122676.45212454989	-332940.09359437664	-319165.0362893888	-201374.8962328378	-125489.15756838111	-343451.39509379654	-173523.68358358403	-24117.37490477285	-254254.9055296037	-205257.71886226733	-36353.986828584806	-68569.79404051148	-266346.0231480176	-206247.03017351823	-293071.23328611476	-175764.14723681298
405209.6687711185	405334.90027039975	405513.33448034374	405786.66860995034	406134.8855871748	406529.9319617506	406931.81853266084	407291.19794808247	407540.36889191356	407592.8151116002	407327.0284100373	406562.74569466093	404987.1551647367	401648.74739884026	397362.1560818134	393828.07328825037	390359.14201792993	386834.8570191639	383185.63065819256	379392.46485798876	375495.6721902356	371372.1811468712	367124.1929634146	362760.54910466925	358142.925863222	353377.85377619555	348561.4314135788	343327.45540126273	342616.22295799747	332827.1678649847	327640.8459161017	321029.498505122	316191.4636631309	308996.2665326451	306128.6990410775	299199.09355135437	291336.60679349245	283693.6302886574	269253.9761732592	270365.48608825996	272485.10792414646	259226.53626585403	255793.52874361817	237741.79439165443	233554.76765437517	227566.60046228324	216255.4243758634	209771.94171457982	207459.63126371265	224932.75640045945	193592.34707658412	184369.55450074503	144617.7876769352	138844.8216906403	199411.94272872608	130868.57213206845	126914.02678577701	125341.67369917256	131268.73808619892	99027.07022893179	66898.06437508028	133199.85692093242	53188.85520777432	123282.15201939596	63933.7587716172	47216.69492386782	-10479.883103322121	-63166.42687767185	-12248.314860761515	-23764.081136196037	-134034.63897514978	88179.8344252772	-84857.78094978805	-17833.791329689615	-25063.834953070036	-15497.05980301334	-184228.18213935028	51945.485913432436	-122040.02693434083	-132970.26217010443	58236.07901055948	-252125.80119946162	73894.83288961544	-136666.73401583184	-304026.7531515509	-220462.44570379716	-208933.60737889924	-101386.44487494265	9900.06454475387	-236925.60453378095	-374289.11207542976	-208601.6441239015	-101355.22050282545	-4251.785535580944	-194695.2240104276	-378781.89036963054	-367552.16143278533	-197004.36546527385	-325916.1696198308	-306337.23772875406	-474528.38094300334
405775.3609487774	405883.3364125785	406062.9698520007	406340.04902247456	406697.43011544156	407111.03898856137	407548.0391221128	407966.13873904943	408310.5924457626	408512.11397630186	408480.1373349726	408087.67401207564	407147.92343307985	405334.51609930536	401646.6824306998	396983.1276619402	393163.66725624935	389440.3821392333	385666.3116571505	381802.75884215254	377824.0303970205	373694.2988239031	369391.3770816289	364902.1207860162	360374.278241887	355557.7063490021	350662.71318726824	345534.6970751318	340231.8856897815	332883.46734928724	329393.8162573733	323307.4359207564	317739.15573865897	310929.0184768925	304482.4762669812	292470.4158537071	284654.2583053862	285640.9001496299	276690.0164888534	272285.2933419255	263452.58744997997	283970.146058594	250644.30683064263	245570.53662598552	238710.10002685583	224980.67698272387	222560.34348320938	216395.35947821895	195197.37389722036	194657.39298911556	180269.51646028424	201370.70622599567	160660.8046677041	206706.5977138076	151760.91053389903	128722.08795754646	148961.37396759389	106178.35736926773	119214.19871678133	70586.70557717746	111760.58120963583	93370.23745017301	137047.5826308597	93736.43125112349	88963.75704864511	41471.28977898427	26632.779313901614	22130.70409182331	-20399.541264047264	5283.710524437134	-40566.98315477319	23111.768038755166	-75809.87594255118	42552.3632693172	101625.31276442017	-70155.1774840696	-99030.31455855962	-36118.58189262007	-101135.77415045671	-94640.86032423825	-20224.44305988832	72202.1944936408	-43319.52788602898	-198423.22403673315	-117259.7958794391	-198651.01753958344	-144560.39414481062	-158988.28104068077	-52503.54881552025	-95914.11558519438	758.287006098195	-116072.46103507665	-304097.048114739	-314931.1409205848	-210970.88964344776	-286785.7458828927	-306324.1729328553	-324660.78254053305	-646951.3899342812	-515383.94412176	-279272.7621228176
406371.00764985196	406469.7106811983	406650.07065991964	406930.2892884059	407294.9681432842	407723.3589789475	408187.6192657972	408651.4557832789	409070.7204659707	409386.9281910452	409528.173279125	409398.9586782793	408870.44162712607	407745.5435900936	405689.76167484885	401645.3237073447	396595.01344641706	392491.24413779215	388509.6381193198	384504.5757955685	380407.37541770644	376194.40935300733	371824.0662480283	367369.37414558826	362714.20516529854	357911.23321608023	352931.4072098044	347918.81276106194	342504.858147386	337224.4686384554	331675.1774477394	322969.9759326584	323798.4875052549	313082.4413868673	307446.68042746175	300175.6734225936	295184.3971344569	286835.9515342454	280733.99150165496	281515.1946396169	263558.53649482864	260543.49933259003	251459.2169187041	225371.3402409805	234081.92601582222	224849.85646582348	220473.11280043435	218308.24295835756	205498.142119803	199025.0204817761	189655.44972499914	183920.09614043974	183084.72960546985	154205.07322325336	172298.45781803504	111752.76838905679	140088.63634038006	120789.5741036107	72971.87237744534	80417.09170389583	31736.481327976915	81259.38494336081	148852.6639379972	71349.1659712455	56389.22100214753	74447.03016771609	41872.59301828756	13083.131275800872	-26533.631873997627	49703.405427463	53297.422472562466	482834.4653145231	5637.896247747238	39666.85001282563	-33436.13244776451	45358.91704043746	-42425.47440796677	-322569.7176057299	-134284.37300240307	-78070.59566589305	-204213.7294453524	-111574.02608018322	-143959.62618495955	-66610.19594521628	-294385.34369220503	-105312.61761880107	-250342.73231628328	-36837.180850506644	-168080.29799586907	-420327.80731994554	-132049.28740285413	-73381.50319753517	-288291.67971863947	108507.3884229468	-206145.7056453061	-581515.5448904675	-93982.61286850367	4635.8807892630575	-244303.69812722586	-448848.08707309666	-147484.8361964504
406990.01471157465	407093.04962568823	407274.3699161137	407556.92485410464	407927.3306940744	408367.8356288172	408853.04997880827	409355.6866633961	409833.87984430965	410239.6642579092	410514.17973517743	410582.86824283225	410346.3886541445	409672.0076911076	408359.499153645	406054.5215876553	401640.8122056555	396207.5259166581	391812.7677406387	387570.7947470532	383326.63810999866	379004.25702717656	374567.89953011984	369983.74893712683	365261.05019045505	360476.4696071829	355439.3034706166	350336.3232503849	345022.5099022739	339458.5162996303	334110.1161631795	328463.0134577884	322228.0594336336	313318.52886958094	314136.9126739858	303468.85414136166	297445.0213360203	289320.2978002456	288812.82350862946	278213.8094580461	266689.8343322824	263219.81839535106	242983.31913902203	248542.79697629844	240366.24132667494	250499.0454459777	222011.73880839965	210806.24682990706	204847.5659461585	185264.0600190215	193899.84421670844	194476.53855682304	162213.09620417154	154209.36753757537	176387.2570665843	150625.99683959887	151806.85192363337	141279.61394197808	105531.19437374978	122809.4672883855	121955.8592176318	93354.49765992619	127982.70209454768	151276.0937052851	75410.2226218254	48068.94538316439	-73563.87988684594	-6521.866537037422	59834.702601745375	-28762.27217467717	-4495.675630254205	36362.09304950072	-102351.98474417184	4693.036768415477	-14326.7580929026	24250.253503431508	-102061.55892154312	-84515.27825611085	-95997.44429898623	-83112.52167076536	-83728.84223046643	-84193.62110339227	-101923.79605877574	-121763.2583536394	-100097.78687257716	-193593.38106158772	-34958.78575733199	-310421.86445995973	-138021.48644298303	-257878.62448403722	167931.15174826805	-251553.78056200698	-250685.62411534227	-296172.34837104636	-240325.70746585	-352616.25596429175	242244.3569217862	-251766.13216378773	-271572.6770639973	-273159.36104588665	53615.67648351588
407648.1946086362	407753.57739015017	407934.8253072563	408219.140268089	408594.9313526411	409045.4319319073	409549.8816828189	410081.4817054721	410605.9756059379	411085.11277048057	411463.5722306662	411687.529037853	411673.2374422805	411320.71996316896	410491.4117166683	408979.8224597423	406416.11312919843	401633.8651334442	395818.81194365956	391127.5171727588	386627.3922450993	382125.19896216225	377562.6516085054	372938.6171933282	368174.92841676576	363227.4651899915	358182.6368168533	352941.8338657137	347661.9361179989	342121.23318575777	335414.4185004792	330949.34112806304	324967.502928823	318838.6669897783	312613.66679262207	303916.1640339495	300769.35890790867	292358.8921874673	286143.71165553294	279666.4854803204	271905.0930458788	261414.4736808366	254371.7906751535	262977.9217393688	237176.15280784864	235184.3595065882	222097.36026531388	234951.38966126484	201185.94306932366	201880.34283189545	197292.7910081566	184974.59397958254	172887.63839177636	172384.22071682755	160689.48236550007	117577.23703078844	101116.57107121166	127349.36261088046	118172.21137986943	118573.0521803011	100159.19461418298	143605.48616921366	84291.63571523724	194780.3682428304	67018.08751328243	207376.79326227366	-83542.04448060412	11463.829770951299	-25226.230340161594	7715.818147932994	-11907.931137151318	28564.22759133228	-36003.41359276476	-65009.10306271224	232550.05513620225	-88581.96481552551	-139014.24396163796	-4320.082121227519	-143666.07677422493	-83069.02958253678	-32790.54987188446	-161388.4966760939	-123222.04058535572	-78313.19611239654	-93054.54486096418	-111876.08555102965	-207709.03342565952	-39321.162458295585	-108784.65765604877	-148502.1561928023	-152669.09599739406	-207162.02934990986	-210829.08943624992	-186510.20270060434	-175081.49865334155	-247681.02827098104	-188104.87299544597	-100846.17895367683	-251030.84894735366	-299476.4317755749	-293812.8868408914
408340.7587352685	408449.94913977	408632.1578634586	408918.203412025	409297.24392140936	409756.2276752341	410275.4923562653	410832.26165167254	411395.8488588809	411933.94771056005	412399.69632704044	412744.79474756087	412903.738724121	412795.6838368962	412317.44121772365	411326.6678461203	409610.9770710586	406786.22984323045	401629.9143725027	395424.79687953077	390436.1455564067	385665.9120908907	380932.68738469447	376158.471725421	371277.96795408416	366304.41133344546	361187.2902431657	355940.21170152863	350505.92655518407	345033.96546236554	339208.25799559546	333516.75133392145	327419.6752756954	321257.66523397074	315333.12067341316	308819.43296195543	302384.8245219004	296395.85837008257	287963.7126069922	281167.7854585097	274137.8782824116	265923.0179116068	259303.64044641028	250284.32506903738	245481.87461387424	235184.17467365996	245780.73219555034	217779.7674029828	213581.6596814827	193311.2032575542	204258.50366005255	180227.00237246288	180048.07854600553	165546.0498312699	170071.09275404946	144693.2793784464	133828.43001316063	137306.64254325174	117419.61075499491	125630.2770407385	145477.47044491395	86140.28419906681	95228.6311029988	55118.39157318219	121866.51142014551	89213.54799479939	44913.137741932645	70979.88295511843	54251.46349845291	63200.70002508245	1381.5584979991545	24601.953252458596	154513.96388133802	44730.29120317078	49104.5934899142	-175064.02798309067	33653.86968518933	41580.69584892073	60558.8031414547	-11850.78590784804	-91373.80831591453	-141370.7140792408	-93264.27072800172	-193529.4854419515	-79901.00004509353	-123188.4791612858	-342228.2377695187	-269040.2222969342	-268534.56635504623	-116527.65451177751	-271771.77937214554	-233022.7619475567	-267998.14383177226	-357496.9579049378	-144893.1984357324	-244795.75730137504	-290699.7808737018	-248614.3187501058	-273652.75806736585	-332454.71328034357	-181660.02914265823
409097.6605697279	409182.924312658	409364.9129580619	409652.3143968225	410034.77394737594	410500.374664444	411031.94803412305	411608.8758993313	412205.32629730157	412790.9439857693	413329.1499104082	413774.43025629455	414071.36108893494	414157.21964302124	413947.62892248516	413337.4676347475	412176.30799052014	410249.9920760343	407160.8335592118	401616.7977957949	395028.4737112358	389739.34085206233	384707.68480157154	379721.0438556933	374703.02926263283	369565.0454905422	364376.82201277744	359092.4173327506	353588.67395741795	348054.4120785637	342365.9288455413	336376.07641297684	330447.21918594465	324324.22095719597	317876.1597252665	311337.18275128864	305436.1124511777	297744.0979753003	291377.0817652171	285547.2051167871	276856.1888872996	270840.95396455843	275683.9217184362	253305.7666901137	241391.32610113185	234469.74668999203	235240.46306112385	223192.99354993086	217099.1836539295	206904.28045097343	199328.04966580146	189831.69320228393	193236.02411527652	171266.71378574276	164797.4018441632	137068.23866843304	128151.59467177215	127826.42485808843	103176.30775806378	137410.0823406186	112171.1967815872	117306.45764892892	104737.78335610125	38197.32588804816	72400.54415055201	70265.39299953904	46502.99464418087	34650.8131690874	41745.96473298437	43081.82562879083	27165.40660557733	37559.03546417039	5598.098028876935	-13705.10479712591	44294.27266978519	31190.54505293793	-8169.134775275248	-94832.77410217788	-93132.2158465652	-63299.75744131557	8638.119517199928	-78877.74004184251	-118889.2337082267	-145865.69879630813	-142025.9427928088	-154821.06487201957	-34957.156886033714	-242655.0711326952	-133927.48296507954	-181033.5577082149	-231029.18422011985	-197423.77239219332	-89036.91578822478	-255929.72314816114	-189401.51460626174	-208299.26762170863	-535223.264260177	-270744.0856530495	-224137.5224772691	-320099.2859436358	-352756.5768012161
409868.46437909745	409951.19883560285	410133.6684577967	410421.9403538669	410806.6163462049	411277.87769192504	411820.1346873852	412414.4355494896	413038.4540637834	413664.73799143126	414262.31432039535	414787.93054689385	415200.24879188254	415441.0807254695	415445.5173414787	415125.2848153097	414373.28448990337	413039.272821966	410897.2044180806	407536.7076888039	401614.9249861855	394634.53550426837	389037.96551232063	383733.83694321185	378501.595052929	373238.6946499399	367917.57747418946	362451.50424249726	357017.6930045391	351304.5413270475	345568.7668084733	339611.40180934453	333629.92437786644	327446.31053181004	321238.1960703253	314541.4728174199	307908.2371579624	301331.92420583183	294174.74892089993	286934.1005246403	279909.18191110995	272567.3330481035	264571.6818831875	253305.788053244	252929.26912529627	242664.53781278757	233080.3568710183	246817.84280592517	216647.47829540912	210999.69075774145	182825.22907977283	215019.91947497719	191850.97096690245	188035.7635563569	172304.3419618539	156978.44846412307	150102.61668554868	136992.7932047759	157228.99607430748	147212.96272639313	110297.93082415429	89947.11302171991	91971.93372653838	78511.26662662142	69770.59703808185	16312.555571275472	44420.80073830683	42354.76935196831	34335.030175067135	34710.864788526844	21605.8451749254	-11772.990968733851	-11995.326926973648	-27479.597247551137	-41421.90445317363	-15037.410341180977	-66641.77193699882	-8741.983185419696	95420.92738609156	-128688.78718964668	27855.353105488466	-23833.594052109285	-87860.16703861777	-37845.712902545	61013.28014863923	-107125.2919173027	-141018.19798711862	-294894.21659001417	-254523.54219991388	-200444.69946623745	-219771.6803134639	-225879.98450108292	67776.50115180155	-74427.23399315227	-340889.6122340346	-573591.8414187693	-148021.71306903497	-226667.15311328822	-250241.85724292358	-66984.14423116646	-61861.899308752734
410665.2460107445	410754.1128087437	410936.2985373137	411225.78003131226	411612.8759207947	412089.1576161457	412639.6008663861	413248.55110406084	413895.82696040964	414556.4583838625	415203.7417947954	415798.80292675295	416305.0462781375	416675.62027615635	416852.3819143621	416765.87721900176	416328.2911476862	415429.2378862909	413914.56696908304	411551.45906002796	407917.0056224045	401612.92737412045	394226.08051016496	388331.74604142376	382763.24567732436	377281.22471942904	371806.1639223959	366267.3969383006	360616.2519741168	354886.92067298375	348978.1395189207	343079.9946104295	336781.54053443007	330699.34990939137	324390.6890787326	317819.14454123005	311184.92302279535	304464.7223156078	297655.3781191659	290497.1726625683	283126.3682858249	276381.4898008435	268308.4394442837	261309.6109544586	246189.72742060013	246587.47422953206	235250.66923889145	226809.89553833357	203807.2357125543	209751.62369297817	206784.4035456318	201212.07115784113	186404.6723547147	192151.4779622039	170746.54597762274	153057.6493386504	136021.8558146014	136098.87160515576	124740.79115555575	95607.48358474777	134470.6200843423	119320.42550895573	49365.606897025486	66857.50430046732	67589.56264438224	66873.18266030808	48878.74451851827	91866.04773421731	19443.523017054657	37104.663499486574	27822.393997031962	152046.0379595703	32544.777841691393	-29796.365787972463	26122.900541358627	-81196.71096073044	7303.130969949649	-127394.56862644409	-83296.40578812861	-16853.062236317433	-46667.968742023106	-124392.52729987231	-147170.87664987158	-161648.63429918513	28307.67335392628	-28813.23194950272	-121397.89508848288	-144743.8825440759	-121350.60702981846	19675.697545076953	-191299.22211759025	-204423.41037788946	-157824.02917231206	-234919.59484160843	-180902.2737648799	-246952.58416068042	-274529.4518862763	-234569.99735218298	-254962.70393408637	-267234.6887800175	-240396.62489146134
411483.9422407624	411591.506029185	411774.19054462574	412064.16565906454	412452.87905947585	412932.74239726015	413490.8319911838	414112.27863172314	414778.4305418591	415468.79033288185	416155.9553042464	416814.8952563839	417398.6534493404	417877.1187940291	418196.70746659406	418300.8625272496	418115.061034166	417553.5729836107	416500.7464101496	414800.77443002304	412213.17448471615	408301.0457444568	401611.26848615916	393821.8565157787	387621.5016716932	381773.05210030905	376035.3270943945	370334.0348531145	364572.39683214924	358724.6719038888	352770.8173919583	346702.8064328758	340555.3633055012	334227.696340902	327816.29643314367	321240.7789869297	314555.05132587685	307844.91538251925	300925.77706171037	293387.9828292056	286310.8988369029	279049.5743732627	271726.55747505673	263772.4604021602	256870.29735454603	248533.0862095562	242176.3224720041	232168.51734292787	219413.64638015465	219882.60645489837	208906.10314425128	194168.38395688194	186641.40499529708	192175.20413358463	170004.3764832326	181069.10210904723	174749.52721517405	143086.74355325685	139264.72064135375	124557.95560296357	115973.96166902187	68341.03617090336	120614.63815881911	115485.21756099543	46613.66059446428	61753.72074367711	61862.36866622511	66524.94040833873	52917.13680161501	7829.425529123051	24300.117786715506	-180957.39593662054	17830.124317251786	-2702.2823433536105	-2243.6138743821066	-25480.949983339116	-113757.60287618486	-18253.065829002764	-26381.243185342173	-67900.71342037612	-76941.39098769892	-148428.3187066496	-84793.26700502646	-110225.29612795427	-249419.10859709274	-132748.03854788817	-257734.76837675046	3624.1727710154373	-222626.7842248166	-238574.59269124782	-279180.3920687224	-178106.29813074786	-286622.38249836984	-308113.3628859205	-184798.95784531627	-254016.72430943348	-372022.27744224726	-321067.0989611299	-333528.8089021767	-414782.0648248282	-633445.190713614
412379.4417963434	412462.7207901353	412645.2490259586	412935.3059325224	413326.10646446224	413808.90565423877	414373.11958186235	415005.26804725523	415689.4325918588	416404.0984984046	417126.50209697546	417836.28614142584	418488.18081489124	419056.1476607496	419497.69192910555	419758.04529052635	419780.1384297863	419490.866383116	418799.52810955036	417589.37856087903	415697.4817883099	412880.75200987735	408688.863062675	401610.6492083713	393415.020085142	386907.4822062835	380795.1964988614	374810.2098073433	368842.2572014127	362840.1846496316	356794.36161204113	350573.8832094796	344413.19985438965	337909.58333074884	331508.06864686334	324903.7390865558	318114.4351339955	311320.19788133353	304252.4018218521	296785.1771943789	289717.13247739896	282986.57247267733	274486.8072160487	272339.00191699434	260109.12001657975	249481.31496780028	242423.9456827686	237337.9008287954	240367.90682165476	213686.1931955677	210744.98144599248	226724.82773289247	188462.8176198795	188343.4208873394	174074.55678259855	172506.82904270128	160713.7513947388	144859.33475610788	140310.0480123926	155932.17519253783	102870.55742192816	103344.16323845956	107146.00211935723	86954.4957659489	66655.5004483026	75539.94279558782	117920.60540660168	12247.80732884619	57773.14094032417	-6846.120643276023	1680.4878549238201	22852.880684026517	20244.954629873624	-52248.17624041287	-70004.38715307793	-18256.208018674166	-38990.402034540486	-51440.65105588961	-21702.40842348081	-42791.47560964711	-89269.76506417705	-199160.63987481827	-87860.68944766273	-111319.13730935805	-85026.80835619953	-151431.72608192277	-102442.49988471298	-132798.47369354567	-117366.49876957742	-190606.26238444052	-146453.67746029084	-236015.22390919528	-219577.7807063267	-116284.72403554083	-373789.34356309974	-304260.3269034731	-518914.5957459569	-151877.64413068694	-430977.22519274964	-164741.3430600834	-385904.3182053943
413283.6995813006	413366.6965318937	413549.5838963856	413839.1089954659	414231.8069719031	414717.6470898398	415287.52315015707	415928.64401105826	416626.7613535018	417362.4237453971	418118.00216901104	418864.8040955892	419546.5017850639	420227.52266894444	420766.8232402068	421161.87321631436	421355.30252019875	421293.64695601084	420892.1687348592	420063.6108381654	418690.54836979765	416603.3293318391	413554.10154477356	409078.2443912389	401600.7097109875	393006.6766060353	386189.73549910286	379795.0580489909	373572.1911493881	367323.31292596203	361089.8166707916	354851.15934087476	348467.7726743375	342063.2307416048	335387.04041970987	328851.0701263441	321992.89148906164	315019.4916942738	307733.6850971108	300828.98808086663	293610.753018292	286070.2652751544	278419.1788663415	274504.8264253462	263994.11671773286	255803.59393121535	243288.722341283	239114.5041753624	229579.13760090084	225347.49209892377	215915.56184608245	205695.71943087177	197469.9089380561	184458.8236576257	177780.99767666555	172330.23517570551	161307.29755536385	157104.58907429234	156063.1189684032	133222.43474443484	133092.4161518279	121274.98034646013	96534.6427629689	105030.09729342151	84275.4063356166	105808.45898935449	63364.691824675945	63490.36310942052	65655.88467492122	52707.98140804673	5634.590258635697	-20069.87619048619	18688.2615912162	374.10822269599885	169120.34536083008	-79266.65197290125	-67394.86654227052	-27746.182152527035	-42428.23103723081	-32567.088576014736	-50569.74738015409	-104159.891503083	-129964.61331809382	-74420.4636367879	-117039.56212954654	-171372.11671952344	-121254.14027340186	-223210.3279059211	-122992.15649624856	-206787.1330612183	-119566.6463469824	-148202.22846600704	-169744.11040602985	-297782.4349525168	-202780.73941339593	-181715.92970165086	-183469.30943078542	-417046.05444196577	-374649.69319239893	-238726.4141203105	-203667.64851857268
414220.0858048281	414303.6455106562	414486.467577487	414776.2105344805	415169.69560445775	415657.4877190237	416232.7721271097	416879.5804479888	417592.1243932571	418345.92585666315	419127.0695021013	419910.9846456086	420682.18012412486	421390.1036624375	422021.7623662463	422512.301738293	422867.9260857934	422992.00400451757	422817.63106989244	422315.8980964408	421346.81476943044	419805.30369290325	417518.3346209929	414234.25351563655	409469.8290586788	401588.0094910114	392596.98505670263	385469.9228477472	378804.4993139624	372312.7538403517	365859.4676046453	359399.57195478654	352941.191183061	346326.7383071515	339724.37753062183	332887.9032692717	326051.0505040869	319074.8946168845	311917.65437468607	304853.24725353916	297363.3832098382	290028.4022528386	282919.64619303076	274708.2704772885	266892.680266381	259066.7944062451	251624.31863158126	243071.61177684192	226997.8365193985	226501.83755021833	215625.1576766828	204146.66575890197	194793.31616243743	191839.82206817204	190772.6580769763	169988.5845853279	163510.230203646	143396.3608392591	179414.12048903457	132708.25247164053	119188.71813451906	124809.01989560819	97291.22233532742	107583.17706662713	82379.88852028025	36702.21055825293	79062.09557633789	47977.37174385798	57798.69381058891	52372.041874863615	54053.905098480755	97707.4103982558	26455.724753139773	2490.5805226224475	-13586.355708596937	-98871.09077952965	-22777.656355473096	-70759.79067326279	-56965.98432238726	-3231.035483937827	-87141.87602386973	-122368.20480645925	-23400.119098669034	-320836.990128841	-37391.83480421244	-174602.65572306787	-188649.62308677426	-149092.91012783506	-116172.97461213206	-159810.57997718622	-141216.0641541329	-129607.46796510625	-206778.16622144298	-158494.54675051005	-175889.981778469	-162522.53399299592	-198593.54206470994	-269526.1974305535	-140087.9600550558	-338453.5657577923	-507149.7643982094
415193.8641917391	415272.6346179228	415454.9764164911	415745.32602280413	416140.11080997507	416629.22383847274	417207.84009356145	417862.3758135934	418584.4704967791	419356.24740682193	420160.8875930933	420980.23544637766	421783.86854496435	422558.5202851554	423271.15015950915	423868.7903456179	424331.8838741088	424614.1461533166	424656.72202696034	424399.8000324911	423762.2929617973	422637.62355498574	420930.0572945385	418441.3099132192	414917.5308304784	409863.5011582596	401586.50389206514	392185.97399307287	384745.3067818107	377801.3501148649	371048.3464496237	364397.24527046643	357718.4748450888	350992.71436285286	344223.1181157455	337337.16052792734	330396.9041719942	323373.59936717805	315882.2462843163	308870.83231720084	301519.4740139262	293985.47820696246	286498.8893111602	278826.7901343298	270930.7805817968	262828.43069323176	254476.82967817935	246553.40253600187	236842.11933310458	229891.61802895798	221794.892292451	213840.79435167648	201203.99916097103	193111.6038819661	196502.582273653	188518.9358407755	166168.15043503192	147796.83692312334	150235.38261574123	135682.19718430494	111712.46951177367	118207.10515370336	119593.57339764619	92353.48599410756	66408.00866895693	79591.10007526475	56260.00121081364	40247.11929168855	51467.74238467158	15665.0713068599	17567.65159639693	73072.37425293348	-28625.73209933442	35442.543601229554	29845.273504007957	-139484.1992691483	-5043.940654154285	10037.222588493547	-56731.20699023141	-78920.19203424343	-41200.50393037207	-180872.02587028127	-27372.716848588083	-82583.05494877277	10367.118747104192	-113614.59912032471	-195485.61765283474	-129391.26908069086	-176241.43078560848	-233626.22337226884	-491436.6079165975	-266224.9117421428	-219192.94403402938	-292949.3810948365	-229818.21847066528	-96541.32901304832	-222124.2705386363	-240945.76346633467	-281285.97413582355	-238087.02265827265	-290180.95358226507
416193.8211226214	416272.44787479367	416454.918039958	416744.3458694138	417140.7160936459	417631.77109972993	418213.16458580457	418874.2534125899	419604.40775518597	420390.1092792759	421213.0328463053	422060.83928123873	422903.14958974766	423735.32546339673	424502.1369690887	425187.9043136684	425764.2098251851	426184.0408023399	426397.31494325516	426356.90712487744	425991.04803819756	425217.54579620995	423953.02057800256	422065.7810745109	419372.20726449206	415605.8357743835	410259.3911484035	401580.8627712304	391773.3778100286	384020.7868597746	376798.7205750443	369810.69849622645	362905.16950602375	356002.0748222376	349003.8677110302	342087.42457089457	334941.7287130137	327863.1897975325	320640.9000278498	313239.06676047994	305879.75839237904	298195.1826456628	290333.3401403987	282695.58012689673	274929.3407489676	267389.9345993218	258749.54656962783	249912.28459280357	243819.13339036424	232914.16226300434	225289.7751635348	217006.32201908692	212760.08844493772	199524.85541250696	187450.36667334952	182987.53162168094	184066.37476604967	161280.57920044236	156915.376711005	112353.29704534204	139687.32386166893	131318.90761313774	119675.36984325678	104731.65125088097	88431.15499809565	94068.52531364869	86950.61622438603	63159.674250958604	93922.45731843193	-16862.899730078294	30337.36488986673	36909.46520207194	-1744.3405571128242	58950.51830419095	45467.143539421726	39843.79721874173	9303.443623655941	-27513.81822824711	-27754.80813271005	-74020.56424838572	-17275.775860387832	-58327.40379385534	31745.41686655837	-198216.30022079998	-93628.65042960359	-60984.26227882685	-108671.83179792808	-141345.03422470664	-78663.31247151608	-38080.156214664574	-22971.397752995254	-342756.6631931275	-171214.50041174603	-205926.227055504	-186998.5605934597	-288538.5576543659	-158290.3548121606	-322294.40874028415	-311120.83423522813	-302020.12616593554	-221549.86863098154
417213.5201721523	417302.9898320715	417485.4709183641	417776.04775799834	418171.6016961853	418664.2376481602	419247.8915440133	419914.4918162399	420652.2285667913	421451.5813183938	422292.24505533604	423163.19235734385	424040.1228385081	424916.1649367743	425745.4555213328	426490.77249920927	427171.7361232933	427707.9721261383	428071.37260021013	428213.75985793525	428090.3812911104	427603.2155666334	426708.74473170575	425285.1335552875	423212.43597395194	420308.9550915981	416298.2953455745	410657.6627060183	401582.23587255715	391356.5092418649	383288.9564949678	375790.8130972076	368546.3578794841	361390.95086666197	354260.25040271285	347074.44594180677	339932.9716922741	332531.08372838213	325309.10798515857	317866.5788007885	310242.4429070812	302716.00914838514	295119.94407148194	286125.7212961939	278196.83811950055	271230.7428500495	262991.9444681861	253723.8243080353	246077.4800779902	238998.60437156237	225218.95023536822	219873.4666712099	211032.08141821832	204708.66663944325	195254.01383076538	184127.98714117054	173701.94181974046	172250.91565886955	166393.2264566454	147596.0923120486	125108.18469379283	122007.4321528991	141575.9564433205	77613.82861087122	98871.39060525736	102389.01941090391	72186.46320088505	45538.53791812179	71819.71994594054	49778.61869024811	57132.81941191235	24847.051164776203	23777.114509792533	-3554.6184885614784	-30033.46278997895	-17900.193206700962	-51957.88863437093	-50284.917014648905	-63576.7680174174	-58815.928671689006	-103734.85231593682	-105819.92072803527	-86103.41106802569	-26017.527105244168	-99298.44668153091	-54864.81394328951	-44750.92594647285	-131592.42629432795	-152155.30868084764	-194719.7391504392	55263.509107402526	-150796.6250835621	-115018.46740071732	-90866.34182734345	-165364.6878237336	-353136.7281210638	-310294.3484590096	-312771.44538265665	-114548.36955727625	-215915.9917113653	-228043.13610946445
418280.8784460713	418363.48760037834	418547.27157454286	418836.96313209087	419232.66648625524	419725.704264184	420311.4949487208	420981.7361478915	421726.67869351304	422536.581211907	423395.3607596499	424284.54562166263	425198.3547568313	426098.536026782	426985.0030918316	427807.12588485796	428557.1407260612	429206.4178403509	429695.872712328	429955.09316284524	430060.33359125874	429808.60896829946	429238.92670466565	428204.9311033129	426620.8143556977	424367.048584122	421252.3617747752	416993.6199637975	411057.2733627965	401570.6519567438	390942.96804619755	382562.0877547894	374784.4518081336	367284.10621102434	359850.55402329296	352508.3492886622	345125.01758364006	337764.6588762209	330265.5096082224	322758.9719201231	315135.22607604763	307351.495200037	299694.3959096193	291712.34309195296	283375.97755973483	275578.0938095865	267654.8677069936	259163.41038254416	249956.52441412618	242477.881005242	232431.10908338323	228638.24334342685	217381.9599773204	207495.31879584864	197893.7912607123	185821.832180287	179238.38363200793	169519.5855785861	160006.81054481806	154073.8294369831	142713.1708608492	133504.9709008088	102301.87646899861	111356.89169425855	99911.67454417527	73453.28197239537	74532.8317519998	52650.29656545416	57902.95887138019	60079.375547419186	45569.91014659678	32692.427346299868	29939.36998564587	14810.514642974013	-32329.23794359225	-23066.3702778141	-17990.87481246842	-6111.982832203968	111655.13031071739	-14173.689217798063	-85312.07257475622	-39903.417101584026	-120614.34854868613	-85064.67946261691	-57971.84995851474	-16800.94590624259	-55311.96424159617	-118251.16949956922	-167752.44173076155	-148320.49474757485	-83673.44592497911	93123.40004794707	-209169.8343701394	-148827.45817114238	-272965.0633832115	-37171.174598144484	-215908.85329799535	-196881.62397607905	-306229.8726608326	-214479.13893281942	-289309.8669880152
419370.2590193325	419452.874103938	419636.23907892744	419925.5395300196	420322.3863329424	420815.8181272199	421404.0750685658	422079.18327620055	422830.01160494355	423645.1464765351	424521.4764092736	425424.43874529237	426368.17744080676	427301.77316077845	428231.13959288865	429137.56846659514	429937.5773995281	430780.84346118895	431269.35127863195	431736.69759982754	431942.5688543584	431931.2575266155	431604.7708848233	430891.27682183683	429705.2813344039	427979.0105280604	425531.9355292029	422201.7395726518	417693.0306105955	411458.3123962063	401568.454085247	390526.1285814734	381827.6753550954	373770.11700633704	365998.5797822166	358317.3456392132	350788.25028820813	343185.76946247683	335573.2529456022	327914.372432324	320241.0797529741	312360.3688961341	304570.00062590966	296408.92494426144	288579.05125992175	280203.2429952988	271343.00371685426	264031.4609532575	255420.92224656802	246947.58081394865	237529.2920120277	230732.6480640422	219181.72913869144	206086.16674848832	201055.06817394914	195543.187453678	194801.25491509645	172860.75382479618	161730.88069996441	155939.57494720956	142518.24010703666	139291.546286622	134883.7551362689	111238.97997869062	99051.14485817961	119834.35087198718	89682.4470479989	68521.41190888628	81735.60162312235	56177.41783049668	37507.11105282628	30807.812918871874	-32362.523170701403	2701.306104899908	12014.927510634647	28801.19772507035	-18334.427136595245	-33106.30685446708	-25769.427574599627	-77415.69556244934	-19118.784443534678	-23305.440715103177	-124171.6968423042	-104198.24523753638	-103586.97429897822	-75085.24625400058	-108321.91555087874	-59467.94630665943	-55243.92345658777	-197669.92055091972	-218871.68017281615	-135303.28898521833	-195670.2529208836	-210838.28959365853	-192811.80019661377	-252906.8727626872	-235738.5594111189	-255054.48147968284	-247682.39968795847	-613336.8377742255	-180633.2324783624
420495.5509715002	420570.9579222781	420753.9677366853	421043.27153444046	421437.73855809204	421933.3336102377	422523.1888215429	423202.8314693499	423956.8527342611	424782.99986550957	425669.2776041996	426591.9833307371	427556.3623690341	428519.39080408565	429484.63039925415	430432.7573916691	431308.43011965486	432106.9087612622	432821.12548070203	433444.1077946436	433787.24855962896	433935.94440013706	433852.6247230328	433398.8359494319	432562.45870434993	431242.5910694839	429330.41455155134	426703.6015036253	423156.5173858099	418395.473859468	411861.49116228404	401568.39151805185	390109.2258929132	381091.07783104153	372747.76922897063	364699.1408106161	356823.9722423485	349051.16558485467	341260.5696534958	333342.1014813448	325575.6758442916	317627.5690373522	309557.3048107285	301598.44744469447	293444.39188889717	284903.9015716944	276767.2240504306	267744.8662144152	259763.7907822017	251031.70703297807	242518.87152743014	233843.0847468502	227180.630118937	212512.6069951465	211020.56357236463	197482.37935207365	206749.42436353816	176489.70915705606	169589.1863540233	144233.97056227044	148260.71271551301	142540.31189868844	112379.09452270588	121329.48031666392	95927.96905936737	99947.53130149364	90721.14350609359	78919.82456543978	101489.2693133005	52030.58101827989	50597.577742274385	55593.5281556634	18200.58059285331	8979.663797459682	-23468.221471511002	-2829.3302073419327	-7717.306702950271	68150.69954183022	-54060.88519307156	-44254.919100295985	-20807.080475462368	-43363.08595890453	-113466.46233996167	-52438.895455457154	-103013.19461304165	-140822.37124445266	-118585.44991752086	-119260.35065084917	-62120.3014694677	-133984.1613849576	-169557.48685888248	-57016.14615326421	-237161.73820971115	-114132.89137170091	-241634.87904351403	-279837.9317950073	-189909.0499089295	-305190.5850240478	-278439.3816741082	-342576.27497971687	-198311.28329438344
421641.0281300229	421715.88718954625	421899.19913493306	422187.80614103493	422581.528708244	423079.0212436386	423668.85949600255	424354.29474473756	425110.43686338793	425943.75658442266	426836.1610813185	427779.3180716393	428762.77118804946	429758.85381577816	430762.9476347723	431729.3201963315	432721.1179174043	433579.1057694837	434352.8088597171	435027.05967970414	435547.0840284589	435819.62086767773	435947.5919416726	435795.8631876559	435205.41774909804	434353.5632207433	432782.6325469265	430705.05804934376	427881.97319437645	424116.0195887502	419101.788052529	412265.72122227214	401572.473370297	389690.9569402138	380359.8273057409	371744.86511838215	363433.7519726715	355339.44177362556	347284.75979024277	339313.8243188686	331181.607333423	323237.2916387068	315078.3569078628	306849.2520341107	298643.5051415755	290151.7417737463	281643.7753516169	273371.6735604977	264656.4590463665	256841.36976067128	247227.3683317016	238255.05774312746	229718.59589729505	214931.73490211228	211750.6868774735	200925.44034954812	197729.64359117812	180819.71062013682	169959.25999309844	159605.25924407103	161185.86273032508	135765.60665250488	136730.92369488825	139231.22469729383	85076.99702409329	109815.88985759544	81652.90378620767	89202.38921305642	78638.34877318039	58491.07837933517	26680.990758003434	53560.34302047908	65334.53892406565	-14028.57139632944	-21549.634346745093	-10631.577903770609	-12675.883417960373	-13799.1218682318	-15123.885301625589	-39950.91734035761	19459.380799864244	-21765.372587963822	-83831.79009375151	-59476.371214910585	-100477.04887820745	-80431.81264127308	-89075.69582011504	-191576.55466102948	-71530.95057406876	-187384.46521619422	-99276.54127108038	-169196.62593257648	-186817.12586531858	-217362.84978224593	-218684.52959763038	-247933.22021576366	-218612.09781747026	-294483.32234086917	-248467.31732772267	-251990.8681875111	-250529.66807009716
422814.4335356634	422887.6992020309	423070.4774699742	423359.1329863034	423752.19392869656	424251.15539399	424841.8405553051	425524.6865764457	426287.7950500321	427130.3188053062	428030.1541224809	428991.1540137526	429997.8777191329	431002.9234562563	432075.29150344245	433092.5003366766	434063.63286226115	435022.89221234166	435857.22749335715	436640.5136326174	437245.0596811713	437733.19432495	437991.52119425335	438000.4885007087	437670.1373243234	437028.8154270486	435952.59421094914	434327.01231200574	432086.2793927891	429067.6864877972	425079.30082352157	419810.52295131946	412670.32616396784	401629.39982721163	389271.9969454473	379621.5894550013	370731.71302773594	362187.2697047945	353844.05741901277	345497.8340696974	337359.65569662605	329002.7775211915	320818.91409702296	312519.05641304655	304106.3539141533	295703.79966099723	287145.47259752476	278443.84390586475	269857.0357839535	260775.68414822617	251635.3361572401	242639.20313559473	233439.3975180015	224802.35793614853	217230.6810641127	206252.99835802743	198642.59618836816	187380.43933887314	176116.1306319362	167852.82527601236	150966.08486007102	138273.1865771829	146432.8453290062	120381.43075845338	118938.02549054736	112599.54409880971	76109.99028915237	92972.06066672585	89752.28640613431	64271.39817528351	41510.253168894444	40853.13205628481	36276.1367577975	28090.55992956576	21694.591961496393	17400.661391079484	17561.575514830067	-20630.43503443373	-9286.70100666018	-2750.03296580445	-42644.78640738863	-151143.38220132003	-45553.82981503557	-73607.4249046183	-45308.18002428103	-57170.11429355788	-90973.35274686222	-95702.56077583635	-73471.0725720739	-199777.9327940205	-91020.45546664624	47830.201731234556	-182545.84363382426	-229774.98021765624	-180360.08324491512	-103843.61308847932	-174510.36071505235	-137495.84007449017	-204200.23409170972	-230281.61106889194	-246932.2435537941
424012.8974459702	424085.47221237747	424267.0137619232	424556.5373825149	424949.1021565187	425448.48867917224	426039.4848571939	426723.5783513732	427496.2364940485	428340.1018145345	429253.6379479009	430215.11185563786	431227.7094299102	432264.1098257005	433336.7730351316	434383.4592362649	435430.73157932167	436473.9736766962	437375.5233721804	438235.1967075863	438968.88687005104	439547.84207833314	439970.7913416072	440153.4619903283	440079.76009185915	439687.7250629058	438877.8263830674	437664.6107139364	435895.6434657384	433474.709877042	430259.13401498157	426046.94893400813	420520.6189638815	413076.6878532582	401628.5156672356	388851.7288512656	378879.64816530666	369708.14420001826	360925.2994521805	352326.63153740275	343785.39450809266	335397.48635260214	326902.17736230954	318487.2494989884	309953.77751039306	301449.24064995593	292791.8422214944	284069.2650688831	275172.9329234919	265968.29808715696	256889.9961100634	247777.6913787888	240036.7859376548	229544.90327607386	221872.92809839803	213993.32386828028	203708.1830370269	194174.22495338204	185800.59470976773	177887.22122645006	157385.25795237324	153887.19256933685	150740.64538177318	136525.26122002047	121080.45193326683	110537.4936406439	111764.79033512832	97142.63291300868	61004.29525971424	77722.38546218141	87902.51653954329	112468.99727026443	23758.597817858797	32362.703361137654	745.5913031793898	7839.926116206974	-7446.613315923023	11180.151809810777	-91618.80174578493	-34801.83932657697	-24562.76537873427	25302.98727246793	-55610.36012828292	-66990.42998774198	-76732.85847514146	-71147.17037667136	91446.56101982552	-106961.49412484292	-73339.62395864737	-126290.5581311424	-133977.46468783251	-162727.22492536646	-210595.5762398562	-189021.41348453984	-199033.92167130532	-156490.6781623963	-165757.24934350955	-356217.6882920769	-172254.52172355738	-197399.11980187893	-192297.61466912203
425235.6463929303	425308.24342829804	425487.7907780525	425777.89718288137	426168.36858049664	426671.3328927278	427263.75248965656	427945.33443472674	428718.54198768234	429565.7933943989	430488.3690301713	431467.0213102797	432491.7327300421	433554.6060137412	434629.7013787384	435721.1304006459	436833.1186305516	437874.6011591181	438897.54614198464	439800.3261256806	440617.86811397946	441312.1609999868	441869.78613502847	442216.6089074862	442303.68270299246	442115.51771891885	441635.29206352006	440744.59936135914	439366.8618093311	437556.24746182014	434870.79477658775	431456.0622112093	427018.25518106413	421232.2068879572	413483.1743391056	401625.98869771045	388431.5633943082	378144.1656513809	368678.1378529795	359649.71076317027	350791.25863668125	342040.74490397435	333417.82081160357	324755.44685642305	316132.15145493415	307315.6714448582	298713.3362053293	289865.25502010935	280910.37226580316	272161.1389358626	262835.2586010797	253862.77464337728	244453.25363384048	235837.13533649186	226128.5295473053	218972.28104986448	210003.11891547358	199064.78049976972	188260.1869829361	179567.36436717538	169058.49459061056	168653.532689245	142690.57513147616	159119.359868282	131049.39649636671	116056.97189615812	107921.14976089576	88292.39203157078	122733.20732797624	73707.64987317123	45595.66851982806	46151.34465370304	64937.46841038519	24703.27316628967	27260.321431546123	17433.347274419037	6637.208251650445	-16696.45008163154	-29159.844486701186	15808.971467950032	-37455.98136397515	-90697.02536592912	-33922.600335629075	-89519.78280333802	-87615.32140543708	-76876.20203988039	-174718.5257260549	5847.777480560588	-100336.49317248573	-30414.00059254316	-113403.2737720582	-190224.46544171654	-91488.74267902866	-216706.24611981213	-275874.7738242892	-130450.15835216397	-206009.72042000468	-327064.5543968093	-290783.4184718777	-278028.92834971414	-275033.8512214635
426482.620549225	426555.27811209136	426733.91151638865	427025.41751644656	427418.8848044231	427916.0845731641	428506.13905247045	429194.998357155	429981.23407698935	430822.1012831753	431745.7031756663	432733.28711519553	433773.51340139704	434853.50962695305	435956.01543600974	437081.95264358807	438229.5692036089	439324.32543849386	440405.2929384721	441350.7984402869	442282.05712567	443041.7164529398	443720.57688220206	444254.5153906434	444518.67279272224	444554.70860150503	444253.1542638269	443666.19489137887	442632.99556331604	441139.6661525585	439038.9786168514	436272.69877108757	432658.55453017703	427992.29802117054	421948.53211586166	413891.2191224338	401635.05787487014	388013.9950256371	377405.4071443345	367654.1371868978	358362.3236728747	349265.4971954281	340310.1374476532	331420.8574253258	322590.6264500753	313735.5315449394	304243.3537758321	295879.1835305863	286933.62513589626	277923.59917320136	268813.5284546865	260078.73516627226	250342.56491433096	241104.1260412616	230734.7602481027	222666.9592986378	213815.5768017997	206107.29650870175	193492.6001857391	186572.80265210313	172268.79432883475	163797.94781746727	160463.58754187077	160949.00919524813	129431.85184182908	129066.97869434429	115774.61014341889	104041.50630983658	91832.93339210161	82432.80252717121	65729.14606879535	39972.38637257507	36509.70232116082	45830.79506684549	46657.07040701213	30765.57052836701	21111.684061739186	-10666.438624875736	5989.633920670487	-1162.3000200929819	-25777.950758103456	-105447.06985113898	-50715.64256881352	-13176.495424312248	-68864.85798567219	-103154.07281943515	-112170.83785760065	-55656.60755144479	-90071.61098907399	-148031.46769582696	-38393.39618463069	-137787.76377432706	-124108.24660243932	-243525.84054302215	-134699.51885540236	-198965.31876098027	-199410.151915694	-158164.43013875093	-208717.43999694707	-208628.2454301025	-93786.27623442386
427752.67394305265	427825.2894488787	428004.03705730964	428295.2680854824	428683.37531537295	429183.6955050444	429776.2366998602	430464.43566144805	431236.4348316656	432092.37880827114	433019.1208180074	434020.21440666297	435073.8100293976	436163.1602297176	437300.0548979476	438433.31830487994	439592.8166794372	440732.75917476707	441883.54207854834	442870.8755127967	443879.12582625565	444743.289581449	445558.9033614439	446148.21300499456	446589.83351941	446847.9446409469	446642.3194254256	446363.5294359289	445684.68993892486	444560.0788471872	442884.4837728812	440636.3668727054	437681.7258598398	433864.19468540023	428969.7890384672	422664.9721651876	414299.74871871213	401622.19622037455	387593.9772289753	376662.4613228693	366646.5301852353	357061.59276374127	347758.9639216624	338590.9122533231	329425.5909863288	320410.1572738795	311374.46059964073	302286.66165137966	293187.6239393463	283992.898381246	274832.8640307536	265466.3956721958	256249.23660163698	247059.44663481915	237560.9267751074	227707.63120685413	217924.05445741687	209135.84984994913	201789.5326433184	187184.3442947436	180175.53535427566	169618.73514020583	160527.2590813372	153823.15995087242	145042.84548700304	132293.11513878964	115657.62051177758	108225.67666456022	98062.99698380259	110297.94756425137	79729.23988290242	66223.91592226457	51597.67069365911	58396.57122572692	14186.013114510977	35014.89927671128	23399.224353443424	6211.120729431859	-14771.783587980084	22764.09401253995	11209.298004139331	-18852.550114665763	-44355.76753532898	-76368.02025499952	-72409.37077832769	-8727.945109797409	-125159.25082445744	-74188.29051944951	-118365.18653610093	-126763.82347906439	-114989.07573754783	-80789.97469126375	-94732.73645288631	-170638.85664711997	-184095.0764616101	-213233.7653565731	-189793.3961889305	-224848.59394707542	-232304.49043247942	-222291.32747143315	-177262.78446000128
429045.1737157003	429117.00146082987	429296.14714910917	429585.2577536752	429978.4297724137	430478.21602094034	431070.37642918015	431756.05319427955	432541.481060897	433392.8541676211	434335.13798209256	435321.2100164512	436377.7777690623	437531.9806831599	438645.7563655275	439814.2128840671	440986.37722308724	442160.76845877164	443335.5631086929	444575.11448418384	445440.0733043832	446479.21525285393	447336.3857739023	448048.541375102	448636.1464942921	449009.81243242836	449164.67110502673	449092.19230101	448584.2274946731	447752.6577867052	446393.8646156327	444632.7490739068	442236.2630187428	439091.8190298631	435073.17162688926	429949.6035899436	423383.0869289631	414709.29851328663	401616.14139411843	387172.9012220042	375922.9515408012	365620.48686879943	355752.16897373495	346239.18683788436	336856.6923611824	327437.8837166629	318247.02437016263	309012.8143161918	299757.29674476886	290435.8204892356	281105.83484859206	271776.4410987984	262291.92799266963	252443.00208944152	243340.3921983823	234081.47722025833	224346.69845369237	213631.21434175887	206488.24437379395	196610.32126696338	184112.9334533813	174873.62115966273	162736.818532518	154562.23542272684	145206.96363652358	135519.80682793836	123943.40119144646	129865.25453735422	106604.01819253975	96287.04523747624	90781.21532891493	65750.84560878755	85858.50283599808	54517.78751657257	31006.837034103402	8371.301136684488	-6580.468860268476	17744.699292819656	-7112.685596300755	-35389.061884061666	-15081.593748644344	-63281.067387122835	-79506.7977387138	-75947.24232814787	-36803.24900876585	-139126.66819595004	15881.716159910546	-62312.44762000372	-116256.69598899677	-111254.68144922052	-143931.6575001349	-115634.15052953514	-128957.37099917192	-69362.77829694061	-169126.10519629018	-184268.600177677	-189617.41954560293	-217810.23668924381	-217500.57755187072	-235702.35245509318	-162208.86047656293
430359.0434434635	430430.7230897072	430609.73850610456	430899.4718479493	431292.1849224848	431783.2273084931	432378.0506097104	433074.10612465907	433843.65716268774	434712.42223937577	435650.470053	436658.67755600566	437722.1990069051	438860.33829598303	440028.06953778607	441208.9104514532	442379.2354651253	443624.9233984258	444838.03804300143	445892.4652492559	447090.0755041592	448155.5018804674	448935.40201617486	449922.7693030974	450661.12809296395	451151.2172289253	451421.4908204443	451472.84639463504	451324.5187731278	450711.23784831446	449792.2395091804	448377.400325316	446388.9246746175	443835.9749026863	440514.91054942645	436285.2763337027	430931.5810452432	424102.2739318854	415120.3101946716	401643.72643953376	386752.19932006544	375183.17556031304	364605.75817927555	354462.493982933	344708.387970579	335119.9068170994	325495.3035639123	316135.1734871409	306606.8764516434	297213.44759356114	287756.82043557207	278189.7306990287	268683.20528140524	259058.03338258748	249361.56525330094	239434.1916303794	230584.77495266148	220279.85984856437	206057.16168710927	202217.58038149576	196658.91979746288	180212.1527208368	171451.85761944967	159669.902364754	150064.92948274384	134955.28032509377	133091.35601227102	119393.34799314046	130587.22729693423	100778.58629105042	83157.7094473493	79048.23478092725	50849.4121541935	33783.732455049525	113882.04319544078	29109.43285663228	22311.881669806724	24954.983259815373	-17358.16670813103	-3480.783118785708	13180.164573113434	-42035.75929749827	-26140.249555203016	-72959.45658590563	-51067.95650475274	-105760.75860620732	-81501.31287060247	-65324.622904113494	-109555.53494405258	-474783.607575191	-92835.66633919277	-94397.58297613694	-205519.67607931257	-194687.9037656798	-102931.22477552842	-153824.29304676922	-202244.9749480434	-104485.80004082544	-225581.8157048868	-299851.9054381726	-202476.06020803412
431690.99459861	431758.6484828404	431944.0585695177	432231.849521904	432619.7656676902	433117.4848078084	433713.40337827464	434397.3794778072	435176.12812911696	436040.44196636055	436990.715027601	438002.9975420282	439075.53364280565	440202.9405837464	441382.6619152974	442597.5278430715	443806.04666485207	445177.77196912025	446379.3313661575	447510.875093031	448784.4092401827	449846.3112812289	450772.84946553595	451888.0852650582	452568.8212977529	453204.9682758297	453613.1017895256	453790.8536148572	453822.68362271145	453611.8254250159	453079.72807078704	451794.7490596158	450269.5832799168	448180.4776808133	445448.61370593077	441936.35408368544	437498.542162079	431915.963143499	424822.6075452899	415530.88131083373	401641.2265746024	386331.61007188703	374441.1311337447	363582.3364496841	353204.9003401452	343160.3818540557	333372.88243937574	323585.23158917343	313954.88133992883	304203.7754400739	294675.6223292664	285024.875765946	275314.8275902297	265555.6537431085	255841.1480697185	246148.72663897637	236135.28119569004	226136.67974802677	216888.38969341666	206865.43352868664	196970.77326137596	188717.92334143072	175927.06022441573	166300.65141570446	153683.2058463475	141675.00974235887	136163.15549981326	127894.79008379718	112975.30058999686	102103.61944613617	125057.95713459089	66149.69606044155	73863.05233726627	63453.43662769033	53767.687305340194	53028.37943296303	31654.068354561576	-7134.124193446827	-3145.344030256674	-12600.218913728779	-33283.703406223445	-13204.94260715309	-15691.020898301504	-61900.27845583344	-53349.7949674328	-58070.55582333566	-137439.64223106595	-109396.92684330017	-110564.77984220855	-129662.84419052582	-107087.0744374771	-141682.1713964016	-175292.62376261008	-128479.40662304778	-195982.25430997624	-130603.7090769835	-166366.22833355563	-158093.11048463435	-206610.87348457164	-187172.44420914992	-170318.48594709876
433046.9072499117	433117.5532648631	433296.93893217854	433584.3759078386	433976.190277647	434463.2247006844	435061.63771517156	435753.545343837	436525.7670614134	437436.86599848175	438332.1013316661	439413.8020771793	440442.098206655	441422.5395825014	442774.70458107174	444007.6954429548	445262.8247438648	446535.15908628237	447837.5873438475	449026.2284142837	450237.66516893974	451461.43769220915	452199.1323711986	453510.94870163535	454416.15705001913	455255.8130075915	455854.3708207308	456175.2018388142	456407.04414017056	456311.1604079546	455827.05735045904	455105.8315548195	453975.75189864915	452218.60522962816	449977.4847606801	447060.68613317853	443363.8790185591	438720.2812377345	432902.08437089866	425543.75771952246	415942.189792754	401638.7316808697	385910.9109531266	373700.2474625234	362549.29549055174	351950.50663447136	341620.2346170023	331630.6413037954	321655.1034526932	311752.10408935393	302038.62757833675	292142.17476897594	282270.07078968815	272473.91434280435	262573.0201790626	252558.70284654503	242802.76071885042	232751.48883740453	222951.52717521682	211554.02068551898	202751.4718994398	192198.55248302268	184995.678851999	175723.08303008904	164096.4690854635	152136.0239208371	139973.6931343536	132665.39688968472	117842.26449788408	113541.89293661091	100053.86224758072	83841.82690055657	73188.60537133698	57337.70176311134	55169.38111670717	40709.655853378936	27264.792925483198	20225.68726614624	-9621.461110600154	7552.233588558156	21479.435391103616	-56511.74908736884	-52516.85752594168	-51605.89014501334	-36506.929981601774	-72162.7868386723	-65877.78343645745	-36441.39478949463	-131943.1078846677	-84436.0190077771	-103752.33120896877	109.21223436715081	-128908.4580865408	-162380.40109415783	-172883.37616046495	-208915.03729695245	-274555.6003698887	-143698.4032158656	-255398.8607672382	-183111.79016758763	-240918.21953293204
434418.8721003756	434490.329566824	434668.5422834973	434955.2375604103	435344.2558760798	435835.5502384895	436432.45222445286	437115.72695330915	437904.8043068026	438807.31620727305	439722.3179322337	440740.89299038064	441840.94621360186	442968.8215335276	444254.3203059364	445429.1551042651	446700.3743194984	448013.3600848793	449338.629662719	450630.84040621296	451829.8068499507	453187.5767234188	454180.18741854536	455239.03270545043	456219.1458530475	457206.0377251032	457942.6028479738	458446.2603319414	458840.8385621557	458708.0978255047	458722.99524613365	458188.1263406471	457023.1520991883	455951.7921868224	454179.3117043737	451892.4911959872	448678.9398544787	444795.79314852494	439941.6220077422	433890.07146676374	426265.9935471078	416355.1062463921	401636.25453152787	385490.3874588568	372959.5215205671	361509.44857242424	350685.27189342445	340124.16109338845	329868.2789131404	319716.0101061396	309619.45751297625	299517.66965339077	289604.7998020495	279548.6364427691	269571.8632796764	259491.85183830722	249458.6561812465	239257.72680056503	229490.47943458892	219044.10792227252	208466.8703975773	197613.60161379853	188233.67483238585	180054.83673112292	165470.42419529776	156700.40085284028	145698.3906504931	136186.2017520829	122760.69898985594	119204.20937155338	105091.07180998946	99012.33231403085	84259.45742897328	81833.35680655588	62075.367858713376	51893.56383935909	39049.73133031558	26408.36696910567	21783.492254761863	11362.113402568735	-435.3726638617227	-25958.99798681325	-18139.598505428527	-63620.217577587115	-73148.21594419377	-80892.87649015186	-60708.05268946942	-108885.01415728964	-105664.1225933223	-86154.47123435489	-157840.08020697767	-119622.89867093402	-138903.00570298318	-153233.3452840217	-172370.72440229496	-143223.55811906315	-98724.56919358252	-209241.18753272435	-195029.335573802	-226041.21327781933	-175737.43692917994
435809.75653619564	435877.44229159865	436057.5672540468	436339.55652598676	436733.4459783846	437223.4144666444	437816.51234320167	438504.496947241	439284.58584837825	440145.0717593193	441099.89370192145	442122.69601365074	443232.74604760413	444378.31845617795	445591.7016794258	446842.1346550997	448148.6516662617	449451.662772474	450870.91790696024	452225.7227059755	453431.9453405689	454797.8927483766	455846.3724925944	456968.6139087569	458443.7100262465	459129.2921430912	459883.94673397904	460639.81333580194	461036.31409468444	461290.81308785896	460811.96973202133	461234.04990926606	460221.2003650117	459492.5347326003	458091.4090785736	456076.2811558425	453560.81760634214	450306.96398846514	446229.5139011458	441165.7988279301	434878.6911686717	426989.15063823946	416766.72096098575	401604.902931642	385069.88782044325	372218.52519062033	360480.0617798815	349411.63408917934	338608.8068745879	328094.89110581635	317742.9363062505	307469.1921833152	297169.25228476746	287043.1529781517	276837.90235149395	266706.98053030705	256456.5092896514	246313.96442430676	235895.68074187473	225942.35557990277	215496.42170523293	205408.05851087486	195099.2266925542	184788.66640320583	176744.60736784874	159372.1710939292	166533.84676760144	143366.18039101834	131277.52182356047	114627.82634615374	112473.68894061731	89294.51879781595	88365.48153126694	79292.90040542948	67149.5115304509	64263.64721260301	46463.83634358703	34255.69035719719	23096.68297273619	19797.662744334433	5150.058088073856	8315.137448845897	-4842.535202517989	-20702.175465951674	-56964.90442371438	-67105.57333462365	-91269.59679484059	-77271.85050663876	-81942.87823369075	-103291.7471256021	-87178.36303955875	-86283.96359489323	-128590.73406917742	-127769.82715571427	-174191.1020199146	-196492.04836416966	-178446.17404521478	-165870.46525572438	-147107.27201160672	-240371.56647563237	-225287.06662497687
437214.9789359227	437281.5800546672	437460.50877104455	437748.2760130237	438137.44657446106	438624.09226466576	439213.77598626027	439907.9316205238	440685.8452697365	441565.7087992806	442523.0358025292	443546.05166728096	444638.76001896313	445812.1180355748	446752.429624213	448288.63137784577	449676.07205957826	450536.22430085414	452192.2946796613	453694.18414704653	455115.52720155113	456348.12945325335	456645.1737010309	458838.9467487362	459837.0285138467	460964.7016884419	461941.1001920487	462819.6617102161	463335.2606082731	463802.2357720984	463992.2987833874	463729.6566750554	463664.33070269215	462989.17741046543	461683.90192969004	460128.02713092696	458114.61059433944	455356.6514953156	451952.86096544913	447666.33982797526	442389.73137511965	435867.9893065976	427712.7337043071	417181.66851431516	401601.2103906706	384651.0652642186	371478.38174718677	359468.8074128083	348131.17745147715	337100.99792161444	326323.1529555025	315822.1055309209	305317.8778694229	294912.9279655103	284542.89154937374	274160.5753284566	263850.48026267765	253436.36749536614	243064.36487300508	232652.69682258344	222080.75481589534	211705.2745413119	201109.77528083976	190543.3870758327	180303.0286080205	169698.6147279949	156658.1975336254	148682.6690623738	147207.05310862866	125792.8516450054	115917.76443572005	105062.40752745786	98190.72121169884	94251.60075134452	74459.43677047465	51985.606785367476	48134.22652197949	85544.15529234847	39379.737654929515	19280.677106026153	11004.300884065335	1183.3430324415676	-3066.325986050477	-10494.028507592971	-37501.02338296268	-38036.15393455839	-48002.87430331798	-62981.398269688536	-103000.49807709886	-82799.4934273701	-106806.71936533862	-149801.80789652083	-136544.07735928992	-87137.80433956854	-171930.43503720476	-165277.6447193838	-163665.52304605453	-216690.0506055348	-180674.87987210054	-226354.02789393673	-118408.67567221954
438634.59445470956	438702.7383836496	438881.6795662616	439170.14893810684	439554.68304284697	440043.8544573216	440639.4409196209	441312.48735872423	442107.40022467345	442971.14419940347	443940.003982745	444959.72448929376	446082.5274592234	447246.79995157954	448424.99117685016	449767.01776380127	451062.3358123887	452429.8737151397	453844.6483582278	455327.7706810138	456755.1729633091	458060.9402274847	459452.00586340437	460521.7243310709	462002.5704447081	463210.58744882734	463970.4539841404	464800.28889130964	465639.3400092948	466090.9151811716	467084.8132300745	467227.10784637637	466445.25665877503	465928.39213472034	465170.6386504589	463983.6230108767	462282.8592191241	459987.68822316546	457160.684716734	453552.87983600295	449102.1485535513	443616.2022588197	436858.1877915112	428436.58984005195	417594.91590382706	401611.65192821936	384230.89202924585	370740.1216293101	358466.47148170264	346843.51972359244	335612.5515371739	324578.6801560301	313861.9173638193	303147.4865672942	292634.25251833897	281976.82506816206	271488.10038419685	260957.27022459195	250413.57335949293	239985.85793405003	229414.83251589967	218919.53337185737	207712.8323925652	197390.33599722327	186389.61839241767	176247.65178107144	164330.7754927273	151674.16067408293	145331.10334331932	158966.0560543387	120122.21936296375	114199.76438643312	92607.48047922377	84041.26963062916	83099.6224331712	72585.9325109265	58475.59379714483	48568.85601748002	33917.99581479677	21823.328864833864	4655.425078903965	8711.203512838052	-12055.095774299582	-36317.28201928467	-32502.73618754372	-61727.020815593365	-42948.78562532115	-83563.21314421576	-75236.11279505322	-65126.651753734215	-114227.64119920554	-98364.88653385785	-102421.51094751694	-107020.88691392855	-124418.44515387743	-109147.95654983213	-77809.88174595131	-177937.7920291128	-201085.25935203198	-187144.99375870713	-201281.7206754709
440070.6694269518	440138.0675397571	440314.7355763655	440605.36449567915	440993.7915743659	441475.3423347209	442054.7227482656	442745.3673457494	443539.70335439197	444399.22095003363	445367.35566957295	446394.5279079082	447507.5581639897	448694.98739334627	449936.16441844497	451163.59750122286	452639.2528032507	453911.7502151142	455350.74401664163	456672.15570089454	458233.51718489605	459705.23782669334	460893.31824249774	461135.7854166593	463590.79808110953	464572.81927989493	465564.5323813922	467044.97807794565	467656.57770962664	468500.43418385123	468874.4079791851	469168.6154257164	469448.83835906663	468954.6548955691	468573.7823061594	467586.7997973807	466314.9410841991	464428.01480795094	462061.9704593527	458975.4727657307	455208.3810485337	450542.4574323505	444844.04180406313	437848.9389975433	429160.71077241085	418007.72463129857	401594.8582785822	383811.02812430693	369999.91765470884	357460.0444456828	345561.9032027003	334117.21581787174	322816.5300852152	311959.7789205746	300975.5216280358	290271.641558232	279512.42712229874	268819.1584058127	258101.63510883914	247456.9371120094	236574.69842346245	226141.92616653116	215345.87430710113	204232.7656205471	192886.33815696114	183062.52549620357	172207.62282443402	161301.38995142025	150772.22071738954	136520.842309193	129661.65228727134	125761.68950475089	103005.42927611223	88260.71111150528	84993.32055022637	66091.03018472262	44120.74205383798	48483.74476820335	44538.88399166439	22924.278341491008	45139.36307676346	11323.79535311251	9752.906884163502	-13935.627114006667	-26512.406983153953	-39137.18049818807	-76911.12073268741	-71893.45776485535	-50779.03919010202	-85651.92453626252	-81342.94443564629	-103511.35283899715	-60683.11289682356	-130653.58655222785	-108006.90592190542	-240297.76025157113	-162213.06614605722	-145519.62449254637	-109302.8148553159	-187824.16573225392	-218475.1536457648
441518.67783204303	441585.2750013389	441764.72897835507	442051.5338824012	442433.0792747508	442916.518958085	443501.72720482945	444216.38336373353	444978.7483581377	445910.1284271402	446805.67481174774	447837.4557579134	448972.16769777413	450118.00611354597	451366.7219984641	452377.0372683683	454032.0880138249	455432.3068724787	456740.662560571	458259.45222295343	460021.8202212717	461225.97417343955	461268.5263384816	464209.12837526796	464779.2701872882	466684.22013877064	467603.4918199263	469196.85136498045	469425.13309529086	470687.9702859081	471437.02253596985	471856.12086498935	472056.3542654646	471974.7315589222	471960.8277432546	470888.494741459	470047.4551106058	468490.9258993084	466500.43628176744	463936.04564254486	460777.35913356673	456827.57985740877	451985.839604496	446069.08982962684	438840.44316230307	429884.9456049723	418420.0090725551	401595.76635658334	383390.37063972175	369258.00299803796	356447.9685882743	344299.3287329661	332611.9409614749	321133.67905754736	310011.78681446856	298869.73135645187	287977.69701544486	276943.28848096903	266122.04307739635	255236.68311528524	244425.74888847233	233488.59672510717	222940.07740980876	211865.8936695084	200833.4431998192	189605.9985543553	179191.23234082595	168092.4719242555	157478.9751605456	146788.70277955127	137015.10605068656	127014.34999772301	120732.92881101911	105548.4805009038	89534.98125687451	80980.70021975297	66704.7748838836	56960.469711825834	63461.19969762862	38475.579864076106	30675.830120066996	23096.901840420556	33859.75220897689	-29507.529894317267	-17785.946557210875	-33218.35428492678	-43384.26042270532	-56140.03893795004	-49322.79590655118	-47945.717987942044	-74522.88440349326	-102422.59883912199	-136448.4391383854	-99014.92700890457	-118552.94434856839	-140536.787826558	-113266.0672678313	-145881.50166387856	-197491.04516068415	-191801.39149223617	-221412.1761441633
442978.54218591214	443044.79983298026	443222.85216277547	443503.3422126346	443889.71903843386	444376.2753866485	444962.54614969925	445656.81836606015	446422.78883620515	447305.39377559104	448281.8310230137	449283.93785151886	450422.8252963285	451587.15260193904	452883.36102129216	454129.1260966575	455558.9408477623	456946.0471034567	458415.3838364091	459917.47373166715	461332.041269002	462896.5697567945	464413.58945710165	465571.94626442424	466010.81915760704	468145.9046359628	469792.2095800033	470409.7595863079	472065.609970651	472290.21485710493	473555.7877580974	473806.1770651138	474668.0029089195	474631.63563204615	474911.7684783493	474438.20525650925	473603.64915165026	472366.48816486576	470782.96491304145	468675.6906460002	466248.39703949436	462600.6818153247	458462.0928199403	453424.50416035496	447301.6680597289	439832.16250519897	430609.0975557157	418833.0040607457	401607.30732199794	382970.4865286504	368520.2112708414	355431.11976152693	343033.56646512833	331124.62725983886	319450.3598761582	308039.8144218364	296708.48277464067	285607.16802962346	274367.94073186663	263441.15652556403	252444.77255707246	241371.00532398478	230437.5195862886	219620.6624378534	208520.02406933508	197471.41588522686	183156.89923065534	175432.24047184247	165364.1899608043	152086.25723312254	144522.82179132244	133862.15227201552	119335.13086567726	109619.7337999873	119149.48806466046	87710.38179101102	77198.14377725351	64806.42969661928	45836.263321248814	38569.31582146825	33352.845445700805	7747.055384438892	-1393.8498655558797	-9140.442918582528	35505.780384464306	-26846.14386405202	-40291.29799593391	-33799.870334595675	-72856.07498105109	-76637.70771766396	-83987.13076129154	-84733.4076661875	-103785.78477344953	-114996.11632228154	-128156.81448481919	-179164.86080406763	-144067.99646042235	-114792.36218749441	-86446.21757431893	-184469.06473101221	-204953.63008382748
444448.77252226486	444515.1173580417	444692.8673448892	444965.60833315144	445357.8974404726	445847.826740713	446427.55943554745	447123.6334688447	447882.0059732549	448761.6364392829	449718.23348575446	450771.7509237027	451867.93908910104	453102.189377708	454371.1049739723	455595.30271626194	456984.7016905055	458619.69339637784	459920.25671028916	461175.20029054687	462653.43987934757	464492.6625328184	465817.0627523799	467186.8998012842	469047.77407823293	470303.1475086459	471470.1933376731	472833.36977668083	473615.7070765771	474874.69369714917	475604.2640178688	476597.9435947961	477481.3339797212	477318.2614440811	477875.50905474834	477253.46527009853	476607.7823052957	476087.8585420477	474296.8992210418	473083.4301639504	470611.67542436207	467925.44296781067	464419.6211738058	460104.4247586316	454868.8562652563	448535.61701575527	440823.92545440595	431333.61460230406	419246.1217349302	401611.5077221651	382550.5848913138	367788.12800583197	354410.1734055071	341762.27672797197	329619.1599127507	317740.5683342158	306117.8902811296	294599.39475570165	283341.08725389105	272101.9565581783	260754.7007550333	249443.6076849565	238483.49714388652	227234.46994270734	216277.74560447724	205222.81175759376	193893.7546248365	182675.04181461723	171593.69787591504	160304.11202974885	148994.65591056086	138558.32691313815	129083.16533028998	118508.9399686224	106801.26984703133	97824.05592435051	78823.97109967761	68186.32341116178	57481.8085948989	48775.184121082246	39503.08334319363	28803.58548176044	19032.547648066655	13423.37519356911	-24670.712231705547	-5319.924450689345	-34588.485402966384	-50858.989561449096	-56170.33367247437	-76752.37032012967	-72047.3673807719	-124647.13950368157	-79419.63723222038	-133490.74049434485	-116801.00548282551	-158320.22801300185	-143031.69526477146	-151062.03357523668	-155920.0865818013	-158128.69013373816	-128701.42177582195
445910.66868872195	445994.829491272	446169.5870774274	446448.9013604288	446833.7788979673	447312.94585979066	447913.9624317845	448577.04112965683	449356.24315407895	450282.38102275634	451200.3251992067	452275.6384200833	453389.26002215967	454518.7344090659	455757.67001911544	457177.7625726523	458594.4647677769	460000.5013427194	461427.59886376944	462815.3889274963	464436.23478285386	465225.6288332613	467708.70788889914	469213.14184360206	470645.3369001517	470712.979839562	473506.4582602319	473579.06152502436	473907.33935513487	476946.1357005463	477763.1903760531	478902.5205288711	479488.72839401965	480276.14708555106	480152.4946127429	480756.45032272814	479917.2005630003	479471.0512767965	478830.01861475455	477194.34606673266	475448.9759974289	472859.00583533966	469914.3638639584	466229.5008328352	461743.98850508884	456314.57998102484	449764.1600644712	441815.398688416	432057.5026881143	419658.6208718084	401615.9206014591	382131.8531342327	367056.1556388822	353384.6991840247	340485.0545465745	328115.87403383944	316036.5186905691	304208.03713344375	292549.0641243693	281001.39131254284	269541.90617010253	258066.9514299397	246837.18983681675	235505.81723275757	223226.00500733755	212999.8205555519	201987.22355804197	190492.00644851918	178159.78439501044	167352.02776831936	156706.614876359	146380.14572063007	133975.6016089914	123484.95573614666	111023.71890241944	104294.38221782522	89589.17640859535	81140.47710939852	69980.80144486588	53041.28146915953	41182.95829340996	32579.88990668778	28543.413224474934	12207.172691820073	3514.2904857852263	-15494.29894775222	-19098.45650880644	-3556.62028199865	-51399.339722205536	-51273.622288940474	-63317.338760071085	-89571.41213406739	-103121.25581524149	-55899.743012576364	-139768.48848944728	-157511.57903645397	-81625.41882862203	-97031.7611217103	-54299.81785774254	-208326.5052232748	-164040.90814253013
447417.1939816396	447485.71065750974	447660.28385413997	447936.4078853979	448326.47368140146	448811.20700458577	449380.22770797287	450104.8098927182	450860.0860354544	451728.7737526101	452662.1991836914	453701.2317205124	454853.11501972645	456030.01947979874	457333.8060367609	458625.8973231098	460611.41842754	461484.15148247767	462907.0143925821	464316.38272088405	465918.6844691342	467751.18916178483	469042.85518084466	470840.80399521976	472658.3462019912	474039.7348775164	463813.16927364725	476721.4903470082	477802.80640484486	478880.6872488555	480213.3223743008	481001.58200744947	481907.9567766483	482408.5619055496	482620.6152360346	483199.5653524074	483040.78100742865	483129.28737594734	482021.65924762294	480509.4180614792	479778.3658004303	477487.2618676409	475007.0307014233	471922.4127012021	468092.3185194357	463382.6646584482	457757.51664570475	450993.28081169154	442805.43119947554	432781.2170422224	420070.79032303323	401615.83367499744	381713.5259499899	366321.33239686815	352355.1271548921	339201.274517803	326609.1183630191	314328.74288606946	302272.7216508739	290418.46136679733	278731.8570517737	267063.91133028816	255427.72860267106	244131.70851876494	232449.76635724807	221092.16077689698	209710.36700311804	198212.64301126858	186579.41183507594	175292.8594941675	164163.27522273886	151922.37423549627	145635.65662392403	130927.68838941236	118205.03323309787	106105.73021208786	97361.9818829695	84344.18936917989	83125.60740596737	60855.76598183758	49638.045139258145	38977.00909938448	25939.691689654777	18549.732633172534	9312.625939103309	-33154.83035455318	-27102.889275920694	-25854.34782223258	-50862.24114216445	-14203.040477731323	-83393.89754709182	-67606.5765470686	-89556.43457842944	-91082.61937202071	-113655.06965276028	-87188.99513115082	-131169.83094111684	-175242.31263363548	-149444.5633216492	-154228.42309710535	-167623.63113457424
448913.21230518096	448980.3003529012	449152.9723313644	449430.0360106393	449813.41159854864	450285.13642218255	450877.4598129424	451566.6685641699	452332.9950538869	453199.8655754867	454172.30105174123	455252.8017741174	456327.77630298096	457524.39859123144	458748.3311061609	460064.82170181	461515.9528911506	462924.7096306053	464572.13252774137	466240.2359879622	467468.8023925723	468675.7285719353	470777.6551795901	472273.9590245804	473692.3024001721	475313.24778082466	475365.38606667006	477250.0091940878	479243.6951030722	481101.3730493116	482431.2944046345	483236.90831350815	484130.6365209237	485304.8604303147	485992.18926481064	484993.6251767796	485376.5919149176	486022.02391309943	485894.0717252726	484430.1104205013	483598.840251612	482430.2196264217	479779.28112588567	477177.4132725834	473888.89329608984	469882.4390891772	465024.35593146645	459203.938768198	452219.20529603784	443797.3881967366	433504.9373892569	420483.57396277366	401566.0389202044	381296.0140917661	365583.2357837899	351328.41131403495	337918.798848436	325099.1280387073	312620.5378999574	300346.2947277762	288327.9039052564	276397.9047403331	264519.03284029535	252867.1303126628	241135.40362880833	229565.4161990009	218045.45639569173	206513.66845917108	194887.02537226805	183512.33992799424	172244.42516080284	160796.27601749531	84678.70971614879	140082.91065991193	124726.38306872355	114584.18587202713	102994.45810350962	93700.00481190847	81551.27695293468	66110.58861056156	57573.14972250722	45645.79872139613	37554.56237266131	33308.38556221116	2382.053350715025	-2292.564428798738	-20608.37509709003	-17894.257480001368	-43428.18101667019	-50287.74220752262	-65567.18001485663	-32772.278145591845	-96130.5849513121	-84940.47915431869	-103517.17096548725	-79035.41066212684	-119486.28872230765	-143975.4067121048	-155434.41428569535	-146410.30966937233	-121605.92085000093
450415.3296283465	450481.80995769356	450647.5066989657	450929.4271821154	451316.6586069217	451792.3045847005	452361.76622065646	453435.7001440249	453803.4868727678	454684.0580950981	455710.412268649	456683.57212336664	457839.5537126721	458960.65033395484	460181.3850967167	461710.2001269746	462999.23937152314	464598.8999145818	466048.26761101175	467419.67993999994	469063.188622513	470758.12472373236	472216.49546487536	473916.93539354904	474129.69193052244	477464.8070318564	478832.9360175752	468429.523481705	482073.82649970206	488560.9788725121	484009.78757201624	484426.55883310223	486099.0604868353	501026.66709810775	488093.33664531633	489002.0410323057	489048.36336862505	488086.12703067344	488117.8245248351	488557.5880106173	487673.57296197314	485560.57048660296	484245.0740013489	482100.67012192076	479289.64917130617	475893.6383723045	471681.40840748907	466665.4917560443	460643.73079723516	453449.4267334016	444787.35583742824	434227.70008064096	420895.53732950054	401566.4200468417	380879.1508269968	364850.46202954126	350313.6889515631	336665.95388079446	323583.1789725798	310907.05408842466	298410.49734017556	286236.49209613574	274068.8523544081	262141.44679498754	250079.48813488742	238482.16210192232	226692.84961111064	214976.4951929323	203362.29808224482	191612.47669665044	180077.23596077616	168335.14940550295	157099.14800427662	68627.33748233865	82487.37816434435	122134.96999868122	108703.17573542218	101079.32169459178	86063.93236537639	72756.90912651969	63672.76026992418	52852.72029371973	36799.60584565427	25424.215447506052	23371.009973524604	1232.91034017934	-2130.9754782951204	26687.86187226209	-27259.042618704727	-33176.09843163006	-47390.559968067275	-80629.47633955954	-54026.96949289169	-89258.86554901174	-99882.6884946854	-113867.12390715152	-124356.81701628759	-117227.70513656421	-135656.9132568566	-174853.7245787629	-176125.29255346162
451922.20508714765	451988.5906850435	452153.71023100393	452436.91247341176	452824.4446404276	453298.239928424	453876.24343583954	454551.22142432525	455315.11626828846	456174.51228233846	457170.19143844896	458158.3919255992	459382.1141924815	460782.3756374349	461739.74860801967	463123.80503700115	464512.6937526987	465993.9619407699	467521.29105188185	469202.5042790172	470556.1026644934	473146.34779848857	474280.3143531255	475837.65474794677	477316.5418187741	477911.7793694027	480166.10089219315	482951.8083063556	483488.66941770073	484792.8567240188	485844.0147712033	487105.5118473314	488122.3194503087	489834.9836894737	490322.8543783261	491624.3150891074	491102.622526134	491863.65910029516	491891.4464683066	492353.2859602454	490845.1247887545	490190.67669121316	487878.63395496644	486991.07217100705	484329.126563121	481400.0789989842	477852.2145430236	473527.74051168223	468305.63781223854	462089.05871703406	454676.08842435817	445776.2142194334	434949.7100737954	421307.2580581807	401573.4554721721	380464.89435835136	364115.3321984261	349314.63291926985	335419.73989329126	322068.31398160756	309192.3444361568	296468.3669433689	284134.90632379043	271787.57817768096	259698.88550802576	247713.1115107108	235684.10079543036	223614.4515004484	211925.76967135468	199909.08987143042	188381.4866157294	175291.7137226587	164222.89656014787	153341.5860090945	53657.904046715936	131304.93335829885	74379.99889731716	104929.57653264399	94075.80112622946	82849.68814783258	59036.85283892194	60245.64080688835	45669.847183812875	16776.320254257473	13773.596620506432	-8185.243546352256	6365.246252427343	-6955.095886052353	-22846.160599781317	-22942.568084962666	-57507.23951612669	-78431.5467866176	-72025.88214047323	-71017.0045347194	-52372.15278242412	-99677.33657764131	-131875.00000223226	-119331.26254783018	-141595.81980189786	-137127.01605685987	-160328.7960089714
453432.7980006286	453497.67993099	453671.1809519259	453939.6697689282	454341.46604722063	454808.0375533713	455442.2268542326	456052.58268119174	456836.89072842523	457832.25966539525	458667.342138006	459726.85976574663	460767.458247149	461981.0605513011	463255.41376254056	464841.0188278464	466030.2965381604	467425.1624802819	469054.839491033	470827.4495190582	472549.03631441086	473613.92119709216	475670.6211144242	476662.31986159645	478612.7705900258	480839.53561051993	481036.4811310065	484318.8129000097	471416.45633417636	486535.7003754901	494365.74960742285	488301.3024155046	491107.2139060416	491620.76106270996	492750.9916424309	493877.2138981004	495118.8648713117	495235.3155426824	494156.64156684896	495578.4743510189	495366.8229470762	493716.49835498515	492793.61017840286	489984.9599524612	489579.7756716262	486600.483991437	483967.4542255625	479850.28838486853	475356.3443802141	469933.44220765354	463529.6364364375	455901.991387313	446764.7426547052	435671.5930793048	421718.4285620167	401580.4110695034	380050.5259646212	363384.20217846334	348327.306195576	334167.69482329104	320575.75590990344	307533.64765591524	294612.9806217955	282019.55646534474	269490.34682927746	257209.45017261838	245137.73855438887	232890.9787284108	220794.54302768025	208805.99065758788	196651.04352521233	184839.5331378501	173778.9282550332	161666.16133107012	149524.55256559612	138615.9264123569	126943.73586318898	61795.81433502224	100788.52818870946	86996.3071455835	75865.25949156401	76044.84409872751	54663.93527164997	45615.55117127148	33617.10838326422	20427.67376326304	8062.653769696597	-1890.2619934062823	-13879.284682855825	-29583.14025499241	-38233.65938960761	-53835.77919136733	-59728.405902675586	-81561.0083426499	-82485.33908495028	-113043.85914400604	-57424.44231585378	-92818.25451736641	-163450.3143040202	-150160.72834327485	-121305.0127854119
454938.29026176245	455038.45011842635	455183.1886528967	455456.8890844075	455750.516621466	456309.4411410873	457065.3994662382	457314.7841793514	458368.07994588744	459175.6174141556	460092.7159839099	461180.14907950454	462449.92688479857	463506.0754923371	464809.10143158375	466043.0181216964	467517.9295351672	468926.7613025567	470676.04414391355	471991.289984292	473811.4029624155	475199.75426327146	476599.4809708444	478771.19447181514	480594.08984801604	480274.7744392721	482894.2872422022	484062.6044632129	487047.61599570327	488400.04864620394	489622.0387052661	491131.9454816567	492616.7295910893	494163.5492625333	494697.8024607182	495652.5181633242	496053.6817754458	500548.9531708807	497941.26970026456	498033.853647107	498619.22347292246	497930.1740574605	496313.83979002095	495111.48440328916	492299.5388538324	491822.94698806305	488955.06214413163	485737.0568371345	481835.28537812433	477153.62681252486	471581.3563353069	464970.34975144104	457125.51946185925	447752.36852829554	436391.83686314384	422129.73554999556	401575.76853964163	379636.3243116727	362655.86983903544	347339.2415742278	332922.0233311432	319080.078951873	305837.7164643626	292731.7671119645	279962.4044382998	267293.58117278665	254823.67880266672	242441.35074010608	229976.81386340165	218006.80448985193	205465.0316507985	193794.05268661305	181559.24072441919	169606.6756498901	157520.09691285837	146033.63718158513	134606.4404746315	123099.66248976928	109880.81963022082	98611.5559123531	85822.37681849045	75753.41879047186	59755.649574738345	49670.577298972756	41495.97560820321	28103.23145688104	14162.863420881331	24826.94087162253	-17386.317228534026	-12572.688200539385	-28260.09120309574	-49971.317794515984	-26371.417126542656	-83919.21966127667	-57188.78395556542	-91889.9932349287	-111360.40774399135	-95266.19421269273	-87047.68464596348	-119921.26627694094	-162531.49776393885
456460.6148108499	456526.84531751694	456690.5508554826	456962.5503866413	457270.69261129387	457840.84695759043	458417.6966715853	459056.1243311851	459663.67483392695	460738.49302690045	461563.77983579575	462691.81960721046	463774.65809174057	465011.050559993	466269.86968555814	467754.6099328381	468901.87364068977	470519.66113001155	471929.6383708463	473672.3600314434	475395.74678571185	477391.13141203346	478418.4270882015	480073.82367072697	478910.1761322592	483691.5656003674	485560.71972226666	485303.5028370959	488928.09558412025	476766.7122169024	492686.9899359229	492548.7769784526	494747.1111703337	496482.42809660337	497042.9875321109	498144.62051016325	499889.54000131495	500292.3760920423	498919.658645488	501483.34328291577	502192.1528391666	502025.8895073412	500143.4375378131	499273.7311962596	498009.4295685686	494646.10561259673	494017.8509966745	491184.6773518729	487868.78419770417	483814.8943101512	478964.8322791697	473218.7222324086	466413.3376725344	458349.3278613279	448738.1075599878	437111.6279868424	422540.3927135456	401583.58702307823	379222.05799998867	361930.4407269764	346348.2633853513	331693.2677448513	317625.2808543873	304105.36826369865	290849.1316337846	277887.57623097906	265104.63510747976	252344.6938018389	239827.3013712624	227332.21076297888	215010.73771539342	202853.32716983807	190359.96280661097	178369.51643345156	166114.76186103752	151151.85249619046	142100.89689510455	131213.35366206965	120213.84062758408	106477.9873227051	92856.193446066	82703.09821098647	73011.69109282456	59573.25469231256	46497.79063950683	28371.17816166056	26337.524504292174	11525.929248026689	14006.93441080302	-6094.888603480766	-29013.998000302294	-15670.853010861203	-48823.350786355266	-51977.275067325274	-89090.7329639527	-92344.32119058724	-104039.54441290733	-127332.47697529208	-101937.9405535683	-109225.62819141801	-156116.58125618775
457974.2602746042	458039.63031807065	458200.6801874996	458513.87490876357	458858.0063750087	459312.183586563	459918.6986106917	460517.93698977213	461376.3963859747	462176.82536307315	463139.17430869804	464559.03794095584	465324.76081117976	466480.0440762546	468017.27498189337	469173.0902243848	470561.0656802186	472005.11707746016	473637.8843643123	475240.3112812778	476969.33109554055	478837.2633092124	480189.6634267584	482633.2270875948	484044.91443211364	484918.33079480764	487192.9668098554	488709.0384258856	491123.56264280586	493270.6936285683	494082.4423483048	495010.3401602553	496594.6610960731	497211.2209288853	499653.23999943445	499305.88156066195	501030.0983517681	502500.2178325864	504343.47156459163	504497.2519575049	506513.10929900326	503807.6815767584	504572.2084048671	503193.7654261644	501870.4046985267	500742.7156395144	497488.43853040296	496537.91154555837	493546.58275307575	489993.03622311924	485785.3498598053	480788.7819189695	474838.84973239433	467847.42203569785	459570.91912142676	449723.01866876776	437830.5207426009	422950.7449290742	401584.50653143844	378809.2921787485	361208.6354012138	345354.9858615501	330465.46733043203	316184.7028267399	302425.61074411613	288970.3809672309	275812.9196833081	262787.36807051825	250047.76184390706	237297.3007795338	224503.09163576283	211003.9141166109	199840.43323085434	187304.78292378923	175010.47566330736	162497.95014524122	151042.32899935974	138303.6309215757	126381.44701668486	3373.7431283328915	102446.29833230807	89648.57939767907	77599.12297425582	66296.4889966799	70621.7935205471	39498.514067991986	26055.963965343777	23201.114622605906	8718.303180494462	-5889.068833703641	-15953.007496731705	-34301.383495314396	-35855.36953371437	-51997.24445949297	-62391.3685128896	-54574.418063493795	-89184.15797881561	-90750.25647185626	-107209.17842189246	-136433.49176553916	-140117.24543661863
459485.71812133875	459546.3122732056	459717.8594468218	459975.70626284846	460370.8211098468	460829.76948391064	461418.4887228138	461999.8621425675	462817.5578290272	463666.741975495	464623.4595287809	465661.96792693157	466791.7313694658	468237.8483407423	469314.9349901213	470662.6426055648	472249.1251476229	473701.1514301193	475268.5653158596	476698.5825569541	478080.0917006539	479823.0032030983	483843.9596759955	483144.6405956384	483797.634221605	487258.5234847008	488354.1880188952	491711.97273203556	491885.8052284507	495291.0104383966	482193.8917548198	497282.4293249651	499288.3782227151	500517.28417096764	501535.80519195006	502092.04665825004	504091.14394097764	505648.6560456372	507248.43061367795	507586.1799126469	507155.80320987105	508089.6973625483	506170.93583413307	507317.4204698913	505407.8082232146	505032.60703916114	501574.55092636216	499434.961081887	496354.7679671325	495791.942191566	492121.32255571464	487850.7943055398	482600.4587720798	476492.37305569043	469281.48884823464	460791.05943174567	450705.81220072974	438548.474362066	423360.5920460485	401585.4946979139	378398.3592958739	360489.1793543255	344359.922122724	329235.49487358413	314739.558754702	300734.27804129396	287125.5073621785	273768.54846188915	260588.24999379716	247575.4596867842	234719.76495475008	222361.76950704493	208413.2715886773	196719.25622164848	184204.5218845721	171735.89972598373	159084.40400474227	147879.47489997407	134823.91177469434	121981.786002276	112520.20167159627	96322.34194350435	83575.53248969896	73826.37075361208	61415.55436183739	52692.38560399797	40462.35517204995	22915.310390922765	12953.697842161404	813.3415551682119	-6710.189995643916	-12395.152079155843	-31594.426883364795	-33631.70976345899	-57881.09406040271	-68745.34075269575	-72545.98905805929	-91761.90110874764	-109286.99707840604	-109646.56136937981	-132969.90294111468
460994.6902552461	461124.7221544353	461234.2617137524	461487.8433693375	461865.1257931205	462367.6804068893	462975.23694948584	463496.48978153616	464365.59194916947	465272.00215484976	466118.8965280473	467208.2578296405	468303.9064246793	469802.3254094678	470679.3432967074	472041.00395931536	473792.39069080516	475075.4410607589	476615.31427451095	478304.3090018239	479868.7549093588	481389.7258365082	483692.4458683464	484506.825711297	487127.02240217384	488324.3486846172	485426.0645542202	492714.3644755187	494032.94229931035	497913.34596412105	497885.3268958824	499477.4097547531	501990.1737703779	505788.07051305857	502900.3483350825	504799.7431567566	506344.1326712214	508428.0797407534	508731.59616945277	508860.42324028816	509510.3622616705	508484.1861877148	509548.29362264636	509106.07720706344	509960.7429211936	508987.49220550293	507519.1987492342	504930.3000435032	503767.7438595308	498177.61207707284	497969.1424197664	494285.4748446917	489749.23087524425	484446.3537322908	478101.264101006	470717.2399960075	462009.37706500024	451688.2092518243	439265.30015750125	423769.887462899	401586.5512557735	377987.3549035004	359769.03684824414	343363.37805703713	328004.6277482696	313291.31868774525	299090.78243707586	285262.45977437275	271720.34898964164	258405.95484347094	245181.9040327958	231985.2711745958	219065.81749049784	206743.87582347565	189715.54802166275	181259.42580677022	168372.68808949075	156204.54254934436	143327.20206337137	131177.3879303828	119294.68337207811	108681.08516489743	91970.13603054686	81511.65064965247	69858.2324444264	57453.416856873606	48400.96579499659	52305.522565429565	18971.979258094798	-3274.093293565209	5539.5450958075235	-11352.483366617467	-24928.38661423477	-47021.19765365566	-54751.89484216372	-60981.764208487	-72286.64521496568	-89003.92580327298	-99007.46480285085	-127657.95204091468	-148106.1439947636
462498.72529131564	462558.43939152075	462705.1673958916	462984.3783513896	463369.12121698074	463853.34208227624	464416.0405970472	465026.100703327	465708.8254487017	466745.05295785767	467853.8582192819	468834.92833356734	469818.33257457754	470974.71547403955	472371.9663719805	473538.5489070965	475130.67351136974	476635.2355319569	478167.417938204	479693.6545342698	481962.4440213796	483482.62596881716	485977.9979212021	487191.63264358405	488230.95614997915	488626.37378499366	493353.5038708779	493022.34432208014	496100.32815523003	497869.4082228516	499103.9310806643	487173.1285047567	502123.69437507726	501282.1190352198	507582.7945316032	507122.5981739196	508884.3819593397	510208.073858559	510406.1932710571	512934.96292055934	515365.82428475365	513027.99366953527	513122.8826238997	483877.3913368947	511948.4813767591	512612.524758811	511505.49085610197	510683.5505470942	506675.1912098377	506646.8162814146	503546.9151476417	501006.746811282	496435.34570780105	491695.2603425053	486209.9083010657	479730.9236948292	472145.1282460146	463225.3282271883	452669.18390080205	439981.39341799484	424178.3681204943	401591.175239475	377576.9680071891	359047.65855498565	342366.0319365531	326774.079187409	311841.03413150425	297423.8368990108	283415.38583512243	269580.86570794135	256130.70355934184	242833.3790443947	229743.77222647995	216635.012113114	203291.72101585608	190824.96891506785	177695.26608965115	165215.51089314523	152335.83291129733	140186.73933598044	127440.9788954772	115092.1982926986	105583.27656790195	89655.46046579862	78067.89462205896	65587.99819500017	54337.36712006887	39471.85103120748	30039.26590402797	18857.35377829487	1984.5153116168221	-6770.802946037264	-17232.117255168967	-20488.346227799542	-35072.90786573477	-57923.389757102705	-70444.09143940371	-76869.29810195416	-85755.84122949757	-100619.29210959177	-88230.2047329219
463987.30149960465	464060.39401450765	464239.64329389494	464435.5222820481	464853.40160666825	465356.7326285521	465941.29445252765	466473.2747601875	467384.70801073697	468191.32275800477	469107.93542934913	470159.5053902606	471308.993948646	472530.449296292	473855.06911382754	475283.86063412484	476622.8968576299	478138.7908098998	479588.6562675693	480984.66846119345	482739.11290243664	484094.3125764248	484927.1736133661	488024.61340925517	489935.83646346885	492556.1536533411	494136.29806029715	495663.69809901353	492030.91398529627	496656.4407488649	501923.3461385078	502971.55380939203	506190.66930019506	507181.0515188365	514070.93113270693	507041.7146155338	511722.71493212285	511361.90456844086	512664.9117729494	513891.19254812435	516673.3139739416	516843.22705091315	518426.365942491	515074.2449271224	475486.45342717867	517715.8804962373	515772.822933596	513941.55964396393	513704.59031991754	509314.4995922112	506232.477211499	506062.8988629556	503094.91952923045	498558.8263788563	493662.40352235537	488026.092461486	481360.93431648065	473575.7415880803	464439.4890382213	453647.79216175375	440697.2682954194	424586.54737443186	401592.2975064772	377167.26499801304	358324.9274489754	341371.749546492	325544.0576810427	310393.8830467077	295741.63570304634	281553.2923782369	267550.2333631719	253879.3370108609	240234.1222783674	227105.83507431403	213836.5083452775	201284.47160240682	188423.30075866182	174918.67452582135	161796.76718683104	149370.72652107629	136974.33164356684	123870.3427831321	111618.3911929396	101786.99468620942	86496.84329574835	74319.87630911742	60575.03573235351	46723.88980150258	35884.95006947336	19593.196789455134	15565.992762037902	-1479.7310358067043	-20058.66824065405	-13841.660324568278	-27174.91421417182	-37948.7486224469	-65723.2551248587	-57367.22238394717	-81598.91497614956	-93722.34306170006	-100976.51796122629
465484.73881877284	465540.25756890635	465765.8539963862	465944.8439912272	466360.0115065382	466862.38551682816	467407.10560051113	467983.7643618247	468906.89466136036	469688.4092909775	470669.8632322826	471546.6098037824	473065.77128392993	473956.40141574165	475544.59100885846	476608.74739622115	478340.0453292837	479545.26394836314	481182.9089603239	480709.51171256846	484417.874111247	486087.4228652853	487777.63084087346	488289.4610306532	492192.56161653367	493612.79502891866	495189.6794124516	498456.67900495545	497645.35669737146	501296.41282076377	502576.8413330186	504135.8104963214	491414.8397921135	508323.4521099697	508875.27387723967	509792.56006053195	512971.4301737889	512209.3571241158	514007.519040389	515698.90022761317	518242.6805385236	515830.364149941	521249.0654279565	518909.94699161523	518820.5240847438	521309.8371313964	519797.41611382226	517410.0592541252	517324.5891640537	515737.2388965372	512315.43489350274	508378.9423326182	508457.47320434847	504847.3306421526	500682.18273138674	495660.18708648183	489840.164294656	482983.73922271444	474993.45526435226	465651.9464578397	454624.61326011084	441410.63400926045	424993.78048613505	401595.363468388	376758.4063626748	357601.4636447255	340387.6787592671	324314.5959269601	308946.4313630976	294062.161803756	279710.85477641027	265535.1125262182	251666.60857221996	238064.91840546066	224446.54978572484	211134.82387883065	197712.565950803	184659.29131240083	171981.77260027628	158839.72179245588	146160.52976639295	133212.7937731053	120716.14208104607	108677.93659728311	99856.92695445847	82540.72263121512	72495.66415843519	57600.67515389953	42781.687829708506	32175.37375155912	23112.813078234787	8596.362715518917	-3965.1841757532675	-14844.458484183298	-30700.38728290447	-43849.57929089398	-51237.4173219619	-80269.83637868101	-66259.37932851067	-95660.15822492167	-96205.0753686123
466975.7476083103	467026.56467799656	467197.3944761816	467464.16150319215	467688.5923192539	468262.96933797887	468853.1294639107	469422.63010010915	470186.1737101431	471016.2815157542	472136.3141422133	473199.21213953476	474245.29918529605	475422.77740926034	476849.9045598953	478137.7552853375	479418.76923741924	480942.52897607733	482565.2682454821	483696.8525804847	485553.388018482	487659.96569531516	489560.6316410239	491576.21997018124	492684.8764625415	494315.6586098176	494792.3261075418	500139.3292234604	501946.31867976685	500955.47851961956	502084.33908095106	505247.2774903958	509483.1077983503	506943.93795608357	510872.3657182697	520824.6908688899	514823.5229056064	517163.7020550417	517817.5813704444	518039.81461133645	520926.86915982456	519654.1941386048	524985.4563464469	523611.2431361384	522697.44588963303	520536.5138696749	519164.31400189013	522574.6254447405	522009.96354758367	519736.1930303804	519361.70025114284	515456.62742138864	510613.59343631996	510865.31890213257	507198.88045715936	502781.8078686673	497656.9615657575	491649.6655795352	484598.0999755602	476423.5313905217	466860.76975976944	455599.48379306984	442122.75681741384	425400.68742212746	401597.9894198169	376351.02320880024	356878.5200099194	339409.98725259	323085.62095751904	307498.7722726157	292391.82648650557	277860.1387270802	263571.95151415805	249526.68172049476	235653.10529990925	222038.67663915118	208630.94188021042	195446.3282061419	181634.85681866395	165869.93183593766	155799.93636521552	143361.50502835354	130239.85639270017	117348.44970482681	104648.891324325	94532.81429293868	78785.90397351712	65678.84254993591	52800.839919111226	42640.85279696295	29574.676318511367	20358.480333485175	5492.1540128899505	-20871.26828845794	-18623.75902362063	-31567.879295447492	-43131.873683745274	-55248.60608714953	-70656.74241309438	-75974.87808131357	-95512.23348212813
468427.9433148616	468504.3440588579	468664.7124247865	468949.5290573004	469294.89199262555	469746.153469763	470392.58379519254	470979.90187942516	471697.39372465713	472413.69562073343	473606.323864428	474578.2480689632	475654.33120936854	476713.3792981757	478118.79134320276	479694.6149584701	480823.4386791667	482106.1388330392	483950.57760152116	485621.0474419901	487444.5522372433	488889.4730625665	487916.20512142626	492196.9795567114	495279.87011176697	496288.6200528812	497774.65276486764	500073.0895917616	502501.694250111	502757.47833902715	504335.6271927487	507929.104837543	509892.2089398621	496115.7953681352	517557.8850943602	515281.55434785003	514646.37452226353	516082.04534928256	507753.38789293694	520919.12188986747	522820.92024663626	522135.3869972944	523272.98010402604	525493.6032446227	526438.1295292622	525631.9566005246	525812.2486605737	526264.9823504504	525699.682639322	524354.1429861173	524008.15833531483	521255.88031298853	515845.9384435093	516480.2095381889	513332.9529652494	509447.57659952727	504900.58223089715	499605.69066861423	493400.1974836055	486176.49594789906	477834.7849751554	468069.22201118874	456572.6550556142	442833.74049444625	425806.92111942463	401604.7626732342	375944.53589187434	356159.55220644025	338432.5552258921	321857.42627059924	306055.62729285914	290767.1363892158	276034.87317548844	261536.68312751013	247340.52317956125	233371.14441107446	219487.50899343647	203540.341903642	192460.82280455966	179567.90063023067	165660.38983008044	152326.02423197363	139567.7444531687	126736.80726453546	113560.4500196416	101401.75343349366	88135.16715552565	74664.01712883008	62363.968998333905	46331.0419527663	35268.73394500045	28616.927859281655	11811.401606642175	6587.594343541423	-1848.9633077764884	-22187.200130853627	-45142.68848759192	-58053.39787846396	-57307.516952944105	-59673.90010862099	-79702.31276137935
469905.4666212268	469962.7871249961	470124.8807293802	470408.7850472629	470737.06445137074	471158.3671476023	471813.1870769627	472436.0917353308	473161.1224418102	473880.20295239124	475086.99009331246	476280.16394552443	477137.5700755995	478284.83245667	479948.9168744264	480980.91312682803	482911.5979418095	484074.3478863991	485530.0913640411	486151.29136273765	488699.252586344	490765.9478457975	492178.8422206511	493441.20039278734	496058.1945605939	498315.9114700868	499699.60298913857	501509.1877456701	505587.8107541916	505880.62475983053	507675.49976697133	509086.02893752675	513567.87034523115	513567.57333928486	515726.0819933666	510417.0369117898	528850.4873886715	521957.042391135	522368.1315945063	522019.3227528798	521875.30015832256	525344.5074318072	525918.1342872088	526731.9824207361	534381.2931919649	529861.0428478174	528066.6398741136	527665.8687192288	528269.5925073314	526579.040545467	529805.9583802065	525444.4291327543	523311.2462440678	518950.46651384793	518992.1268403877	515684.4128924542	511689.2121379782	507011.32118236145	501568.75704845565	495206.5930889435	487823.78314398334	479253.1863958986	469273.6129734609	457543.7153007281	443542.5799195556	426212.4204398077	401602.04312998895	375538.577251405	355446.85867132386	337454.32109976944	320628.74364752125	304610.475145499	289144.15333914966	274193.59117275104	259479.7275648628	245142.79950378858	231047.3420644449	217105.0901083108	202992.51767391618	189266.76335545152	175904.76211298956	162724.45828632964	149584.9562166792	136044.85211197205	123349.17875844915	110932.70881034236	97504.91861777229	89143.67400360375	72312.38916407886	58735.452418266446	41543.23938599881	31747.86478693853	21217.781764522428	7755.165933985787	-6054.463083759416	-18560.581500145025	-29305.750172694912	-45435.394873200334	-50166.506583727605	-62073.34160960629	-71821.48207549145
471341.506366345	471425.2320739155	471581.48909858055	471813.1829453326	472214.6445252453	472682.0432913881	473006.778927528	473848.7424191494	474669.67901743733	475556.7124227927	476538.7592260232	477557.1394221659	478415.6829743399	479760.9172865434	481015.12490809604	481850.72503654764	483681.6568253546	487036.59301980655	487180.38226230245	488493.53168688325	489261.1883659756	491953.0365883525	493357.5972481384	498149.75873674045	497736.8003331069	499826.968496372	501959.742497455	505839.2930179464	504886.6928153662	507609.0818867157	508573.3311714248	511228.85713875643	512253.969753586	514670.8642734982	502739.5403042169	521276.82022672135	519132.60324208124	520733.140856029	526235.3354706144	526542.102904985	526600.9314674682	528383.1451907587	528921.0440836737	529960.6881907214	532925.7010414398	532395.7283669946	539463.917693521	533152.9755977462	532604.8413154774	531334.1452785977	530908.2626454543	528828.0064690546	525517.8571585732	526280.8746051859	523880.7826619714	521385.0369370682	518106.8062286079	513974.1971606759	509193.9172522749	503543.2483393359	497005.2765451807	489404.9019834016	480667.53070976096	470472.62719904317	458512.59801982145	444250.6701895589	426617.5150037628	401608.1457423088	375132.4931817214	354740.7618340198	336475.231189606	319399.4845649473	303220.842866707	287520.7357095848	272351.47055063874	257530.4749267071	242962.975884608	228807.022085962	214474.68016099324	200573.99172344856	186838.6557904337	174395.41132955946	159820.36935573892	146321.1834469416	132937.194161142	119623.52203934756	107199.64149245532	93850.85317439109	79450.53620934463	65176.13103392738	55003.51465477317	44885.46681841917	25816.550113101956	16531.56863228057	9335.613198971841	-10884.781296435685	-24245.54944910336	-10069.158304282057	-33920.63524156215	-54849.084208540444	-70927.55210250599
472774.257901254	472858.29987632146	473028.7856715487	473259.06811194314	473652.0219728951	474161.45078894903	474690.2956932952	475308.5066397977	476137.54530017846	477032.52674372017	477773.68666886515	478853.1455451775	479605.98583099636	481287.62679147185	482513.7568632417	483833.1493514107	484986.9613301698	486616.8301908297	487687.7144528535	490071.89012550336	491584.97938465094	492741.8913741903	494940.3512346816	497605.90733866417	499257.82494846557	499157.9570468697	502882.561601144	505408.32291405345	506187.79027498025	510595.5012576638	509031.9280278578	512057.4578387558	514880.4125230913	519099.52454003296	519830.8653998978	519812.67741099535	522869.7452292708	523456.51906567905	526767.8442772343	526345.312400084	525562.0138540436	528370.4016747724	532418.2822320715	534206.8190371123	532864.3968215161	535855.1404948854	534527.5899681107	536238.3502760874	532587.2057114334	539032.6599924478	532364.6371205997	534846.061047661	533361.1116835929	532699.4385282345	529718.4939402642	527302.1890529755	524162.9908059144	521142.24228367594	516229.23497448233	511197.0715914975	505513.1781804421	498786.87688778574	491199.84496890486	482084.0409078038	471674.64097351325	459479.4799971009	444957.23889563035	427021.61702236836	401609.3235728558	374728.3609575764	354039.8197732717	335495.288302389	318170.3932747049	301799.6322095655	285894.46990169026	270588.84083933244	255553.88252083585	240887.37264866557	226465.58183019632	212198.3545887305	197174.98760810605	184276.81828940334	170350.4749695675	156937.2053043826	143328.26731446385	129906.59011071402	116694.55778801627	103189.01439984184	91039.15403804416	79253.60619795765	64956.24480407382	108484.09488812467	41116.03240731062	27134.51779885532	14117.646218053647	-1139.4262618939974	-13856.908561977732	-24757.60353673331	-40392.6663429187	-41987.12816124136	-64184.26496738987
474183.39471748774	474269.3650107576	474437.77500742965	474698.40190121287	475043.09807141393	475545.7589296927	476104.37170401413	476619.5234687785	477550.13361003844	478169.2980032433	478990.9602154073	480320.8948076378	481456.1244826686	482712.0053067915	483742.89895324374	485935.7230511173	486873.6239386075	487865.5495921875	492998.2640254225	490704.6104420283	495375.15267245716	494044.7388945844	496424.93917309947	498575.18969136954	501203.5029437896	502455.49338022724	502611.36543738644	506690.6352026848	508960.7510021139	510787.54002198763	511770.8309582507	512393.0508538475	515525.3747690497	518254.2581310945	517913.68586601387	505749.7382770099	530102.4561612994	527201.5772362209	531911.4862324023	527454.7912085793	530447.984530377	533096.4861279506	538463.4962474527	532664.6111739189	534612.8557204306	536495.4567263577	539865.0061313472	542155.154540266	540070.2571489512	538155.4040212241	550291.2289181509	537862.9047041918	537485.9192783599	534770.6446546861	534706.120331385	532832.024704252	529690.1730110929	526472.0204268051	522817.5259464162	518454.68282847665	513352.7785813438	507476.5949989604	500543.6670411496	492647.82932648004	483494.8577543526	472869.7677546807	460444.01479254616	445662.35560023226	427425.28179017385	401610.8510258787	374324.7102773917	353341.37686249556	334514.58194769	316949.6299407721	300331.32829970727	284297.2800587304	268710.7824602622	253505.8421652089	238692.71275793528	224063.17971737788	209584.6223063126	195274.8540668593	180876.689790198	167773.3941031883	153808.49991010653	140508.14377051708	126773.12368798105	112719.9256627998	99880.87402235292	85408.20422889804	73835.3379415301	60744.7885062109	51472.0813983141	35295.037666399265	22133.157559604966	6316.900650289259	211.65391053957865	-16983.397692614933	-24673.00438707217	-45444.274840869824	-56495.87653828919
475587.4064312746	475686.0888859066	475817.52314264583	476095.0231776414	476471.1584459703	476946.5430795391	477425.83608601056	477976.82690907165	478882.12133416155	479694.0607575701	480483.5509567566	481423.22642492095	482612.3672390756	484232.47087316256	484991.6893005676	486984.3197469335	488315.2679279644	490675.09646603785	490748.43974591326	493047.2541667078	494311.10918468237	495609.8677481961	498968.36290183815	499841.8799342344	499384.92805909726	503449.4481790409	506528.1638783307	508706.0554925137	508020.0588919779	512344.5438299456	513504.0866148862	516566.2312363377	518022.323229474	521840.42882570345	523183.30761096	525147.5484459122	524577.5417047398	521683.95413602004	529950.4765250811	536184.4306288804	534624.0998343866	533193.1433476962	539599.279850842	530397.4149692068	537958.3813967363	532848.3607910501	541959.7245880312	544040.9896750455	549240.0887684837	537510.0574891778	546943.2646445831	542797.24631964	540535.0477612232	546456.5551182549	540620.8948313564	536950.928091456	533764.1307611244	533151.5492471056	529003.5720458172	525066.3914570531	520276.0566311062	515395.4313479437	509494.25740166707	502337.61403499264	494232.06666975806	484913.897335598	474061.3937955346	461406.30656157865	446362.7619063505	427827.95076736284	401611.94905647775	373922.4259457985	352643.61250559357	333536.01852474187	315742.54168470006	298923.78021464543	282695.26806284057	266912.8310346311	251579.6358856453	236543.96139802958	221781.20996475022	207334.76929432922	192940.17362543684	178794.86203892966	164727.99261204607	150860.0415564789	137134.86752838397	124002.19947805081	110027.9640667981	97800.02745227091	89338.5749024424	70927.22604302468	57467.18130600138	44420.68227107526	29957.798133311793	14200.290073071199	5490.687425026263	-9190.599423702108	-17475.898739947414	-32645.0892348779	-33232.788214181666
476979.64978450694	477065.8367927462	477218.25875547004	477455.8047230609	477818.9576943726	478324.84299216745	478751.16979980783	479616.2821741712	480250.55793598876	481057.02934564295	481390.664186426	482918.70051046996	484271.08959455625	485332.0124680933	486514.74272999074	488150.62018757174	489311.70037416473	490862.1263502058	492404.6206584115	491470.9589835084	495549.4772048001	496703.3433865642	499104.0981801618	500768.58502757945	502375.6982951701	505279.90278361854	507237.4013090407	508903.96175046195	512708.27458553156	513336.78632545006	516245.68756323995	516348.27639467805	520978.39904703514	517878.84162131185	523545.8492427245	527646.4533823243	507968.26494386443	530816.1169527927	531049.9583656567	540647.3551331137	531779.2612267969	536273.5892980435	538469.8443108946	540205.3551704551	541409.9789404367	540408.2104141428	546628.7643981726	543291.1212245047	543676.1768538367	549453.3401503556	546048.5845059503	542183.3875577342	544339.9258101985	544500.4339161314	544488.055813045	541533.7380319168	538979.6679182516	538573.162713639	534866.9121565707	531541.8958291278	527441.4378450029	522941.4029940732	517461.37855877564	511302.1227247217	504101.6492124699	495836.96327427845	486297.612526341	475253.2964301079	462366.3199841537	447065.1721748557	428229.22003876255	401613.1004235946	373521.99866313767	351945.68521906063	332567.863583438	314539.2387655516	297520.0937623733	281095.61944953725	265110.8681591578	249607.45179534156	234466.26640186005	219467.56009360298	207717.8016539637	190295.3885737998	176018.7714697413	161596.09796690865	147599.05671736784	133785.4659483955	122204.24555654766	106781.10749978252	93425.90906642796	80099.55407766567	66458.22393665795	51892.23850583332	40054.66229964333	92614.18270428327	15086.098532297416	245.8759494459955	-7958.985636088066	-20830.776965932222	-39740.26485993399