21598.71214901068	21523.50300422852	21331.25086488002	21021.767448672304	20594.760127160887	20049.824822736577	19386.445012785487	18603.990586160697	17701.716452179164	16678.76088560862	15534.143596210117	14266.763510622844	12875.396252642062	11358.691305871278	9715.168840423623	7943.216182797252	6041.083905228796	4006.8815076943356	1838.5726622316797	-466.0300146607806	-2909.270700197936	-5493.656657679992	-8221.865132324478	-11096.750906232024	-14121.354575475336	-17298.911620678053	-20632.862352075295	-24126.862821142306	-27784.796803713616	-31610.78897441196	-35609.219409561876	-39784.73957605234	-44142.2899874236	-48687.119736503955	-53424.80814710151	-58361.288826664764	-63502.87644885728	-68856.29665123437	-74428.71950133418	-80227.7970661898	-86261.70572056444	-92539.19395122792	-99069.63656509257	-105863.096395311	-112930.39483166969	-120283.22530089357	-127934.11668867328	-135896.73651911886	-144185.88730966652	-152817.68705373965	-161809.74391125495	-171181.36379845964	-180953.7989343472	-191150.54787333653	-201797.7209524598	-212924.48982214322	-224563.64645050958	-236752.31069999436	-249532.81131033355	-262953.85815153416	-277072.1186433779	-291954.1828626816	-307679.45151342306	-324344.098950147	-342066.8541946926	-360997.71009421593	-381331.57505000645	-403331.4023265895	-427368.22142342426	-454001.5701109903	-484157.4026394324	-519616.30890187057	-564954.2659090522	-648708.1940296346	-668793.819741766	-681160.4817768177	-693323.5515025589	-704839.2075951763	-716400.06506684	-727457.8720008116	-738238.0751316485	-749702.9867404853	-759557.5489472712	-772256.058923977	-781705.1405556565	-792105.0420767686	-802457.567284493	-809682.7768406821	-823109.5000531757	-830686.1154487452	-846770.4192787497	-849286.366720661	-863381.2979433422	-874497.58779196	-885224.6765497371	-890882.9355516683	-892049.2519475636	-895477.5824561634	-917513.074349296	-923016.7688461137	-932465.195171681
21664.080405699693	21598.627764732642	21404.7867161802	21095.12706502773	20668.12213587258	20123.256327676907	19459.9866625308	18677.674137610724	17775.570074083542	16752.811165401676	15608.416430510933	14341.284554085643	12950.191171322393	11433.785936569126	9790.589301998534	8018.988961994284	6117.235928824004	4083.440207535892	1915.5660370647602	-388.5733381351274	-2831.321405373299	-5415.184673990814	-8142.839568119831	-11017.13997773649	-14041.12553105029	-17218.030659601354	-20551.294537025107	-24044.571983511127	-27701.745440790983	-31526.938137363584	-35524.52858099438	-39699.166535785436	-44055.79066489047	-48599.64804795988	-53336.31581553294	-58271.72518194588	-63412.18820528695	-68764.42765908706	-74335.61046845169	-80133.38524490666	-86165.95544480628	-92442.00360752846	-98970.93072426178	-105762.79444327104	-112828.41037238255	-120179.4329601303	-127828.44878761326	-135789.08472335222	-144076.133996577	-152705.70402693911	-161695.39087400291	-171064.48652760824	-180834.22707870143	-191028.0922761853	-201672.1703645765	-212795.61152294726	-224431.16666331422	-236615.91890950175	-249392.14630525853	-262808.5396786937	-276921.64895020303	-291797.98872435285	-307516.8402292886	-324174.21872051683	-341888.6374024434	-360809.77792308806	-381132.1535415013	-403117.8096846122	-427136.8059332835	-453746.45960674714	-483868.23766787304	-519271.09048966924	-564483.6137395704	-648029.416994175	-668704.5441846466	-681060.3739486134	-693189.3727344817	-704732.8815799055	-716367.406009387	-727581.7545066085	-737995.0728878193	-749533.9525549344	-759716.6167782866	-771835.4046662704	-780724.8540767226	-790760.3022168737	-800224.8391316871	-814171.1275021075	-819482.0648147124	-834178.1067734554	-846874.2976903233	-845575.626683309	-852443.9907221536	-872090.7782170051	-891308.2274920421	-880218.7171458618	-908308.7658851363	-907370.811776079	-913464.5436310142	-893433.7591731199	-945594.2115393553
21826.32588973044	21785.433510326984	21598.61963619369	21284.48982599694	20856.561398449987	20311.48706038222	19648.298375041457	18866.230228561595	17964.484903868222	16942.17682660935	15798.313901741098	14531.788980899153	13141.374626334491	11625.718986606087	9983.34196696752	8212.631345116752	6311.838661344045	4279.0747854376095	2112.305093957755	-190.65579562933635	-2632.1497833125213	-5214.681587153467	-7940.92563902085	-10813.733633244494	-13836.1427924284	-17011.384922488483	-20342.896338243998	-23834.3287517376	-27489.561228105136	-31312.713328562764	-35308.159577296814	-39480.54540919886	-43834.80477905963	-48376.17964073175	-53110.241537772665	-58042.94500237495	-63180.536627893074	-68529.76126888824	-74097.77783778995	-79892.22613421464	-85921.26901036121	-92193.64000860308	-98718.69737424087	-105506.48553147455	-112567.80534135547	-119914.29475002727	-127558.52180169307	-135514.0924574005	-143795.77626059053	-152419.65366849335	-161403.2898877726	-170765.94140223798	-180528.8031873209	-190715.3128679944	-201351.49048956687	-212466.42090144617	-224092.78506614376	-236267.5647784842	-249032.92316243442	-262437.4005307338	-276537.3614375502	-291399.09855527483	-307101.5828137721	-323740.4241167177	-341433.5782756175	-360329.9434027927	-380622.8742973252	-402572.6181244154	-426546.2486410961	-453095.64723898156	-483130.9599945803	-518391.8572293731	-563289.428738893	-645976.2410419548	-668476.0821901336	-680851.4843997909	-692818.1124336673	-704471.4167083481	-716279.4209765382	-727311.8113339844	-738046.7468348744	-749062.4256179645	-759261.9253918871	-770248.2058601752	-780497.0291551678	-789921.6399060006	-801596.7446990327	-811414.4814281119	-822829.271482518	-829924.2467511802	-844989.8191494159	-863741.9423559869	-871001.2728820469	-872441.6292247765	-869319.616704911	-883762.8951412686	-889065.9671754248	-921337.5639031266	-896538.0627727823	-926592.2708283248	-990868.6485926099
22087.965826867643	22054.036530284604	21919.38377767596	21598.618992286734	21163.346716092914	20616.28857114871	19952.48025813564	19170.3915477848	18268.96813260312	17247.21569763685	16104.089302981596	14838.45377702422	13449.06600160791	11934.56513871855	10293.466005836086	8524.153710543083	6624.878712296835	4593.751906042318	2428.7395084031923	127.6576127641274	-2311.8336801113073	-4892.2366307741395	-7616.222796714985	-10486.64060163101	-13506.523608043753	-16679.099568719685	-20007.800340300662	-23496.272752547102	-27148.390538666248	-30968.29549224324	-34960.299739402864	-39129.06983842756	-43479.53223099335	-48016.92068180615	-52746.797800272245	-57675.07894400601	-62808.0588300495	-68152.4412352581	-73715.37223459012	-79504.4775067543	-85527.90433567666	-91794.36905669807	-98313.2108449085	-105094.45292675041	-112148.87252497002	-119488.08113426424	-127124.61708812055	-135072.0528400655	-143346.29791271043	-151959.8557545767	-160933.77595004695	-170286.09725442546	-180037.9151698617	-190212.6013393703	-200836.09755996292	-211937.37588436384	-223548.9897273088	-235707.76690256444	-248455.6928437454	-261840.9964206451	-275919.9096177943	-290758.22760286165	-306434.46990867355	-323043.6002421823	-340702.69010795816	-359559.38711230346	-379805.2047512731	-401697.536812036	-425598.73002611694	-452052.08714681	-481949.97421203303	-516986.43528245995	-561392.9312589124	-641657.4532647775	-668030.8823846455	-680600.4605421692	-692265.309526473	-704039.2808207246	-715897.2851017718	-726988.5303363337	-737806.8453222874	-748693.8364944763	-759167.1009822565	-769861.0902057288	-782533.1438605944	-793659.7390157096	-806095.4955268621	-811925.2659909523	-777831.8612172205	-827852.1114080567	-846901.5920971944	-850071.7249353544	-852879.3231007629	-864058.0960066861	-876330.3223677396	-893984.1987229369	-898358.4335507196	-907424.1757611567	-928330.2425735486	-924189.3820268859	-930302.2726849418
22444.88029458801	22414.740775666018	22310.366109859722	22053.1696741563	21598.620113978606	21041.676535598977	20374.758358191182	19591.557179546166	18689.956378120856	17668.575417088203	16526.195845533373	15261.594166354356	13873.47851067629	12360.459698278511	10721.035603329256	8953.581185505584	7056.341042898992	5027.423056871303	2864.7924192407445	566.2656583320313	-1870.495563430315	-4447.991030255267	-7168.889043241088	-10036.060869507372	-13052.481896929963	-16221.401427158245	-19546.2454666028	-23030.65436108988	-26678.49470223637	-30493.8724034817	-34481.147083111544	-38644.9479109349	-42990.19109824482	-47522.099237946975	-52246.22273410044	-57168.46359863368	-62295.1019389962	-67632.82551567873	-73188.76281478233	-78970.52016159517	-84986.22349819375	-91244.56556818112	-97754.85939829747	-104527.09914861427	-111572.77624501262	-118902.0305905707	-126527.18606495167	-134463.4361407084	-142724.6558586698	-151326.83884889205	-160287.40239352523	-169625.4834149588	-179362.12086651055	-189520.56472133688	-200126.63340301777	-211209.1529285139	-222800.5022716339	-234937.2430472774	-247661.21527559464	-261020.33118098334	-275070.2813320544	-289876.4659012964	-305516.7158679711	-322085.1155186137	-339697.53452937247	-358499.9831551279	-378681.36890987935	-400495.28397271753	-424297.7096614745	-450620.44970410183	-480332.2023503166	-515066.8554513259	-558826.3499531455	-634660.5270767848	-667436.3238813174	-680056.4616344811	-691794.1014124672	-703566.7457819728	-714977.4153756532	-726344.0088171822	-737776.9157162926	-748266.129360223	-759125.1937610412	-769718.5513559105	-779553.7187676218	-790639.4364770157	-800503.9827585062	-811848.5132993488	-820213.0419722088	-833752.3756232981	-844231.0682643072	-849209.4589604395	-855057.4916923048	-862819.494962045	-872422.2770278526	-894209.4971456281	-893626.4558641384	-918217.4352883704	-900792.3925946108	-906535.3929784817	-943138.944569987
22897.540212800268	22870.994720561604	22782.261311001792	22577.7467452688	22175.88588989286	21598.59682551503	20919.61900851233	20132.25462858173	19229.042912287594	18207.320035333898	17065.363407317116	15801.713096397245	14414.952656326102	12903.62209540897	11266.176995484897	9500.96633291848	7606.218637611397	5580.032077176307	3420.3407696751674	1125.0100536992832	-1308.3242362446763	-3882.1603932747166	-6599.163846479376	-9462.175025970766	-12474.217818483638	-15638.508722697941	-18958.46680900171	-22437.724590634785	-26080.139920206482	-29889.80903655794	-33871.0809015037	-38028.57298416874	-42367.18867273053	-46892.136519908665	-51608.95156026413	-56523.51897526867	-61642.100427457146	-66971.36343943432	-72518.41425894386	-78290.83473097702	-84297.22448741665	-90544.74433442563	-97044.17628359265	-103804.97701043347	-110837.85029989069	-118154.32547670518	-125766.84859353097	-133688.88805144047	-141935.07190239916	-150521.27497301094	-159464.87373889436	-168784.8914223158	-178502.25302381325	-188640.07577463897	-199224.02232333052	-210282.67967540745	-221848.31616076143	-233957.22907288992	-246650.82330223356	-259976.667066043	-273989.94987150776	-288755.4333951681	-304350.11921323097	-320866.98972736724	-338420.4111568733	-357154.2160031292	-377254.3193005978	-398969.476670521	-422647.86166844756	-448807.01256619464	-478286.8694955897	-512649.2694642267	-555629.8633313787	-626332.0714808132	-666688.2431432665	-679244.2179433743	-691471.1308122198	-702952.012157117	-714040.2277424347	-725715.1434799891	-737623.7496582214	-748120.0657798988	-758812.9856725514	-768789.856780225	-780795.6030578283	-790289.110141241	-799703.996265528	-809595.6775961528	-820885.6100811667	-805145.2073432463	-832057.373751953	-849608.7355908321	-887082.9981790264	-873401.7792460471	-874930.8536965046	-926209.624746691	-894658.4444894448	-902681.8095485815	-918063.4534525294	-920192.9364754544	-920742.1612154515
23449.138461234754	23423.400562763993	23343.536490162733	23171.241400115054	22848.220530846476	22314.374827167798	21598.60015077558	20797.32045026619	19888.94249967146	18865.14972906944	17722.711879374117	16459.561299484107	15073.986848096069	13564.369022065432	11929.070641512888	10166.384137957062	8274.502612108721	6251.501854373226	4095.327721573085	1803.7861853499344	-625.4653338693752	-3194.926114510814	-5907.260218798598	-8765.304807721608	-11772.0788915999	-14930.792675531637	-18244.85763587896	-21717.897454793103	-25353.75993967931	-29156.530060844787	-33130.54425203745	-37280.40613460542	-41611.003846529784	-46127.529182896295	-50835.49878508027	-55741.167672572716	-60850.00763743336	-66168.62491394817	-71704.91598987092	-77466.03089918342	-83460.03605663657	-89695.55837994075	-96181.83792164025	-102928.78771745213	-109947.0493035951	-117248.12242547478	-124844.37811844403	-132749.21477579698	-140977.16688872158	-149544.0474788777	-158467.11590485545	-167765.27690672645	-177459.31844731566	-187572.19819926185	-198129.3916641088	-209159.3192688364	-220693.84741576225	-232769.06686516432	-245425.96635304246	-258711.6643974278	-272680.6939147532	-287397.08284442086	-302936.8437691514	-319391.64740531374	-336874.0761352341	-355525.445097662	-375528.00710550597	-397124.85432210943	-420654.9512822866	-446619.52038340614	-475825.23366181087	-509752.59650360054	-551848.0158698473	-617704.3666627572	-665774.6708687299	-678621.21464444	-690413.8943192714	-702188.2049108532	-713609.6717289903	-725022.7102465753	-736185.8652742975	-747322.8774417539	-758947.0276688277	-768293.3313146145	-779760.9813401161	-790292.5055653881	-795248.5717151959	-811617.4524635761	-820864.7159252341	-831959.5268779714	-843394.6317249986	-854458.3001535828	-871961.8793042556	-864605.9295631323	-880370.9103131022	-923492.4165824908	-892984.0676300875	-902855.5136967169	-907485.4262720235	-967899.4603569678	-932329.8983143636
24096.518322116593	24071.79960516138	23997.47447476816	23845.546677241044	23571.087928590503	23118.09343290665	22442.799998967515	21598.603714556884	20674.81467859079	19645.002323015826	18500.10270702291	17236.379706500367	15851.424935575415	14343.271562354901	12710.09027883683	10950.059722926373	9061.30250690474	7041.849594542346	4889.618105223584	2602.395861404115	177.82941476287306	-2386.586163169104	-5093.516687184958	-7945.798037068878	-10946.445479105561	-14098.663388897377	-17405.85557301673	-20871.636355306167	-24499.842579654003	-28294.905631451882	-32260.433427470125	-36401.36988437375	-40722.21436065704	-45228.87665926941	-49919.22195070065	-54820.88280725099	-59918.28210830922	-65225.29842823505	-70748.96693452484	-76496.83214299416	-82476.90936166266	-88697.7836098428	-95168.64847826547	-101899.36534484274	-108900.53095556979	-116183.55488597834	-123760.7487394292	-131645.42937192455	-139852.03898871707	-148396.28567662076	-157295.308874337	-166567.87552119402	-176234.61427639454	-186318.29743103072	-196844.18318597472	-207840.4352022464	-219338.6422975089	-231374.469718578	-243988.48592400068	-257227.22747445904	-271144.5931519607	-285803.70319514826	-301279.43195426604	-317661.9471528428	-335061.77561078075	-353617.3689275805	-373506.7735850059	-394966.78974544344	-418325.9146375866	-444067.02100783115	-472960.2451991506	-506398.13167176984	-547528.2018926158	-609033.1511563018	-664632.1783206786	-677498.6455934849	-689628.6839592524	-701252.1576091084	-713201.0686561773	-724133.2002826133	-734802.3437406034	-746043.4674182895	-756960.6389834352	-768279.9028518286	-776991.9807997318	-789102.8121463426	-798977.4918457244	-811735.6412351469	-820485.1768181704	-830497.0943375647	-844002.7575097638	-852074.4243654013	-861518.9061580778	-863765.0630082688	-865808.6118303346	-881716.6590515336	-912463.4539301263	-908991.4347128125	-908428.3893728917	-914891.9809091704	-929860.7983509647
24840.057440179327	24815.9533802159	24745.439293416857	24607.011497372587	24365.762279078852	23975.426395976414	23385.779549303734	22569.208608674366	21598.607463154105	20552.14003060689	19400.49135278516	18134.01075622817	16748.455632982117	15241.09787932767	13609.713905482065	11852.260299036538	9966.726166698816	7951.058697234992	5803.121117271003	3520.666325382066	1101.3185721176123	-1457.4406059879839	-4158.284219227109	-7004.41997452762	-9998.12430577778	-13142.96521791154	-16442.339665710213	-19899.47855208737	-23518.95453743761	-27304.453653313554	-31260.282847895316	-35391.01263119294	-39701.4811639156	-44196.86557055865	-48882.62430085319	-53764.572642951236	-58848.895370249025	-64142.1754042097	-69651.42583597827	-75384.12580844184	-81348.26085121473	-87552.36837310059	-94005.58915362888	-100717.72584500618	-107699.30970681261	-114961.67705990263	-122517.05727896554	-130378.67456624933	-138560.86629082842	-147079.22137802435	-155950.74314705323	-165194.04219882653	-174829.56655995862	-184879.87845217166	-195369.99001129047	-206327.77437420053	-217784.47431310464	-229775.338841752	-242340.4302432883	-255525.66187654188	-269384.1544139606	-283978.0458725978	-299380.92534990906	-315681.2764984584	-332987.33136100706	-351434.3689050322	-371195.8590656946	-392501.4928512965	-415668.44820753724	-441159.6507365532	-469706.367332262	-502609.0273699845	-542717.0671279575	-600348.1139450781	-663266.5565142343	-676397.5681886144	-688441.9521161362	-700252.8509632593	-711463.8169577334	-723121.9130322088	-734293.9023184623	-745485.1362994192	-755978.8804603876	-768104.8167992656	-777895.7191818052	-786143.0982932795	-802114.8991089354	-809884.0202583347	-820937.6628906531	-828931.7834494433	-836573.8305824553	-851347.1323918193	-856920.7781232537	-871094.2953752775	-878916.8596124041	-894704.3471701471	-896016.056607519	-902584.9260697293	-873828.326945594	-918498.3796468461	-941296.7086765035
25672.564408221282	25655.27718546005	25587.490603394624	25458.570700962686	25240.786520266767	24896.501012271896	24380.869719900955	23650.829931219407	22694.519815822438	21598.358383574334	20429.318643053623	19155.494616532305	17766.95635352815	16265.811701722141	14628.694381255063	12873.12093462059	10990.671746092969	8978.84758606744	6835.414623679899	4558.062670606807	2144.3747133838406	-408.19430017540435	-3101.9439049340835	-5940.498736623576	-8926.488592784764	-12063.09940548378	-15353.747857040311	-18802.018194481334	-22411.724774730716	-26186.912956270808	-30131.873537577267	-34251.15845387409	-38549.59793876648	-43032.31937187272	-47704.76805629996	-52572.73020047506	-57642.35841790487	-62920.20010694406	-68413.22913205734	-74128.88130103418	-80075.09422110708	-86260.35222615505	-92693.73720089119	-99384.98629351164	-106344.55771403987	-113583.70607303135	-121114.56903962899	-128950.26750964677	-137105.02200119442	-145594.2886754455	-154434.91926635112	-163645.35036959223	-173245.82909335144	-183258.6841636965	-193708.6544282622	-204623.2906450747	-216033.45198135343	-227973.9265568752	-240484.21687547895	-253609.54808314066	-267402.19053399476	-281923.17659982	-297244.71063589415	-313453.40361694485	-330655.0471438808	-348981.42394662893	-368600.98428598547	-389739.81948514614	-412691.13681398914	-437908.6152101016	-466078.70716720424	-498408.93976860004	-537459.6747820051	-591638.161729347	-661617.2707954983	-675158.9515285289	-687293.8918604704	-699157.223950523	-710794.2977492784	-722092.7180739143	-733723.3047157843	-744682.4927288045	-755768.2336381783	-766101.4516583693	-779046.0969346426	-787090.928258104	-796927.1035319793	-806771.0471471751	-819787.5391074957	-828303.9972249188	-836841.2725442192	-841785.8924193105	-859539.6566636905	-865071.1203455951	-876319.068668948	-886986.3699987866	-893886.5731150375	-903413.0531394633	-913068.4106124393	-923381.3518460237	-926236.1374548664
26611.62920214478	26589.397939168237	26523.574205258235	26401.6123263029	26200.91713535085	25890.662047423553	25432.661779488757	24785.218539949085	23913.230215754324	22818.89150006399	21598.61541301659	20306.386498905173	18910.073359018665	17399.051890370596	15768.274826416135	14014.365092268694	12134.608820683923	10126.487494963716	7987.61920956102	5715.616726901466	3307.9318561910113	762.0047440331691	-1924.8834458744495	-4755.597808041228	-7733.164913587305	-10860.786417307252	-14141.851966080168	-17579.952006747793	-21178.89091403847	-24942.70075864126	-28875.65598055994	-32982.2892062335	-37267.40844010314	-41736.115867078595	-46393.828518947004	-51246.30108394173	-56299.65117425765	-61560.38741186286	-67035.44074982086	-72732.19951628067	-78658.54875475887	-84822.91453944796	-91234.31407500157	-97902.41255088258	-104837.58792049641	-112051.00502547312	-119554.70080039301	-127361.68269266695	-135486.0429429026	-143943.09202950908	-152749.5154382011	-161923.55904349269	-171485.2498860549	-181456.66114209534	-191862.23282076916	-202729.16350804665	-214087.89377667237	-225972.70943612244	-238422.51371214888	-251481.76500019897	-265201.80473187333	-279642.4682819978	-294874.55614317866	-310982.5436582609	-328069.6503795789	-346263.9188225596	-365728.5018276015	-386677.46211312397	-409403.18005386944	-434325.64027848834	-462093.7526524328	-493822.2053741042	-531798.2450302772	-582889.0621008938	-659535.9011133758	-673721.2856613456	-685942.2016353717	-697559.5979745276	-709159.3027031287	-720552.0620276646	-731585.8477880626	-742631.4936151446	-754008.6351860962	-764383.6926151246	-775834.0946065206	-786328.0512517344	-796117.2247879689	-812937.4698000574	-816356.3326012825	-825535.7721482448	-835946.0440069337	-844942.7868819514	-849848.0129656796	-864622.1188281665	-871840.5313578309	-882929.5633819054	-891305.7141996338	-909259.5649866583	-911945.2420796421	-920089.1696011713	-924734.6016387332
27636.233491505933	27617.787121154615	27553.36829222057	27436.54589486908	27248.637150512317	26964.045610578578	26550.531822618315	25970.887564786433	25187.380488033225	24173.128072580643	22943.259438064706	21598.630778301427	20183.40274863517	18664.311661609914	17030.404449960737	15276.244232875219	13398.2058222278	11393.28206304544	9258.769507009572	6992.086287961625	4590.5888573942175	2051.6275985849934	-627.5675358543267	-3449.8581996437097	-6418.364936366124	-9536.262497816562	-12806.94367808655	-16233.99615761617	-19821.216614170247	-23572.62514457733	-27492.480359156645	-31585.295449570745	-35855.85550116236	-40309.2363123022	-44950.82499017437	-49786.342611752974	-54821.86926919866	-60063.871860415355	-65519.23503889071	-71195.29580365031	-77099.88229325233	-83241.35744934026	-89628.6683417354	-96271.4021027289	-103179.84961216812	-110365.07831725366	-117839.01587585386	-125614.54669848329	-133705.6239574756	-142127.4002673204	-150896.38106603466	-160030.6058115364	-169549.86354524043	-179475.95130535576	-189832.9864955963	-200647.78792899183	-211950.3578972429	-223774.41795245494	-236158.21861409437	-249145.43547209376	-262786.4192657581	-277139.75264281966	-292274.48549236887	-308273.2443388521	-325236.32619653555	-343287.69813442696	-362585.05735904485	-383334.19220397325	-405814.09467579063	-430423.03653287026	-457768.02901121654	-488872.8199254774	-525771.4092721771	-574087.6952443724	-656568.4787993133	-672117.916881402	-684454.6355769192	-696390.0259773429	-708151.2576449437	-719656.5315328655	-730990.855822307	-742170.7337298961	-752821.2887089804	-763796.3341269786	-773750.3887127396	-784827.2181365523	-795315.0101924867	-806054.8599775389	-816853.6869368632	-826405.4458224576	-840700.4989654936	-843390.190856209	-855162.009883068	-860677.98670019	-870653.7239231125	-884887.3182942506	-872823.0613101921	-888909.2763503795	-907010.717515751	-913178.4907542618	-918620.5185205245
28761.242428016063	28739.3269547257	28676.13990315215	28563.301134796464	28385.267782407893	28120.466882630724	27741.564895422933	27216.230778574034	26509.095262916984	25586.827108871694	24430.659986866936	23066.67233734564	21598.634750691708	20060.2800718918	18418.173670220902	16661.014941811718	14783.047708090951	12780.321697135998	10649.600565394474	8387.996916994587	5992.676560284082	3460.855541113775	789.673232117395	-2023.8241148087727	-4982.700357537022	-8090.226544681351	-11349.787936914385	-14764.9749967473	-18339.5366710992	-22077.572009078904	-25983.28062374849	-30061.156916924716	-34315.96300374171	-38752.747645293646	-43376.86683982323	-48194.00637827666	-53210.20669296253	-58431.890363838174	-63865.89269566232	-69519.4958418633	-75400.46703003588	-81517.10154150873	-87878.27121916594	-94493.47942797857	-101372.92357997269	-108527.56656936207	-115969.21875783848	-123710.6325225739	-131765.61185477086	-140149.14010795462	-148877.52978868922	-157968.5993223332	-167441.88310377114	-177318.89673953207	-187623.38697323567	-198381.78008789863	-209623.58554611506	-221381.97418132838	-233694.45202309822	-246603.9720332004	-260159.67272611038	-274418.9553855074	-289449.0568847787	-305330.43785285397	-322160.3307571775	-340058.8860903499	-359177.85946873744	-379714.2802222426	-401934.37301987485	-426213.59754850116	-453117.98652084364	-483584.28171692387	-519413.46308032266	-565231.185387753	-649961.7907047193	-670290.9821852613	-682774.2321187574	-694877.799220684	-706276.7563321944	-717574.1173558808	-728890.0676475884	-740055.8254072606	-751361.2148313944	-762337.0866358029	-773047.2848535541	-783718.0709046379	-794530.1104000574	-805895.3678222008	-815257.0963538566	-824941.7439559365	-834881.2287412751	-843399.6101234914	-851311.757838717	-869335.9417633621	-872257.6061516984	-877761.3869157482	-889494.2108673027	-884311.8831261233	-901407.2637605339	-921469.4090451547	-921287.138668915
29974.96791110302	29953.566430391176	29891.272753291138	29781.647995567662	29611.348274019532	29362.004253668994	29010.47305441741	28528.59109112584	27884.695958765857	27045.844655470595	25983.30833240378	24686.159471524938	23187.284902271793	21598.638917603646	19937.08496778489	18171.68079254852	16290.914240700738	14288.693266865936	12160.774382046267	9903.665136776373	7514.244089937336	4989.515953352733	2326.5104329741152	-477.84164137477273	-3426.688007634839	-6523.288604095109	-9771.076136915653	-13173.652187785465	-16734.811597784166	-20458.54161772765	-24349.1108480424	-28410.97858679836	-32648.83058475981	-37067.79749697448	-41673.14873958073	-46470.533640766604	-51465.951279294284	-56665.77773347557	-62076.79629742926	-67706.23113788472	-73561.7849385564	-79651.68117263075	-85984.71175943044	-92570.29100643657	-99418.51691761341	-106540.24117428868	-113947.14937794142	-121651.85350243273	-129667.99895967136	-138010.38926910097	-146695.1320813662	-155739.82659164598	-165163.70835870923	-174987.98035296658	-185236.05104405718	-195933.90617807893	-207110.6093462446	-218798.5575037155	-231034.71428561353	-243860.96922588968	-257325.50256521738	-271484.26232945366	-286402.793844197	-302159.1562520989	-318847.46698358323	-336583.8649917553	-355514.11629812355	-375826.61505445716	-397774.1239058934	-421710.24538960337	-448160.4589792548	-477979.22402670427	-512758.08506141504	-556315.3745922535	-628476.3724041188	-668324.6459137478	-680913.5378137908	-692896.7941941288	-704634.4770733444	-716193.9411669278	-727551.7810327862	-738591.9931896324	-749633.449850586	-760076.4270956817	-772227.8401347722	-781733.7775027936	-792833.486585584	-802553.8133099715	-809324.6715376042	-823413.1153794136	-831645.3278385806	-843196.7832649078	-862074.7529685916	-856074.2087541439	-868573.0351023481	-881285.5353698656	-887274.1817907982	-884003.6736181653	-906006.5654840183	-906709.1175134417	-915082.8770879051
31281.99995178121	31259.615051069733	31198.033323011936	31090.936046584902	30926.786238789275	30689.9481293219	30360.28405973407	29913.440765295483	29321.462443226206	28553.753870552195	27580.128150970086	26376.771490510146	24939.694896769674	23313.046687264738	21598.6432688138	19813.854826464187	17924.902147335546	15920.170429474761	13793.271752770877	11539.576150602697	9155.50202758492	6637.6264181154875	3982.7540062587323	1187.6479242198875	-1750.8285250023182	-4836.079514360583	-8071.568150070641	-11460.870656641848	-15007.826953103387	-18716.44768419073	-22590.948601149306	-26635.79774955781	-30855.714583836314	-35255.69468137696	-39841.01336303632	-44617.31749767233	-49590.47972966628	-54766.96178710084	-60153.42543949542	-65757.03414909204	-71585.42283793486	-77646.73944051104	-83949.69168555786	-90503.59998477374	-97318.45747837602	-104404.99850345534	-111774.77702255073	-119440.25689315484	-127414.91629591101	-135713.38458298735	-144351.52499416334	-153346.68799619452	-162717.8541626244	-172485.88432596304	-182673.84338076314	-193307.16738078833	-204414.4109595976	-216027.48591495698	-228182.44342938234	-240920.28820967342	-254288.11253991723	-268340.20780613064	-283140.55045088415	-298764.6482520185	-315303.75030897936	-332869.50362352014	-351601.76775164204	-371680.3829340463	-393344.51428583235	-416925.8454098205	-442911.7628980361	-472079.21252066194	-505831.16865662864	-547332.5333782411	-609226.8755296234	-666027.0378546868	-678926.7757514433	-690995.6524002748	-702797.4980381294	-714559.5195817277	-725698.8733975291	-736932.4429416163	-748186.3134797278	-759599.8570212557	-769077.9654538862	-780866.009373866	-790729.5516272138	-800446.7665838206	-811426.4194468597	-821253.0164058516	-830389.1835670844	-841045.1733507749	-850981.9405473452	-858414.7186099724	-871520.3652984123	-878566.8929571274	-890261.3625433908	-900221.3236413214	-904386.2481355877	-921253.8859110433	-924786.3958774728
32678.813901928086	32656.411738983814	32595.458260092433	32490.432741691468	32331.31130301499	32104.5965425366	31792.67910477501	31374.432788427497	30825.22282493308	30117.369191494785	29221.960732016298	28111.644472080836	26767.269334189652	25191.839104693354	23435.65793167387	21598.65828396756	19690.44850396181	17677.841653601856	15548.818314211523	13296.757830658316	10916.838580309788	8405.13985644995	5758.090807163189	2972.2496540432985	44.29569721342705	-3029.263119251784	-6251.943777887045	-9627.412525562642	-13159.552487897745	-16852.269893417753	-20709.86014668239	-24736.78680272725	-28937.686985610417	-33317.572364754466	-37881.704891921734	-42635.66241152284	-47585.35291273224	-52737.057969388494	-58097.450710433186	-63673.615089447936	-69473.06709362016	-75504.02280514438	-81775.0198907868	-88295.28051286808	-95074.68800699263	-102123.85379170132	-109454.20380703312	-117078.02978581126	-125008.64207687406	-133260.4559760745	-141849.137961283	-150791.76714118486	-160107.09264026835	-169815.5000110258	-179939.6395299013	-190504.67042038258	-201538.4697122602	-213074.69594545555	-225141.46634087473	-237785.97639979486	-251051.57532164518	-264991.4837777254	-279667.4904307407	-295152.8909993944	-311535.60136010015	-328922.98986229795	-347448.9317847656	-367284.67216562264	-388656.12249643606	-411873.87010415434	-437388.38937396766	-465912.7008396985	-498658.4327899942	-538284.1756356203	-593547.1415590914	-663342.8402237929	-676909.1844691224	-689061.4421573561	-700713.7675341112	-712080.9563267196	-723764.5029192406	-735106.5934350467	-746265.004322585	-756764.5433387198	-768860.9871571804	-778209.8077638946	-789735.7738304154	-799362.0979392803	-811636.0690286751	-821274.9504116371	-830713.8409732969	-837238.2737887262	-847885.0741858208	-860902.3621878035	-878094.0777705461	-877062.1643905903	-886150.1422099033	-899927.6253864523	-906214.78055615	-914844.5430173913	-917067.6100851102
34165.34976751455	34143.089034596946	34082.74423917439	33979.33389698821	33824.340873136614	33605.89560807283	33308.655231813085	32914.05246607661	32400.247243114114	31742.585861484382	30914.30673678589	29888.18507471373	28639.927749140617	27154.991560417497	25442.548826756414	23558.20128655946	21598.652511013395	19567.026675611967	17430.47510192728	15176.824469368927	12799.181332294851	10292.51923638683	7652.62108199202	4875.71962310042	1958.2072803271803	-1103.5423561735333	-4313.145022868815	-7674.363082054086	-11191.008200569857	-14867.130159305965	-18707.005435744482	-22715.06259132581	-26895.991217885632	-31254.741682288666	-35796.54733095109	-40527.000508465244	-45451.90968603872	-50577.47151212154	-55910.339214511565	-61457.55306879961	-67226.61486798347	-73225.49153062936	-79462.72213051117	-85947.31175576971	-92689.25995635471	-99698.94124111047	-106987.61700148508	-114567.44073215066	-122451.53325533454	-130654.07959460249	-139190.5525497272	-148077.8434266005	-157334.1313396599	-166979.6780243024	-177036.64367671157	-187531.71987288544	-198486.19663645403	-209936.69455888393	-221915.60482100703	-234462.09886225755	-247620.77227394353	-261443.06187801663	-275989.0790279926	-291329.60349969653	-307549.32009320764	-324751.37195878127	-343063.64218121703	-362648.7588238867	-383719.7955346622	-406566.8982744971	-431605.7720245789	-459474.7766174902	-491262.0269694278	-529170.2136089371	-579574.7337323753	-659847.988878007	-674550.6727593988	-686847.0226414553	-698533.630429043	-710145.2132574706	-721598.4296242453	-732711.4533954544	-743805.9882217578	-755380.9112561948	-765569.7586148079	-777672.1498196963	-787806.4226883135	-798520.4751233351	-807680.6559498154	-819501.9908090339	-829662.8688124535	-837731.7200977532	-844728.4833770504	-857323.4101490134	-867928.6160557803	-876144.1765994674	-877987.1131075164	-893548.8649112738	-905933.1661326601	-909291.4370725506	-920608.1826259731
35740.78072373426	35718.74985519332	35658.66219111709	35556.789742879024	35405.103694948135	35193.58142038118	34908.575763451976	34533.64081591857	34049.48412230335	33434.11299797657	32663.09368576121	31710.730855839967	30551.78893133875	29164.880998327753	27540.057983154737	25691.883056595674	23680.59506681517	21598.66598056269	19443.543506292204	17183.266819417175	14804.778041910566	12301.180714592974	9666.730040407736	6898.037977779211	3990.5999927337434	940.5821811303722	-2255.8264436265927	-5602.419406609402	-9103.18285283531	-12762.189058831886	-16583.679250142333	-20572.11946970952	-24732.19384175099	-29068.83676231331	-33587.25589997137	-38292.96539958454	-43191.779423273394	-48289.8844035569	-53593.83244045667	-59110.60680877781	-64847.618190264475	-70812.80590234479	-77014.56248358401	-83461.7656941255	-90164.32531856597	-97132.47738471901	-104377.32223488641	-111910.88449231995	-119746.07594951804	-127896.89085555871	-136378.52017740768	-145208.94906896827	-154403.43918169316	-163981.50985543133	-173968.08025462469	-184385.73910304278	-195261.24797957123	-206624.48040634725	-218509.15285552508	-230953.21864241202	-244000.17578297795	-257699.93612149474	-272110.67092396127	-287300.7028625741	-303351.56008877076	-320362.018234329	-338454.0838158961	-357781.95543370984	-378546.3000150372	-401017.7378809019	-425586.63298932713	-452807.51949253364	-483661.742195968	-519991.56454605114	-566585.2275221196	-652585.1742456921	-672017.8948446345	-684569.3051590458	-696275.729043396	-708037.3667814345	-719486.9716733091	-731154.5292566966	-742766.2451670365	-753177.936173023	-764170.7808113417	-774142.432071117	-785311.0019698525	-795089.5689338129	-805452.4910978402	-816759.6556078601	-826523.825919088	-837142.4155686449	-845883.2981116632	-860853.3024559084	-866746.7690861279	-876513.0988843376	-882192.8232922063	-887780.1435312883	-904611.9978563692	-906777.1291414627	-912322.5938646588
37403.88523455346	37381.96117474417	37322.20218044503	37221.33115145282	37072.77979043302	36867.06385290313	36592.316392071734	36233.96433792722	35774.753224382344	35195.19455623715	34473.12967859472	33584.745528367755	32505.52897620829	31212.202957429894	29686.471863938314	27922.63452505415	25940.2584127815	23806.595469725784	21598.670249011913	19319.995870626393	16935.417108055597	14431.717528583802	11801.746217323602	9040.02177849926	6141.948236393757	3103.314077277635	-79.96820590046627	-3411.878403901581	-6897.040675282693	-10538.411688524968	-14340.941105731428	-18309.063038584332	-22447.49534364415	-26761.14567117382	-31255.20221898563	-35935.14093452181	-40806.75253345074	-45876.16595416366	-51149.883875174535	-56634.822363055064	-62338.30051942903	-68268.20083691124	-74432.70275017912	-80840.84230388165	-87502.18776501234	-94426.85349402615	-101625.88038816239	-109110.85478142567	-116896.27785205087	-124993.00320932438	-133415.9139580299	-142183.92894026818	-151313.6050786817	-160824.20303605666	-170737.36118335012	-181076.32647883517	-191867.40919680998	-203139.732837607	-214926.20090445457	-227263.80217970122	-240194.71711486328	-253767.3836303195	-268037.9404483304	-283072.3879518947	-298949.0013584402	-315762.31365605694	-333628.49463629484	-352693.6414885063	-373146.322507184	-395238.4936462898	-419322.1230484644	-445919.76080356335	-475875.130703955	-510749.4931311367	-554225.3601275452	-623996.0952598206	-669195.9441709437	-681901.4350844473	-694013.3536635817	-705739.4712930536	-717510.2404035542	-728805.068136727	-739469.4200722459	-750989.6233080481	-761398.8531806001	-773603.1335376555	-783495.0431777376	-788971.3096090879	-807328.0092507075	-814387.1890177794	-823952.1753233923	-835292.2210245335	-843928.1622731292	-854900.8691489976	-865529.1000330041	-881204.6086821768	-878922.8171352374	-888747.8054865485	-905359.6956723	-898768.6374046456	-914423.6027529354
39153.56176720698	39131.755785162226	39072.15005891084	38972.36831930624	38826.29712726963	38625.53358482927	38359.50009756899	38015.24113477799	37577.362383433676	37028.34892453341	36348.161901453386	35515.02293328085	34505.986904139805	33297.83132188317	31869.1103188884	30204.86456187111	28302.93697532721	26188.04605909215	23925.174981421078	21598.67483533924	19196.6890938745	16686.897490483334	14057.588924055035	11300.800710301926	8410.826053948756	5382.780349313205	2212.2321328546896	-1105.080297886885	-4573.371463944037	-8196.902159075595	-11980.03977060079	-15927.303723101824	-20043.382952699103	-24333.260557409507	-28802.03473535177	-33455.22142840993	-38298.55124260807	-43338.08287384489	-48580.312021185484	-54032.05375633434	-59700.57429522299	-65593.6167894108	-71719.44109603239	-78086.68776791883	-84704.97522094767	-91584.29274886037	-98737.03479688673	-106171.49579729041	-113900.73129285726	-121940.95938430395	-130305.44076859686	-139010.0585846869	-148072.37783688158	-157511.41094967345	-167347.9361204768	-177605.08267055394	-188308.39705034817	-199486.43260653262	-211171.08612310584	-223398.36808992235	-236209.21913227547	-249650.5967422509	-263776.609174687	-278650.86470453435	-294348.45350257546	-310959.6893176707	-328595.2553276871	-347393.1055389689	-367530.31717757386	-389249.38981897524	-412849.50636866654	-438826.96856007434	-467917.8778857388	-501445.723749849	-542296.2747206609	-600800.7773156171	-666012.8759298136	-679355.9575787683	-691536.532637628	-703245.6024306184	-715250.0303627206	-726247.8980906205	-737298.8822973527	-748752.7591194224	-760248.787839693	-769720.3103836207	-781500.7524156186	-791977.258185837	-801065.1852040936	-811556.9732162985	-822589.0561677292	-832972.4210904178	-844210.1455694365	-850449.1388801299	-862241.5962856757	-871720.8405840157	-878597.7312898254	-886198.2767180763	-898421.7117965939	-907044.8879058077	-913175.1415310963
40988.72949971852	40966.81374265258	40907.318266169255	40808.527358874424	40664.56493768669	40468.048544700854	40209.51582379216	39877.31180827995	39457.652914427046	38934.79439055877	38290.71220256702	37505.566301717976	36557.98063375179	35425.73810413334	34086.87214239538	32522.551765485798	30719.947306033973	28681.070858188286	26434.213467721107	24047.23250101976	21598.679788945912	19072.744729338556	16438.587434489353	13683.458318557823	10799.5301732388	7780.815593153911	4622.218139145236	1319.0961617997345	-2133.021665583983	-5738.583084420621	-9502.037254165662	-13427.966679331701	-17521.159974230468	-21786.541879065364	-26229.28109295809	-30854.816147849007	-35668.843706112624	-40677.46265928648	-45887.0377386638	-51303.543227922186	-56935.73830600953	-62790.480896703215	-68875.94719395455	-75203.37482199416	-81777.0566499902	-88607.12505244055	-95707.86380456592	-103089.97285167025	-110765.09931925783	-118746.62406717631	-127048.80069238471	-135687.5712705725	-144679.8922077425	-154044.49764754562	-163801.60603167786	-173973.89753570827	-184586.32987756003	-195666.67068795243	-207245.98229427796	-219359.2660904002	-232046.19650992568	-245352.17036971898	-259332.43017383985	-274042.30574449565	-289556.64379339083	-305961.655568461	-323362.50389093085	-341889.4642280689	-361716.00267186604	-383037.7327316907	-406173.9618474785	-431543.8123143339	-459804.56163583783	-492082.0987648471	-530674.5984940904	-582380.8115974688	-661955.4526525487	-676431.78577245	-688739.8677909798	-700675.7079787997	-712596.622923261	-723829.6465196705	-735564.5985115068	-746659.0109752498	-757070.2332969366	-769079.9427537124	-778425.4074715348	-789724.2962993437	-800097.7147225286	-811339.0519809199	-822430.1058224812	-830546.552623288	-839424.5771520576	-850775.4596782513	-858870.2262313305	-869146.8436508372	-887454.1318075184	-889066.855190509	-897133.3394463034	-900193.668269848	-909281.2707292407
42907.78845241167	42885.431397648026	42826.62145723264	42728.52739773326	42586.41271168362	42393.593445749844	42141.51224363954	41819.73300876725	41415.86336716869	40915.68183417851	40302.77744727761	39559.30807722492	38665.54059115563	37600.61112898155	36343.09876798379	34872.72748835355	33172.199502970696	31231.965572504167	29057.25452510023	26680.030067942687	24169.41926973671	21598.68760729239	18949.05352327408	16190.040068725368	13308.825248359935	10297.344565317522	7149.415729275021	3859.705348928317	423.35731596929327	-3164.333703911827	-6908.008000127316	-10812.364322804846	-14882.233316101287	-19122.564995768786	-23538.562108824102	-28135.643829066554	-32919.4962558722	-37896.187380719006	-43072.02640322785	-48453.726864495984	-54048.406791056506	-59865.52268430509	-65909.32111578803	-72188.446742512	-78715.71233543698	-85499.0826522225	-92549.05676715865	-99876.89797082165	-107494.66236726829	-115415.58202003763	-123653.75191064889	-132224.3513345035	-141142.66457064066	-150432.15885443875	-160107.60602587432	-170190.41614440718	-180709.16860588492	-191688.92095809724	-203159.88373536838	-215156.01463150434	-227718.67377978528	-240886.02291842323	-254711.31293559057	-269253.1377389773	-284580.5283105591	-300775.784265994	-317938.4720604663	-336198.77107806626	-355691.25138529536	-376639.06830896466	-399308.0211472088	-424083.5944686464	-451546.7302290141	-482661.2006749772	-519280.2430232935	-566177.111073826	-653003.114230481	-673316.444561189	-685893.0143198711	-697616.2081138869	-709655.5762550246	-721292.224286739	-732690.8512795817	-743608.4050340801	-754607.1737720028	-765003.3782567945	-776250.1663275561	-787108.8524087623	-797121.6385660565	-806494.7135246282	-816284.0108277071	-828174.7052396748	-828731.457592133	-851490.1068250523	-858398.1416223221	-869104.0633868009	-873069.7569603932	-886986.9294509534	-895740.8380157221	-907506.177214517	-915837.3317844393
44909.563652069046	44887.11651549016	44828.51917432042	44731.112176912735	44590.595252509855	44400.98165885969	44154.50878335429	43841.75294157792	43451.721108811755	42971.13416067118	42385.53212208978	41678.33377878614	40831.782885121414	39826.23154909513	38641.95853899172	37257.428001939035	35654.67899279941	33818.161381613376	31741.06303753925	29431.679766599606	26925.128739291948	24291.36596490901	21598.693067651126	18825.386026948167	15941.43990388307	12933.902617717682	9794.539417480104	6516.904758580702	3095.2874974723345	-474.97849460572615	-4199.016096921336	-8081.694563141005	-12127.956112097207	-16342.812361896707	-20731.502528329336	-25299.4558001506	-30052.385155068856	-34996.25377008307	-40137.359520747545	-45484.610946031375	-51040.53757590143	-56814.94708980828	-62813.497370508354	-69049.08962616153	-75528.55209932843	-82261.52314297689	-89258.30942336892	-96529.97019291502	-104088.54573246435	-111946.73133884982	-120118.71130637388	-128619.23801511631	-137464.8429936719	-146673.16923194242	-156264.08129520144	-166259.02198701623	-176681.7225955122	-187558.25920567982	-198918.13561179678	-210794.27651073076	-223223.89221929098	-236249.3468153028	-249919.15538194275	-264289.6760870164	-279426.9556410294	-295409.3078814514	-312338.0588995026	-330309.0515622552	-349488.0807273322	-370056.1232318815	-392263.53333421313	-416458.91051215155	-443157.18138175184	-473183.816411687	-508056.9447292388	-551268.4833894381	-618149.4231455261	-669875.8688468954	-682786.7880396887	-695007.5786460566	-706652.2225934118	-718453.9651006754	-729795.4048154133	-740386.4111863018	-752034.7796007798	-762878.7765623168	-774213.2541767973	-784495.060272872	-795021.528118846	-805974.6964218854	-816279.0659606121	-825853.4938890259	-836330.7772105564	-843866.514809645	-856947.8154013813	-866061.3023911098	-874920.0376988461	-888998.9944067935	-895945.9359813661	-901533.7081147681	-908011.690699446
46992.4573367592	46970.063704383596	46911.627525857104	46814.84886820981	46675.76639248517	46488.96014896765	46247.4562782588	45942.6770095781	45564.48834446889	45101.23924367909	44539.490076327544	43864.32824992022	43058.9804351863	42106.211274900554	40986.41886479013	39680.64578219261	38167.72037718071	36432.644035376434	34460.46362415906	32247.09286963041	29804.34757254157	27169.645316899987	24413.34326939249	21598.688020103626	18701.60686387	15692.470937258215	12558.317751335944	9290.646686151074	5882.856626408251	2329.200137071668	-1375.6460061626276	-5237.039503903274	-9259.61454901818	-13448.717216454177	-17809.679307794715	-22347.954767417104	-27069.23993028594	-31982.114304412353	-37087.615739595014	-42394.95855376622	-47911.12652594985	-53640.87542336769	-59597.42546189486	-65786.29234960469	-72216.52951941208	-78897.57183621025	-85839.63710420662	-93053.52685991095	-100551.10153792765	-108344.91414506332	-116448.4652058204	-124876.89310129656	-133645.84402246267	-142772.89902151137	-152276.9826680291	-162179.43139249674	-172503.18361396727	-183273.9203513164	-194519.91773193807	-206273.21618607471	-218569.7703073136	-231450.39666412718	-244961.91403187497	-259158.29922254273	-274108.16141966364	-289869.71241422725	-306548.9999837297	-324249.8375645314	-343108.52487866953	-363299.2554870642	-385051.76398812723	-408681.46049811447	-434645.4258672078	-463655.6853279331	-496965.1045680977	-537210.0605634537	-593026.0928225347	-665807.7191575568	-679555.7547402065	-691737.6197664982	-703687.1694294477	-715335.4644194515	-726731.1651660905	-737664.079139442	-749234.8479016952	-760826.1535846635	-770346.9499910134	-782021.5666372313	-791937.5245455967	-802304.1988227919	-812191.5135533956	-823876.2013607551	-832486.4367708431	-841296.2826748821	-851709.9436030874	-864600.6957841867	-871310.9864953358	-884149.7726112863	-889716.2741861294	-890566.7540564043	-908344.4330524553
49155.17506665889	49132.83006552367	49074.682507003614	48978.327396158376	48840.50035242137	48656.24143147825	48419.02117967062	48121.22246310209	47753.62769379884	47305.527898110486	46764.78245291852	46117.90102002385	45349.28578209597	44443.14657534484	43380.96456584345	42144.6625245748	40715.668993312145	39074.926600281346	37206.744081399105	35099.0308587603	32750.762844202924	30175.28096932784	27413.63759446654	24535.47311975489	21598.699102743594	18577.75085582205	15443.092411924059	12182.23822407424	8785.917401125698	5247.505340447755	1561.0155053705384	-2279.073766462083	-6278.1169639002765	-10441.436804739475	-14774.423237721901	-19285.865868195353	-23974.95200407419	-28850.954076705784	-33920.0724271415	-39185.83375862174	-44661.241371225915	-50350.583234849764	-56261.63117503586	-62402.64561423514	-68782.34273315751	-75410.03175858152	-82295.87930559684	-89450.44530500578	-96885.3838130392	-104613.01019479937	-112646.53769382514	-121000.84813680174	-129691.19976683595	-138734.79679961098	-148150.27794694176	-157957.90648025105	-168180.5221833816	-178842.98856763248	-189972.67170286344	-201600.5601540471	-213761.4896421656	-226494.76375651648	-239845.41584624368	-253870.81578109047	-268614.4960917291	-284164.24282709655	-300599.3416298225	-318022.7144378444	-336561.79598346073	-356378.2517760433	-377683.2019373866	-400762.0288373365	-426021.28591144725	-454077.6525240035	-485974.8883556302	-523752.3762274498	-572960.4794185583	-659586.8097382251	-676046.459009812	-688518.5412494752	-700472.886616125	-711965.8680245858	-723582.4788673022	-734946.5826062248	-746395.753164618	-757535.8485845469	-768892.7029255168	-778761.0895737149	-789908.0521149626	-800478.3817533748	-811896.9298453522	-821956.3588361926	-830702.066764028	-840637.0795054401	-850462.7147417455	-858953.7101483752	-869274.7145521957	-874987.3621975437	-883905.8029195243	-898996.0656901132	-903283.4037764184
51395.765391832974	51373.91081321244	51315.80320397165	51220.067811133544	51083.35885519986	50901.28910143653	50667.99053631895	50376.40512311265	50018.20109590429	49583.45726751492	49061.40105785034	48439.286707377156	47703.39198544767	46838.28092997407	45828.141820838944	44654.78029174553	43300.52862804335	41747.41982624728	39977.4738243943	37976.38806038721	35734.227574700664	33251.51048748424	30545.29692995997	27657.383612255748	24657.506356137674	21598.703977857767	18453.70310299928	15193.682813615007	11805.429776726825	8280.12843660223	4610.549429806011	787.8146759486626	-3188.3684372880234	-7326.211132929115	-11631.27852700952	-16109.159098298449	-20765.784542635287	-25606.995587684658	-30635.26105824826	-35864.74071966752	-41298.818882865016	-46944.14687727179	-52808.69899185753	-58900.575984338386	-65228.56637761844	-71801.74286637518	-78630.0016150116	-85723.79991158438	-93094.51272810629	-100754.352301348	-108716.34599303658	-116994.64158402273	-125604.57202080707	-134562.8068401959	-143887.52805754406	-153598.6452185008	-163717.87137192235	-174269.71893808976	-185281.0608589248	-196781.33836942338	-208804.34002201632	-221392.96474286338	-234575.6862638722	-248416.86083355325	-262969.07969649637	-278300.0316890882	-294490.0048416867	-311635.80604122125	-329856.8454974723	-349302.9674658764	-370168.00837391615	-392710.72717893816	-417293.5306509734	-444452.5805848993	-475064.5416146002	-510739.3818904701	-555309.5844198326	-627625.7285259208	-672241.0574663898	-685147.7388052808	-697076.6801663621	-709008.3729845746	-720292.1554423943	-731771.0714432318	-743687.8861523517	-754327.635023644	-765427.912762705	-775562.2110670388	-786799.8109212122	-796743.0071182954	-806843.4316442851	-817303.8646534749	-827949.3881986132	-837407.5373039478	-848111.5458996275	-857563.144520845	-865453.5522458972	-877909.712944719	-884904.415197761	-897729.7479122735	-906922.2539909873
53714.0548176032	53691.734161019165	53633.81185138134	53538.51711272951	53402.86719855921	53222.74731750584	52992.8169666801	52706.80171757681	52356.83286967946	51934.29441211905	51428.235318047424	50829.40277101182	50121.782732357686	49293.7158767791	48329.585501296046	47212.712722159005	45927.36881684039	44452.84985116359	42775.690460163154	40875.32030124397	38741.87870661671	36366.323718928965	33750.05905533194	30913.68863564636	27900.01292061174	24780.65698597233	21598.709037386892	18329.741239757648	14944.068909780271	11428.429593438279	7771.0468465954655	3969.6207047887874	15.515450951643288	-4097.271995473493	-8374.5685295956	-12822.178261910922	-17445.986084873555	-22247.78857683885	-27242.25771664831	-32439.581639705284	-37823.184195373906	-43423.985234270265	-49241.07419655222	-55282.90504946488	-61558.04484672274	-68075.43066572194	-74844.8387620628	-81876.52949392094	-89181.73758995309	-96772.3114411523	-104661.07649351572	-112861.81119284034	-121389.63655808309	-130260.76071581276	-139492.91456822035	-149105.48499553543	-159119.75305060946	-169559.18006435837	-180449.58648145912	-191820.50561227367	-203708.74713420394	-216135.8442449082	-229158.53551026346	-242819.35066151392	-257173.21188184136	-272284.35982138483	-288228.76603824244	-305097.6385714921	-323002.5325087631	-342082.5303529231	-362515.6706729286	-384537.0211476674	-408470.1867934992	-434785.123079697	-464218.64471147844	-498067.3194328687	-539105.432358009	-596699.5632351567	-667793.3049086344	-681386.3875593394	-693737.1175282709	-705521.4431995524	-717383.5865170201	-728699.9936523768	-740652.0206974854	-751110.7261926592	-761705.3843555043	-773644.918638136	-783771.2444411165	-795354.7144558681	-806436.6950164135	-815711.0256401338	-825397.7125032253	-835592.3546278521	-843755.9632169614	-855554.9381385404	-862789.1727737584	-873956.3510721491	-877803.5337069158	-905394.7789534773	-899126.2989960727
56107.0196496241	56084.73173752066	56026.96608790476	55932.09107853413	55797.37449542324	55619.057663827596	55392.316850845105	55111.23173767589	54768.83041329859	54356.805768309714	53866.05204595924	53285.95479187334	52604.862941893465	51809.74400300949	50888.493292832245	49821.066823444264	48595.97584676437	47196.18312001188	45602.02247387782	43798.16273668566	41769.18678903834	39503.22916834694	36994.19791306856	34246.41116659455	31280.954148489873	28142.93248579416	24902.72109197901	21598.714279664542	18205.731846908224	14694.289066301	11048.47150563911	7263.502696546053	3333.4467511565454	-754.8936687727546	-5004.702933958557	-9422.10070007611	-14012.672594895674	-18783.253560639976	-23749.176472816456	-28888.87729426747	-34237.26913861807	-39792.150093997334	-45561.00986161106	-51551.83607916719	-57773.43813142151	-64234.0202078852	-70943.40253057652	-77911.79867072195	-85150.14576073643	-92670.07644084809	-100484.1894170162	-108606.0107885857	-117050.13353757275	-125832.54753970416	-134970.45902504877	-144482.78694758264	-154390.19259378762	-164715.47485678023	-175483.71042199986	-186728.1655106057	-198464.62209246584	-210743.5739942881	-223599.8703698144	-237078.9936151894	-251233.3572493025	-266124.06886307854	-281822.85508035304	-298415.69523150404	-316006.8591856142	-334725.527464475	-354735.23914773663	-376249.7332999071	-399558.75143725437	-425074.41197951464	-453420.74263427284	-485663.672828494	-523872.7166806142	-573717.0052544717	-661104.8716671527	-677514.337332113	-690012.1531205727	-701838.108369529	-713899.3319735432	-725413.9150902049	-737217.2885870489	-748215.9597996054	-758635.7101551949	-770298.6785627874	-780441.5045612683	-791312.7671777585	-800977.7713287827	-812245.8028089735	-822131.5935908675	-832151.1648810753	-844188.2689488179	-850643.199452536	-862568.963075177	-869100.3508212841	-880265.5554380405	-886878.0238870273	-895690.7960990393
58573.162255992924	58551.23431771525	58493.61505283619	58399.12857268451	58265.03633796099	58088.66533420941	57864.695973478025	57588.10545898848	57252.39913934647	56850.02501728306	56372.54979962106	55810.268971866855	55152.65638969839	54387.17714693685	53501.778237022	52481.402671844844	51312.04596218722	49976.79091013788	48461.176251592195	46745.91363176873	44816.59950257841	42658.24050207504	40260.81337277902	37619.42366137116	34740.56501226306	31647.06070967744	28385.41547748669	25024.38099394024	21601.8533925238	18081.655737099987	14442.22668645921	10673.015121521923	6758.528645049788	2692.9733849241966	-1530.4365312746522	-5918.149278128265	-10487.082056370782	-15222.31901023208	-20130.18288033633	-25238.138467443467	-30543.05909946689	-36051.754795022716	-41771.696693946724	-47710.69929721215	-53877.18701795701	-60280.29284432964	-66928.66422706783	-73832.6627264763	-81002.92926927378	-88451.06955591022	-96189.23396342728	-104230.72230821813	-112589.84187538933	-121282.09141086688	-130324.25094125728	-139734.80835085313	-149533.76382399985	-159743.268620062	-170393.17445624396	-181493.9920454557	-193092.23367696189	-205216.8643292088	-217905.48018205084	-231201.88893258682	-245156.05009696394	-259825.90278705664	-275279.5086256514	-291597.71855627577	-308877.9554378394	-327240.2441015526	-346835.16045609774	-367857.1803024072	-390570.29049981275	-415325.05927512835	-442668.3803732194	-473476.10441143723	-509339.9016425161	-554031.2913556085	-625298.5901666014	-673244.1623174667	-686244.2924418857	-698283.8981663289	-710150.0161714	-721450.3375990025	-733308.2096595967	-745008.6626824639	-755664.17705377	-766073.7281340209	-777618.6674041303	-788239.806876373	-799204.6795348914	-808964.0075356127	-819064.8430522298	-828903.1194345604	-839109.4695818049	-851786.9430644684	-857634.4512681826	-870215.973281356	-877390.898177621	-891076.4905458279	-895188.6202809673
61111.85150096494	61089.54311977464	61032.03854380561	60937.91532744307	60804.74810446588	60629.77733343643	60408.32755911382	60135.8097292164	59806.3736649525	59412.54865043696	58947.12342013625	58400.4745968729	57763.844702901966	57025.60770092055	56173.45108471866	55194.66874814892	54075.32001363836	52800.6178663287	51354.702780941894	49721.62060632951	47885.3813356564	45830.01208059668	43542.610606684175	41014.38114014298	38241.6651735365	35232.60061520678	32012.062372950546	28627.466803798052	25143.767564265363	21598.725308518355	17957.553343797525	14194.071975954503	10294.709506523854	6239.190030860787	2039.9585040264574	-2307.7841392512273	-6834.088464083019	-11534.145160893866	-16414.576633584336	-21481.92670003556	-26743.074928298418	-32205.160110042212	-37875.60143439814	-43761.82852527713	-49872.80209246265	-56216.86266335874	-62803.66059485897	-69642.24240991443	-76743.42975940893	-84118.54055453518	-91779.58694336354	-99739.522260419	-108012.40317948803	-116612.61915347073	-125557.75900443888	-134865.11261524586	-144554.8060200074	-154652.89255570242	-165166.29359379734	-176138.37897231473	-187592.40421653708	-199561.05873221817	-212080.9276674673	-225193.96268533624	-238959.06010222342	-253396.64059924486	-268605.7529355416	-284650.9831276877	-301623.545730091	-319634.8532843382	-338823.56928213517	-359367.0665632316	-381499.13204751763	-405539.9871574161	-431954.06292898394	-461459.0336589374	-495335.8749399434	-536224.0161694768	-592699.0091594472	-668188.2279868135	-682094.4026084275	-694418.7409662136	-706350.5663153664	-718270.1103396153	-729595.3140726471	-741538.5109801439	-752026.7080914469	-762661.8243761188	-775086.3660658181	-784986.6413948943	-795776.6144709433	-806377.3926109006	-817237.6292716153	-826341.0714731847	-837595.2060143081	-845545.3343436152	-857216.9594022413	-864329.7828102282	-875814.8971293494	-883284.1540244871	-896675.027562479
63720.013641510086	63697.878166153314	63640.54398893414	63546.80138223691	63414.288019462976	63240.81948575872	63021.71494241626	62752.997815685616	62427.85754751644	62043.061506023354	61588.634981763964	61056.87028735335	60438.59089742941	59724.42079399983	58902.781312527935	57963.07833787688	56887.73191411478	55667.566416252135	54286.30410341576	52727.49605669143	50977.72437403718	49018.35140130142	46838.4491573046	44422.38189984009	41763.83607242154	38860.53452529223	35722.73729193098	32376.124116094463	28869.180485303143	25265.675466663903	21598.731094615498	17832.037022392688	13943.684006506053	9915.888768162142	5740.102329195644	1408.253450912649	-3086.9464676220596	-7752.462702310688	-12595.047528696858	-17621.583327508364	-22838.833084186394	-28254.003208107053	-33874.52938450429	-39708.14189507929	-45763.00428020762	-52047.70769059379	-58570.95516341287	-65343.65452420854	-72374.8618610068	-79675.99686037097	-87258.86668757116	-95136.1547716952	-103321.49656948622	-111829.66452878981	-120675.96396460489	-129878.9938510409	-139463.01121606465	-149431.02809185954	-159823.64571878238	-170660.30078539098	-181968.96746378555	-193780.8850761061	-206132.23308050414	-219060.10426239617	-232612.87568882003	-246841.60659060185	-261808.42921035056	-277582.75960634084	-294251.0718529013	-311916.93918643094	-330708.20392544667	-350786.8148128328	-372363.2110451636	-395722.1357474345	-421265.4591142744	-449596.6173943618	-481745.041613268	-519649.1504431746	-568411.3467362614	-658408.2764046129	-677746.2612581493	-690410.1070913246	-702489.4376844326	-714105.8979973886	-725900.9162528263	-737730.5067221771	-748856.5749711697	-759297.1521096556	-770737.4744021317	-781394.5773649481	-791780.5605477206	-801876.851914197	-812223.0128076444	-823236.834195561	-832676.0792313002	-843705.569160247	-852218.5566697924	-863555.7515801517	-872414.9080885407	-881721.776625697	-888438.0987293967
66396.73453826741	66374.55560932116	66317.35887126913	66223.95244606004	66092.3014060296	65919.86384852117	65703.24785235297	65437.768266676314	65117.9767340505	64739.7125833364	64295.57208536673	63776.76535074061	63176.00818261229	62483.0772372862	61689.50835311137	60782.46672572226	59750.585365728686	58579.73433369076	57257.44606339008	55767.8589399758	54096.6636756048	52228.085607547415	50145.71780873745	47841.11502005893	45297.841917039135	42509.40170050644	39476.87688194532	36210.994747625606	32739.26022875376	29110.804668891265	24657.157687146522	20912.676723661243	17707.72088209483	13693.128978066285	9536.68244556457	5229.751830217072	764.0568121835095	-3867.899219133382	-8673.303726018756	-13659.179636628069	-18832.62830655939	-24200.876416991785	-29771.241952461947	-35551.53846293385	-41549.772767528586	-47774.52399167995	-54234.761214401195	-60940.01218302145	-67900.39305707844	-75126.68358201563	-82630.49767424964	-90424.22456315573	-98521.1141512011	-106935.60578415761	-115683.16192829108	-124780.1812938952	-134252.9298063001	-144100.84901893805	-154366.1413967671	-165066.28487132513	-176228.70377104054	-187894.82725801872	-200063.77868420366	-212808.32809339446	-226160.23638201598	-240169.37115995743	-254894.19219999522	-270399.9363935051	-286767.7358529301	-304093.8311377375	-322496.3329280789	-342123.2091874257	-363164.72912488476	-385873.7335539305	-410601.6588421858	-437865.3026789541	-468486.4848337939	-503952.70084542333	-547615.4147507732	-612840.0321155377	-672899.4486706245	-686165.8214517552	-698338.6955957455	-710241.4648202863	-721901.5492748648	-733236.7103353743	-745344.9138807119	-755998.1697801284	-766525.6664653954	-777987.5376917485	-788646.5074299604	-799955.7164028168	-809751.0572084368	-820185.207415085	-829981.9799652831	-839559.5196905399	-850144.2892374462	-853977.6826145116	-868698.9768143473	-878419.0929363475	-888012.9093246404
69139.76067615076	69117.6184171275	69060.63348618249	68967.52000522267	68836.61357483678	68665.12029172189	68450.7375197078	68188.31715306191	67873.37061890448	67502.17599455047	67066.32393808803	66559.60255206801	65974.8505988032	65301.23684868461	64533.647676403554	63657.39567440691	62662.389559596086	61537.73780485647	60268.65130919208	58842.44824345453	57243.620378285916	55459.90104339383	53474.06561602859	51269.913359363396	48839.13757609056	46168.64621554621	43251.74626232315	40091.24598070319	36697.5822439416	33101.590598853065	29352.28530654822	25509.672053602175	21598.74321404838	17584.975477604872	13442.3612156651	9156.987127429413	4718.599916908439	118.65339877047518	-4650.5990361750155	-9596.564820940926	-14726.54452618616	-20047.865067918887	-25567.99945394897	-31294.82602111304	-37236.17079269128	-43400.51451623904	-49796.81161764701	-56434.41913988961	-63323.29259254306	-70474.05219348805	-77897.97418672731	-85607.2710926884	-93614.84634012848	-101934.76694529393	-110582.13316179515	-119573.47481505494	-128933.48046715985	-138660.30649638933	-148797.27254091259	-159371.64384525354	-170375.9251862269	-181872.6354468427	-193882.92983424815	-206443.21034179407	-219594.82539806142	-233385.01647985965	-247868.26430230477	-263109.2162920414	-279180.3538510905	-296172.5142448459	-314194.86012446036	-333382.82342254755	-353908.74205067626	-375998.2971882824	-399959.58916013775	-426234.51069594326	-455500.50228881073	-488916.64258466783	-528830.5063190979	-582068.4741518495	-666629.5551870624	-681626.0043324062	-694100.0960047485	-706032.2468422481	-717846.3202968293	-729446.4877418601	-741037.788117118	-752197.0059014696	-762768.5716803547	-774934.6454935214	-785076.7113261817	-796121.4239592254	-806633.4476427059	-817430.570595545	-826695.7527085412	-837567.2138930149	-846051.9624745408	-857558.5814528742	-865334.2137967348	-875129.1188753708	-883366.6043773778
71947.29914140663	71925.21603210166	71868.39394724224	71775.66590260339	71645.46888568492	71475.11740903865	71262.47342232223	71002.99769622608	70692.53703234575	70326.17583214199	69899.13202801908	69404.90212683825	68833.82999955959	68178.97113365888	67433.68045693169	66586.7705592149	65625.87017384954	64541.68248570849	63322.606547117095	61954.063674856545	60423.291423413866	58715.672916313655	56817.21177745009	54712.50710180415	52385.773882195426	49832.87058681654	47034.53416490904	43990.268386365984	40701.77876729711	37182.362465427526	33463.08183342627	29593.00586215908	25631.803029605733	21598.74627952771	17460.745840689866	13191.381684383043	8776.888091641042	4206.650959489489	-527.987739513308	-5435.086146190806	-10522.277864564996	-15797.115899288052	-21267.223096906004	-26940.35324478554	-32824.750449068844	-38928.440404409426	-45260.43117046109	-51829.93755753034	-58646.7579376387	-65721.33444549788	-73064.74424247228	-80688.87909456663	-88606.46321230786	-96831.01402044081	-105377.47134902733	-114245.41348394862	-123501.13248843176	-133152.00328718295	-143122.81036195188	-153548.39458777342	-164415.79688727824	-175754.35160675558	-187594.18044147512	-199970.42766177488	-212922.32941965654	-226494.74497961695	-240739.31902722898	-255715.70458624756	-271495.60102568404	-288159.73541043856	-305810.429305993	-324571.8693753032	-344600.5132141512	-366098.65107247746	-389336.9636876185	-414696.66632559086	-442742.80169132096	-474396.93542746146	-511378.34926555137	-557828.788314499	-635620.4425598569	-676708.7823699152	-689607.2327278245	-701636.1912791915	-713860.9939332677	-725300.1499288485	-736474.3239043611	-748179.3624599855	-759347.3656006353	-771303.877902667	-780844.4412199019	-791974.8037155306	-801642.1934602065	-812255.6346707211	-823129.529593776	-832680.8864878945	-844589.3134222925	-852147.7820533365	-863492.5883548697	-872443.7905569393	-881935.2745055344
74817.58035477102	74795.58584429698	74738.85285249207	74646.53491653924	74516.6266080085	74347.62020522833	74136.61875652114	73880.24455186754	73574.81505077428	73213.11719674032	72794.23077825067	72308.88271443192	71751.44992104347	71113.88267394355	70387.3664484434	69566.65117047286	68638.72969115496	67592.94728896665	66418.5019964586	65103.68997978156	63635.30145598088	62004.43038098757	60178.65638241512	58171.81882272111	55945.829367951796	53500.79689810845	50820.417791489424	47896.463795007825	44725.363768954914	41310.13937105311	37665.73619173123	33823.81477753046	29833.876994852013	25752.986044501013	21598.752915133184	17336.05927507837	12940.359496652047	8396.38411756538	3693.982078433881	-1175.8435510771087	-6221.335692910128	-11450.439589999238	-16870.86790390183	-22490.670467382224	-28317.895146747396	-34360.90660161158	-40628.441711945154	-47113.37505262568	-53857.538475927184	-60871.84435121408	-68134.23195408031	-75672.66390866606	-83499.52974946608	-91628.24377199856	-100073.12254114271	-108849.71036337299	-117995.20952240721	-127466.8006309541	-137345.65726241173	-147633.1655831624	-158353.78820779832	-169534.26717318333	-181204.09572780327	-193396.77149409457	-206148.4703262599	-219504.45982749813	-233512.24753564107	-248228.40707637696	-263718.38294853334	-280061.9180072905	-297349.31932698836	-315696.20883822266	-335244.89078953775	-356177.1070758358	-378732.26924949134	-403241.1511091496	-430179.1532085011	-460292.60503236257	-494883.15781194885	-536705.0863283386	-594732.2546428267	-670962.5196322047	-684928.0708275817	-697364.4344773858	-709319.6329150933	-720819.0929787518	-732767.2303365842	-743573.7428780973	-755295.6516241445	-767066.7133164955	-776770.5630601963	-788196.9817310944	-798611.9333512718	-808749.5436320093	-819449.1647955417	-829747.2952179539	-839201.917433843	-850231.9922661143	-858237.0627512885	-868578.7428088705	-877844.7432643571
77748.58748769473	77726.63001775279	77670.05489843882	77578.20280309429	77448.80897871683	77280.99509962059	77071.72145253135	76817.71959244978	76514.9854008252	76159.65550432952	75747.57823314265	75272.18223359724	74727.87984607992	74104.99764200777	73401.89931003746	72601.37363993238	71701.85011094398	70691.01159799834	69558.00874069276	68292.1088182551	66880.20876938237	65311.03006767403	63569.202616474264	61641.47845746274	59515.0707825559	57174.485536345965	54607.01958146925	51803.68445673142	48754.19005341228	45456.50177450249	41916.106423222256	38147.58031158503	34183.840077613015	30074.413946145476	25874.895648809943	21598.759725217737	17212.02682862924	12688.916690191472	8015.275967254078	3180.498534068931	-1824.9047320702957	-7009.354177218513	-12381.01617596588	-17947.859251647693	-23718.268193279597	-29700.558389737984	-35903.494710780156	-42336.007047545994	-49007.87105279435	-55928.86598003561	-63109.76020800916	-70562.11456214837	-78328.95101530626	-86330.1706027759	-94672.99806700196	-103353.27982592006	-112361.88757355174	-121721.9078565515	-131471.09166779043	-141620.47173265016	-152193.21982150423	-163215.3789459836	-174715.33556755324	-186725.10999479517	-199280.2226400957	-212421.19868219778	-226193.15515049134	-240651.80827192316	-255857.89223544666	-271891.0530007835	-288817.5318810162	-306761.43008208234	-325846.552968808	-346236.6713563359	-368144.49620201887	-391857.738869208	-417783.0987541646	-446530.7161984574	-479113.60585713206	-517476.17218146083	-566600.4934892568	-657939.4505371926	-679890.0781222526	-692671.6627452706	-704664.5934472394	-716928.4726193906	-728285.8657940105	-739627.6939018155	-750852.5440072415	-762872.5928040231	-772752.1256278462	-784031.608711283	-795505.413206392	-806909.7967366097	-816758.8719546506	-826229.6079618479	-837648.2021049091	-845269.5507680285	-857494.1649185738	-865202.7010532827	-874932.1281061533
80738.37627176629	80716.40435527592	80659.97822287337	80567.9575714174	80439.86185220772	80272.98516974802	80065.60058214763	79813.53321413914	79512.68900293633	79164.33057038486	78759.07109358856	78288.15242422363	77757.56711924484	77150.64328843064	76462.727419104	75687.08828912667	74812.65504921057	73835.43095970417	72741.18898596475	71519.81412063721	70160.80608459574	68652.2863093662	66978.10726155393	65131.991506327955	63094.70046133979	60854.245190959984	58396.020885064965	55707.47364465303	52781.21181240903	49609.7409082221	46185.515800711364	42519.763314294105	38627.98918612243	34543.26300653929	30314.68990359237	25996.09519326802	21598.766716764316	17087.611386076336	12437.41900331118	7633.919541858151	2666.173335246356	-2475.1691998140304	-7799.153334513147	-13313.909985289589	-19028.057708798427	-24949.988316636154	-31088.419400778075	-37452.51255924466	-44051.46207177028	-50895.48316189788	-57994.821186880145	-65360.58411940138	-73004.99958718257	-80940.59720174695	-89193.58506146958	-97740.9670640956	-106647.1555115273	-115884.25864485753	-125503.52200702118	-135514.5769115208	-145939.7051242786	-156803.88756927193	-168134.41597339336	-179961.7665725774	-192320.26687331576	-205248.1270030369	-218789.09595869976	-232992.18574208737	-247925.50760509714	-263635.67170769436	-280220.85798096913	-297772.8893895997	-316409.95545506885	-336280.14831777936	-357573.51133019634	-380541.2577867908	-405533.41161225474	-433056.61023779464	-463915.91268295	-499544.1461878408	-543086.0271064129	-605986.2886930318	-674190.7708477792	-687790.5423032483	-700197.2929736665	-712073.8275379126	-723651.3245191718	-735496.7693856086	-746999.0312079214	-757946.4340932902	-768670.437867274	-780405.8752542981	-791012.4282460962	-801423.583109922	-812431.414103207	-822092.6969685273	-832297.0513974258	-843939.996241872	-851112.9704150069	-864186.557814846	-871849.0198341093
83784.81010551375	83762.89585860248	83706.65056377577	83615.07799012249	83487.44832453137	83321.77402308669	83114.42347325911	82865.98691855	82570.85692536786	82225.25520425173	81824.77051505749	81366.10546137673	80843.05253718386	80248.82833879383	79577.6134302384	78820.69543200832	77974.09341400024	77024.7252246069	75966.32909728226	74786.65305777884	73475.76679887934	72024.47137950754	70416.72529682105	68642.28504824679	66688.84131427507	64540.89495477679	62185.26108134542	59610.53271311638	56804.74575198547	53754.617370185515	50456.845623465924	46910.18273116675	43121.51767555033	39107.04558222305	34901.930227690216	30554.842427046962	26117.47009366314	21598.777148673842	16963.151939042422	12185.73345196883	7252.138693105895	2151.197247492746	-3126.6386029782734	-8590.683638732327	-14249.457653547113	-20111.496787093187	-26185.867626702733	-32481.637964542315	-39007.93568313333	-45774.67695676276	-52792.26943670769	-60071.64664966622	-67624.5957431978	-75463.20301262964	-83614.46008786664	-92052.28923574818	-100832.42815392514	-109958.09112743151	-119447.436443193	-129320.24146532454	-139598.01383655285	-150304.5216907112	-161466.2376725985	-173112.2048725494	-185275.2329434175	-197991.61159682838	-211302.9996503989	-225262.13792964135	-239907.2116442407	-255318.30597033288	-271564.8117069839	-288735.59935831546	-306939.3492123491	-326310.254072329	-347017.7334109204	-369285.22550030804	-393413.36823450465	-419828.5092579956	-449181.9227723509	-482564.2572246574	-522119.76513421006	-573635.3582974777	-665350.6475906945	-682522.2005998676	-695208.0032245668	-707357.3931672738	-718957.6989629811	-730859.5194582581	-742662.9050495245	-753617.2931170813	-764364.8202682573	-776483.1993443151	-786768.1344719001	-796840.9459122997	-807216.3671479356	-817874.1660975367	-828604.6766459497	-837926.6868452833	-850769.5233103398	-857376.5675676954	-868218.3793298695
86885.8988876248	86864.04034054918	86807.95459107045	86716.7859160949	86588.90292358093	86425.00345725089	86219.99991936071	85973.4155111585	85681.63471481414	85339.51467675251	84945.93823387986	84494.32623320374	83975.4104167373	83399.74364595453	82743.15766719311	82008.1410465482	81182.90345992548	80260.72149446957	79234.26845564156	78093.09141316052	76826.81086532383	75426.5595414982	73881.07944081564	72174.4077108161	70297.67931477388	68244.00553303739	65982.71360314528	63510.51847667007	60819.21236559986	57893.47398636516	54723.04824637242	51303.36051566612	47632.20201951943	43720.49751172591	39584.78039428672	35260.0500482951	30794.850296797893	26238.723717843903	21598.7729375551	16838.6492596724	11933.867838842227	6869.904970217845	1635.4642730617488	-3779.466248544908	-9383.977342069193	-15187.308549209076	-21198.10518612161	-27425.84004694475	-33879.96233937904	-40599.67143797786	-47505.71848644517	-54698.53782907108	-62159.574009504984	-69901.40112047971	-77950.91746055242	-86279.23489549471	-94944.14004370425	-103947.60549869237	-113307.11143520568	-123041.84507040138	-133172.49035708324	-143722.1014482134	-154715.6493531834	-166181.32837825012	-178150.13242210733	-190662.3970090968	-203746.8509512542	-217447.53879476048	-231827.16372755863	-246939.4598260256	-262854.37846149696	-279654.48914950184	-297438.91465175885	-316329.7408851713	-336479.7588266597	-358085.2035975075	-381408.47185446176	-406813.77584406955	-434833.07685924077	-466319.6106500704	-502813.77123791835	-547796.0506911285	-615207.4067990133	-676725.2423672546	-690038.9325806061	-702483.3179735993	-714299.037043287	-726420.5956171155	-737450.8950033509	-749006.5729644981	-760435.6557675267	-772262.5461621548	-782338.6463969182	-792875.5136943217	-803298.8356564608	-813676.6400230101	-824813.462683762	-834827.308044465	-843734.0760366067	-856048.117862545	-864027.6812725055
90039.56786660281	90017.88829103729	89961.7437096814	89871.13291352207	89745.4719732099	89581.2276538219	89377.63469373983	89132.86269849094	88843.24682201806	88505.92834588882	88117.5632307451	87672.14041237628	87168.46128233393	86598.30628718446	85956.96741649737	85237.15760579647	84430.2961981648	83539.67845712136	82542.38241780664	81437.10033365904	80216.62021296538	78862.03058454941	77370.66524664797	75729.86346236081	73927.78275955579	71946.99766253066	69780.24798347871	67412.53950838107	64829.912778013	62021.15347465431	58977.376974345105	55686.04529569844	52144.712076412216	48351.36422980271	44317.72863330126	40061.342588595035	35617.547896454926	31034.595013830098	26360.193065001396	21598.7799603088	16714.078616801336	11681.822157375747	6487.316019726684	1118.9736350854364	-4433.362396772864	-10179.137024982585	-16127.59653064527	-22287.917215003603	-28669.956116009824	-35313.88934614643	-42138.05056804081	-49244.60172050506	-56614.25087363404	-64258.86234241363	-72206.73304286331	-80425.68494361127	-88975.49793252669	-97871.19285754333	-107086.80002848571	-116683.78342662452	-126667.81904647709	-137061.04808086308	-147887.57288826373	-159179.2242808339	-170955.76271260437	-183249.80008379917	-196109.3599456665	-209571.53255999653	-223684.57821852068	-238504.20711335138	-254095.04453732405	-270533.99533655157	-287912.22122234263	-306341.20513361186	-325958.12496177334	-346937.64222944767	-369509.8392468303	-393986.72056631447	-420810.3302626069	-450662.1728030041	-484693.0339615028	-525202.0775270239	-578637.3833855265	-668710.7350318269	-684652.5822586794	-697323.0384412559	-709495.6375056435	-721589.0832841799	-732967.7772442973	-744292.543568979	-755867.9416153547	-767843.3356232287	-777490.6021390071	-789029.8846891292	-799908.3505167242	-810313.1116655886	-821152.076268486	-831330.8733809527	-841386.1623712869	-850014.7738144067	-861099.3897918977
93243.70054272685	93222.0044073023	93166.40663503682	93075.8916000074	92951.42114562365	92787.44264099926	92585.06707481199	92342.30613193919	92055.81762508389	91722.65992636268	91340.77974245831	90901.1016664988	90404.53807243222	89847.5340553408	89218.03260026562	88514.92695533612	87733.42847105155	86867.74449483308	85892.93957345752	84825.54685206946	83637.64886193124	82332.0686973745	80890.50217736601	79309.73103811486	77572.31479945875	75647.88317611301	73588.60720388671	71312.97520324626	68838.13373290043	66141.43342277737	63220.59763099806	60056.70986764118	56645.13835585873	52981.28334862366	49071.73737564549	44912.94745191336	40536.6624286833	35974.48809493531	31274.168085039113	26481.557884616414	21598.787206756388	16589.49748011829	11429.623833062738	6104.284237894288	601.7513950191351	-5088.4174727339705	-10975.941539419713	-17070.278324551313	-23380.93825231507	-29948.8131139506	-36692.22489103358	-43712.796903751296	-50991.34347295982	-58539.47700620518	-66369.65357827576	-74495.13695807767	-82930.06284987877	-91689.90453493845	-100790.61449639345	-110250.34868929553	-120088.40108631618	-130326.01806773167	-140991.55406340247	-152100.55070134765	-163680.51155221858	-175774.3901514012	-188412.30566740112	-201633.85653444642	-215484.7269080683	-230017.17367087648	-245291.69530285976	-261379.1920889591	-278363.67413894547	-296347.040679626	-315454.0831754462	-335840.62763695075	-357707.5173486828	-381326.39002185484	-407068.2834554257	-435486.9408071155	-467468.49679473374	-504629.3407751228	-550688.2609603018	-621580.4506468605	-678657.2539552257	-691988.4210737096	-704274.6027874281	-716476.4773005978	-727933.0126151019	-739874.7003709392	-751345.0702549655	-762286.6450487585	-772888.5419307451	-784518.4544325881	-795637.8219406558	-807353.4396363508	-817506.6837297776	-826762.3446782557	-837510.2400163827	-846727.268267299	-856604.5781983675
96496.14929351941	96474.54654498454	96418.8886625941	96329.13683463188	96204.34620650072	96042.21977603983	95841.5300210289	95600.39576354288	95317.43579613732	94988.2269994384	94608.91627748622	94177.38750696235	93689.91412474138	93138.81784120451	92526.17545258213	91838.14713892806	91071.20010236828	90224.5508210222	89282.96565265514	88242.21990752395	87094.39784911016	85830.22749989913	84436.70267254631	82912.2986963911	81237.53771569749	79406.02004338498	77403.51344127627	75221.70940464168	72840.94590901196	70255.02160823536	67446.70336577325	64410.39061209259	61126.8799753662	57598.56807289912	53816.42032964783	49780.94714675743	45506.32886163008	41010.96579302962	36330.89516530434	31513.639919116802	26602.863052400957	21598.794711768765	16464.90401051665	11177.200101808397	5720.842936051122	83.74366979219485	-5744.660556872768	-11774.462594360666	-18015.138603846804	-24477.168862021703	-31171.056271426845	-38106.22943254477	-45294.048706464964	-52745.960890876566	-60474.18910914828	-68508.44045989442	-76812.073524128	-85450.38582878094	-94439.72876819159	-103745.69145986508	-113438.49206126173	-123521.47585701564	-134022.30762603768	-144949.1792931447	-156345.66207273182	-168236.17793059294	-180655.00794520328	-193639.42956581287	-207232.5643233754	-221483.41903749155	-236448.5372928158	-252193.7782700365	-268796.86690962384	-286350.4923064035	-304968.26575516636	-324790.5591433525	-345993.5105680091	-368814.78461325896	-393571.3917505828	-420716.72826387157	-450951.22745663364	-485463.72259839735	-526648.626774986	-581359.9437050035	-670740.1280229485	-686297.9938504414	-698940.9579080713	-711117.392657984	-722743.4059613096	-734838.3671324246	-745923.4067297112	-757628.3118085486	-768458.6407346146	-780375.0510995723	-790582.4530327858	-802114.428380817	-812952.7875910671	-822288.0233589597	-832424.6784853693	-843675.6159274981	-851853.2840795731
99794.76426306208	99773.22956518646	99717.86989919677	99628.35751793586	99503.91100889735	99343.09212444285	99144.17291851564	98905.08019837721	98624.2419521105	98298.93726735776	97923.62880439754	97499.64910660363	97018.15155900962	96478.04253593064	95877.5347880412	95203.79433192911	94455.98364253869	93624.58794859146	92711.05638976875	91700.63673300811	90567.09430471898	89359.51606150762	88015.29482207297	86539.454243077	84920.85736265637	83158.85760052036	81233.59164165254	79133.57931941142	76849.27823759888	74361.88049087531	71663.29492583855	68746.28177590026	65593.72469337477	62196.821074187064	58549.58576070618	54646.388969764004	50494.0127415956	46097.84128521725	41484.03312677965	36686.84359399301	31753.003640751063	26724.13576214714	21598.802506387772	16340.207320220434	10924.67349963964	5336.99853339995	-434.9747109390446	-6402.0895395697735	-12574.724301834794	-18962.57900847956	-25576.591653766387	-32427.70338295636	-39525.44645913495	-46881.76166824976	-54508.55662255606	-62418.48062544159	-70625.00680927327	-79142.52240925038	-87986.76873714064	-97173.91343110951	-106722.30505259504	-116651.59599937158	-126983.30779696017	-137731.41486131138	-148950.10716756573	-160639.8752536249	-172842.0483004416	-185593.08922361454	-198932.8515741793	-212907.61441215378	-227570.26895918458	-242982.08627879532	-259214.88250021462	-276354.0634855744	-294502.25670535536	-313788.36289391306	-334364.96357895964	-356440.2575834032	-380291.3068664774	-406292.8716571766	-435009.6287964591	-467345.2936866922	-504954.92974342866	-551669.4122453835	-624322.6921780531	-680101.6906536401	-693339.9789790141	-705615.9746345982	-717659.0218633376	-729665.1943594536	-741582.0573559115	-752429.2324358698	-764529.8733219674	-774942.1930677597	-786098.8741638009	-797232.6551615063	-807368.3398894935	-817905.9860284773	-828610.9955974773	-837724.5538311526	-850716.742576685
103137.34316551409	103115.88544525595	103060.80467501379	102971.48861267696	102847.26067055893	102687.53367623576	102490.79662051806	102253.71613898907	101974.59091897149	101653.61207778993	101282.30886543538	100864.74627850806	100390.16217093609	99861.1140154048	99266.10253214835	98609.93152301916	97879.08098731998	97066.89164803608	96177.38317511411	95194.79081975562	94109.2819309595	92919.88626091645	91619.46730184669	90195.27577819218	88634.6454117713	86928.5059573686	85076.43214828233	83050.70288654149	80854.62169196358	78460.70069857998	75874.50670651524	73068.47816129621	70036.97503732027	66771.04617514918	63258.20221577891	59494.1179434439	55472.58228155399	51201.87748888645	46687.744681328535	41956.114005604744	37042.18569015343	31992.099056272717	26845.348314888615	21598.81061870008	16215.520122697417	10671.627772019783	4952.747992250166	-954.4451954445394	-7060.725450608457	-13376.748225950592	-19912.411996812036	-26679.353537372983	-33688.4922513692	-40949.96319241228	-48476.045251436386	-56279.13961341287	-64390.70455194771	-72769.9077431827	-81486.61061778144	-90558.8780960431	-99943.92976656675	-109720.73916778513	-119890.05252120973	-130474.26479457816	-141498.37390813237	-152989.69892629082	-164978.68599475324	-177499.44232295512	-190590.16116362793	-204294.26031978044	-218661.18748364534	-233748.0965062995	-249621.46009553358	-266359.8715439737	-284057.1846779273	-302829.57943553134	-322812.7748666564	-344192.4175758561	-367205.42346244195	-392169.74973027274	-419547.60789974284	-450044.8187398726	-484863.22015551355	-526425.7558301773	-581666.4155031142	-671870.2642165343	-687488.5677462327	-700173.7944037083	-712410.9208779717	-724158.9929867054	-736084.6804758403	-747951.6502882706	-759047.135888715	-769660.9813081755	-781554.0477951197	-792604.0695653697	-802316.1157997441	-812993.0208777008	-824123.2094010569	-833741.6631517475	-843516.171211255
106521.66256133725	106500.30524307063	106445.44292769377	106356.58455444014	106233.14431800868	106075.36783527277	105879.1445991855	105643.41355651074	105367.57724553345	105045.07991642847	104683.60992739513	104270.89488467172	103803.99894334811	103269.70417253149	102699.85802073496	102060.34381108843	101338.90956180682	100548.69021674944	99673.30522599697	98715.96479484922	97671.07622875378	96512.39723544664	95247.61750981235	93867.87801865196	92363.69089201177	90712.76647592758	88921.91576268044	86977.56508245702	84855.71451158516	82563.57083462854	80070.63223372225	77375.04379316379	74461.61747916181	71324.16305383257	67940.03983524264	64315.93251024336	60434.911031445845	56296.7106315003	51907.99114252651	47275.5688377493	42427.171273742046	37397.15868884405	32230.983943173298	26966.371277699902	21598.81907460015	16090.741717352488	10418.677801691883	4568.046740177146	-1474.650406585497	-7720.656065420582	-14180.685517860431	-20864.812851212104	-27785.17188251106	-34953.7979997528	-42379.77553910058	-50076.89464575602	-58057.7560164202	-66336.08129519253	-74932.36982507349	-83844.38355654237	-93107.34409053129	-102732.86459137907	-112741.21523485426	-123153.7011857215	-133994.86435548106	-145290.14536613837	-157068.7680755921	-169363.0122896664	-182208.98236391466	-195647.68232658115	-209725.47424208542	-224495.58400375064	-240019.88488385658	-256370.66420029826	-273633.8493692603	-291915.4082183375	-311335.4987933367	-332059.4473315543	-354294.0589930099	-378311.7356085028	-404493.76180862176	-433405.14820701134	-465951.7091898978	-503786.17064988666	-550714.453102208	-623098.2668228401	-681010.9468025169	-694342.5607391563	-706711.498573075	-718698.0510830593	-730850.1593064165	-742272.7161154456	-753836.7990589074	-765139.2897252026	-777147.1837375192	-787445.9519620456	-797655.2048142264	-808078.9978480767	-818898.3718409066	-829523.4849451894	-839356.354971763
109945.50860616019	109924.16761009426	109869.60465187265	109781.26204601114	109658.56149897388	109500.86307958655	109303.96300460258	109073.145731889	108799.79270529289	108480.83916796908	108123.3658147981	107714.76943659938	107256.7552551169	106743.72724767381	106166.15651853039	105513.76534194747	104838.99982671306	104063.42644699186	103210.33693562174	102293.80410020422	101252.86493299123	100129.7603047317	98904.30096530716	97567.850039767	96103.03895132552	94518.06453552807	92785.56684409443	90904.28392674116	88855.84823299032	86657.258053747	84256.4813624337	81667.91576840985	78868.41361658601	75848.95251874826	72602.7706321626	69110.55704099906	65367.80834245624	61369.917271879356	57116.63545871901	52610.054651205784	47861.70410480394	42897.25549021179	37751.70868933799	32470.016432888355	27087.578829184917	21598.8278984411	15965.945943817365	10165.880532335432	4182.949539704743	-1995.7262754533149	-8381.684771932807	-14986.19525471241	-21819.460303352505	-28895.187525114336	-36222.78575884152	-43814.9878733666	-51684.436482334044	-59863.898359013576	-68315.73905660812	-77101.0170832813	-86216.12608514965	-95691.9963929475	-105540.97305480501	-115783.74254248463	-126443.5376169678	-137545.51492845826	-149116.6756032752	-161187.65038491978	-173793.61530729936	-186972.1510144489	-200767.13564309996	-215228.39168864657	-230413.40761889162	-246388.91402310756	-263236.1370543926	-281042.4268658296	-299929.19278667954	-320036.3859723685	-341542.5819636707	-364689.4924065312	-389792.64198667754	-417313.76332299004	-447954.0178589508	-482904.0244110617	-524545.0406340319	-579567.0183322041	-672119.8362216423	-688236.7179442495	-700987.5482854142	-713280.6814502673	-725176.7892383356	-736913.4382912088	-749171.7894328132	-759957.9386796474	-771069.0752514882	-782108.2382253658	-793503.1807102945	-803324.9189783684	-814009.0494044081	-825238.1789299871	-836002.8115260066
113406.59422948983	113385.50028409237	113330.9950947481	113243.21652202753	113121.55894576147	112964.66004533845	112770.57264525119	112540.11734351874	112268.31684677312	111949.65131089531	111601.93695482366	111197.02713750344	110742.76246484563	110240.83096919712	109677.9984007857	109052.53674219642	108369.84742710105	107611.82000207115	106779.24344800753	105863.59018814375	104868.52601138623	103757.00750766603	102584.46560651215	101288.83241372896	99875.56718465927	98331.85077640682	96664.5383384133	94846.98787394937	92884.78789298788	90751.23186512134	88445.3629168748	85954.27711431697	83258.01865081303	80354.47694157262	77231.59212800907	73878.66137781604	70269.11281696422	66414.40242488314	62302.45257261683	57933.37827691733	53309.703588911565	48446.513719904106	43366.40182206175	38105.740936784976	32709.512407080358	27208.95370604942	21598.83711357537	15841.113353997338	9912.61449183672	3797.354274315003	-2517.421201563062	-9043.881417191398	-15792.35202641676	-22776.464337786427	-30007.6473355318	-37496.2006026484	-45255.45195498457	-53298.530556947895	-61639.35268068878	-70292.8453458926	-79274.51536913557	-88601.79907157368	-98293.01087666012	-108368.05917526159	-118849.04051983645	-129759.71145409797	-141126.72060106054	-152978.26008617267	-165347.75567088573	-178271.59913892258	-191789.97637810104	-205949.99170216313	-220805.05270992644	-236419.40302767436	-252861.01775743306	-270215.584074139	-288591.5566461335	-308113.8364647765	-328940.19019992003	-351279.5746929468	-375401.47726165596	-401686.1251556334	-430691.18729664705	-463308.2236803681	-501149.7130817491	-547870.0683431884	-618232.5040134364	-681407.0911315384	-694959.077514586	-707311.5810332666	-719401.5251133742	-731581.6696451055	-742942.4990459725	-754814.1534709539	-765725.8147102157	-778086.4707274225	-788322.5934947226	-798522.4799009117	-809198.7575128186	-820407.5727360253	-831041.9741621583
116902.62947411528	116881.58213841802	116827.34597110862	116739.50003267199	116619.41457680515	116463.54402961674	116271.928133509	116041.9747760157	115774.2110928768	115462.22414781536	115106.54896714372	114713.809730219	114267.86793969752	113769.31459486419	113216.43246276426	112602.56469657217	111924.89378322667	111190.05086969116	110381.94162933336	109487.44234943938	108511.56282116348	107450.32155667624	106292.04561944964	105037.97569236821	103665.67338611618	102165.07851295968	100544.87297323433	98803.04563689532	96902.99692283323	94849.97225849424	92617.98430779375	90226.09580679197	87629.81695038683	84838.00085188689	81835.16800597182	78602.55325635597	75135.43274346065	71425.80589373111	67457.31967809395	63221.520284038714	58748.27330461138	54008.334212770606	49029.52652884687	43834.561018058914	38459.29034625497	32947.5847660085	27330.09727505481	21598.8545499849	15716.254470594926	9659.144943652413	3411.460322908839	-3039.89880929653	-9707.249552704918	-16601.295382510696	-23735.91549177468	-31123.344446562813	-38773.80921795254	-46701.2298066394	-54919.24725354885	-63442.29183732334	-72285.9627544242	-81466.43955297704	-91001.69533802583	-100910.83436624217	-111215.142754904	-121937.34704405483	-133102.5386843683	-144738.54744452843	-156876.0920649271	-169549.56923917355	-182797.76351506345	-196663.98328439094	-211200.28235942952	-226460.04573226965	-242509.68391914218	-259432.60441874742	-277320.72412926034	-296287.86001464655	-316475.84890770965	-338061.8904534188	-361284.60656250926	-386459.2862363208	-414036.15057965106	-444704.456781479	-479619.3663950448	-521060.1010491035	-575211.8122653859	-671154.0070359737	-688534.3522681524	-701433.6388256543	-713735.3170017728	-725587.7580945853	-737518.6642269962	-749782.759806827	-760607.0278739294	-772043.4049167798	-782752.8683263988	-793906.7807752735	-804401.0652645133	-815156.9957958928	-826074.0803921695
120431.3582500524	120410.37074065271	120356.22595841103	120270.68616165096	120149.35964251659	119995.76903377628	119804.55878630656	119577.81542382503	119311.93472327886	119007.89754912579	118652.67937792967	118153.29643378314	117823.05383417383	117333.03475331019	116788.45455762075	116186.06949283442	115525.68330393924	114805.60670637953	114008.48128477897	113133.82515020425	112188.0196344755	111147.26486468808	110015.07684931016	108794.99001787501	107468.06122400134	106025.75630716134	104461.19931328198	102758.58509879172	100927.89298780204	98942.13541720706	96791.4137629174	94492.73642773298	91991.48226063451	89303.16922479664	86410.65336632871	83305.37950327984	79969.56123349944	76394.09866173968	72572.07434470399	68493.50126441188	64155.51208927642	59558.56921311573	54705.863957494556	49611.384674141314	44301.84692185788	38812.457926059724	33185.46584229724	27451.211534516755	21598.863494219346	15591.361431024852	9405.428905973036	3025.12996117695	-3563.0768653005944	-10371.80942693491	-17411.827304267965	-24699.102022399515	-32242.458519015956	-40055.63503689325	-48152.37419357151	-56546.636860350845	-65253.65349774371	-74289.02427690176	-83670.1706189586	-93415.64984237117	-103545.63396440857	-114081.84321249445	-125048.68341625412	-136472.38150812953	-148382.15505719697	-160810.50572280632	-173796.21500093938	-187375.60514114617	-201597.56900474458	-216513.1068525344	-232188.58007648913	-248693.89347587153	-266114.8347459894	-284554.2278267793	-304138.5305926467	-325023.2830894513	-347417.09822360956	-371582.35927050264	-397894.83371391887	-426896.83441585087	-459450.08962927345	-497100.1943651016	-543244.3797323541	-610471.1731337584	-681277.9759728427	-695135.6519788727	-707708.0878243307	-719866.791118149	-731926.795103369	-743503.0486507833	-755232.0386170896	-766209.9961256953	-778492.3700438389	-788911.3576955728	-799256.6964399	-810171.176812456	-821622.9542510505
123990.4027964999	123969.39367127616	123916.13280097631	123829.07680964048	123711.21606830586	123554.49422343864	123369.24133322197	123139.71326530265	122879.92422909781	122574.9942588708	122229.3798789804	121845.36904941186	121406.44074619607	120921.89114929904	120393.67678283533	119785.53927382731	119152.1647419478	118424.50600445339	117660.16295401362	116763.98805139888	115880.63185811823	114868.74497237135	113772.63202241123	112572.95894982788	111282.42427467549	109884.32858089037	108375.97803859042	106717.71268610886	104950.04005275815	103035.92071506733	100980.42730050522	98734.08485910356	96329.19028541654	93748.62494781462	90967.49733174563	87973.89102882557	84765.72777144649	81324.79265455986	77644.44440788412	73714.77458584378	69526.96370353768	65075.964587569375	60362.78026904346	55399.442058955436	50191.44793884712	44768.24450271297	39165.22292004619	33423.48277413676	27572.174635564996	21598.85961047554	15466.404883100884	9151.57973551059	2638.4184170427034	-4096.568059566227	-11037.543068800122	-18224.07774533512	-25663.605908709957	-33364.70147173296	-41341.70688086562	-49608.89314430716	-58180.7462928606	-67073.10253744386	-76302.1129153803	-85885.9469963871	-95844.02638303151	-106197.21923603001	-116970.72683124428	-128185.68932253474	-139871.90005858042	-152060.09399267944	-164784.61078955722	-178084.0028228524	-191999.52347523678	-206585.4446961417	-221896.73071526835	-237999.86378597864	-254972.89610200637	-272909.37868113426	-291922.21785689256	-312149.6028642058	-333770.71326292335	-357017.2629277699	-382195.3927026125	-409746.69683439	-440334.9494163867	-475062.47114666767	-516059.77204132354	-568844.5193973724	-667155.6672269427	-688368.520732563	-701420.0563033582	-713864.1167824853	-725670.1604966174	-737892.373216528	-749903.0905874551	-760929.6088615723	-772308.4956056341	-783148.3268314844	-794266.8659052595	-805080.8041111203	-815984.5428857447
127577.51119388816	127556.81068721892	127504.11429699077	127416.52645899302	127300.26362483969	127146.62938522009	126960.12259759687	126734.08426757419	126476.51136639422	126175.02069625778	125833.46326117113	125452.92302239979	125023.96484481092	124542.47180559665	124018.26268101555	123439.16502719287	122790.17723966468	122094.44919534102	121333.84252402518	120515.29372746196	119598.10231656882	118622.85657451146	117462.67662559307	116362.53256331297	115132.1436876043	113765.26862053988	112291.71855312928	110702.98124521454	108986.19898469895	107132.94329501862	105137.18235401015	102993.08541494902	100654.05433394064	98184.17419838041	95497.12002861049	92616.51680400038	89525.90461464344	86219.80063537764	82676.78703757844	78896.18334573504	74851.21519826158	70555.1699619372	65989.99449058477	61168.59599775456	56091.29201236702	50770.12695528145	45233.528834829354	39517.518868423766	33661.51727514491	27692.9902138616	21598.868961125176	15341.110978175711	8897.571793819676	2251.307341632186	-4611.646572313737	-11704.459234606678	-19038.05785994942	-26630.80433226662	-34490.22618078644	-42632.01528380514	-51070.812648968975	-59821.58707853063	-68899.27410595663	-78323.61704551682	-88112.07726809173	-98286.759434795	-108866.00601608504	-119875.72074546828	-131342.3507232093	-143294.95672427298	-155762.81555762002	-168788.55702851422	-182413.55096885678	-196677.14265145687	-211635.83280251018	-227350.95593091915	-243894.16410563566	-261350.07154908095	-279820.7814526087	-299430.5073615024	-320332.28969127283	-342730.94647864794	-366883.34862139093	-393151.8440115821	-422061.0244651073	-454433.66808241914	-491713.7251854889	-536987.4527760702	-600583.3233778309	-680533.3770517246	-694890.9691654749	-707547.0942162576	-719918.1447735662	-731697.7449683622	-744008.0654812637	-755108.5085857115	-766551.8903389878	-778828.5300317283	-789156.1977770042	-799582.1313397367	-810643.5346373168
131190.30680182527	131169.84492991617	131116.44438021813	131032.75392310461	130913.90867228151	130762.10345513506	130575.973914373	130357.62927678137	130097.06489181684	129800.92189321751	129462.04383541102	129082.61060320512	128651.96885652465	128195.73637676728	127668.16335377474	127105.28102000074	126474.38907800952	125810.76178779667	125041.54829418953	124230.71392888948	123298.17119559796	122376.22916185735	121324.34274108871	120210.58389884201	119000.24864977077	117664.17503411337	116234.77045022442	114690.13218164667	113034.73834657168	111239.2535029766	109301.73904379141	107196.88051761207	104994.67998147622	102593.77459529339	100018.77129792469	97234.1471916638	94271.35149043004	91069.11698637322	87664.85277817235	84017.23382387208	80128.19129876589	75984.68989438235	71576.35517906166	66903.93741100837	61968.53114358269	56778.408712512784	51347.28276290835	45698.60018936863	39869.488416726235	33899.54595513837	27814.37516075396	21598.878679021494	15216.34103425307	8643.410360571797	1863.7928571697848	-5137.062551214098	-12371.897015055089	-19854.336356328626	-27600.365784299327	-35619.03090223728	-43926.20050816011	-52537.41094362232	-61468.10165134841	-70735.55996147793	-80356.90783339585	-90352.00057780152	-100741.97826480473	-111550.81006582043	-122801.76814383405	-134525.01411605527	-146748.27264234016	-159507.17268212064	-172840.11322561314	-186790.44617754658	-201407.49265501567	-216748.02708723175	-232877.80632503174	-249874.1690553319	-267829.154058797	-286853.91210316605	-307083.9773559935	-328695.1077286769	-351913.89067798486	-377035.36141187395	-404491.2354909281	-434893.7821771339	-469301.52084368205	-509655.7651057253	-560744.6831419265	-650230.5775861715	-687729.7446255914	-701009.3948853095	-713455.3434249342	-725968.3253092968	-737625.5428243573	-749210.8361837717	-760988.8531244835	-771974.0580238292	-783270.2629119905	-794473.8817575849	-805160.8877546741
134826.43006497415	134805.979719298	134753.7087058188	134668.535926812	134551.90955590765	134402.34680973424	134220.73838070277	133999.51406236322	133744.21833585383	133450.97577454062	133118.3222349295	132740.2934317848	132322.94989307696	131861.49366878284	131345.3094823203	130783.86703766312	130178.05047821047	129498.82193261858	128769.65422011919	127973.05172470515	127099.58756325426	126187.53571977565	125156.91860654003	124049.84881165606	122874.60095354376	121570.21609461396	120177.53006941485	118682.43629815814	117073.95734343289	115336.76708327526	113480.40127845328	111457.60152624387	109310.3062512296	107037.91278048855	104522.88451349079	101826.13852997859	98965.32264044465	95889.39636567	92612.6420019085	89104.7576585052	85353.4777955133	81355.44834968829	77111.03078847761	72593.92940510322	67812.59608391445	62763.88722263143	57467.6260591825	51923.11498755755	46162.57901021157	40221.075970610604	34137.36759306249	27935.3772137615	21598.888665370265	15091.186539624905	8389.079648624713	1466.25927841285	-5664.633676830825	-13041.06288702137	-20673.251744017005	-28571.76569117009	-36750.35370539091	-45224.70470425318	-54010.2346650883	-63123.6676354619	-72581.4601891585	-82402.12829808431	-92606.40340126681	-103216.25268675471	-114254.94267071199	-125750.4761911864	-137731.17013149662	-150230.20124161994	-163281.82963555196	-176927.5509741347	-191213.36821910704	-206191.8368853216	-221923.6009101696	-238479.39399155934	-255942.77956428443	-274413.7241637926	-294014.1394592577	-314893.13814780215	-337251.1669944621	-361335.9575104003	-387495.901373604	-416231.74155122443	-448327.14942448767	-485081.7541573934	-529269.2067315518	-589158.8964838635	-678935.3099172069	-694161.3403820605	-707097.4412612566	-719348.1457641197	-731622.7574284961	-743409.5579139884	-754851.9702805267	-766921.0758534144	-778551.6144335968	-789070.545331601	-799446.7782225886
138483.54612407243	138463.60881483724	138412.04307363633	138327.3313201142	138210.9911939409	138062.20537751142	137880.13880673557	137663.92286522593	137407.47973474662	137117.64379496948	136786.60031488867	136417.85915408627	136014.66119882214	135550.79334885094	135046.66917586094	134487.66007223297	133894.69852388202	133232.76069437902	132509.7132829587	131740.31676772202	130883.6521442868	129979.65895566855	128956.05892507627	127876.73192427232	126732.6408714712	125496.5099901207	124137.70008850418	122683.5834080826	121133.95131967671	119439.90254815304	117620.94375475969	115681.44212037628	113584.74565178281	111413.29095004179	108972.09667033007	106416.17477005319	103622.78115530813	100687.20934017321	97514.99713199954	94138.75967438109	90532.98616235034	86684.02121821523	82585.46475718496	78229.4396881339	73612.88846483015	68719.33457260992	63568.08540706603	58152.96490295464	52497.80288619429	46625.74964289223	40572.23746920681	34375.01060636125	28056.367999474605	21598.898919599713	14966.061921055109	8134.575644820521	1085.7470822963223	-6189.9094182281115	-13709.960066033382	-21492.813369148847	-29546.16440182159	-37886.59039719371	-46528.68104127751	-55489.333957233175	-64785.67445412709	-74434.42193766992	-84455.9781932914	-94871.36429147207	-105703.2782185818	-116977.21498190548	-128720.1475988098	-140963.52999160852	-153741.2165284023	-167090.6175436888	-181055.03679388505	-195683.2895654615	-211031.46095844352	-227164.32972436148	-244158.04846586456	-262102.9293380953	-281107.89723432943	-301304.6403772146	-322864.7159790311	-346007.49072206556	-371014.86608009745	-398293.83554694563	-428440.86960452393	-462414.61014945543	-501972.45122451015	-551183.7543639031	-627975.7058836136	-686544.9247283333	-700158.6828626604	-712720.1450916473	-724841.4307868727	-737115.5416701694	-748562.112741346	-760563.6374062223	-771446.0912550767	-783372.0316392446	-794644.9621754906
142159.21979604484	142139.31989366698	142087.7438110522	142004.7725989482	141889.15222453032	141740.36930102904	141557.78141260258	141346.46383358602	141092.90690484372	140807.7569668884	140477.32630965573	140115.76306581005	139700.76073546548	139259.13208178553	138765.96125422866	138214.4630358668	137633.06184986222	136969.44832580225	136259.1700721716	135496.7992619038	134700.66391832678	133773.65898713132	132827.64196259397	131785.4950129609	130610.15308676928	129546.46854464909	128105.91588816552	126701.19877252143	125182.0166664181	123558.28358181298	121797.9944985333	119908.77642314711	117893.95998913323	115739.29636723403	113456.82754799756	110999.931704058	108323.58496533328	105433.5202899218	102383.60497778073	99130.06741902418	95657.88224021732	91954.73379490213	88007.25909475933	83802.84331028629	79344.1911852867	74617.16976397653	69622.36333014659	64363.45782684439	58836.54205326027	53073.35542440301	47088.14117558143	40922.93594791737	34612.479505826384	28177.3022914116	21598.90944085695	14840.896788343322	7879.850818017876	696.9062879661215	-6717.499562913668	-14381.303221738897	-22314.012703020242	-30522.89838404802	-39025.26911446371	-47836.11387666082	-56973.07767534125	-66453.95694338836	-76296.03646449614	-86520.35223987768	-97148.786727469	-108205.48439038382	-119716.47044891195	-131710.87214740244	-144220.72612804238	-157281.74032010412	-170934.18510437355	-185223.3818660134	-200201.30682601308	-215927.17753062985	-232471.91225100047	-249916.04673924827	-268357.8400147374	-287916.1944877494	-308735.5078839802	-331011.1812727783	-354978.10151586117	-380970.75670442363	-409461.31619787944	-441168.6463352136	-477303.783660695	-520262.2541064787	-576599.2991667348	-675527.9865392586	-692946.7762318684	-706086.8621825683	-718512.8200421482	-730466.5587628065	-742448.7413600706	-754805.057883936	-766115.3978091797	-777159.065595458	-788745.888728316
145851.07578950285	145831.3135807873	145780.06621943254	145697.63161461716	145583.1632101414	145435.97312165226	145255.12144772572	145046.70381810085	144797.71608222427	144513.28838941536	144185.46995037407	143831.21659399505	143430.03334023705	142986.83238428526	142488.22969404148	141869.40973259683	141341.41711304997	140750.99473877795	140053.7457402836	139283.20391700033	138504.97352778396	137635.5846097911	136630.2491293324	135826.42277166678	134533.9549420247	133226.97198406296	132094.04546533452	130694.31962912923	129223.73504558939	127645.97696970003	125955.26886035183	124120.05900796055	122170.03414503875	120084.55834078699	117981.59724870391	115530.88301811769	112901.86495125722	110177.24656536465	107217.80132491056	104096.31987229505	100735.08300947762	97170.33903347583	93357.34489698595	89316.02361684338	85014.26215611809	80456.53003606174	75622.55399085607	70521.5587043647	65149.52380665316	59518.1668122018	53642.760341786576	47549.784447188635	41273.41243761068	34849.98358830594	28298.1452204932	21598.92025610761	14715.693202151888	7625.134014448093	309.830875937012	-7243.694432555261	-15053.83074195616	-23136.964844059723	-31502.09072906268	-40167.246840173524	-49148.58457307535	-58462.332213067246	-68129.13956588332	-78166.0762674649	-88595.04114762179	-99438.84788546478	-110722.7212974747	-122473.82322372805	-134722.7325119819	-147502.9795328325	-160852.24541087745	-174812.99162557902	-189432.89969173778	-204768.35563721746	-220881.80977947993	-237848.18994455854	-255755.975643348	-274711.0187039843	-294843.32388348895	-316312.4090913338	-339335.4375117084	-364178.1266285575	-391226.1511429885	-421036.0446006443	-454485.74701744126	-493137.04611899535	-540401.4829659811	-608469.2760021437	-684738.5601129588	-698981.031518084	-711665.2725512846	-724245.3222783755	-736220.6207423909	-748617.8006087509	-759853.1344633496	-771487.014843914	-783348.4632468263
149556.82510036777	149536.82036911935	149486.3062117835	149404.2524594762	149292.91743639566	149145.3740280651	148968.01992697077	148757.86482578499	148513.806684916	148230.61959724932	147914.02456605076	147555.08321279276	147169.20128251944	146733.05896770683	146239.94331604277	145713.74251878491	145155.63037018414	144522.33618298563	143835.69035124418	143097.73012501677	142307.5298213441	141467.26806791127	140525.30302794863	139508.87911368004	138459.97860150196	137271.42757942638	136040.76861754307	134779.1426803927	133293.11163888566	131762.44217368693	130103.41091904056	128342.17401460884	126465.73025324482	124432.28367683382	122260.33250563228	119957.17681586083	117505.45557532393	114857.2171805317	112008.54677213522	108994.53906108357	105765.17616918053	102329.86040129777	98671.48047214511	94732.02533894112	90622.35365840682	86223.95661589707	81560.736408345	76623.22329810259	71410.40864000785	65941.11714317423	60198.240688831735	54213.45668140467	48010.74598624624	41622.31676340161	35087.16535879485	28418.93480235034	21598.931298800337	14590.940452050796	7368.060088086786	-79.67968978252611	-7772.328782070981	-15730.32461471326	-23961.49855722091	-32483.542907924973	-41312.320548943535	-50464.53399382526	-59956.84200649016	-69811.01729200888	-80044.41369859761	-90679.92269564155	-101741.391541216	-113254.94380299363	-125249.31943721505	-137756.47772560228	-150811.17472427257	-164453.36653292063	-178727.84667211975	-193685.68560871953	-209385.55661096337	-225895.41584881442	-243295.31144702347	-261680.49679541378	-281166.0868439914	-301891.9869648907	-324045.6579177734	-347850.27448211843	-373623.92307299614	-401807.7514519777	-433063.68461101205	-468481.78966334386	-510129.59268164815	-563170.1679972142	-659700.9603618102	-691295.3595549499	-704670.9565012355	-717281.9975740486	-729649.8690672272	-741613.6751361138	-753106.5360788605	-764950.4537583112	-776067.6866963233
153273.92982235568	153254.4120766062	153204.01162693033	153123.7163151577	153011.15417382374	152867.96453363672	152692.80803590306	152483.65474924212	152240.7024655342	151960.43105342006	151647.32857672212	151298.92151801067	150905.39388509962	150470.24371076177	150010.14268000826	149431.40211647953	148941.7835577027	148309.66740037306	147623.7162870242	146927.27169809368	146148.95917906053	145310.724096079	144425.547120425	143297.7574814402	142407.29065038663	141226.77337714576	140165.1446412072	138721.77302965726	137317.31843667844	135861.5008797439	134244.78989737993	132554.87510587252	130662.1348158093	128755.04366704254	126686.18293711593	124435.37641009534	122093.91453026095	119522.88948185951	116822.96570522734	113871.48418734758	110756.95888728325	107443.25972837344	103918.08676426936	100165.32178607944	96170.25550914586	91929.33855365959	87436.60662479082	82659.61635024953	77625.16505740292	72302.99043808413	66728.11160473307	60876.30854637774	54782.744909398665	48470.97040899955	41973.301716628965	35324.268981546295	28539.772967831523	21598.954425300937	14465.705792084453	7105.998716055066	-469.50402452863636	-8301.841357497091	-16405.676079281955	-24787.962894000288	-33467.66779461075	-42460.96476868403	-51785.10170703661	-61457.1519219919	-71500.20006313722	-81931.74416159061	-92775.78017484784	-104057.11107465095	-115802.97791466437	-128043.6826300362	-140811.94250740565	-154145.25970562577	-168085.18805806746	-182679.25646737113	-197981.46284721035	-214054.2038325913	-230970.14612762467	-248815.2633250932	-267692.38733041304	-287727.52588490193	-309071.8843210275	-331934.5866948885	-356569.0503309169	-383334.19239190995	-412745.71549785667	-445600.4939079958	-483273.60437980545	-528598.3732286338	-590172.6346249555	-681889.7892524949	-697202.3212797672	-710141.4935923631	-722872.5760057203	-735009.6116964414	-746586.7547149756	-758744.6112261966	-770574.7660806715
157000.0373477235	156980.6376818975	156931.34477836546	156850.5538494492	156741.76712513965	156596.06858034004	156423.23768466382	156215.0079824994	155976.71810618893	155628.15004737207	155391.34330963023	155038.5970224468	154657.55359788326	154226.86504553634	153734.36452159157	153293.24555337642	152774.1719417078	152099.16239664174	151453.240615809	150672.4144027217	149968.87437034925	149148.21148376816	148244.2573626923	147333.3758102535	146285.65917025405	145233.79014637816	143988.20342411433	142721.57022614483	141374.2185576961	139940.90174438222	138287.14986244572	136769.16665139972	134957.98758208472	133078.6480601605	131048.94363487921	128907.68374105156	126622.62639152748	124150.71951485155	121513.6485420588	118704.27388825789	115694.8316858437	112520.87731643132	109113.65832347644	105498.90288065653	101650.58060803472	97560.12380311891	93227.00921342551	88624.65693456828	83755.48924053475	78613.46358576881	73197.001088897	67508.07847352204	61552.32554212499	55351.17033417738	48930.99673933459	42322.67543892523	35561.157955733186	28660.575248947454	21598.96549746039	14340.4781956847	6859.590364102798	-859.8162899224553	-8832.112602965994	-17082.05477442284	-25616.191802436777	-34454.249803487095	-43612.94703797612	-53110.0593286349	-62963.070780312846	-73196.73598956692	-83828.03061819714	-94882.52383612737	-106386.02005622163	-118366.8840913148	-130856.57355403493	-143889.8983060115	-157505.89733315055	-171748.5763115628	-186668.01044868107	-202321.4976460911	-218775.40516205417	-236107.56017727108	-254410.27204511972	-273795.5137139967	-294398.5050025252	-316387.1974573381	-339995.0319779615	-365504.5794707167	-393329.6840790582	-424076.1062973544	-458715.6827372057	-499018.79747862875	-549050.0808144512	-626071.0106136166	-689035.3489912022	-702900.2562298554	-715788.4033095189	-728373.173000833	-740298.3023765674	-752599.4256940447	-763910.2169496189
160732.54657570392	160713.33999698533	160664.5951476791	160585.2700240824	160474.6617598664	160334.7336168603	160159.97288294867	159957.10484489248	159720.20491474008	159450.95486306908	159145.43404455	158795.9322683066	158423.98980347297	157977.56846481506	157499.7900658771	157076.33427937783	156413.97355807966	155793.3426970959	155279.7989485907	154529.80186034745	153766.76711996066	153010.2367116812	152170.3523449178	151088.73601928607	150157.6836759199	149127.56417079596	148019.39261057714	148383.7287814504	145444.0619880437	144079.72719158613	142577.45517529006	140958.4486821314	139203.39139253303	137390.98109923734	135411.79652361025	133324.11183391354	131100.66893697804	128706.25830804356	126211.7021822912	123489.53466551643	120607.57549485847	117526.49657270286	114246.22268391817	110760.92392467533	107065.52045974304	103127.36442712875	98948.96703542622	94511.12699243506	89813.18010791177	84846.8094104243	79603.57960930787	74081.26115749072	68284.38778626086	62226.34195385949	55918.39216009012	49389.20657053011	42671.77266327763	35797.95596734423	28780.852556544764	21598.976783338294	14214.448546629807	6604.154085201968	-1250.5298902601062	-9362.902087976923	-17759.62190772334	-26446.18004100278	-35443.325940833165	-44768.540211846994	-54438.16551301576	-64474.899913746136	-74900.06291191082	-85732.99519012863	-96999.8311573288	-108727.80267874064	-120946.36612082622	-133688.4247806882	-146990.46693024685	-160893.54718920105	-175444.04823035497	-190694.80949269416	-206706.73525731586	-223550.44698067167	-241309.35025709012	-260082.6784310607	-279985.6766506456	-301183.1814464642	-323843.4850142628	-348234.1393622802	-374671.8308318599	-403635.74576321855	-435843.6294245832	-472497.0838040837	-515939.0480143015	-572393.7932204392	-675654.9360672957	-695074.2753039703	-708416.3144891281	-721010.5279726426	-733452.2044873512	-745437.5561876085	-757095.8421752595
164469.66358296556	164450.5460681019	164402.6626935592	164323.47741870192	164214.27426014649	164071.94707583636	163905.25623518112	163701.53538933344	163472.47737744727	163204.27755006426	162904.54411867695	162558.8794511545	162195.03857044395	161776.62103724724	161295.08708029005	160779.4057302686	160209.5603595474	159584.9824538046	158953.89122748238	158403.74359864622	157673.98463205114	156821.23589197965	155993.3756899428	155081.62311928836	154020.18814802298	153090.806993646	151933.52918548384	150932.84789099818	149392.5484091893	148134.66164208343	146411.188876149	145150.61953785986	143453.24326663325	141666.93631626555	139756.43334406696	137736.0551882404	135621.20165649962	133371.82741307843	130808.605869549	128236.89929032931	125448.59495285898	122504.55596075469	119346.38557257909	115976.79180701148	112405.18052606696	108620.6363790941	104599.90056850795	100318.16785933031	95794.68943264778	91000.39212448195	85933.7095331971	80585.1439548088	74964.00731838333	69064.66304280687	62898.75240540871	56484.311117792735	49847.31822857153	43020.453635144455	36034.62659420632	28902.014215243253	21598.9670142089	14088.172799765482	6348.506533703534	-1638.8636676015158	-9894.522093436419	-18438.363264460728	-27277.9030714212	-36435.117756635824	-45927.239226129255	-55771.80579107534	-65993.81366223286	-76610.51295321339	-87646.58307687764	-99127.99589490489	-111082.79824259563	-123541.83747844881	-136539.43315111322	-150113.95876785455	-164308.52612289326	-179172.03336701583	-194760.37175800267	-211138.13024858612	-228380.69318045425	-246577.2259798891	-265835.7589444066	-286284.11273408454	-308083.62107440835	-331456.52088659175	-356663.2291418581	-384087.814094715	-414280.2632564101	-448101.03906602383	-487058.97924662515	-534364.5407175219	-600620.0966979545	-685927.7763728336	-700683.8175193116	-713608.9783556168	-726463.25665033	-738509.17002049	-750500.5193273698
168208.02623311905	168189.5529789884	168142.26174260778	168064.09016468428	167956.04148155858	167819.21835267433	167648.33162640926	167452.77723347684	167222.1214691669	166959.1788590916	166658.21001925596	166328.92516286892	165956.06427884824	165537.630773329	165094.56971249706	164580.3860420842	164015.5056666434	163364.0562732917	162904.1189944141	162133.0567904219	161561.14224549738	160740.4027807221	159887.99537485326	159077.77077304016	157885.6157532133	157018.31799204586	156001.0150006547	154812.66422684223	153528.0904116492	152168.08552701803	150784.02950935112	149332.02833848732	147649.5349184401	145851.0474303863	144078.82927912366	142184.07362163338	140068.6442433268	137809.16494134325	135516.32197752802	132978.62610384234	130237.66354475566	127369.27088264487	124367.72879585036	121154.43742546122	117702.45416863731	114051.36249802721	110169.73397610788	106057.54905289027	101687.7841506418	97070.65034724097	92177.33134465426	87012.37143936972	81564.61750183688	75844.77143792665	69840.0040424798	63569.44929706614	57049.07374308308	50304.714889877534	43368.719737736596	36270.984249944944	29022.77475730935	21598.999999847118	13962.691289108654	6092.52571174514	-2030.2033020324016	-10430.990066355065	-19118.33203977617	-28111.65920399854	-37429.09620050987	-47089.220042093075	-57109.758070614014	-67516.91191428222	-78328.00918401073	-89569.19437460921	-101267.11226560985	-113451.13680525456	-126153.40392533893	-139409.8409486427	-153260.67634474498	-167751.26249839872	-182933.13412459753	-198865.42743733648	-215616.749537815	-233262.9366084995	-251913.26947726257	-271669.57356098	-292678.26632536337	-315112.6128406118	-339220.862460541	-365294.301770703	-393759.2573293922	-425297.34654653206	-460913.31342779467	-502556.0545416311	-554828.7312543737	-640435.4383990408	-692337.2965981849	-706098.6442983535	-718950.0643128974	-731432.3521307632	-743746.7231591053
171946.1062774295	171927.9347609968	171880.2331172957	171803.42561358248	171694.85355650735	171560.46682215156	171395.56206507506	171196.90741475963	170968.9120267943	170709.78304904906	170405.9522977972	170073.43782213156	169728.4759890088	169308.6727784701	168859.6969673574	168376.89878099054	167883.2730101641	167217.79887780442	166705.49132108438	166031.81134743724	165290.85693335117	164625.67860041314	163773.97133962478	162969.59899623488	162016.3499945843	160979.56485161066	160020.40377439075	158783.71450590994	157577.69030735685	156253.88277802753	154815.13720273532	153402.91068004904	151820.6651554211	150271.2421117203	148411.4490865511	146518.9713193433	144536.01564953176	142385.95553107545	140050.59078332895	137674.18648580406	135044.43887142045	132319.91499300834	129359.36252698937	126234.44989985839	122929.2882320141	119393.36618150752	115680.52079099414	111710.69444281237	107487.68297233994	103045.73140558982	98333.40024108416	93346.49932702238	88088.81556210201	82546.34457549037	76769.63658267725	70615.6883356164	64238.496579408136	57612.726593319705	50761.50001994861	43716.753469667165	36508.962908536254	29143.424081720354	21599.012033749663	13837.208215169667	5836.483002293418	-2421.9094800096063	-10964.296659271931	-19799.045523725305	-28946.028422038245	-38424.5096800742	-48254.6808257986	-58450.276869553054	-69045.72643779102	-80052.83492110734	-91500.78086158441	-103417.26932184881	-115832.80643200612	-128781.27616308222	-142299.88472542207	-156430.95772472245	-171222.1828267186	-186723.9122968007	-203006.57844668947	-220143.64824797743	-238212.32986188546	-257319.4101677066	-277589.6070317317	-299177.23753892083	-322272.00637670123	-347141.42495824123	-374128.9798176882	-403746.5338703924	-436726.725087622	-474363.45581048116	-519204.96365105774	-578306.0054098212	-680558.9198122823	-698001.1832693452	-711434.2333656019	-723981.4360621362	-736392.7024250017
175681.40148985182	175662.46553597314	175616.43128674835	175539.932727832	175434.37443803783	175300.4732262491	175135.5678498252	174937.75719686272	174715.15663715714	174462.328281247	174173.4323746022	173847.08258786626	173478.1060764496	173088.83618092365	172743.6705105251	172122.56491181935	171668.41123318623	171094.0310914857	170515.23194282057	169873.63340952958	169216.22919910908	168457.7350667241	167644.07518188242	166682.0139361007	165886.03490357706	164876.5843406943	163795.5015447	162816.3270926907	161480.32510220274	160342.9039367398	159064.45126855327	157516.01993637488	155807.71061326226	154453.99990678136	152651.29396632256	150944.82529330318	148887.57788336166	146830.08646488428	144647.73201557127	142291.19097367933	139702.64044856688	137124.8474757701	134305.84983091545	131307.54192673022	128083.08442524716	124735.49552127585	121089.19454862992	117290.13800410161	113244.72264421871	108952.3130399331	104400.49152451733	99595.06450939964	94520.12641103436	89159.68370419682	83519.7562386083	77595.69934295272	71384.33839528396	64906.072222096904	58175.32076041962	51217.592958725814	44064.378187888855	36744.82481085547	29264.03792635753	21599.024169854412	13711.687571196817	5580.269814118452	-2813.953902759182	-11498.51983139923	-20481.40461582117	-29783.937534652214	-39424.71859056689	-49422.04554499799	-59797.097989032336	-70578.26005353569	-81782.62564422726	-93438.86179784068	-105575.80942561093	-118225.37787914742	-131422.39953999617	-145206.36288672633	-159621.4722221645	-174721.74759138474	-190557.04795211664	-207197.2734016921	-224719.94361696165	-243216.71867531765	-262797.7682212279	-283597.9132637579	-305785.2369161375	-329568.12196703063	-355245.0954484868	-383218.1603592446	-414037.3421190598	-448617.3453796056	-488558.735673689	-537327.9330265245	-607000.5052829604	-688755.2026278197	-703345.2403912276	-716408.233714662	-728892.5998827654
179410.68736156236	179392.51564093347	179347.25350375724	179270.64411975112	179166.7452039899	179037.09357001475	178871.68162889004	178682.22213202945	178452.05876922916	178201.14797753084	177939.59662855032	177606.03245387788	177251.16292472696	176842.56063306032	176521.97242174175	175971.70293721402	175350.49623752647	174837.76896599578	174107.49312455452	173711.28248231427	173049.58847837616	172291.541746348	171337.91366439822	170677.63264536427	169809.46864958882	168870.63458756305	167818.60903286922	166893.0524488602	165739.53151529102	164375.715720589	163098.6317202893	161776.05270343728	160644.28729878037	158850.75339276576	156965.28104795713	155208.72724477478	153396.9673236925	151254.81077721895	149145.52423878398	146874.4094391071	144471.6128088241	141837.88807932613	139239.71823117867	136273.21077958608	133166.9008581242	129948.40110390085	126493.13992422585	122766.21260800042	118899.16269613661	114764.02880489829	110386.51977278308	105771.84681563225	100858.30285702887	95675.816573744	90229.48868865703	84485.68744497928	78465.37051417395	72153.14911720529	65571.75939244224	58736.71654913158	51673.104559523985	44411.67248630154	36976.882707782905	29384.598550832336	21599.03725661518	13587.83108272386	5326.114737253927	-3210.232342953357	-12033.741113414959	-21165.001130010525	-30622.790898951644	-40426.29494879366	-50595.79348690636	-61150.245797193435	-72120.75134319946	-83524.30681039795	-95391.13843339519	-107751.11315487948	-120637.52860597277	-134086.65151748387	-148139.84444534464	-162843.518585913	-178250.41234530695	-194421.06210431166	-211425.73511297797	-229346.80299101368	-248282.27382690244	-268350.58653334266	-289697.6173598312	-312507.84641740104	-337017.803567473	-363546.96382065286	-392543.3852622415	-424674.47562244715	-461028.37838665716	-503642.51616028574	-557444.0427233691	-648896.4380615004	-694753.8383473533	-708556.4442274254	-721459.7900886589
183132.59055327444	183114.5187142429	183068.13230514224	183001.1162630783	182891.20501003414	182757.1640380074	182602.30456573697	182405.62539460216	182191.84297100222	181943.0516641217	181658.48980921163	181283.114758045	180996.51973611518	180609.25222176037	180280.45774466847	179731.7796664575	179235.18158236297	178711.48514826718	178044.3372073849	177510.82953652812	176845.95908684336	176199.51157730247	175291.03495298568	174559.8368003224	173733.40155123782	172735.63861608782	171668.11052550195	170699.05256155867	169751.83188984788	168697.39830088592	167144.38532574996	166427.63012124636	164308.883113561	162811.2815509594	161336.32155664504	159455.77975083716	157725.0003799761	155775.14155899285	153637.56404171308	151510.578409192	149125.80269431716	146685.7952192247	144026.59428811696	141242.5804136046	138246.23933335833	135025.41029742605	131759.99460787588	128228.26174614423	124464.8501307723	120492.85275864298	116279.65214657523	111811.19968122113	107096.63077093413	102113.96748679868	96840.20581380156	91290.83859757855	85450.32945122037	79330.99586268651	72919.04017531211	66236.41907501197	59297.228936685366	52127.974775947776	44758.62843757466	37216.136106386286	29504.89890230674	21599.04981494497	13456.468563867209	5056.889689835225	-3603.3556680307956	-12569.433861591126	-21849.646211725776	-31463.435850159032	-41430.35857816748	-51771.487267428485	-62505.85976177949	-73666.92601949704	-85271.04035463545	-97350.03823950369	-109934.94761825725	-123060.52582686365	-136764.52482164168	-151090.27800582128	-166086.48082357267	-181808.62473889103	-198320.68818640773	-215697.06197895453	-234025.44705451414	-253410.6877400127	-273980.2411061448	-295892.18745044514	-319348.38339223916	-344609.9716617404	-372035.394020521	-402135.91448589583	-435693.5669015424	-474034.79721438343	-519814.7208509063	-580497.0160370972	-683037.508129464	-700204.1524224496	-713477.594205959
186843.83826071268	186826.86800124182	186779.01890742333	186708.70375500494	186608.03630297486	186473.5059175642	186318.77161195525	186128.51229900384	185916.0781226206	185670.04771026256	185411.4603499253	185102.6156153484	184772.51392873356	184286.63458756974	184055.59897716995	183495.77502070612	183043.79648577637	182518.2428617425	181786.05460140263	181318.39871922974	180710.80132272153	180012.16642618697	179384.50787431645	178462.58307520373	177516.04988997287	176708.69852154353	175715.84881287406	174614.13071674647	173700.54677411483	172538.76549948845	171169.16221951053	169864.84925977397	168430.4276050765	167086.75689756547	165326.10034263635	163852.43364273457	162507.35127269145	160228.16489842293	157925.2638845122	155992.5549779779	153798.5920432444	151417.78300581744	148876.06887855812	146189.6746641134	143238.10431971337	140225.11381051055	137005.31984654572	133582.6758200685	129973.53370807235	126140.22859209242	122081.26020329027	117778.19577176569	113231.82108360562	108420.87031429267	103341.74076057767	97993.63874903525	92356.17330484901	86417.11678029454	80196.91616637417	73683.30272211411	66899.27525019663	59856.57622724975	52582.1759220332	45105.35321078118	37448.26463051542	29625.300055773056	21599.06259068771	13330.810360428382	4813.116410517017	-3996.879986742948	-13105.854777034285	-22535.475487526972	-32305.822526193137	-42437.014718648716	-52950.6067029438	-63869.65289706894	-75218.9490130805	-87025.20041102864	-99318.17581499438	-112130.19758202584	-125497.52228066424	-139459.42290297034	-154061.35461820278	-169354.3835120867	-185396.93355925957	-202256.57464202557	-220012.1811901008	-238757.15334106988	-258603.7426017456	-279689.2526079164	-302186.1367120006	-326312.9808421069	-352361.62532532454	-380734.6336775532	-412018.4184967428	-447137.4086427779	-487732.4024782831	-537368.7114811253	-608600.0847076944	-690610.0767885472	-705345.9232613891
190542.9786894052	190525.6552024235	190481.92202299787	190408.5622905329	190310.1747450583	190179.89609702092	190023.0812194628	189835.70418883933	189637.35267897788	189379.88142221933	189108.8889034757	188832.19966781256	188472.64873448122	188066.87664934422	187712.3496276638	187319.99418959083	186810.94820382158	186275.46611584054	185714.9000868454	185163.69101020086	184438.00764471875	183791.07211727998	183236.45537909557	182329.4071093859	181411.56337617605	180546.1621296741	179633.54328739955	178620.01630837048	177476.8866876471	176670.6703911965	175152.75882278563	173886.05322619347	172644.9478803334	170822.6370839936	169945.58814348085	168023.61002333387	166388.86589474374	164417.88244892907	162418.29434408044	160346.15688237874	158322.60914739507	156011.35218714815	153552.27308447706	150974.8624863796	148195.76753256697	145283.82917425918	142168.86689381496	138859.29613362704	135411.3988034736	131707.51336850674	127798.05323127273	123659.94573365386	119279.77109333177	114643.2842920626	109747.52258064755	104580.10479477863	99138.73951823727	93392.56987292902	87374.79538378879	81056.95026944525	74442.8343893011	67560.5819833788	60414.8814850045	53035.71905749821	45451.645817389945	37687.30853600733	29745.744890649687	21599.068302531145	13246.175717863196	4556.648777466966	-4390.79590625962	-13642.839758748974	-23222.53708604432	-33150.02979986524	-43446.17317943659	-54133.17486531136	-65234.848212467914	-76776.86864003574	-88786.77741630323	-101295.66629156558	-114336.96709881193	-127948.64612343285	-142171.5681372292	-157053.32199474814	-172647.5916951825	-189015.81677688024	-206229.4150687615	-224372.05136592535	-243543.28565682302	-263863.3426101256	-285480.299279379	-308581.749813675	-333407.3224104243	-360281.7273720152	-389659.4124215056	-422217.2008921126	-459058.5432291715	-502247.7138237544	-556768.7885809683	-649165.5422691568	-696367.7425890714
194226.90697783453	194209.56315944102	194165.22512713278	194095.33472560166	193996.302310133	193868.342604997	193721.70874042925	193540.1056012955	193320.29274937554	193085.84916773214	192813.9624084282	192541.33208603956	192196.8552726673	191812.7865205793	191447.8127993586	191017.6054963214	190526.13118130201	190017.1986912764	189483.1038638468	188875.08961405815	188086.67439318396	187696.40298094234	186892.7031215872	186131.69839784293	185334.2550999922	184432.99479205912	183540.72779584216	182573.4764330424	181429.28664405708	180364.02348153596	179282.3586580128	178019.27747030382	176941.7509183277	175226.72249587264	173688.6321149605	172570.4447759523	170503.0097765191	168792.71309960342	166584.39416008297	164883.3416115753	162798.362082036	160676.76949842728	158254.00815022044	155817.88449613508	153097.40474851092	150347.53802489064	147269.61986813127	144184.62622983483	140736.80894662772	137185.89920203883	133421.57245144146	129455.49417402543	125225.38876144146	120770.1549094755	116047.31488362924	111072.07881072324	105839.89835464236	100282.15483071769	94454.36215831572	88324.93038989132	81914.83517647593	75204.55583815818	68219.91240355733	60972.173013831954	53488.62805555103	45797.61419796306	37923.03134396317	29866.27104744772	21599.082033457904	13079.392443967634	4299.795388626895	-4785.078715149284	-14180.726902564114	-23910.80644395575	-33995.99654226069	-44457.80908880249	-55315.461450278526	-66604.6409700992	-78340.66667606967	-90556.19639336347	-103282.48985681281	-116555.33596949076	-130414.067770019	-144901.15401261975	-160066.5185106201	-175966.4532482394	-192665.8023309108	-210239.93669240602	-228777.67927052663	-248385.1975859066	-269191.42209596577	-291357.03510961396	-315083.86596810905	-340637.9925632355	-368380.53811230016	-398826.3616220641	-432762.9194732811	-471521.2899911892	-517754.1526393827	-578835.2496635993	-683919.3227216548
197892.95120255544	197871.91672933404	197833.56062028545	197763.20172975466	197661.7304766563	197541.71095481317	197395.9117019092	197211.73511991033	197005.24909739709	196775.94572236066	196526.89260676934	196240.86930262353	195892.7732747759	195515.36759435746	195165.679923459	194710.72999755002	194249.68958407236	193740.302513549	193000.30929077955	192750.99622774182	192118.17282541207	191425.89619383487	190690.7203362003	190037.0607734219	189094.60223560192	188372.6192531446	187550.795456914	186387.92192785413	185513.22884700494	184261.4638373685	183391.55337936973	182082.32230400835	180732.20906858827	179402.44032241378	177953.15156946692	176444.52913878905	174913.46118927764	173073.7823373451	171255.17447224213	169218.83920011664	167309.75582890376	165126.84150362757	163003.86402362701	160537.58682799045	157955.58528370177	155153.5585016765	152272.06507824294	149239.0240723014	146712.48524457705	142589.28515217057	138967.83609601285	135130.33268341538	131083.10334587097	126784.01536686713	122239.22123234556	117450.09084078166	112386.09715641051	107045.51960757833	101415.58279318194	95490.41574053664	89284.76508164496	82770.93315459328	75964.1635687954	68877.94629250054	61528.42548975436	53940.909883751534	46143.30856867251	38158.48217058432	29986.693106520863	21599.095982641098	12953.632675873465	4039.212686390674	-5179.844479005085	-14719.5418107062	-24600.44528793459	-34843.83420538821	-45472.052593039465	-56504.55482140026	-67979.00230012933	-79910.40374537138	-92332.8663006606	-105278.76159242075	-118785.43038501916	-132893.91306610138	-147648.3756015689	-163101.1813672367	-179311.4245391598	-196347.43353658408	-214288.89207324228	-233230.1128909082	-253284.38548985374	-274590.0747716333	-297321.02158294205	-321697.13920216536	-348011.8224100696	-376668.98075455247	-408254.8214905322	-443691.9395497266	-484607.4823087535	-534500.9912275961	-605311.1441042742
201539.26882748737	201522.48189715063	201481.25802556146	201411.0296329858	201317.8421830783	201196.2537954218	201041.88596911792	200879.90318615	200665.4907220492	200445.02791805018	200176.63918314176	199928.9659418673	199555.04813378604	199219.189268673	198818.01089865994	198424.008089555	197990.36038041345	197495.21471214265	196987.7856466493	196173.5817436984	195888.54770631908	195156.64255240475	194452.76503058156	193731.04521334197	192978.7105596056	192007.78644228884	191283.55555812543	190455.14883561817	189330.80246573756	188181.97692424664	187250.11520669475	185980.94245529498	184809.89565557003	183500.55549954582	181952.0818421892	180511.5120628217	179297.87632326936	177165.4527562332	177542.32509420457	173707.65707491813	171844.75441349845	169570.68193859584	167482.39080275947	165309.9216774251	162829.56102394866	160111.41839274444	156855.46308046475	154305.4422094636	151168.49273158322	147972.77115749553	144440.20768860393	140739.93343472894	136833.83725458314	132709.52070024746	128338.97886836436	123721.22357178538	118828.81310327802	113683.50537232077	108269.86322783848	102552.57844121824	96524.66657068214	90228.17952655317	83624.19369754626	76720.00252980489	69534.39664718497	62083.64903092297	54392.563476809766	46488.69823427324	38393.66778459895	30107.446513579576	21599.11014940578	12834.01344386232	3781.876234779367	-5574.974700243474	-15258.852839737083	-25291.09000458935	-35694.65696755849	-46488.80833913223	-57697.10644789215	-69357.92883715575	-81486.06218430499	-94117.1254909006	-107284.55430022569	-121027.3463877748	-135388.33665748168	-150413.4195706863	-166157.607281084	-182682.88627920608	-200061.27746181167	-218377.0629968309	-237730.44647099468	-258242.36836819426	-280062.3393061312	-303376.23954192904	-328426.7885312052	-355536.4242901203	-385159.41283290676	-417967.00224941835	-455048.68632729625	-498423.2525340935	-552871.0775018707
205162.6919289377	205147.3515605083	205105.74234529628	205035.20136687835	204952.4280346104	204826.64834701235	204682.7410625421	204497.70678943075	204308.20074424014	204086.03356335807	203809.13966191252	203544.50492679654	203263.10477831642	202900.46418932275	202552.88151520494	202029.46179629944	201651.69365847696	201226.6475156683	200791.67936930858	200015.67384786808	199510.3950177927	198881.82989212463	198222.39014930377	197377.92699763004	196885.5883716042	195750.94796471094	195005.4290992527	194301.9830635131	193192.98763471877	192042.090929378	191219.46512572022	189970.86876137927	188861.46376546257	187540.7437090095	186718.5161091113	184592.40968267826	183422.9036225589	181833.01313154015	180198.2673197856	178004.53910453172	176584.77119768708	174165.54007961834	172014.60677986432	170119.67771071967	167334.3556889996	164841.69216681737	162206.2752768257	159372.75264253057	156380.1752719447	153137.94534675946	150033.25958153474	146233.0585310938	142486.3371035416	138528.8986243725	134320.2327853763	129879.418037611	125180.4484737009	120216.6317103139	114995.97226292905	109469.17802431603	103677.18425507724	97577.89690767857	91160.29517620418	84473.2182557781	77472.43678837206	70189.64717468302	62638.00038878375	54843.68942364302	46833.68574765901	38628.972507779225	30227.770971573074	21599.124533254653	12708.243675188656	3524.2121965331025	-5970.507079308067	-15798.971699066693	-25982.977775253064	-36546.17324869608	-47508.17322790506	-58893.15395423153	-70741.42374288663	-83067.77122115408	-95909.03897923644	-109299.92987757945	-123281.13462016638	-137897.49153832445	-153196.55279010284	-169236.36216003116	-186081.2458317898	-203807.9061916942	-222505.2674520958	-242279.82345651166	-263260.82682623796	-285609.13453068986	-309526.49433354853	-335277.2666947727	-363220.7651417937	-393865.9573231064	-427988.1368628614	-466886.65335402865	-513110.7987635645