52510.696092200116	52387.94486414196	52074.09196910955	51584.0610135725	50885.39230595148	49977.45266991388	48888.77532320496	47601.753361736424	46113.63356665944	44421.16050613648	42520.53348364157	40407.353068060445	38076.554679946916	35522.32580717004	32738.002142310725	29715.93607429019	26447.32820311768	22922.008334955986	19128.145812794042	15051.858352148702	10676.670614203904	5982.742328168824	945.7279157529119	-4464.983563558693	-10289.137399104977	-16580.629868273158	-23417.14194555438	-30921.536781285424	-39317.61906973185	-49154.82334141506	-63532.289804739645	-71680.0569103628	-79381.61408503214	-87210.19934890606	-95173.08294418588	-103323.9085642597	-111755.86012911797	-120204.81972560505	-129297.09108545614	-137371.12118512875	-146842.05274619217	-155420.19331590107	-164095.95205033183	-173253.69240348984	-184541.26381295407	-193735.76889569245	-199170.4213247109	-215133.89967469856	-223168.1682139493	-237535.660201954	-232271.7198709804	-247418.80512489032	-263606.7671245764	-288739.4323367236	-287155.4106733609	-285068.28685638297	-296589.720387271	-329937.0661532284	-317942.9005667281	-345712.2335778169	-340783.73754398455	-342793.8118110674	-357437.62934675114	-387990.73773586476	-391848.43636103254	-400124.6459692361	-413731.14149106474	-442010.1104724613	-398242.9146037026	-416207.1661006603	-424649.93255754607	-464502.14818950265	-449188.0173598822	-434159.25875111774	-496774.64061687485	-520965.21578062576	-470307.2986575182	-575699.3646070114	-487531.6065574655	-570618.4406835381	-551220.6912320554	-501207.23241443624	-570952.8284942734	-649413.7274496646	-656147.6774759474	-630318.0781349749	-687521.2284307834	-686927.4510196656	-673601.3864138583	-704494.7503091083	-608313.7476483549	-632107.5552410347	-668143.1214321887	-756673.6416528202	-675073.1256546618	-631739.5887172048	-665510.0152096939	-718973.7280393215	-773432.1408339669	-654415.2258000318	-695284.2819244063
52583.733784797456	52508.96715814236	52184.175144767534	51677.35772351362	50978.74638962935	50086.24886779295	48997.867798542255	47711.26855845362	46223.679903719254	44531.84046962805	42631.94943605643	40519.610700975725	38189.76557272457	35636.60974192576	32853.48953564916	29832.770793446776	26565.67103532885	23042.041446302406	19250.078673672047	15175.93585801404	10803.184574470419	6112.04830510958	1078.2709413978155	-4311.278025961452	-10148.19183180193	-16433.986673824547	-23263.096353082743	-30757.03048346052	-39136.58635294909	-48938.278464518866	-63287.76324804756	-71551.38723490242	-79254.74098710701	-87071.97316221934	-95051.9283819077	-103250.33185699917	-111582.4768540292	-120027.29740584409	-128613.97326213765	-136172.95163725837	-147474.63960117247	-166546.81703837152	-165984.90705325632	-174168.0839278602	-179047.88156967968	-192430.58695052844	-197326.00732292296	-208665.16876683125	-221483.9331660053	-245902.84260678675	-248635.93547265016	-251953.3899637059	-258919.68521941052	-284613.91979325755	-301686.97704086325	-292644.39175998745	-308101.18956010276	-333829.5367683889	-295124.46154529974	-333416.48855789774	-362448.78259592946	-348529.56519518245	-358608.9444495808	-364284.37936821254	-437468.61429149564	-371984.94032212545	-413863.2306939648	-425451.55294338136	-394384.0912034579	-435968.70522004005	-361213.28346727265	-460929.01894719916	-473491.28745921905	-629307.8608968549	-636543.3790467964	-495457.53472850355	-544443.5014668144	-599503.536657226	-527980.4204075176	-581660.6303709098	-610277.4693045954	-536480.1866646928	-508536.9996475604	-586748.952844124	-486169.7625359919	-580654.1167810633	-668575.8555302122	-596304.5192902626	-554273.4161714702	-715506.7784800231	-659224.8252687801	-613529.2485848593	-631364.7492498453	-637020.5666093687	-751614.6636767106	-480074.2847483889	-793691.283769361	-960924.6712386222	-993212.5204484486	-589741.9470234814	-613549.5916261063
52755.2978345131	52746.37858027106	52508.40082178687	51967.1627146652	51262.254450717446	50367.77319834495	49278.98090949259	47992.779184932995	46506.11173633934	44815.59460615751	42917.372128461895	40807.02648974577	38479.49613201985	35928.98649967546	33148.86375445526	30131.523096885037	26868.22171998548	23348.86278191232	19561.710591916344	15493.006977316312	11126.441570947965	6442.398626938317	1416.847687225818	-3980.3621538986627	-9788.269624888053	-16059.610770296364	-22869.979009789822	-30337.66840226759	-38675.82206399832	-48390.71921103922	-62480.62709423844	-71222.47175345925	-78919.29568357638	-86768.18369563064	-94760.84363419528	-102944.97904789259	-111230.00907902306	-119828.80964710517	-128312.16549408727	-137492.5918738019	-145483.50733730788	-154353.5166015422	-163677.2537783101	-172727.65764260254	-179862.68573390006	-192043.76063044745	-231502.0978134104	-206817.67579375644	-226097.98503057938	-228332.79387163988	-244190.48910634985	-258039.5161328625	-257716.39618763488	-266464.3318757587	-279035.5765453138	-292974.23499284073	-331752.2108595944	-339672.55031455075	-315164.71719949576	-264739.498746303	-350042.5680651195	-397859.48012866906	-424398.04374332004	-392264.9284497993	-413768.4034964306	-361650.82852948015	-413207.17006802384	-399947.0375783169	-438845.43728410173	-464278.4699553781	-465771.9114284367	-443835.06485708605	-417391.79911909206	-421273.19816601306	-475563.8310609528	-563163.2680069448	-566179.6661791925	-448161.81874901376	-555166.0972240854	-493789.82954847225	-565659.5823300118	-462435.65992357756	-488534.3509228386	-549503.3637735189	-698746.7787920188	-562884.6462593018	-569590.4484486328	-577569.4013545641	-523285.0640501394	-863802.2536515149	-617380.964459854	-691271.7720988737	-576371.5204194812	-725755.2591566192	-536309.1809683258	-576109.3290642598	-469572.7727323831	-684448.7593360029	-543590.407714348	-517824.40090406983	-710664.8905925273
53022.4992413671	53036.13138271216	52971.19279679604	52508.21787359397	51741.86485569726	50833.26043255761	49739.14872781548	48451.093605661765	46964.39494759188	45275.00760384349	43378.77146296573	41271.1206129535	38946.92441852446	36400.36478990578	33624.81458147912	30612.699190423504	27355.3275306999	23842.67727331011	20063.11423726275	16003.016433096578	11646.256978943798	6973.471478165098	1960.9830186807958	-3420.8435645383724	-9210.257405757031	-15420.883787934494	-22208.989221933938	-29666.140251770878	-37940.487225138786	-47525.057224702	-60801.888116638525	-70691.24390613378	-78407.28568816799	-86238.86119193822	-94263.22553469002	-102422.0415005711	-110731.49843120298	-119636.8964702379	-127810.72635340327	-136387.4927215368	-145057.78837707423	-155403.7190973901	-162904.42644615387	-172496.5640409891	-181348.82443812335	-190174.35323205782	-199870.62058170748	-211262.66668907297	-230643.30812222944	-232296.62977817786	-261157.4271047181	-265786.96922637685	-270740.4493874968	-263842.4180869327	-279125.3679787053	-293009.65356841777	-294273.6785430408	-308935.2589308035	-372324.5515009399	-368907.55779632507	-352013.6924873835	-255580.42671541648	-341507.5667892599	-397887.45080223517	-404816.6979963379	-376075.5006519249	-384394.02724935167	-418317.48613376624	-399593.8900842515	-432732.080011133	-435698.7766662749	-471345.3287145048	-512754.37874113146	-511616.2626401741	-394564.4742474205	-507120.8556137979	-633232.6641478688	-489585.9752332798	-526035.9011946786	-422130.3883169504	-656185.48956082	-587240.2934454032	-587880.2031781632	-552674.1802779953	-600559.6100274045	-666753.5016850006	-656987.373966	-703258.7730397284	-577135.5017018837	-775694.3282492938	-646601.4698368246	-598515.1360199592	-751811.9931567223	-594812.8313261312	-552421.9830853485	-713345.6602309784	-763786.9663005755	-727062.9797998534	-262741.5121204198	-786044.9510693923	-696398.417122463
53394.99052934477	53413.217938487825	53404.02362281078	53222.995887658675	52508.14564029628	51510.79315886687	50393.38059420482	49095.64265395558	47605.01636298583	45914.77533543785	44019.65667220912	41914.56604605925	39594.10505275594	37052.32331943346	34282.5411923982	31277.185281767248	28027.607858454605	24523.86881316552	20754.45773526089	16705.926374604518	12362.387149688468	7704.806895104935	2709.949654566706	-2651.071721768938	-8415.50143662782	-14633.099421110848	-21374.186503555044	-28746.473393119813	-36937.38178256882	-46359.27489827847	-58749.92418454634	-69954.43305714897	-77687.32990326622	-85547.07748301022	-93548.73045526777	-101842.43989534586	-110072.8308759726	-118378.51104747443	-127352.36028715811	-135486.7199109258	-145498.14681568212	-153142.5993524307	-162949.4001110235	-172664.53396055417	-181579.31960045488	-213166.1253587764	-199986.22232219105	-206628.01587934484	-218196.17316046267	-239232.27692021528	-243895.91675968684	-239237.5838607217	-263782.9165262354	-271134.10061772075	-276740.9921266356	-293606.4797156982	-300468.8729036374	-312647.20276252273	-255871.1758841244	-371971.7283687723	-338201.02110670845	-370076.502550326	-388942.4866602672	-403017.9373030531	-309191.5374752442	-428536.3422541808	-379244.23507033044	-431653.9739081558	-442939.3221013292	-443312.666000155	-486058.57302867464	-445922.26610470057	-406186.8915874914	-437033.34315312834	-481293.4972496691	-519241.44278177264	-557988.7917861709	-524473.9711432992	-409465.79754867475	-435952.04742956086	-482073.6114271484	-618187.7235527504	-580142.8830739381	-577425.6603223335	-518799.77849807654	-623853.4411192087	-594102.3498464762	-632960.9076777701	-626267.2160320063	-700263.6368818985	-696857.6929113963	-768675.805140086	-762142.8475674598	-725462.8512631273	-733879.2793880231	-748306.5359676103	-773787.3019412088	-856041.8099900836	-802548.6028346063	-796373.7018859414	-843002.6501906307
53864.61599473932	53888.29410038199	53904.47235567734	53833.1953121814	53491.60902586652	52508.05761600722	51275.21809435607	49944.460092956346	48439.3842601701	46742.76672128224	44845.66682669282	42741.56469453673	40424.22196096851	37887.288247105025	35123.88156550075	32126.345253372157	28886.030359589902	25393.06152225312	21636.055528667785	17601.759964105324	13274.56804874682	8635.82547963981	3662.9289730763994	-1672.2788693045732	-7405.761954376358	-13585.2816214739	-20277.683315815986	-27583.896820951864	-35675.47893473104	-44913.32807278927	-56560.00032864371	-69000.87823841488	-76770.00491666837	-84633.71524664934	-92621.28873577461	-100812.39858187066	-109145.91081689374	-117707.2901339751	-126204.58481433708	-134830.97173099787	-144089.32448494216	-152721.4559889913	-162432.2720029618	-169837.43575694546	-181972.2678434078	-192558.25132892633	-202698.73809998462	-207011.09917512568	-219774.92585499643	-234502.17853637986	-237895.1901672841	-241420.47687275126	-253030.74152076835	-266664.65633580094	-277289.9449844219	-279001.0242077565	-307008.8512344578	-315120.08144164865	-319939.2165240432	-324983.40631930577	-388142.0856827323	-467953.2607233162	-371894.3652332778	-426404.5410917881	-308377.1437715234	-486926.5983975487	-407633.5550792372	-423251.6206480295	-444049.54374152375	-465244.4572723576	-454265.755480857	-464474.8810559588	-461183.8495269103	-529886.0940493166	-435233.2567666358	-498147.94397820666	-522531.8633296404	-560231.3906469787	-613782.0107436909	-629027.0630750202	-597631.9005296767	-594001.2519896798	-601119.6488874021	-555620.0430250794	-621955.2783005442	-620109.4428406194	-653244.2594773383	-636003.3978606267	-675332.4373415071	-661356.4480079026	-637298.387673616	-701806.1874254788	-685536.3145755646	-683227.5108286103	-764703.0034976236	-817614.1279646351	-583850.3822601829	-729851.2270467288	-800496.4194108215	-532693.3436830998	-497551.323266118
54435.69922026203	54462.555517899455	54493.70446642127	54477.26901498408	54301.41010009934	53769.54032791883	52508.050641250564	51036.10406660376	49487.9288650004	47771.80338889302	45865.75489724157	43758.46882663554	41441.970118907455	38908.777653775585	36151.474049762735	33162.16999893042	29932.024276339827	26451.208726678422	22708.411856041523	18690.63827113557	14382.550152612006	9773.314715367858	4818.823915955785	-486.03472723590676	-6183.191009440954	-12318.180169829837	-18954.03522285857	-26184.41778652789	-34164.822563024936	-43205.51688118576	-54229.80808676552	-67823.0732755943	-75650.15638187842	-83515.89923999243	-91537.66727954743	-99716.98800902034	-108009.70025124928	-116553.06469380739	-125391.61219523536	-133726.3397165465	-143250.40975289283	-151588.1952593999	-161461.9176757047	-168818.87337135672	-182530.955383658	-193357.05205062224	-202082.54537442737	-206224.3841473572	-217450.17237468812	-223753.28362054817	-238216.97109208233	-253797.09807141847	-259090.9703277316	-268871.48960308253	-301914.6119714633	-291953.55700293597	-319426.28576445836	-293431.7892665211	-320243.42910138215	-328112.4472210063	-299188.75573141343	-289738.1758237861	-377107.93717756565	-345150.85235005745	-377142.7872704181	-453413.2758654395	-380531.45055874065	-556090.234667198	-403296.4655201589	-427179.1576839384	-447149.28797576623	-454366.842851896	-436669.1676581066	-531927.1724597586	-356356.12320874707	-478321.541323223	-550509.1752768041	-489062.4339107111	-513075.19943574927	-544027.2148212742	-522983.8825262367	-729895.4810802315	-579979.4904130849	-638667.7509669282	-468361.043074208	-662134.9104184676	-589200.4517439329	-510020.8780466832	-683902.6177309939	-662237.0951037996	-664797.7288359329	-652747.6106673204	-735617.922392003	-686809.4120519006	-654164.0662809561	-744155.9286759384	-748463.634938345	-790278.240339603	-647170.9408169675	-714136.0631652796	-820265.2264048457
55095.980908296275	55134.750637355406	55174.607673668914	55190.499623035954	55106.77565520504	54799.055450683285	54055.18143150871	52508.05413677104	50794.68757472251	49024.76327350031	47094.00631494331	44975.258007791446	42654.58260939445	40122.053069953865	37369.24760691429	34387.465657168475	31167.611570026056	27699.68734315876	23972.435856957833	19972.957407910464	15689.756905736693	11094.547779781773	6176.537929643266	905.9996398996154	-4750.131343558198	-10835.024105053104	-17407.72235509698	-24554.494462837814	-32414.64806866634	-41252.55799587059	-51748.33287153623	-66338.22469919396	-74326.78753160773	-82211.0102697864	-90238.51575349193	-98447.5963182229	-106689.9440602742	-115255.75274860123	-123848.30215392477	-132840.5499854238	-141566.99069714648	-150517.47604343924	-160065.73991378953	-168364.23875936266	-180896.2256134324	-189331.28928422762	-205004.65032617116	-209802.11221491508	-216074.11833521226	-233686.31984514883	-241002.00791847426	-240080.386770519	-304144.4400912845	-271744.52544365905	-278606.82331451494	-293032.0627138872	-298664.67460298457	-306836.4460028216	-329148.8171015192	-331584.0066200282	-351291.8483686443	-364103.29741021025	-384448.11168658914	-405467.56650413654	-363933.02781679854	-390387.03992113285	-433099.45198019734	-446285.25900398166	-412690.47526388965	-427536.5456482264	-444572.85154360125	-480008.3102483768	-443193.2156332506	-539074.6993337718	-490624.56015922374	-567230.9496397655	-567656.1084838619	-608519.5093357915	-418716.4522934043	-511416.0194631989	-526792.9239051983	-572760.273667376	-645002.5216059643	-691695.3214099724	-651623.3987016279	-573038.7309784878	-385017.99195039587	-611856.7924307808	-616229.1435311541	-703758.429076182	-661751.2883871184	-754988.4892610719	-548056.3942854875	-725843.0237686906	-695436.7046283786	-718002.0732591408	-585549.7947932607	-685928.3781682849	-641533.4220282643	-838561.1502756549	-771632.6112153493
55856.43138686268	55905.391973269405	55951.078104801185	55988.363652174594	55960.785066540644	55781.6559078361	55317.95003741924	54344.40294054721	52508.06415512052	50550.95049106295	48556.66520494895	46407.28657261247	44072.22131925332	41534.68132282203	38782.724646399	35806.41323889309	32595.78715148702	29140.60460379612	25429.4074699028	21449.710939296405	17185.707117024314	12621.139748644287	7735.006383916509	2502.119643088896	-3109.0351822637313	-9139.20141338231	-15593.92363896317	-22700.56547828755	-30434.93025871183	-39061.05966609996	-49113.11563393599	-63689.01116334688	-72789.48323424	-80707.07563967939	-88744.977244285	-96943.95084869611	-105385.40832061402	-113803.96990903982	-122412.28764527373	-131358.01142117428	-140041.61266049487	-149386.33608229156	-158562.0682808903	-167931.55521950155	-177277.96966701336	-188717.5688105367	-197256.22850410893	-207088.42295839914	-210536.40557955255	-226443.30748803812	-236497.15829652245	-262950.51487130293	-256225.3464294743	-261806.11769485738	-252228.01272375716	-290793.09139299643	-291048.548524686	-311104.8919162549	-325746.2363291797	-337523.00496040843	-359749.28779030615	-352340.0449685454	-360783.6756917885	-380954.8231424547	-337947.6812678289	-386880.62767286773	-399618.442992585	-565605.7569903932	-410617.5644665279	-444611.64129933703	-361278.8317020095	-424722.3924933987	-359459.0255060196	-486490.9479755317	-473261.5002305539	-481548.9254398038	-564192.3311445573	-563525.1519843077	-558646.3308370053	-539722.8758781224	-453154.3129877894	-612673.8698778094	-530068.3220696605	-630499.3360656451	-606667.2637707081	-560136.7959947268	-682645.056939344	-557766.7408413454	-690129.8476952151	-538420.2310325052	-693140.5553587999	-717978.5555839252	-641909.3639428788	-734906.8945003219	-615999.742442484	-534012.0651361889	-810795.9012466215	-719409.7321714896	-669180.3437191863	-719490.3716781114	-693921.0587919066
56718.249042847834	56774.03417073528	56824.269282028574	56875.79310430674	56885.78605977379	56789.80137383976	56492.09157397406	55852.34904917763	54636.9219465059	52508.07877973301	50305.110737239884	48083.06224487728	45712.69595442471	43158.099792375404	40399.6629658319	37424.43541091686	34220.75386075216	30776.95550093567	27081.711327706493	23121.09683612443	18881.38117651132	14345.480626559583	9493.310594454815	4300.696838766686	-1262.327666084806	-7233.935331315093	-13665.525591472076	-20629.178491890605	-28234.044065126567	-36657.66517968342	-46310.87755132705	-58746.76293125996	-71027.70914890215	-78984.39589735906	-87056.4064336725	-95222.11037149461	-103582.60827980714	-112093.15924684453	-120885.59709338486	-129600.90670858158	-138771.42878929042	-147833.41423128295	-156471.3515545161	-166674.98399831867	-175874.9052274806	-178009.32766090988	-196545.32042992685	-200258.8750644296	-216022.15928860466	-226555.4873263465	-230067.3018109809	-287093.7893805655	-259759.61745312045	-249838.95169889875	-289058.29233664623	-285810.33379740285	-286215.3010693665	-314809.09331624024	-327568.86586422846	-342715.70786491886	-332540.1235609966	-363434.2971108217	-349788.39298213297	-356908.1341150703	-389628.39416777855	-376310.3696099912	-380363.55252765707	-436632.1004838143	-433205.29445884115	-440797.10436312674	-409262.55537108437	-449878.8903178453	-380026.8463217574	-454795.32315471413	-537972.3615943016	-578580.0870733177	-500821.6627215526	-558433.2734706749	-525763.4482599308	-487327.8428307963	-506371.2237808627	-585943.919442526	-541263.0658362871	-610454.8502954391	-635565.3978433872	-597912.1060110836	-603474.8096006312	-698464.3014014857	-692188.0103418226	-642716.6069462537	-641010.0831615814	-585922.1488231444	-725497.405351351	-776638.1167257861	-623382.926549837	-775402.4812725068	-683181.773854499	-750136.6944392419	-755747.4396674731	-712374.0679141361	-1.0198891704632246e6
57700.83951935856	57740.94212186185	57794.14481122754	57855.496124324476	57891.850941072014	57852.57322551997	57665.78038079827	57230.92897953035	56399.36300923128	54932.12299398007	52508.09711371639	50057.16184178239	47604.07142460704	45010.402641577646	42232.97304880811	39250.948520004866	36048.686416451004	32613.08344160489	28925.8780720105	24989.69316972373	20774.301533861202	16267.79765014333	11450.906421438645	6300.407991885353	787.8314718775218	-5122.808903171477	-11478.76919980871	-18345.125101256213	-25810.295470930287	-34043.880084273085	-43351.15375015588	-54661.017988614854	-68995.32474479446	-77061.79834798808	-85138.7987365567	-93354.96526401842	-101735.6445380873	-110323.67948509305	-118971.72853478548	-127794.8708874012	-136702.2014036168	-146056.56755428686	-155089.9281145295	-164270.3321741222	-173844.48266550153	-183776.6173862098	-192942.6094253657	-203473.76564303954	-210737.42646441032	-225501.63857477868	-227819.87857208258	-245727.86822901844	-253154.67164144042	-250822.55811687282	-275239.2322211558	-287191.43843039137	-304742.9210609638	-302439.6921762737	-307609.98011088854	-336409.64448096964	-342349.40537763806	-334342.6555930594	-364919.71030906483	-380014.2623383028	-362799.3160892219	-448993.0609793955	-372367.08124406484	-388465.9117860786	-401603.9508081558	-376195.83357136615	-477261.89998776215	-447903.77034663263	-535983.7224880796	-489190.3143044563	-473243.5678059033	-451089.2372918436	-555685.5558830581	-474148.5845253179	-489917.5822716563	-530413.2917600626	-525414.792203638	-560927.095944165	-543715.9288592981	-591716.5447611819	-548701.5466046729	-608483.2257582177	-596873.265354837	-527453.7986496291	-697120.5348126648	-632309.676289025	-767262.5137625532	-729518.4370525999	-712602.2475893344	-648740.6730310959	-665344.0445050246	-696157.3549097588	-603496.7057163236	-701065.4995055061	-713226.1883712304	-651125.8723568209	-720482.044548793
58779.549774336774	58805.40646938584	58860.28928059415	58929.20339562249	58984.818945131614	58986.15166504093	58877.28232995284	58580.87389233522	57992.314880496415	56956.07622186336	55227.701098014484	52508.118857710564	49808.53959568287	47122.99825978966	44301.14646434481	41297.58815082206	38088.04807616022	34654.95150443795	30974.549407867627	27058.84700006011	22865.88865187869	18388.53072119257	13607.311406011868	8499.834302311472	3039.3229699487565	-2808.4345765056787	-9086.802862454759	-15847.95529218801	-23187.34085704075	-31233.525043946982	-40235.48291789385	-50786.05923976915	-66291.33819976723	-74918.08699074885	-83027.50048650926	-91266.0460041961	-99675.30072823085	-108207.64863373671	-116887.5702091064	-125645.84096204367	-134646.8643582115	-143647.99408212444	-153379.0478185982	-162164.48880174797	-172294.7963616172	-181676.77620337752	-191483.94418287015	-204367.57739657213	-210245.80742671792	-227744.4435187057	-226521.26008424244	-241436.861555116	-246809.5896187489	-262623.33239855175	-258064.58976784314	-286970.30767822143	-301928.1511176052	-312892.37742560206	-308576.6846923885	-327074.0094147546	-337441.4068516451	-332270.109017893	-367611.9906506627	-369871.7497909769	-385207.586641461	-379432.80519829167	-410113.1746608083	-440235.23911381705	-486403.94809106976	-374327.3872696083	-462044.02549197443	-464042.2071795564	-443226.73892796756	-550241.2929199282	-492907.3136578701	-593766.1495235516	-412033.5826236567	-543315.9942084479	-490052.3037251763	-550390.7695152042	-575980.9352730736	-527383.7222846507	-606142.3658749147	-592631.0834623789	-588217.4406234685	-562594.6400491798	-508103.13355073956	-495981.6924500629	-601812.3290456431	-666778.4867790035	-733284.5975858399	-662587.9804660135	-660630.3485946639	-655595.4807991097	-695471.2945622385	-662735.0429215257	-689806.672406544	-709296.1798794635	-710063.2394722635	-837116.9665787155	-681842.9334383311
59934.59702280123	59966.194046225806	60022.71423139749	60097.15368818416	60167.27563139831	60198.742537183076	60146.809347079485	59950.58011025496	59528.823480190564	58771.73382120815	57520.049392215384	55523.198650857754	52508.10677417519	49558.14851868048	46636.96930500207	43584.83595308091	40352.25332321183	36911.63313263867	33243.96682184347	29319.209874883236	25159.780811875826	20709.821384086157	15963.582292637293	10898.76703850177	5490.576874846767	-293.22366395333665	-6486.903081693017	-13173.531172832008	-20364.22174686982	-28234.9419610833	-36954.999166972004	-46943.85192191947	-59824.47479055467	-72533.46406168252	-80709.5261615343	-88953.14797494438	-97399.66471085054	-105924.97571979664	-114651.56422019153	-123412.68531520077	-132507.0086340315	-141491.15392813404	-150904.50309437874	-160514.82431683262	-169921.1438904191	-179276.6846549971	-192324.07362055397	-199210.28296255076	-208761.5761420892	-219494.77321301517	-237311.31312796925	-241671.87775362947	-250360.89289292364	-270733.5552227362	-272574.24567960645	-265900.8310629813	-283173.44630618254	-303988.7273123598	-314800.89373254543	-329718.8582989115	-348579.84512115596	-344820.51025270065	-362907.75790655956	-364558.8569849329	-378927.4670965966	-378667.4489071759	-450445.1465421379	-409245.79821016616	-434395.2965483457	-427095.79411251144	-455545.9586525867	-469727.47558775684	-446872.3836192681	-406335.1163390123	-443386.086428917	-364083.8942912719	-472778.47436809697	-563967.4757470423	-532852.0537732614	-524561.9721569594	-572406.582467126	-598642.165882465	-651405.5291052107	-579448.3296136155	-551802.158877516	-526748.057121901	-577169.3946070629	-607414.8223005207	-748684.4711107172	-612272.3193028935	-627278.0726177157	-672691.742190639	-761513.5775739029	-792528.4671169121	-720166.5417895387	-704641.845976837	-631853.3804341187	-743475.1171073732	-750636.480359209	-727915.6846858198	-701048.7417759898
61192.53109825385	61223.18770209231	61280.82016892711	61359.56506492902	61440.38423283497	61495.15676739375	61486.2402042099	61364.296875584754	61064.82420241751	60503.799450641294	59566.383977879275	58089.132021948055	55818.75481782414	52508.1689707624	49306.41336472568	46147.47349312145	42862.54582672607	39396.336411347176	35721.956878780125	31799.683520904422	27641.92925354824	23233.838869767438	18520.588160485117	13497.931492329255	8141.732315612258	2426.563981526968	-3719.704882784077	-10262.211357548658	-17349.19503434206	-25046.77232716704	-33514.155341681995	-43055.44393790141	-54533.024777660874	-69820.84779922271	-78164.49455803024	-86454.70904259212	-94886.05933289658	-103456.52232049848	-112144.33263537628	-121036.87747986594	-130122.02903546937	-139175.44369052708	-148369.59796605227	-158051.9258927535	-167603.48352361104	-177375.04449872725	-186949.69158780435	-196718.89069886657	-206423.87898961143	-218047.0226751428	-227671.3452678996	-235687.34063946645	-255678.19249066676	-260397.87563527326	-268871.21663753747	-270421.6170599877	-291233.9329903454	-294370.5447459449	-315106.17527739855	-320715.17052510486	-332431.2369098322	-395130.8367093133	-358306.13175071415	-387683.5142098031	-387924.4986953997	-385211.3531807504	-398868.43474698183	-405935.27392997354	-389618.66142265487	-444917.87744987407	-515528.9740538785	-478369.49971440196	-430395.43225150765	-465203.8324136445	-440222.68638880557	-551212.5506767812	-532888.6589282539	-494403.3906827985	-554418.4935580865	-567295.6240398372	-572078.7252375777	-561698.8400765874	-596022.0441433042	-555172.5330078623	-666196.6578497239	-599664.5441509852	-630016.2466742302	-707402.431147942	-613434.312419211	-718583.7796988254	-574524.2004891201	-678151.6364739607	-811443.8738077665	-620782.6485863253	-708801.4632293696	-741811.866833583	-768340.3261489589	-650126.6611115502	-601770.5901866723	-720790.110954493	-869225.2463249685
62548.3759083699	62575.54140842767	62633.59227094342	62715.955249557795	62805.44555153174	62877.91675579292	62902.46341725791	62837.51477704343	62630.432389033405	62214.00353469333	61501.089221678354	60372.91343129307	58663.30023709347	56114.01116741303	52508.10696763586	49053.61818327222	45654.576555135834	42134.704312130576	38431.830463637016	34516.71825530953	30367.478778323362	25942.674828313233	21256.832791261928	16271.671045943833	10996.703434184892	5340.726984787849	-702.0553857406194	-7177.3328420174075	-14140.866554848966	-21676.333597372664	-29913.09746627623	-39080.82787768135	-49714.88635186039	-64555.70378383339	-75384.43456124299	-83727.16829898013	-92176.87912260822	-100769.32400535943	-109514.20278055439	-118398.26804052235	-127397.34503652909	-136618.12474534244	-145807.35418223246	-155250.83650882074	-165200.6408118043	-174435.28307087588	-184527.48071382733	-194586.8001983321	-208048.8680454296	-219239.31803619777	-224611.1235070249	-230316.3396165674	-244814.18948265797	-258748.73821170925	-266468.4288288391	-267141.8062630452	-278646.01726351643	-296151.98551517003	-315881.4156281395	-306424.6266071673	-325075.2603541394	-325173.5912387969	-342972.2241829756	-351086.3402383044	-346309.7251618906	-379963.1820228711	-394904.6090565232	-433856.64257380774	-421002.0688134511	-399091.10610856145	-449783.6043996675	-457579.61224883504	-482446.95875346975	-449472.21772239875	-487092.8061377629	-610972.3154631589	-525395.8480579874	-479016.954411941	-544761.3882344533	-556271.7538748262	-580254.7738567095	-554220.1768420986	-571777.1326182655	-596902.1940654223	-578007.8130828398	-526838.5402253515	-606337.0666914582	-563545.7345864996	-699905.9127800365	-661549.9621895079	-627858.7495188825	-675847.1910136756	-672182.295686322	-505884.0266739395	-633135.4951280353	-547138.1550884091	-678958.1901938766	-766917.2964255579	-718329.4224547911	-695899.1657884103	-592164.1571163153
63993.7558127144	64022.23620098614	64080.89590278678	64165.87117899518	64261.64315152573	64348.59688865871	64399.37138339935	64379.18278696804	64243.88272675994	63938.489522787946	63392.79009500763	62517.07163044065	61189.75195848406	59240.801866708585	56408.3453472188	52507.86576473934	48799.72839007349	45158.684115192416	41396.44903607486	37458.04198323158	33306.74287180102	28905.132029975648	24244.11991986321	19306.55107398241	14049.092699516914	8452.14686258536	2483.672119417868	-3898.9597834756423	-10743.92309594163	-18125.94708803337	-26154.17803652957	-34998.6279334311	-45032.001483794855	-57339.88597199999	-72309.69606839231	-80780.92323794798	-89256.20254274007	-97868.21277612553	-106649.49762856131	-115550.47287970275	-124534.11748066344	-133811.3043768105	-143067.0009903004	-152463.605329984	-162137.5628441122	-171656.59158510258	-181393.781805843	-191240.55252157888	-202106.52676979412	-211943.45646524403	-221909.85655749132	-232674.2336921169	-243348.65041940263	-253230.19370538616	-264369.4105854275	-272436.28298997256	-280017.36829225475	-295279.6141579905	-312686.26015477104	-332883.9037705744	-317585.99317670614	-335624.9261710263	-350412.8952540659	-352115.61348255107	-377725.39937641984	-356268.78651722893	-366984.97912442434	-415290.1884820312	-457579.78391722287	-404195.55627060286	-416676.082235652	-450320.47486936575	-460212.9047020837	-468903.1027263318	-475275.41207940556	-483055.2612086313	-417702.0975131062	-502269.6421354869	-524203.581750233	-516971.3218424798	-515156.37392949604	-516787.61029569374	-604369.700503401	-586108.615796437	-551186.0370502037	-559047.8930122012	-591022.283406875	-574928.3311819062	-642625.9702392714	-630442.1839461685	-651174.5070090019	-707848.90147427	-606519.8970532252	-676899.7970557656	-621814.0764016048	-782291.8327506143	-682471.0034386511	-728761.535575601	-692388.1552604451	-824186.8942258202	-781454.1364786327
65534.16794791623	65562.50665810192	65621.89149930005	65708.28032646206	65809.63416494639	65907.86648421103	65979.63277694973	65995.16330804571	65916.7301348249	65698.40186907441	65282.6328176051	64597.03767617652	63548.76053359892	62014.42740813576	59819.92659235443	56702.8713478228	52507.88444044403	48544.92198631397	44660.48951193827	40655.579085871344	36475.68684252439	32080.328242104995	27433.093118528777	22511.79351696337	17294.859408228513	11761.836035953776	5864.35205826466	-429.8618958532461	-7162.597925166949	-14400.050124528352	-22233.090263784572	-30803.82626485126	-40363.74590742527	-51526.878834672854	-67956.7808068046	-77588.95958996142	-86131.13269056793	-94778.30739182999	-103570.35013238946	-112490.7407603983	-121582.58044481702	-130704.42735566196	-140051.53230010121	-149461.16477723414	-159052.08111279443	-168975.25726742414	-178766.29732239145	-188664.5050272632	-198616.82782069812	-208808.22745007082	-219163.42489494875	-228892.8979664832	-240221.8291739927	-245035.59184743368	-257373.06366688322	-265242.3615126584	-283860.54239270266	-299808.1382333958	-302022.6015541389	-314820.65907536796	-326233.4530598259	-348689.9540613929	-331595.7216816151	-352652.5698557821	-362316.48596954707	-387961.403451441	-392040.555411347	-400972.9205470908	-406956.40654025914	-395916.4436677855	-441307.0831250599	-419733.553236977	-410456.5001911343	-493810.7210335673	-484552.14254407544	-511592.9857939799	-484962.1050346783	-503176.0629749132	-509079.12956265506	-513428.43372748763	-570139.9152854565	-560219.5743599448	-572646.4573300052	-549567.261341979	-615619.7432131486	-542363.8043526455	-673977.8416348738	-616804.1280924978	-579211.0287797992	-655390.6853674611	-659335.6725252399	-617594.3558342655	-683833.4390060798	-632361.2761147604	-708169.6171452682	-684156.993403173	-705766.7649161408	-760010.8151142071	-700147.0723152908	-610543.4222917804	-622814.981293257
67167.27912483684	67195.49434678993	67254.7921302786	67342.95800616371	67448.34642856289	67555.85833306247	67644.75890343488	67688.99313630397	67656.61608662189	67507.95780159411	67194.8651951343	66657.88131035585	65822.71173562887	64593.97598227329	62845.63595150795	60400.464336850215	56995.73455310709	52507.93102317484	48289.40722258293	44153.60454763629	39911.606489766215	35484.71396364411	30840.365394545486	25946.01688170535	20763.30209259558	15261.889987521601	9440.591158155934	3229.8084954060905	-3397.417783493991	-10499.509553753858	-18153.396018334315	-26472.506960779778	-35650.529075537255	-46077.91904200477	-59001.62278561157	-74098.99278097006	-82766.18005786889	-91447.14828289545	-100271.51815363657	-109210.05808670321	-118321.28880067164	-127615.91415976867	-136911.22872627934	-146305.30314377797	-156189.69364515468	-165809.21619821532	-175554.76519454317	-185628.90461152946	-195526.54528909954	-206584.5837699984	-215847.53515467446	-227839.27857943965	-238394.32444042576	-246775.38461050804	-262238.3070678306	-288452.8221454609	-275946.6461492656	-296426.90186360606	-297406.10507914075	-311345.4290935801	-330514.81143823493	-339816.0322283333	-350455.88398927596	-352837.58764829644	-352612.4861191324	-382253.69602751185	-392260.6604738841	-393907.61374012067	-418403.4698313692	-427558.9760993517	-426631.89271262544	-482807.84669561876	-446552.69704189635	-507861.68504854763	-441978.7900723127	-490945.57595536066	-474734.7902320376	-529907.2514049625	-534355.8946864789	-559982.8816666252	-474909.276957866	-543809.4288874664	-513285.5620383231	-589114.8200025915	-567452.127208255	-577860.7696725596	-546229.8191525894	-607367.7544558572	-644120.6616733235	-606482.536908769	-619647.4005000859	-689423.344083208	-602415.5585002403	-625552.6694660749	-668915.4139735019	-708137.255727968	-677023.525399012	-686049.7613449257	-712027.183269406	-736099.0734307882	-709266.4056055334
68894.59095598152	68920.16013512184	68979.79735966082	69068.939359037	69177.81078350922	69292.57492663353	69395.27125616072	69462.90664032794	69467.91592093866	69376.2966287832	69146.28737747151	68726.54362552203	68060.16714348464	67066.80420796899	65650.32816567278	63682.12825054745	60982.39278855227	57287.80948011327	52507.94947696224	48015.474091797514	43648.546480420046	39160.93325513965	34485.23815378183	29584.94055320605	24438.61563743127	18986.885701485473	13212.399232839933	7084.566001304309	552.4453888066346	-6423.498716796661	-13913.83576196045	-22010.325966914825	-30865.10432463503	-40745.59711032442	-52295.21991577122	-69357.50455418258	-79149.81620473613	-87902.29853680744	-96755.48530644763	-105737.352330128	-114823.5875972746	-124055.13740834667	-133493.5662709095	-143080.08039903277	-152849.06157519837	-162422.28981770892	-172136.26688668047	-182098.84262545742	-192216.37689532907	-202542.03583993603	-212850.36691364387	-223494.65484297415	-233562.4694967648	-243592.85638365473	-255287.77006521935	-248099.84369662812	-275992.36355352396	-285934.5954235663	-292712.9581121373	-311282.80142011674	-326713.1998502659	-333298.6805349156	-339272.6581787985	-355090.1884685048	-367220.8522475476	-381741.81923332426	-384490.86536152055	-384458.8929710275	-419437.7949492209	-425100.2859553346	-416495.6776746913	-404495.65272703674	-418188.8075635736	-461429.63278276025	-432910.27969059383	-458630.4459589442	-497550.51775917254	-513663.3147061491	-481954.06700925814	-535239.8408285165	-509210.3853016353	-632983.8390335611	-561566.1921563563	-541932.6041809297	-422388.41723396536	-594769.3755187755	-597156.4354120907	-579885.3236071139	-587008.4080539127	-636721.3945800562	-614717.6871286128	-641949.3226611156	-690020.5143271342	-705439.735103562	-631144.1567111157	-697814.4370309904	-717188.0104372425	-710937.0701206562	-672666.8257613626	-869663.7663209422	-640813.7790637354
70709.8931256251	70735.50852828153	70795.2398594913	70885.13448027789	70996.70657013552	71117.46401117116	71231.5143490165	71318.70237078497	71354.75892122847	71309.58975301957	71147.67606549512	70826.02541369415	70292.9117593675	69485.73540305189	68326.29140437869	66715.73408821021	64522.40480747059	61564.60674279297	57578.92235532508	52507.96178589709	47756.73699793979	43140.87046903657	38405.024041761324	33477.39510151424	28336.32375330932	22915.569526658917	17189.573715748586	11130.04736274472	4675.25559496053	-2171.2963593873137	-9510.960511797079	-17410.07011589635	-26004.463474089687	-35434.58881567311	-46148.62420139377	-59371.32758809085	-75210.82114383654	-84112.33731557839	-93006.1148440307	-102011.36711310994	-111209.1055105358	-120468.8440871134	-129811.30251260998	-139417.14553709494	-149161.13504524255	-158820.21504011744	-168618.64728163078	-178726.63750387254	-188640.91247201525	-199938.71856748985	-208954.51877796906	-219135.74439578326	-229398.74443095588	-240195.00355211413	-252210.35765636503	-258366.9505484157	-272199.0493532445	-274628.5644245002	-293985.3538624366	-302313.64433056116	-320680.736219984	-334373.5699588177	-351078.0669668544	-349334.1709531492	-363821.5628245776	-375492.08955390984	-394811.5965071771	-392416.6670568909	-410106.92190390825	-412183.490222057	-432658.15485508833	-432606.9996135754	-448398.78062048025	-454221.2444617188	-475055.8310476498	-472865.85823945893	-492023.3023019662	-491464.38528768654	-551593.0295358249	-571268.1888302399	-523968.6651738243	-548083.5131710097	-551199.9973049988	-560632.8147957432	-613969.1763280279	-689134.9327793159	-577479.7176214703	-628652.8329749417	-582743.6159027326	-647173.7855157312	-660613.5040604887	-623537.8604982628	-670540.4030394692	-693268.9724763653	-677637.5957682568	-651740.5591907359	-769031.3180735623	-703596.2827856678	-707504.5561270849	-751551.1375991716	-778420.3636722316
72614.86750093315	72640.57565227087	72700.25169547024	72790.82572771172	72903.67459284153	73030.00826673233	73153.41821986483	73256.91037648555	73318.4749966152	73312.17484056021	73206.52429552894	72964.47680892888	72541.55490036361	71885.27339084324	70931.29010366986	69599.0784342731	67788.96139490503	65365.964384023275	62147.10228662816	57869.01816583169	52507.786070168484	47497.679702741734	42630.75155743645	37654.302398527594	32480.42342209452	27064.86144299357	21373.574867086107	15371.18605729856	9012.68971001284	2243.40338626405	-4944.17681834317	-12663.113068235834	-20993.672855739744	-30087.79205227844	-40215.75685474172	-51985.00614868669	-68843.00319463076	-80056.46333283937	-89036.58136203233	-98101.27143461641	-107285.54190779256	-116583.5530766974	-126082.39343954093	-135594.34006303	-145213.94550854014	-155032.2860406976	-165063.99197200598	-175213.10827531348	-185317.25850304897	-195614.2761050636	-205607.31615770183	-215799.56414144844	-227252.2169223843	-237308.7277845057	-247218.7391821702	-259559.9115862349	-269992.1058405896	-278207.87783591193	-292889.95212643116	-292774.3251481729	-303169.0103341869	-324395.62388694345	-335501.5761091943	-345336.5948334356	-310406.5134118455	-368739.98847183544	-381311.82806703384	-407000.9351282522	-413877.2142554554	-410707.5183573959	-429077.74572769745	-430780.4869703993	-462595.09618285944	-456683.30582687707	-461552.9585974887	-480212.4583013968	-480641.0817366303	-463132.9142267857	-534015.6465091413	-538441.804297203	-523150.1961308205	-510618.8998375065	-524970.4121262652	-533158.0204814754	-550122.7830715775	-565802.6598337839	-631733.3872301427	-566815.6719135377	-615677.0546465275	-632361.7065248695	-627886.3682505141	-597075.9747389536	-734099.8012331189	-677398.6884338288	-680224.6149669308	-642941.7520303251	-709086.4600475924	-739493.061274095	-725685.3624071737	-709792.2576612267	-727584.7697956148
74608.66435723848	74634.13063393021	74693.78222999207	74784.61327555397	74899.79102167359	75029.36017047006	75160.54150742892	75277.3677042767	75360.4271571725	75386.66164522734	75328.65121758974	75152.71592407726	74821.10262156167	74289.04569713643	73502.0140975645	72393.79100118007	70883.62224692703	68867.74679353053	66211.79667035182	62728.83136514982	58157.74028384546	52513.87340767315	47237.82932531691	42118.24348031619	36890.6571278318	31460.925170621573	25785.462690373242	19818.699739867297	13531.401169837307	6870.22649688489	-209.23339037387632	-7767.416805805289	-15882.524114094937	-24676.6069868138	-34340.81547566026	-45251.12258638372	-58484.9636291528	-75614.04194571954	-84810.29891432333	-93930.86164598056	-103140.80409614267	-112531.65156571308	-121996.07410780291	-131624.71678041553	-141329.60868763152	-151305.45918138511	-161201.977530373	-171217.45568468125	-181701.2031298847	-191900.30203310985	-201900.2147872889	-212568.21537766347	-222776.00840714696	-234666.84225889918	-245014.8798270922	-255104.43726816998	-267284.7431305496	-285985.2765968479	-288629.2237464723	-300980.00700933475	-312614.73119171115	-307199.1894871802	-333213.7203892232	-347796.9928403476	-349771.33708528685	-348601.00058802904	-377173.8437453441	-391749.9502640354	-405045.3097800027	-409648.7333322257	-437567.62861512316	-495963.8884797616	-434608.17830260744	-444767.4938653602	-470324.68039696844	-492365.04270873574	-489460.0534461208	-498410.46265511785	-504806.40979222674	-479448.6752838728	-524815.2989387361	-561360.3072818818	-531327.1961164128	-590499.5598369306	-578454.4336505618	-575026.1366591468	-591574.0646867917	-628792.9814342647	-614072.7856931958	-682576.115160841	-526543.7916943628	-640431.4334895513	-668810.6759100549	-609532.8629436521	-747436.6315336106	-731857.7312211103	-683892.1832940121	-720736.3802022492	-625791.8720592647	-693605.9689690869	-730413.2453151045
76683.12003135768	76715.04410422966	76774.50083193954	76865.54795489	76981.68339400165	77114.61439021007	77252.21174144995	77380.35075017516	77481.67692477867	77535.41881458601	77516.84177787713	77396.97394523324	77143.12892340514	76714.362943304	76064.22018601774	75140.11695980089	73871.76880307109	72177.00404753265	69951.52205003856	67059.0912197867	63309.87526937248	58445.22121998525	52507.83164824743	47000.61347694625	41602.80278780102	36122.66076364333	30434.09861118032	24492.294850847946	18247.904761774116	11665.237568385783	4698.714899027895	-2716.032211726415	-10643.423534812231	-19177.337477250607	-28468.656797300675	-38768.207743191015	-50624.44952670392	-66415.03469340166	-80289.9312871426	-89522.83965497327	-98806.74478084277	-108203.88119057674	-117690.98078913233	-127410.02203428006	-137147.93227966726	-146961.37489083887	-156875.55123477883	-167059.14111195822	-177445.3422025668	-187809.78844529676	-192421.5253172007	-208441.69157922541	-219096.46948211268	-229473.9206603479	-239720.49857549372	-249774.52668759116	-260969.4718114739	-272757.6421215676	-287298.1427310272	-293154.0116183115	-305242.05648870335	-316908.48471136636	-325406.62347338384	-329685.35043428856	-356688.30548494007	-362346.23629180726	-373962.64572461066	-383459.8896547378	-407826.3935255711	-408937.1495700639	-390264.1874119729	-414225.2669058613	-434700.2546101695	-477468.4117666771	-466681.0933175539	-466103.8648202444	-468909.1639622377	-495570.36621548625	-483032.8996912676	-520975.0840786672	-542359.1454029612	-531852.3831654186	-481168.0053394839	-512332.76939010544	-540895.5257605261	-588741.4875694427	-580536.3915577002	-591254.1302844284	-600748.6573176531	-601542.5332661264	-616607.9755510075	-612433.4081455495	-587263.9130837775	-709522.8600272655	-670300.8667311063	-725039.3404406453	-678838.8846229323	-713243.0759544403	-666544.2034122647	-698769.751811988	-724041.5235887656
78857.04653402773	78882.11518200528	78941.28484900043	79032.33959091976	79149.36801563847	79284.78119973833	79427.42644322739	79565.21092463762	79681.54776048279	79759.51844153556	79774.36585156966	79702.24898371121	79512.90425344693	79172.28717310683	78638.25093238408	77861.96191400854	76795.94305180386	75362.27121562138	73478.01648142305	71039.45097835045	67906.92811528925	63890.20944300963	58732.10602679441	52507.83972085116	46740.89288163243	41099.644562004774	35336.429361155344	29399.594629754458	23188.428185113822	16667.25110621337	9781.169614488812	2497.4506141332968	-5263.157635318086	-13598.775353304052	-22550.664562484715	-32384.07406284928	-43398.52631163073	-56478.55115072962	-75179.38281676077	-84845.18252621155	-94205.73436255872	-103674.99014954604	-113237.38632996226	-122901.3770459407	-132692.65154654268	-142625.2138786404	-152675.44601445465	-162770.46217691334	-173192.92949352763	-183356.0826917909	-193742.33790349815	-204175.5274940693	-214944.59523010856	-225157.85664117895	-236682.7616997073	-246577.35534132304	-256433.91532868383	-268923.2800019573	-281064.31903353607	-290113.60315029597	-304942.31449187687	-314205.6224460083	-325021.6287081438	-340278.22546834487	-345486.5762960693	-352811.11208144895	-364302.44399755483	-386282.0669996771	-391871.73296712444	-413656.0178452028	-412908.90561903367	-442889.1423484063	-440315.9723205333	-429150.62870516424	-474327.07118311763	-501776.7317303141	-452917.84177338873	-472786.7203476236	-497245.8482096948	-505045.1524293549	-510236.0051020856	-518509.1225407776	-540401.4862783722	-549800.2014298001	-548923.8676653407	-572529.1966128631	-620848.7407906514	-580130.3959103641	-611345.3621760043	-630267.4227355781	-644927.7577711383	-638611.8682743844	-650198.6271123879	-596239.8165192646	-650006.1847329872	-717476.4955098464	-733776.3024328232	-727693.3670514915	-625985.7288327166	-775175.7924854741	-946426.6890909169
81109.92904071591	81134.0758871783	81192.8502299836	81283.80062805812	81401.55805323701	81538.7696164574	81686.01555827717	81831.49587197255	81961.06431992957	82057.86980165567	82102.24649885451	82070.8655089541	81937.06538029233	81670.08954843692	81233.76660586151	80590.44314388037	79686.44459891383	78468.14927367907	76862.15006046806	74785.30980419746	72130.14087672325	68755.43762024306	64469.44678407046	59016.8283393851	52508.05569752111	46480.48992675336	40579.11966146162	34571.86590396328	28357.97567863352	21872.89777477359	15064.122219435754	7881.64815586622	266.0681758551509	-7852.399475336017	-16588.642853384314	-26017.77231480769	-36430.5684569515	-48279.95042461317	-63145.796683717286	-79821.23712250416	-89347.61752517673	-98868.91978957885	-108487.80739284339	-118233.46404096775	-128006.60606327362	-137987.1775532756	-148012.15687602747	-158130.15467159587	-168473.5940739669	-178882.83186189175	-189344.1040259419	-199752.1695126684	-210356.3453911203	-221800.81083570607	-231421.49613150774	-242482.86634874225	-253179.8342413784	-264003.5035446799	-276220.84950719285	-285744.8750918841	-297660.393150421	-309867.74475015944	-320668.2586989374	-331498.9465588181	-341278.8551262003	-365608.0160517653	-364777.7948149382	-377417.27312139224	-400375.1086053095	-394240.50820885284	-412411.90188099135	-422002.87249787163	-420496.94854353496	-440184.16032814153	-447905.8410847284	-418222.5434756351	-473431.66084152856	-485220.91421383416	-475976.22669387766	-516012.04707901186	-507092.9527852586	-534521.6613645894	-553724.5461995418	-580235.2833403384	-557738.4382670204	-565990.141398086	-620182.5619982339	-600584.3273057458	-639383.7444652044	-641347.4123558139	-674684.2547305934	-656599.4540310535	-628734.773865069	-635836.4977874665	-680997.1619442382	-667047.7185821335	-659419.7095342961	-734293.019683196	-717932.1649050179	-738857.3854796926	-696077.9861444521
83445.44605960223	83469.47131531467	83527.99609968762	83618.54799976517	83736.62224827442	83875.45669413719	84026.25194154392	84178.18204104173	84318.51032001388	84432.27210307098	84501.99874348412	84503.34208653547	84443.50507273703	84216.00841642474	83863.38903645871	83328.61840857094	82565.15693880082	81528.77099443393	80153.83088515277	78370.98072180094	76097.76164071274	73223.00164997694	69603.79543870583	65047.1118673656	59300.77072919381	52507.89853033278	46218.792228705744	40058.95711036606	33790.73589715976	27309.60552868314	20546.502206815756	13446.38491383649	5954.089431648754	-1997.0083567578404	-10484.990383086755	-19615.338886584155	-29572.88111885934	-40634.773027289804	-53494.37317012579	-71948.46779126144	-84194.36941253688	-93822.15773693807	-103508.78257020924	-113304.28000676865	-123177.10587321132	-133101.92403246046	-143272.27724783044	-153630.9955556062	-163828.0315745933	-174415.04251053304	-184682.46005409813	-195201.38303681964	-205986.16285055337	-216544.4564267834	-227743.96154422624	-239710.46962696832	-248669.16720889945	-259455.13071704618	-271037.8079078321	-282704.4414237	-294041.8267536829	-306286.8805037567	-297975.1835892515	-334350.85060148936	-356784.7320483783	-348613.3992357707	-361423.4692565978	-367771.208703475	-375991.6183250963	-387743.05225618137	-407278.7507163002	-410400.7425328841	-441220.68410354684	-435706.27551614353	-443697.4757300821	-446677.29948912817	-481788.63187709206	-453707.3792080086	-496019.72818880616	-510497.5859133769	-520879.0530122617	-544263.6740620999	-534368.6802118041	-547702.2393907094	-581430.470862485	-524025.5878291167	-593083.3336665104	-583541.540814562	-597507.4059375396	-609846.1693785717	-598969.3933525367	-691557.7709468829	-589925.1234201768	-644663.593361744	-653843.7487594639	-651099.8952613025	-600230.776026956	-698163.5223111126	-708647.6565729815	-695723.5581072313	-683277.7278012896
85863.21012567566	85887.02333979038	85945.04473020625	86035.33564434672	86153.55375164011	86293.30478441066	86446.77253473838	86604.16741523251	86754.09909761694	86881.9666060915	86973.46485441233	87006.82914974968	86962.00204610196	86813.06101989819	86534.80369903217	86091.85973525076	85449.50786336442	84560.48684802305	83381.798438408	81848.68209460191	79887.35574850833	77413.66379378908	74317.01341746174	70451.71199647241	65623.34134995122	59584.065986209695	52507.83420873445	45945.58026806946	39536.12542219611	33008.14804333914	26253.78206136494	19209.18200410719	11812.64434981445	4003.5547373592563	-4292.170912762551	-13163.952497809689	-22739.982596365444	-33233.046044171235	-45022.7435247853	-59184.94508741505	-78527.88327682915	-88498.53831845956	-98275.8938379288	-108102.64212577022	-118034.56210930238	-128156.81841086657	-138277.13185322966	-148448.75344541238	-158772.11828989623	-169314.26405647796	-179913.9788603659	-190458.78068353515	-201145.0042250975	-211819.85816700128	-223187.10082349012	-233433.8242068719	-244876.2032404512	-255734.26267072934	-270144.4620031484	-277045.71584640455	-287659.1746953472	-297485.0051122826	-320461.1522477847	-326656.2550184543	-328217.87428897724	-347384.58053219283	-358199.0846135679	-374344.59057991393	-368647.8691283184	-392117.01753276616	-414734.6332510038	-412588.2755945764	-405440.3366347316	-422885.8216696147	-426840.4173104927	-409156.50702801347	-466528.6486137118	-462112.4120110518	-505068.4556413872	-453544.4719143294	-502280.03705605	-508410.1443277279	-559530.3463788793	-554168.4420800079	-493283.96969425527	-562754.5695337073	-649115.3329601465	-581735.0230062436	-559094.3389085485	-631567.0328631457	-623646.5029306355	-686839.3948290411	-618350.9144947694	-687027.2937751999	-732424.9150505487	-627135.4590458287	-650332.716692721	-662960.9336255728	-685682.6741596463	-769098.0925795084	-764781.0692455091
88361.56809167279	88385.16325440121	88442.83420582858	88532.70268829726	88650.83624624726	88791.38743768045	88947.40547208703	89109.63825641116	89266.81973184133	89407.67070813876	89516.5499562354	89576.14983698586	89565.15247502015	89467.57128286274	89249.92923773735	88889.71612337031	88350.68230142168	87593.14585532882	86575.2548239635	85248.31337495687	83550.72177165348	81410.98861258471	78731.95838197725	75411.5924541816	71298.60272124072	66198.71753314137	59865.960383756494	52507.86016732207	45682.837165600446	39012.262139514845	32219.601727046567	25192.439062946185	17860.98279488081	10162.551472726016	2029.5676485852455	-6620.563455965632	-15890.466170303203	-25937.0289202492	-37009.08851988835	-49637.31366469269	-65688.12077406535	-82813.12668398122	-92766.10467563468	-102692.70996574004	-112701.94387965163	-122798.42127301072	-133067.61632461948	-143326.2379875024	-153772.2373632584	-164287.59117582435	-174953.29450023454	-185530.88597900767	-196213.01817958805	-207102.71703759462	-217729.8825601484	-228894.98558596428	-240187.45971504154	-250835.22580553003	-262903.24871401524	-273516.27068718564	-284333.86699601804	-297252.5013769811	-308285.9268404364	-312057.9490735631	-330460.7304811295	-341385.45530600863	-357927.53686485783	-364957.433759717	-371192.93007071473	-380356.8351869293	-393068.04114303406	-408809.1596315674	-416766.63383695553	-436441.7514697888	-423216.3988286923	-473510.412664204	-466962.9868224707	-476083.28855853475	-465745.134664623	-484342.21234934777	-487936.56642650295	-508317.70504277997	-527779.5030290694	-536869.1517660872	-518694.32568615593	-583942.0623309419	-590784.0465328399	-608191.2922126604	-613776.4643383636	-587311.3524451023	-590633.4278691732	-637257.2853116428	-657699.1040603984	-656068.9924575442	-633166.8294008623	-633213.1417762139	-713758.5224966698	-686212.2622376627	-679398.9064425887	-685524.170571371	-806957.5649074786
90936.70384536087	90962.62002715317	91019.83748649506	91108.45175510764	91227.0259836537	91367.54740643347	91525.83574267876	91692.05865921284	91855.43274777906	92005.19428854439	92128.43256606552	92210.33128563513	92235.72742913396	92177.7387172106	92015.11073523702	91724.8261997468	91272.47437913454	90634.76413522792	89755.65740226762	88604.10581337946	87134.2271506284	85268.64718872879	82937.03781573367	80054.37028531142	76506.4129176577	72144.32550987555	66771.80459754023	60146.69738722031	52507.85710069045	45419.66393179883	38473.10046240443	31425.835741711257	24122.768064146396	16503.61993883748	8499.966390138841	32.07075467551476	-8983.372041969298	-18667.12375149876	-29209.279793752503	-40904.3764843783	-53830.94179929618	-74277.09624633737	-86938.09368134095	-96995.6337404128	-107101.43919094515	-117276.3369611562	-127547.1829805398	-137837.44441324385	-148413.63536066952	-159046.24442798315	-169553.7483731006	-180536.8992866301	-191199.86770162956	-201849.50838214214	-212722.35467095827	-224168.45892491253	-234370.3536661189	-246353.61545232197	-257013.98059457308	-268272.5682240889	-279434.56111797714	-290166.7732579517	-301820.57818111044	-312362.4744059645	-324502.0424844109	-337475.26388295833	-348865.4923830021	-356585.1247826349	-381381.28390587226	-379936.617948305	-397264.730889751	-400871.6855484296	-418299.2220189392	-440089.99475223623	-442362.71439754724	-435899.37053954764	-441433.8391240843	-476268.1192682868	-472883.1632117652	-479995.8848403944	-517502.435661524	-535584.076970381	-501300.6111632906	-539962.1779470015	-483048.73537004564	-524477.2243294411	-557572.5898551508	-564568.8166777098	-612650.6737539961	-609065.352242379	-591407.6062734742	-632211.3836466931	-663012.3743224605	-630842.6604612442	-679102.877419682	-708149.77394779	-683894.2535195486	-676420.5788524565	-680641.1853652541	-679688.3851896797	-673970.4837516055
93594.6415388629	93617.76399084518	93674.53149932387	93762.86551911366	93880.75492245654	94021.53192830709	94181.30787885273	94349.66945703857	94519.04009670386	94679.60796680581	94814.85024139265	94918.68136557585	94970.23271494772	94948.46861451704	94833.50316387406	94600.82185223594	94228.21944778209	93685.56197002821	92937.95772901122	91939.43489114998	90654.56148548788	89024.12633891136	86989.9149495684	84465.6974668114	81376.31587396047	77600.40883342779	72988.52658467073	67343.24562901826	60427.16374322085	52507.87667592184	45156.13440036317	37964.05045002798	30628.586985450413	23046.79112642136	15134.85354225355	6817.232593735796	-1990.0507372218417	-11381.540984627354	-21503.086822930025	-32565.944319158792	-44979.6110609828	-59848.26447208409	-80519.35543650863	-91004.81383541686	-101208.52341670191	-111456.44352739633	-121803.5297068487	-132295.23012818675	-142735.45845234237	-153291.93600583862	-163975.88965416147	-174725.26172255795	-185986.43054751385	-196750.28454934643	-207590.9959404102	-218534.94629253217	-229725.89361817334	-241148.70328407933	-251822.29678655646	-264081.5235060924	-274945.43284144223	-285846.8214950556	-292294.9474033443	-315202.1473556395	-319600.3434343401	-330908.601069676	-340459.59354151034	-352238.9974669507	-366504.50868180615	-380193.7128721603	-390955.46209987276	-407094.36774831044	-418812.7263125849	-419072.3270158777	-432634.3659530526	-455083.0811022077	-457001.84918015375	-461825.27135414124	-473582.3277120792	-503941.9459488026	-501829.7157861875	-514404.5456229457	-563342.2708960073	-528572.8844132614	-559664.6098348259	-545583.3643416273	-580030.3894997698	-579958.4232652851	-621251.9569824056	-566483.6563297563	-597004.8724686792	-657853.8516377974	-633776.0812474424	-653969.5072966395	-636531.2752619326	-647463.3350569415	-655773.6876165266	-707142.6115080216	-704363.736211719	-625042.904860999	-704243.6607249975
96325.04267792983	96349.18599217641	96405.62234000937	96492.27469152049	96610.86017151672	96751.89842457612	96912.12897215685	97083.71036884643	97256.92494914649	97423.57169751907	97572.9544530868	97686.32923483025	97759.544166832	97774.97173563298	97705.1997424888	97526.59729828814	97220.30957937066	96766.14871730586	96130.24186707087	95260.907246883	94136.60867233318	92709.6263365277	90919.04049860605	88709.52208852273	85997.81144659268	82698.93442288972	78693.79588198525	73830.63576284208	67912.90909914163	60705.82092494558	52507.934613338555	44889.70360547019	37435.12425446496	29827.461935675296	21963.211192371935	13753.710762682284	5115.306420200766	-4036.944312131731	-13816.757985601755	-24393.344449331344	-36000.70878800034	-49225.0698419633	-65782.46465234677	-84603.49150975424	-95034.18367111596	-105390.24681771721	-115806.4366997967	-126309.92118492228	-136835.1626973555	-147598.7666302793	-158196.17172872878	-169153.4737349707	-180001.7046439659	-191265.161049308	-202075.1109081417	-213142.96327225602	-224802.78236955614	-235157.69715431327	-246773.00678933738	-257874.64480667692	-269035.41212695825	-280373.66329990164	-292489.00526271237	-301970.5186887971	-316456.49096728466	-325726.63570989436	-338058.6082441529	-348072.47383149643	-355410.755992078	-355553.9907147436	-387035.8600923872	-392142.0453989407	-423961.5716493477	-430952.097050923	-431165.97299312166	-437797.06820916664	-439626.8390370696	-470992.48689313314	-507212.48036921216	-484807.30254955083	-495390.339771375	-469114.79415729997	-527486.6102043383	-593009.3784920559	-542090.6892269121	-572253.5835163335	-574429.1716894789	-578219.398881271	-591964.4938870934	-566168.7009803834	-579895.8286582178	-622387.7394209295	-679191.3858350113	-628118.4167140471	-659672.5427195381	-664726.0787453891	-660519.3447539035	-687584.8923263608	-683983.572701152	-683533.287700831	-768325.1591301516
99132.48115365097	99155.13402778748	99210.63776120474	99297.45327059072	99415.27412155559	99555.98362402432	99716.40697970588	99888.72372566446	100066.75769741653	100240.55736519571	100401.42150390198	100534.32341214354	100628.03826725401	100672.87974464614	100631.23252149261	100499.66611410241	100257.16913617411	99871.71085219076	99324.82424983958	98575.31717541418	97600.46887519961	96349.85728856083	94773.52325204923	92823.11183557514	90438.04779145867	87531.35541188304	84021.48926023615	79785.65469508275	74670.86641685237	68480.592932	60983.351226591505	52507.79428808234	44624.928512595914	36904.46760211568	29022.427063306095	20872.866653495556	12359.471145921212	3398.435755102575	-6109.872186497174	-16291.093397755583	-27331.47808981547	-39571.39452315279	-53692.93390296723	-73029.23115836977	-88505.81103699311	-99030.56126838864	-109564.66094255034	-120111.36016626362	-130779.03566378626	-141551.42254659563	-152273.47130540016	-163253.205078759	-174290.00246151438	-185136.70445738797	-196426.8112919279	-207512.65270808956	-218857.29626619257	-229799.0724095023	-241785.58834388945	-252463.67324114722	-264143.9326939023	-275667.29909390386	-286519.46564868063	-298129.74079571536	-311432.30581012415	-320680.7991369043	-337167.62386265106	-345351.6705597505	-355383.12792408164	-363229.2268735408	-377065.1070150706	-390425.3651769168	-402423.887535173	-415468.83094894706	-425495.74938480364	-437614.3195696264	-446595.3731006277	-442274.3603486284	-477248.1689352181	-464533.9126214415	-486353.86697208707	-509162.92446974147	-515922.7935718524	-490816.4012832072	-531544.1222965242	-538193.3575202588	-550602.3205385138	-585623.8925920168	-584308.5980950184	-579693.2265970109	-625848.5050065152	-597343.8273234074	-620824.5338546925	-606769.088181016	-612281.9050595856	-637825.4875306757	-626202.1110393957	-664652.224670413	-678278.2242951216	-698534.0146246264	-696650.6525679005
102011.62063178007	102033.99894005322	102089.01114502439	102175.09671519359	102292.29462416182	102431.92099991997	102593.2096227163	102767.39140874473	102947.57535171791	103129.30247185903	103294.34779414837	103440.27230560867	103539.59481508273	103611.80213612173	103589.35985018118	103524.82741976713	103334.98785945689	103021.46729295392	102552.14593263864	101911.10632853906	101059.61883917515	99966.19889823825	98567.1929624668	96843.26129242434	94729.04600110516	92162.15890359163	89067.48687550059	85343.65257900505	80875.58117222178	75509.84115938249	69046.32546845902	61260.02068300461	52508.05992455137	44360.68739582514	36372.12620531177	28213.505680953822	19774.32808724913	10955.769462694705	1663.927714934951	-8209.106633010844	-18805.732950907957	-30343.992913188704	-43244.83958612982	-58456.35574332389	-80990.248785484	-92342.13737523055	-103001.93519339297	-113682.80887655827	-124405.20164667565	-135203.26388892412	-146139.58133769507	-157170.16552251927	-168165.96818450507	-179197.28214486604	-190191.29458412537	-201694.88996556916	-213071.80468411648	-224426.98814572272	-235415.37460945995	-246814.98588788952	-258374.41431872454	-269952.8918014553	-281011.99764466455	-293780.99659305956	-304500.2729807268	-314343.9067057009	-325507.6111615058	-335140.36207263893	-355237.67734720034	-362039.8441057649	-375007.9468714185	-386075.4040593548	-395227.1682167248	-415465.1519345198	-414121.97275378177	-438059.36522080895	-447171.1578636334	-462013.81109334837	-461684.1881673947	-470313.41477598745	-504150.479943464	-503065.3682473745	-520076.45592197106	-514278.5123802251	-532211.2942955047	-508447.21053945116	-566688.8089968632	-533769.6537024647	-568016.2095046577	-644848.0401495163	-565345.9059585321	-618663.119045288	-638997.4178664922	-604741.703334532	-603260.6444721622	-636379.4337652845	-602992.4734148823	-669097.4841163156	-701201.512869997	-704611.7756581532	-662556.259125815
104962.37802794698	104984.4291876716	105038.92645271009	105124.8502740952	105241.15798007249	105379.67763736215	105540.17214253795	105716.34377085738	105898.00544068927	106083.07916340992	106259.70256477757	106414.3859680375	106543.56695074233	106624.56704399677	106651.14422603176	106605.01059920716	106462.68503400334	106205.11370026224	105811.00190379508	105277.3127204612	104554.90639924374	103564.53927562333	102332.39048792463	100804.69798692205	98916.56146449293	96639.11172738048	93895.21909848775	90601.40635808004	86663.67501609202	81963.5085466287	76345.85127458334	69610.13974493113	61535.24104824482	52508.105589870014	44094.95309503644	35835.45453220955	27400.70061544259	18670.427991111996	9540.678185746248	-88.08922171566519	-10335.223019879515	-21362.770964947063	-33447.27497612173	-47052.87131535733	-63626.58581832031	-85121.64754494932	-96138.64215005224	-106953.57847367777	-117797.54799489002	-128703.3196529597	-139720.70335514357	-150665.64493718726	-161966.71328795954	-173012.73497006556	-184205.8863172093	-195312.4925705639	-206861.1288575009	-218447.0286872001	-229384.7415457962	-241691.35114329733	-252402.31328160438	-264097.2540505083	-276357.0464218438	-286867.26945528353	-298531.62809582497	-312150.39962538565	-325446.669408913	-335183.0655216613	-344294.317476048	-359090.60212477425	-373424.1183185701	-384507.8149039428	-390940.2631818822	-402437.06887739425	-406247.62558772805	-425689.53275669226	-435762.73843782215	-449760.4235556561	-465829.3181474902	-478991.93259643024	-488556.9951737986	-476570.478936362	-502611.09832848987	-530891.1510433923	-520979.4051509128	-519538.2704831316	-556394.1510379977	-543256.1841531813	-577020.8742005797	-583243.212185743	-602331.680931681	-587660.7497424154	-586584.8055664769	-621771.6388616107	-636104.002679677	-561451.9017128317	-680129.6240975477	-612598.3164482801	-654744.075518878	-712152.825747848	-685193.8909638452
107982.4899746388	108003.9813876746	108058.11290956908	108142.66795380053	108257.76282523276	108396.5085339951	108556.04598960496	108732.95765796787	108916.40661413714	109110.29361779551	109290.7338159882	109453.6861784033	109594.33135158246	109690.17659048381	109744.78002389424	109723.46011572648	109632.79841352405	109417.48615209883	109107.36204848308	108607.91543769342	108005.21847544954	107116.94248035288	106051.76374581101	104695.54864564043	103021.1248440711	101014.30391935346	98557.44093295973	95625.96418778365	92132.5994587923	87982.25250452844	83049.46884181612	77179.75517518018	70171.8363213967	61809.77104371623	52507.888093314075	43828.9155133442	35299.21893207077	26585.05319568541	17559.174719184666	8114.8007840270875	-1855.8343070304545	-12489.61321860706	-23964.856425396458	-36611.193748465535	-51021.127002142544	-69447.60517243305	-88848.71780161775	-99905.10181780384	-110865.32640969698	-121860.53754104956	-132936.29800291132	-144037.65990574425	-155344.69039319278	-166524.5457789808	-177713.76776227108	-189353.46660148347	-200462.77829826818	-211967.51118619292	-223328.0930701552	-235252.97756406714	-246507.58831515614	-258606.77294186025	-270122.8519383215	-281220.9872649354	-293135.5885376327	-303457.6788216881	-316067.0744847285	-329301.91952187364	-341390.38272487116	-350171.42918764043	-365730.1097727524	-373534.6426795998	-388983.0128160146	-396362.3219558307	-411111.4082796793	-422067.78733726434	-429000.5728850407	-458722.21462331264	-444353.7914566377	-468647.7066962777	-481144.843562687	-462751.55133084994	-513667.0151142851	-519518.7231254896	-530115.2476875788	-545282.5850681837	-537742.4417644644	-493124.23772320274	-563808.541738857	-574518.3559778825	-682098.0264451886	-604527.7547145365	-630633.9017035989	-637188.410247345	-670657.8466710828	-620430.9817646415	-654629.6026448042	-674253.7995919092	-660270.028983518	-677159.7436151984	-655924.0927947995
111069.83242966994	111091.48106053408	111144.5643270752	111229.08411829142	111340.06762191333	111481.15955971612	111641.7900681168	111817.97865263553	112006.14307725467	112194.58522772504	112384.17470343481	112557.8524873335	112709.62167826196	112831.9660801405	112906.51658780259	112918.26231861408	112852.1734244045	112691.58794275869	112427.41246475332	112020.54432466399	111392.13271747256	110711.50448388606	109748.63826647034	108607.14484623662	107079.79343924817	105273.59365682543	103093.84888872382	100472.22663632559	97359.32851118379	93666.44588550954	89298.28178999719	84132.10282638704	78011.08564571635	70731.798953966	62083.28338749989	52502.51589813811	43562.549547807605	34763.581893532246	25765.086297380476	16441.810135379113	6678.007267979992	-3644.056588635023	-14670.18491500782	-26633.04650965857	-39861.31385455147	-55182.47017822199	-76635.97144536852	-92474.43383056138	-103647.01165188904	-114774.44256225866	-125949.13772185941	-137133.009598472	-148432.9303160961	-159895.94089417707	-171124.27853729352	-182460.15795540158	-194345.62699034397	-205532.56205216458	-217007.1817558738	-228645.7624976627	-240123.8852599811	-252187.68738807002	-263908.4036422282	-275996.1743983856	-287293.40911666024	-299127.1232892673	-311459.1760995769	-322179.95050478453	-333863.7612937321	-350652.9530177872	-357785.1717127612	-372105.3647623232	-376195.9173303335	-393131.8673688378	-401404.77370650385	-392764.8010011206	-429945.14514694276	-443037.9680331303	-437858.5955783176	-462992.6505961459	-461769.73100898677	-501551.67883479927	-491252.6185358906	-536131.2312854219	-521493.4162728871	-543751.3092361814	-569951.2210039855	-551922.0793910292	-586968.2732814162	-584830.0501027061	-579483.677559214	-606422.60405916	-526554.1718795246	-604939.744813832	-623068.7293529283	-634923.944434999	-626268.9310266182	-659413.4290830113	-663669.3960698103	-658593.4746182119	-690946.0439571603
114224.11773540085	114244.48530143566	114298.29278517843	114381.09704296087	114491.62949929363	114630.9790382357	114789.19909193466	114966.15111747372	115160.06461909844	115348.76768697557	115540.7135395674	115720.46519630731	115888.1749266116	116017.77565082433	116112.74737680168	116153.03182866459	116140.53724550849	116002.06053243959	115786.89977156016	115470.37861594901	114962.21683559963	114315.24772688461	113479.54805307748	112410.6309417584	111170.13357772591	109467.5483072811	107530.33329906326	105189.85945673712	102385.90943641163	99088.16459975828	95195.7129393185	90611.85859927977	85212.14854348038	78839.53040639893	71289.65139111766	62356.26890725616	52507.96456587326	43308.4680928615	34224.336921059585	24941.153545833513	15316.677432261844	5228.3844477699895	-5451.150226999191	-16885.80061006415	-29337.022378133493	-43206.09259833666	-59586.73050896841	-83947.56901680387	-96048.42796935767	-107356.77868609683	-118648.70415377564	-129976.06107363926	-141334.16468402848	-152725.797438033	-164308.25222315855	-175715.77025332223	-187137.25497435938	-198943.3551974394	-210596.28764565734	-222168.69876358646	-234336.47536665763	-245530.16534166096	-257577.38318857978	-269290.93958688236	-280777.46924760996	-292580.88710756996	-304144.78519146366	-315973.0297132315	-328361.14932081196	-342931.88971806417	-351839.13634731085	-362421.47455777077	-375399.6815402111	-386899.2696344719	-399561.175863808	-420325.39734373207	-405956.0831226293	-441660.6565866963	-439349.610363994	-454413.30531110667	-455897.4052804737	-499131.0469682501	-487571.08027015737	-505128.36851362383	-517041.7265230674	-523371.56787865405	-540137.8486340479	-557842.41381182	-546481.1285437403	-539228.305672368	-610231.8823026803	-600540.4726247314	-592568.2097559776	-625390.8165541564	-591659.2144905257	-620914.4426376759	-654183.7995278728	-645507.2540245492	-661767.7435596022	-661354.9540593142	-668599.8061774631
117442.15621605824	117462.62281098432	117515.36237951752	117596.63991714825	117706.80189060513	117845.31497905901	118005.22782762276	118177.46336381303	118374.48337317473	118566.77965637366	118764.6745756536	118953.76469414184	119117.71276433297	119275.4026526646	119389.15160938309	119373.69085937634	119423.82654419157	119370.05349517777	119185.93033401316	120096.96004696249	118510.861737344	117966.70688995323	117222.66086761974	116246.225402557	115040.41515625064	113712.8084157579	111845.16728176858	109771.13461402681	107270.37981822708	104301.99960500724	100814.04003773961	96722.67596251378	91922.12305405713	86290.31338283775	79665.26553743135	71845.35787481419	62628.596694243955	52508.00494801323	43041.51615238338	33683.578176011826	24113.474864776246	14184.549784812989	3766.840119943692	-7277.452447080752	-19149.390214193496	-32096.33241157519	-46657.31917591579	-64315.39264873086	-87833.04047843881	-99586.18268616332	-111047.83708032605	-122479.45742462674	-133989.81698861535	-145527.24679551923	-157134.38775187187	-168660.40233016963	-180321.31526064113	-191905.6682938689	-203698.884522571	-215667.37095997937	-227722.864155903	-238803.04988144376	-251364.98253132126	-262729.7082350546	-274581.06399017904	-287260.307327213	-299196.9843212135	-311081.30800332676	-322156.42066601256	-331694.6168738721	-344600.571770628	-353612.44362839044	-369456.4856535296	-382685.40394601517	-392554.20125780423	-403428.9889424176	-421362.785559285	-427511.0073593724	-442798.53703450836	-464697.5668438737	-464496.00226038013	-474611.8158288537	-463607.2707708719	-513286.7333185105	-520896.40433593816	-529218.3339645013	-535673.2667589271	-561001.3248401571	-562245.7098614881	-564853.5232366885	-521024.49465668766	-572547.022792889	-570754.7811803082	-594381.265142258	-618432.5541883411	-635825.2358169486	-627997.736944579	-582547.3137397203	-669235.1898955391	-672867.5809902446	-637149.5673556414
120722.504210557	120742.68484967123	120794.43916939886	120875.8037173746	120985.25262013313	121122.08094236671	121275.679940201	121453.86113464762	121650.74079505712	121847.36923954394	122037.9771478365	122231.20276775057	122412.54933593117	122575.19600936995	122687.87500054651	122798.95576202014	122794.00912854105	122756.29791642897	122622.67530847964	122456.40444033965	122137.34940122819	121586.74225941754	120917.61647228169	120102.09385040455	119025.48341398087	117803.79174739594	116285.85417361866	114237.64509880968	112034.15387797618	109361.36729686934	106199.18968861818	102541.28031846002	98246.79842299398	93230.46062947647	87364.32477985602	80488.17713096313	72399.081149876	62900.03302614557	52508.04678217354	42774.15006797449	33140.9639030573	23282.062473526516	13045.441384551028	2293.5553103696147	-9143.736483132758	-21431.39671116759	-34913.79984215909	-50230.505136899475	-69515.94593696835	-91324.22693733234	-103095.61520948997	-114710.81487308964	-126306.2556740744	-137976.5064310255	-149630.5754466675	-161471.1381431579	-173080.48498104198	-184815.36976244	-196859.91738036368	-208574.97778438506	-220503.26732008392	-232015.95382241934	-244825.31787458263	-255933.71141550597	-268153.56733885955	-279927.467051316	-291654.25737123366	-303657.60591756203	-315267.89495869045	-329573.089689001	-340383.5460656787	-351729.4085155886	-364397.7438762982	-368866.17799145554	-393329.1480827424	-401964.6644105755	-407121.85491192405	-423965.6713247991	-424995.59680904914	-445236.7224229655	-455533.7984941854	-461256.70054429723	-482093.10563003505	-495947.8476148366	-498481.9562387971	-528614.9402748191	-526213.4635720223	-567363.6639641505	-529114.9998583092	-555013.7202507409	-580996.8041594415	-591618.3674230669	-573001.0029605273	-603976.1121490602	-618733.0693618483	-623432.0332939525	-648137.0057724086	-610084.4019418138	-658033.9327800116	-595348.2308598845	-667207.2336303003
124062.94989767362	124083.70999291507	124133.928547021	124214.4061487591	124321.95194859392	124460.70645778731	124612.351751841	124798.97342166529	124982.38618442413	125189.9258794302	125376.021221059	125581.81630895496	125757.90692431189	125940.84104139719	126069.13038270024	126169.539949931	126079.15784386528	126168.75758761584	126110.00407755672	125956.35322684527	125698.9017293179	125208.5937704522	124695.5110969232	123826.71228178538	123062.6179170708	121769.9057807448	120394.03670293238	118769.76013396418	116696.59685144137	114295.61132215167	111432.82849306421	108123.82160488196	104260.87228723301	99767.87910720153	94534.60773937369	88434.72142516007	81308.33295311494	72950.65602413914	63170.60203172726	52508.093901307846	42514.32176644038	32596.763929559966	22447.6349893632	11899.151465748844	806.2644682318787	-11008.264143844426	-23747.940800688404	-37794.55635742779	-53946.16173529657	-75530.4989240146	-94706.01841134421	-106579.86678894254	-118345.50250430888	-130134.64844748029	-141942.06583257567	-153745.517756215	-165713.25338815112	-177433.30259243393	-189192.8592381726	-201507.2696893183	-213337.16007931673	-225002.54154913142	-237551.6481217144	-249010.33710647785	-261328.41727776325	-273293.3511554954	-285589.33387546905	-298505.0330538717	-309344.0441098879	-321214.76938449685	-332452.6953611666	-345496.69567568676	-357363.48902053176	-367658.39961189195	-381006.33252774953	-392597.3408490505	-403358.433968916	-414639.66585193784	-436396.36996698816	-441813.6475930021	-432881.5118435112	-466577.0121125379	-474541.97986383765	-488762.21821354487	-495189.0912360145	-500510.1484220797	-522420.37956729817	-541805.6946849062	-555447.4428792105	-561007.4364952825	-571346.6939075915	-567990.0423448021	-594175.3597633801	-618155.924818787	-588028.3396342157	-620501.3320563042	-599098.195446698	-654535.6208937687	-696906.5748607344	-642555.5047303666	-644284.234283516
127462.1985000619	127482.04135139787	127531.8204900648	127612.63016214501	127719.55960225375	127855.39704208027	128021.56896575686	128192.77573624477	128372.89023984119	128575.85595524599	128769.3210803107	128966.13237843887	129162.30690820652	129043.23755220699	129482.79843233843	129590.73483623465	129691.60042949682	129678.95436725422	129634.80631719466	129624.52829676997	129222.77171543357	128867.78396551276	128375.756214667	127724.51536694745	126915.1017684461	125868.94687827613	124599.25233341783	123046.64290348807	121260.05468512676	119071.79710774677	116505.30698443885	113524.4957992062	110021.64174763247	105983.09419051465	101284.81876054796	95835.10520392179	89502.01799743995	82125.5518556296	73500.14070688657	63439.92031978705	52508.13803249117	42242.98098779321	32050.98035723649	21608.720234727603	10746.062193248072	-691.7300941689755	-12899.105974732927	-26101.444970438402	-40744.33371592153	-57831.32644631993	-83255.80342712332	-98033.3646350929	-110033.49590048537	-121960.61311729022	-133887.53869191054	-145790.0268476547	-157724.80684702125	-169881.40507704843	-181743.53744859807	-193695.23748340269	-205922.34976262308	-218076.47789035668	-230295.09994059408	-241955.4593879411	-254435.459390301	-266492.2415986031	-278958.94667278655	-290361.03084294614	-303448.36072697607	-314534.7492501385	-326793.4685774509	-339334.7592920284	-352463.0298125798	-361862.41619018733	-376274.02647776273	-387643.8937172403	-399371.0393429329	-417913.94140569883	-422061.4350638348	-437890.1877456949	-451963.09734921344	-468178.1204489746	-465376.2092051903	-481854.839058038	-494306.4987870805	-501318.11498451215	-502350.6033317565	-511321.60656199045	-536023.4888294858	-541179.6875894796	-551987.4227209834	-580144.1064192287	-600508.1938487149	-573111.1760369327	-613783.6909371188	-617935.4269038596	-604356.6561282957	-635365.2487198211	-645056.5775206839	-668904.4373829761	-641795.7601595628
130918.08454927214	130937.7088745156	130986.6838543053	131066.01287125988	131171.87439123914	131318.81639070256	131470.2278004678	131642.1341815477	131833.5108959093	132020.81902557268	132224.07925302134	132426.42722144254	132623.21181337663	132826.45569056115	132983.1284986468	133101.9695117363	133156.6468274832	133228.8854030676	133203.2375196318	133088.5649132655	132916.6626197594	132569.93114061462	132148.1124970882	131613.29590697074	130838.68327244115	129944.48784368596	128821.14177770243	127515.51109939074	125636.20741997258	123798.69764423039	121484.91734558513	118775.09805257776	115605.27955556498	111936.68645386543	107698.22221890732	102797.49782832427	97129.94613729167	90564.13579840894	82939.72311436589	74048.19842087527	63710.38531407196	52508.183723499125	41974.394459146104	31503.634288493107	20766.236824566295	9584.383970654046	-2202.468508192076	-14812.196989563818	-28494.335139346775	-43769.48650722383	-61926.18902044685	-88481.30294888772	-101322.55162976266	-113464.74725598187	-125548.25835259014	-137624.90302621073	-149751.75813185514	-161736.50634561141	-173951.2749714516	-185971.4242222575	-198445.67228262982	-210482.98274063697	-222893.18127927504	-234642.93828938768	-247071.58588918095	-259207.90113250577	-271508.2606208271	-283573.3108687713	-296152.86031230335	-307662.81163848797	-319749.6549733451	-331872.3678068082	-344861.1688397788	-357317.05011282157	-368813.8570044764	-380600.61766784446	-392622.89052022365	-405225.0579498788	-415568.78335825424	-428636.86755488307	-449121.19724312826	-451707.19812515425	-456655.28684401704	-480972.01330100856	-488182.7455092514	-508499.3526928154	-506018.1398108317	-518971.366255735	-521976.8989795675	-535559.7953237137	-566977.8784105531	-552913.8657318999	-576132.7571660602	-599177.1059461602	-607858.1877862785	-648931.6274849242	-622174.1207120211	-630314.6759341289	-638815.4259136328	-641108.4756084036	-647742.163684916
134428.51427950652	134446.77137183532	134496.465945288	134574.19695008828	134677.81925189204	134830.64184784665	134975.1667932105	135143.20331114187	135327.08750113932	135528.47661226592	135714.48966345214	135921.9273838372	136139.66918309493	136322.72764369257	136488.37214835203	136644.00412796417	136722.04383371637	136809.7714669991	136794.6013816052	136760.30063487662	136707.53540975275	136333.17666142597	136488.2385923012	135448.47316897643	134825.93646390032	133981.15419578232	132880.55248310976	131683.55358912656	130277.96900888492	128432.63243976253	126360.94951807876	123830.05755045224	121005.19188666524	117674.12668823887	113833.89103410096	109407.37180110771	104305.63494049467	98423.30360058649	91624.55935536418	83750.89783528633	74593.83630827622	63976.03513466107	52508.23099012516	41707.799207375676	30952.076491776243	19919.44407988005	8417.338498234865	-3742.1054185817775	-16747.620722014457	-30927.388927503896	-46877.649030923494	-66292.43148576873	-91929.07118136651	-104579.93478070723	-116874.68513851624	-129102.92820985793	-141381.57780501645	-153588.90127544213	-165752.77733336357	-178099.56069727987	-190202.71021710613	-202739.27442071302	-214996.59384685033	-227025.934592603	-239519.2414276543	-251737.6817655242	-264030.9340312462	-276341.27269438206	-289291.58535152476	-301307.2172026865	-314544.4637257345	-326445.80955632485	-337525.7505653404	-349298.7053601046	-361891.55731534347	-373989.55781969643	-385528.8928111292	-399723.3806594708	-411185.1619187183	-410844.7171164314	-435382.81665674184	-450358.5741632438	-451709.7384401308	-483650.1145097991	-474722.54624934157	-501671.2939649141	-499176.6065858853	-524814.8860236015	-536274.4260049555	-542430.7065050367	-545484.6744177176	-561629.7884737658	-577762.4410410735	-578259.8041475189	-587032.7075635884	-608151.7088212487	-610565.0023239544	-625220.5329722597	-633643.3755032837	-635493.4413385184	-643033.5509237165
137991.71331018535	138010.73532440758	138053.5544281723	138136.75737375196	138237.02886424764	138390.8099628525	138529.05594753125	138700.3343047946	138887.12857980205	139071.36133847712	139279.78561941144	139493.9358011338	139690.2884993298	139868.20494801295	140079.160196854	140250.7924123413	140359.2767959045	140509.73927450346	140437.54231207125	140439.30082231128	139720.13532077536	140140.33826681093	139761.46092613443	139310.76289988396	138759.13173891167	138011.71778372274	137047.02819372882	135955.7314475319	134592.6804566554	133003.1430959566	131075.7709477028	128813.96607121552	126223.64476349129	123229.31422258174	119745.70008529437	115731.79526488582	111112.94872673898	105809.29390767822	99708.97333747044	92680.80070935597	84559.18686495349	75137.91178458114	64243.35284375379	52508.27984814692	41418.0309892674	30401.61985861059	19069.545924215432	7242.301852100703	-5281.44322502485	-18706.71622871497	-33403.651896994095	-50079.46643922443	-71034.62063680636	-95131.01516567069	-107810.47552154181	-120254.33843727506	-132667.79935431533	-145005.36877172752	-157396.63243715165	-169718.3658156191	-182184.27581514552	-194688.2815866302	-206913.56668403457	-219537.42945922498	-231941.09602670142	-244128.33148759452	-256474.4939788994	-268986.69130396144	-281331.1144138915	-293367.72268689383	-306196.52396894386	-318133.8902941289	-330728.79372304387	-340786.290072292	-356014.80865146534	-367354.68653007323	-378387.01640219253	-393190.6140652055	-404483.3384915442	-417190.7646959547	-426593.905106563	-429947.61318801466	-454194.4378895602	-467035.59918832	-481458.7601977068	-486593.8854787267	-504383.0396548592	-500715.239288149	-521125.8886866384	-523999.4404732872	-553411.5786056549	-558299.3773126964	-553579.1297106021	-577982.1956070889	-597541.2363239962	-609757.8860873701	-609951.2030803681	-606166.069073997	-634690.2367302044	-639131.3057029785	-650084.2233729218
141605.3514302531	141623.88462828082	141669.83607558173	141746.5134158011	141849.2246867991	141974.76885012107	142138.07844797976	142304.2774941136	142491.1100163196	142678.8983387613	142921.89311440982	143094.3164510072	143304.6081755964	143495.45294557477	143688.70301445635	143852.01624288948	143989.4912217588	144116.03440922988	144172.05092027452	144033.48676917425	144055.21861575296	143558.95119135972	143586.37422200735	143176.75749646098	142695.05048572418	142132.65895039815	141109.45527131937	140230.0308787303	139052.15936167998	137466.0947220173	135783.63168980315	133669.53761723795	131403.49432836514	128627.70452800213	125454.14784677717	121806.98764327116	117618.98564678157	112815.7553308318	107307.73362747557	100991.79100921255	93733.28804171312	85364.41156776011	75679.7086005474	64510.23395206203	52508.3285406362	41148.78109954941	29849.13447122136	18215.9109518895	6060.052405707014	-6834.350274909579	-20690.796847213584	-35925.93226374971	-53387.274563415616	-76359.9246888507	-98239.9420853664	-111018.59421000624	-123616.04855829265	-136165.2825675875	-148667.3136599998	-161249.67031497922	-173692.419870988	-186269.56125405082	-198914.77310349184	-211299.03114344625	-223976.2990382204	-236168.1762753411	-248773.01905613492	-261567.19195143884	-273944.41614280315	-286266.01651593356	-299262.06796030886	-311469.4948244604	-323228.6542401563	-335376.5995585831	-348113.3333089218	-359817.2034412411	-372934.4477009152	-384892.13409524964	-399728.30217941664	-408714.56631313934	-420936.08733514306	-435684.3314670686	-446663.0807095933	-462946.72057569487	-456063.22261565767	-481214.34280351986	-489181.1685115296	-499180.61627810315	-517839.8836017583	-507590.92116870784	-532291.1897805475	-546753.5577788611	-575501.4578808546	-581237.0621133958	-614350.6194496558	-589747.3895519681	-599182.1366653836	-609808.758140715	-624949.749441579	-644669.0835609827	-640036.8698857434
145267.31396144326	145285.31868388422	145330.97314409463	145407.7583102516	145506.5230641787	145632.50501691102	145781.6890286575	145946.52009051526	146135.07843970798	146329.64634492405	146533.98600818095	146750.23185347772	146939.27187269335	147158.94399339933	147430.34514921295	147530.43067880406	147672.314456975	147794.30986521355	147977.3642149646	147803.0735458423	147867.34648667776	147332.26656725636	147349.43308939633	147172.9682333275	146704.89854703197	146281.34218842542	145342.49853118573	144344.0685353218	143276.5460957996	142007.78899190197	140414.0275538505	138512.88440885552	136423.60245373694	134060.79256639694	131005.77532915882	127695.48063648236	123862.93836700305	119503.11329097161	114506.70535880298	108800.65308009885	102271.11037069786	94781.43642228033	86166.54341071687	76219.6330675337	64776.5538345963	52508.35835027674	40879.2761764726	29295.058096722496	17358.584769921377	4870.26358539614	-8401.473346118903	-22699.71560225461	-38497.70497077325	-56816.71917209108	-82795.79192595897	-101298.13589028656	-114196.65611178143	-126958.29348987777	-139652.28188759842	-152356.32008181367	-165009.32543158266	-177669.0686558207	-190515.35199672927	-202798.08008328048	-215621.02172650266	-227967.42187964302	-240831.09559773034	-253377.73739651634	-265927.96047492826	-278622.21499620634	-291109.12091613456	-303734.24068221846	-316368.85864329955	-329994.22817550536	-341264.1074046639	-353338.79568692157	-366519.0433223182	-378237.8858576008	-391711.92977108684	-404643.7126005721	-414965.9507785295	-423805.94033167505	-439095.993726943	-447591.0600052588	-461734.1878763949	-475151.9814653524	-489435.62191423407	-499512.497075893	-463092.45021542266	-535204.2746939666	-524708.0440679237	-569792.3578544366	-559337.5094346269	-555761.7340957702	-577257.9128141596	-575213.7582323784	-590798.4941337507	-590638.8704046544	-598861.2822538738	-632530.6940846371	-644420.5774036048
148975.56696937472	148993.4085023505	149038.59977886354	149130.17945273788	149212.26660688053	149329.57059755974	149487.18791195969	149655.47009090206	149842.5396141336	150033.0155072418	150250.6376628229	150440.6394255561	150670.0731198758	150874.23179585428	151268.9272939608	151255.81367517228	151385.6087504357	151493.06421691462	151593.09527636203	151704.98417675702	151564.05554933805	151570.0169103958	151284.97633980907	151028.5090270047	150765.11991648196	150169.54854544014	149568.23359316256	148628.41189459543	147619.56715392106	146537.05394445074	145106.72230683133	143337.47191798984	141400.2135251831	139176.68210438214	136440.631125397	133372.80870630633	129913.42788346414	125929.78034661774	121381.69417570945	116199.16537703754	110289.46494713367	103544.27426550997	95825.58062756457	86965.54677139356	76757.41471892688	65042.00350415544	52508.410674363986	40607.831565131026	28739.528648120264	16497.418273646414	3656.1355757000565	-9982.88694291559	-24734.81124972625	-41121.42991512676	-60390.14322414709	-89684.11431213917	-104318.03777777971	-117354.32202110736	-130246.77210852504	-143123.45021456838	-155951.85380464923	-168718.45093069636	-181524.1261120102	-194324.62447126047	-207003.56323620994	-219917.02254698024	-232925.2340717949	-245131.03976873917	-257803.24617919524	-270653.55813996843	-283036.4894495495	-295556.0271216636	-308010.6232448672	-320497.69286484004	-333105.6566227316	-346041.7437605932	-358617.0465777901	-369234.9252211177	-383112.5992199912	-394801.468281421	-409979.83437776205	-420955.7614917054	-429245.06042802887	-443971.0275816253	-456956.5483565423	-469278.13892562344	-464178.4844277995	-499503.5555285061	-498660.8885882608	-512683.718526815	-539778.7028609745	-527594.3837958109	-533137.0759125967	-532475.0429010552	-555662.43448572	-570737.2839096561	-589597.4826545306	-598183.6174612236	-618023.7414964081	-604543.1503541456	-638064.9223733034
152728.07358603514	152744.80972532014	152787.9061250816	152854.66598015008	152962.07870418474	153075.49769377772	153227.54195471067	153378.12188103414	153569.93968207017	153777.2567042865	153960.0571339323	154176.74256209418	154404.64838229807	154624.25408147048	154826.13171389606	154999.53144799554	155161.6355975846	154983.66876536974	155019.1366391041	155301.79199231052	155097.6182339378	155442.8609440405	155037.76621474017	154076.98228518205	154668.81947599916	154134.02261038648	153757.21305542643	153076.1497673281	152038.2719327247	151021.6599901957	149681.4762775298	148053.27092269814	146306.78805982927	144201.43574026012	142154.30130966328	139077.51218395185	135788.14815725916	132137.38063213445	127971.33553051908	123251.99407535448	117882.07744877954	111771.53407392575	104813.48059926042	96865.66271224804	87761.5937530435	77293.47260669281	65306.521547570155	52508.46463277942	40337.58241998794	28182.459299279202	15632.53853955539	2448.9165405714593	-11578.943946170388	-26797.607947285374	-43802.89125766244	-64136.31786542959	-93419.81704723259	-107307.69120810271	-120492.68251121652	-133568.43275197138	-146603.49433877209	-159496.13665731504	-172404.57403085136	-185314.78731771163	-198118.48873350437	-211198.06911708298	-223918.5292863121	-236599.94558694665	-249737.8968283965	-262645.98022109596	-275348.5777199561	-288178.2235258764	-301616.82931574516	-314242.06117259595	-326024.06737981655	-338235.4219732706	-350593.6487997296	-364285.4242543533	-376247.5246564976	-387908.93392384076	-401489.4166877844	-413220.2287415432	-423808.4607852379	-433816.5599290233	-449505.0580543348	-456723.1988340369	-475609.73501328746	-485918.9143688839	-515121.790043135	-498124.6896066067	-509236.3577972253	-528961.0960140515	-544907.8815594079	-539719.977620058	-562773.9791401776	-575112.2617374025	-584423.7878965634	-574919.0020610229	-587402.006586401	-598290.9329750903	-624614.5954121165
156522.72700456536	156535.68858732568	156582.51868147333	156655.4305920531	156751.987300271	156869.12184178975	157025.7996919811	157178.78545313323	157350.28061145937	157546.2342683532	157728.84476797364	157969.6649271591	158181.24420454202	158341.87004959956	158577.9482227022	158752.82699543738	158973.76888135308	159093.8929182375	159179.85787542665	159241.73907139618	159315.27469320668	159650.30221770474	159144.27173648565	159013.1583534425	158329.77544851112	158371.3992409922	157835.07512927178	157132.91658522683	156865.8948428054	155079.80241880036	154100.87185208517	152679.3583032934	150793.13270118815	149186.37377373077	146900.37946633913	144711.5001156667	141261.04911900655	138112.61093193426	134335.99229678023	130016.50947299442	125121.23437278328	119557.56184890779	113248.04391489428	106079.57086506533	97901.61575172708	88554.7383666616	77827.67210631832	65570.3015553192	52508.521820667724	40067.29987919828	27623.746293354343	14763.893296025577	1233.8216015124344	-13189.86332229161	-28888.943144565157	-46546.497848243394	-68098.61008795371	-96489.25028741366	-110268.90964474477	-123596.64558470761	-136806.48379875353	-150014.15760429195	-163022.4002212023	-176116.94118414973	-189101.84016672743	-202372.85631336848	-215211.34661158614	-228108.83768336358	-241568.56076013218	-253878.5208826658	-266794.59091071354	-279822.783554735	-292457.2090585888	-305019.7609128858	-317927.67052847415	-331263.1813514363	-344640.0270921142	-356412.760793393	-369265.9597735124	-381243.2332151258	-393465.2163954985	-404809.66860366624	-418252.0973035305	-430157.95935658814	-436372.0454988322	-453695.77413164364	-465240.9410393182	-481403.3483576298	-489392.4321279367	-502399.6933933683	-497951.9715964809	-531517.8800374346	-535489.0692465038	-552947.1498491568	-552590.0599223064	-558718.2144608612	-590097.8632738316	-589902.484273711	-605588.6218044041	-614401.4994155013	-642028.6972018243
160357.1851261202	160374.6306857658	160416.88604203117	160486.8131116674	160585.65417635016	160703.02342918306	160835.08672315447	160945.11860810127	161178.6261071904	161368.16015500267	161584.019667915	161786.60115335308	161999.3536182546	162218.0937032829	162403.15713196032	162593.30779224602	162775.10902800236	163243.10957161395	163089.55166343116	163173.11494152615	163450.411117396	162474.22358633456	163163.32283211296	162960.34496227297	162652.0341740424	162085.42434079823	161928.0065624137	161437.21094616718	160589.92508386954	159593.321437846	158445.4095030313	157253.6369138186	155782.11789622967	154283.81643007562	151952.15057164553	149945.95336095552	147320.28431867488	144005.68024614273	140484.0347896309	136484.89095852914	132049.060724855	126975.84581375308	121227.1039212328	114719.28707206523	107336.93664795265	98933.53655701358	89344.714339589	78359.83567508982	65833.55953464916	52508.577507631766	39818.73174032537	27063.452081096533	13891.37144692574	10.613124756840989	-14816.362393713964	-31010.466628731694	-49357.825503561355	-72345.03912655401	-99391.29210647341	-113207.91706580116	-126683.86484169165	-140052.43776757774	-153362.85774833133	-166526.02227495686	-179807.5891601298	-193092.06923835163	-206156.94332682752	-219213.31142198882	-232393.79506356164	-245056.74048212077	-258418.23266959915	-271302.2194949796	-284056.62724623387	-296803.9377311613	-309604.4836224818	-322345.22577502	-334871.82581371587	-348013.7247470901	-360794.14400258224	-373232.04536140687	-391539.62161325844	-397031.5843958384	-410832.81951640494	-423483.85265593295	-435510.9756723615	-451354.2242072571	-460939.70616499963	-472638.19798019825	-484378.9619002124	-496128.909437353	-506255.42090291344	-516943.35814912815	-530943.2641766819	-543537.8182152724	-542551.552144858	-571454.9663682863	-570527.5843902945	-588942.4405142465	-599202.0522904103	-607134.7079790393	-618436.1618666376
164225.1938237462	164246.11160127976	164289.87264304893	164353.79255686933	164449.22005841677	164565.39243746537	164704.39946554584	164853.6418706588	165047.6909067675	165253.5988872483	165442.33833934742	165630.64802767115	165869.4122838304	166011.2218400158	166313.44264133822	166483.30372332904	166675.8614796446	166836.9889296302	166975.38545571337	167161.98336217745	167208.71940323987	167193.38818523067	167560.15005292252	167132.5535291122	166703.20153383928	166569.53469201585	166170.5044665677	165502.27990045102	164929.47314380395	164051.8201233431	163328.02411847695	161993.577911467	160562.72022477555	158949.39329871198	156941.9267708299	154907.29542004055	152698.5470308356	149683.7361714113	146429.7282181814	142901.38382823684	138738.263941498	134078.66512164508	128820.32994516083	122891.8645323515	116184.77858456358	108589.83475139912	99961.22499396931	90131.6583956214	78890.30973340501	66096.3260320462	52508.63438373449	39547.095359542116	26501.40082229831	13015.12276098624	-1221.082391373464	-16458.52468492181	-33163.53268790917	-52244.4779791552	-76990.25397961179	-102213.84781322596	-116120.06543702332	-129747.40904290229	-143260.38125625136	-156718.17244690988	-170031.95352882685	-183428.81739660277	-196805.35692611634	-209881.2764351902	-223239.30631189633	-236221.04388596918	-250092.455562427	-262571.2132811479	-275765.07698880543	-288770.02231653244	-302656.8762414707	-315703.7677214553	-327751.2275966018	-340337.3275534801	-352490.074468814	-365768.9540653364	-378186.67098770774	-391141.9071451434	-402253.5606752918	-416246.5769297638	-428306.823811718	-440406.4404188167	-453192.7166039105	-466215.88515430916	-474059.574450463	-486825.99491329986	-502573.924518004	-517831.6275412718	-517937.50989880605	-536696.751247998	-548358.0618543753	-559809.0267180293	-571513.0879673667	-587378.5376748723	-592950.9817309291	-592105.5351457365	-612417.949347775
168137.39121689572	168154.00342349923	168195.80575968663	168262.26729754347	168356.72010245145	168475.95743949804	168599.21670013206	168764.35772523476	168960.8193605384	169126.8714393217	169347.5667019282	169556.08331444178	169784.8164733098	169917.04167095193	170197.52541792928	170400.75652950307	170615.04859466027	170807.04605464207	170852.64827432125	171115.22389438548	170916.30456451012	171338.46892315563	170450.13593823137	171076.29592784634	170891.95047642634	170712.0788918294	170287.38705577987	169745.34612082056	168993.04786935914	168476.57451232144	167585.8115561981	166208.7944930364	165281.2692566311	163882.30440466874	162087.37654320482	160048.31805074308	159119.51955918426	155487.94184238493	152274.25231669273	148969.5415068947	145176.74688989157	140909.47209757188	136094.19114049216	130670.28382022202	124549.05348436313	117642.85714745562	109832.97991789569	100984.81415040826	90915.61562717106	79419.1032353157	66358.36094779428	52508.69470567067	39275.56587910699	25938.2945051484	12134.994121690397	-2460.353814770875	-18116.988760305627	-35349.84482703131	-55215.005221607425	-82275.5531247794	-104989.0065320488	-119010.41777697814	-132792.02131749727	-146482.40224327118	-160047.34190937897	-173577.69828759445	-186985.24166796196	-200296.38183141785	-213801.07318336156	-227274.14866070627	-240557.56664430466	-253409.40957711934	-266800.00729346834	-279899.60335826257	-293157.59228976857	-305897.8795870908	-319147.7054930342	-332319.77839304815	-345954.376039928	-358520.31644059124	-370511.82186477113	-384007.4318184872	-396098.87444283743	-407804.5921619749	-419706.40725947847	-433486.1032418362	-445864.0304197574	-456783.0020838136	-472691.4756971951	-477478.13941561134	-492030.4810304304	-502855.7777378193	-520340.56367454486	-528306.221431734	-536846.3065390845	-560262.4250799174	-575092.475228277	-575475.6466211237	-586122.2957047775	-588840.3039531738	-592805.4461642362
172078.5510064555	172095.09157700697	172135.04984249268	172198.66665012302	172310.58459346867	172404.69659802743	172536.2616388665	172696.34430834395	172914.60134084208	173065.27418404535	173255.962319064	173376.0859279918	173657.511448475	173898.2945643525	174123.03333258315	174312.9344676279	174482.29057620483	174681.71545131534	174930.26390038355	175157.05269589747	175111.51435080712	175283.13778035293	175289.86365269282	174958.6122818112	175027.32257923268	174942.91978287068	173664.51635629003	173989.8788690358	173776.98940381233	172893.66584048007	171917.0476909334	171897.96984538838	170116.8375001318	168230.03004173998	167322.25715906924	165173.1402123635	163150.93733262835	161692.56950442708	157726.03159663227	154969.97880828514	151470.86580183276	147491.92573582206	143090.6527940138	138109.56729976175	132503.30207824812	126200.29194838	119099.83277518756	111077.65245131828	102004.27215019392	91696.30250763032	79946.08263169794	66619.79791069223	52508.756700829894	39003.31470894246	25373.835496228043	11251.051619211561	-3708.3399957781658	-19792.318216769898	-37570.94564994125	-58280.08326031768	-88703.05349036897	-107727.94704472084	-121878.03396916424	-135794.05024120197	-149663.82559198586	-163383.6987604778	-177068.3674936874	-190621.16186034004	-204320.11517891078	-217637.48660606905	-230872.91635401026	-244350.43976499495	-258244.91120832303	-271160.7251747134	-284311.5374677419	-297111.015274991	-310162.51671366283	-323073.65062041424	-336212.25679445424	-349237.97439811786	-362099.29414782114	-375325.7962624116	-388539.5721811318	-400666.0164848595	-412828.79485124716	-425386.4788485268	-437864.74721743	-450367.20253766474	-464055.20266886806	-481146.6664018818	-485617.45490399114	-500040.2360470894	-509898.3090729592	-518386.6117477639	-536061.3015129429	-535564.1762011556	-560176.7573691441	-567411.056601028	-582215.4738686599	-585131.1890039563	-624582.6013717584
176050.98824198474	176066.30789200572	176105.64840345527	176168.6774641228	176265.51399974915	176376.65142820624	176496.96573030477	176648.48520836333	176764.2311505062	177014.0266532802	177209.76725187825	177438.79300487775	177699.16819608703	177877.95864870495	178049.86682308395	178396.31211020082	178528.18521031277	178615.15004150692	178837.93812078884	179007.43717712528	179069.42209459713	179098.0435791139	179026.900672535	179029.63479879015	178994.56590155957	178998.1219965645	178138.4125425403	177208.18866026396	177692.43811473594	177158.82924930524	176408.4764932106	175478.5584028741	174011.62736824475	173028.9718241861	171830.10250803008	170107.6669740103	168540.78569400444	166005.0840228973	163668.43657112756	160820.7136553155	157559.9875241748	153717.4816293241	149873.9870174012	145254.56503751443	140112.96516356763	134331.94824969856	127841.77115512546	120545.2535303029	112315.20377025864	103019.49924694875	92474.36667617859	80470.36248791707	66880.52951791129	52508.636234516685	38730.78144519977	24807.379240794893	10363.245830395637	-4964.757947033329	-21484.824633050477	-39829.426628140674	-61453.34428276098	-94433.40335022763	-110436.39923165514	-124720.17497476956	-138810.5230066026	-152804.93229534017	-166666.7380095105	-180449.37979091253	-194296.17161826228	-207763.84998057786	-221368.57507190763	-235321.62005582763	-248323.56589928357	-261647.60519922306	-275245.56737282773	-288279.8067843513	-302401.5160934124	-315836.811193967	-328446.16033160075	-340965.5240729893	-354432.44972906954	-367152.00524753233	-379873.4274460728	-393239.0326184206	-405041.08348285075	-416717.3170691602	-431259.49219868885	-436704.17829783406	-454648.0672243932	-466303.3426206656	-477316.5931233152	-491348.6130678912	-501223.45651357813	-514112.43947767466	-519566.5788117584	-543593.1850224182	-545820.9429223654	-545148.5409908537	-571351.437576422	-581270.8658333998	-596851.3308058216
180052.12397680897	180067.41451225834	180107.78013626637	180168.44083481655	180253.3987430465	180367.4766903576	180487.81091438842	180663.12468816421	180779.14319826488	181017.04849781055	181218.0244383377	181420.916293637	181603.36859755006	181781.06759834263	182026.99383507436	182342.64246206678	182443.28622497915	182659.67871294238	182858.63004785054	183493.68960359518	182425.42155225814	183067.77549683565	183370.73554552463	183196.37276117684	182436.21466214498	182001.71969800815	183244.6562950515	182430.1980775586	182076.48707196553	181481.0083377902	180742.147417113	180042.0496496511	179329.5034746101	178280.89077817224	176615.74049042334	175172.92185982649	173505.44066813553	172209.02343927464	169024.34176067804	166488.77857788512	163473.3134883552	160192.50566407596	156157.7602089498	152149.17670005228	147401.99144281767	142101.64811052126	136148.86140062608	129478.58447112463	121984.91545740969	113546.489898119	104030.65752208751	93249.69599381683	80993.59986653237	67140.92978616737	52508.7109090242	38457.94092405244	24239.369573687494	9448.748882357118	-6230.373916322453	-23195.285451912758	-42127.47136531805	-64752.61620657047	-97758.94533766451	-113118.64602529164	-127549.6506708973	-141776.75140853372	-155905.0067603615	-169854.89916253573	-183811.6516745025	-197590.5256345405	-211329.31830720513	-225171.18459020744	-238549.72702970804	-252525.14888547437	-266166.6288664886	-279275.02794685337	-293200.9059034743	-305906.8086895342	-319178.658279543	-332787.1783069936	-346986.18349611276	-359314.89049520175	-371305.25456400163	-385130.2561100936	-397481.0992651346	-409853.12530832173	-425684.9108715663	-435076.42940966826	-447372.4937341337	-457108.1690599282	-472516.1692583373	-484632.9175109474	-497786.3549346603	-507304.24457528524	-529267.4459770619	-531180.4517246382	-546762.4451118016	-560287.4042574333	-563275.238755889	-582984.2736545173	-584161.6079304649
184079.48851148825	184094.00440112565	184138.01920932485	184194.8988406814	184279.06180778737	184401.1282695599	184505.83351025928	184672.126945768	184825.90945199237	185021.17348570417	185209.51600305797	185438.95064463047	185643.97483122163	185850.53105226072	185980.23035479884	186551.9535557276	186435.0528130707	186518.77280942159	186820.39205496514	187018.95110158063	187084.2447427859	187385.62206936342	187148.99956134747	187790.68239044477	187395.15243552031	187484.51173174963	186968.51850292442	186433.48658542248	185662.75790907204	186103.85639173875	185541.31493619474	184850.88646105287	183668.87152077508	182795.0838243084	180845.0029636252	179817.53918190562	178594.95188323682	176563.28867597575	174707.17618029233	172112.68504208297	169177.35397526977	166110.0244415471	162716.13194426626	158745.5859027806	154424.3999853392	149538.98140007892	144095.12578196375	137964.25927983213	131103.41100152308	123419.52585910587	114773.3043017938	105037.59543731081	94021.71020973788	81515.33967254643	67400.93076251491	52508.779953685415	38184.62859204726	23669.834901133174	8550.837756113178	-7504.37297239271	-24923.501575897302	-44467.61387090309	-68202.19975638654	-100549.79637776763	-115777.03097118001	-130349.90405347562	-144728.7263579241	-158974.78201884506	-173044.6006845026	-187158.37944151464	-201213.1630143341	-215063.93688804546	-228934.31946854477	-242838.9949606931	-256021.0677863719	-269774.94108102436	-283737.30379043694	-296471.46620509704	-309709.7761131499	-323079.9878707001	-336335.1471015361	-349643.86459313537	-362743.6691383069	-376514.69548738655	-388530.1138078161	-402252.74538857915	-414597.98716242396	-427817.79871320975	-440555.21042667335	-450721.2021756253	-458200.77906264475	-474322.0419854613	-485188.8950875607	-507443.5902644303	-521522.88268055074	-525167.5474951665	-535911.8670489939	-543976.9337646542	-553379.4628939743	-572703.7186314715	-566759.3412909592
188131.48313135345	188144.74564185773	188185.33865764068	188230.95675416556	188330.8022404411	188436.98459906297	188552.1442143182	188698.86067052858	188878.28681977664	189071.1525815961	189255.23800619144	189480.2064215846	189644.04541682656	189860.71073355433	190051.08430343398	190321.37299288018	190422.96976814236	190809.07458744262	190946.15486651153	191079.4846783201	191433.46894971177	191358.6667151588	191239.90671230425	191640.19320707416	191773.08236826299	190747.60792731022	191248.57353020116	190638.600806795	190605.27198308718	190856.76282160415	189570.61799161666	189018.44928856898	188508.80945514183	187349.53965759085	187289.79298794718	184645.09336897748	183129.4468514906	181748.5485398954	179650.85147789953	177584.80176554288	174627.12915807526	171685.0502547777	168876.8832774561	165354.938630867	161208.92019912088	156751.01304623467	151696.56694997736	146063.80324377725	139767.41398557968	132725.0539012063	124845.72682008852	115992.75758564094	106040.40317103546	94790.8930325234	82035.25913422642	67660.67323907494	52508.84293782382	37911.12745098825	23098.715648868238	7648.988681209565	-8787.228051310696	-26671.463860791235	-46853.20379171433	-71834.66423103935	-103174.40059912915	-118412.63590770186	-133129.24389996313	-147666.3929929856	-162045.63788948077	-176316.9282665128	-190440.69857362044	-204633.8629786205	-218604.29670033886	-232334.3950966416	-246208.05525049366	-260513.97519644792	-273802.1237129738	-287170.21428226435	-300915.93609493005	-314736.2638131482	-327801.98026607215	-340839.07012478507	-354074.22613550216	-368350.1345834287	-380453.7651392894	-393069.38510133413	-406393.2092064296	-420157.99355603184	-432667.60811134364	-444772.8414720969	-456909.8289907738	-470972.8810363917	-481250.38544102584	-502893.0230367504	-506135.1052762289	-520523.272027002	-525665.6711878859	-539016.3359957936	-557640.5417620277	-562241.0845167171	-584405.1593060314
192205.7876347856	192219.78250100894	192257.2741092757	192313.37877083436	192267.88841352265	192509.1862175883	192685.9428805476	192762.69201304705	192926.9403387545	193107.74017243122	193329.55427865428	193476.73903463388	193863.77848989388	193925.85894885537	194103.76083665082	194286.42727565276	194649.0263791308	194843.14003815548	194653.7147149896	195077.36692479608	195289.37458470953	195398.12657007255	195481.271787607	195413.5231056302	195432.27719311428	195516.2870830578	195937.03739993303	195131.8078930424	194287.4640753356	195043.02556975593	196206.66609958984	193468.49727797596	192715.38978345197	191719.0149375075	190667.77121173154	189570.7922530144	188401.20662739052	186809.74282280094	184780.57638212736	182885.09320082515	180396.03132723068	177810.88461777946	174876.19843456906	170995.69721770874	167845.4755928922	163638.8805003502	159012.49251106085	153831.16956521157	148030.15182320058	141562.5061309322	134336.16854064964	126266.67681556934	117213.3633262589	107039.16641148052	95556.90883748751	82553.62527288991	67920.35244489051	52508.89518164992	37637.16541693284	22526.073103470146	6742.892030662741	-10079.31569416268	-28438.879044661997	-49287.01543533319	-75702.87917531052	-105721.11219984511	-121025.18234630817	-135899.25174462365	-150566.56190506328	-165067.77503025832	-179560.31503276856	-193712.59673418594	-207861.14731605232	-222189.6990691633	-236345.02089653545	-250001.815921637	-263753.1583613718	-277785.72875028674	-291615.14675024943	-305652.75558322977	-318963.7773663322	-334263.5056543294	-346784.9011080757	-359651.5333535375	-371850.0721805867	-385079.60012406524	-397468.82518565067	-410721.6395846984	-423756.08994511125	-436383.40933824924	-456223.11654440727	-462476.8377837821	-473843.6069808295	-478440.5209137762	-497499.8367728256	-513036.75639578793	-524129.81153823953	-538273.8046872611	-542958.5698230772	-553738.4471266046	-571882.7295969022
196299.03418766242	196311.36383532913	196350.8123330386	196421.7607248149	196487.12314474952	196597.42811356194	196704.82007792674	196876.57914083457	196998.60086996033	197172.83710031077	197246.03924996377	197590.0185357771	197702.44952768646	197991.99600121396	198324.26183668105	198378.93143018582	198702.0838883858	198896.11951913574	199006.0107309989	199305.82301231546	199005.23643422517	199626.64294967495	199631.75090702905	199799.368179955	199728.7494336514	199380.7943594564	197023.58214419405	199618.98150749097	198607.9277896462	198484.41266263666	197661.58736936498	197901.51826120255	196902.97790136508	196686.6848827693	195598.5054536661	194680.35064993723	192713.21406423487	191353.68285165535	190201.20384788007	188517.81562939752	185458.00036884093	183417.52498295478	180364.2037807458	177474.69177369453	174255.67958576797	170417.52898835455	166063.4964155869	161265.1105129473	155947.8260132211	149987.25029197225	143351.56816165237	135941.3872692419	127687.71999896358	118424.93633756158	108033.71181389311	96320.17798318854	83070.42200107756	68178.60067364384	52508.98412829722	37362.86095207342	21967.791073995817	5832.569590331288	-11380.696792821982	-30226.649461243884	-51773.14196504984	-79887.4715775376	-108212.84720228869	-123616.94669923346	-138630.72525373113	-153455.48572372604	-168067.73516411267	-182685.33650221658	-197233.48878913964	-211492.27749025414	-225760.91688665075	-239580.87271706964	-253987.54426666725	-267984.60990175063	-281464.44506468845	-295437.98046272673	-308626.5000117834	-322266.1278954218	-335796.50780466554	-349466.78369542275	-362675.3913444115	-376112.5002556942	-389844.14993215626	-402719.88610662683	-415390.2006871391	-431747.6204335142	-440940.06041387067	-454013.6166865414	-464504.650069155	-478292.840419428	-489200.71267378767	-505306.8788778219	-525385.3803996863	-526513.3498625429	-539230.5406681756	-552910.1952893126	-547954.2541341127
200408.68770330638	200423.95412402597	200461.5406737355	200518.7904841798	200595.0698339421	200693.98528779222	200823.0855197793	200961.67641949322	201148.86535071686	201198.63300246163	201455.00718243627	201663.84797933776	201942.01344993227	202089.47846549368	202321.82322761975	202488.83867251285	202670.50140650925	202825.64621743414	203426.06755748444	203132.78815049515	204244.97731820005	202993.4645691487	203956.4813411375	203707.22178152858	203913.86930429997	204169.99196816568	203996.3770906493	203134.31010900956	203430.93642185087	202351.8640513298	203445.33771459077	202895.7837340188	200998.65078738885	200895.95845434355	200302.68611991947	198704.76206231694	200991.48738649214	196176.64643785398	195515.53311753587	193628.9702173713	191528.0043643716	189227.75501450623	186339.97160588118	181884.0540084163	180305.5521750801	176924.90960941376	172939.52721771656	168514.0025424341	163557.19058096164	158055.68370786932	151937.2740597672	145130.001027574	137543.19698001415	129093.12573340331	119628.3160670725	109024.32725173607	97080.71069203422	83585.48106839921	68436.6768767579	52509.056193022756	37088.09990316443	21393.27439745632	4918.120229522174	-12691.082793857291	-32035.81586345064	-54316.78125540353	-84531.80378718761	-110668.87520638612	-126190.26975730859	-141339.87962477794	-156325.25969316287	-171101.99931170358	-185779.35897443205	-200197.22736332528	-214605.93582268912	-229012.66397614864	-243283.78352560944	-257217.12099935985	-271453.9254328448	-285784.5530752669	-298878.7079265107	-312760.8010634144	-326337.21675458574	-339843.235412631	-353280.2751775708	-367199.3074728739	-380462.3296489326	-393863.3784716663	-406669.8529046117	-419146.6743507068	-433219.0067638185	-445517.83089430915	-461144.84181015036	-470763.1675684816	-483003.81771852955	-491662.40356268786	-504472.33260502224	-519378.32378311484	-531469.1299106546	-538915.7939380244	-552769.4541260842
204536.6169634072	204552.77482569055	204582.5726351993	204665.74384610658	204729.71023187065	204816.8742191114	204936.37419608486	205093.4349328539	205178.83705987316	205335.0314127566	205601.0000526087	205804.71896530865	206011.55068259232	206263.08040368743	206445.46945299493	206648.5041806588	206847.30148783445	207042.7869148876	207263.43753258482	207489.02750546875	207634.78560401214	208001.16814994227	207762.04229014867	207978.22304162767	208227.74295947398	208473.2907366475	208155.87747907732	207217.3856683851	207675.15644982256	207217.02977843996	207187.9253398943	206283.38955764403	205289.8483985226	205324.5867812629	204133.36195788893	203137.02256413916	203596.56511386187	203211.1728911067	200569.87057988014	198719.6432848113	196369.1022558618	194634.5794944383	193004.0963283588	189348.88873798342	186569.58806126163	183077.69855133776	179673.38284337387	175502.4758685726	170905.1950113193	165808.7158129629	160167.7717276737	153872.47090630681	146897.53198636958	139132.50252804247	130485.96570500638	120829.90566482447	110010.7778833221	97838.24983963039	84099.91222256521	68693.93854300046	52509.112192673725	36813.81064540765	20817.22269384883	3999.43761849741	-14011.582900532667	-33867.10100294548	-56923.13069605347	-89918.58660294733	-113095.310152558	-128737.51902364372	-144043.40488574325	-159159.1733748514	-174162.5721169273	-188862.24197266373	-203553.84640747673	-218052.75514603624	-232682.55800540993	-246930.65764831295	-261519.36792334827	-275233.5516453005	-288975.0902062745	-303530.80217644636	-317972.253711448	-331645.7328648476	-344827.1584076088	-358300.847315702	-371389.372434067	-384864.938436111	-397845.71347277454	-410537.1773939158	-423169.45304421947	-437589.6531627274	-449598.9788574132	-461959.4803997859	-477496.08643944137	-485273.15014010755	-495673.0346031745	-501047.3727237188	-522203.7175522034	-545586.7146666672	-543741.9983034234
208675.4651712631	208697.1402613975	208723.90136783646	208770.07477741648	208853.79974645516	208955.76964022915	209051.87520418072	209185.42230383883	209363.7794841387	209519.66061893041	209711.35676096013	209929.5328608082	210079.64633487508	210287.21391587472	210420.10846809833	210650.99225240626	210958.7988667204	211009.11202185805	211400.6414897532	212558.52405256504	211998.25072173693	211912.73902406017	211359.79328790953	212720.8454654497	212095.44158215268	211116.73279864562	210800.24803093378	211930.17299926555	212375.03638656216	212402.72042247967	212884.7393510972	208810.60727972322	210150.78890498978	210083.9982324713	209557.51526567264	208799.16679502063	207901.3816023345	206588.92389055138	205096.6733333111	203323.50252892805	202131.1255248933	200012.14825004234	197476.51086378767	195361.06607319834	192569.10403278837	189187.32630243478	185880.29915411904	182233.43247407855	177962.24378561293	173279.83909503877	168044.3664783747	162242.60502312472	155796.60428063554	148657.6351247527	140714.60684741073	131888.68501564313	122025.18329111935	110993.34649387811	98593.11214181007	84611.44461229834	68950.41099218494	52509.2110365578	36538.544997785735	20239.62735342962	3076.944299617433	-15341.864279883157	-35721.40035870331	-59599.31588926911	-96006.23564057713	-115494.37485173714	-131271.95562801062	-146721.58362422587	-161961.41696443936	-177016.63725556072	-191910.5186952435	-206716.07582475067	-221394.26924157108	-235749.92465844	-250098.44571056432	-264491.02085637616	-278939.62129274925	-293407.9134216578	-307190.1486305937	-320890.077138493	-334808.57887915015	-348626.8044218525	-361980.3202371344	-375553.8780533824	-388821.21502865927	-402704.3835549374	-415518.1343753789	-428203.79470516986	-441112.13578599965	-453943.03926955856	-465741.29756399116	-480069.51098231634	-493435.8676231446	-504083.2232446777	-516105.97676439973	-528220.2287298592	-539514.5694186569
212822.7690109981	212838.91308571154	212873.9164601898	212947.3170847172	213008.15387369427	213086.2568784965	213242.14536152576	213281.05406183674	213544.40463650512	213685.45351746643	215949.00677289645	213917.06787667837	214268.15514838631	214525.75811427203	214698.78787575674	214864.74659426388	215019.7705665318	215376.22516209295	215469.31292017963	215716.26049545762	215978.90521236966	216228.3456820431	216035.20049340202	216112.71086529785	216381.1824869447	216080.7845308903	216368.45679919294	216897.89051066828	214435.797055815	214957.60569846607	215206.1240091875	216770.68959249993	214608.0639545825	214491.5815600141	214335.5684350846	212861.88459896384	212664.51239402435	211607.77400592115	213318.69846194464	209038.44325095968	206848.51448410226	205513.7241399745	202767.22665281122	201080.91211927828	198736.28826041176	195413.22018135578	192548.56442651636	188375.59643570578	186140.57975316775	180502.01868793863	175649.06135560508	170264.1718272615	164318.6784919359	157715.7821387467	150406.52124271722	142288.06820835272	133271.5191840814	123213.3111461578	111971.61658723734	99345.25891273841	85121.27239682182	69206.56929390138	52509.287395999854	36263.14915522022	19660.72065343312	2149.459175442782	-16682.386790752847	-37599.252649680595	-62352.67023804269	-100148.67960584615	-117868.87311935922	-133782.91987439716	-149373.9458213025	-164757.09775756887	-179893.93189741316	-195076.8499116366	-209789.30480773596	-224677.5073010989	-239728.82589011965	-254306.83041748358	-268489.59348962485	-282413.94781266485	-296674.00184030115	-310334.3398282042	-324228.81254623126	-338209.120747326	-351934.66548806726	-365791.4439124134	-379605.2308631703	-393174.79571886937	-406391.93185557704	-419780.48869932146	-432855.15374866937	-445671.3492887858	-458985.3409583943	-471201.5328514961	-489850.98394399957	-503208.75338185544	-508468.56184831774	-519768.3753980749	-539928.4663092191
216981.82616547012	216994.60871187295	217030.86147909926	217084.19828309424	217162.36181419023	217273.604498466	217410.50084535233	217434.02450083705	217677.0110628676	217766.53754031868	218010.29536399728	218244.78043268409	218390.01947716414	218758.77199317454	218533.6451957687	219076.61842401218	219255.22966013444	219568.6052490343	219646.94589490243	219463.50960219727	220070.839499645	220437.02920527503	220499.51773662487	220427.91277002956	220923.67245055945	221303.05604987088	217651.82151182916	220508.2190429815	218786.45344983	220564.89605439833	220983.04325588595	219490.95683093113	219704.85575875168	218983.55697856168	217262.68749811396	217801.12954724446	216713.8616821902	216743.11258800403	215263.90208229906	213327.68230815168	213086.66620420897	209702.32959345827	208752.5023084471	206161.76337067183	203548.5393875488	201425.42724886985	198793.94689679	195400.39680109028	191426.3263619843	187511.05088729947	183013.0247095669	178007.31120332453	172484.70534888917	166382.75344497757	159626.63637160655	152151.3199038208	143856.87858016306	134653.9731743338	124401.28627083445	112946.13008564635	100094.7211460112	85630.3678596958	69462.4271043854	52509.2691833445	35987.214023963636	19079.89896022083	1218.046717423218	-18033.44718282466	-39502.73732464641	-65191.72934160713	-102980.05225411837	-120222.25587668549	-136275.39872279303	-151998.52783487886	-167527.67390697132	-182868.2517554448	-198010.33132323003	-213118.6001724636	-228025.4546688457	-242369.00892026545	-257099.7486893522	-271691.10214345535	-286466.5830099992	-300067.7814504281	-314409.02470935753	-328368.2704031265	-342228.003486043	-356134.9631735979	-370409.2820319452	-383792.3301073891	-397096.71400795906	-410332.4197817003	-424257.3050539626	-436278.67130689014	-449266.0612374686	-463794.84565711993	-476081.1399005411	-489019.30045663787	-504213.13456047815	-515349.88940019236	-522761.91869771475
221145.0372131917	221159.5179168047	221195.18961745466	221260.29962466218	221355.1998959331	221423.75808663268	221555.14662998426	221636.49246474786	221833.53225917983	221418.68559818657	222116.95742814135	222337.0741516431	222569.402683464	222785.25627377542	223281.49114071229	223210.80234871205	223365.73683987983	223390.56007607136	223520.61593953636	224079.8742411921	224017.45904230533	224548.01289670094	224229.33544842506	225235.4329315696	224888.69931061834	223886.07462604847	225261.56179198544	224634.1163121195	225542.96247296513	222277.3264209897	224068.18803096574	223735.4774843988	223434.1329564625	222551.56969129114	225975.3201427842	224917.69102224574	222145.7904047948	220324.51371448586	219517.66377430508	217346.9195923225	217491.69208317634	215619.82646996697	213623.12287811545	212371.32015544834	210209.97041542316	207362.12499308598	204366.41064552026	201441.2871889489	197995.29915226746	194118.18430301006	191289.081403426	185466.82453608984	180343.12486371928	174683.8713284448	168440.45547426707	161529.89444907644	153887.67955066293	145417.0697120665	136026.70602308848	125580.21543738456	113916.61267582624	100841.40736959543	86139.31712579628	69718.18866501149	52509.24512941105	35710.98972454839	18473.76836161656	281.7585607675428	-19394.901028732012	-41433.88032001391	-68132.57342037876	-105441.25160413375	-122555.62878049465	-138744.52458113752	-154608.20406464554	-170297.3350486099	-185763.1422808276	-200954.62544584935	-216065.39568557098	-231063.39657436614	-246191.80546496392	-260705.36603252165	-275334.37858221756	-289507.7416412809	-304398.893489583	-319419.7100452099	-333522.15119203815	-347374.15721627953	-360948.5232611339	-376395.9230638537	-386028.20250992366	-401160.323603271	-414433.11119968543	-427914.93726439093	-440642.0595418708	-453776.9156677355	-467034.27911231277	-480015.7476990675	-489971.09448486794	-505781.74814862915	-523190.27794620144
225311.49795061222	225322.89218052587	225369.88531960145	225409.6383649011	225480.19987715466	225564.90756901313	225684.40719802977	225819.61235031782	225954.55575232697	226191.6166514788	226274.95681198922	226510.61940609018	226585.44725013233	226917.9736199879	227054.449057976	227364.76951534473	227621.19182885758	227768.42628533643	228056.08052853605	227294.46639969212	228200.3329610393	228574.90527383474	228579.72045953877	228858.74110586493	229990.12514203758	229718.59286000545	229032.93308876563	229410.17434996105	229351.07792610984	226491.67505499936	228837.9846374906	228699.38800592796	229181.81722336228	230109.86508154462	226605.3327422854	226979.48741605482	224504.8038166763	226116.7297288818	223982.16227906785	223233.6037706316	211389.54041883687	222184.07164815336	218509.99417180475	216953.62383208028	215343.16002658173	213420.04019646667	210637.30873106455	207416.94608782465	204593.99140379234	200978.96050384984	196973.63885605382	192691.36270197527	187929.5685369402	182691.18784789316	176880.99091417686	170482.97101059975	163412.76306595694	155612.18151699932	146972.3189972621	137396.2554668368	126755.45394938724	114883.19788248057	101585.42935516161	86645.3807220782	69973.35707325727	52509.72905894005	35434.52484547443	17888.541027727915	-658.6067841882177	-20766.956021822727	-43392.61706331509	-71188.89363631175	-107769.76869950676	-124868.6978227167	-141199.7951732578	-157214.16072646264	-173061.80255168708	-188597.19409330265	-204101.27075800044	-219275.8413639649	-234497.4913506755	-249193.57346611388	-264193.7899527192	-278797.139122634	-293382.9524553904	-307926.9664746772	-321918.5342153233	-336151.9241740576	-350146.79806005064	-363685.5989579616	-377942.9739657791	-391765.4313916555	-405240.50220911024	-419668.6921406571	-431665.9979594942	-445114.5432001547	-458705.05824100954	-471027.51015516726	-492004.8498224026	-490650.48669175693	-510375.1256695203
229476.11909183333	229486.7610169956	229525.6499352351	229572.88762072395	229654.58800304716	229729.8944902757	229856.44885159947	229938.00755589968	230095.96894774755	230255.63175793004	230421.1391769338	230682.41697745316	230837.278307902	231068.47659357364	231330.34459174838	231412.41740345664	231714.6760293818	232295.76967485546	232183.57963705063	232372.12468861922	232527.48699124972	233304.35329690145	233521.30504481998	232660.17964121507	233401.3531531497	233787.6116661129	234678.06409016837	234852.1453676048	233054.46439923404	234271.6044770092	232910.9331964198	235103.100148177	232772.535703842	232739.5868382079	232336.5417858748	230552.64580403682	230911.6167433792	230228.9774576791	229425.1546135196	228275.11208161712	228840.04034455708	225887.6906865291	225033.11801544443	222754.28718592675	221139.37597358658	217858.9697234538	216437.7823002598	213031.20537743188	210800.3128995315	207604.18881576514	203983.08429757197	201060.65238677763	195278.35430850537	190378.49416670098	185001.87031576078	179054.0791376336	172519.16251669655	165295.7550267984	157327.84223975264	148511.78361594648	138764.40677945764	127924.13732373918	115845.8480597703	102326.96230339928	87150.1425777286	70228.11716975298	52509.81595603569	35157.710858051054	17301.723409929895	-1603.6865982802992	-22150.34614304715	-45379.18120553275	-74381.77712916394	-110014.92418386706	-127163.00677255608	-143638.21816936688	-159811.48879711612	-175684.59322941376	-191420.3036058452	-206832.42864501654	-222324.28799053116	-237285.7069626429	-252294.8641768028	-267287.14555075375	-282273.0405975603	-297007.7595736159	-310914.7692452783	-325077.6696356551	-339352.0178017992	-353446.95592196897	-367924.99047245865	-381695.4217789481	-395453.4560150904	-409015.5009763451	-422100.6067067248	-435886.68858439656	-448374.0116069385	-462278.2735628965	-475267.8798489106	-487574.5872741327	-497926.9850422721
233641.4064797093	233648.59375732683	233693.3244583121	233757.90454487968	233800.34381478792	233893.32155382377	234049.27986639136	234092.85233968933	234286.74862393283	234302.95116549652	234618.71003890655	234807.46621142523	234966.3503903476	235315.77997836017	235476.3912559106	236637.61011091032	235793.02928346384	236562.07929649245	236294.05230933288	236401.23171791085	236519.0001822511	237330.73979785285	237473.04228813876	236367.65260300704	238112.6752255133	237919.91535902122	237395.74228976172	236656.48664311745	238335.32282315218	236836.05335812387	234091.65289364004	237077.27925903368	237035.92286644003	237307.5490807637	238611.4665882415	236499.2574759209	236608.98559353268	237149.20350088	235205.620723392	233705.30909210985	231820.5636307997	219832.27282771404	229510.96840499627	227140.3055205801	256216.2959564734	224306.46696016676	222740.78549123643	221602.47566773923	216260.27791099745	214044.9294127819	210206.60368585406	206522.1776841535	202355.02496392507	197812.5983258895	192823.5071795709	187479.09940566128	181226.3793082608	174540.20696785377	167166.37902884715	159037.69633779937	150057.07768869272	140126.02032695583	129089.05591337412	116804.752406449	103065.7589072088	87653.47028808389	70482.99583792605	52509.85525591491	34880.34586591963	16713.39640706175	-2553.27600324605	-23545.942184486834	-47397.66990162627	-77742.81379403578	-112210.99505338882	-129437.92934012806	-146057.28178240897	-162371.70815120856	-178372.4967603092	-194219.26035653186	-210006.26628428564	-225340.0898557244	-240964.41278900014	-256180.1428021256	-270998.9820375285	-285700.18596259464	-299932.9313422909	-314523.5481976666	-329077.5012506602	-343313.8736043339	-357693.32036778034	-371728.5744369299	-385560.73849755235	-399187.2190098392	-412784.10955135396	-426166.6693200659	-439427.39857488865	-453037.8814688298	-464777.2275495759	-478854.78699587996	-490446.2954234131
237804.89389005967	237812.020423264	237848.8654201864	237903.0783882625	237968.90334100788	238049.44743602286	238185.33923082924	238275.4203267939	238402.76708519945	238552.3800382041	238690.1184960954	241933.23065072487	239147.70479793497	239197.57205215935	242410.5311936814	240152.1550208723	240038.30015790844	239303.37004027137	240348.94213406247	239931.6754928445	239995.06825629727	240922.95393913443	242281.4567350653	241517.84295258165	241516.12479065818	241694.80330365818	242122.3037186241	242112.7321944739	242435.25474307965	241439.68640084317	243005.2434631682	240766.30353379474	240396.54134827145	239450.53817474048	241089.3035648754	240947.80909385765	240766.91443829512	239890.15067343932	237352.2314119329	237930.04293566442	237920.94445886597	235249.22252251144	237347.73479914182	231529.9650351141	230945.09884556086	229685.38904761372	227127.7439857847	226346.04987027246	222458.65230076417	220411.88937710942	216787.88697739044	212991.3765503135	209373.41184145276	205022.53103547887	200372.38797211047	195227.50262454187	189683.3000917582	183382.05817261	176546.88173606136	169023.44553043542	160731.98689863685	151588.84771533305	141471.4295214386	130248.09933171916	117759.83374094503	103801.95316786406	88155.33027381398	70737.214385253	52509.93155224397	34603.062852469564	16123.320141933655	-3507.4701506742276	-24952.394735525304	-49448.00899063263	-81313.80359392177	-114368.41119282786	-131695.40113576135	-148456.1476806462	-164897.62817165643	-181141.30332206097	-197094.49521593476	-212674.98325094188	-228273.04115303437	-243569.08226123085	-258705.73677246989	-274028.34330541367	-288975.16241155454	-303637.8337162385	-319112.4742081502	-333918.87571821077	-348219.91022205545	-361798.60208637273	-375479.71552398906	-389255.4163688697	-403663.70162852126	-418011.5979464127	-430675.5603791287	-442917.9030016634	-457284.17019602546	-470104.14870363707	-482030.6384460737
241956.20496596204	241973.80479861557	242001.50568804174	242047.8205015635	242094.33132801263	242207.12920486488	242327.71231180045	242403.45856189824	242601.4030123655	242773.72472340436	242819.0542681614	243079.45958984783	243335.36465886605	243579.02360874743	243777.4963802121	243952.8504047685	244794.67382980944	244376.49023221462	244994.38192484117	244594.50549312055	244943.71069410382	245205.61808294104	246465.83860682824	245279.16387089237	245793.3360792228	244305.03063755302	245791.01048676524	245764.4597657632	246813.02167879778	243549.30493168643	245813.83342116914	242797.76020577847	245527.58538441462	246190.94908621546	247724.62343069003	247347.71312794043	245709.2005164664	241111.7000141277	242052.4121452528	241678.18726475246	241724.90932355233	242768.02614295582	240219.1712167678	237642.14533103566	239506.16898006672	235419.63604299282	233671.2790085802	231299.9474744912	227876.5333142025	223934.0370003804	222381.6436903504	219337.5298513496	216001.1516016535	212011.61321614083	207740.5664686766	202865.30669017433	197640.8456485577	191864.71216342173	185523.5259774645	178551.03695984773	170875.96078923752	162427.31470692955	153102.08066385338	142820.6399055365	131406.78199287993	118711.35014320811	104535.6951579348	88655.824416149	70990.68103818878	52509.80903605666	34325.18069613856	15531.378399327572	-4466.354637578275	-26370.85801834552	-51534.31200567374	-85161.03505863677	-116496.25905960324	-133937.19130260404	-150835.55125030267	-167409.9913581968	-183689.66048430247	-199694.8587627371	-215786.5983303819	-231234.7102127701	-246799.74796323903	-262111.31802628603	-277322.1303948095	-292041.8471329775	-307954.4044159685	-322003.81658588006	-336318.89502893115	-350731.4102414799	-364805.1949080282	-379257.17287211894	-393227.00542726234	-410019.9534111014	-420479.486883343	-434744.4412535722	-447528.5085796773	-463401.5929287467	-473668.41652758344
246106.85707711117	246120.7489116732	246154.5764323851	246213.12799211591	246242.02085832699	246355.73786676791	246463.33786941582	246524.70056672252	246524.6824175996	246900.90409703346	246204.68641736993	247247.10214021776	247465.66235587432	247512.11231844441	247819.4121346839	248174.03875716083	248142.6354321124	248953.49585199472	248451.83928963746	248923.01065640908	249147.51460139285	249268.24607508385	249582.42001608622	249751.54774210928	250205.80713985668	248578.38964887848	251082.32194222725	250903.3073712031	250115.84260788525	250880.97785475582	249504.59669121163	250028.0710032935	248858.7949337985	250942.28020340542	250940.67287796258	250077.34727935414	244232.20640952347	248809.46974132664	245777.0148576643	248278.58262672427	246375.05592420138	244834.44797062088	245889.77080395917	242682.82112895307	240721.96943619143	241131.9052607413	237547.96482155868	238469.12999865488	237592.99616309826	232164.81912030297	228453.38180109742	226062.3091476012	222313.6441582989	219053.425388441	214679.10111787106	210353.72144110926	205446.3290917346	200036.4096561001	194167.8688498147	187654.44268105872	180528.7700125262	172713.22682193946	164107.62476368056	154626.04212796153	144156.44416542992	132555.4162658527	119658.67137280799	105266.9240075231	89154.88245854113	71244.05213501601	52509.5950917649	34046.945678387885	14938.583799722226	-5429.964022597793	-27800.689814951795	-53657.54503634339	-89391.90041066639	-118599.36745106097	-136158.44113660732	-153194.98294353686	-169912.6735709291	-186320.68226634542	-202619.93100051334	-218397.2819453617	-234289.1786116339	-250196.0427545503	-265455.4212769808	-280650.4101922644	-296044.38870567904	-310314.40758128156	-324824.2907727905	-339487.56221416086	-353969.2495083918	-368831.5733394881	-382782.9244591118	-396896.08747592114	-410360.3947103613	-424346.498656973	-437529.1779781733	-450927.734719473	-464088.20845199074
250243.43188105404	250257.91837819322	250286.2916732841	250335.89189376225	250420.80178568698	250483.67450758448	250567.7597099952	250698.4696355364	250806.43098215733	250974.0543153815	251030.4664898159	251294.69028759375	251520.64345737893	251815.300658979	251837.27430694873	252166.09615255042	252539.03262648336	252458.7056479694	252536.07582340785	253397.74314718874	253364.92097228626	253529.7170260304	253707.9819488313	253613.4717458195	256166.6450908507	256456.81757269584	255312.51722023016	254412.60861785742	250773.92182792176	254314.48641854193	252546.29444314132	251584.06970107323	254809.91878714773	253592.30667421845	254885.99667649713	255189.25509765698	253756.53796498216	253055.92430358188	255279.8112165273	249696.95423523884	250208.5486946138	250297.5555304016	249859.3061583095	246952.91054436873	249562.8254361329	244998.90047142003	245563.45795319515	242000.15117841045	240468.44639498735	235740.39723472192	237248.52169376472	231844.61830667016	229370.03828462417	225276.10041397967	221719.26785483578	217491.91363627132	212910.45380790118	207966.93472326075	202436.77175958955	196402.3281936008	189779.15564765717	182506.82775405602	174543.4682757061	165781.3971463116	156135.92129977123	145488.24546532024	133699.90273271804	120602.6226958796	105995.96529993764	89652.44412838359	71496.99344487808	52510.16065122874	33768.416469394346	14343.179206867178	-6398.248490731086	-29244.205568583246	-55820.60140912421	-94183.65963561085	-120678.65167919276	-138363.42151140026	-155534.00802799207	-172393.80256338176	-188960.4938762302	-205165.14326963617	-221397.08518489375	-237198.19762813172	-252632.75572725915	-268181.94576423755	-283862.2321899307	-298925.7818448339	-313451.5451685369	-328369.547701255	-342985.138801561	-357806.3018064949	-372172.7131244941	-386532.7775649359	-400184.64755792514	-414133.5335900522	-428419.6850132389	-441600.37312141235	-454962.5659438123